==========================================
SLURM_JOB_ID = 5298007
SLURM_JOB_NODELIST = b22-06
TMPDIR = /tmp/SLURM_5298007
==========================================
Using Python:
Python 3.10.18
Checking core dependencies:
numpy: 2.2.6
gurobi: (12, 0, 3)
[Mon Dec 15 16:47:16 PST 2025] Starting run_single_instance on b22-06.hpc.usc.edu for c201_Random1
Set parameter TokenServer to value "hpc-licenses.hpcc.usc.edu"
Set parameter TimeLimit to value 43200
Set parameter Seed to value 42
Set parameter OutputFlag to value 1
Gurobi Optimizer version 12.0.3 build v12.0.3rc0 (linux64 - "Rocky Linux 8.10 (Green Obsidian)")

CPU model: AMD EPYC 7542 32-Core Processor, instruction set [SSE2|AVX|AVX2]
Thread count: 64 physical cores, 128 logical processors, using up to 32 threads

Non-default parameters:
TimeLimit  43200
Seed  42

Optimize a model with 703550 rows, 728000 columns and 5954600 nonzeros
Model fingerprint: 0x49e4f40d
Variable types: 0 continuous, 728000 integer (727500 binary)
Coefficient statistics:
  Matrix range     [1e+00, 1e+03]
  Objective range  [2e+00, 1e+02]
  Bounds range     [1e+00, 5e+01]
  RHS range        [1e+00, 1e+03]
Presolve removed 678700 rows and 699055 columns
Presolve time: 1.46s
Presolved: 24850 rows, 28945 columns, 174350 nonzeros
Variable types: 0 continuous, 28945 integer (28900 binary)
Performing another presolve...
Presolve removed 530 rows and 250 columns (presolve time = 10s)...
Presolve removed 530 rows and 250 columns
Presolve time: 10.05s
Deterministic concurrent LP optimizer: primal and dual simplex
Showing primal log only...


Root simplex log...

Iteration    Objective       Primal Inf.    Dual Inf.      Time
       0    7.8000000e+02   3.235000e+02   1.506044e+10     14s
   17657    1.0321068e+04   0.000000e+00   3.996569e+05     15s
Concurrent spin time: 0.00s

Solved with dual simplex

Root simplex log...

Iteration    Objective       Primal Inf.    Dual Inf.      Time
   14122    4.6476349e+03   0.000000e+00   0.000000e+00     16s

Root relaxation: objective 4.647635e+03, 14122 iterations, 2.16 seconds (0.96 work units)
Total elapsed time = 15.57s (DegenMoves)

    Nodes    |    Current Node    |     Objective Bounds      |     Work
 Expl Unexpl |  Obj  Depth IntInf | Incumbent    BestBd   Gap | It/Node Time

     0     0 4647.63490    0  662          - 4647.63490      -     -   15s
     0     0 4733.20215    0  897          - 4733.20215      -     -   16s
     0     0 4733.20215    0  864          - 4733.20215      -     -   16s
     0     0 4733.20215    0  858          - 4733.20215      -     -   16s
     0     0 4733.20215    0  859          - 4733.20215      -     -   16s
     0     0 4733.20215    0  963          - 4733.20215      -     -   17s
     0     0 4733.20215    0  955          - 4733.20215      -     -   17s
     0     0 4733.20215    0  964          - 4733.20215      -     -   17s
     0     0 4733.20215    0 1009          - 4733.20215      -     -   18s
     0     0 4738.11960    0 1037          - 4738.11960      -     -   18s
     0     0 4745.36543    0 1014          - 4745.36543      -     -   18s
     0     0 4745.41594    0 1020          - 4745.41594      -     -   18s
     0     0 4745.41594    0 1023          - 4745.41594      -     -   18s
H    0     0                    23070.000000 4745.41594  79.4%     -   19s
     0     0 4788.29328    0 1077 23070.0000 4788.29328  79.2%     -   19s
H    0     0                    22694.000000 4788.36588  78.9%     -   19s
H    0     0                    20862.000000 4788.36588  77.0%     -   19s
H    0     0                    20571.000000 4788.36588  76.7%     -   20s
H    0     0                    15786.000000 4788.36588  69.7%     -   20s
H    0     0                    15358.000000 4788.36588  68.8%     -   20s
H    0     0                    14712.000000 4788.36588  67.5%     -   20s
H    0     0                    14691.000000 4788.36588  67.4%     -   20s
H    0     0                    14681.000000 4788.36588  67.4%     -   20s
H    0     0                    14634.000000 4788.36588  67.3%     -   20s
H    0     0                    14412.000000 4788.36588  66.8%     -   20s
H    0     0                    14347.000000 4788.36588  66.6%     -   20s
H    0     0                    14321.000000 4788.36588  66.6%     -   20s
H    0     0                    14288.000000 4788.36588  66.5%     -   20s
H    0     0                    14287.000000 4788.36588  66.5%     -   20s
     0     0 4791.22758    0 1063 14287.0000 4791.22758  66.5%     -   21s
     0     0 4791.95871    0 1106 14287.0000 4791.95871  66.5%     -   21s
     0     0 4792.05518    0 1145 14287.0000 4792.05518  66.5%     -   21s
     0     0 4792.05518    0 1150 14287.0000 4792.05518  66.5%     -   21s
     0     0 4831.04474    0 1180 14287.0000 4831.04474  66.2%     -   23s
H    0     0                    13652.000000 4831.27689  64.6%     -   23s
H    0     0                    13589.000000 4831.27689  64.4%     -   23s
H    0     0                    13562.000000 4831.27689  64.4%     -   23s
     0     0 4835.63865    0 1146 13562.0000 4835.63865  64.3%     -   23s
     0     0 4836.71187    0 1122 13562.0000 4836.71187  64.3%     -   23s
     0     0 4837.02314    0 1110 13562.0000 4837.02314  64.3%     -   23s
     0     0 4837.16594    0 1131 13562.0000 4837.16594  64.3%     -   23s
     0     0 4837.16594    0 1131 13562.0000 4837.16594  64.3%     -   23s
     0     0 4908.06093    0 1119 13562.0000 4908.06093  63.8%     -   24s
H    0     0                    12847.000000 4908.11404  61.8%     -   24s
H    0     0                    12827.000000 4908.11404  61.7%     -   24s
H    0     0                    12768.000000 4908.11404  61.6%     -   24s
H    0     0                    12763.000000 4908.11404  61.5%     -   24s
     0     0 4911.13670    0 1138 12763.0000 4911.13670  61.5%     -   24s
     0     0 4911.55522    0 1111 12763.0000 4911.55522  61.5%     -   24s
     0     0 4916.05036    0 1099 12763.0000 4916.05036  61.5%     -   25s
     0     0 4916.30132    0 1113 12763.0000 4916.30132  61.5%     -   25s
     0     0 4916.31067    0 1113 12763.0000 4916.31067  61.5%     -   25s
     0     0 4986.92814    0 1032 12763.0000 4986.92814  60.9%     -   25s
H    0     0                    12632.000000 4987.04639  60.5%     -   25s
     0     0 4992.35902    0 1120 12632.0000 4992.35902  60.5%     -   26s
     0     0 4992.87382    0 1097 12632.0000 4992.87382  60.5%     -   26s
     0     0 4992.89806    0 1099 12632.0000 4992.89806  60.5%     -   26s
     0     0 5073.12601    0 1152 12632.0000 5073.12601  59.8%     -   27s
H    0     0                    12050.000000 5073.99015  57.9%     -   27s
H    0     0                    11750.000000 5073.99015  56.8%     -   27s
H    0     0                    11679.000000 5073.99015  56.6%     -   27s
H    0     0                    11676.000000 5073.99015  56.5%     -   27s
H    0     0                    11671.000000 5073.99015  56.5%     -   27s
     0     0 5077.24822    0 1205 11671.0000 5077.24822  56.5%     -   27s
     0     0 5077.63488    0 1230 11671.0000 5077.63488  56.5%     -   27s
     0     0 5077.75565    0 1213 11671.0000 5077.75565  56.5%     -   27s
     0     0 5077.75565    0 1213 11671.0000 5077.75565  56.5%     -   27s
     0     0 5117.89403    0 1260 11671.0000 5117.89403  56.1%     -   29s
H    0     0                    11406.000000 5118.28489  55.1%     -   29s
H    0     0                    11385.000000 5118.28489  55.0%     -   29s
     0     0 5124.97591    0 1250 11385.0000 5124.97591  55.0%     -   29s
     0     0 5125.27241    0 1273 11385.0000 5125.27241  55.0%     -   29s
     0     0 5125.30490    0 1269 11385.0000 5125.30490  55.0%     -   29s
     0     0 5165.52044    0 1329 11385.0000 5165.52044  54.6%     -   30s
H    0     0                    10435.000000 5165.52528  50.5%     -   32s
H    0     0                    10426.000000 5165.52528  50.5%     -   32s
H    0     0                    10375.000000 5165.52528  50.2%     -   32s
H    0     0                    10359.000000 5165.52528  50.1%     -   32s
H    0     0                    10351.000000 5165.52528  50.1%     -   32s
H    0     0                    10345.000000 5165.52528  50.1%     -   32s
H    0     0                    10337.000000 5165.52528  50.0%     -   33s
H    0     0                    10209.000000 5165.52528  49.4%     -   33s
H    0     0                    10179.000000 5165.52528  49.3%     -   33s
H    0     0                    10058.000000 5165.52528  48.6%     -   33s
H    0     0                    10052.000000 5165.52528  48.6%     -   33s
     0     0 5172.32673    0 1319 10052.0000 5172.32673  48.5%     -   34s
     0     0 5173.69173    0 1353 10052.0000 5173.69173  48.5%     -   34s
     0     0 5173.98633    0 1351 10052.0000 5173.98633  48.5%     -   34s
     0     0 5174.12557    0 1358 10052.0000 5174.12557  48.5%     -   35s
     0     0 5174.15079    0 1366 10052.0000 5174.15079  48.5%     -   35s
     0     0 5200.66819    0 1293 10052.0000 5200.66819  48.3%     -   36s
H    0     0                    10004.000000 5200.68008  48.0%     -   36s
     0     0 5203.49893    0 1294 10004.0000 5203.49893  48.0%     -   36s
     0     0 5204.32207    0 1315 10004.0000 5204.32207  48.0%     -   36s
     0     0 5204.55257    0 1342 10004.0000 5204.55257  48.0%     -   36s
     0     0 5204.58766    0 1374 10004.0000 5204.58766  48.0%     -   36s
     0     0 5217.82223    0 1278 10004.0000 5217.82223  47.8%     -   37s
     0     0 5218.94742    0 1384 10004.0000 5218.94742  47.8%     -   37s
     0     0 5219.37308    0 1378 10004.0000 5219.37308  47.8%     -   37s
     0     0 5219.38452    0 1390 10004.0000 5219.38452  47.8%     -   37s
     0     0 5225.39975    0 1392 10004.0000 5225.39975  47.8%     -   38s
     0     0 5225.86366    0 1401 10004.0000 5225.86366  47.8%     -   38s
     0     0 5226.06545    0 1383 10004.0000 5226.06545  47.8%     -   38s
     0     0 5226.09446    0 1397 10004.0000 5226.09446  47.8%     -   38s
     0     0 5233.36813    0 1352 10004.0000 5233.36813  47.7%     -   38s
     0     0 5233.70926    0 1427 10004.0000 5233.70926  47.7%     -   39s
     0     0 5233.75483    0 1449 10004.0000 5233.75483  47.7%     -   39s
     0     0 5240.91309    0 1378 10004.0000 5240.91309  47.6%     -   39s
H    0     0                    9996.0000000 5240.92306  47.6%     -   39s
     0     0 5242.75472    0 1363 9996.00000 5242.75472  47.6%     -   39s
     0     0 5242.97843    0 1441 9996.00000 5242.97843  47.5%     -   39s
     0     0 5243.09833    0 1415 9996.00000 5243.09833  47.5%     -   40s
     0     0 5245.57408    0 1456 9996.00000 5245.57408  47.5%     -   40s
     0     0 5245.80594    0 1327 9996.00000 5245.80594  47.5%     -   40s
     0     0 5245.93458    0 1349 9996.00000 5245.93458  47.5%     -   40s
     0     0 5247.36785    0 1369 9996.00000 5247.36785  47.5%     -   40s
     0     0 5247.62884    0 1463 9996.00000 5247.62884  47.5%     -   41s
     0     0 5247.67758    0 1431 9996.00000 5247.67758  47.5%     -   41s
     0     0 5248.81383    0 1534 9996.00000 5248.81383  47.5%     -   41s
     0     0 5248.97841    0 1530 9996.00000 5248.97841  47.5%     -   41s
     0     0 5248.98371    0 1547 9996.00000 5248.98371  47.5%     -   41s
     0     0 5250.22170    0 1465 9996.00000 5250.22170  47.5%     -   41s
     0     0 5250.42141    0 1465 9996.00000 5250.42141  47.5%     -   42s
H    0     0                    9957.0000000 5250.42169  47.3%     -   44s
H    0     0                    9773.0000000 5250.42169  46.3%     -   45s
H    0     0                    9683.0000000 5250.42169  45.8%     -   47s
H    0     0                    9624.0000000 5250.42169  45.4%     -   48s
     6     4 5301.82622    2  198 9624.00000 5301.49600  44.9%  35.0   51s
   471   457 5310.81180   13  194 9624.00000 5307.51812  44.9%   123   55s
   543   461 5394.33810    2  218 9624.00000 5393.82083  44.0%   135   70s
   667   643 5401.18429    9  256 9624.00000 5400.81050  43.9%   164   75s
H 1086   973                    9571.0000000 5400.81050  43.6%   180   78s
  1087   977 5451.24290    2  288 9571.00000 5451.24290  43.0%   180   90s
  1149  1069 5454.43974    7  296 9571.00000 5453.98547  43.0%   201   95s
  1387  1311 5462.98038   13  328 9571.00000 5453.98547  43.0%   204  100s
H 1608  1455                    9435.0000000 5453.98547  42.2%   221  104s
  1609  1459 5517.60533    2  310 9435.00000 5517.55734  41.5%   221  114s
  1611  1463 5519.80884    3  319 9435.00000 5518.48050  41.5%   221  115s
  1703  1583 5530.18876    8  350 9435.00000 5521.59583  41.5%   238  120s
  1921  1813 5534.57231   13  355 9435.00000 5521.59583  41.5%   238  125s
H 2166  1999                    8887.0000000 5521.59583  37.9%   245  128s
  2167  2003 5612.16025    2  316 8887.00000 5612.14506  36.8%   245  140s
  2237  2120 5614.64201    8  290 8887.00000 5614.01687  36.8%   253  147s
  2331  2270 5615.59561   11  269 8887.00000 5614.01687  36.8%   253  150s
  2553  2415 5618.51217   17  273 8887.00000 5614.01687  36.8%   249  155s
H 2685  2507                    8022.0000000 5614.01687  30.0%   255  156s
  3443  3148 5624.60671   19  251 8022.00000 5617.57428  30.0%   217  160s
  4083  3700 5632.36981   19  262 8022.00000 5621.27568  29.9%   203  166s
  4437  4013 5637.31338   26  308 8022.00000 5621.27568  29.9%   203  170s
  4797  4349 5641.05172   19  318 8022.00000 5621.27568  29.9%   203  175s
  5068  4593 5642.13038   25  288 8022.00000 5621.27568  29.9%   204  180s
  5355  4895 5653.48701   32  316 8022.00000 5621.27568  29.9%   205  185s
  5606  5188 5627.65379   22  315 8022.00000 5621.27568  29.9%   207  190s
  6021  5505 5631.66537   32  288 8022.00000 5621.98152  29.9%   203  196s
H 6104  5550                    8014.0000000 5621.98152  29.8%   206  196s
  6854  6146 5640.12652   34  200 8014.00000 5623.25522  29.8%   195  200s
  7704  6985 5642.24047   53  259 8014.00000 5623.25522  29.8%   187  205s
H 7816  6967                    8007.0000000 5623.25522  29.8%   188  205s
  8105  7251 5643.37244   34  234 8007.00000 5623.25522  29.8%   187  210s
  8388  7574 5655.67263   38  173 8007.00000 5623.25522  29.8%   187  215s
  8761  7914 5657.95174   34  310 8007.00000 5623.25522  29.8%   186  220s
  9245  8445 5660.74730   41  295 8007.00000 5623.25522  29.8%   185  226s
H 9645  8697                    7991.0000000 5623.25522  29.6%   187  229s
  9645  8728 5634.70391   34  385 7991.00000 5623.25522  29.6%   185  230s
  9835  8990 5643.80469   42  324 7991.00000 5623.25522  29.6%   184  235s
 10179  9275 5648.05394   50  306 7991.00000 5624.12812  29.6%   182  240s
 10747  9756 5641.90639   37  209 7991.00000 5624.12812  29.6%   181  245s
 11958 10754 5651.05730   61  235 7991.00000 5625.67270  29.6%   173  250s
H12941 11501                    7988.0000000 5627.81862  29.5%   169  254s
 12941 11641 5661.50270   41  161 7988.00000 5627.81862  29.5%   167  255s
 13642 12297 5665.68462   44  341 7988.00000 5627.81862  29.5%   168  261s
 14109 12790 5674.13148   50  331 7988.00000 5627.81862  29.5%   168  265s
 14792 13348 5677.35048   67  306 7988.00000 5627.81862  29.5%   168  270s
 15156 13592 5683.70763   77  304 7988.00000 5630.29669  29.5%   168  275s
H15385 13774                    7986.0000000 5630.29669  29.5%   170  276s
 15629 14118 5661.93694   79  264 7986.00000 5630.29669  29.5%   168  281s
 15888 14367 5664.99107   88  313 7986.00000 5630.29669  29.5%   167  285s
 16346 14817 5666.51809   97  276 7986.00000 5630.90067  29.5%   166  291s
 16943 15326 5748.99824   85  204 7986.00000 5714.46690  28.4%   166  339s
 17167 15520 5751.00439   89  182 7986.00000 5714.46690  28.4%   165  340s
 18381 16683 5754.53375   47  267 7986.00000 5715.73329  28.4%   159  347s
 18821 17058 5763.27435   49  242 7986.00000 5715.73329  28.4%   160  351s
 19541 17773 5772.49083   50  370 7986.00000 5718.45903  28.4%   160  355s
 20264 18412 5919.52456   87  265 7986.00000 5718.45903  28.4%   159  360s
 20725 18698 5783.84382   92  259 7986.00000 5718.45903  28.4%   160  367s
 20880 18938 5784.57703   94  209 7986.00000 5718.45903  28.4%   160  371s
 21056 19098 5785.76470   96  248 7986.00000 5718.45903  28.4%   160  376s
H21474 19337                    7963.0000000 5718.45903  28.2%   161  378s
 21474 19521 5755.49735  106  283 7963.00000 5718.45903  28.2%   160  380s
 22014 19951 5763.41613  118  318 7963.00000 5718.45903  28.2%   159  387s
 22286 20384 5766.15787  128  251 7963.00000 5718.81492  28.2%   159  391s
 22698 20702 5771.72643  133  266 7963.00000 5718.81492  28.2%   158  395s
H22988 20702                    7960.0000000 5718.81492  28.2%   159  395s
 23973 20605 5797.38599   28  303 7960.00000 5797.32612  27.2%   157  469s
 23975 20608 5797.39179   29  307 7960.00000 5797.38599  27.2%   157  470s
 24003 20654 5797.92347   32  337 7960.00000 5797.91294  27.2%   158  477s
 24067 20495 5798.13557   34  356 7960.00000 5797.95985  27.2%   159  480s
 24200 20359 5798.63268   36  338 7960.00000 5797.95985  27.2%   159  485s
 24268 20392 5801.48267   37  343 7960.00000 5798.08441  27.2%   160  490s
 24368 20439 5802.43699   38  298 7960.00000 5798.08441  27.2%   161  496s
 24436 20470 5822.53525   39  243 7960.00000 5798.08441  27.2%   161  500s
 24536 20520 5809.54521   41  262 7960.00000 5798.08441  27.2%   162  506s
 24609 20548 5807.36559   42  213 7960.00000 5798.08441  27.2%   162  511s
 24735 20613 5850.45494   43  191 7960.00000 5802.77689  27.1%   163  516s
H24862 20612                    7942.0000000 5803.86491  26.9%   164  519s
 24862 20976 5853.38989   51  355 7942.00000 5803.86491  26.9%   163  521s
 25852 21714 5854.20546   54  330 7942.00000 5803.86491  26.9%   161  525s
 26755 22634 5873.53856  106  264 7942.00000 5803.86491  26.9%   161  531s
 27190 22695 5879.46058  111  316 7942.00000 5803.86491  26.9%   161  535s
 27894 23732 5899.75721  127  267 7942.00000 5804.62795  26.9%   161  540s
H28653 24081                    7941.0000000 5804.62795  26.9%   161  542s
 28653 24469 5862.78542  138  268 7941.00000 5804.62795  26.9%   160  545s
 29637 25069 5864.57033  172  259 7941.00000 5806.44118  26.9%   158  550s
 29871 25189 5865.01283  175  284 7941.00000 5806.63421  26.9%   158  555s
 30147 25771 5865.72482  181  265 7941.00000 5806.63421  26.9%   158  562s
H30551 25771                    7937.0000000 5806.63421  26.8%   158  562s
 30605 25832 5814.21569   45  231 7937.00000 5806.63421  26.8%   158  566s
 30821 25919 5818.26363   46  298 7937.00000 5806.63421  26.8%   159  572s
 30956 25984 5833.66061   47  250 7937.00000 5806.63421  26.8%   159  576s
 31157 26035 5816.13699   49  363 7937.00000 5806.63421  26.8%   159  580s
 31396 26116 5816.33436   50  285 7937.00000 5806.63421  26.8%   160  586s
 31696 26197 5817.61730   52  174 7937.00000 5806.63421  26.8%   160  590s
 31960 26282 5818.19374   54  206 7937.00000 5806.63421  26.8%   160  595s
 32274 26415 5818.44670   56  222 7937.00000 5809.91070  26.8%   161  600s
 32679 26546 5818.83985   58  235 7937.00000 5809.91070  26.8%   161  605s
 33457 26528 6120.92838   24  642 7937.00000 6120.92838  22.9%   164  753s
 33459 26532 6121.53623   25  667 7937.00000 6120.92838  22.9%   164  755s
 33487 26576 6123.21698   28  584 7937.00000 6122.48526  22.9%   164  762s
 33551 26667 6124.32254   30  571 7937.00000 6123.22286  22.9%   165  766s
 33705 26743 6125.35149   32  619 7937.00000 6123.22286  22.9%   165  770s
 33842 26785 6130.48230   33  494 7937.00000 6123.22286  22.9%   166  776s
 33910 26814 6169.33816   34  453 7937.00000 6123.22286  22.9%   166  782s
 33981 26849 6149.66583   35  459 7937.00000 6123.22286  22.9%   167  786s
 34053 26896 6128.17233   37  522 7937.00000 6124.78789  22.8%   167  790s
 34191 26975 6173.95951   38  369 7937.00000 6126.68371  22.8%   168  797s
 34307 27019 6132.19614   40  567 7937.00000 6126.68371  22.8%   168  802s
 34430 27071 6134.78334   41  558 7937.00000 6126.68371  22.8%   169  807s
 34579 27115 6144.58711   42  483 7937.00000 6126.71184  22.8%   170  812s
 34656 27127 6145.35689   42  483 7937.00000 6126.71184  22.8%   171  815s
 34820 27152 6144.98472   44  420 7937.00000 6126.71184  22.8%   172  820s
 34979 27226 6156.67674   46  403 7937.00000 6126.73939  22.8%   173  826s
 35206 27290 6157.36695   47  403 7937.00000 6126.73939  22.8%   174  832s
H35458 27277                    7935.0000000 6127.13120  22.8%   175  834s
 35458 27861 6218.28877  138  309 7935.00000 6127.13120  22.8%   174  836s
 36754 28786 6228.62313  154  304 7935.00000 6127.13120  22.8%   173  841s
 37548 29241 6232.99126  165  259 7935.00000 6127.13120  22.8%   172  845s
 37644 29811 6233.44873  168  223 7935.00000 6127.13120  22.8%   172  851s
H38170 29811                    7934.0000000 6127.13120  22.8%   172  851s
 38641 30130 6442.58907   30  593 7934.00000 6442.45843  18.8%   175 1084s
 38643 30133 6443.12928   31  524 7934.00000 6442.59401  18.8%   175 1087s
 38647 30140 6443.12928   32  528 7934.00000 6443.12928  18.8%   175 1090s
 38671 30180 6443.30063   34  550 7934.00000 6443.30063  18.8%   176 1099s
 38703 30201 6443.42770   35  710 7934.00000 6443.31872  18.8%   177 1101s
 38735 30222 6443.56988   36  595 7934.00000 6443.31872  18.8%   177 1105s
 38767 30262 6443.58924   37  569 7934.00000 6443.31872  18.8%   177 1110s
 38817 30304 6513.97233   37  440 7934.00000 6443.31872  18.8%   178 1115s
 38940 30390 6443.77372   39  699 7934.00000 6443.31872  18.8%   179 1123s
 39005 30402 6443.81392   40  653 7934.00000 6443.31872  18.8%   180 1127s
 39041 30436 6534.85388   40  318 7934.00000 6443.31872  18.8%   180 1131s
 39140 30508 6503.67946   41  404 7934.00000 6443.31872  18.8%   181 1138s
 39196 30521 6444.20762   42  682 7934.00000 6443.31872  18.8%   181 1141s
 39228 30542 6450.22854   42  553 7934.00000 6443.31872  18.8%   181 1145s
 39294 30581 6492.31280   43  422 7934.00000 6443.31872  18.8%   182 1153s
 39326 30605 6444.44260   44  658 7934.00000 6443.31872  18.8%   183 1156s
 39362 30644 6522.22398   44  423 7934.00000 6443.31872  18.8%   183 1160s
 39417 30679 6444.58654   45  660 7934.00000 6443.31872  18.8%   183 1165s
 39551 30760 6444.98276   47  583 7934.00000 6443.31872  18.8%   184 1173s
 39624 30796 6445.24985   48  621 7934.00000 6443.31872  18.8%   184 1177s
 39710 30850 6445.41838   49  642 7934.00000 6443.31872  18.8%   185 1182s
 39811 30898 6445.54158   50  597 7934.00000 6443.31872  18.8%   185 1187s
 39918 30957 6445.79816   51  684 7934.00000 6443.31872  18.8%   186 1191s
 40032 31017 6445.79816   52  683 7934.00000 6443.31872  18.8%   187 1196s
 40163 31081 6445.84683   53  625 7934.00000 6445.84683  18.8%   187 1202s
 40305 31148 6447.35055   54  555 7934.00000 6445.84683  18.8%   188 1206s
 40459 31204 6445.96113   54  602 7934.00000 6445.96113  18.8%   188 1211s
 40753 31415 6455.28598   62  230 7934.00000 6445.97769  18.8%   189 1217s
 41306 31496 6456.42374   65  282 7934.00000 6447.67904  18.7%   189 1222s
 41531 31547 6457.90508   66  277 7934.00000 6447.88738  18.7%   189 1226s
 41918 31748 6459.14527   68  300 7934.00000 6447.88738  18.7%   189 1231s
 42434 31907 6479.02890   70  224 7934.00000 6447.88738  18.7%   189 1237s
 42693 32016 6498.68851   71  316 7934.00000 6447.88738  18.7%   190 1240s
 43281 32272 6460.58460   74  289 7934.00000 6447.88738  18.7%   190 1246s
 43581 32419 6465.51702   75  240 7934.00000 6447.88738  18.7%   190 1250s
 44049 32414 6484.36371   50  392 7934.00000 6447.88738  18.7%   190 1255s
 44277 32482 6485.17914   51  375 7934.00000 6447.88738  18.7%   190 1260s
 44537 32547 6487.76015   53  366 7934.00000 6447.88738  18.7%   190 1266s
 44805 32671 6488.59093   55  334 7934.00000 6447.88738  18.7%   190 1272s
 44970 32720 6489.27165   56  364 7934.00000 6447.88738  18.7%   190 1275s
 45274 32849 6492.40831   58  335 7934.00000 6450.57031  18.7%   191 1281s
 45630 32982 6493.99744   60  355 7934.00000 6453.52561  18.7%   191 1287s
 45802 33064     cutoff   61      7934.00000 6453.52561  18.7%   191 1290s
 46198 33256 6497.04858   64  390 7934.00000 6453.52561  18.7%   191 1297s
 46423 33387 6507.24477   65  288 7934.00000 6453.52561  18.7%   191 1300s
 47003 33613 6500.40514   71  389 7934.00000 6456.42855  18.6%   191 1308s
 47312 34248 6571.38615  173  172 7934.00000 6456.42855  18.6%   191 1311s
 48155 34635 6605.07988  187  197 7934.00000 6456.42855  18.6%   190 1315s
 49040 35449 6601.65719  207  338 7934.00000 6456.42855  18.6%   189 1320s
 49485 35513 6619.81196  212  233 7934.00000 6456.42855  18.6%   189 1325s
 50055 36602 infeasible  227      7934.00000 6456.42855  18.6%   189 1330s
H50665 36602                    7922.0000000 6456.42855  18.5%   189 1330s
 50665 36735 6458.93317   56  435 7922.00000 6456.42855  18.5%   188 1336s
 50822 36764 6459.73020   57  544 7922.00000 6456.42855  18.5%   189 1340s
 50925 36833 6460.60377   58  538 7922.00000 6456.42855  18.5%   190 1345s
 51054 36921 6460.63625   59  519 7922.00000 6456.42855  18.5%   190 1351s
 51207 37007 6462.33962   60  563 7922.00000 6456.42949  18.5%   191 1355s
 51361 37112 6462.75502   61  556 7922.00000 6456.42949  18.5%   191 1360s
 51545 37169 6462.85515   62  536 7922.00000 6456.42949  18.5%   192 1365s
 51687 37200 6462.95129   63  520 7922.00000 6456.42949  18.5%   192 1371s
 51805 37230 6463.38239   64  483 7922.00000 6458.44722  18.5%   193 1377s
 51904 37278 6483.66627   65  406 7922.00000 6458.45033  18.5%   195 1382s
 52007 37365 6473.09744   65  496 7922.00000 6458.45033  18.5%   196 1387s
 52166 37485 6473.35749   66  462 7922.00000 6458.45033  18.5%   197 1394s
 52390 37594 6496.04714   67  410 7922.00000 6458.45033  18.5%   197 1400s
 52603 37696 6474.09639   68  456 7922.00000 6458.45033  18.5%   198 1405s
 52820 37798 6545.46853   69  453 7922.00000 6458.45033  18.5%   199 1411s
 53060 37927 6474.80104   70  488 7922.00000 6458.45033  18.5%   199 1418s
 53338 37939 6474.84962   71  445 7922.00000 6458.45033  18.5%   200 1425s
 53468 38044 6475.66690   72  452 7922.00000 6458.45033  18.5%   200 1431s
 53642 37687 6475.82793   73  516 7922.00000 6458.45033  18.5%   201 1437s
 53676 37704 6578.76257   73  336 7922.00000 6458.45033  18.5%   201 1444s
 53711 37717 6476.80159   74  455 7922.00000 6458.45033  18.5%   201 1451s
 53749 37784 6561.26109   74  326 7922.00000 6458.45033  18.5%   201 1458s
H53845 37752                    7921.0000000 6458.45033  18.5%   202 1458s
 53845 38035 6471.77511   78  303 7921.00000 6458.45033  18.5%   202 1462s
 54221 38147 6529.83794   81  231 7921.00000 6458.45033  18.5%   202 1466s
 54996 38273 6545.46387   84  128 7921.00000 6462.07836  18.4%   202 1473s
 55188 38545     cutoff   86      7921.00000 6462.07836  18.4%   202 1477s
 55629 38749 6485.59741   89  163 7921.00000 6464.46693  18.4%   202 1481s
 56089 38753 6486.07888   91  324 7921.00000 6464.46693  18.4%   202 1485s
 56317 38705 6555.46022   92  109 7921.00000 6465.08830  18.4%   202 1490s
 56385 38775 6493.00428   93  199 7921.00000 6465.08830  18.4%   202 1498s
 56483 38991 6493.66049   94  160 7921.00000 6465.15296  18.4%   202 1502s
 56776 39336 6519.70892   94  124 7921.00000 6465.15296  18.4%   202 1508s
 57350 39422 6497.31788  100  172 7921.00000 6465.25253  18.4%   201 1513s
 57705 39736 6497.89013  103  260 7921.00000 6465.25253  18.4%   201 1518s
 58219 39755 6526.39130   73  334 7921.00000 6465.45193  18.4%   201 1523s
 58557 39862 6515.45276   75  338 7921.00000 6468.13517  18.3%   202 1527s
 58886 39932 6517.24825   78  355 7921.00000 6468.13517  18.3%   202 1531s
 59196 40036 6525.66824   80  355 7921.00000 6468.13517  18.3%   202 1535s
 59488 40163 6526.33927   82  396 7921.00000 6472.33497  18.3%   202 1540s
 60204 40447 6530.47769   88  383 7921.00000 6473.43384  18.3%   202 1547s
 60626 40547 6531.44739   91  362 7921.00000 6473.43384  18.3%   202 1552s
 61027 40731 6536.23960   95  349 7921.00000 6479.44565  18.2%   202 1555s
 61868 41042 6544.08623  102  406 7921.00000 6479.44565  18.2%   202 1564s
 62287 41141 6545.41150  104  403 7921.00000 6479.44565  18.2%   202 1567s
 63363 40852 7035.55215   41  749 7921.00000 7035.55215  11.2%   206 1924s
 63365 40855 7035.55215   42  794 7921.00000 7035.55215  11.2%   206 1927s
 63369 40862 7035.76728   43  814 7921.00000 7035.76728  11.2%   206 1930s
 63393 40902 7036.27837   45  830 7921.00000 7036.08097  11.2%   207 1939s
 63425 40923 7036.52480   46  852 7921.00000 7036.27841  11.2%   207 1942s
 63457 40944 7037.03647   47  861 7921.00000 7036.27841  11.2%   207 1947s
 63489 40966 7037.10261   48  818 7921.00000 7036.27841  11.2%   207 1951s
 63521 40986 7064.79721   48  518 7921.00000 7036.27841  11.2%   208 1957s
 63553 41007 7037.15033   49  801 7921.00000 7036.27841  11.2%   208 1962s
 63585 41037 7077.71335   49  498 7921.00000 7036.27841  11.2%   208 1968s
 63626 41078 7037.16595   50  826 7921.00000 7036.27841  11.2%   208 1973s
 63685 41125 7050.22839   50  589 7921.00000 7036.27841  11.2%   208 1978s
 63760 41165 7037.68429   51  780 7921.00000 7036.27841  11.2%   209 1983s
 63832 41217 7065.62283   51  661 7921.00000 7036.76736  11.2%   209 1987s
 63920 41219 7037.73218   52  790 7921.00000 7036.76736  11.2%   209 1991s
 63952 41239 7037.81680   52  758 7921.00000 7036.76736  11.2%   209 1995s
 63986 41258 7038.12993   53  680 7921.00000 7036.76736  11.2%   210 2000s
 64020 41282 7055.41585   53  555 7921.00000 7037.73380  11.2%   210 2005s
 64091 41342 7089.68177   54  531 7921.00000 7037.73380  11.2%   210 2013s
 64140 41391 7038.41512   55  797 7921.00000 7037.73380  11.2%   210 2018s
 64209 41448 7038.41795   56  733 7921.00000 7037.73380  11.2%   211 2023s
 64297 41501 7038.44576   57  755 7921.00000 7037.73380  11.2%   211 2028s
 64389 41545 7039.13333   58  776 7921.00000 7038.01103  11.1%   211 2033s
 64470 41593 7039.34658   59  761 7921.00000 7038.05775  11.1%   212 2039s
 64560 41649 7039.49632   60  837 7921.00000 7038.05775  11.1%   212 2044s
 64654 41707 7039.72243   61  789 7921.00000 7038.05775  11.1%   213 2049s
 64751 41776 7055.35753   62  559 7921.00000 7038.05775  11.1%   214 2054s
 64862 41853 7045.34292   62  610 7921.00000 7038.69068  11.1%   214 2059s
 64980 41939 7067.54430   63  477 7921.00000 7038.69068  11.1%   214 2064s
 65109 42037 7070.40449   63  464 7921.00000 7038.69068  11.1%   215 2069s
 65253 42126 7070.49996   64  475 7921.00000 7038.69068  11.1%   215 2074s
 65394 42226 7070.78360   65  488 7921.00000 7038.69068  11.1%   215 2080s
 65546 42320 7071.20528   66  499 7921.00000 7038.69068  11.1%   216 2085s
 65704 42416 7074.52500   67  502 7921.00000 7038.69068  11.1%   216 2091s
 65865 42525 7076.54998   68  515 7921.00000 7038.79944  11.1%   217 2097s
 66033 42642 7076.99131   69  479 7921.00000 7038.79944  11.1%   217 2103s
 66223 42607 7077.30966   70  483 7921.00000 7038.79944  11.1%   218 2110s
 66255 42626 7155.49685   70  349 7921.00000 7038.79944  11.1%   218 2117s
 66287 42646 7078.02020   71  475 7921.00000 7038.79944  11.1%   218 2123s
 66320 42192 7134.00514   71  408 7921.00000 7038.79944  11.1%   218 2131s
 66534 42277 7079.44177   73  512 7921.00000 7038.79944  11.1%   218 2138s
H66748 42204                    7897.0000000 7038.81343  10.9%   219 2138s
 66748 42446 7057.32523   75  466 7897.00000 7038.81343  10.9%   219 2147s
 67055 42560 7140.71836   75  303 7897.00000 7039.79286  10.9%   219 2155s
 67346 42702 7057.81624   76  492 7897.00000 7039.79286  10.9%   219 2162s
 67658 42848 7170.18450   76  264 7897.00000 7039.79286  10.9%   219 2170s
 67976 42939 7057.93919   77  480 7897.00000 7039.79286  10.9%   220 2178s
 68257 43096 7080.02908   78  432 7897.00000 7039.79286  10.9%   221 2187s
 68598 43256 7082.13425   79  331 7897.00000 7041.06327  10.8%   221 2195s
 68992 43427 7097.88892   80  389 7897.00000 7041.06327  10.8%   222 2203s
 69398 43614 7138.82907   81  309 7897.00000 7041.06327  10.8%   223 2211s
 69822 43744 7140.06067   83  310 7897.00000 7041.06327  10.8%   223 2219s
 70265 43838 7146.38917   86  278 7897.00000 7041.06327  10.8%   224 2229s
 70727 43919 7150.33227   89  339 7897.00000 7041.06327  10.8%   225 2238s
 71180 44203 7075.65267  107  282 7897.00000 7041.98518  10.8%   226 2244s
 71801 44516 7130.05101  113  174 7897.00000 7041.98518  10.8%   226 2248s
 72345 44973 7085.60629  116  191 7897.00000 7041.98518  10.8%   225 2253s
 72951 45493 7126.34335  122  187 7897.00000 7041.98518  10.8%   225 2259s
 73614 45958     cutoff  130      7897.00000 7041.98518  10.8%   225 2264s
 74204 45989 7090.05988  139  246 7897.00000 7041.98518  10.8%   224 2269s
 74236 46019 7090.34224  140  270 7897.00000 7041.98518  10.8%   224 2274s
 74270 46174     cutoff  140      7897.00000 7041.98518  10.8%   224 2279s
 74461 46728 7090.92286  145  224 7897.00000 7041.98518  10.8%   224 2285s
 75204 47227 7092.46004  152  237 7897.00000 7041.98518  10.8%   224 2291s
 75992 47900     cutoff  164      7897.00000 7042.69365  10.8%   223 2297s
 76881 48150 7110.15513  107  459 7897.00000 7042.69365  10.8%   223 2303s
 77221 48412     cutoff  112      7897.00000 7044.16066  10.8%   223 2310s
 77772 48478 7121.94790  121  424 7897.00000 7044.16066  10.8%   223 2316s
 78227 48768     cutoff  127      7897.00000 7044.37600  10.8%   223 2323s
 79016 48939 7132.33228  135  367 7897.00000 7047.60099  10.8%   223 2329s
 79736 49167     cutoff  140      7897.00000 7047.60099  10.8%   223 2335s
 80490 48935 7097.00478   35  276 7897.00000 7048.16456  10.7%   222 2341s
 80533 48952 7102.44042   36  267 7897.00000 7048.16456  10.7%   222 2346s
 80598 49212 7107.09515   37  252 7897.00000 7048.16456  10.7%   222 2352s
 80999 49651 7149.86383   54  243 7897.00000 7048.86012  10.7%   222 2358s
 81760 49956 7090.62698   59  350 7897.00000 7048.86012  10.7%   222 2364s
 82582 49985 7091.91708   74  504 7897.00000 7048.86012  10.7%   222 2373s
 82929 50105 7091.96419   75  496 7897.00000 7048.99584  10.7%   222 2378s
 83188 50048 7096.18361   76  483 7897.00000 7048.99584  10.7%   223 2381s
 83220 50068 7184.05138   76  445 7897.00000 7048.99584  10.7%   223 2386s
 83253 48080 7096.97842   77  506 7897.00000 7048.99584  10.7%   223 2390s
 83527 48198 7119.62448   78  433 7897.00000 7048.99584  10.7%   223 2395s
 83815 48383 7115.12384   78  432 7897.00000 7048.99584  10.7%   223 2400s
 84130 48401 7144.31868   79  386 7897.00000 7048.99584  10.7%   224 2405s
 84294 48436 7122.16463   80  457 7897.00000 7048.99584  10.7%   224 2411s
 84424 48421 7230.56352   80  385 7897.00000 7049.11180  10.7%   224 2416s
 84458 48458 7123.94388   81  451 7897.00000 7049.11180  10.7%   224 2420s
 84511 48585 7125.66940   82  476 7897.00000 7049.11180  10.7%   224 2426s
 84670 48697 7125.68652   83  438 7897.00000 7049.11180  10.7%   224 2432s
 84899 48977 7126.01035   84  480 7897.00000 7049.11180  10.7%   224 2437s
 85315 49032 7126.03003   85  473 7897.00000 7049.11180  10.7%   224 2443s
 85569 49255 7293.46566   86  380 7897.00000 7049.11180  10.7%   225 2449s
 85961 49151 7127.42278   88  459 7897.00000 7049.11180  10.7%   225 2455s
 85995 49165 7181.50051   88  397 7897.00000 7049.11180  10.7%   225 2460s
 86032 49179 7129.63298   89  513 7897.00000 7049.11180  10.7%   225 2466s
 86067 49201 7193.56792   89  550 7897.00000 7049.11180  10.7%   225 2472s
 86113 49305 7129.82635   90  532 7897.00000 7049.11180  10.7%   225 2479s
 86278 49572 7302.83274   90  375 7897.00000 7049.11180  10.7%   225 2486s
 86701 49789 7191.86737   91  464 7897.00000 7049.11180  10.7%   226 2492s
 87158 50081 7133.51955   93  486 7897.00000 7049.11180  10.7%   226 2499s
 87723 50319 7134.47376   95  457 7897.00000 7049.11180  10.7%   226 2507s
H88256 50141                    7875.0000000 7049.11180  10.5%   227 2507s
 88256 50400 7158.26562   91  365 7875.00000 7049.11180  10.5%   226 2518s
 88664 50614 7160.46689   95  371 7875.00000 7050.34891  10.5%   228 2531s
 89140 50914 7162.53202  100  351 7875.00000 7050.34891  10.5%   229 2542s
 89776 51111 7164.18547  104  361 7875.00000 7050.34891  10.5%   230 2553s
 90327 51389 7166.79219  108  389 7875.00000 7050.92788  10.5%   231 2564s
 90943 51672 7168.59978  112  425 7875.00000 7050.92788  10.5%   232 2576s
 91626 51889 7201.35233  119  305 7875.00000 7050.92788  10.5%   233 2588s
 92328 52016 7207.34483  128  307 7875.00000 7051.84931  10.5%   234 2599s
 92920 51853 7213.06701  136  355 7875.00000 7051.84931  10.5%   234 2612s
 92960 52011 7263.37555  136  112 7875.00000 7051.84931  10.5%   235 2626s
 93204 52501 7215.03150  142  367 7875.00000 7051.84931  10.5%   235 2639s
 93986 53070 infeasible  174      7875.00000 7051.84931  10.5%   235 2647s
 95126 53306 7076.52814   66  223 7875.00000 7053.88914  10.4%   234 2653s
 95462 53866 infeasible   48      7875.00000 7053.88914  10.4%   234 2659s
 96294 54406 7096.34575   48   98 7875.00000 7054.68427  10.4%   234 2666s
 97286 54819 infeasible   56      7875.00000 7054.68427  10.4%   234 2673s
 97928 55557 7059.43067   55  277 7875.00000 7054.68427  10.4%   234 2680s
 98918 56292 7062.01086   71  320 7875.00000 7055.92264  10.4%   233 2688s
 99905 57168 7079.58408   78  281 7875.00000 7056.50015  10.4%   233 2696s
 101083 57801 7121.09351   77  349 7875.00000 7056.50015  10.4%   232 2703s
 102011 57736 7146.43104   93  271 7875.00000 7058.40152  10.4%   232 2710s
 102503 58014     cutoff   46      7875.00000 7059.82918  10.4%   232 2717s
 103298 58373 7137.74857   56  272 7875.00000 7061.07275  10.3%   232 2723s
 104152 58727 7164.15321   85  252 7875.00000 7061.07275  10.3%   232 2730s
 104843 59047     cutoff   44      7875.00000 7063.93053  10.3%   232 2738s
 105886 59536     cutoff   66      7875.00000 7063.93053  10.3%   232 2745s
 106947 60126 7079.10684   51  399 7875.00000 7063.93053  10.3%   232 2754s
 107905 60977 7100.90715   69  352 7875.00000 7063.93053  10.3%   232 2765s
 109138 61791 7155.67796   97  515 7875.00000 7068.14240  10.2%   231 2777s
 110108 61768 7157.59037  100  488 7875.00000 7068.14240  10.2%   232 2782s
 110467 62052 7221.95428  101  364 7875.00000 7068.14240  10.2%   232 2789s
 110923 62324 7159.45389  103  510 7875.00000 7068.14240  10.2%   232 2796s
 111432 62550 7162.95892  105  499 7875.00000 7068.14240  10.2%   233 2803s
 111977 62803 7215.35831  106  489 7875.00000 7068.14240  10.2%   233 2810s
 112491 63122 7168.98557  108  585 7875.00000 7079.37702  10.1%   233 2816s
 113012 63523 7169.38331  110  548 7875.00000 7079.37702  10.1%   233 2823s
 113676 63743 7170.14596  112  511 7875.00000 7079.37702  10.1%   233 2831s
 114191 64016 7171.69587  114  497 7875.00000 7079.37702  10.1%   234 2838s
 114722 64388 7172.46955  116  562 7875.00000 7079.37702  10.1%   234 2846s
 115378 64480 7172.69141  118  613 7875.00000 7079.37702  10.1%   234 2863s
 115859 65627 7174.59357  121  531 7875.00000 7079.37702  10.1%   235 2881s
 117628 65655 7269.90833  153  321 7875.00000 7084.76349  10.0%   236 2897s
 118667 65786 7260.71168  165  323 7875.00000 7088.09693  10.0%   236 2909s
 119383 66045 7263.63995  176  400 7875.00000 7088.09693  10.0%   237 2920s
 120113 66294 7267.53504  189  379 7875.00000 7088.09693  10.0%   237 2933s
 120938 66620     cutoff  203      7875.00000 7088.09693  10.0%   238 2946s
 121671 66650 7271.76808  218  325 7875.00000 7091.14185  10.0%   238 2958s
 121706 66705 7304.25965  218  291 7875.00000 7091.14185  10.0%   238 2972s
 121798 67354 7277.01091  219  312 7875.00000 7091.14185  10.0%   239 2986s
 122667 67931     cutoff  230      7875.00000 7091.14185  10.0%   239 3000s
 123464 68628 7301.38519  242  278 7875.00000 7091.14185  10.0%   239 3016s
 124648 69048 7119.13405   97  293 7875.00000 7092.71660  9.93%   239 3027s
 125264 70845 7128.61988  102  235 7875.00000 7092.71660  9.93%   239 3041s
 127688 71847 7138.88766  114  351 7875.00000 7093.56361  9.92%   238 3050s
 128957 72845 7147.28817  149  365 7875.00000 7093.69102  9.92%   237 3059s
 130255 73320 7171.97628  164  209 7875.00000 7093.69608  9.92%   237 3069s
 130952 74535 7122.44615   66  306 7875.00000 7093.69608  9.92%   236 3078s
 132618 75697 7136.03223   78  258 7875.00000 7094.31675  9.91%   235 3087s
 134129 76207 7155.19992   98  334 7875.00000 7094.31675  9.91%   235 3097s
 135053 77049 7177.05399  120  320 7875.00000 7095.83683  9.89%   235 3108s
 136575 77866 7173.22199   76  317 7875.00000 7095.83683  9.89%   234 3117s
 137833 78647 7173.92985   57  286 7875.00000 7097.18787  9.88%   234 3126s
 139133 79489 7144.79803   60  328 7875.00000 7097.58042  9.87%   234 3135s
 140419 80344 7132.87004   37  348 7875.00000 7100.19770  9.84%   234 3144s
 141810 81076 7179.94503   74  291 7875.00000 7100.78275  9.83%   233 3155s
 142987 81597 7159.40678   81  342 7875.00000 7100.78275  9.83%   233 3165s
 143903 82643 7194.98267  127  561 7875.00000 7100.78275  9.83%   233 3180s
 145237 82463 7209.95198  131  469 7875.00000 7100.78275  9.83%   234 3192s
 145600 82373 7226.73860  134  456 7875.00000 7100.78275  9.83%   234 3204s
 145634 82631 7411.30461  134  400 7875.00000 7100.78275  9.83%   234 3216s
 145970 83239 7228.01821  135  488 7875.00000 7100.78275  9.83%   234 3230s
 146861 83473 7270.02968  139  450 7875.00000 7100.78275  9.83%   235 3244s
 147641 84072 7281.38733  146  507 7875.00000 7100.78275  9.83%   235 3259s
 148770 85065 7286.17428  154  480 7875.00000 7100.78275  9.83%   235 3274s
 150363 85980 7290.79519  161  441 7875.00000 7107.63831  9.74%   236 3289s
 152190 86612     cutoff  171      7875.00000 7114.11630  9.66%   236 3302s
 153739 86380 7314.12504  276  297 7875.00000 7114.11630  9.66%   236 3325s
 154346 87859     cutoff  312      7875.00000 7118.14164  9.61%   236 3355s
 156616 88357 7301.30149   66  393 7875.00000 7121.02920  9.57%   237 3374s
 157885 89252 7321.99582   77  297 7875.00000 7121.02920  9.57%   238 3391s
 159118 90450 7304.89822   69  257 7875.00000 7121.02920  9.57%   239 3410s
 160759 91173 7261.10892   53  290 7875.00000 7121.02920  9.57%   239 3428s
 161926 92079 7331.45782   55  238 7875.00000 7121.02920  9.57%   240 3447s
 163519 93412 7187.72920  126  304 7875.00000 7121.72285  9.57%   240 3459s
 165258 94312 7172.94259   64  204 7875.00000 7121.86170  9.56%   239 3469s
 166507 95590 7176.42491   69  261 7875.00000 7122.38228  9.56%   239 3480s
 168368 96828 7186.62388   60  210 7875.00000 7122.38228  9.56%   238 3491s
 170100 98100     cutoff   83      7875.00000 7123.00751  9.55%   237 3502s
 171903 99613 7192.21503   59  169 7875.00000 7123.23372  9.55%   237 3514s
 173922 100812 7163.38538   63  187 7875.00000 7124.09579  9.54%   236 3525s
 175750 101708 7217.39928   53  252 7875.00000 7124.13654  9.53%   235 3538s
 177482 102553 7188.19636   67  319 7875.00000 7126.78779  9.50%   235 3548s
 179058 103390 7149.55013   54  284 7875.00000 7127.77499  9.49%   235 3559s
 180677 104092 7191.55227   97  344 7875.00000 7128.43285  9.48%   235 3570s
 182330 105119 7213.83000   39   72 7875.00000 7129.57193  9.47%   235 3582s
 184143 106079 7158.94560   77  305 7875.00000 7131.63664  9.44%   234 3594s
 185752 106805 7138.61663   65  414 7875.00000 7132.23186  9.43%   234 3606s
 187223 107854 7164.09411   92  385 7875.00000 7132.72411  9.43%   234 3619s
 189117 109402 7329.76659  181  436 7875.00000 7133.62948  9.41%   234 3639s
 191361 110220 infeasible  200      7875.00000 7141.04147  9.32%   234 3651s
 192731 111250     cutoff  212      7875.00000 7141.04147  9.32%   234 3664s
 194163 111518 7347.78100  223  471 7875.00000 7141.96683  9.31%   234 3677s
 194628 112878 7358.12315  229  431 7875.00000 7143.04640  9.29%   235 3691s
 196289 113650 7369.51798  246  378 7875.00000 7143.04640  9.29%   235 3705s
 197405 114186 7373.86495  255  369 7875.00000 7146.06870  9.26%   235 3720s
 198212 115163     cutoff  264      7875.00000 7146.06870  9.26%   236 3735s
 199476 116076 7394.10158  284  419 7875.00000 7148.31808  9.23%   237 3752s
 201066 117074     cutoff   64      7875.00000 7150.54412  9.20%   237 3777s
 202766 118368 infeasible   76      7875.00000 7161.21434  9.06%   238 3798s
 204680 119567 7335.73978   87  288 7875.00000 7161.28323  9.06%   238 3818s
 206495 120319 7339.86707   46  290 7875.00000 7163.03518  9.04%   238 3838s
 207972 121496 7365.70467   93  234 7875.00000 7166.12107  9.00%   239 3858s
 209506 122864 7363.25881   80  199 7875.00000 7167.29882  8.99%   239 3880s
 211327 124470 7293.34591  116  360 7875.00000 7167.29882  8.99%   239 3901s
 213388 126060 7228.83507   64  262 7875.00000 7168.91191  8.97%   239 3915s
 215504 126824 7199.66080   89  333 7875.00000 7169.57658  8.96%   239 3928s
 216734 128662 7207.58265  118  238 7875.00000 7169.94732  8.95%   239 3944s
 219513 130184 7238.45117  201  242 7875.00000 7170.36590  8.95%   238 3958s
 222165 130317 7170.36590   40  453 7875.00000 7170.36590  8.95%   237 4255s
 222171 130327 7170.36590   42  401 7875.00000 7170.36590  8.95%   238 4260s
 222195 130367 7170.36590   44  384 7875.00000 7170.36590  8.95%   238 4265s
 222259 130455 7170.36590   46  473 7875.00000 7170.36590  8.95%   238 4271s
 222401 130516 7170.36590   48  368 7875.00000 7170.36590  8.95%   238 4276s
 222515 130561 7188.35555   49  226 7875.00000 7170.36590  8.95%   238 4281s
 222616 130577 7188.20501   50  278 7875.00000 7170.36590  8.95%   238 4288s
 222649 130593 7170.36590   51  370 7875.00000 7170.36590  8.95%   238 4290s
 222721 130615 7171.17017   52  374 7875.00000 7170.36590  8.95%   238 4295s
 222795 130641 7171.92546   53  385 7875.00000 7170.36590  8.95%   238 4301s
 222864 130675 7172.23829   54  404 7875.00000 7170.36590  8.95%   238 4306s
 222944 130699 7172.35809   55  407 7875.00000 7170.36590  8.95%   238 4312s
 222987 130709 7185.16116   55  299 7875.00000 7170.36590  8.95%   238 4315s
 223079 130744 7181.07895   56  356 7875.00000 7170.36590  8.95%   238 4320s
 223175 130794 7176.75136   57  225 7875.00000 7170.36590  8.95%   238 4326s
 223314 130840 7186.50405   58  302 7875.00000 7170.36590  8.95%   238 4332s
 223406 130867 7178.19263   59  304 7875.00000 7170.36590  8.95%   238 4336s
 223598 130931 7179.19807   60  324 7875.00000 7170.36590  8.95%   238 4342s
 223709 130937 7223.02795   60  248 7875.00000 7170.36590  8.95%   239 4347s
 223798 130976 7179.19951   61  336 7875.00000 7170.36590  8.95%   239 4350s
 223918 130999 7201.01651   61  324 7875.00000 7170.36590  8.95%   239 4355s
 224187 131026 7206.75447   62  259 7875.00000 7170.36590  8.95%   239 4363s
 224319 131049 7198.43889   63  254 7875.00000 7170.36590  8.95%   239 4367s
 224476 131013 7198.71071   64  302 7875.00000 7170.36590  8.95%   239 4372s
 224515 131025 7191.95573   64  268 7875.00000 7170.36590  8.95%   239 4376s
 224554 131050 7211.02609   65  209 7875.00000 7170.36590  8.95%   239 4381s
 224637 131091 7194.23441   65  249 7875.00000 7170.36590  8.95%   239 4386s
 224810 131126 7196.57489   66  257 7875.00000 7170.36590  8.95%   239 4391s
 224994 131141 7213.86279   68  218 7875.00000 7171.05894  8.94%   239 4396s
 225173 131186 7219.47949   70  248 7875.00000 7171.05894  8.94%   239 4401s
 225427 131122 7220.90124   74  212 7875.00000 7171.19215  8.94%   239 4406s
 225461 131132 7227.46849   74  223 7875.00000 7171.19215  8.94%   239 4411s
 225493 131134 7222.71939   75  252 7875.00000 7171.19215  8.94%   239 4417s
 225541 131159 7227.53750   75  213 7875.00000 7171.32157  8.94%   239 4422s
 225647 131201 7229.79870   76  191 7875.00000 7171.32157  8.94%   239 4427s
 225823 131275     cutoff   77      7875.00000 7172.92040  8.92%   239 4433s
 226115 131325 7230.76136   87  283 7875.00000 7172.92040  8.92%   239 4438s
 226438 131422     cutoff   95      7875.00000 7172.92040  8.92%   239 4444s
 226907 131462 7212.00425   53  115 7875.00000 7174.28663  8.90%   239 4450s
 227395 131516 7186.80814   52  345 7875.00000 7174.28663  8.90%   239 4456s
 227898 131544 7211.45744   57  261 7875.00000 7176.48010  8.87%   239 4461s
 228396 131543 7228.89118   77  291 7875.00000 7177.82206  8.85%   239 4468s
 228805 132538 7246.98121  127  429 7875.00000 7178.19236  8.85%   239 4483s
 230832 133772 7260.56593   93  337 7875.00000 7179.32767  8.83%   239 4498s
 232876 135220     cutoff   48      7875.00000 7180.22512  8.82%   239 4514s
 235815 135481 7192.55561   34  751 7875.00000 7192.55561  8.67%   238 4996s
 235821 135490 7192.76327   36  786 7875.00000 7192.76327  8.66%   238 5001s
 235844 135512 7194.53994   38  564 7875.00000 7193.41939  8.65%   238 5008s
 235870 135524 7194.68270   39  602 7875.00000 7194.55596  8.64%   238 5011s
 235902 135533 7195.01562   40  601 7875.00000 7194.69653  8.64%   238 5015s
 235934 135543 7195.42864   41  634 7875.00000 7194.69653  8.64%   238 5020s
 236003 135552 7195.78130   42  698 7875.00000 7194.69653  8.64%   238 5027s
 236036 135563 7208.63881   42  575 7875.00000 7194.69653  8.64%   238 5032s
 236080 135571 7196.23136   43  667 7875.00000 7194.69653  8.64%   238 5036s
 236157 135580 7203.05398   43  529 7875.00000 7194.69653  8.64%   238 5041s
 236239 135585 7208.66975   44  383 7875.00000 7196.24279  8.62%   239 5045s
 236418 135585 7215.43370   45  348 7875.00000 7196.24279  8.62%   239 5051s
 236502 135568 7252.13772   45  259 7875.00000 7196.24279  8.62%   239 5055s
 236641 135559 7217.51986   47  326 7875.00000 7196.24279  8.62%   239 5062s
 236706 135554     cutoff   47      7875.00000 7196.24279  8.62%   239 5065s
 236848 135538 7221.28919   49  236 7875.00000 7197.68538  8.60%   239 5072s
 236883 135550 7264.33798   49  167 7875.00000 7201.43788  8.55%   239 5076s
 236937 135550 7221.31669   50  190 7875.00000 7201.43788  8.55%   239 5080s
 237102 135566 7229.58524   52  212 7875.00000 7201.78424  8.55%   239 5087s
 237211 135569 7235.03637   54  169 7875.00000 7201.78424  8.55%   239 5091s
 237327 135555 7237.57383   56  155 7875.00000 7201.78424  8.55%   239 5095s
 237559 135548 7249.82625   61  206 7875.00000 7208.66982  8.46%   239 5104s
 237680 135539     cutoff   63      7875.00000 7208.66982  8.46%   239 5108s
 237810 135528 7243.64910   66  258 7875.00000 7208.66982  8.46%   239 5113s
 237961 135511 7244.25249   69  311 7875.00000 7208.66982  8.46%   239 5117s
 238112 135508     cutoff   72      7875.00000 7208.66982  8.46%   239 5122s
 238268 135507     cutoff   75      7875.00000 7208.66982  8.46%   238 5126s
 238441 135489 7258.33955   80   78 7875.00000 7211.00303  8.43%   238 5131s
 238620 135481     cutoff   85      7875.00000 7212.04045  8.42%   238 5136s
 238794 135470 7254.23401   90  230 7875.00000 7212.04045  8.42%   238 5141s
 238975 135482     cutoff   94      7875.00000 7213.91286  8.39%   238 5145s
 239167 135467 7225.58719   46  289 7875.00000 7213.91286  8.39%   238 5151s
 239382 135450 7229.48546   53  200 7875.00000 7214.32170  8.39%   238 5155s
 239601 135424     cutoff   59      7875.00000 7214.32170  8.39%   238 5161s
 239819 135461 7263.89037   66  225 7875.00000 7214.32170  8.39%   238 5167s
 240061 135503 7240.39797   46  352 7875.00000 7215.48179  8.37%   238 5172s
 240386 135538     cutoff   54      7875.00000 7215.48179  8.37%   238 5178s
 240827 135554 7246.75428   52  258 7875.00000 7215.96359  8.37%   238 5184s
 241226 135626 7255.30649   64  224 7875.00000 7217.63850  8.35%   237 5190s
 241826 135624 7243.28655   50  239 7875.00000 7220.01365  8.32%   237 5196s
 242343 135686 7261.24183   62  184 7875.00000 7222.05368  8.29%   237 5202s
 242965 135744     cutoff   52      7875.00000 7223.12610  8.28%   237 5208s
 243640 135945 7248.16580   56  387 7875.00000 7223.12610  8.28%   236 5215s
 244451 137292 7473.60976  298  372 7875.00000 7223.12610  8.28%   236 5240s
 247056 138801 7505.07548  334  356 7875.00000 7228.09754  8.21%   237 5257s
 249046 140101 7502.18954  369  406 7875.00000 7228.09754  8.21%   237 5274s
 251102 140346 7262.66245   51  881 7875.00000 7261.73453  7.79%   238 5981s
 251104 140349 7262.68218   52  911 7875.00000 7262.66829  7.78%   238 5986s
 251108 140356 7262.89894   53  830 7875.00000 7262.68327  7.78%   238 5990s
 251116 140369 7263.00696   54  878 7875.00000 7262.89894  7.77%   238 5995s
 251132 140395 7263.15164   55  762 7875.00000 7263.01121  7.77%   238 6001s
 251196 140426 7263.28156   57  839 7875.00000 7263.15807  7.77%   238 6010s
 251237 140452 7264.12537   58  871 7875.00000 7263.15807  7.77%   238 6017s
 251302 140458 7288.40338   58  491 7875.00000 7263.15807  7.77%   238 6023s
 251335 140471 7275.89587   59  643 7875.00000 7263.15807  7.77%   238 6028s
 251370 140484 7277.04823   59  874 7875.00000 7263.15807  7.77%   238 6034s
 251405 140501 7286.33930   60  667 7875.00000 7263.15807  7.77%   238 6039s
 251437 140518 7314.19902   60  440 7875.00000 7263.15807  7.77%   239 6044s
 251470 140535 7313.22072   61  550 7875.00000 7263.15807  7.77%   239 6049s
 251504 140552 7294.66673   61  529 7875.00000 7263.15807  7.77%   239 6056s
 251556 140565 7312.56813   62  447 7875.00000 7263.15807  7.77%   239 6062s
 251600 140596 7306.97510   62  488 7875.00000 7263.15807  7.77%   239 6067s
 251663 140600 7314.37837   63  456 7875.00000 7263.15807  7.77%   239 6073s
 251698 140606 7430.76102   63  394 7875.00000 7277.04829  7.59%   239 6078s
 251739 140614 7315.35937   64  544 7875.00000 7277.04829  7.59%   239 6083s
 251779 140627 7373.56196   64  297 7875.00000 7277.04829  7.59%   239 6088s
 251823 140635 7319.38101   65  432 7875.00000 7277.04829  7.59%   239 6094s
 251877 140642 7319.54644   65  459 7875.00000 7277.04859  7.59%   239 6100s
 251938 140652 7322.96671   66  442 7875.00000 7287.48057  7.46%   240 6105s
 251993 140662     cutoff   66      7875.00000 7287.48057  7.46%   240 6111s
 252066 140661 7350.68389   67  397 7875.00000 7289.02144  7.44%   240 6116s
 252143 140659 7352.17433   68  447 7875.00000 7289.02144  7.44%   240 6123s
 252230 140668 7357.27217   68  413 7875.00000 7296.74085  7.34%   240 6128s
 252317 140670 7369.63273   69  346 7875.00000 7296.74085  7.34%   240 6135s
 252430 140655 7480.12640   69  378 7875.00000 7296.74085  7.34%   241 6141s
 252545 140662 7439.00840   70  288 7875.00000 7300.25051  7.30%   241 6148s
 252676 140674 7440.76111   71  276 7875.00000 7300.25051  7.30%   241 6155s
 252812 140678 7455.74028   76  262 7875.00000 7300.25051  7.30%   241 6162s
 252958 140684     cutoff   78      7875.00000 7302.40272  7.27%   241 6169s
 253131 140674 7472.34446   84  311 7875.00000 7302.40272  7.27%   242 6176s
 253319 140659 7480.06907   92  312 7875.00000 7302.40272  7.27%   242 6183s
 253507 140635 7503.01960   98  350 7875.00000 7302.40272  7.27%   242 6191s
 253676 140634     cutoff  104      7875.00000 7302.40272  7.27%   242 6198s
 253870 140623     cutoff  113      7875.00000 7320.24376  7.04%   242 6207s
 254070 140632 7349.79775   65  405 7875.00000 7324.14637  6.99%   243 6215s
 254293 140614 7477.29405   68  305 7875.00000 7324.22684  6.99%   243 6224s
 254544 140617 7515.91267   73  221 7875.00000 7331.01218  6.91%   243 6232s
 254805 140620 7406.76995   66  319 7875.00000 7331.01218  6.91%   243 6242s
 255070 140619 7471.03708   70  310 7875.00000 7336.68350  6.84%   244 6250s
 255332 140645 7487.77019   83  300 7875.00000 7336.68350  6.84%   244 6260s
 255593 140637 7508.41824   94  305 7875.00000 7338.62260  6.81%   244 6270s
 255889 140599 infeasible  105      7875.00000 7340.53968  6.79%   244 6280s
 256146 140583 7526.87706   64  301 7875.00000 7340.69798  6.78%   245 6291s
 256437 140556 7481.22357   68  333 7875.00000 7345.60634  6.72%   245 6301s
 256753 140532 7499.55339   80  358 7875.00000 7345.60634  6.72%   246 6311s
 257092 140491 7434.29531   65  350 7875.00000 7345.60634  6.72%   246 6322s
 257434 140488 7413.70417   72  297 7875.00000 7351.71357  6.64%   247 6334s
 257849 140436 7543.52454   75  162 7875.00000 7364.94582  6.48%   247 6347s
 258254 140382 7539.94400   62  260 7875.00000 7367.29293  6.45%   247 6360s
 258684 140241     cutoff   67      7875.00000 7369.32676  6.42%   248 6371s
 258733 140225     cutoff   66      7875.00000 7369.32676  6.42%   248 6384s
 258845 140331 7502.82611   67  283 7875.00000 7369.32676  6.42%   248 6396s
 259353 140450 7531.03305  103  277 7875.00000 7369.32676  6.42%   249 6410s
 260214 141837 7551.18659  199  455 7875.00000 7380.04604  6.29%   249 6443s
 262393 144132 7463.17379   95  359 7875.00000 7384.32498  6.23%   250 6470s
 264995 146174 7512.91109  147  421 7875.00000 7384.32498  6.23%   250 6494s
 267912 146417 7425.42905   42  798 7875.00000 7425.42905  5.71%   250 7317s
 267914 146420 7425.44865   43  708 7875.00000 7425.42905  5.71%   250 7321s
 267918 146427 7425.45266   44  767 7875.00000 7425.45266  5.71%   250 7325s
 267926 146440 7425.51635   45  891 7875.00000 7425.45541  5.71%   250 7331s
 267942 146460 7427.16456   46  656 7875.00000 7425.51675  5.71%   250 7338s
 267974 146476 7428.15159   47  666 7875.00000 7425.53600  5.71%   250 7346s
 268006 146500 7431.79645   48  692 7875.00000 7425.79192  5.70%   250 7356s
 268041 146521 7432.43824   49  651 7875.00000 7431.80633  5.63%   250 7366s
 268073 146539 7452.65543   49  567 7875.00000 7432.43962  5.62%   250 7379s
 268106 146564 7432.94016   50  657 7875.00000 7432.53322  5.62%   250 7388s
 268144 146597 7503.23704   50  471 7875.00000 7432.94288  5.61%   250 7397s
 268193 146618 7433.34738   51  695 7875.00000 7432.97385  5.61%   250 7406s
 268233 146661 7480.41621   51  461 7875.00000 7433.35372  5.61%   250 7414s
 268291 146687 7433.89963   52  654 7875.00000 7433.62701  5.60%   251 7424s
 268342 146712 7449.90382   53  541 7875.00000 7433.62701  5.60%   251 7435s
 268397 146730 7446.35924   53  497 7875.00000 7433.62701  5.60%   251 7444s
 268454 146764 7450.19872   54  450 7875.00000 7435.80584  5.58%   251 7452s
 268510 146793 7451.24938   55  519 7875.00000 7435.80584  5.58%   251 7462s
 268567 146819 7451.48720   56  531 7875.00000 7435.80584  5.58%   251 7471s
 268633 146835 7452.42542   57  557 7875.00000 7435.80584  5.58%   251 7481s
 268699 146857 7453.31093   58  572 7875.00000 7437.54334  5.56%   252 7488s
 268760 146887 7453.84128   59  504 7875.00000 7437.54334  5.56%   252 7497s
 268827 146911 7454.29998   60  551 7875.00000 7438.09727  5.55%   252 7505s
 268898 146942 7472.13420   61  363 7875.00000 7438.09727  5.55%   252 7512s
 268974 146961 7474.51393   62  436 7875.00000 7438.09727  5.55%   252 7520s
 269047 146990 7579.45552   63  276 7875.00000 7438.09727  5.55%   252 7528s
 269122 147017 7484.84825   64  376 7875.00000 7438.09727  5.55%   252 7537s
 269204 147052 7478.97356   66  403 7875.00000 7438.09727  5.55%   252 7546s
 269301 147084 7491.38469   68  294 7875.00000 7438.09727  5.55%   252 7555s
 269398 147122 7491.90531   69  292 7875.00000 7438.09727  5.55%   252 7564s
 269511 147149 7550.26722   71  273 7875.00000 7438.09727  5.55%   252 7574s
 269632 147171 7508.95650   73  339 7875.00000 7439.49133  5.53%   252 7585s
 269751 147200     cutoff   77      7875.00000 7439.49133  5.53%   252 7597s
 269894 147225 7519.88775   80  333 7875.00000 7439.49133  5.53%   252 7607s
 270038 147276 7524.74720   85  408 7875.00000 7439.49133  5.53%   252 7618s
 270191 147320 7530.76823   89  354 7875.00000 7439.49133  5.53%   253 7629s
 270366 147370 7534.49696   96  335 7875.00000 7439.49133  5.53%   253 7640s
 270607 147416 7538.06923  103  350 7875.00000 7439.49133  5.53%   253 7652s
 270888 147351 7541.07023  111  371 7875.00000 7439.49133  5.53%   253 7663s
 270935 147458     cutoff  111      7875.00000 7439.49133  5.53%   253 7676s
 271213 147548 7545.85528  117  390 7875.00000 7440.53550  5.52%   253 7688s
 271558 147604 7566.21897  124  412 7875.00000 7441.44301  5.51%   253 7700s
 271935 147664 7570.78534  130  252 7875.00000 7441.44301  5.51%   253 7712s
 272345 147726 7559.59945  139  342 7875.00000 7441.98848  5.50%   253 7725s
 272775 147766 7564.60826  149  279 7875.00000 7442.17392  5.50%   253 7738s
 273175 147802     cutoff  163      7875.00000 7442.17392  5.50%   253 7751s
 273559 147897 7583.32613  180  306 7875.00000 7442.19947  5.50%   254 7764s
 273963 148008 7581.58910  194  227 7875.00000 7442.19947  5.50%   254 7778s
 274379 148150 7537.42433   52  338 7875.00000 7442.19947  5.50%   254 7793s
 274827 148303     cutoff   61      7875.00000 7443.91695  5.47%   254 7807s
 275297 148435 7525.85289   62  379 7875.00000 7444.69257  5.46%   254 7823s
 275784 148533 7460.31644   81  225 7875.00000 7445.21402  5.46%   254 7831s
 276352 148522 7487.62844   91  201 7875.00000 7445.21402  5.46%   254 7836s
 276793 148544 7499.99645  101  299 7875.00000 7447.78234  5.42%   254 7841s
 277255 148577 7514.74623  108  295 7875.00000 7447.78234  5.42%   254 7846s
 277700 148693 7489.96729   67  166 7875.00000 7447.78234  5.42%   254 7851s
 278185 148785     cutoff   57      7875.00000 7449.05916  5.41%   254 7856s
 278696 148929 7496.38963   52  142 7875.00000 7450.20413  5.39%   254 7861s
 279270 148934 7477.92230   76  349 7875.00000 7450.20413  5.39%   254 7866s
 279719 149044 7484.99382   78  251 7875.00000 7450.20413  5.39%   254 7871s
 280362 149123 7498.78781   87  233 7875.00000 7453.06472  5.36%   254 7876s
 280990 149127 7486.39698   51  161 7875.00000 7453.45845  5.35%   254 7882s
 281542 149289 7502.78858   69  169 7875.00000 7454.38965  5.34%   254 7888s
 282198 149479     cutoff   60      7875.00000 7454.91810  5.33%   253 7894s
 282900 149592 7482.51959   62  213 7875.00000 7455.24136  5.33%   253 7900s
 283488 149935 7512.74910   72  156 7875.00000 7455.38171  5.33%   253 7906s
 284328 150030 7480.39292   57  235 7875.00000 7456.14287  5.32%   253 7912s
 285110 150261 7490.74464   55  220 7875.00000 7457.04860  5.31%   253 7919s
 286017 150416 7491.84654   66  232 7875.00000 7458.01680  5.30%   253 7925s
 286899 150635 7468.72514   47  248 7875.00000 7458.05337  5.29%   252 7932s
 287847 150888 7478.06895   78  300 7875.00000 7459.16496  5.28%   252 7938s
 288771 151110 7464.78930   50  241 7875.00000 7459.96599  5.27%   252 7944s
 289556 151203 7507.27692   75  144 7875.00000 7459.96599  5.27%   252 7952s
 290297 151253 7505.72533   54   69 7875.00000 7460.31644  5.27%   251 7959s
 291221 151348 7484.97669   81  259 7875.00000 7460.51963  5.26%   251 7966s
 292438 151326 7478.17129   68  270 7875.00000 7461.00888  5.26%   251 7973s
 293479 151615 7477.02749   51  167 7875.00000 7461.83701  5.25%   251 7981s
 294731 151895 7477.94681   56  146 7875.00000 7462.11353  5.24%   251 7988s
 295910 152060 7492.30242   67  365 7875.00000 7462.39543  5.24%   251 7995s
 296814 152078 7480.50364   64  424 7875.00000 7468.70508  5.16%   250 8000s
 297320 152208 7498.48319   68  250 7875.00000 7468.70508  5.16%   250 8005s
 298431 152445 7485.58227   70  270 7875.00000 7469.58882  5.15%   249 8014s
 298996 152590 7497.39579   86  281 7875.00000 7470.94076  5.13%   249 8018s
 299602 152701 7505.19792  108  272 7875.00000 7470.94076  5.13%   249 8023s
 300249 152803 7488.93299   58  257 7875.00000 7472.49125  5.11%   249 8028s
 300826 152951 7497.99835   87  186 7875.00000 7472.49125  5.11%   248 8032s
 301529 153108     cutoff   60      7875.00000 7474.00392  5.09%   248 8037s
 302193 153368 7498.45841   63  291 7875.00000 7474.00392  5.09%   248 8041s
 303048 153474     cutoff   51      7875.00000 7474.93235  5.08%   247 8046s
 303862 153740 7492.88372   54  241 7875.00000 7475.05949  5.08%   247 8051s
 304785 154004 7493.95949   67  244 7875.00000 7476.03973  5.07%   247 8055s
 305747 154144 7486.57793   65  289 7875.00000 7476.64615  5.06%   246 8060s
 306594 154306 7500.23188   80  267 7875.00000 7477.09975  5.05%   246 8065s
 307521 154530 7500.50030   49  305 7875.00000 7477.09975  5.05%   245 8070s
 308546 154537 7492.77278   59  133 7875.00000 7477.09975  5.05%   245 8076s
 309574 154528 7488.23428   54  212 7875.00000 7479.25711  5.03%   244 8082s
 310687 154568     cutoff   61      7875.00000 7480.00939  5.02%   244 8087s
 311956 154617 7496.12416   78  336 7875.00000 7480.17110  5.01%   243 8093s
 313136 154748 7496.70514   60  233 7875.00000 7480.44089  5.01%   243 8099s
 314385 154800 7493.91769   61  202 7875.00000 7481.65388  4.99%   242 8106s
 315633 154534 7641.49591   66  225 7875.00000 7482.18440  4.99%   242 8120s
 316432 154386 7642.15337   72  329 7875.00000 7488.24546  4.91%   242 8130s
 316917 154306 7573.59239   69  361 7875.00000 7493.15179  4.85%   243 8139s
 317404 154299 7570.31305   69  285 7875.00000 7498.26381  4.78%   243 8148s
 317915 154305 7644.21922   72  255 7875.00000 7504.28068  4.71%   243 8158s
 318460 154274     cutoff   69      7875.00000 7506.53419  4.68%   244 8168s
 319098 154323     cutoff   68      7875.00000 7510.17756  4.63%   244 8179s
 319790 154208 7628.23269   69  292 7875.00000 7513.40380  4.59%   244 8189s
 320398 154208 7536.63644   66  349 7875.00000 7519.89529  4.51%   245 8200s
 321063 154052 infeasible   85      7875.00000 7522.40658  4.48%   245 8211s
 321755 153963 infeasible   62      7875.00000 7526.42905  4.43%   246 8222s
 322518 153896 7549.07182   71  368 7875.00000 7526.42905  4.43%   246 8234s
 323319 153804 7629.92214   68  247 7875.00000 7535.82722  4.31%   246 8246s
 324175 153641 infeasible   78      7875.00000 7539.67818  4.26%   247 8259s
 325017 153587 7604.00445   69  339 7875.00000 7543.99006  4.20%   247 8272s
 326063 153418 infeasible   64      7875.00000 7548.48450  4.15%   248 8284s
 327071 153217 7590.23469   58  259 7875.00000 7556.68125  4.04%   248 8298s
 327985 153548     cutoff   82      7875.00000 7559.60314  4.01%   248 8311s
 329601 153831     cutoff   90      7875.00000 7563.55585  3.95%   248 8325s
 331696 153772     cutoff   66      7875.00000 7564.79593  3.94%   248 8338s
 333463 153690 7589.54214  112  260 7875.00000 7572.79548  3.84%   247 8351s
 335193 153806     cutoff   76      7875.00000 7576.23500  3.79%   247 8377s
 337902 153241 7711.57034   66  402 7875.00000 7580.90771  3.73%   247 8396s
 338445 153394 7687.76152   57  356 7875.00000 7581.19528  3.73%   247 8410s
 339070 153435 7648.12524   50  401 7875.00000 7581.19528  3.73%   247 8422s
 339538 153482 7662.89142   52  347 7875.00000 7581.74925  3.72%   247 8434s
 339966 153594 7697.77616   55  330 7875.00000 7581.74925  3.72%   247 8446s
 340587 153686 7620.51622   56  351 7875.00000 7581.74925  3.72%   248 8458s
 341095 153831 7654.73537   65  266 7875.00000 7583.33782  3.70%   248 8471s
 341703 153974 7668.90036   83  351 7875.00000 7583.33782  3.70%   248 8485s
 342311 154126 7662.04968   56  444 7875.00000 7583.90002  3.70%   248 8498s
 342902 154418 7708.37442   61  269 7875.00000 7583.90002  3.70%   248 8511s
 343709 154720 7604.78586   58  347 7875.00000 7583.90002  3.70%   248 8525s
 344574 154966 7629.13991   76  404 7875.00000 7583.90002  3.70%   249 8539s
 345385 155293     cutoff   74      7875.00000 7590.91281  3.61%   249 8554s
 346251 155565 7628.73899   63  357 7875.00000 7592.16920  3.59%   249 8568s
 347032 155953 7701.13290   66  339 7875.00000 7595.46664  3.55%   249 8583s
 347956 156436 7645.04093   65  320 7875.00000 7595.84159  3.54%   249 8598s
 349150 156552 infeasible   68      7875.00000 7595.84159  3.54%   249 8614s
 350049 156856 7703.81416   70  381 7875.00000 7596.42247  3.54%   249 8629s
 351007 157211 7654.32830   68  340 7875.00000 7600.40327  3.49%   250 8645s
 352173 157683 7693.69942   60  246 7875.00000 7600.44394  3.49%   250 8661s
 353575 158082 7630.44074   52  453 7875.00000 7601.65867  3.47%   250 8678s
 354731 157754 7697.40663   83  319 7875.00000 7602.94644  3.45%   250 8695s
 354799 158403 7697.87673   84  293 7875.00000 7602.94644  3.45%   250 8712s
 355766 159071 7638.99745   62  297 7875.00000 7602.94644  3.45%   250 8730s
 357234 158977 7644.10396   55  358 7875.00000 7604.46950  3.44%   250 8750s
 357956 159684 7639.94904   92  163 7875.00000 7607.55702  3.40%   250 8761s
 359828 159671 7647.02643   82  152 7875.00000 7608.10688  3.39%   250 8770s
 361213 160538 7625.74208   67  232 7875.00000 7608.80579  3.38%   250 8783s
 363605 160062 7630.79544   70  131 7875.00000 7609.89930  3.37%   249 8791s
 364207 160297 7639.13992   85  216 7875.00000 7610.04473  3.36%   249 8800s
 365096 160791 7636.54439   62  241 7875.00000 7610.11068  3.36%   249 8809s
 367037 160782     cutoff   65      7875.00000 7611.16866  3.35%   248 8819s
 368556 160999 7641.62364   88  207 7875.00000 7611.49320  3.35%   248 8829s
 370296 161298 7615.95220   67  305 7875.00000 7612.30519  3.34%   248 8839s
 372105 161816 infeasible  103      7875.00000 7613.06661  3.33%   247 8850s
 374164 162144 7658.85834   64  140 7875.00000 7613.65485  3.32%   247 8860s
 376085 162655 7652.45286   70  194 7875.00000 7613.92759  3.32%   247 8870s
 378311 162984 7626.22146   59  199 7875.00000 7614.73974  3.30%   246 8881s
 380280 163495 7652.47835   85  182 7875.00000 7615.71606  3.29%   246 8893s
 382788 163724     cutoff   66      7875.00000 7616.32442  3.28%   245 8904s
 385143 163685 7633.64391   59  370 7875.00000 7616.90885  3.28%   245 8914s
 387357 163654 7622.43798   43  331 7875.00000 7617.89163  3.26%   244 8928s
 389768 163390 7631.55227   72  384 7875.00000 7618.63473  3.26%   243 8934s
 391183 163369 7636.16380   56  333 7875.00000 7619.17638  3.25%   243 8941s
 392673 163198 7634.40603   78  356 7875.00000 7619.88226  3.24%   242 8948s
 394291 163013 7633.09328   65  308 7875.00000 7620.75096  3.23%   242 8956s
 395575 163149 7634.22947   92  320 7875.00000 7621.23006  3.22%   241 8963s
 397497 163009     cutoff   62      7875.00000 7621.96720  3.21%   240 8972s
 399338 163005     cutoff   63      7875.00000 7622.77870  3.20%   240 8980s
 401357 162836 7633.78429   48  132 7875.00000 7623.68343  3.19%   239 8988s
 403508 162366 7642.24472   73  267 7875.00000 7624.12605  3.19%   238 8996s
 405196 162247 7636.42598   57  204 7875.00000 7624.78355  3.18%   238 9004s
 407536 161754     cutoff   62      7875.00000 7625.50057  3.17%   237 9013s
 410020 161047 7641.85333   99   55 7875.00000 7626.36566  3.16%   236 9022s
 411762 162372 7651.78241  123  340 7875.00000 7626.91368  3.15%   236 9046s
 416529 161702 7685.39127  116  251 7875.00000 7633.55822  3.07%   235 9055s
 418456 162219 7659.24411   78  300 7875.00000 7636.19498  3.03%   234 9063s
 420320 162846 7667.02864  133  233 7875.00000 7637.97490  3.01%   234 9072s
 422284 163023 7688.35764  105   91 7875.00000 7639.74632  2.99%   233 9082s
 424042 163208 7659.46877   79  196 7875.00000 7641.06936  2.97%   233 9091s
 425973 163647 7676.44398   93  262 7875.00000 7642.33027  2.95%   232 9101s
 428118 164103 7663.88876   73  245 7875.00000 7642.86474  2.95%   232 9111s
 430349 164554 7691.93628   94  213 7875.00000 7644.27927  2.93%   231 9121s
 432601 165050 7677.86525   95  236 7875.00000 7645.36695  2.92%   231 9131s
 434987 165362 7666.71660  130  303 7875.00000 7646.59863  2.90%   230 9142s
 437248 165982 7672.63862   92  208 7875.00000 7647.26410  2.89%   230 9153s
 439720 166036 7762.84979   71  305 7875.00000 7648.68677  2.87%   229 9184s
 441186 167021 7739.77754   60  395 7875.00000 7649.30682  2.87%   229 9220s
 443362 167527 7678.78444   74  499 7875.00000 7650.65208  2.85%   230 9241s
 444950 168533 7693.14850  130  453 7875.00000 7650.65208  2.85%   230 9260s
 446812 168901 7715.80182  191  459 7875.00000 7651.51894  2.84%   230 9281s
 448087 170090 7725.98899  222  410 7875.00000 7651.51894  2.84%   229 9301s
 450154 170590 7745.09838  315  376 7875.00000 7652.62984  2.82%   229 9323s
 451841 171500 7687.35428   67  297 7875.00000 7653.32089  2.81%   229 9343s
 453707 172198 7722.81795   61  332 7875.00000 7653.32089  2.81%   229 9364s
 455369 172844 7758.79514  116  326 7875.00000 7653.32089  2.81%   229 9386s
 457177 173314 7749.91339   69  369 7875.00000 7653.32089  2.81%   229 9410s
 459194 173308 infeasible   99      7875.00000 7656.89598  2.77%   229 9435s
 461089 173515 infeasible  167      7875.00000 7657.77965  2.76%   229 9461s
 463095 174261 7757.70286   55  306 7875.00000 7658.06264  2.75%   230 9486s
 465488 174571 7679.00141   73  199 7875.00000 7658.11238  2.75%   230 9503s
 468402 174114 7696.15567   85  134 7875.00000 7658.47674  2.75%   229 9516s
 470018 174620 infeasible   85      7875.00000 7658.76141  2.75%   229 9531s
 472565 175873 7702.34837   60  247 7875.00000 7659.63451  2.73%   229 9550s
 477427 174994 7679.85171   84  173 7875.00000 7660.74045  2.72%   228 9561s
 479690 174570     cutoff   83      7875.00000 7661.14161  2.72%   228 9573s
 480428 175237 7672.72057   50  133 7875.00000 7661.14161  2.72%   228 9586s
 482910 175682 7676.09848   69  258 7875.00000 7662.04975  2.70%   227 9601s
 486347 175457     cutoff  104      7875.00000 7662.54095  2.70%   227 9615s
 489033 175521 7681.18504   80  189 7875.00000 7663.38204  2.69%   227 9629s
 491971 176266 7668.02725   84  250 7875.00000 7663.80114  2.68%   226 9644s
 495897 175905 7682.77705   90  243 7875.00000 7664.63858  2.67%   226 9659s
 499325 174996     cutoff  102      7875.00000 7665.05409  2.67%   225 9673s
 503465 173691 7676.02495   77  335 7875.00000 7666.30287  2.65%   224 9682s
 505591 172848     cutoff   53      7875.00000 7666.97193  2.64%   224 9699s
 510560 170987 7675.58847   78  169 7875.00000 7668.25405  2.63%   222 9708s
 513242 169536     cutoff   55      7875.00000 7669.20670  2.61%   222 9717s
 516111 167891     cutoff   57      7875.00000 7670.04452  2.60%   221 9726s
 519169 166213     cutoff   96      7875.00000 7670.87708  2.59%   220 9736s
 522120 164023 7677.95118   68  217 7875.00000 7671.65141  2.58%   219 9746s
 525882 160901     cutoff  112      7875.00000 7672.67985  2.57%   218 9756s
 529876 157555 7677.13981   93  252 7875.00000 7673.79734  2.55%   217 9765s
 533293 160786     cutoff  109      7875.00000 7674.84135  2.54%   216 9796s
 541294 159561 7703.34549   92  298 7875.00000 7676.73952  2.52%   215 9807s
 543935 159387 7696.78563   93  212 7875.00000 7677.52829  2.51%   214 9819s
 545564 160400     cutoff  109      7875.00000 7677.82318  2.50%   214 9831s
 548338 160746 7701.05323   99  272 7875.00000 7678.53117  2.49%   213 9844s
 551098 161694     cutoff   76      7875.00000 7679.20422  2.49%   213 9858s
 555056 162616 7710.81659   95  256 7875.00000 7680.09107  2.48%   212 9872s
 559068 163095 7717.13931   93  275 7875.00000 7680.94074  2.46%   211 9885s
 562791 163932     cutoff  103      7875.00000 7681.50617  2.46%   211 9917s
H572185 160801                    7873.0000000 7683.04036  2.41%   209 9917s
 572185 163483 7725.83118  105  485 7873.00000 7683.04036  2.41%   209 9961s
 576306 164004 7768.05761  275  414 7873.00000 7684.12757  2.40%   209 9986s
 578903 166634 7758.33090   75  327 7873.00000 7684.95717  2.39%   209 10036s
 583842 166804 7760.06251   97  265 7873.00000 7686.46796  2.37%   209 10063s
 586253 167073 7782.15234   98  370 7873.00000 7687.45010  2.36%   209 10092s
 587882 168912 7705.86109   58  440 7873.00000 7687.82089  2.35%   209 10123s
 590833 169668 7747.00181  137  369 7873.00000 7687.82089  2.35%   209 10153s
 593489 171446 7757.98840  106  291 7873.00000 7688.73090  2.34%   209 10187s
 597057 173013 7785.76675   78  353 7873.00000 7688.97182  2.34%   209 10220s
 600589 174874     cutoff  100      7873.00000 7689.61407  2.33%   209 10254s
 604524 176360 7739.56564   80  354 7873.00000 7690.18335  2.32%   209 10285s
 608043 176894 7726.29989   75  173 7873.00000 7690.66835  2.32%   209 10306s
 612854 176793     cutoff   58      7873.00000 7691.42329  2.31%   209 10327s
 617446 176319 7711.30038   66  183 7873.00000 7692.37421  2.29%   208 10343s
 621241 176022 7724.15660   78  147 7873.00000 7692.98682  2.29%   208 10357s
 624716 175747     cutoff   97      7873.00000 7693.51558  2.28%   208 10371s
 628056 175879 7721.32677   73  204 7873.00000 7693.94429  2.27%   207 10385s
 631739 175641 7716.76011   84  133 7873.00000 7694.42605  2.27%   207 10399s
 635154 175600     cutoff   85      7873.00000 7694.80901  2.26%   207 10413s
 638449 176102 7721.82045   81  204 7873.00000 7695.43994  2.26%   206 10427s
 641199 176854     cutoff   66      7873.00000 7695.86715  2.25%   206 10441s
 644631 178352 7712.70944  107  206 7873.00000 7696.28936  2.24%   206 10462s
 649784 178997 7707.30695   63  171 7873.00000 7696.75534  2.24%   205 10474s
 652961 176131     cutoff   64      7873.00000 7697.36983  2.23%   205 10483s
 657367 171882     cutoff  108      7873.00000 7698.91693  2.21%   204 10490s
 660980 167665     cutoff   73      7873.00000 7699.54647  2.20%   203 10495s
 667916 168439 7735.21013   77  253 7873.00000 7705.50838  2.13%   201 10527s
 676385 168511     cutoff   96      7873.00000 7706.79841  2.11%   200 10539s
 678621 167324 7726.78208   96  282 7873.00000 7706.95216  2.11%   200 10552s
 682339 168812 7726.36901   79  259 7873.00000 7707.66126  2.10%   200 10564s
 685853 170393 7728.26586   88  180 7873.00000 7708.15319  2.09%   199 10577s
 689307 173262     cutoff  127      7873.00000 7708.48169  2.09%   199 10604s
 697139 173627 7724.03671   77  296 7873.00000 7709.33790  2.08%   198 10615s
 698380 175280 7718.90355  148  285 7873.00000 7709.44680  2.08%   198 10629s
 702235 176560 7713.70999   79  280 7873.00000 7710.07622  2.07%   197 10642s
 705840 178214     cutoff   87      7873.00000 7710.41611  2.07%   197 10654s
 709432 179463 7722.89086   89  206 7873.00000 7710.76605  2.06%   196 10666s
H712861 179463                    7871.0000000 7711.14510  2.03%   196 10666s
 712861 183266 7749.23922   61  336 7871.00000 7711.14510  2.03%   196 10720s
 717807 184338 7740.02516   93  428 7871.00000 7711.67672  2.02%   196 10755s
 721542 185379 7715.66049   63  434 7871.00000 7712.13627  2.02%   196 10788s
 724767 187203 7799.77355   71  191 7871.00000 7712.63441  2.01%   196 10821s
 728749 188636 7745.87831   66  394 7871.00000 7713.15758  2.01%   196 10851s
 732372 190114 7800.16900   70  334 7871.00000 7713.43367  2.00%   196 10881s
 736114 190944 7750.88156   63  319 7871.00000 7713.61387  2.00%   196 10912s
 738041 193521 7756.98049   78  426 7871.00000 7714.22864  1.99%   196 10943s
 741594 195725 7783.60267  119  449 7871.00000 7714.27408  1.99%   196 10974s
 744775 198545 7761.18141   90  360 7871.00000 7715.17388  1.98%   196 11021s
 748886 201163 7784.30994   65  240 7871.00000 7715.50668  1.98%   196 11059s
 752501 203681     cutoff  106      7871.00000 7715.60185  1.97%   196 11093s
 755905 204860 7789.34620  105  320 7871.00000 7716.46529  1.96%   196 11128s
 757965 205576 7724.72649   71  164 7871.00000 7716.65572  1.96%   196 11147s
 762604 206232 7746.92649   87   96 7871.00000 7717.34316  1.95%   196 11161s
 766117 206796 7746.70338   91  160 7871.00000 7717.92193  1.94%   196 11174s
 769395 207382 7745.20211   65  247 7871.00000 7718.33784  1.94%   196 11187s
 772659 208006     cutoff   59      7871.00000 7718.92649  1.93%   195 11200s
 776071 208549 7723.65617   50  255 7871.00000 7719.34954  1.93%   195 11214s
 779590 209129 7740.59616   74  226 7871.00000 7719.69704  1.92%   195 11233s
 784102 209375     cutoff   59      7871.00000 7720.30723  1.91%   195 11246s
 787649 209699     cutoff   64      7871.00000 7720.57907  1.91%   194 11259s
 790973 209854 7744.53550   69  144 7871.00000 7721.12126  1.90%   194 11273s
 794508 210014 7736.21532   72  214 7871.00000 7721.81472  1.90%   194 11285s
 797690 210221 7736.22624   78  138 7871.00000 7722.11105  1.89%   194 11298s
 801010 210377 infeasible   90      7871.00000 7722.65775  1.88%   194 11312s
 804608 210409 7742.59789   75  147 7871.00000 7723.08661  1.88%   193 11325s
 808029 212941 7746.38577  136  186 7871.00000 7723.52334  1.87%   193 11347s
 815040 215239 7736.88766   79  259 7871.00000 7724.11518  1.87%   192 11373s
 822243 216354 7729.79612   90  307 7871.00000 7724.70494  1.86%   192 11383s
 825393 216995 7738.83577   89   87 7871.00000 7725.11463  1.85%   191 11395s
 827420 218055 7731.15242   90  306 7871.00000 7725.14136  1.85%   191 11408s
 831094 219028 7745.22775  127  187 7871.00000 7725.60853  1.85%   191 11421s
 834649 220036 7736.28926   83  262 7871.00000 7725.89977  1.84%   190 11433s
 838250 221073 7736.94618   69  229 7871.00000 7726.17749  1.84%   190 11443s
 841662 221958     cutoff   79      7871.00000 7726.37954  1.84%   190 11455s
 844942 223703 7744.88177   77  186 7871.00000 7726.66440  1.83%   189 11478s
 851499 224569 7738.74373   96  196 7871.00000 7727.12366  1.83%   189 11490s
 854767 225466 7745.81846   92  256 7871.00000 7727.38569  1.82%   189 11501s
 858152 228614 7807.86425   95  376 7871.00000 7727.65048  1.82%   188 11546s
 863170 231320 7787.26731   96  303 7871.00000 7728.29129  1.81%   188 11575s
 866573 234252 7782.04178  119  410 7871.00000 7728.36669  1.81%   188 11606s
 870282 236573 7791.47481   86  200 7871.00000 7728.73971  1.81%   188 11634s
 873629 238108 7788.31626   90  273 7871.00000 7729.23059  1.80%   188 11663s
 876154 241568 7802.79728  107  264 7871.00000 7729.75445  1.79%   189 11709s
 881188 241711 7733.63456  109  424 7871.00000 7729.96526  1.79%   189 11738s
 881594 243872 7734.28569  110  365 7871.00000 7729.96526  1.79%   189 11770s
 885166 245585 7741.74115  121  406 7871.00000 7730.56978  1.78%   189 11804s
 888532 247221 7749.30987  136  471 7871.00000 7730.88176  1.78%   189 11837s
 891987 249088 7799.71784  150  311 7871.00000 7731.02797  1.78%   189 11868s
 895559 250940 7774.24270  166  411 7871.00000 7731.35555  1.77%   189 11900s
 898481 252758 infeasible  187      7871.00000 7731.57579  1.77%   189 11931s
 901807 254993 7815.13064  114  250 7871.00000 7731.88100  1.77%   189 11963s
 905146 258219     cutoff   76      7871.00000 7732.49634  1.76%   189 12008s
 909821 258272 7734.49604   58  188 7871.00000 7732.92096  1.75%   189 12025s
 913746 258267 7745.18854   72  200 7871.00000 7733.30854  1.75%   189 12039s
 915280 258032     cutoff   64      7871.00000 7733.50345  1.75%   189 12057s
 919995 257920 7737.60250   74  144 7871.00000 7734.15342  1.74%   189 12070s
 923336 257749     cutoff   68      7871.00000 7734.70914  1.73%   189 12082s
 926773 257604     cutoff   74      7871.00000 7735.16034  1.73%   188 12094s
 930400 257247     cutoff   94      7871.00000 7735.59535  1.72%   188 12107s
 933691 256775 7743.53325   63  186 7871.00000 7735.97041  1.72%   188 12119s
 937152 256185 7756.09187   62  136 7871.00000 7736.37877  1.71%   188 12131s
 940903 255683     cutoff   76      7871.00000 7736.99088  1.70%   187 12142s
 944331 255077 7752.89218   58  237 7871.00000 7737.58189  1.70%   187 12153s
 948068 254617 7749.13431   81  176 7871.00000 7737.96435  1.69%   187 12165s
 951673 253986 7741.82677   53  150 7871.00000 7738.41716  1.68%   187 12175s
 955096 253359 7744.39301   60  156 7871.00000 7738.86854  1.68%   186 12187s
 957482 252463 7747.00293   88  182 7871.00000 7738.90771  1.68%   186 12198s
 961512 254103 7749.92798   91  277 7871.00000 7739.59414  1.67%   186 12218s
 967669 254399     cutoff   80      7871.00000 7740.02426  1.66%   185 12229s
 969421 255378 7755.14100   96  284 7871.00000 7740.18110  1.66%   185 12242s
 973598 256020 7755.83499   84  209 7871.00000 7740.40281  1.66%   185 12254s
 977188 257528 7758.48871   93  307 7871.00000 7740.68499  1.66%   185 12276s
 983430 257538     cutoff   92      7871.00000 7741.07110  1.65%   184 12287s
 983482 257727 7757.58499   89  182 7871.00000 7741.10084  1.65%   184 12297s
 984404 258310     cutoff   86      7871.00000 7741.10084  1.65%   184 12310s
 988209 258908 7755.55316  130  346 7871.00000 7741.44818  1.65%   184 12322s
 991927 259667 7759.53600   95  225 7871.00000 7741.70441  1.64%   184 12335s
 995585 260179 7749.68058   90  253 7871.00000 7741.92370  1.64%   183 12347s
 999156 260807 7760.41685  117  266 7871.00000 7742.17409  1.64%   183 12358s
 1002668 261329     cutoff   82      7871.00000 7742.37903  1.63%   183 12370s
 1005930 261676     cutoff   78      7871.00000 7742.59947  1.63%   183 12382s
 1009340 262472     cutoff  142      7871.00000 7742.82276  1.63%   182 12402s
 1015094 264586     cutoff   66      7871.00000 7743.19774  1.62%   182 12443s
 1018687 266653 7755.05145   87  405 7871.00000 7743.33861  1.62%   182 12481s
 1022203 268923 7819.93866  106  349 7871.00000 7743.93923  1.61%   182 12517s
 1025858 271586 7808.67832   98  262 7871.00000 7744.13014  1.61%   182 12552s
 1029696 273548 7790.91354  180  495 7871.00000 7744.69101  1.60%   183 12586s
 1033007 276256 7816.51286  102  261 7871.00000 7744.90590  1.60%   183 12619s
 1036945 278852 7816.09223  111  307 7871.00000 7745.17561  1.60%   183 12651s
 1040451 281652 7801.08219   93  377 7871.00000 7745.57668  1.59%   183 12695s
 1044933 283980 7783.91957  114  369 7871.00000 7745.84110  1.59%   183 12726s
 1048326 286228 7789.74280   79  237 7871.00000 7746.36111  1.58%   183 12756s
 1051799 288113 infeasible   98      7871.00000 7746.62932  1.58%   183 12786s
 1054986 290240 7811.60160  124  281 7871.00000 7747.05458  1.57%   183 12815s
 1058304 292416 7820.38821   89  223 7871.00000 7747.28559  1.57%   183 12845s
 1061549 294802     cutoff  125      7871.00000 7747.44029  1.57%   183 12874s
 1064689 297088 7817.80463   74  358 7871.00000 7747.52281  1.57%   183 12905s
 1068000 295463     cutoff   88      7871.00000 7747.89452  1.56%   183 12920s
 1073573 294582 infeasible   59      7871.00000 7748.61859  1.55%   183 12929s
 1076864 293662     cutoff   65      7871.00000 7749.08355  1.55%   183 12940s
 1080696 292573     cutoff   74      7871.00000 7749.53123  1.54%   182 12949s
 1084268 291363 infeasible   71      7871.00000 7750.06076  1.54%   182 12959s
 1087918 290290 infeasible   63      7871.00000 7750.53850  1.53%   182 12968s
 1091548 289003 7762.32149   62  189 7871.00000 7750.97819  1.52%   181 12977s
 1095071 287472     cutoff   89      7871.00000 7751.54950  1.52%   181 12987s
 1098548 285831 infeasible   84      7871.00000 7751.97787  1.51%   181 12996s
 1102403 284107 7760.51046  113  276 7871.00000 7752.55143  1.50%   180 13004s
 1106219 282147 7765.09637   74   31 7871.00000 7753.09637  1.50%   180 13012s
 1110003 280509     cutoff   80      7871.00000 7753.77045  1.49%   180 13020s
 1113790 278466 7764.35471   66  102 7871.00000 7754.22971  1.48%   179 13029s
 1117622 276576 7763.92101   60  192 7871.00000 7754.79637  1.48%   179 13036s
 1121288 276816 7772.90088  101  196 7871.00000 7755.43303  1.47%   179 13055s
 1124099 277444     cutoff   93      7871.00000 7755.57537  1.47%   179 13075s
 1129869 277863 7764.57851   94  279 7871.00000 7755.92864  1.46%   178 13090s
 1134495 278326 7766.71026   76  254 7871.00000 7756.28959  1.46%   178 13103s
 1138626 278683 7767.93139   86  152 7871.00000 7756.54503  1.45%   178 13116s
 1142590 279007 7763.30731   88  211 7871.00000 7756.80445  1.45%   178 13128s
 1146325 279538 7773.34854   89  290 7871.00000 7757.02596  1.45%   177 13147s
 1152274 279743     cutoff   99      7871.00000 7757.32843  1.44%   177 13157s
 1155494 279934 7762.11349   92  298 7871.00000 7757.56681  1.44%   177 13168s
 1158841 280076 7773.52668  102  269 7871.00000 7757.74709  1.44%   177 13179s
 1162028 280178 7772.28139  138  240 7871.00000 7757.97536  1.44%   176 13190s
 1165362 280143 7771.13774  127  236 7871.00000 7758.15639  1.43%   176 13200s
 1168609 280184 7765.55619  103  252 7871.00000 7758.36473  1.43%   176 13211s
 1171955 282791 7833.96811  102  387 7871.00000 7758.54653  1.43%   176 13250s
 1175775 286150 7811.95662   78  261 7871.00000 7758.80300  1.43%   176 13292s
 1180395 286860 7773.81968  101  348 7871.00000 7759.01793  1.42%   176 13320s
 1181425 289215 7787.64147  128  395 7871.00000 7759.01793  1.42%   176 13353s
 1184994 290743 7822.55995  210  428 7871.00000 7759.42796  1.42%   176 13386s
 1187207 293903 7811.83303   88  387 7871.00000 7759.60431  1.42%   176 13423s
 1191503 296297 7786.02311  107  408 7871.00000 7759.77490  1.41%   176 13456s
 1194998 298832 7817.70836   74  222 7871.00000 7760.24905  1.41%   176 13489s
 1198946 300619     cutoff  129      7871.00000 7760.51121  1.40%   176 13521s
 1202299 302726 7799.51558  148  402 7871.00000 7760.86171  1.40%   176 13551s
 1205627 306104 7824.95460   89  340 7871.00000 7761.04856  1.40%   177 13592s
 1210567 308025 7793.27770  119  414 7871.00000 7761.28429  1.39%   177 13618s
 1213588 310550 7821.92067  191  427 7871.00000 7761.30329  1.39%   177 13645s
 1216904 312492 7824.79885  113  257 7871.00000 7761.77055  1.39%   177 13671s
 1219904 314476 7802.60626   68  309 7871.00000 7761.92738  1.39%   177 13698s
 1222950 310420 infeasible   66      7871.00000 7762.14920  1.38%   177 13710s
 1229758 308056 7767.73844   61  154 7871.00000 7763.13634  1.37%   176 13717s
 1233299 305453     cutoff   63      7871.00000 7763.54541  1.37%   176 13724s
 1237070 302738 infeasible   94      7871.00000 7764.18827  1.36%   175 13730s
 1240919 299801     cutoff   77      7871.00000 7764.83687  1.35%   175 13736s
 1245029 296331     cutoff  100      7871.00000 7765.52842  1.34%   175 13742s
 1249449 292688     cutoff   84      7871.00000 7766.29180  1.33%   174 13747s
 1253901 288508 infeasible   73      7871.00000 7767.12902  1.32%   174 13751s
 1258701 283441 infeasible   84      7871.00000 7768.11805  1.31%   173 13756s
 1264661 283062 infeasible   81      7871.00000 7773.31892  1.24%   172 13774s
 1270332 282889 7788.06750  100  122 7871.00000 7773.64164  1.24%   172 13784s
 1273619 282719 7786.94852  130  281 7871.00000 7773.86633  1.23%   172 13795s
 1276861 282585     cutoff   90      7871.00000 7774.06630  1.23%   172 13806s
 1280243 282469 7778.94170   84  279 7871.00000 7774.28591  1.23%   172 13816s
 1283447 282351     cutoff  104      7871.00000 7774.47899  1.23%   171 13827s
 1286872 281947 7788.23519   85  210 7871.00000 7774.64157  1.22%   171 13846s
 1292304 281666 7779.37406   77  260 7871.00000 7774.95519  1.22%   171 13857s
 1295690 281393     cutoff   90      7871.00000 7775.19685  1.22%   171 13867s
 1299105 281014 7781.58889   75  298 7871.00000 7775.37185  1.21%   171 13877s
 1302495 280651 7787.38376   79  201 7871.00000 7775.62099  1.21%   171 13888s
 1305881 280319 7784.78207   97  181 7871.00000 7775.79241  1.21%   170 13899s
 1309249 279893 7787.34407  115  113 7871.00000 7775.95074  1.21%   170 13909s
 1312567 279509 7786.01947   94  271 7871.00000 7776.15334  1.21%   170 13920s
 1315894 281985 7848.91299  103  309 7871.00000 7776.32608  1.20%   170 13958s
 1320131 283898 7833.25859   67  207 7871.00000 7776.53738  1.20%   170 13988s
 1323333 285733 7854.65326  160  283 7871.00000 7776.62542  1.20%   170 14018s
 1326406 287891 infeasible  140      7871.00000 7776.77994  1.20%   170 14049s
 1329902 290306 infeasible  180      7871.00000 7776.91741  1.20%   170 14090s
 1333950 292152 7822.87253  141  370 7871.00000 7777.43022  1.19%   170 14120s
 1336797 294501     cutoff   75      7871.00000 7777.66269  1.19%   171 14153s
 1340548 297093 7856.35329  111  261 7871.00000 7777.85133  1.18%   171 14184s
 1344169 299272 7816.54478  148  368 7871.00000 7777.99102  1.18%   171 14214s
 1347499 301892 7805.08243   92  368 7871.00000 7778.07391  1.18%   171 14244s
 1351193 303842 7818.93271  100  313 7871.00000 7778.12616  1.18%   171 14273s
 1354100 305643 7805.92069  113  335 7871.00000 7778.36938  1.18%   171 14303s
 1357341 307726 7809.64975   94  337 7871.00000 7778.61697  1.17%   171 14332s
 1360687 310826 7843.55939   93  318 7871.00000 7778.90328  1.17%   171 14372s
 1365080 312432 7810.39897   93  270 7871.00000 7778.98893  1.17%   171 14400s
 1368004 311430     cutoff  102      7871.00000 7779.21849  1.17%   171 14416s
 1373562 310996     cutoff   96      7871.00000 7779.54322  1.16%   171 14426s
 1376705 310366 7789.65171  105  280 7871.00000 7779.73914  1.16%   171 14437s
 1379962 309694     cutoff   87      7871.00000 7779.92266  1.16%   171 14447s
 1383314 308888 7791.04144  117  280 7871.00000 7780.14441  1.15%   170 14458s
 1386694 308068 7786.10993   84  311 7871.00000 7780.33932  1.15%   170 14468s
 1389971 307212     cutoff  105      7871.00000 7780.55599  1.15%   170 14479s
 1393333 306300     cutoff  111      7871.00000 7780.77449  1.15%   170 14490s
 1396761 305417 7783.81849  102  187 7871.00000 7780.97917  1.14%   170 14500s
 1400105 304352     cutoff  110      7871.00000 7781.20582  1.14%   170 14510s
 1403385 303232 7789.33932   93   72 7871.00000 7781.40105  1.14%   170 14521s
 1406902 301937     cutoff   95      7871.00000 7781.60608  1.14%   169 14531s
 1410409 300816 7787.73315   85  183 7871.00000 7781.82958  1.13%   169 14541s
 1413851 299524     cutoff  116      7871.00000 7782.08432  1.13%   169 14550s
 1417318 298281     cutoff   80      7871.00000 7782.30846  1.13%   169 14559s
 1420785 301076     cutoff   83      7871.00000 7782.52908  1.12%   169 14595s
 1424816 303055     cutoff  230      7871.00000 7782.70439  1.12%   169 14625s
 1428544 305031 7841.13907  167  476 7871.00000 7782.89894  1.12%   169 14653s
 1431832 306940 7846.55448  176  327 7871.00000 7783.02693  1.12%   169 14682s
 1434785 309281 7843.44543  111  411 7871.00000 7783.14377  1.12%   169 14710s
 1438346 311118 7846.08546   97  290 7871.00000 7783.37160  1.11%   169 14739s
 1441596 313000 7850.33676   90  311 7871.00000 7783.49823  1.11%   169 14767s
 1444730 314204     cutoff  113      7871.00000 7783.52418  1.11%   169 14806s
 1446599 317970 7856.13226  164  223 7871.00000 7783.76989  1.11%   169 14869s
 1452417 320472 7804.65284  133  369 7871.00000 7783.90391  1.11%   169 14910s
 1456796 322789 7857.87484  140  204 7871.00000 7784.12556  1.10%   169 14946s
 1461044 324915 7828.97455   88  384 7871.00000 7784.48904  1.10%   170 14979s
 1464512 327122 7839.57444   73  391 7871.00000 7784.50516  1.10%   170 15012s
 1468398 328736 7853.57507  151  280 7871.00000 7784.75501  1.10%   170 15045s
 1471843 326448 7791.70879  108  301 7871.00000 7784.90649  1.09%   170 15058s
 1477042 325047     cutoff   85      7871.00000 7785.29652  1.09%   170 15068s
 1480166 323570 7791.20124   89  267 7871.00000 7785.45034  1.09%   169 15077s
 1483669 321892 7789.51463   83  149 7871.00000 7785.65687  1.08%   169 15086s
 1487121 320206     cutoff  160      7871.00000 7785.85309  1.08%   169 15095s
 1490505 318295 7793.22838   94  259 7871.00000 7786.08771  1.08%   169 15104s
 1494025 316555     cutoff   86      7871.00000 7786.31463  1.08%   169 15113s
 1497391 314689 7790.84965  104  225 7871.00000 7786.55320  1.07%   168 15121s
 1500860 312781     cutoff   99      7871.00000 7786.76494  1.07%   168 15130s
 1504518 310330     cutoff  101      7871.00000 7787.00159  1.07%   168 15139s
 1508254 307773     cutoff   93      7871.00000 7787.24283  1.06%   168 15148s
 1512105 304890     cutoff   88      7871.00000 7787.55424  1.06%   168 15157s
 1516233 301564 infeasible  128      7871.00000 7787.83189  1.06%   167 15166s
 1520822 297577     cutoff   92      7871.00000 7788.18280  1.05%   167 15176s
 1526070 299431 7861.26413  107  191 7871.00000 7788.49728  1.05%   167 15212s
 1529565 301794 7850.12118  156  401 7871.00000 7788.52190  1.05%   167 15250s
 1533392 303936 7825.70279  119  415 7871.00000 7788.71917  1.05%   167 15282s
 1536925 305885 7809.22611  161  456 7871.00000 7788.88696  1.04%   167 15311s
 1540119 307605 7843.25503  268  432 7871.00000 7788.99541  1.04%   167 15342s
 1543508 309722 infeasible  122      7871.00000 7789.16503  1.04%   167 15372s
 1547105 311443 infeasible  133      7871.00000 7789.24760  1.04%   167 15401s
 1549939 312710 7825.58229   73  286 7871.00000 7789.45046  1.04%   167 15431s
 1551874 314184     cutoff  170      7871.00000 7789.55886  1.03%   167 15464s
 1554554 315971 7860.86481  110  249 7871.00000 7789.55888  1.03%   167 15499s
 1557624 318516     cutoff   65      7871.00000 7789.74985  1.03%   167 15533s
 1561618 321340 7832.55082  179  365 7871.00000 7789.89912  1.03%   167 15572s
 1565897 323165 7846.69185  157  450 7871.00000 7790.06475  1.03%   168 15600s
 1568833 325257 7824.96275  177  410 7871.00000 7790.20204  1.03%   168 15630s
 1572029 327280 7850.37434  108  365 7871.00000 7790.27343  1.03%   168 15659s
 1575391 328889 7836.86288  196  463 7871.00000 7790.39425  1.02%   168 15688s
 1578772 323958     cutoff  105      7871.00000 7790.52453  1.02%   168 15699s
 1585257 319053     cutoff   87      7871.00000 7791.16679  1.01%   167 15709s
 1591234 313282     cutoff   95      7871.00000 7791.55674  1.01%   167 15719s
 1598055 306782     cutoff  121      7871.00000 7792.14187  1.00%   166 15728s
 1605329 299588     cutoff   89      7871.00000 7792.84872  0.99%   166 15736s
 1612906 291849     cutoff  108      7871.00000 7793.88921  0.98%   165 15743s
 1621068 293571 7852.63935   95  474 7871.00000 7796.94187  0.94%   164 15779s
 1624923 295880 7821.69065  119  435 7871.00000 7797.12654  0.94%   165 15809s
 1628385 297725 7848.43148  104  380 7871.00000 7797.20765  0.94%   165 15839s
 1631684 299828 7811.40582   63  399 7871.00000 7797.31400  0.94%   165 15868s
 1635060 302463 7801.68910  120  435 7871.00000 7797.38116  0.94%   165 15906s
 1639098 304268 7849.06767  263  437 7871.00000 7797.58331  0.93%   165 15935s
 1642247 306058 7832.91630   69  374 7871.00000 7797.68184  0.93%   165 15964s
 1645341 308666 7832.40921  132  318 7871.00000 7797.77226  0.93%   165 15993s
 1648931 310530 7816.23039   93  308 7871.00000 7797.82898  0.93%   165 16022s
 1652322 312320 7856.68270   81  306 7871.00000 7798.06794  0.93%   165 16051s
 1655720 314114 7831.31960   88  430 7871.00000 7798.20603  0.92%   165 16079s
 1659077 315772 7838.07955  115  267 7871.00000 7798.28896  0.92%   165 16108s
 1662295 317465 7810.16256  130  354 7871.00000 7798.37590  0.92%   165 16137s
 1665201 319836     cutoff  190      7871.00000 7798.44063  0.92%   165 16173s
 1668995 320631 7839.74839  262  490 7871.00000 7798.61000  0.92%   165 16203s
 1670417 322987 7859.49853  334  397 7871.00000 7798.62785  0.92%   166 16240s
 1674591 324912 7815.13273  171  468 7871.00000 7798.74843  0.92%   166 16275s
 1678188 326796 7840.43368  233  501 7871.00000 7798.74843  0.92%   166 16306s
 1681456 328622 7851.33397  156  228 7871.00000 7799.03892  0.91%   166 16338s
 1684986 330455 7848.05148  223  381 7871.00000 7799.14307  0.91%   166 16370s
 1688320 332666 7850.81722  157  419 7871.00000 7799.27918  0.91%   166 16401s
 1691886 334776 7838.73407  168  440 7871.00000 7799.37188  0.91%   166 16430s
 1695227 336816 7841.50993  167  306 7871.00000 7799.46642  0.91%   166 16468s
 1699064 338296 7861.37674  162  332 7871.00000 7799.60165  0.91%   166 16497s
 1702508 340217 7843.84899  127  399 7871.00000 7799.62413  0.91%   166 16527s
 1705933 341871 7867.00261  126  247 7871.00000 7799.89483  0.90%   166 16555s
 1709264 343797     cutoff   91      7871.00000 7800.01285  0.90%   166 16583s
 1712507 345486 7821.46743  119  448 7871.00000 7800.14906  0.90%   166 16612s
 1715620 347270 7864.76658   90  299 7871.00000 7800.26014  0.90%   167 16641s
 1718955 349193 7846.91244   67  316 7871.00000 7800.30821  0.90%   167 16671s
 1722156 350959 7849.60938  103  214 7871.00000 7800.52118  0.90%   167 16700s
 1725379 352914 7844.96292   80  381 7871.00000 7800.60722  0.89%   167 16737s
 1728758 354551     cutoff   60      7871.00000 7800.69598  0.89%   167 16771s
 1732313 356484 7802.06119   83  485 7871.00000 7800.83416  0.89%   167 16802s
 1735673 358846 7824.87635  163  501 7871.00000 7800.94577  0.89%   167 16834s
 1739257 360917 7821.54061   96  247 7871.00000 7801.00318  0.89%   167 16865s
 1742532 362899 7824.19612   58  385 7871.00000 7801.21975  0.89%   167 16896s
 1745870 365268 7832.37855  119  432 7871.00000 7801.27707  0.89%   167 16927s
 1749372 367058 7835.21674  190  417 7871.00000 7801.36105  0.88%   167 16957s
 1752600 368624 7808.98430  138  447 7871.00000 7801.43168  0.88%   167 16987s
 1755236 370446 7840.35569  213  438 7871.00000 7801.47061  0.88%   167 17025s
 1758557 373020 7850.77963  101  443 7871.00000 7801.58625  0.88%   168 17058s
 1762662 374944 7838.74848   76  404 7871.00000 7801.73114  0.88%   168 17089s
 1766080 376955     cutoff  152      7871.00000 7801.86244  0.88%   168 17118s
 1769262 379152 7868.27539  103  276 7871.00000 7801.96113  0.88%   168 17148s
 1772612 381002 7836.21591  169  397 7871.00000 7802.09201  0.88%   168 17179s
 1775700 382926 7849.00531  148  505 7871.00000 7802.19542  0.87%   168 17212s
 1779351 383324 infeasible   75      7871.00000 7802.30622  0.87%   168 17244s
 1780072 385694 7843.38776  130  366 7871.00000 7802.30882  0.87%   168 17283s
 1783973 387937 7846.77630   75  357 7871.00000 7802.34432  0.87%   168 17319s
 1787930 389935 7834.70798  128  431 7871.00000 7802.54178  0.87%   168 17355s
 1791504 391740 7857.30212  142  358 7871.00000 7802.66869  0.87%   168 17389s
 1794614 394085 7826.31765  143  403 7871.00000 7802.78782  0.87%   168 17421s
 1798381 396147 7842.67073  165  346 7871.00000 7802.92376  0.86%   168 17451s
 1801773 397411 7858.47801  118  388 7871.00000 7803.03677  0.86%   168 17481s
 1804119 399323     cutoff   82      7871.00000 7803.10418  0.86%   168 17514s
 1807178 401177 7858.42957  150  354 7871.00000 7803.18587  0.86%   168 17547s
 1810843 403138 7848.06986   68  282 7871.00000 7803.29855  0.86%   168 17578s
 1814718 405136 7857.57081  105  190 7871.00000 7803.44291  0.86%   168 17608s
 1818480 407442 7863.58608  136  334 7871.00000 7803.50341  0.86%   168 17645s
 1822247 409402 7840.87556   62  302 7871.00000 7803.58070  0.86%   169 17674s
 1825454 411274 7862.05000   82  167 7871.00000 7803.72289  0.85%   169 17704s
 1828827 413150 7864.35436   95  375 7871.00000 7803.82450  0.85%   169 17737s
 1832318 415084 7866.51389   82  207 7871.00000 7803.96975  0.85%   169 17769s
 1836014 416707 7844.76483  176  424 7871.00000 7804.08522  0.85%   169 17799s
 1839460 418737 7828.09677  146  401 7871.00000 7804.21308  0.85%   169 17829s
 1842811 420613 7845.10713   97  261 7871.00000 7804.33677  0.85%   169 17859s
 1846159 422506 7860.82340  154  354 7871.00000 7804.41076  0.85%   169 17887s
 1849557 424742     cutoff   96      7871.00000 7804.46618  0.85%   169 17925s
 1853530 426704     cutoff   64      7871.00000 7804.56686  0.84%   169 17953s
 1856619 428478 7868.93968   85  281 7871.00000 7804.60769  0.84%   169 17983s
 1859886 429971 7842.32607   92  439 7871.00000 7804.74521  0.84%   169 18013s
 1863219 432063 7864.09051  106  308 7871.00000 7804.83402  0.84%   169 18043s
 1866672 433114 7854.55970  183  309 7871.00000 7804.86325  0.84%   169 18073s
 1868661 435077 7851.48608  175  335 7871.00000 7805.02415  0.84%   169 18103s
 1872237 437278 7812.41514  118  451 7871.00000 7805.11179  0.84%   169 18134s
 1875695 439338 7845.89169  176  295 7871.00000 7805.20890  0.84%   169 18164s
 1879388 441087 7850.89321  240  457 7871.00000 7805.25058  0.84%   169 18200s
 1882903 442937 7828.60185  126  433 7871.00000 7805.30455  0.83%   170 18231s
 1886388 444860     cutoff  110      7871.00000 7805.44541  0.83%   170 18264s
 1889865 446740 7850.20855   93  329 7871.00000 7805.56024  0.83%   170 18294s
 1893433 448773 7844.47105  151  417 7871.00000 7805.66282  0.83%   170 18324s
 1896827 450656 7817.54446  146  395 7871.00000 7805.71919  0.83%   170 18354s
 1900127 452758 7858.35311  237  391 7871.00000 7805.83729  0.83%   170 18383s
 1903681 453296 7825.15758  134  339 7871.00000 7805.95042  0.83%   170 18414s
 1904718 455104 7825.57483  135  342 7871.00000 7805.95042  0.83%   170 18446s
 1907972 456435 7853.87629  121  375 7871.00000 7806.02077  0.83%   170 18480s
 1910214 458706 7846.58641  167  315 7871.00000 7806.09157  0.82%   170 18516s
 1913950 460449     cutoff   91      7871.00000 7806.12950  0.82%   170 18545s
 1917097 462441 7868.04603   84  329 7871.00000 7806.27318  0.82%   170 18576s
 1920517 464495 7828.94486   71  319 7871.00000 7806.37093  0.82%   170 18605s
 1924029 466753 7843.01517  116  308 7871.00000 7806.42024  0.82%   170 18634s
 1927442 468739     cutoff  154      7871.00000 7806.50359  0.82%   170 18663s
 1930630 470794 7862.90580   78  194 7871.00000 7806.58131  0.82%   170 18696s
 1933968 472878 7833.66387  151  420 7871.00000 7806.62040  0.82%   170 18728s
 1937651 474952 7826.34574  153  409 7871.00000 7806.79211  0.82%   170 18759s
 1941039 477461 7841.30956  134  354 7871.00000 7806.87223  0.81%   170 18795s
 1944962 479542     cutoff   71      7871.00000 7806.89667  0.81%   170 18824s
 1948427 481448 7859.46211   70  246 7871.00000 7806.95106  0.81%   170 18851s
 1951596 482920 7827.57388  134  400 7871.00000 7807.05508  0.81%   170 18880s
 1955051 484389     cutoff  111      7871.00000 7807.22763  0.81%   170 18907s
 1957810 486022 7853.95746  188  445 7871.00000 7807.25602  0.81%   170 18936s
 1960765 487896 7835.03115   98  277 7871.00000 7807.30299  0.81%   171 18966s
 1963842 489460 7867.32833  155  380 7871.00000 7807.33305  0.81%   171 18996s
 1967073 491102 7824.67135  112  530 7871.00000 7807.48999  0.81%   171 19026s
 1969997 492546     cutoff  133      7871.00000 7807.52352  0.81%   171 19062s
 1972491 495125 7814.73541  161  365 7871.00000 7807.61240  0.81%   171 19104s
 1977362 497083 7835.72531  141  389 7871.00000 7807.71440  0.80%   171 19137s
 1980969 498608 7869.38571  125  198 7871.00000 7807.78555  0.80%   171 19171s
 1984620 499892     cutoff   72      7871.00000 7807.91259  0.80%   171 19202s
 1986951 502358 7855.91667  140  147 7871.00000 7807.91259  0.80%   171 19236s
 1990735 504359 7854.55000   98  101 7871.00000 7808.11966  0.80%   171 19270s
 1994575 506061 7864.69259  116  232 7871.00000 7808.19601  0.80%   171 19301s
 1997937 508243 7857.85825  194  414 7871.00000 7808.26480  0.80%   171 19332s
 2001567 510290 7820.60351  108  431 7871.00000 7808.37870  0.80%   171 19369s
 2005332 512131     cutoff  151      7871.00000 7808.37870  0.80%   171 19398s
 2008486 513808     cutoff  123      7871.00000 7808.57329  0.79%   171 19428s
 2011766 515732 7862.27553  154  480 7871.00000 7808.63429  0.79%   171 19458s
 2015179 518012     cutoff  143      7871.00000 7808.69422  0.79%   171 19487s
 2018726 519942     cutoff  172      7871.00000 7808.75472  0.79%   171 19516s
 2021931 521638 7841.96047  180  347 7871.00000 7808.79989  0.79%   171 19547s
 2024663 522754 7836.05611  144  352 7871.00000 7808.89515  0.79%   171 19577s
 2026571 523667 7836.59059  145  329 7871.00000 7808.89515  0.79%   171 19609s
 2028510 525018 7839.71103  146  350 7871.00000 7808.96213  0.79%   171 19644s
 2030762 526699 7840.26987  147  316 7871.00000 7808.98151  0.79%   171 19680s
 2034198 529021 7864.24987  125  295 7871.00000 7809.11043  0.79%   172 19712s
 2037628 531110 7829.59728  190  427 7871.00000 7809.20056  0.79%   172 19744s
 2041435 533368 infeasible  112      7871.00000 7809.28201  0.78%   172 19773s
 2044902 534175 7852.97492  241  314 7871.00000 7809.35882  0.78%   172 19803s
 2046359 536259 7860.66049  154  275 7871.00000 7809.39035  0.78%   172 19836s
 2049997 538070 7850.10000  125  191 7871.00000 7809.50277  0.78%   172 19866s
 2053238 539987 7832.85858   99  372 7871.00000 7809.53848  0.78%   172 19897s
 2056633 542155 7848.25000  136  198 7871.00000 7809.57678  0.78%   172 19928s
 2060045 544383 7847.84877  135  211 7871.00000 7809.65961  0.78%   172 19964s
 2063851 546358 7869.08333   98  197 7871.00000 7809.71215  0.78%   172 19992s
 2067107 548047 7838.52509  184  487 7871.00000 7809.75865  0.78%   172 20021s
 2070265 549765     cutoff  167      7871.00000 7809.90340  0.78%   172 20050s
 2073600 551538 7811.54931   86  397 7871.00000 7809.95816  0.78%   172 20080s
 2076822 553551 7869.10000  194  202 7871.00000 7810.02212  0.77%   172 20110s
 2080058 555466 7837.56574  156  295 7871.00000 7810.09827  0.77%   172 20139s
 2081531 555466 7844.69524  311  446 7871.00000 7810.11463  0.77%   172 20140s
 2083489 557629 7825.94424  144  434 7871.00000 7810.11463  0.77%   172 20169s
 2086997 559328 7847.95955  163  281 7871.00000 7810.21847  0.77%   172 20201s
 2090300 561490 7845.70444  142  399 7871.00000 7810.30623  0.77%   172 20237s
 2093722 563470 7824.09273  174  484 7871.00000 7810.33170  0.77%   172 20269s
 2097292 565525 7848.84098  298  408 7871.00000 7810.35156  0.77%   172 20300s
 2100660 567646 7857.22857  125  264 7871.00000 7810.51109  0.77%   172 20330s
 2104100 568911 7864.20323  189  367 7871.00000 7810.56884  0.77%   172 20360s
 2107314 570735 7865.67003   88  266 7871.00000 7810.64647  0.77%   172 20390s
 2110626 572589 7837.65964  111  258 7871.00000 7810.68821  0.77%   172 20420s
 2113895 574341 7820.09973   84  381 7871.00000 7810.75614  0.77%   172 20450s
 2117149 576197 7814.65309  141  606 7871.00000 7810.85347  0.76%   172 20480s
 2120448 578167 7867.46904   67  277 7871.00000 7810.92414  0.76%   173 20516s
 2124120 580037     cutoff   90      7871.00000 7810.99651  0.76%   173 20546s
 2127467 581695 7848.44366  166  467 7871.00000 7811.07897  0.76%   173 20576s
 2130743 583612 7846.15365   69  310 7871.00000 7811.14893  0.76%   173 20605s
 2134002 585141 7850.17690  103  442 7871.00000 7811.19117  0.76%   173 20635s
 2137308 586819 7861.63229  144  367 7871.00000 7811.26396  0.76%   173 20668s
 2140629 588461     cutoff  163      7871.00000 7811.34632  0.76%   173 20701s
 2144227 590532 7864.43404  172  280 7871.00000 7811.41710  0.76%   173 20732s
 2147751 592424 7850.30630   88  212 7871.00000 7811.47836  0.76%   173 20763s
 2151296 594517 7865.26835  104  320 7871.00000 7811.57896  0.75%   173 20799s
 2155016 596198     cutoff  177      7871.00000 7811.63975  0.75%   173 20829s
 2158298 597720 7858.26037   92  317 7871.00000 7811.73901  0.75%   173 20858s
 2161579 598255     cutoff   68      7871.00000 7811.76522  0.75%   173 20887s
 2162815 600426 7848.50000  146  168 7871.00000 7811.82540  0.75%   173 20919s
 2166426 602502 7825.02571  165  574 7871.00000 7811.86659  0.75%   173 20950s
 2170049 604065 7847.62902  282  418 7871.00000 7811.90683  0.75%   173 20981s
 2173412 605667 7843.70788  162  454 7871.00000 7811.97437  0.75%   173 21012s
 2176699 607301 7863.38083  207  418 7871.00000 7812.05110  0.75%   173 21042s
 2179916 609095 7854.65714  105  404 7871.00000 7812.09670  0.75%   173 21073s
 2183397 610854 7856.75151  154  365 7871.00000 7812.19784  0.75%   173 21109s
 2186982 612876 7818.53297  124  454 7871.00000 7812.25361  0.75%   173 21139s
 2190516 614724 7844.50000   83  146 7871.00000 7812.28560  0.75%   173 21171s
 2193956 616717 7824.67071  149  357 7871.00000 7812.38298  0.74%   173 21203s
 2197517 618380 7865.55244  156  345 7871.00000 7812.46309  0.74%   173 21234s
 2199286 618380 7847.53242  168  329 7871.00000 7812.46622  0.74%   173 21235s
 2200824 619806 7822.89110  134  425 7871.00000 7812.50699  0.74%   174 21265s
 2204133 621387     cutoff   86      7871.00000 7812.59944  0.74%   174 21295s
 2207373 622998 7849.10498   97  498 7871.00000 7812.68109  0.74%   174 21326s
 2210609 624495 7851.44271  128  210 7871.00000 7812.74070  0.74%   174 21357s
 2213919 626725 7858.25937  160  301 7871.00000 7812.80699  0.74%   174 21393s
 2218049 628216 7860.55047  173  384 7871.00000 7812.86721  0.74%   174 21420s
 2221035 629916     cutoff   93      7871.00000 7812.94237  0.74%   174 21447s
 2224205 631493 7833.98493  157  371 7871.00000 7812.98593  0.74%   174 21476s
 2227476 632800 7830.88908   94  363 7871.00000 7813.05352  0.74%   174 21504s
 2230413 634283     cutoff  142      7871.00000 7813.12765  0.74%   174 21533s
 2233593 636306 7858.37647  168  322 7871.00000 7813.20581  0.73%   174 21561s
 2236952 637924 7850.66309   82  244 7871.00000 7813.22621  0.73%   174 21590s
 2240007 639280 7839.78643  136  381 7871.00000 7813.31493  0.73%   174 21619s
 2243027 641306     cutoff  163      7871.00000 7813.41459  0.73%   174 21654s
 2246403 643552 7863.35344  123  511 7871.00000 7813.44003  0.73%   174 21685s
 2250121 645628 7821.45987  158  420 7871.00000 7813.51986  0.73%   174 21715s
 2253585 647279 infeasible   90      7871.00000 7813.58905  0.73%   174 21744s
 2256671 649058 7821.47717  133  508 7871.00000 7813.61300  0.73%   174 21775s
 2259967 650929 7842.27782  216  472 7871.00000 7813.69021  0.73%   174 21805s
 2263253 652596 7827.01477  116  426 7871.00000 7813.75177  0.73%   174 21835s
 2266495 654281 7869.21246  198  387 7871.00000 7813.80542  0.73%   174 21864s
 2269647 655826 infeasible  150      7871.00000 7813.88158  0.73%   174 21895s
 2272494 657599 7857.37270  231  266 7871.00000 7813.94047  0.72%   174 21930s
 2275831 659332 7820.11920  119  327 7871.00000 7813.96947  0.72%   174 21962s
 2279239 661410 7860.00372  210  466 7871.00000 7814.00623  0.72%   174 21993s
 2282924 662215 7824.13094  121  396 7871.00000 7814.09471  0.72%   174 22024s
 2284453 664155 7847.07316  151  225 7871.00000 7814.11886  0.72%   174 22057s
 2288292 666069 7852.90035  112  180 7871.00000 7814.22255  0.72%   174 22089s
 2291551 668082     cutoff   65      7871.00000 7814.26512  0.72%   174 22121s
 2294837 669792 7863.66908  124  428 7871.00000 7814.30335  0.72%   174 22152s
 2298193 671490 7828.18174   86  356 7871.00000 7814.34115  0.72%   174 22184s
 2301591 673389     cutoff   69      7871.00000 7814.39662  0.72%   175 22220s
 2305248 675344 7843.66843   84  283 7871.00000 7814.48950  0.72%   175 22250s
 2308551 677165 7829.56089   99  321 7871.00000 7814.55286  0.72%   175 22280s
 2311775 678784 7863.80776  138  282 7871.00000 7814.62347  0.72%   175 22310s
 2314876 680098 7827.21698  145  436 7871.00000 7814.66965  0.72%   175 22342s
 2317382 680536 7838.69927  147  357 7871.00000 7814.72134  0.72%   175 22373s
 2318380 680835     cutoff  112      7871.00000 7814.77701  0.71%   175 22409s
 2319381 681263 7833.15468  101  476 7871.00000 7814.79185  0.71%   175 22446s
 2320641 682876 7846.11802   99  504 7871.00000 7814.80475  0.71%   175 22488s
 2323861 685342 7867.03494  196  274 7871.00000 7814.81266  0.71%   175 22531s
 2328652 687335 7850.15530  173  428 7871.00000 7814.94594  0.71%   175 22569s
 2332680 689374     cutoff  162      7871.00000 7815.02334  0.71%   175 22604s
 2336323 691648 7840.47970  193  376 7871.00000 7815.12662  0.71%   175 22634s
 2339934 693136 7855.67072  128  324 7871.00000 7815.22549  0.71%   175 22662s
 2343080 694414 7866.60592   97  211 7871.00000 7815.25580  0.71%   175 22694s
 2345981 696032     cutoff  141      7871.00000 7815.33916  0.71%   175 22727s
 2349260 697607 7818.19018   89  344 7871.00000 7815.39136  0.71%   175 22759s
 2352844 699271 7862.79124  199  349 7871.00000 7815.40406  0.71%   175 22791s
 2356241 701319 7845.93678  102  308 7871.00000 7815.50369  0.71%   175 22822s
 2359834 703069 7861.87619   77  318 7871.00000 7815.61519  0.70%   175 22853s
 2363240 704952     cutoff  154      7871.00000 7815.67137  0.70%   175 22889s
 2366846 706401 7853.77938  166  300 7871.00000 7815.68541  0.70%   175 22920s
 2370108 707139 7831.01704  133  270 7871.00000 7815.75490  0.70%   175 22950s
 2371485 709112 7838.53080  143  318 7871.00000 7815.75490  0.70%   175 22984s
 2375444 710967 7857.07234  113  380 7871.00000 7815.83106  0.70%   175 23017s
 2378945 712638 7858.26134  149  378 7871.00000 7815.92841  0.70%   175 23050s
 2382495 714253 7831.52496  149  435 7871.00000 7816.02379  0.70%   175 23081s
 2385770 716031 infeasible  165      7871.00000 7816.04239  0.70%   175 23113s
 2389168 717947 7834.02623  199  442 7871.00000 7816.10197  0.70%   175 23143s
 2392655 718441 7861.63727  166  355 7871.00000 7816.10197  0.70%   175 23179s
 2393721 724233 7856.27244  117  417 7871.00000 7816.19194  0.70%   175 23273s
 2404773 725951 7862.59146  135  211 7871.00000 7816.34243  0.69%   176 23306s
 2408121 727875     cutoff   70      7871.00000 7816.44149  0.69%   176 23339s
 2411877 729636     cutoff  204      7871.00000 7816.50020  0.69%   176 23369s
 2415126 731368 7821.53046  121  335 7871.00000 7816.50020  0.69%   176 23399s
 2418552 733028 infeasible  140      7871.00000 7816.64353  0.69%   176 23428s
 2421789 734868 7852.80827  101  326 7871.00000 7816.69143  0.69%   176 23464s
 2425355 736397 7851.81087   73  306 7871.00000 7816.72302  0.69%   176 23494s
 2428582 737985 7854.51389  111  118 7871.00000 7816.78858  0.69%   176 23525s
 2432111 739945 7853.14219  155  392 7871.00000 7816.90134  0.69%   176 23555s
 2435531 741548 7833.51958  184  461 7871.00000 7816.92296  0.69%   176 23584s
 2437883 741548 7859.15170  137  296 7871.00000 7816.92296  0.69%   176 23585s
 2438885 743224     cutoff   97      7871.00000 7816.99058  0.69%   176 23615s
 2442002 744577     cutoff  154      7871.00000 7817.03598  0.69%   176 23644s
 2443191 744577 7865.95880  114  293 7871.00000 7817.03776  0.69%   176 23645s
 2445183 746280     cutoff  108      7871.00000 7817.07629  0.69%   176 23675s
 2448617 747634 7821.44546   81  388 7871.00000 7817.14796  0.68%   176 23705s
 2451903 749448 7838.84542  163  310 7871.00000 7817.21391  0.68%   176 23741s
 2455362 750934 7865.07386   99  382 7871.00000 7817.26179  0.68%   176 23773s
 2458471 752659 7864.19970  103  264 7871.00000 7817.32745  0.68%   176 23808s
 2462155 754253 7865.92524  143  352 7871.00000 7817.42016  0.68%   176 23840s
 2465426 755924 7855.67248  153  409 7871.00000 7817.45454  0.68%   176 23872s
 2469028 757634 7843.23651  152  427 7871.00000 7817.53206  0.68%   176 23904s
 2472609 759325 7865.70739  229  322 7871.00000 7817.59444  0.68%   176 23934s
 2475910 761178 7835.63450   75  339 7871.00000 7817.64469  0.68%   176 23965s
 2479354 762902 7863.96033  114  261 7871.00000 7817.68319  0.68%   176 23995s
 2482761 764824 7866.69643  142  179 7871.00000 7817.76473  0.68%   176 24029s
 2486639 766414     cutoff  185      7871.00000 7817.83319  0.68%   176 24056s
 2489728 767865 infeasible   87      7871.00000 7817.87139  0.67%   176 24085s
 2492978 769566 infeasible  100      7871.00000 7817.91210  0.67%   176 24114s
 2496088 770765 7862.08636  137  283 7871.00000 7817.94877  0.67%   176 24143s
 2499244 771297 7843.25014  121  361 7871.00000 7817.98912  0.67%   176 24173s
 2500572 773191     cutoff   93      7871.00000 7817.99542  0.67%   176 24207s
 2504308 774624 7848.70833   98  228 7871.00000 7818.08092  0.67%   177 24238s
 2507583 776459     cutoff  211      7871.00000 7818.11436  0.67%   177 24270s
 2510918 778448 7839.44990  128  310 7871.00000 7818.17333  0.67%   177 24301s
 2514589 780283 7840.51899  168  372 7871.00000 7818.21731  0.67%   177 24337s
 2518316 781750 7830.83247  152  542 7871.00000 7818.28101  0.67%   177 24366s
 2521474 783256     cutoff  100      7871.00000 7818.37221  0.67%   177 24395s
 2524516 784996 7844.84213  183  393 7871.00000 7818.38593  0.67%   177 24424s
 2527833 786919 7851.39609  103  315 7871.00000 7818.48926  0.67%   177 24453s
 2531282 788394 7854.27546  233  388 7871.00000 7818.52724  0.67%   177 24483s
 2534343 789953 7851.14294  146  321 7871.00000 7818.58273  0.67%   177 24513s
 2537599 791577 7852.47949  181  444 7871.00000 7818.59741  0.67%   177 24543s
 2541026 793017 7838.69813   80  356 7871.00000 7818.65653  0.67%   177 24572s
 2544406 794639 7848.09570  159  306 7871.00000 7818.73269  0.66%   177 24607s
 2548034 796053     cutoff  239      7871.00000 7818.77265  0.66%   177 24636s
 2551256 797737 7845.24926  145  382 7871.00000 7818.81767  0.66%   177 24665s
 2554361 799555 7869.75714  211  194 7871.00000 7818.85380  0.66%   177 24695s
 2557770 801071 7844.46452  102  543 7871.00000 7818.92694  0.66%   177 24728s
 2560990 802669 7846.53424   60  321 7871.00000 7818.97903  0.66%   177 24761s
 2564395 804323 7861.10421   75  417 7871.00000 7819.02176  0.66%   177 24793s
 2568029 805807 7839.29019   81  327 7871.00000 7819.06464  0.66%   177 24825s
 2571566 807397 7833.78582  166  481 7871.00000 7819.10326  0.66%   177 24856s
 2574874 809316 7834.71081  150  485 7871.00000 7819.19075  0.66%   177 24891s
 2578683 810611 7846.37775  103  403 7871.00000 7819.25328  0.66%   177 24919s
 2581749 812384 7847.56733  172  272 7871.00000 7819.29764  0.66%   177 24948s
 2585005 813880 7862.06312  153  431 7871.00000 7819.30983  0.66%   177 24978s
 2588239 815653 7851.47530  130  309 7871.00000 7819.39051  0.66%   177 25007s
 2591499 817321 7857.02552  130  293 7871.00000 7819.42239  0.66%   177 25036s
 2594750 818803 7864.42916  100  320 7871.00000 7819.44097  0.66%   177 25066s
 2597845 820657 7821.75570   97  409 7871.00000 7819.54375  0.65%   177 25096s
 2601151 822384     cutoff  147      7871.00000 7819.61155  0.65%   177 25125s
 2604471 822399 7850.51243  120  325 7871.00000 7819.62550  0.65%   177 25163s
 2604519 837090 7850.78118  121  313 7871.00000 7819.62550  0.65%   177 25584s
 2635519 837090 7850.53059   60  363 7871.00000 7819.97985  0.65%   177 25585s
 2636519 838070 7866.67739  186  416 7871.00000 7820.00279  0.65%   177 25622s
 2638885 840195 7865.61440  182  266 7871.00000 7820.00793  0.65%   177 25667s
 2643729 842015 7852.30012   56  290 7871.00000 7820.04307  0.65%   178 25702s
 2647552 843484 7857.61497  141  389 7871.00000 7820.14222  0.65%   178 25734s
 2651024 844995 7862.18750   85  131 7871.00000 7820.18925  0.65%   178 25767s
 2654482 847082     cutoff  106      7871.00000 7820.19939  0.65%   178 25799s
 2658220 848800 7843.86323  163  355 7871.00000 7820.29499  0.64%   178 25830s
 2661638 849529 7839.53577  136  469 7871.00000 7820.33983  0.64%   178 25861s
 2663079 851658 infeasible  110      7871.00000 7820.33983  0.64%   178 25896s
 2667049 853294 7862.97323   85  347 7871.00000 7820.41405  0.64%   178 25932s
 2670835 854873 7833.01619   61  421 7871.00000 7820.46015  0.64%   178 25961s
 2674011 856258     cutoff  146      7871.00000 7820.50616  0.64%   178 25991s
 2677278 857708 7852.10921  135  344 7871.00000 7820.58225  0.64%   178 26020s
 2680340 859195 infeasible  112      7871.00000 7820.61192  0.64%   178 26050s
 2683627 860518 7861.26563  101  212 7871.00000 7820.64068  0.64%   178 26080s
 2686867 862068 7851.86282  174  245 7871.00000 7820.71041  0.64%   178 26112s
 2690185 863814 7856.66667  119   86 7871.00000 7820.71958  0.64%   178 26144s
 2693573 865624     cutoff  222      7871.00000 7820.80381  0.64%   178 26176s
 2697060 867541 7862.91687  218  389 7871.00000 7820.86838  0.64%   178 26211s
 2700904 868722 7856.39847   93  345 7871.00000 7820.89563  0.64%   178 26239s
 2704009 870182 7852.64292  106  199 7871.00000 7820.95354  0.64%   178 26269s
 2707219 871864 7857.05837  217  419 7871.00000 7820.99486  0.64%   178 26297s
 2710479 873349 7868.23946  140  294 7871.00000 7821.04945  0.63%   178 26326s
 2713735 874748     cutoff  160      7871.00000 7821.10750  0.63%   178 26355s
 2716834 876178 7867.66145   86  322 7871.00000 7821.15590  0.63%   178 26384s
 2719877 877513 7846.58680  152  289 7871.00000 7821.19725  0.63%   178 26415s
 2722526 878579     cutoff  100      7871.00000 7821.22358  0.63%   178 26447s
 2725686 880213 7863.33465  110  301 7871.00000 7821.27079  0.63%   178 26479s
 2729199 881878 7836.52333  191  265 7871.00000 7821.32472  0.63%   178 26515s
 2732974 883273 7848.73213  137  343 7871.00000 7821.38004  0.63%   178 26543s
 2736237 884818     cutoff  137      7871.00000 7821.41674  0.63%   178 26572s
 2739631 886220 7850.86236  241  317 7871.00000 7821.48284  0.63%   178 26605s
 2742796 888006 7834.27254  131  277 7871.00000 7821.50293  0.63%   178 26639s
 2746469 890060 7866.99560  233  407 7871.00000 7821.55110  0.63%   178 26671s
 2750086 891664 7841.76265  167  451 7871.00000 7821.57800  0.63%   178 26702s
 2753492 893031 7863.09435   84  377 7871.00000 7821.63190  0.63%   178 26734s
 2756865 894585     cutoff   91      7871.00000 7821.68817  0.63%   178 26764s
 2760182 896035 7867.04970   97  180 7871.00000 7821.71747  0.63%   178 26800s
 2763696 897270     cutoff   94      7871.00000 7821.78812  0.63%   178 26831s
 2767169 898877     cutoff  136      7871.00000 7821.84312  0.62%   178 26861s
 2770574 900378 7864.02322  161  237 7871.00000 7821.86653  0.62%   178 26890s
 2773849 902144 7832.85825  118  533 7871.00000 7821.92980  0.62%   178 26920s
 2777260 903631 7848.74592  160  418 7871.00000 7821.96696  0.62%   178 26949s
 2780554 904783 7865.91145  197  381 7871.00000 7822.04351  0.62%   178 26980s
 2783886 906473     cutoff  144      7871.00000 7822.07314  0.62%   178 27009s
 2787277 907755 7864.45514  156  343 7871.00000 7822.10396  0.62%   178 27038s
 2790489 909157 7851.00277  143  302 7871.00000 7822.14806  0.62%   178 27075s
 2793830 910731 7854.76081  157  478 7871.00000 7822.18727  0.62%   178 27107s
 2797321 911450 7868.52040  168  288 7871.00000 7822.23096  0.62%   178 27139s
 2798783 913118 7858.59155  158  382 7871.00000 7822.27192  0.62%   178 27174s
 2802677 915021 7856.31399  187  373 7871.00000 7822.30686  0.62%   179 27208s
 2806471 916402     cutoff  149      7871.00000 7822.36495  0.62%   179 27240s
 2810164 917900 7851.37917   86  446 7871.00000 7822.40773  0.62%   179 27271s
 2813543 919508 7855.05994   96  295 7871.00000 7822.46912  0.62%   179 27304s
 2816874 921131 7862.80926  107  394 7871.00000 7822.50671  0.62%   179 27334s
 2820230 923101 7868.25000  261   86 7871.00000 7822.58028  0.62%   179 27370s
 2823887 924782     cutoff  137      7871.00000 7822.59531  0.61%   179 27400s
 2827045 925772 7851.26110  108  445 7871.00000 7822.67083  0.61%   179 27430s
 2829291 927748 infeasible  198      7871.00000 7822.68985  0.61%   179 27463s
 2833005 929284     cutoff  146      7871.00000 7822.73427  0.61%   179 27494s
 2836454 930835     cutoff   63      7871.00000 7822.76224  0.61%   179 27524s
 2839646 932561     cutoff  171      7871.00000 7822.80979  0.61%   179 27555s
 2842956 933897 7867.90000  157  235 7871.00000 7822.84093  0.61%   179 27587s
 2846312 935584 7833.44211  195  440 7871.00000 7822.87613  0.61%   179 27619s
 2849791 937164 7853.34713  130  342 7871.00000 7822.93378  0.61%   179 27653s
 2853480 938507 7841.91487  146  338 7871.00000 7822.99143  0.61%   179 27683s
 2856622 939952 7834.67575  111  446 7871.00000 7823.01222  0.61%   179 27713s
 2859939 941475     cutoff  134      7871.00000 7823.08105  0.61%   179 27743s
 2863273 942821 7845.33948  150  331 7871.00000 7823.12074  0.61%   179 27773s
 2866418 944383 7867.49393  133  336 7871.00000 7823.15173  0.61%   179 27803s
 2869528 946147 7839.00885  124  400 7871.00000 7823.19089  0.61%   179 27833s
 2873144 947520 7850.01539   88  465 7871.00000 7823.23803  0.61%   179 27862s
 2876083 949214 7864.50276  121  348 7871.00000 7823.29072  0.61%   179 27892s
 2879346 950699     cutoff  171      7871.00000 7823.32160  0.61%   179 27928s
 2882835 951824 7856.24092  155  384 7871.00000 7823.34790  0.61%   179 27959s
 2885111 953302 7848.61840  145  364 7871.00000 7823.40772  0.60%   179 27995s
 2888719 954815 7852.81977  141  398 7871.00000 7823.44671  0.60%   179 28028s
 2892631 956385 7846.43370  136  360 7871.00000 7823.48529  0.60%   179 28060s
 2896184 957801 7840.73172  173  481 7871.00000 7823.54268  0.60%   179 28093s
 2899365 959154 7843.25270  172  368 7871.00000 7823.56746  0.60%   179 28126s
 2902887 960552     cutoff  152      7871.00000 7823.63575  0.60%   179 28159s
 2906277 961872 7842.74806  148  491 7871.00000 7823.67646  0.60%   179 28193s
 2909471 963427 7865.53692  185  291 7871.00000 7823.69425  0.60%   179 28229s
 2912984 965000 7850.63133  172  383 7871.00000 7823.75745  0.60%   179 28260s
 2916494 966157     cutoff   71      7871.00000 7823.82021  0.60%   179 28291s
 2918594 967885 7866.54588  103  481 7871.00000 7823.84971  0.60%   179 28323s
 2922027 969681 infeasible  203      7871.00000 7823.87060  0.60%   179 28355s
 2925569 971084     cutoff   91      7871.00000 7823.93546  0.60%   179 28388s
 2928917 972805 7864.43165  139  257 7871.00000 7823.98378  0.60%   179 28419s
 2932432 974306     cutoff  172      7871.00000 7824.01907  0.60%   179 28450s
 2935639 974910 7867.57143  139  184 7871.00000 7824.04568  0.60%   179 28482s
 2937267 976391 7848.86483  131  391 7871.00000 7824.06566  0.60%   179 28516s
 2940940 978069 7864.36111  196  195 7871.00000 7824.14061  0.60%   179 28552s
 2944511 979280     cutoff   78      7871.00000 7824.19114  0.59%   179 28582s
 2947871 980646 7869.41863  226  294 7871.00000 7824.23793  0.59%   179 28615s
 2951025 982105 7851.14678  230  452 7871.00000 7824.26924  0.59%   179 28649s
 2954808 983319 7865.30613  172  357 7871.00000 7824.29924  0.59%   179 28681s
 2957623 984542 7859.00420  137  330 7871.00000 7824.31628  0.59%   180 28714s
 2960876 986014 7860.52118  168  228 7871.00000 7824.36822  0.59%   180 28747s
 2964290 987446 7859.33208  104  329 7871.00000 7824.40739  0.59%   180 28779s
 2967556 989085 7857.31394  228  492 7871.00000 7824.47144  0.59%   180 28811s
 2971290 990558 7850.82651  123  356 7871.00000 7824.51716  0.59%   180 28846s
 2974908 992034 7856.18115  115  317 7871.00000 7824.57502  0.59%   180 28875s
 2978206 993372 7847.18730  178  333 7871.00000 7824.61512  0.59%   180 28905s
 2981534 994732 7869.50000  139  165 7871.00000 7824.63371  0.59%   180 28935s
 2984802 996042 7861.31255  123  561 7871.00000 7824.70486  0.59%   180 28965s
 2988138 997331 7854.98811   92  406 7871.00000 7824.72826  0.59%   180 28995s
 2991391 998733 7863.24022  137  491 7871.00000 7824.78334  0.59%   180 29025s
 2994520 1000459 infeasible  139      7871.00000 7824.82678  0.59%   180 29054s
 2997899 1001979 7853.51935  263  519 7871.00000 7824.84555  0.59%   180 29087s
 3001108 1003343     cutoff  150      7871.00000 7824.89167  0.59%   180 29122s
 3004712 1005054 7848.38589   94  318 7871.00000 7824.91754  0.59%   180 29152s
 3008200 1006757     cutoff  100      7871.00000 7825.00341  0.58%   180 29181s
 3011457 1008217 7857.62041  153  373 7871.00000 7825.03753  0.58%   180 29210s
 3014611 1009458     cutoff  187      7871.00000 7825.08256  0.58%   180 29240s
 3017602 1010928 7852.04022  191  370 7871.00000 7825.10923  0.58%   180 29269s
 3020978 1012291 7854.84396  116  323 7871.00000 7825.14578  0.58%   180 29299s
 3024140 1013727 7856.90470   91  371 7871.00000 7825.19525  0.58%   180 29329s
 3027468 1015433 7854.92745  142  492 7871.00000 7825.23277  0.58%   180 29358s
 3030880 1016924     cutoff  192      7871.00000 7825.26590  0.58%   180 29393s
 3034534 1018341 7830.57519  100  299 7871.00000 7825.29198  0.58%   180 29423s
 3037693 1019795 7858.58691  172  412 7871.00000 7825.33525  0.58%   180 29453s
 3040987 1021093 7859.42219  137  386 7871.00000 7825.36891  0.58%   180 29483s
 3044219 1022309     cutoff  107      7871.00000 7825.39903  0.58%   180 29513s
 3047346 1023767 7869.14212   86  268 7871.00000 7825.45281  0.58%   180 29543s
 3050558 1024325     cutoff  136      7871.00000 7825.47520  0.58%   180 29576s
 3052216 1027260 7858.12112  137  395 7871.00000 7825.49014  0.58%   180 29637s
 3059402 1028787 7832.08340  110  485 7871.00000 7825.57047  0.58%   180 29670s
 3062838 1030254 7854.50000   83  103 7871.00000 7825.64078  0.58%   180 29705s
 3066236 1032220 7849.65960  259  410 7871.00000 7825.67689  0.58%   180 29736s
 3070026 1033698 7855.79685  178  292 7871.00000 7825.71234  0.58%   180 29766s
 3073289 1035078 7861.95268  104  391 7871.00000 7825.75051  0.57%   180 29795s
 3076457 1036413 7833.28264  198  462 7871.00000 7825.77931  0.57%   180 29824s
 3079801 1037545     cutoff  174      7871.00000 7825.79849  0.57%   180 29854s
 3082813 1038975     cutoff  120      7871.00000 7825.85496  0.57%   180 29884s
 3086057 1040571 7842.24167  119  523 7871.00000 7825.88603  0.57%   180 29913s
 3089559 1041941 7851.51403   87  297 7871.00000 7825.91168  0.57%   180 29943s
 3092661 1043183 7865.40918  202  412 7871.00000 7825.96597  0.57%   180 29978s
 3096014 1044617 7838.92560  220  521 7871.00000 7825.98054  0.57%   180 30010s
 3099546 1046270     cutoff  126      7871.00000 7826.04858  0.57%   180 30044s
 3102819 1047708 7844.24795  226  396 7871.00000 7826.06867  0.57%   180 30077s
 3106444 1049336 7833.44279  209  403 7871.00000 7826.11160  0.57%   180 30106s
 3109850 1050573 7851.66435  168  354 7871.00000 7826.16222  0.57%   180 30135s
 3112988 1052143     cutoff   92      7871.00000 7826.19766  0.57%   180 30165s
 3116320 1053553 7851.28813  162  303 7871.00000 7826.22580  0.57%   180 30195s
 3119547 1055008 7840.91223  186  450 7871.00000 7826.26900  0.57%   180 30224s
 3122585 1056640 7840.87753  152  385 7871.00000 7826.30956  0.57%   180 30260s
 3126027 1058077 7829.68425  209  450 7871.00000 7826.36188  0.57%   180 30291s
 3129246 1059702 7848.95209  130  309 7871.00000 7826.37608  0.57%   180 30321s
 3132563 1060141 7857.35787  228  381 7871.00000 7826.44351  0.57%   180 30351s
 3133394 1061673 7856.18930   65  372 7871.00000 7826.44573  0.57%   180 30385s
 3137300 1063117 7858.24619  129  342 7871.00000 7826.49065  0.57%   180 30419s
 3140973 1064437 7845.53978   86  274 7871.00000 7826.52491  0.57%   180 30451s
 3144412 1066007 7868.01333  242  144 7871.00000 7826.56076  0.56%   180 30483s
 3147798 1067297 7853.50000  144  171 7871.00000 7826.61982  0.56%   180 30514s
 3151029 1068707 7854.95188  110  484 7871.00000 7826.66857  0.56%   180 30545s
 3154581 1069430 7861.88125  143  385 7871.00000 7826.68958  0.56%   180 30583s
 3156088 1072540 7849.32666  163  417 7871.00000 7826.72628  0.56%   180 30649s
 3163918 1074138 7839.83064   96  449 7871.00000 7826.77975  0.56%   181 30683s
 3167483 1075593 7853.23135  140  318 7871.00000 7826.81192  0.56%   181 30716s
 3170964 1077169 7859.66540  115  287 7871.00000 7826.87376  0.56%   181 30748s
 3174553 1078657 7855.34877  118  311 7871.00000 7826.90975  0.56%   181 30779s
 3178173 1080117 7866.71015  164  412 7871.00000 7826.94940  0.56%   181 30810s
 3181790 1081410 7833.93651  187  436 7871.00000 7827.00166  0.56%   181 30841s
 3185112 1082928     cutoff  152      7871.00000 7827.03996  0.56%   181 30877s
 3188628 1084238 7834.63778  178  432 7871.00000 7827.07367  0.56%   181 30908s
 3191995 1085417 7848.67835   86  349 7871.00000 7827.08928  0.56%   181 30938s
 3195490 1086951 7850.88885  110  384 7871.00000 7827.14286  0.56%   181 30968s
 3198766 1087976 7855.55900  125  483 7871.00000 7827.17883  0.56%   181 31000s
 3201889 1089137     cutoff  184      7871.00000 7827.20216  0.56%   181 31029s
 3205109 1090602 7832.31401   86  370 7871.00000 7827.25473  0.56%   181 31062s
 3208648 1092315 infeasible   84      7871.00000 7827.30646  0.56%   181 31092s
 3212319 1093567 infeasible  269      7871.00000 7827.34269  0.55%   181 31121s
 3215279 1094974 7856.49584  241  504 7871.00000 7827.36393  0.55%   181 31156s
 3218271 1096020 7864.75806   99  237 7871.00000 7827.38004  0.55%   181 31193s
 3220380 1096501 7862.77115  126  324 7871.00000 7827.41230  0.55%   181 31234s
 3221443 1097011 7861.66443  145  539 7871.00000 7827.41230  0.55%   181 31282s
 3222761 1097883 7854.42346  242  439 7871.00000 7827.42959  0.55%   181 31340s
 3225098 1100573 7856.73307  123  381 7871.00000 7827.43649  0.55%   181 31402s
 3231912 1102362 7841.88514  145  468 7871.00000 7827.49813  0.55%   181 31449s
 3237254 1104040     cutoff  118      7871.00000 7827.59722  0.55%   181 31489s
 3241828 1105839 7856.48683  141  359 7871.00000 7827.66548  0.55%   181 31526s
 3245900 1107452 7858.90927  168  458 7871.00000 7827.69415  0.55%   181 31560s
 3249583 1108646 7858.18528   86  350 7871.00000 7827.73845  0.55%   181 31590s
 3252871 1110070 7866.18143  216  246 7871.00000 7827.77841  0.55%   181 31619s
 3256084 1110842 7857.75415  159  356 7871.00000 7827.81848  0.55%   181 31653s
 3258150 1113515 7861.86677  130  323 7871.00000 7827.83886  0.55%   181 31703s
 3264037 1115202 7848.85016  159  372 7871.00000 7827.89177  0.55%   181 31737s
 3267913 1116949 7837.77529  129  392 7871.00000 7827.94509  0.55%   181 31769s
 3271662 1118574 infeasible   81      7871.00000 7827.97307  0.55%   181 31799s
 3275006 1120392 7868.14718  148  291 7871.00000 7828.01657  0.55%   181 31836s
 3278619 1121811 7864.48064  178  412 7871.00000 7828.05093  0.55%   181 31865s
 3281928 1123125 7856.22363  104  210 7871.00000 7828.08869  0.55%   181 31895s
 3284951 1124594 7852.95132  130  348 7871.00000 7828.11828  0.54%   181 31924s
 3286961 1124594 7853.78377  173  293 7871.00000 7828.12852  0.54%   181 31925s
 3288479 1125844 7855.24169  148  331 7871.00000 7828.16849  0.54%   181 31955s
 3291879 1127279     cutoff  176      7871.00000 7828.19451  0.54%   181 31984s
 3295174 1128489 7845.34983  124  279 7871.00000 7828.22132  0.54%   181 32014s
 3298499 1129966 7865.00313  140  144 7871.00000 7828.25758  0.54%   181 32042s
 3301808 1131570 7865.71537  119  265 7871.00000 7828.28492  0.54%   181 32071s
 3305144 1133277 7851.59526  214  433 7871.00000 7828.33371  0.54%   181 32107s
 3308905 1134845 7855.30144  229  378 7871.00000 7828.35744  0.54%   181 32139s
 3312608 1136356     cutoff   75      7871.00000 7828.38406  0.54%   181 32168s
 3316003 1137994     cutoff  136      7871.00000 7828.43919  0.54%   181 32196s
 3319271 1139499 7842.97253  136  243 7871.00000 7828.46827  0.54%   181 32226s
 3322466 1140846 7858.58679  147  325 7871.00000 7828.49290  0.54%   181 32255s
 3325674 1142187 7854.55814  175  314 7871.00000 7828.53153  0.54%   181 32284s
 3328743 1142187 7869.07522  155  451 7871.00000 7828.54871  0.54%   181 32285s
 3328932 1143560 7844.50610  114  300 7871.00000 7828.56761  0.54%   181 32314s
 3332183 1145075     cutoff   74      7871.00000 7828.59143  0.54%   181 32342s
 3335555 1146392 7857.89375  112  202 7871.00000 7828.61938  0.54%   181 32378s
 3339161 1148075 7847.79711   82  398 7871.00000 7828.67424  0.54%   181 32408s
 3342495 1149613 7846.73506  215  352 7871.00000 7828.68862  0.54%   181 32437s
 3345958 1150672 7853.36355  206  378 7871.00000 7828.70959  0.54%   181 32466s
 3349148 1152056     cutoff  246      7871.00000 7828.76715  0.54%   181 32495s
 3352409 1153198     cutoff  157      7871.00000 7828.80320  0.54%   181 32524s
 3355695 1153846 7867.58341  203  382 7871.00000 7828.82651  0.54%   181 32553s
 3357422 1155182 7852.70036  228  546 7871.00000 7828.83235  0.54%   181 32585s
 3361040 1156392     cutoff  105      7871.00000 7828.88402  0.54%   181 32616s
 3364408 1157826 7849.97191  113  264 7871.00000 7828.91151  0.53%   181 32655s
 3367906 1159259     cutoff  121      7871.00000 7828.92375  0.53%   181 32685s
 3371286 1160673 7854.88029  151  343 7871.00000 7828.99486  0.53%   181 32715s
 3374644 1162051 7864.14875  296  449 7871.00000 7829.02191  0.53%   181 32745s
 3377883 1163497 7854.63645  107  285 7871.00000 7829.05251  0.53%   181 32775s
 3381329 1165064 7854.57513  207  462 7871.00000 7829.07013  0.53%   181 32805s
 3384772 1166316 7836.70929  179  365 7871.00000 7829.12229  0.53%   181 32835s
 3388150 1167741 7842.03712   88  240 7871.00000 7829.16236  0.53%   181 32864s
 3391338 1169145 7858.72272  158  275 7871.00000 7829.18744  0.53%   181 32894s
 3394708 1170650 7867.38206  163  351 7871.00000 7829.23331  0.53%   181 32929s
 3398600 1172176 7837.24403  214  349 7871.00000 7829.27333  0.53%   181 32957s
 3401591 1173473 7854.68445  162  388 7871.00000 7829.29967  0.53%   181 32986s
 3404875 1174683 infeasible  188      7871.00000 7829.33793  0.53%   181 33014s
 3408039 1175812 7849.42366  144  334 7871.00000 7829.35707  0.53%   181 33043s
 3411364 1177228 7846.99650  109  182 7871.00000 7829.40585  0.53%   181 33076s
 3414839 1178956 7843.89801   91  275 7871.00000 7829.44047  0.53%   181 33106s
 3418388 1180316 7850.59573  249  383 7871.00000 7829.48208  0.53%   181 33139s
 3421506 1181704     cutoff  156      7871.00000 7829.51178  0.53%   181 33169s
 3424958 1183233 7831.87245  167  501 7871.00000 7829.54212  0.53%   181 33202s
 3428538 1184340 7846.86261  122  233 7871.00000 7829.55559  0.53%   181 33232s
 3431845 1185827 7851.85911   71  273 7871.00000 7829.59599  0.53%   181 33262s
 3435286 1187501     cutoff  131      7871.00000 7829.64872  0.53%   181 33290s
 3438628 1188684     cutoff  108      7871.00000 7829.66236  0.53%   181 33319s
 3441722 1190149 7843.52544  190  418 7871.00000 7829.68867  0.52%   181 33349s
 3445153 1191665     cutoff   58      7871.00000 7829.72204  0.52%   181 33378s
 3448459 1192833 7855.93938  125  379 7871.00000 7829.75966  0.52%   181 33407s
 3451888 1194101 7865.08424  118  325 7871.00000 7829.79033  0.52%   181 33435s
 3455088 1195692 7845.73967   77  271 7871.00000 7829.79033  0.52%   181 33468s
 3458995 1196932 7857.21004  266  511 7871.00000 7829.85098  0.52%   181 33495s
 3461905 1197385 7867.69231  139  204 7871.00000 7829.88380  0.52%   181 33527s
 3463172 1200650 7867.82984  115  238 7871.00000 7829.89955  0.52%   181 33605s
 3472163 1202178 7859.39203  176  355 7871.00000 7829.95307  0.52%   181 33639s
 3476124 1203658 7856.46742  202  408 7871.00000 7830.01756  0.52%   181 33671s
 3479704 1205151 7855.54251  169  337 7871.00000 7830.04358  0.52%   181 33701s
 3483305 1206456     cutoff  121      7871.00000 7830.09551  0.52%   181 33732s
 3486763 1207909 7851.25211   99  396 7871.00000 7830.12392  0.52%   181 33768s
 3490471 1208866     cutoff  312      7871.00000 7830.15781  0.52%   181 33797s
 3493646 1210220 7849.69525  172  331 7871.00000 7830.19496  0.52%   181 33826s
 3496890 1211469 7864.49253  113  298 7871.00000 7830.22823  0.52%   181 33856s
 3500332 1212938 7856.99950  119  454 7871.00000 7830.25630  0.52%   181 33885s
 3503550 1214099 7862.69543  225  421 7871.00000 7830.28771  0.52%   181 33913s
 3506909 1215258     cutoff  192      7871.00000 7830.32354  0.52%   181 33943s
 3510164 1216548 7842.47256   95  355 7871.00000 7830.33860  0.52%   182 33971s
 3513526 1217562 7840.50754  223  575 7871.00000 7830.38069  0.52%   182 34003s
 3517066 1219063 7860.75167  159  271 7871.00000 7830.39779  0.52%   182 34037s
 3520886 1220126 7862.71690  144  422 7871.00000 7830.44444  0.52%   182 34065s
 3524208 1221532 7847.06498  225  450 7871.00000 7830.46417  0.52%   182 34092s
 3527334 1222849 7849.26171  118  378 7871.00000 7830.49660  0.51%   182 34120s
 3530463 1223954 infeasible  159      7871.00000 7830.52402  0.51%   182 34150s
 3533619 1225277 7849.15040  161  331 7871.00000 7830.55763  0.51%   182 34180s
 3537079 1226777 7848.16613  209  493 7871.00000 7830.58171  0.51%   182 34208s
 3540298 1227926 7869.16876  226  354 7871.00000 7830.63299  0.51%   182 34235s
 3543457 1229365 7844.07856   79  284 7871.00000 7830.65404  0.51%   182 34263s
 3546736 1230826 infeasible  150      7871.00000 7830.68582  0.51%   182 34297s
 3550120 1231933 infeasible   73      7871.00000 7830.72136  0.51%   182 34329s
 3553698 1233321 7839.49720  143  347 7871.00000 7830.75126  0.51%   182 34359s
 3557161 1234456 7853.72788  147  254 7871.00000 7830.77803  0.51%   182 34388s
 3560274 1235964 7842.25561   73  381 7871.00000 7830.80649  0.51%   182 34419s
 3563792 1237433 7854.24874  194  492 7871.00000 7830.83098  0.51%   182 34451s
 3567008 1238641 7845.27489  181  348 7871.00000 7830.87022  0.51%   182 34483s
 3570893 1239775 7860.42269  245  360 7871.00000 7830.90525  0.51%   182 34513s
 3574253 1241499 7847.74312  119  420 7871.00000 7830.95504  0.51%   182 34542s
 3577834 1242790 infeasible  184      7871.00000 7830.98418  0.51%   182 34576s
 3581644 1243814     cutoff  128      7871.00000 7831.00201  0.51%   182 34603s
 3584776 1245111     cutoff   78      7871.00000 7831.02137  0.51%   182 34631s
 3587969 1246458 7865.74849  200  355 7871.00000 7831.06004  0.51%   182 34660s
 3591253 1248002 7858.87729  169  333 7871.00000 7831.10658  0.51%   182 34688s
 3594687 1249476 7862.01530  123  434 7871.00000 7831.13523  0.51%   182 34716s
 3597824 1250586 7846.73601  105  277 7871.00000 7831.15977  0.51%   182 34745s
 3600985 1251708 7866.36822  138  286 7871.00000 7831.18375  0.51%   182 34774s
 3604256 1252311 7862.48032   92  308 7871.00000 7831.20955  0.51%   182 34804s
 3605809 1253888 7847.69081  204  341 7871.00000 7831.21790  0.51%   182 34836s
 3609336 1254951 7841.19960   98  555 7871.00000 7831.25384  0.50%   182 34869s
 3613038 1256250 7856.31853  134  294 7871.00000 7831.28271  0.50%   182 34898s
 3616326 1257417 7849.84647  149  401 7871.00000 7831.29865  0.50%   182 34931s
 3619753 1258868     cutoff   81      7871.00000 7831.35278  0.50%   182 34962s
 3623485 1260106 7837.89088  186  379 7871.00000 7831.37998  0.50%   182 34992s
 3627150 1261094 7857.98040  125  355 7871.00000 7831.41418  0.50%   182 35021s
 3630471 1262376 7864.33333   84  179 7871.00000 7831.44027  0.50%   182 35051s
 3633885 1262816 7861.12973  179  227 7871.00000 7831.45599  0.50%   182 35079s
 3635256 1263884     cutoff   86      7871.00000 7831.46934  0.50%   182 35109s
 3638775 1265585 7867.70257   82  382 7871.00000 7831.51495  0.50%   182 35143s
 3642626 1266945 7864.30476   68  294 7871.00000 7831.55002  0.50%   182 35171s
 3645788 1267840     cutoff  130      7871.00000 7831.57796  0.50%   182 35201s
 3648823 1269181 7858.79281  244  377 7871.00000 7831.60850  0.50%   182 35230s
 3652163 1270420 7866.79703  143  255 7871.00000 7831.62752  0.50%   182 35260s
 3655455 1271650 7860.63039  175  414 7871.00000 7831.67186  0.50%   182 35289s
 3658606 1273108 7861.47213   86  434 7871.00000 7831.68275  0.50%   182 35317s
 3661948 1274474 7845.39875  144  334 7871.00000 7831.73012  0.50%   182 35347s
 3665216 1275452 7861.08584  165  406 7871.00000 7831.75899  0.50%   182 35375s
 3668501 1276432 7836.43434  204  580 7871.00000 7831.77716  0.50%   182 35409s
 3671855 1277888 7865.79674  125  386 7871.00000 7831.80120  0.50%   182 35440s
 3675511 1279315 7862.70439  134  419 7871.00000 7831.81997  0.50%   182 35470s
 3678850 1280419 7849.10678  152  455 7871.00000 7831.85709  0.50%   182 35500s
 3682387 1281627 7863.27352  296  396 7871.00000 7831.89365  0.50%   182 35529s
 3685667 1282883 7840.84432   95  365 7871.00000 7831.91578  0.50%   182 35557s
 3689065 1284331     cutoff  179      7871.00000 7831.95255  0.50%   182 35586s
 3692485 1285580 7863.85775  113  455 7871.00000 7831.97275  0.50%   182 35615s
 3695893 1286703 7846.60357   96  281 7871.00000 7832.00350  0.50%   182 35643s
 3698847 1288325 7847.15054  172  473 7871.00000 7832.02358  0.50%   182 35678s
 3702499 1289921     cutoff   95      7871.00000 7832.06009  0.49%   182 35706s
 3706053 1291079     cutoff   90      7871.00000 7832.08761  0.49%   182 35734s
 3709328 1292319 7860.88273   58  299 7871.00000 7832.11288  0.49%   182 35762s
 3712536 1293791 infeasible   87      7871.00000 7832.14501  0.49%   182 35791s
 3715811 1294921 7853.74082  227  490 7871.00000 7832.16473  0.49%   182 35819s
 3719099 1295774     cutoff  168      7871.00000 7832.18828  0.49%   182 35851s
 3722515 1296777 7858.49554  117  430 7871.00000 7832.22676  0.49%   182 35881s
 3725542 1297830 7848.48090  144  409 7871.00000 7832.25399  0.49%   182 35915s
 3728915 1298444 7860.97845  184  312 7871.00000 7832.28094  0.49%   182 35949s
 3730705 1300830 7866.66856  230  471 7871.00000 7832.29765  0.49%   182 36004s
 3737315 1302154     cutoff  288      7871.00000 7832.34095  0.49%   182 36037s
 3741350 1303474     cutoff  104      7871.00000 7832.39555  0.49%   182 36068s
 3744717 1304543 7866.62825  259  358 7871.00000 7832.42056  0.49%   182 36099s
 3748173 1305819 7846.57079  172  321 7871.00000 7832.43282  0.49%   182 36130s
 3751899 1306959 7854.52073  102  420 7871.00000 7832.47319  0.49%   182 36159s
 3755298 1307921 7869.34950  136  301 7871.00000 7832.51605  0.49%   182 36188s
 3758562 1309015     cutoff  202      7871.00000 7832.54453  0.49%   182 36223s
 3762168 1310224 7858.99183  166  379 7871.00000 7832.57190  0.49%   182 36251s
 3765638 1311738 7846.44093  117  382 7871.00000 7832.60965  0.49%   182 36280s
 3768907 1313125 7860.31452  195  373 7871.00000 7832.62274  0.49%   182 36309s
 3772180 1314155 7860.35591  187  413 7871.00000 7832.65564  0.49%   182 36340s
 3775517 1315524 7857.45575  148  418 7871.00000 7832.67025  0.49%   182 36371s
 3779227 1316778 7860.96632  296  302 7871.00000 7832.71134  0.49%   182 36400s
 3782457 1318044 7845.95988  155  353 7871.00000 7832.74087  0.49%   182 36429s
 3785769 1318905 7850.63474  189  401 7871.00000 7832.76489  0.49%   182 36459s
 3788739 1320242 7862.33088  297  425 7871.00000 7832.79171  0.49%   182 36493s
 3792379 1321095 7864.51171  157  377 7871.00000 7832.81490  0.49%   182 36522s
 3794640 1322651 7840.69969  209  482 7871.00000 7832.82791  0.48%   182 36555s
 3798336 1323764 7857.82142  215  394 7871.00000 7832.86646  0.48%   182 36586s
 3802088 1324934 7868.90741  150  199 7871.00000 7832.90227  0.48%   182 36616s
 3805358 1326181     cutoff  151      7871.00000 7832.91601  0.48%   182 36647s
 3808940 1327200     cutoff  142      7871.00000 7832.96232  0.48%   182 36677s
 3812517 1328379 7840.59079  162  380 7871.00000 7832.99059  0.48%   182 36706s
 3815812 1329584 7849.33629  237  556 7871.00000 7833.02200  0.48%   182 36736s
 3819148 1331114 7859.85116   84  262 7871.00000 7833.05023  0.48%   182 36771s
 3823120 1332145     cutoff  152      7871.00000 7833.07833  0.48%   182 36802s
 3826388 1333499 7865.50000  107   71 7871.00000 7833.09028  0.48%   182 36834s
 3830143 1334689 7854.75576  159  314 7871.00000 7833.14244  0.48%   182 36864s
 3833680 1335410 7856.47268  242  368 7871.00000 7833.15406  0.48%   182 36894s
 3835797 1336921 7849.80640  182  468 7871.00000 7833.17311  0.48%   182 36925s
 3839388 1337489 7847.94314  155  339 7871.00000 7833.21212  0.48%   182 36956s
 3841023 1338910 7864.16689  187  359 7871.00000 7833.23660  0.48%   182 36989s
 3844956 1340580     cutoff   97      7871.00000 7833.25747  0.48%   182 37020s
 3848743 1342002 7854.21823   76  255 7871.00000 7833.29784  0.48%   182 37054s
 3852489 1343063 7860.23749  211  456 7871.00000 7833.33380  0.48%   182 37082s
 3855975 1344082 7851.80142  217  363 7871.00000 7833.36172  0.48%   182 37110s
 3858989 1345267     cutoff  125      7871.00000 7833.38125  0.48%   182 37138s
 3862203 1346422 7858.96196  221  359 7871.00000 7833.42293  0.48%   182 37166s
 3865507 1347480 7845.75470  178  476 7871.00000 7833.44654  0.48%   182 37193s
 3868606 1348355 7850.72511  141  343 7871.00000 7833.47129  0.48%   182 37222s
 3871853 1349387 7859.10310  138  368 7871.00000 7833.50230  0.48%   182 37250s
 3875018 1350608     cutoff   79      7871.00000 7833.53223  0.48%   182 37282s
 3878510 1351966 7856.62367   98  265 7871.00000 7833.54991  0.48%   182 37316s
 3882100 1353299 7864.75895  183  393 7871.00000 7833.58226  0.48%   182 37345s
 3885381 1354273 7841.65000  124  182 7871.00000 7833.60284  0.48%   182 37374s
 3888668 1355292 7847.45614  223  563 7871.00000 7833.64639  0.47%   182 37403s
 3891315 1356234     cutoff  279      7871.00000 7833.64843  0.47%   182 37434s
 3894838 1357743 7856.52593  114  428 7871.00000 7833.68903  0.47%   182 37464s
 3898333 1358915 7853.96059  205  434 7871.00000 7833.70656  0.47%   182 37493s
 3901906 1360347 7851.59209  114  368 7871.00000 7833.73193  0.47%   182 37523s
 3905330 1361373 7863.08908  149  364 7871.00000 7833.75562  0.47%   182 37551s
 3908614 1362597 7855.64487  121  312 7871.00000 7833.77689  0.47%   182 37585s
 3912463 1363664 7853.54575  159  301 7871.00000 7833.81074  0.47%   182 37613s
 3915737 1364744     cutoff  196      7871.00000 7833.83472  0.47%   182 37640s
 3918950 1365842 7848.00109  110  376 7871.00000 7833.87362  0.47%   182 37668s
 3922130 1366725     cutoff   94      7871.00000 7833.88833  0.47%   182 37697s
 3924286 1367874 7847.32132  102  402 7871.00000 7833.91065  0.47%   182 37728s
 3927682 1368795 7864.78484  292  460 7871.00000 7833.93564  0.47%   182 37759s
 3930965 1370052 7855.00724  157  475 7871.00000 7833.96751  0.47%   182 37790s
 3934581 1371151     cutoff  113      7871.00000 7833.99535  0.47%   182 37820s
 3938062 1372665 7842.60456  150  399 7871.00000 7834.01877  0.47%   182 37855s
 3941939 1373839     cutoff  156      7871.00000 7834.05149  0.47%   182 37882s
 3944892 1375004     cutoff  182      7871.00000 7834.07512  0.47%   182 37910s
 3948179 1376134 infeasible  127      7871.00000 7834.09475  0.47%   182 37938s
 3951409 1377161     cutoff  147      7871.00000 7834.12076  0.47%   182 37966s
 3954640 1378449 7843.91050  140  441 7871.00000 7834.15598  0.47%   182 37995s
 3958002 1379311 7856.58208  200  578 7871.00000 7834.17479  0.47%   182 38024s
 3961079 1379728 7850.09048   99  223 7871.00000 7834.21436  0.47%   182 38052s
 3962426 1380572 7853.41576  233  453 7871.00000 7834.22004  0.47%   182 38084s
 3963303 1380572 7850.33639  136  311 7871.00000 7834.23299  0.47%   182 38085s
 3964021 1380783     cutoff  263      7871.00000 7834.23299  0.47%   182 38118s
 3964980 1381202 7839.86101  168  319 7871.00000 7834.23938  0.47%   182 38157s
 3966089 1381733 7840.24697  169  342 7871.00000 7834.23938  0.47%   182 38198s
 3967281 1382165     cutoff  170      7871.00000 7834.24358  0.47%   182 38231s
 3968168 1386305 7848.08650  177  271 7871.00000 7834.24500  0.47%   182 38350s
 3980556 1387222     cutoff  143      7871.00000 7834.34219  0.47%   182 38382s
 3984133 1388215 7861.32650  169  278 7871.00000 7834.38194  0.47%   182 38411s
 3987419 1389146 7862.33333  113  105 7871.00000 7834.40873  0.46%   182 38440s
 3990799 1390260 7855.49702  141  389 7871.00000 7834.43092  0.46%   182 38469s
 3994077 1391540 7867.34595  114  413 7871.00000 7834.46670  0.46%   182 38498s
 3997354 1392876     cutoff  102      7871.00000 7834.49468  0.46%   182 38533s
 4001150 1394081 7856.66529  129  440 7871.00000 7834.52306  0.46%   182 38560s
 4004391 1395237     cutoff  132      7871.00000 7834.56045  0.46%   182 38588s
 4007385 1396195 7866.44653  116  350 7871.00000 7834.58458  0.46%   182 38616s
 4010541 1397189     cutoff  182      7871.00000 7834.60727  0.46%   182 38646s
 4014007 1398409 7848.42913  224  337 7871.00000 7834.61603  0.46%   182 38674s
 4017478 1399537     cutoff  184      7871.00000 7834.65927  0.46%   182 38702s
 4020721 1400457 infeasible  193      7871.00000 7834.65927  0.46%   182 38730s
 4023993 1401602 7865.16689  139  393 7871.00000 7834.70662  0.46%   182 38758s
 4027230 1402965 7860.92861  242  302 7871.00000 7834.72226  0.46%   182 38792s
 4031115 1404109 7849.13241  129  339 7871.00000 7834.75595  0.46%   182 38823s
 4034578 1405017 7861.13645  248  229 7871.00000 7834.76402  0.46%   182 38853s
 4037779 1406521     cutoff  242      7871.00000 7834.81070  0.46%   182 38883s
 4041522 1407415     cutoff  145      7871.00000 7834.84184  0.46%   182 38913s
 4044789 1408553 7853.11511  171  398 7871.00000 7834.86265  0.46%   182 38942s
 4048226 1409999 7866.77778  122  233 7871.00000 7834.90241  0.46%   182 38971s
 4051728 1410143 infeasible  183      7871.00000 7834.91414  0.46%   182 38997s
 4052385 1411537 7859.28379  123  314 7871.00000 7834.91765  0.46%   182 39028s
 4056056 1412822 7863.38763  132  361 7871.00000 7834.94444  0.46%   182 39059s
 4059826 1413987     cutoff  144      7871.00000 7834.98512  0.46%   182 39094s
 4063567 1414764     cutoff  238      7871.00000 7835.00510  0.46%   182 39123s
 4066379 1415928 7860.71798  124  310 7871.00000 7835.03524  0.46%   182 39153s
 4070006 1416959 7854.67604  160  374 7871.00000 7835.06578  0.46%   182 39182s
 4073268 1418137     cutoff  180      7871.00000 7835.09342  0.46%   182 39211s
 4076479 1419228 7852.30272  210  333 7871.00000 7835.11707  0.46%   182 39240s
 4079780 1420691 7844.30172  255  364 7871.00000 7835.14330  0.46%   182 39269s
 4083398 1421655 7856.36929  145  376 7871.00000 7835.16852  0.46%   182 39301s
 4087074 1422676     cutoff   81      7871.00000 7835.19472  0.45%   182 39329s
 4088130 1422676     cutoff  135      7871.00000 7835.19472  0.45%   182 39330s
 4090463 1423667 7849.33289  236  451 7871.00000 7835.23642  0.45%   182 39364s
 4094106 1424636 7863.11715  139  381 7871.00000 7835.25336  0.45%   182 39392s
 4097551 1425700 7850.83333   72  193 7871.00000 7835.28398  0.45%   182 39420s
 4100850 1426249 7864.73043  142  194 7871.00000 7835.31734  0.45%   182 39448s
 4102055 1427169 7854.51829  145  309 7871.00000 7835.32938  0.45%   182 39478s
 4105809 1428497 7857.16820  139  375 7871.00000 7835.35371  0.45%   182 39508s
 4109519 1429656 7854.34792  148  248 7871.00000 7835.37075  0.45%   182 39536s
 4112971 1430871 7865.82577  128  313 7871.00000 7835.41194  0.45%   182 39566s
 4116386 1431994 7863.71423   92  206 7871.00000 7835.42334  0.45%   182 39594s
 4119652 1433250 7865.40538  131  458 7871.00000 7835.45977  0.45%   182 39628s
 4123499 1434274 7850.93687  111  309 7871.00000 7835.48563  0.45%   182 39657s
 4126814 1435381 7845.66667   96  137 7871.00000 7835.50666  0.45%   182 39684s
 4129990 1436430 7862.65388  110  356 7871.00000 7835.52770  0.45%   182 39711s
 4133122 1437451 7849.16921  158  321 7871.00000 7835.55832  0.45%   182 39739s
 4136390 1438513 7848.92193  130  448 7871.00000 7835.56349  0.45%   182 39771s
 4139898 1439439 infeasible  103      7871.00000 7835.61327  0.45%   182 39801s
 4143240 1440528     cutoff  175      7871.00000 7835.63748  0.45%   182 39830s
 4146735 1441762 7865.47125  184  290 7871.00000 7835.66182  0.45%   182 39858s
 4150346 1442962 7841.77471  145  372 7871.00000 7835.68370  0.45%   182 39893s
 4154274 1443947 7865.47842  135  190 7871.00000 7835.70431  0.45%   182 39920s
 4157288 1444984 7867.01003  188  401 7871.00000 7835.71554  0.45%   182 39948s
 4160709 1446007 7850.34858  228  434 7871.00000 7835.75231  0.45%   182 39975s
 4163865 1446985 7854.70765   94  372 7871.00000 7835.77085  0.45%   182 40002s
 4167232 1448028 7847.83333  207  102 7871.00000 7835.80698  0.45%   182 40030s
 4170344 1449193 7855.86420  121  400 7871.00000 7835.82825  0.45%   182 40058s
 4173542 1450459 7844.21196  201  347 7871.00000 7835.85134  0.45%   182 40085s
 4176883 1451792 7862.73217  139  353 7871.00000 7835.87777  0.45%   182 40112s
 4180245 1452997     cutoff  139      7871.00000 7835.90078  0.45%   182 40147s
 4184403 1453987 7850.79570  188  439 7871.00000 7835.92731  0.45%   182 40173s
 4187408 1455204     cutoff  165      7871.00000 7835.94678  0.45%   182 40205s
 4191102 1456186 7844.36559  107  284 7871.00000 7835.96735  0.45%   182 40234s
 4194539 1457085 7868.74698  182  292 7871.00000 7835.98326  0.44%   182 40262s
 4197807 1458342 7865.18586  194  462 7871.00000 7836.02522  0.44%   182 40291s
 4201127 1459291 7858.30144  140  375 7871.00000 7836.03240  0.44%   182 40318s
 4204491 1460310 7861.71887  132  412 7871.00000 7836.06520  0.44%   182 40346s
 4207669 1461652 7846.39786  115  423 7871.00000 7836.08752  0.44%   182 40374s
 4211040 1462956     cutoff   95      7871.00000 7836.11664  0.44%   182 40409s
 4214952 1464035     cutoff  211      7871.00000 7836.13415  0.44%   182 40436s
 4217922 1465429 7838.70284  117  460 7871.00000 7836.15145  0.44%   182 40464s
 4221325 1466487 7851.57595  162  508 7871.00000 7836.18305  0.44%   182 40492s
 4224654 1467681 7850.26113   56  315 7871.00000 7836.20825  0.44%   182 40519s
 4227923 1468724 7857.46213  154  409 7871.00000 7836.22494  0.44%   182 40546s
 4231263 1469599 7854.60728  102  333 7871.00000 7836.25612  0.44%   182 40573s
 4234377 1470448 7854.59760  142  353 7871.00000 7836.26292  0.44%   182 40601s
 4237618 1471054 infeasible  186      7871.00000 7836.28473  0.44%   182 40631s
 4238971 1474003 infeasible  125      7871.00000 7836.30876  0.44%   182 40704s
 4247916 1474900 7846.49045  283  393 7871.00000 7836.35316  0.44%   182 40737s
 4251395 1476047 7858.93908  231  458 7871.00000 7836.38793  0.44%   182 40767s
 4254950 1477122     cutoff  153      7871.00000 7836.41686  0.44%   182 40795s
 4258389 1477869 infeasible   65      7871.00000 7836.44722  0.44%   182 40823s
 4261463 1478924     cutoff  192      7871.00000 7836.47553  0.44%   182 40851s
 4264814 1480263     cutoff   79      7871.00000 7836.49681  0.44%   182 40879s
 4268131 1481179 7853.92767  199  450 7871.00000 7836.51612  0.44%   182 40908s
 4271539 1482292     cutoff  221      7871.00000 7836.53848  0.44%   182 40935s
 4274993 1483191 infeasible  107      7871.00000 7836.57440  0.44%   182 40964s
 4278107 1484280     cutoff  127      7871.00000 7836.59644  0.44%   182 40999s
 4281806 1485126 7856.64852   93  433 7871.00000 7836.62136  0.44%   182 41028s
 4285248 1486029 7865.14987  117  367 7871.00000 7836.64595  0.44%   182 41055s
 4288493 1486932     cutoff  160      7871.00000 7836.67681  0.44%   182 41086s
 4292026 1488119 7856.64940  124  248 7871.00000 7836.70776  0.44%   182 41117s
 4295687 1489134 7857.47411  155  300 7871.00000 7836.73014  0.44%   182 41145s
 4298895 1490135 7860.92812  122  354 7871.00000 7836.75300  0.44%   182 41173s
 4302356 1490955 7850.89053  172  309 7871.00000 7836.77803  0.43%   182 41202s
 4305757 1492151 7846.20976  225  403 7871.00000 7836.79723  0.43%   182 41229s
 4307110 1492151 7867.28115  246  284 7871.00000 7836.80191  0.43%   182 41230s
 4309124 1493585 7861.84439  102  282 7871.00000 7836.82247  0.43%   182 41264s
 4312906 1494728 7847.61946  202  427 7871.00000 7836.84612  0.43%   182 41292s
 4316360 1495543 7851.57302  116  401 7871.00000 7836.87221  0.43%   182 41318s
 4319297 1496714 infeasible   97      7871.00000 7836.89093  0.43%   182 41346s
 4322896 1497427     cutoff  242      7871.00000 7836.91212  0.43%   182 41374s
 4325903 1498291 7849.03002  142  374 7871.00000 7836.94306  0.43%   182 41401s
 4329293 1499222 7863.51098   90  386 7871.00000 7836.96217  0.43%   182 41429s
 4332407 1500361     cutoff  157      7871.00000 7836.98780  0.43%   182 41457s
 4335562 1501666 7862.68981  157  230 7871.00000 7837.01151  0.43%   182 41485s
 4339055 1502891 7860.02083   90  262 7871.00000 7837.02999  0.43%   182 41519s
 4342642 1503901 7862.42538  225  386 7871.00000 7837.05382  0.43%   182 41547s
 4346018 1504650 7852.10549  149  254 7871.00000 7837.07539  0.43%   182 41575s
 4349282 1505800 7859.91192  192  389 7871.00000 7837.09452  0.43%   182 41603s
 4352751 1506792 7862.41895  200  391 7871.00000 7837.12550  0.43%   182 41631s
 4356173 1507779 7847.77378  153  355 7871.00000 7837.14579  0.43%   182 41660s
 4359450 1508726     cutoff  131      7871.00000 7837.16991  0.43%   182 41688s
 4362796 1509828 7853.14114  281  371 7871.00000 7837.18581  0.43%   182 41716s
 4366161 1510775 7851.69892  216  221 7871.00000 7837.21272  0.43%   182 41744s
 4369470 1511906     cutoff  112      7871.00000 7837.22616  0.43%   182 41777s
 4373185 1512868     cutoff  185      7871.00000 7837.25869  0.43%   182 41805s
 4376504 1513842 7868.79611  141  364 7871.00000 7837.28496  0.43%   182 41832s
 4379854 1514757 7865.70790  190  372 7871.00000 7837.30286  0.43%   182 41859s
 4383442 1515625 7842.51713  133  352 7871.00000 7837.32374  0.43%   182 41886s
 4386597 1516573     cutoff  265      7871.00000 7837.34401  0.43%   182 41913s
 4389870 1517101 7852.88727  104  379 7871.00000 7837.37314  0.43%   182 41946s
 4391512 1519587 7848.81671  111  323 7871.00000 7837.37993  0.43%   182 42007s
 4398925 1520742 7856.20538  131  384 7871.00000 7837.41271  0.43%   182 42042s
 4402743 1521884 7869.51921  188  316 7871.00000 7837.44826  0.43%   182 42069s
 4406238 1522725 7849.63732  217  502 7871.00000 7837.47511  0.43%   182 42095s
 4409366 1523553 7866.98892  233  303 7871.00000 7837.50089  0.43%   182 42122s
 4412442 1524585     cutoff  189      7871.00000 7837.52312  0.43%   182 42149s
 4415617 1525759 7859.95762  132  316 7871.00000 7837.53235  0.43%   182 42175s
 4419054 1526770     cutoff  177      7871.00000 7837.56117  0.42%   182 42203s
 4422214 1527589     cutoff  203      7871.00000 7837.57894  0.42%   182 42230s
 4425504 1528506 7846.74795   93  406 7871.00000 7837.59258  0.42%   182 42257s
 4428741 1529793     cutoff  142      7871.00000 7837.62500  0.42%   182 42291s
 4432600 1530866 7849.87425  137  306 7871.00000 7837.64444  0.42%   182 42318s
 4435753 1531709     cutoff  181      7871.00000 7837.67208  0.42%   182 42346s
 4438942 1532749 7852.09668  208  412 7871.00000 7837.69881  0.42%   182 42374s
 4442174 1533671 7858.13222  220  435 7871.00000 7837.71287  0.42%   182 42405s
 4445504 1534733     cutoff  171      7871.00000 7837.74913  0.42%   182 42436s
 4449272 1535925 7867.67016  195  287 7871.00000 7837.77241  0.42%   182 42465s
 4452948 1536999 7859.98854  269  387 7871.00000 7837.80043  0.42%   182 42493s
 4456217 1537847 7861.48280  207  438 7871.00000 7837.81783  0.42%   182 42521s
 4459522 1539019 7865.40297  113  205 7871.00000 7837.83484  0.42%   182 42554s
 4463433 1539807 7849.80906  214  339 7871.00000 7837.86326  0.42%   182 42581s
 4466557 1540675 7853.59143  148  293 7871.00000 7837.88889  0.42%   182 42608s
 4469849 1541765     cutoff  187      7871.00000 7837.91706  0.42%   182 42635s
 4473257 1542741 7862.21070  216  317 7871.00000 7837.93376  0.42%   182 42662s
 4476623 1543738 7862.67856  273  380 7871.00000 7837.95378  0.42%   182 42688s
 4479817 1544769 7855.07497  127  378 7871.00000 7837.97675  0.42%   182 42715s
 4482925 1545513 7865.80797  125  530 7871.00000 7837.98390  0.42%   182 42742s
 4486135 1546506 7859.45659  214  360 7871.00000 7838.01978  0.42%   182 42769s
 4489568 1547178 7845.64105  103  257 7871.00000 7838.04220  0.42%   182 42803s
 4493402 1548028 7852.01639   95  297 7871.00000 7838.07504  0.42%   182 42834s
 4496636 1549382     cutoff  156      7871.00000 7838.09627  0.42%   182 42866s
 4500606 1550250 7855.61003  225  436 7871.00000 7838.12788  0.42%   182 42895s
 4503852 1551303 7864.71290  168  451 7871.00000 7838.15121  0.42%   182 42924s
 4507591 1552322 7850.09483  157  329 7871.00000 7838.17827  0.42%   182 42951s
 4510953 1553139 7867.27989  335  420 7871.00000 7838.19377  0.42%   182 42978s
 4514186 1554017 7865.85271  159  315 7871.00000 7838.21758  0.42%   182 43006s
 4517414 1554484 7856.57143  100  174 7871.00000 7838.23926  0.42%   182 43033s
 4518933 1555546 7864.37131  282  445 7871.00000 7838.24322  0.42%   182 43067s
 4522622 1556536 7852.74116  101  419 7871.00000 7838.26252  0.42%   182 43094s
 4525780 1557289 7862.61730  131  259 7871.00000 7838.30373  0.42%   182 43123s
 4529322 1558133 7864.79235  256  239 7871.00000 7838.32002  0.42%   182 43150s
 4532847 1559057     cutoff  193      7871.00000 7838.33635  0.41%   182 43177s
 4535983 1559914     cutoff  153      7871.00000 7838.36924  0.41%   182 43200s

Cutting planes:
  Gomory: 27
  Cover: 1041
  Implied bound: 8
  Clique: 168
  MIR: 334
  StrongCG: 5
  GUB cover: 10
  Zero half: 93
  RLT: 420
  Relax-and-lift: 19
  BQP: 10

Explored 4538772 nodes (825107340 simplex iterations) in 43206.05 seconds (21775.01 work units)
Thread count was 32 (of 128 available processors)

Solution count 10: 7871 7873 7875 ... 7941

Time limit reached
Best objective 7.871000000000e+03, best bound 7.839000000000e+03, gap 0.4066%
Solved c201_Random1 -> /project2/ssuen_1733/output/v3/c201_Random1.pkl / .json
[Tue Dec 16 04:48:00 PST 2025] Finished run_single_instance for c201_Random1
