==========================================
SLURM_JOB_ID = 5298005
SLURM_JOB_NODELIST = b22-06
TMPDIR = /tmp/SLURM_5298005
==========================================
Using Python:
Python 3.10.18
Checking core dependencies:
numpy: 2.2.6
gurobi: (12, 0, 3)
[Mon Dec 15 16:47:16 PST 2025] Starting run_single_instance on b22-06.hpc.usc.edu for c201_Skewed1
Set parameter TokenServer to value "hpc-licenses.hpcc.usc.edu"
Set parameter TimeLimit to value 43200
Set parameter Seed to value 42
Set parameter OutputFlag to value 1
Gurobi Optimizer version 12.0.3 build v12.0.3rc0 (linux64 - "Rocky Linux 8.10 (Green Obsidian)")

CPU model: AMD EPYC 7542 32-Core Processor, instruction set [SSE2|AVX|AVX2]
Thread count: 64 physical cores, 128 logical processors, using up to 32 threads

Non-default parameters:
TimeLimit  43200
Seed  42

Optimize a model with 703550 rows, 728000 columns and 5954600 nonzeros
Model fingerprint: 0xe74b3ffd
Variable types: 0 continuous, 728000 integer (727500 binary)
Coefficient statistics:
  Matrix range     [1e+00, 1e+03]
  Objective range  [2e+00, 1e+02]
  Bounds range     [1e+00, 5e+01]
  RHS range        [1e+00, 1e+03]
Presolve removed 677200 rows and 697554 columns
Presolve time: 1.45s
Presolved: 26350 rows, 30446 columns, 187850 nonzeros
Variable types: 0 continuous, 30446 integer (30400 binary)
Performing another presolve...
Presolve removed 1558 rows and 1002 columns (presolve time = 10s)...
Presolve removed 1558 rows and 1002 columns
Presolve time: 10.31s
Deterministic concurrent LP optimizer: primal and dual simplex
Showing primal log only...


Root simplex log...

Iteration    Objective       Primal Inf.    Dual Inf.      Time
       0    8.4600000e+02   3.170000e+02   1.542943e+10     14s
Concurrent spin time: 0.06s

Solved with dual simplex

Root simplex log...

Iteration    Objective       Primal Inf.    Dual Inf.      Time
   13567    4.7745380e+03   0.000000e+00   0.000000e+00     15s

Root relaxation: objective 4.774538e+03, 13567 iterations, 0.97 seconds (0.99 work units)
Total elapsed time = 14.98s (DegenMoves)
Total elapsed time = 15.09s (DegenMoves)

    Nodes    |    Current Node    |     Objective Bounds      |     Work
 Expl Unexpl |  Obj  Depth IntInf | Incumbent    BestBd   Gap | It/Node Time

     0     0 4774.53804    0  670          - 4774.53804      -     -   15s
     0     0 4787.23158    0  825          - 4787.23158      -     -   16s
     0     0 4794.82384    0  858          - 4794.82384      -     -   16s
     0     0 4794.82628    0  852          - 4794.82628      -     -   16s
     0     0 4795.53691    0  856          - 4795.53691      -     -   16s
     0     0 4811.15308    0  932          - 4811.15308      -     -   17s
     0     0 4811.15308    0  963          - 4811.15308      -     -   17s
     0     0 4811.15308    0  964          - 4811.15308      -     -   17s
     0     0 4811.15308    0  966          - 4811.15308      -     -   17s
     0     0 4831.14111    0  956          - 4831.14111      -     -   18s
     0     0 4834.66049    0  991          - 4834.66049      -     -   18s
     0     0 4834.84053    0  973          - 4834.84053      -     -   18s
     0     0 4835.01597    0  974          - 4835.01597      -     -   18s
     0     0 4835.04892    0  981          - 4835.04892      -     -   18s
     0     0 4835.05776    0  993          - 4835.05776      -     -   18s
     0     0 4867.31806    0 1024          - 4867.31806      -     -   19s
     0     0 4869.80616    0 1024          - 4869.80616      -     -   19s
     0     0 4869.87847    0 1037          - 4869.87847      -     -   19s
     0     0 4869.87921    0 1036          - 4869.87921      -     -   20s
     0     0 4893.71079    0 1014          - 4893.71079      -     -   20s
     0     0 4895.47861    0 1101          - 4895.47861      -     -   21s
     0     0 4896.32219    0 1072          - 4896.32219      -     -   21s
     0     0 4896.38261    0 1072          - 4896.38261      -     -   21s
     0     0 4896.38261    0 1073          - 4896.38261      -     -   21s
H    0     0                    20757.000000 4896.38261  76.4%     -   21s
     0     0 4914.93786    0 1087 20757.0000 4914.93786  76.3%     -   21s
H    0     0                    19745.000000 4915.29512  75.1%     -   21s
H    0     0                    19590.000000 4915.29512  74.9%     -   22s
H    0     0                    16317.000000 4915.29512  69.9%     -   22s
H    0     0                    16252.000000 4915.29512  69.8%     -   22s
H    0     0                    15864.000000 4915.29512  69.0%     -   22s
H    0     0                    15566.000000 4915.29512  68.4%     -   22s
H    0     0                    15265.000000 4915.29512  67.8%     -   22s
H    0     0                    15224.000000 4915.29512  67.7%     -   22s
H    0     0                    15218.000000 4915.29512  67.7%     -   22s
H    0     0                    15048.000000 4915.29512  67.3%     -   22s
H    0     0                    14974.000000 4915.29512  67.2%     -   22s
H    0     0                    14963.000000 4915.29512  67.2%     -   22s
H    0     0                    14889.000000 4915.29512  67.0%     -   22s
H    0     0                    14811.000000 4915.29512  66.8%     -   22s
H    0     0                    14721.000000 4915.29512  66.6%     -   22s
H    0     0                    14709.000000 4915.29512  66.6%     -   22s
H    0     0                    14603.000000 4915.29512  66.3%     -   22s
     0     0 4916.97722    0 1123 14603.0000 4916.97722  66.3%     -   23s
     0     0 4917.25719    0 1121 14603.0000 4917.25719  66.3%     -   23s
     0     0 4917.27996    0 1150 14603.0000 4917.27996  66.3%     -   23s
     0     0 4931.75251    0 1134 14603.0000 4931.75251  66.2%     -   24s
H    0     0                    14288.000000 4931.92087  65.5%     -   24s
H    0     0                    14276.000000 4931.92087  65.5%     -   24s
H    0     0                    14274.000000 4931.92087  65.4%     -   24s
     0     0 4932.90597    0 1182 14274.0000 4932.90597  65.4%     -   24s
     0     0 4932.93264    0 1177 14274.0000 4932.93264  65.4%     -   24s
     0     0 4940.58086    0 1145 14274.0000 4940.58086  65.4%     -   25s
H    0     0                    13733.000000 4940.59404  64.0%     -   25s
H    0     0                    13310.000000 4940.59404  62.9%     -   25s
     0     0 4941.94491    0 1156 13310.0000 4941.94491  62.9%     -   25s
     0     0 4942.14665    0 1171 13310.0000 4942.14665  62.9%     -   25s
     0     0 4942.20311    0 1174 13310.0000 4942.20311  62.9%     -   25s
     0     0 4942.21731    0 1205 13310.0000 4942.21731  62.9%     -   25s
     0     0 4946.84294    0 1170 13310.0000 4946.84294  62.8%     -   26s
H    0     0                    13079.000000 4946.84986  62.2%     -   26s
     0     0 4947.88821    0 1213 13079.0000 4947.88821  62.2%     -   26s
     0     0 4948.07836    0 1255 13079.0000 4948.07836  62.2%     -   26s
     0     0 4948.08621    0 1271 13079.0000 4948.08621  62.2%     -   26s
     0     0 4956.79597    0 1216 13079.0000 4956.79597  62.1%     -   27s
H    0     0                    12315.000000 4956.80291  59.7%     -   27s
H    0     0                    12248.000000 4956.80291  59.5%     -   27s
H    0     0                    12152.000000 4956.80291  59.2%     -   27s
H    0     0                    12029.000000 4956.80291  58.8%     -   27s
H    0     0                    12023.000000 4956.80291  58.8%     -   27s
H    0     0                    12020.000000 4956.80291  58.8%     -   27s
H    0     0                    11966.000000 4956.80291  58.6%     -   27s
     0     0 4958.63323    0 1172 11966.0000 4958.63323  58.6%     -   27s
     0     0 4958.85008    0 1225 11966.0000 4958.85008  58.6%     -   27s
     0     0 4958.88137    0 1232 11966.0000 4958.88137  58.6%     -   28s
     0     0 5001.24208    0 1210 11966.0000 5001.24208  58.2%     -   29s
H    0     0                    11698.000000 5001.26944  57.2%     -   29s
H    0     0                    11673.000000 5001.26944  57.2%     -   29s
H    0     0                    11666.000000 5001.26944  57.1%     -   29s
H    0     0                    11664.000000 5001.26944  57.1%     -   29s
     0     0 5002.54737    0 1225 11664.0000 5002.54737  57.1%     -   30s
     0     0 5002.64509    0 1236 11664.0000 5002.64509  57.1%     -   30s
     0     0 5002.65210    0 1227 11664.0000 5002.65210  57.1%     -   30s
     0     0 5027.08024    0 1160 11664.0000 5027.08024  56.9%     -   31s
H    0     0                    11080.000000 5027.09284  54.6%     -   34s
     0     0 5029.06830    0 1238 11080.0000 5029.06830  54.6%     -   36s
     0     0 5029.31888    0 1276 11080.0000 5029.31888  54.6%     -   37s
     0     0 5029.36063    0 1254 11080.0000 5029.36063  54.6%     -   37s
     0     0 5031.07030    0 1283 11080.0000 5031.07030  54.6%     -   38s
H    0     0                    11029.000000 5031.07466  54.4%     -   38s
     0     0 5031.63783    0 1256 11029.0000 5031.63783  54.4%     -   38s
     0     0 5031.78408    0 1324 11029.0000 5031.78408  54.4%     -   38s
     0     0 5031.86099    0 1252 11029.0000 5031.86099  54.4%     -   38s
     0     0 5031.86899    0 1275 11029.0000 5031.86899  54.4%     -   38s
     0     0 5033.23370    0 1207 11029.0000 5033.23370  54.4%     -   38s
     0     0 5033.50306    0 1235 11029.0000 5033.50306  54.4%     -   39s
     0     0 5033.76414    0 1201 11029.0000 5033.76414  54.4%     -   39s
     0     0 5033.78451    0 1199 11029.0000 5033.78451  54.4%     -   39s
     0     0 5037.07844    0 1252 11029.0000 5037.07844  54.3%     -   39s
H    0     0                    11023.000000 5037.16300  54.3%     -   39s
     0     0 5037.90241    0 1297 11023.0000 5037.90241  54.3%     -   40s
     0     0 5038.20645    0 1292 11023.0000 5038.20645  54.3%     -   40s
     0     0 5038.23266    0 1280 11023.0000 5038.23266  54.3%     -   40s
     0     0 5041.30570    0 1199 11023.0000 5041.30570  54.3%     -   42s
     0     0 5041.47823    0 1236 11023.0000 5041.47823  54.3%     -   43s
     0     0 5041.48095    0 1232 11023.0000 5041.48095  54.3%     -   43s
     0     0 5050.51428    0 1232 11023.0000 5050.51428  54.2%     -   43s
     0     0 5051.63060    0 1200 11023.0000 5051.63060  54.2%     -   44s
     0     0 5052.09501    0 1234 11023.0000 5052.09501  54.2%     -   44s
     0     0 5052.26670    0 1196 11023.0000 5052.26670  54.2%     -   44s
     0     0 5052.27085    0 1197 11023.0000 5052.27085  54.2%     -   44s
     0     0 5055.63436    0 1236 11023.0000 5055.63436  54.1%     -   44s
     0     0 5055.84251    0 1278 11023.0000 5055.84251  54.1%     -   44s
     0     0 5055.84651    0 1266 11023.0000 5055.84651  54.1%     -   44s
     0     0 5061.33279    0 1257 11023.0000 5061.33279  54.1%     -   45s
     0     0 5061.68860    0 1271 11023.0000 5061.68860  54.1%     -   45s
     0     0 5061.68860    0 1257 11023.0000 5061.68860  54.1%     -   45s
     0     0 5064.31583    0 1312 11023.0000 5064.31583  54.1%     -   45s
     0     0 5064.76910    0 1328 11023.0000 5064.76910  54.1%     -   46s
     0     0 5064.85127    0 1298 11023.0000 5064.85127  54.1%     -   46s
     0     0 5064.85320    0 1332 11023.0000 5064.85320  54.1%     -   46s
     0     0 5067.81441    0 1272 11023.0000 5067.81441  54.0%     -   46s
H    0     0                    11013.000000 5067.83062  54.0%     -   46s
     0     0 5068.72718    0 1308 11013.0000 5068.72718  54.0%     -   46s
     0     0 5068.76486    0 1324 11013.0000 5068.76486  54.0%     -   46s
     0     0 5071.59662    0 1259 11013.0000 5071.59662  53.9%     -   47s
     0     0 5071.80278    0 1287 11013.0000 5071.80278  53.9%     -   47s
     0     0 5071.89513    0 1280 11013.0000 5071.89513  53.9%     -   47s
     0     0 5071.90499    0 1284 11013.0000 5071.90499  53.9%     -   47s
     0     0 5072.88761    0 1298 11013.0000 5072.88761  53.9%     -   47s
     0     0 5073.53337    0 1247 11013.0000 5073.53337  53.9%     -   48s
     0     0 5073.58893    0 1276 11013.0000 5073.58893  53.9%     -   48s
     0     0 5075.03666    0 1297 11013.0000 5075.03666  53.9%     -   48s
     0     0 5075.28752    0 1329 11013.0000 5075.28752  53.9%     -   48s
     0     0 5075.29093    0 1320 11013.0000 5075.29093  53.9%     -   48s
     0     0 5077.20815    0 1325 11013.0000 5077.20815  53.9%     -   48s
     0     0 5077.33893    0 1331 11013.0000 5077.33893  53.9%     -   49s
     0     0 5077.36427    0 1337 11013.0000 5077.36427  53.9%     -   49s
     0     0 5077.90282    0 1281 11013.0000 5077.90282  53.9%     -   49s
     0     0 5077.92883    0 1321 11013.0000 5077.92883  53.9%     -   49s
     0     0 5078.59479    0 1310 11013.0000 5078.59479  53.9%     -   50s
     0     0 5078.81701    0 1274 11013.0000 5078.81701  53.9%     -   50s
H    0     0                    10898.000000 5079.09479  53.4%     -   53s
H    0     0                    10856.000000 5079.09479  53.2%     -   54s
H    0     0                    10784.000000 5079.09479  52.9%     -   56s
     5     4 5079.09479    2  336 10784.0000 5079.09479  52.9%  23.4   62s
    19    32 5089.67839    5  333 10784.0000 5080.53170  52.9%   271   66s
    99   128 5092.87489    8  291 10784.0000 5082.12484  52.9%   517   70s
   262   291 5098.76294   12  413 10784.0000 5082.12484  52.9%   344   75s
   500   593 5102.20863   15  291 10784.0000 5082.12484  52.9%   299   80s
H  598   593                    10472.000000 5082.12484  51.5%   306   80s
   599   597 5142.62523    2  347 10472.0000 5142.62523  50.9%   306   93s
   613   625 5145.38542    5  278 10472.0000 5144.91934  50.9%   310   96s
   661   689 5145.84480    7  331 10472.0000 5145.40073  50.9%   338  100s
   725   815 5146.70758    9  342 10472.0000 5145.40073  50.9%   334  106s
   923  1004 5148.32579   13  309 10472.0000 5145.40073  50.9%   334  112s
H 1104  1092                    10269.000000 5145.40073  49.9%   331  113s
  1105  1096 5207.85283    2  337 10269.0000 5207.85283  49.3%   330  126s
  1135  1156 5210.31951    6  347 10269.0000 5210.21713  49.3%   330  131s
  1342  1363 5217.73749   13  409 10269.0000 5210.34799  49.3%   319  136s
  1442  1468 5218.38178   14  374 10269.0000 5210.34799  49.3%   312  140s
  1574  1594 5219.42879   15  365 10269.0000 5210.34799  49.3%   301  145s
H 1607  1594                    9752.0000000 5210.34799  46.6%   310  145s
  1608  1598 5210.34799    2  297 9752.00000 5210.34799  46.6%   311  156s
  1620  1618 5210.34799    5  255 9752.00000 5210.34799  46.6%   311  160s
  1736  1752 5210.34799    9  293 9752.00000 5210.34799  46.6%   326  166s
  1871  1880 5210.34799   13  313 9752.00000 5210.34799  46.6%   319  171s
  2035  2082 5215.75734   17  284 9752.00000 5210.34799  46.6%   310  176s
H 2115  2082                    8482.0000000 5210.34799  38.6%   312  176s
  2147  2157 5236.16154   17  226 8482.00000 5210.34799  38.6%   305  180s
  2378  2428 5233.06109   22  386 8482.00000 5210.34799  38.6%   294  185s
  2660  2702 5238.24156   26  422 8482.00000 5210.34799  38.6%   282  190s
H 2862  2790                    8457.0000000 5210.34799  38.4%   280  192s
  2937  2930 5216.56673   22  441 8457.00000 5210.34799  38.4%   273  196s
  3072  3028 5240.09009   27  397 8457.00000 5210.34799  38.4%   273  200s
  3223  3224 5260.83612   29  404 8457.00000 5210.79241  38.4%   269  206s
H 3522  3406                    8440.0000000 5211.06795  38.3%   266  209s
  3522  3436 5220.29440   16  374 8440.00000 5211.06795  38.3%   260  211s
  3601  3564 5224.57922   19  315 8440.00000 5211.06795  38.3%   259  215s
  3717  3624 5228.41087   20  324 8440.00000 5211.06795  38.3%   259  221s
  3886  3869 5230.73265   23  295 8440.00000 5211.06795  38.3%   257  226s
H 4201  4073                    8393.0000000 5211.06795  37.9%   255  229s
  4201  4139 5226.80981   20  352 8393.00000 5211.06795  37.9%   252  231s
  4339  4242 5227.65712   23  304 8393.00000 5211.06795  37.9%   252  235s
  4512  4463 5230.02359   27  340 8393.00000 5211.06795  37.9%   250  240s
  4726  4660 5234.03177   31  323 8393.00000 5211.06795  37.9%   246  245s
H 4935  4767                    8340.0000000 5211.06795  37.5%   243  247s
  5032  4885 5242.14037   28  359 8340.00000 5211.06795  37.5%   239  251s
  5114  5066 5243.27381   30  360 8340.00000 5211.06795  37.5%   237  255s
  5439  5369 5245.54360   32  239 8340.00000 5211.06795  37.5%   232  261s
  5698  5611 5247.36800   34  242 8340.00000 5211.06795  37.5%   227  265s
H 5841  5611                    8316.0000000 5211.06795  37.3%   228  265s
  6050  5891 5223.93659   39  427 8316.00000 5211.06795  37.3%   223  270s
  6376  6235 5225.24936   44  371 8316.00000 5211.06795  37.3%   220  276s
  6675  6491 5233.76648   50  366 8316.00000 5211.06795  37.3%   218  281s
  6962  6792 5235.70526   33  254 8316.00000 5211.06795  37.3%   217  286s
  7107  6860 5239.09265   35  279 8316.00000 5211.06795  37.3%   215  290s
  7256  7001 5244.03889   38  237 8316.00000 5215.17027  37.3%   214  296s
  7519  7423 5247.07262   43  352 8316.00000 5215.17027  37.3%   211  301s
H 7735  7423                    8311.0000000 5215.17027  37.2%   210  301s
  7876  7650 5240.51381   41  343 8311.00000 5215.17027  37.2%   207  305s
  8152  7915 5242.06191   51  307 8311.00000 5215.17027  37.2%   205  310s
  8432  8113 5243.24288   56  332 8311.00000 5215.17027  37.2%   202  315s
H 8623  8235                    8282.0000000 5215.17027  37.0%   202  318s
  8623  8419 5257.22193   36  236 8282.00000 5215.17027  37.0%   201  320s
  8982  8625 5264.03565   40  382 8282.00000 5215.17027  37.0%   198  325s
  9111  8839 5266.43363   42  386 8282.00000 5215.17027  37.0%   197  330s
H 9742  9211                    8215.0000000 5215.17027  36.5%   194  334s
  9742  9360 5238.20840   51  389 8215.00000 5215.17027  36.5%   192  336s
  9998  9590 5249.03223   58  295 8215.00000 5215.17027  36.5%   194  340s
 10221  9796 5254.09741   64  251 8215.00000 5215.17027  36.5%   193  345s
 10752 10306 5263.31196   76  350 8215.00000 5215.17027  36.5%   192  352s
H10935 10306                    8204.0000000 5215.17027  36.4%   193  352s
 11220 10592 5319.77989   53  250 8204.00000 5215.17027  36.4%   189  357s
 11297 10683 5258.84106   60  258 8204.00000 5215.17027  36.4%   189  361s
 11446 10839 5265.64066   71  243 8204.00000 5215.17027  36.4%   188  366s
 11560 11168 5273.33554   81  279 8204.00000 5215.17027  36.4%   187  370s
H12072 11365                    8203.0000000 5215.57314  36.4%   186  372s
 12251 11575 5253.18651   60  300 8203.00000 5215.57314  36.4%   184  376s
 12408 11865 5253.18651   61  300 8203.00000 5215.57314  36.4%   184  380s
 12813 12194 5258.97846   68  336 8203.00000 5215.57314  36.4%   181  385s
H13248 12433                    8195.0000000 5215.57314  36.4%   180  388s
 13248 12717 5279.46773   55  325 8195.00000 5215.57314  36.4%   179  390s
 13753 13140 5285.32579   63  310 8195.00000 5215.57314  36.4%   177  395s
 14476 13866 5294.13776   72  281 8195.00000 5216.97869  36.3%   173  400s
H14742 13866                    8168.0000000 5216.97869  36.1%   173  400s
 14944 14259 5275.93910   84  296 8168.00000 5216.97869  36.1%   172  405s
 15589 14709 5283.73120  103  245 8168.00000 5216.97869  36.1%   170  411s
 15686 15035 5284.00042  104  270 8168.00000 5216.97869  36.1%   170  416s
H16288 15296                    8166.0000000 5217.67707  36.1%   169  418s
 16288 15634 5296.82176   88  295 8166.00000 5217.67707  36.1%   168  421s
 16863 15884 5450.73134  101  279 8166.00000 5217.67707  36.1%   166  425s
 16972 16000 5320.74685  111  296 8166.00000 5217.67707  36.1%   166  431s
 17054 16086 5363.98615  119  226 8166.00000 5217.67707  36.1%   166  435s
 17139 16172 5324.74443  123  293 8166.00000 5217.67707  36.1%   165  440s
 17233 16263 5339.04098  139  281 8166.00000 5217.67707  36.1%   165  446s
 17329 16373 5349.73527  156  290 8166.00000 5217.67707  36.1%   165  453s
 17391 16430 5358.84978  174  270 8166.00000 5217.67707  36.1%   165  456s
 17507 16601 5368.72980  187  254 8166.00000 5217.67707  36.1%   164  463s
 17636 16834 5384.84845  206  270 8166.00000 5217.67707  36.1%   164  466s
 18160 17273 5267.91297   78  345 8166.00000 5217.67707  36.1%   162  470s
 18763 17754 5275.65721   91  285 8166.00000 5217.67707  36.1%   161  476s
 18946 18036 5276.64360   93  319 8166.00000 5217.67707  36.1%   160  480s
 19315 18435 5296.93300   77  316 8166.00000 5217.67707  36.1%   159  485s
 20033 19256 5306.06546   92  263 8166.00000 5217.67707  36.1%   157  490s
 20448 19675 5311.44411  101  260 8166.00000 5217.67707  36.1%   156  497s
H21237 20039                    8126.0000000 5220.11020  35.8%   154  499s
 21237 20253 5295.41838  119  165 8126.00000 5220.11020  35.8%   153  502s
 21812 20777 5298.29797  135  259 8126.00000 5220.11020  35.8%   152  507s
 22375 21288 5306.45465  147  274 8126.00000 5220.11020  35.8%   152  512s
 22646 21469 5317.52562  152  205 8126.00000 5220.11020  35.8%   152  515s
H23222 21791                    8124.0000000 5220.11020  35.7%   152  518s
 23222 22282 5435.77130  209  288 8124.00000 5220.11020  35.7%   151  522s
 23736 22314 5446.48344  225  288 8124.00000 5220.11020  35.7%   149  526s
 23768 22343 5446.48344  226  284 8124.00000 5220.11020  35.7%   149  531s
 23855 22430 5448.67405  228  278 8124.00000 5220.11020  35.7%   149  537s
 23898 22499 5449.30869  229  261 8124.00000 5220.11020  35.7%   149  540s
 24012 22602 5450.02518  230  258 8124.00000 5220.11020  35.7%   149  547s
 24070 22682 5450.42788  231  240 8124.00000 5220.11020  35.7%   149  552s
 24150 23272 5450.49714  232  240 8124.00000 5220.11020  35.7%   149  556s
H25584 24050                    8119.0000000 5220.94133  35.7%   145  559s
 25584 24349 5286.39431   94  293 8119.00000 5220.94133  35.7%   145  562s
 25890 24634 5286.82884  100  275 8119.00000 5220.94133  35.7%   144  565s
 26478 25205 5304.13607  107  351 8119.00000 5220.94133  35.7%   143  570s
 27397 26053 5313.49531  133  339 8119.00000 5220.94133  35.7%   142  576s
 28338 26892 5328.30349  144  251 8119.00000 5221.72148  35.7%   140  581s
 28940 27493 5333.32956  162  217 8119.00000 5221.72148  35.7%   139  586s
 29607 28175 5342.78409  177  175 8119.00000 5221.72148  35.7%   138  590s
 30468 29139 5331.71652  186  193 8119.00000 5221.72148  35.7%   137  596s
 31435 29887 5342.97331  235  232 8119.00000 5222.43214  35.7%   136  602s
 32139 30118 5333.83012   30  569 8119.00000 5333.83012  34.3%   138  713s
 32141 30121 5333.83752   31  576 8119.00000 5333.83012  34.3%   138  715s
 32153 30141 5334.35732   33  708 8119.00000 5334.05686  34.3%   138  720s
 32169 30168 5334.48465   34  593 8119.00000 5334.36099  34.3%   139  727s
 32201 30188 5334.70769   35  674 8119.00000 5334.48465  34.3%   139  730s
 32233 30209 5334.80395   36  600 8119.00000 5334.48465  34.3%   140  735s
 32265 30231 5334.90916   37  652 8119.00000 5334.48465  34.3%   140  740s
 32297 30251 5421.86270   37  406 8119.00000 5334.48465  34.3%   140  745s
 32329 30272 5335.02623   38  611 8119.00000 5334.48465  34.3%   141  750s
 32361 30294 5409.76663   38  429 8119.00000 5334.48465  34.3%   141  756s
 32393 30312 5335.13851   39  588 8119.00000 5334.48465  34.3%   142  761s
 32428 30329 5401.92460   39  432 8119.00000 5334.48465  34.3%   142  765s
 32461 30351 5335.73429   40  672 8119.00000 5334.48465  34.3%   142  770s
 32495 30382 5365.24628   40  401 8119.00000 5334.48465  34.3%   143  775s
 32540 30417 5335.83745   41  646 8119.00000 5334.48465  34.3%   143  780s
 32681 30481 5335.87797   42  636 8119.00000 5334.48465  34.3%   144  789s
 32713 30500 5413.16714   42  449 8119.00000 5334.48465  34.3%   144  793s
 32745 30521 5336.07263   43  564 8119.00000 5334.48465  34.3%   145  797s
 32781 30539 5368.92619   43  482 8119.00000 5334.48465  34.3%   145  801s
 32819 30561 5336.21285   44  645 8119.00000 5334.48465  34.3%   146  805s
 32897 31643 5559.83541   10  286 8119.00000 5334.48465  34.3%   147  814s
 34033 32055 5572.93036   18  284 8119.00000 5334.48465  34.3%   144  816s
 34852 32857 5731.26932   25  312 8119.00000 5334.48465  34.3%   143  821s
 35328 33226 5430.63159  143  314 8119.00000 5334.48465  34.3%   142  825s
 36131 33910 5443.45518  156  288 8119.00000 5334.48465  34.3%   142  830s
 36734 34613 5450.43830  174  315 8119.00000 5334.48465  34.3%   142  836s
 37761 35808 5462.12375  207  192 8119.00000 5334.48465  34.3%   141  842s
 38551 35883 5479.78312  223  228 8119.00000 5334.48465  34.3%   139  845s
 39102 36689 5518.13607  243  157 8119.00000 5334.48465  34.3%   139  850s
 39950 37492 5522.66018  288  191 8119.00000 5334.48465  34.3%   138  856s
 40894 36158 5811.76268   28  740 8119.00000 5811.76268  28.4%   141 1061s
H40900 36160                    8088.0000000 5811.90050  28.1%   142 1063s
 40900 36197 5814.18548   45  668 8088.00000 5811.90050  28.1%   142 1069s
 40946 36227 5815.03013   46  621 8088.00000 5811.90050  28.1%   142 1074s
 41002 36258 5815.45849   47  575 8088.00000 5811.90050  28.1%   143 1078s
 41068 36288 5815.52416   48  549 8088.00000 5811.90050  28.1%   143 1085s
 41218 36346 5816.10283   50  660 8088.00000 5815.45967  28.1%   144 1092s
 41295 36382 5816.12523   51  654 8088.00000 5815.45967  28.1%   144 1096s
 41373 36430 5816.23198   52  586 8088.00000 5815.45967  28.1%   145 1102s
 41461 36471 5816.64125   53  563 8088.00000 5815.45967  28.1%   146 1107s
 41547 36510 5817.00887   54  564 8088.00000 5815.45967  28.1%   146 1111s
 41647 36548 5824.45135   55  577 8088.00000 5815.45967  28.1%   147 1115s
 41830 36662 5829.69600   56  485 8088.00000 5815.73551  28.1%   149 1125s
 41944 36725 5829.69600   57  488 8088.00000 5815.73551  28.1%   149 1130s
 42199 36836 5832.15301   59  421 8088.00000 5815.73551  28.1%   151 1139s
 42319 36913 5832.53564   60  400 8088.00000 5815.73551  28.1%   151 1145s
 42609 37046 5834.36902   62  511 8088.00000 5815.73551  28.1%   153 1154s
 42761 37125 5835.27832   63  462 8088.00000 5815.73551  28.1%   154 1159s
 42931 37192 5835.50421   64  484 8088.00000 5815.73551  28.1%   155 1164s
 43111 37245 5836.30991   65  433 8088.00000 5815.73551  28.1%   155 1169s
 43270 37315 5837.00237   66  421 8088.00000 5817.13166  28.1%   156 1174s
 43441 37393 5838.16766   67  453 8088.00000 5817.13166  28.1%   157 1180s
 43610 37457 5841.17351   68  459 8088.00000 5817.13166  28.1%   158 1187s
 43795 37521 5841.69010   69  506 8088.00000 5817.55672  28.1%   159 1195s
 43957 37565 5842.42870   70  467 8088.00000 5817.55672  28.1%   160 1201s
 44136 38345 6220.89130   28  301 8088.00000 5818.30639  28.1%   162 1207s
 45042 38525 6253.78953   42  241 8088.00000 5818.30639  28.1%   161 1211s
 45810 39560 6276.44789   58  269 8088.00000 5818.30639  28.1%   160 1218s
 46349 40140 6300.23976   70  316 8088.00000 5818.30639  28.1%   159 1221s
 47953 40493 6196.08599   32  594 8088.00000 6196.08599  23.4%   160 1424s
 47955 40496 6196.25542   33  597 8088.00000 6196.12048  23.4%   160 1428s
 47959 40503 6196.33635   34  603 8088.00000 6196.26360  23.4%   160 1430s
 47983 40543 6197.00333   36  622 8088.00000 6196.70640  23.4%   161 1440s
 48047 40585 6197.45652   38  605 8088.00000 6197.00849  23.4%   162 1449s
 48079 40611 6198.13599   39  543 8088.00000 6197.00849  23.4%   162 1455s
 48175 40701 6198.18609   40  514 8088.00000 6197.00849  23.4%   163 1464s
 48239 40736 6267.74557   40  381 8088.00000 6197.00849  23.4%   163 1470s
 48358 40821 6262.14105   41  369 8088.00000 6197.00849  23.4%   164 1479s
 48422 40832 6198.87456   42  517 8088.00000 6197.00849  23.4%   164 1485s
 48454 40854 6209.70599   42  450 8088.00000 6197.00849  23.4%   164 1490s
 48487 40875 6198.99267   43  523 8088.00000 6197.00849  23.4%   164 1496s
 48520 40897 6206.94431   43  504 8088.00000 6197.00849  23.4%   165 1501s
 48553 40918 6207.07148   44  491 8088.00000 6197.00849  23.4%   165 1505s
 48618 40965 6208.43001   45  541 8088.00000 6197.00849  23.4%   165 1513s
 48655 40985 6241.50475   45  390 8088.00000 6197.00849  23.4%   166 1517s
 48693 41004 6208.49552   46  572 8088.00000 6197.00849  23.4%   166 1522s
 48731 41026 6221.10148   46  497 8088.00000 6197.44528  23.4%   166 1527s
 48767 41054 6208.79521   47  468 8088.00000 6197.44528  23.4%   166 1531s
 48808 41084 6243.23108   47  350 8088.00000 6197.44528  23.4%   167 1535s
 48855 41109 6209.09042   48  541 8088.00000 6197.44528  23.4%   167 1540s
 48898 41138 6213.46890   48  518 8088.00000 6197.44528  23.4%   167 1546s
 48947 41171 6209.30240   49  536 8088.00000 6197.44528  23.4%   167 1553s
 49010 41204 6275.36917   49  369 8088.00000 6198.99293  23.4%   168 1558s
 49075 41236 6210.03401   50  519 8088.00000 6198.99293  23.4%   168 1565s
 49137 41271 6317.89769   50  336 8088.00000 6198.99293  23.4%   169 1572s
 49204 41313 6216.41659   51  524 8088.00000 6199.42296  23.4%   169 1577s
 49269 41390 6215.36319   51  443 8088.00000 6199.42296  23.4%   170 1582s
 49371 41463 6216.75197   52  325 8088.00000 6199.42296  23.4%   170 1588s
 49485 41553 6246.68386   52  407 8088.00000 6199.42296  23.4%   171 1593s
 49618 41662 6217.36137   53  413 8088.00000 6199.42296  23.4%   171 1599s
 49783 41742 6269.90031   53  300 8088.00000 6199.42296  23.4%   172 1606s
 49947 41824 6217.51447   54  391 8088.00000 6199.42296  23.4%   172 1613s
 50114 41896 6283.48194   54  411 8088.00000 6199.42296  23.4%   173 1619s
 50262 41974 6219.23543   55  459 8088.00000 6199.42296  23.4%   174 1625s
 50415 42074 6219.38504   56  411 8088.00000 6199.42296  23.4%   175 1633s
 50581 42173 6250.72823   57  402 8088.00000 6199.42296  23.4%   176 1640s
H50744 42119                    8083.0000000 6199.42296  23.3%   177 1640s
 50752 42141 6199.46971   31  716 8083.00000 6199.43558  23.3%   177 1646s
 50768 42162 6199.56247   32  746 8083.00000 6199.56247  23.3%   177 1650s
 50832 42201 6199.71474   34  616 8083.00000 6199.71474  23.3%   177 1656s
 50864 42217 6200.18409   35  698 8083.00000 6199.71474  23.3%   177 1660s
 50929 42244 6200.77745   36  597 8083.00000 6200.18752  23.3%   178 1667s
 50964 42253 6266.23209   36  448 8083.00000 6200.77805  23.3%   178 1671s
 51030 42278 6294.33810   37  400 8083.00000 6200.84640  23.3%   178 1677s
 51065 42299 6200.87650   38  608 8083.00000 6200.84890  23.3%   178 1681s
 51109 42319 6244.45495   38  416 8083.00000 6200.88715  23.3%   178 1685s
 51225 42348 6289.77345   39  393 8083.00000 6201.31288  23.3%   179 1693s
 51260 42359 6201.42052   40  683 8083.00000 6201.33699  23.3%   179 1697s
 51297 42374 6270.73014   40  400 8083.00000 6201.42065  23.3%   179 1701s
 51331 42397 6201.45910   41  679 8083.00000 6201.42291  23.3%   179 1705s
 51413 42432 6201.51951   42  679 8083.00000 6201.47010  23.3%   180 1712s
 51461 42448 6226.34398   42  449 8083.00000 6201.52154  23.3%   180 1716s
 51522 42466 6201.82606   43  660 8083.00000 6201.53271  23.3%   180 1720s
 51670 42546 6202.28587   44  765 8083.00000 6201.83263  23.3%   180 1727s
 51756 42586 6282.26819   44  411 8083.00000 6202.28804  23.3%   181 1731s
 51960 42646 6202.70206   46  699 8083.00000 6202.70206  23.3%   181 1739s
 52067 42672 6202.88389   47  648 8083.00000 6202.88389  23.3%   181 1744s
 52176 42703 6232.62537   48  500 8083.00000 6202.88389  23.3%   182 1748s
 52290 42740 6203.05978   48  593 8083.00000 6203.05978  23.3%   182 1752s
 52418 42760 6205.38248   49  493 8083.00000 6205.38248  23.2%   183 1757s
 52547 42795 6206.25901   50  558 8083.00000 6206.25901  23.2%   183 1762s
 52679 42850 6224.21640   51  392 8083.00000 6206.25901  23.2%   184 1766s
 52828 42929 6211.71951   51  452 8083.00000 6211.71951  23.2%   184 1771s
 53036 43016 6233.04026   52  444 8083.00000 6211.71951  23.2%   184 1776s
 53272 43119 6448.72561   53  320 8083.00000 6211.71951  23.2%   185 1780s
 53572 43228 6233.71073   54  358 8083.00000 6211.71951  23.2%   185 1785s
 53909 43393 6254.11480   55  294 8083.00000 6211.71951  23.2%   185 1790s
 54298 43504     cutoff   56      8083.00000 6211.71951  23.2%   185 1796s
 54646 43707 6241.03472   58  400 8083.00000 6211.82208  23.1%   185 1800s
 55076 43697 6237.65214   71  414 8083.00000 6211.82208  23.1%   185 1807s
 55270 43818 6252.23386   73  349 8083.00000 6211.91856  23.1%   187 1815s
 55529 43921 6256.17888   75  343 8083.00000 6212.09403  23.1%   188 1822s
 55792 44021 6259.60758   77  375 8083.00000 6212.09403  23.1%   189 1829s
 56068 44153 6259.60758   78  374 8083.00000 6212.09403  23.1%   189 1835s
 56399 44239 6274.04243   80  265 8083.00000 6212.09403  23.1%   190 1841s
 56704 44353 6269.58740   82  394 8083.00000 6212.90734  23.1%   191 1848s
 57009 44510 6336.84282   84  285 8083.00000 6212.90734  23.1%   192 1856s
 57342 44632 6272.37195   87  402 8083.00000 6212.90734  23.1%   193 1862s
 57626 44770 6273.48133   90  337 8083.00000 6212.90734  23.1%   194 1869s
 57928 45023 6273.71719   92  415 8083.00000 6212.90734  23.1%   195 1876s
 58393 45154 6274.17205   95  363 8083.00000 6212.90734  23.1%   195 1884s
 58768 45319 6277.46509   98  397 8083.00000 6212.90734  23.1%   197 1892s
 59619 45481 6654.85411   22  712 8083.00000 6654.85411  17.7%   200 2122s
 59621 45485 6654.86080   23  625 8083.00000 6654.85411  17.7%   200 2126s
 59633 45503 6655.52127   25  732 8083.00000 6654.91495  17.7%   200 2132s
 59649 45526 6655.68313   26  613 8083.00000 6655.52198  17.7%   200 2138s
 59679 45547 6656.45760   27  656 8083.00000 6655.69432  17.7%   201 2142s
 59711 45569 6656.56295   28  635 8083.00000 6656.51068  17.6%   201 2148s
 59743 45590 6656.58191   29  651 8083.00000 6656.51068  17.6%   201 2154s
 59775 45612 6740.81049   29  373 8083.00000 6656.51068  17.6%   201 2160s
 59808 45644 6656.79796   30  607 8083.00000 6656.51068  17.6%   202 2166s
 59851 45691 6743.58431   30  440 8083.00000 6656.51068  17.6%   202 2174s
 59912 45734 6657.33736   31  710 8083.00000 6656.51068  17.6%   202 2179s
 59975 45795 6760.28396   31  454 8083.00000 6656.51068  17.6%   203 2186s
 60057 45798 6658.73125   32  739 8083.00000 6656.51068  17.6%   203 2191s
 60089 45822 6758.54128   32  422 8083.00000 6656.51068  17.6%   203 2200s
 60124 45850 6658.89691   33  742 8083.00000 6656.51068  17.6%   203 2205s
 60164 45878 6718.43426   33  442 8083.00000 6656.51068  17.6%   204 2210s
 60205 45904 6658.92615   34  806 8083.00000 6656.51068  17.6%   204 2216s
 60248 45927 6659.17590   35  702 8083.00000 6656.51068  17.6%   204 2221s
 60291 45952 6664.82263   36  605 8083.00000 6656.51068  17.6%   205 2226s
 60335 45973 6668.06101   36  546 8083.00000 6656.51068  17.6%   205 2232s
 60376 46000 6665.05231   37  537 8083.00000 6665.05231  17.5%   206 2239s
 60418 46025 6666.64063   38  570 8083.00000 6666.64063  17.5%   206 2246s
 60462 46048 6687.64229   39  449 8083.00000 6666.64063  17.5%   207 2253s
 60511 46072 6687.95421   39  464 8083.00000 6668.06154  17.5%   208 2258s
 60559 46095 6688.03006   40  489 8083.00000 6668.06168  17.5%   208 2265s
 60614 46125 6691.41509   41  529 8083.00000 6668.06168  17.5%   209 2270s
 60686 46147 6800.71177   42  366 8083.00000 6668.10628  17.5%   210 2277s
 60763 46186 6843.35019   42  334 8083.00000 6668.10628  17.5%   210 2284s
 60857 46239 6802.90605   43  333 8083.00000 6668.10628  17.5%   211 2289s
 60973 46293 6803.37088   44  345 8083.00000 6681.07909  17.3%   212 2295s
 61104 46364 6804.29877   45  366 8083.00000 6681.07909  17.3%   212 2308s
 61256 46436 6806.71417   46  360 8083.00000 6681.07909  17.3%   213 2316s
 61414 46513 6814.84253   48  355 8083.00000 6681.07909  17.3%   213 2323s
 61587 46609 6815.90883   49  339 8083.00000 6681.42695  17.3%   214 2329s
 61773 46728 6818.24123   51  370 8083.00000 6681.42695  17.3%   214 2336s
 61993 46831 6860.39421   52  362 8083.00000 6681.42695  17.3%   215 2343s
 62218 46953 6823.59175   54  381 8083.00000 6681.42695  17.3%   215 2351s
 62470 47172 6871.25919   55  348 8083.00000 6681.42695  17.3%   215 2358s
 62822 47429 6835.52592   57  400 8083.00000 6681.42695  17.3%   216 2365s
 63296 47439 6702.37057   58  363 8083.00000 6681.42695  17.3%   216 2374s
 63472 47526 6702.86361   59  434 8083.00000 6681.42695  17.3%   217 2381s
 63631 47616 6708.09895   61  374 8083.00000 6681.42695  17.3%   217 2388s
 63785 47722 6708.99146   62  373 8083.00000 6681.42695  17.3%   218 2398s
 63960 47820 6708.99146   63  369 8083.00000 6681.42695  17.3%   219 2405s
 64149 47961 6779.73352   64  337 8083.00000 6692.20518  17.2%   219 2413s
 64381 48070 6710.76362   65  390 8083.00000 6692.20518  17.2%   220 2420s
 64615 48175 6710.89705   66  360 8083.00000 6692.20518  17.2%   220 2431s
 64871 48260 6711.02674   67  367 8083.00000 6692.20518  17.2%   221 2438s
 65087 48495 6711.10145   68  372 8083.00000 6692.20566  17.2%   222 2445s
 65414 48642 6803.75975   69  329 8083.00000 6692.20566  17.2%   223 2452s
 65701 48937 6711.37806   71  374 8083.00000 6692.20566  17.2%   223 2460s
 66123 49183 6712.67203   73  465 8083.00000 6692.20566  17.2%   224 2468s
 66539 49316 6712.88616   74  455 8083.00000 6692.20566  17.2%   224 2476s
 66868 49518 6714.51407   77  397 8083.00000 6692.20566  17.2%   225 2484s
 67236 49808 6715.87840   79  458 8083.00000 6692.20566  17.2%   226 2494s
 67723 49964 6721.41829   59  399 8083.00000 6692.20566  17.2%   226 2499s
 68188 49933 6722.45337   61  369 8083.00000 6692.21251  17.2%   226 2503s
 68392 50018 6723.59384   63  348 8083.00000 6692.58027  17.2%   226 2507s
 68609 50105 6764.33484   64  416 8083.00000 6692.58027  17.2%   226 2511s
 68848 50231 6738.44851   64  428 8083.00000 6692.58027  17.2%   226 2515s
 69158 50181 6741.93806   65  375 8083.00000 6692.58027  17.2%   226 2520s
 69565 50322 6742.99521   68  310 8083.00000 6692.58027  17.2%   227 2529s
 69744 50464 6745.80290   70  426 8083.00000 6693.44306  17.2%   227 2533s
 70069 50587 6747.40177   71  394 8083.00000 6708.89608  17.0%   227 2539s
 70360 50653 6837.62605   72  365 8083.00000 6708.89608  17.0%   227 2546s
 70573 50953 6748.40677   73  398 8083.00000 6708.89608  17.0%   227 2553s
 71077 50995     cutoff   74      8083.00000 6708.89608  17.0%   227 2559s
 71384 51038 6751.44432   77  441 8083.00000 6716.48602  16.9%   227 2564s
 71573 51030 6753.18058   80  375 8083.00000 6716.48602  16.9%   228 2570s
 71645 51192 6775.53201   82  333 8083.00000 6716.48602  16.9%   228 2575s
 71895 51477 6755.60252   85  463 8083.00000 6716.48602  16.9%   227 2580s
 72429 51650 6756.22148   87  479 8083.00000 6716.48602  16.9%   227 2586s
 72966 51932 6760.65193   90  470 8083.00000 6716.48602  16.9%   227 2592s
 73548 52073 6782.21428  100  326 8083.00000 6718.67344  16.9%   227 2603s
 73999 52299 6786.78995  103  352 8083.00000 6718.67344  16.9%   227 2612s
 74540 52500 6789.74481  106  356 8083.00000 6718.97322  16.9%   228 2620s
 75079 52560 6791.13009  109  342 8083.00000 6718.97322  16.9%   229 2629s
 75352 52939 6792.87247  112  367 8083.00000 6718.97322  16.9%   229 2638s
 75950 53199 6794.29549  115  408 8083.00000 6718.97322  16.9%   229 2645s
 76516 53537     cutoff  118      8083.00000 6719.25384  16.9%   229 2654s
 77142 53932 6811.70781  122  340 8083.00000 6719.25384  16.9%   229 2662s
 77899 54118 6817.06541  127  295 8083.00000 6719.25384  16.9%   229 2671s
 78496 54387 6820.49796  132  336 8083.00000 6719.25384  16.9%   229 2680s
 79049 54594 6876.06566   59  395 8083.00000 6719.25384  16.9%   230 2688s
 79593 54595 6881.90917   61  384 8083.00000 6719.25384  16.9%   230 2691s
 79841 54706 6920.64203   62  418 8083.00000 6719.25384  16.9%   230 2696s
 80116 54798 6991.51139   62  320 8083.00000 6719.25384  16.9%   230 2700s
 80386 54899 6932.92822   63  358 8083.00000 6719.25384  16.9%   230 2705s
 80651 54986 6938.86805   64  401 8083.00000 6719.25384  16.9%   230 2712s
 80899 55081 6939.44988   65  387 8083.00000 6720.75018  16.9%   230 2716s
 81122 55035 6939.44988   66  387 8083.00000 6720.75018  16.9%   231 2721s
 81159 55053 7036.95687   66  390 8083.00000 6720.75018  16.9%   231 2725s
 81233 55086 7042.15689   67  354 8083.00000 6720.75018  16.9%   231 2733s
 81269 55102 6951.04277   68  344 8083.00000 6720.75018  16.9%   231 2737s
 81304 55123 7167.51636   68  300 8083.00000 6720.75018  16.9%   231 2741s
 81354 55158 6951.57001   69  350 8083.00000 6723.11808  16.8%   232 2746s
 81435 55279 7008.75929   69  246 8083.00000 6723.11808  16.8%   232 2752s
 81652 55440 6951.76529   70  365 8083.00000 6723.11808  16.8%   232 2758s
 82005 55550 7050.12760   70  302 8083.00000 6723.11808  16.8%   231 2764s
 82357 55508 6952.21942   71  373 8083.00000 6723.11808  16.8%   231 2771s
 82523 55722 7072.33233   71  302 8083.00000 6724.31862  16.8%   232 2777s
 82895 55723 6955.41528   73  353 8083.00000 6724.31862  16.8%   232 2783s
 83077 56029 6959.29654   75  382 8083.00000 6724.31862  16.8%   233 2790s
 83537 56137 6960.30691   77  357 8083.00000 6724.31862  16.8%   233 2797s
 83923 56335 6966.76419   79  345 8083.00000 6724.31862  16.8%   233 2805s
 84397 56602 6748.07398   81  462 8083.00000 6724.31862  16.8%   234 2816s
 84927 56904 6775.95792   84  544 8083.00000 6724.31862  16.8%   235 2825s
 85490 56942 6761.72355   86  649 8083.00000 6725.09394  16.8%   235 2833s
 85733 57310 6761.72355   87  648 8083.00000 6725.09394  16.8%   235 2844s
 86212 57342 6761.80527   89  586 8083.00000 6725.09394  16.8%   236 2854s
 86469 57581 6761.86790   90  588 8083.00000 6725.09394  16.8%   236 2863s
 86821 57783 6762.44368   91  605 8083.00000 6725.09394  16.8%   237 2872s
 87184 58164 6762.48623   93  609 8083.00000 6725.09394  16.8%   237 2883s
 87750 58489 6766.63309   97  542 8083.00000 6725.09394  16.8%   238 2894s
 88293 58728 6769.31768  100  550 8083.00000 6725.09394  16.8%   238 2905s
 88723 59181 6769.84880  102  517 8083.00000 6725.09394  16.8%   239 2916s
 89379 59344 6770.46269  104  532 8083.00000 6725.09394  16.8%   239 2929s
 89795 59850 6769.45276   92  432 8083.00000 6725.09394  16.8%   240 2937s
 90597 60095 6778.36965   97  393 8083.00000 6727.57261  16.8%   240 2942s
 91238 60249 6780.72167  100  357 8083.00000 6727.57261  16.8%   239 2947s
 91791 60461 6786.82614  104  395 8083.00000 6730.22443  16.7%   239 2953s
 92279 60780 6788.40703  107  364 8083.00000 6730.22443  16.7%   239 2959s
 92860 60853 6791.03631  112  400 8083.00000 6730.22443  16.7%   239 2965s
 93233 61260     cutoff  115      8083.00000 6730.22443  16.7%   239 2972s
 94000 61424 6798.86355  119  395 8083.00000 6730.22443  16.7%   238 2978s
 94670 61718 6802.43190  123  423 8083.00000 6730.44319  16.7%   238 2983s
 95292 62133 6806.22110  127  399 8083.00000 6730.44319  16.7%   238 2990s
 96016 62874 6808.22126  133  402 8083.00000 6730.44319  16.7%   237 3004s
 97239 63083 6837.67511  137  294 8083.00000 6734.64434  16.7%   236 3016s
 98123 63370 6853.84373  149  288 8083.00000 6736.23003  16.7%   237 3025s
 98889 63595 6861.81845  160  182 8083.00000 6736.23003  16.7%   238 3034s
 99545 63398 6895.73659  171  263 8083.00000 6738.11053  16.6%   238 3043s
 99578 63408     cutoff  171      8083.00000 6738.11053  16.6%   238 3052s
 99618 63427 6896.20196  173  255 8083.00000 6738.11053  16.6%   238 3061s
 99650 63577 infeasible  174      8083.00000 6739.56022  16.6%   238 3073s
 99855 63987 6769.26801   58  342 8083.00000 6739.56022  16.6%   238 3084s
 100343 63824 6883.17513   87  291 8083.00000 6739.56022  16.6%   238 3085s
 100487 64197 6799.09327   61  256 8083.00000 6739.56022  16.6%   238 3097s
 101172 64566 6884.33369   66  326 8083.00000 6739.56022  16.6%   239 3108s
 102084 64790 6815.72419   68  422 8083.00000 6739.56022  16.6%   240 3124s
 102759 65356 6855.91794   82  385 8083.00000 6739.56022  16.6%   241 3137s
 103742 66174 6898.48948  103  389 8083.00000 6745.92520  16.5%   242 3151s
 105123 66269 7062.87908   81  282 8083.00000 6745.92520  16.5%   242 3163s
 105926 66420 6990.28278   86  359 8083.00000 6745.92520  16.5%   242 3172s
 106547 66599 6990.67538   88  370 8083.00000 6745.92520  16.5%   242 3180s
 107144 66737 6991.09486   90  330 8083.00000 6745.92520  16.5%   242 3186s
 107643 66962 6993.27175   93  355 8083.00000 6745.92520  16.5%   242 3194s
 108150 67440 6994.40253   96  368 8083.00000 6747.38830  16.5%   243 3203s
 108863 67696 6994.69783   99  347 8083.00000 6747.38830  16.5%   243 3211s
 109504 67952 6995.88039  102  385 8083.00000 6747.38830  16.5%   243 3218s
 110077 67949 6996.70178  104  371 8083.00000 6747.38830  16.5%   243 3227s
 110310 67957 7000.53748  107  383 8083.00000 6747.38830  16.5%   243 3234s
 110428 68034 7000.89838  110  360 8083.00000 6747.38830  16.5%   244 3241s
 110558 68441 7009.15136  114  323 8083.00000 6747.38830  16.5%   244 3249s
 111083 68979 7011.82666  118  328 8083.00000 6747.38830  16.5%   244 3257s
 111951 69650 7015.96826  122  286 8083.00000 6747.38830  16.5%   244 3273s
 113096 70060 6808.24125  106  536 8083.00000 6762.04191  16.3%   245 3288s
 113979 69796 6808.24125  108  527 8083.00000 6762.04191  16.3%   246 3300s
 114014 70013 6993.74685  108  293 8083.00000 6762.53351  16.3%   246 3313s
 114251 70261 6808.55194  109  544 8083.00000 6762.53351  16.3%   246 3328s
 114636 70605 6994.40182  109  421 8083.00000 6762.53351  16.3%   246 3342s
 115202 71152 6808.58280  110  539 8083.00000 6763.42491  16.3%   247 3358s
 116019 71846 6811.01382  113  557 8083.00000 6765.43779  16.3%   247 3373s
 117100 72151 6811.28353  115  611 8083.00000 6765.43779  16.3%   247 3388s
 117859 72378 6812.47010  118  577 8083.00000 6765.43779  16.3%   248 3404s
 118374 73287 6813.13515  121  601 8083.00000 6765.43779  16.3%   249 3426s
 119661 73560 6815.08744  124  620 8083.00000 6766.56972  16.3%   249 3447s
 120443 73537 6845.80544  141  409 8083.00000 6766.56972  16.3%   250 3459s
 120834 74950 6895.57839  145  311 8083.00000 6766.56972  16.3%   250 3477s
 123009 74612 6918.52744  161  361 8083.00000 6778.40896  16.1%   250 3486s
 123637 74428 6966.71292  169  273 8083.00000 6779.09092  16.1%   249 3495s
 123675 74447 6973.66992  170  242 8083.00000 6779.09092  16.1%   250 3505s
 123731 74657 infeasible  170      8083.00000 6779.09092  16.1%   250 3515s
 124108 75209 infeasible  171      8083.00000 6779.09092  16.1%   250 3526s
 125157 75640 6892.86135   44  307 8083.00000 6781.66004  16.1%   249 3537s
 126251 76443 6816.05657   57  305 8083.00000 6781.96771  16.1%   249 3548s
 127688 76862 6947.32708  103  295 8083.00000 6781.96771  16.1%   248 3559s
 129219 77153 6867.15039   53  219 8083.00000 6788.37789  16.0%   248 3569s
 130497 77906 6847.52146   45  368 8083.00000 6792.25807  16.0%   248 3586s
 132053 77881 6860.71176   75  304 8083.00000 6792.25807  16.0%   248 3597s
 132750 78458 6890.24882   77  355 8083.00000 6792.25807  16.0%   248 3609s
 133805 78850 6845.36721   41  361 8083.00000 6797.50966  15.9%   249 3621s
 134322 79491 6903.86194   47  259 8083.00000 6797.50966  15.9%   250 3636s
 135398 80131 6945.68525   82  255 8083.00000 6800.17145  15.9%   251 3651s
 136402 80815 6855.35653   47  435 8083.00000 6800.42055  15.9%   252 3666s
 137352 81811 6875.87091   68  420 8083.00000 6800.42055  15.9%   253 3680s
 138586 82652 infeasible  131      8083.00000 6800.42055  15.9%   254 3697s
 139716 82934 7211.79933  128  306 8083.00000 6801.52796  15.9%   255 3711s
 140183 83854 7066.98962  134  318 8083.00000 6801.52796  15.9%   256 3733s
 141851 83691 7089.53468  146  333 8083.00000 6833.21150  15.5%   257 3745s
 142529 84385     cutoff  150      8083.00000 6833.21150  15.5%   258 3759s
 144031 84484 7130.20115  160  332 8083.00000 6844.44318  15.3%   258 3772s
 144930 85477 7133.18475  167  360 8083.00000 6844.44318  15.3%   258 3784s
 146312 85017 7192.15119   95  244 8083.00000 6844.44318  15.3%   258 3785s
 146661 85938 7137.38991  176  354 8083.00000 6844.44318  15.3%   257 3796s
 147953 86710 7154.09608  189  305 8083.00000 6847.19927  15.3%   257 3808s
 149412 86881 6899.84495  128  646 8083.00000 6849.65172  15.3%   257 3828s
 150230 87483 6900.41297  131  606 8083.00000 6849.65738  15.3%   258 3849s
 151294 88384 6903.91254  135  568 8083.00000 6849.65738  15.3%   258 3871s
 152704 87514 6911.56229  139  490 8083.00000 6849.65738  15.3%   259 3891s
 152736 88508 6922.20570  139  467 8083.00000 6849.65738  15.3%   259 3909s
 153800 89331 6912.21300  144  443 8083.00000 6849.65738  15.3%   259 3928s
 155037 90957 6914.23408  147  470 8083.00000 6849.65738  15.3%   259 3947s
 156797 91858 6915.32381  152  502 8083.00000 6849.65738  15.3%   258 3964s
 157838 93635 6916.88321  155  447 8083.00000 6849.65738  15.3%   259 3983s
H159770 93635                    8082.0000000 6849.65738  15.2%   258 3983s
 159770 93843 6968.91756  101  314 8082.00000 6849.65738  15.2%   258 3998s
 160185 96575 6974.42101  108  357 8082.00000 6849.65738  15.2%   258 4030s
 165146 96862 6953.38915   72  338 8082.00000 6855.34663  15.2%   257 4041s
 166641 97148     cutoff   65      8082.00000 6857.44408  15.2%   257 4053s
 167201 98380 6922.56934  109  288 8082.00000 6857.47250  15.2%   257 4066s
 168998 99403 6972.08575  163  307 8082.00000 6857.47250  15.2%   256 4078s
 170628 100664 7001.82274  239  365 8082.00000 6861.47737  15.1%   256 4092s
 172322 101374 6888.44668   48  429 8082.00000 6863.06162  15.1%   256 4111s
 173243 103294 6931.11032   64  333 8082.00000 6863.23812  15.1%   257 4137s
 175851 104276 7003.37766   66  246 8082.00000 6863.23812  15.1%   258 4156s
 177461 105268 6945.20164   82  297 8082.00000 6864.91246  15.1%   259 4176s
 179228 106336 6974.46754   91  344 8082.00000 6865.93159  15.0%   259 4195s
 180874 107671 6888.37942   71  418 8082.00000 6866.06049  15.0%   259 4213s
 182786 108850 6982.14846  117  320 8082.00000 6867.44922  15.0%   260 4233s
 184308 110578 7177.01807  199  309 8082.00000 6868.00993  15.0%   261 4250s
 186582 110576 7321.66325  226  254 8082.00000 6868.00993  15.0%   260 4261s
 187603 111594 7319.27543  236  262 8082.00000 6868.00993  15.0%   260 4275s
 189161 112014     cutoff  248      8082.00000 6868.00993  15.0%   260 4290s
 190381 112223 7233.25809  259  383 8082.00000 6868.00993  15.0%   259 4303s
 191414 112848 7243.76344  271  347 8082.00000 6873.56513  15.0%   260 4317s
 192751 112896 7252.79943  289  362 8082.00000 6873.56513  15.0%   260 4331s
 193489 113573 7291.01038  302  325 8082.00000 6884.96872  14.8%   260 4347s
 195010 114065 7079.41062   34  189 8082.00000 6884.96872  14.8%   260 4361s
 196431 115376 6955.44834  159  408 8082.00000 6886.53029  14.8%   260 4387s
 198239 115784 6959.94926  166  488 8082.00000 6886.53029  14.8%   260 4408s
 198765 116970 6961.07911  169  525 8082.00000 6886.53029  14.8%   260 4434s
 200244 118057 6963.79867  174  498 8082.00000 6886.53029  14.8%   261 4459s
 201491 119929 7186.60110  178  461 8082.00000 6886.53029  14.8%   261 4483s
 203547 120070 6969.07795  182  461 8082.00000 6886.53029  14.8%   261 4507s
 203691 122223 6970.00542  184  415 8082.00000 6886.53029  14.8%   261 4533s
 205918 123785 6973.56453  190  487 8082.00000 6889.78914  14.8%   260 4558s
 207669 125874 6974.58054  195  425 8082.00000 6889.78914  14.8%   260 4583s
 210035 126706     cutoff   94      8082.00000 6890.30938  14.7%   260 4603s
 211491 128548 7063.52137  151  218 8082.00000 6891.16556  14.7%   260 4623s
 214405 129614 6963.45539   51  248 8082.00000 6894.16900  14.7%   260 4639s
 216599 129829 6945.47137   41  767 8082.00000 6945.47137  14.1%   260 5271s
 216601 129832 6945.49194   42  716 8082.00000 6945.47137  14.1%   260 5276s
 216613 129843 6945.71375   44  683 8082.00000 6945.55024  14.1%   260 5281s
 216627 129851 6946.01216   45  741 8082.00000 6945.71591  14.1%   260 5286s
 216650 129861 6950.21557   46  572 8082.00000 6946.01216  14.1%   260 5291s
 216682 129871 6953.04355   47  500 8082.00000 6950.21557  14.0%   260 5297s
 216720 129884 6954.02701   48  574 8082.00000 6953.05097  14.0%   260 5302s
 216770 129886     cutoff   48      8082.00000 6954.02735  14.0%   260 5308s
 216810 129903 6954.18869   49  528 8082.00000 6954.04683  14.0%   261 5314s
 216863 129913 6977.09709   49  436 8082.00000 6954.18869  14.0%   261 5320s
 216929 129923 6967.17079   50  446 8082.00000 6954.18943  14.0%   261 5326s
 217011 129939 6966.11064   50  437 8082.00000 6959.47231  13.9%   261 5330s
 217187 129939 6981.45060   51  457 8082.00000 6959.47231  13.9%   261 5338s
 217264 129934 6983.86849   52  442 8082.00000 6959.47231  13.9%   261 5342s
 217340 129936     cutoff   52      8082.00000 6959.80649  13.9%   261 5346s
 217409 129942 6985.40162   54  403 8082.00000 6959.80649  13.9%   261 5350s
 217550 129935 infeasible   55      8082.00000 6960.23293  13.9%   261 5359s
 217623 129935     cutoff   56      8082.00000 6960.24065  13.9%   261 5363s
 217697 129938 6989.81852   57  408 8082.00000 6960.24065  13.9%   261 5367s
 217778 129943 6990.74424   58  403 8082.00000 6960.24065  13.9%   261 5372s
 217870 129942 6993.32213   59  465 8082.00000 6960.24065  13.9%   261 5376s
 217965 129941 7017.09266   59  410 8082.00000 6960.24065  13.9%   261 5380s
 218077 129943 6994.29432   60  442 8082.00000 6960.24065  13.9%   261 5385s
 218185 129940 6994.29432   61  441 8082.00000 6960.90817  13.9%   261 5390s
 218299 129940 6994.29432   61  441 8082.00000 6967.72938  13.8%   261 5395s
 218546 129969 7015.82525   63  359 8082.00000 6968.21434  13.8%   261 5404s
 218666 129983 7020.53735   64  396 8082.00000 6969.57497  13.8%   261 5409s
 218808 130000 7046.01619   65  395 8082.00000 6969.57497  13.8%   261 5414s
 218968 129987 7054.31157   68  301 8082.00000 6969.57497  13.8%   261 5420s
 219125 129998 infeasible   70      8082.00000 6969.57497  13.8%   261 5425s
 219299 129998 7022.88060   52  225 8082.00000 6973.07199  13.7%   261 5430s
 219461 129992     cutoff   56      8082.00000 6973.07199  13.7%   261 5437s
 219657 129986 7028.23488   61  280 8082.00000 6975.17948  13.7%   261 5443s
 219856 129966     cutoff   66      8082.00000 6975.17948  13.7%   261 5450s
 220050 129916 7015.10698   55  162 8082.00000 6975.17948  13.7%   261 5456s
 220082 129922 7031.80585   56  176 8082.00000 6975.17948  13.7%   261 5464s
 220115 129932 7016.24396   56  203 8082.00000 6975.17948  13.7%   261 5471s
 220165 129970     cutoff   56      8082.00000 6975.17948  13.7%   261 5479s
 220334 130009 7057.41335   60  123 8082.00000 6982.73074  13.6%   261 5485s
 220601 130058 7002.03181   52  367 8082.00000 6982.73074  13.6%   260 5493s
 220859 130123 7008.78506   57  386 8082.00000 6982.73074  13.6%   260 5501s
 221151 130148 7015.95015   63  394 8082.00000 6984.27141  13.6%   260 5508s
 221490 130198 7019.14395   70  459 8082.00000 6984.27141  13.6%   260 5515s
 221900 130262 7021.10106   77  417 8082.00000 6984.27141  13.6%   260 5523s
 222420 130333 7053.44231   94  240 8082.00000 6984.27141  13.6%   260 5531s
 222994 130451 7028.13505   62  271 8082.00000 6984.59331  13.6%   259 5539s
 223676 130563 7057.63679  100  248 8082.00000 6986.90160  13.5%   259 5547s
 224317 130798     cutoff   61      8082.00000 6990.40883  13.5%   259 5558s
 225195 131676 7060.27617   68  237 8082.00000 6990.40883  13.5%   258 5583s
 226877 133547 7083.19192   82  297 8082.00000 6990.40883  13.5%   259 5611s
 229560 135001 7056.93636   70  278 8082.00000 6992.55638  13.5%   259 5634s
 231517 136529 7107.96012   73  234 8082.00000 6992.95569  13.5%   260 5656s
 233958 136698 6994.58403   42  694 8082.00000 6994.58403  13.5%   260 6132s
 233960 136701 6994.58403   43  649 8082.00000 6994.58403  13.5%   260 6136s
 233972 136719 6994.58403   45  612 8082.00000 6994.58403  13.5%   260 6142s
 233988 136736 6994.58403   46  545 8082.00000 6994.58403  13.5%   261 6148s
 234018 136754 6994.58403   47  670 8082.00000 6994.58403  13.5%   261 6153s
 234050 136829 6994.58403   48  635 8082.00000 6994.58403  13.5%   261 6159s
 234153 136825 6994.58403   49  647 8082.00000 6994.58403  13.5%   261 6164s
 234187 136851 6994.58403   50  655 8082.00000 6994.58403  13.5%   261 6169s
 234236 136891 6994.58403   51  632 8082.00000 6994.58403  13.5%   261 6175s
 234365 136938 6997.40259   53  553 8082.00000 6994.58403  13.5%   261 6184s
 234432 136966 6994.77444   53  684 8082.00000 6994.58403  13.5%   261 6189s
 234499 136991 6997.95200   54  624 8082.00000 6994.58403  13.5%   261 6193s
 234571 137005 7006.95639   54  509 8082.00000 6994.77633  13.5%   261 6197s
 234636 137022 7003.56310   55  612 8082.00000 6994.77633  13.5%   261 6201s
 234705 137033 7003.79878   55  515 8082.00000 6994.77633  13.5%   261 6206s
 234776 137043 7019.94384   56  459 8082.00000 6994.77633  13.5%   261 6210s
 234833 137062 7024.18242   56  474 8082.00000 6994.77633  13.5%   261 6215s
 234972 137108 7073.82154   57  289 8082.00000 6994.77633  13.5%   262 6223s
 235047 137136 7026.66664   58  454 8082.00000 6994.77633  13.5%   262 6228s
 235124 137160 7028.61186   59  465 8082.00000 6994.77633  13.5%   262 6233s
 235200 137170 7030.39839   60  493 8082.00000 6994.77633  13.5%   262 6239s
 235263 137210 7030.92444   61  457 8082.00000 6994.77633  13.5%   262 6244s
 235352 137218 7030.92444   62  454 8082.00000 6994.77633  13.5%   262 6249s
 235423 137230 7069.11010   63  425 8082.00000 6994.77633  13.5%   262 6256s
 235518 137237 7052.33255   63  377 8082.00000 6996.46439  13.4%   262 6261s
 235609 137228 7138.62364   64  397 8082.00000 6996.46439  13.4%   262 6267s
 235643 137238 7074.84783   64  306 8082.00000 6996.46439  13.4%   262 6273s
 235684 137245 7082.19748   65  314 8082.00000 6996.46439  13.4%   262 6278s
 235731 137247 7086.06108   67  289 8082.00000 6999.20823  13.4%   262 6284s
 235783 137253 7118.63489   69  277 8082.00000 6999.20823  13.4%   262 6291s
 235832 137262 infeasible   73      8082.00000 6999.20823  13.4%   262 6297s
 235888 137265 7095.15662   79  314 8082.00000 6999.20823  13.4%   262 6303s
 235955 137300     cutoff   83      8082.00000 6999.20823  13.4%   263 6310s
 236057 137287 infeasible   86      8082.00000 6999.20823  13.4%   263 6317s
 236092 137304 7141.61481   87  196 8082.00000 6999.20823  13.4%   263 6327s
 236141 137328 7100.52590   88  371 8082.00000 6999.20823  13.4%   263 6335s
 236209 137347 7101.43895   89  359 8082.00000 6999.20823  13.4%   263 6343s
 236287 137355     cutoff   89      8082.00000 6999.20823  13.4%   263 6354s
 236379 137370 7104.63260   91  285 8082.00000 6999.20823  13.4%   263 6363s
 236478 137375 7126.37231   91  361 8082.00000 6999.20823  13.4%   263 6371s
 236562 137414 7104.63770   92  292 8082.00000 6999.20823  13.4%   263 6380s
 236661 137437 7119.86354   93  247 8082.00000 6999.20823  13.4%   263 6389s
 236774 137454 7118.47118   93  232 8082.00000 6999.20823  13.4%   263 6397s
 236904 137472 7120.68068   94  265 8082.00000 6999.20823  13.4%   263 6407s
 237026 137473 7136.87875   95  293 8082.00000 6999.20823  13.4%   263 6417s
 237175 137473 7050.30861   54  285 8082.00000 7003.39279  13.3%   263 6428s
 237314 137457 7046.00888   55  326 8082.00000 7003.39279  13.3%   263 6438s
 237394 137510 7055.36176   56  305 8082.00000 7003.39279  13.3%   263 6449s
 237630 137527 7060.24398   59  362 8082.00000 7003.39279  13.3%   263 6460s
 237884 137569 7131.12739   62  273 8082.00000 7006.58796  13.3%   264 6472s
 238184 137550 7053.93840   58  417 8082.00000 7007.06704  13.3%   264 6486s
 238506 137557 7078.65235   61  304 8082.00000 7007.82561  13.3%   264 6497s
 238747 137599 7119.06256   67  208 8082.00000 7009.93595  13.3%   264 6508s
 239014 137622 7096.31432   72  270 8082.00000 7010.19757  13.3%   265 6521s
 239357 137675 7135.89611   83  339 8082.00000 7010.38812  13.3%   265 6532s
 239717 137689 7062.51820   53  453 8082.00000 7014.15048  13.2%   265 6544s
 240196 137628 7134.96586   60  312 8082.00000 7015.69180  13.2%   265 6557s
 240537 140064 7368.58094  119  257 8082.00000 7015.97664  13.2%   266 6579s
 243621 141029 7446.76607   37  203 8082.00000 7015.97664  13.2%   265 6592s
 244887 142462 7253.30241   36  277 8082.00000 7017.66936  13.2%   265 6607s
 247050 137939 7076.45602   34 1014 8082.00000 7075.71563  12.5%   265 7447s
 247052 137942 7081.43201   35  668 8082.00000 7076.45708  12.4%   265 7451s
 247056 137949 7081.78465   36  815 8082.00000 7081.78465  12.4%   265 7455s
 247080 137984 7084.09906   38  853 8082.00000 7082.74469  12.4%   265 7467s
 247112 138005 7093.88702   39  627 8082.00000 7084.10511  12.3%   265 7474s
 247144 138056 7096.17464   40  614 8082.00000 7096.17464  12.2%   265 7481s
 247211 138081 7096.28831   41  608 8082.00000 7096.21586  12.2%   266 7487s
 247273 138131 7222.67049   41  481 8082.00000 7096.28831  12.2%   266 7494s
 247364 138151 7101.05820   42  619 8082.00000 7096.28831  12.2%   266 7500s
 247453 138176 7112.18682   42  614 8082.00000 7096.67831  12.2%   266 7506s
 247533 138204 7113.99078   43  580 8082.00000 7100.45989  12.1%   266 7511s
 247609 138210 7106.57744   43  608 8082.00000 7100.45989  12.1%   266 7516s
 247641 138229 7145.92970   44  509 8082.00000 7100.45989  12.1%   267 7523s
 247675 138244 7205.26997   44  474 8082.00000 7100.45989  12.1%   267 7528s
 247710 138250 7158.62420   45  361 8082.00000 7100.45989  12.1%   267 7534s
 247749 138266 7173.18813   45  372 8082.00000 7100.45989  12.1%   267 7539s
 247791 138279 7188.16344   46  359 8082.00000 7100.45989  12.1%   267 7543s
 247828 138296 7179.70801   46  353 8082.00000 7100.45989  12.1%   267 7548s
 247878 138298 7218.71083   47  459 8082.00000 7106.57777  12.1%   267 7554s
 247915 138316 7255.34748   47  337 8082.00000 7106.57777  12.1%   267 7561s
 247959 138329 7219.38043   48  452 8082.00000 7111.66290  12.0%   267 7568s
 248005 138343 7219.25693   48  461 8082.00000 7111.66290  12.0%   267 7573s
 248047 138360 7219.98442   49  448 8082.00000 7111.66290  12.0%   267 7579s
 248095 138371 7453.87666   49  239 8082.00000 7111.66290  12.0%   267 7584s
 248150 138386 7220.47315   50  393 8082.00000 7111.66290  12.0%   267 7589s
 248203 138403 7285.91732   51  325 8082.00000 7111.66290  12.0%   267 7595s
 248260 138418 7274.40852   51  265 8082.00000 7111.66290  12.0%   267 7604s
 248320 138433 7278.95244   53  306 8082.00000 7111.66290  12.0%   267 7612s
 248396 138468 infeasible   55      8082.00000 7111.66290  12.0%   268 7619s
 248499 138497     cutoff   59      8082.00000 7111.66290  12.0%   268 7627s
 248628 138545 7308.41729   64  292 8082.00000 7115.55168  12.0%   268 7634s
 248770 138574     cutoff   66      8082.00000 7115.55198  12.0%   268 7641s
 248917 138618     cutoff   69      8082.00000 7115.55198  12.0%   268 7648s
 249082 138652 7335.12402   72  238 8082.00000 7115.55198  12.0%   268 7656s
 249265 138685     cutoff   78      8082.00000 7123.24970  11.9%   268 7663s
 249470 138687     cutoff   85      8082.00000 7123.24970  11.9%   268 7672s
 249650 138726 7373.25474   92  276 8082.00000 7123.24970  11.9%   268 7681s
 249824 138768 7422.98241  100  316 8082.00000 7134.02698  11.7%   269 7691s
 250049 138799 7256.88015   45  398 8082.00000 7139.84093  11.7%   269 7700s
 250280 138820 7323.76876   46  368 8082.00000 7139.84093  11.7%   269 7708s
 250469 138879 7406.33938   49  289 8082.00000 7139.84093  11.7%   269 7717s
 250719 138919 7393.15938   46  228 8082.00000 7139.84093  11.7%   270 7728s
 251010 138992 7439.49940   54  220 8082.00000 7159.43721  11.4%   270 7737s
 251310 139036 7453.97693   70  269 8082.00000 7159.43721  11.4%   270 7747s
 251648 139028 7233.62946   41  469 8082.00000 7168.09274  11.3%   270 7758s
 251897 139099 7427.40888   44  275 8082.00000 7178.10699  11.2%   270 7768s
 252186 139181 7326.93139   43  323 8082.00000 7180.41365  11.2%   271 7777s
 252548 139178 7438.51667   49  283 8082.00000 7180.56204  11.2%   271 7789s
 252940 139209 7455.81396   47  265 8082.00000 7187.85102  11.1%   271 7801s
 253314 139117 7318.22200   47  278 8082.00000 7202.72638  10.9%   271 7813s
 253383 139163 7460.59967   50  287 8082.00000 7202.72638  10.9%   271 7824s
 253536 139378 7334.45237   50  254 8082.00000 7206.96764  10.8%   271 7837s
 254017 139507 7396.31626   68  226 8082.00000 7206.96764  10.8%   271 7850s
 254554 139794 7437.36907   89  216 8082.00000 7209.23346  10.8%   272 7863s
 255388 140080 7414.29031   49  262 8082.00000 7209.99085  10.8%   272 7876s
H256258 139790                    8078.0000000 7215.57342  10.7%   272 7877s
 256258 142265 7301.59555  202  347 8078.00000 7215.57342  10.7%   272 7909s
 259146 143602 7306.89778  209  420 8078.00000 7215.77560  10.7%   272 7931s
 260954 134068 7275.16451   44  559 8078.00000 7275.09414  9.94%   272 8804s
 260956 134072 7275.17471   45  584 8078.00000 7275.16488  9.94%   272 8808s
 260960 134078 7275.54618   46  562 8078.00000 7275.18404  9.94%   272 8812s
 260968 134092 7275.69287   47  586 8078.00000 7275.55511  9.93%   272 8818s
 260984 134116 7275.81126   48  628 8078.00000 7275.69523  9.93%   272 8828s
 261016 134136 7276.21268   49  614 8078.00000 7275.81127  9.93%   272 8835s
 261048 134167 7276.26232   50  622 8078.00000 7275.81127  9.93%   273 8844s
 261090 134257 7276.58891   51  588 8078.00000 7275.81127  9.93%   273 8853s
 261198 134251 7276.90417   52  595 8078.00000 7275.81127  9.93%   273 8861s
 261231 134271 7333.96276   52  556 8078.00000 7275.81127  9.93%   273 8870s
 261263 134290 7277.07416   53  555 8078.00000 7275.81127  9.93%   273 8878s
 261296 134310 7346.57337   53  596 8078.00000 7275.81127  9.93%   273 8886s
 261328 134330 7372.08509   54  509 8078.00000 7275.81127  9.93%   273 8895s
 261360 134347 7277.55587   54  519 8078.00000 7275.81127  9.93%   273 8905s
 261393 134366 7300.46392   55  534 8078.00000 7275.81127  9.93%   274 8912s
 261425 134384 7277.61912   55  502 8078.00000 7275.81127  9.93%   274 8918s
 261457 134405 7277.61912   56  503 8078.00000 7275.81127  9.93%   274 8927s
 261489 134423 7362.29744   56  474 8078.00000 7275.81127  9.93%   274 8936s
 261522 134450 7277.65318   57  477 8078.00000 7275.81127  9.93%   274 8942s
 261573 134462 7304.12329   57  338 8078.00000 7275.81127  9.93%   274 8951s
 261612 134509 7277.65375   58  502 8078.00000 7275.81127  9.93%   274 8958s
 261682 134511 7340.79408   58  397 8078.00000 7277.65375  9.91%   274 8966s
 261716 134527 7277.65375   59  500 8078.00000 7277.65375  9.91%   274 8974s
 261748 134545 7367.22113   59  388 8078.00000 7277.65375  9.91%   274 8981s
 261786 134561 7277.73438   60  549 8078.00000 7277.65375  9.91%   274 8993s
 261822 134582 7286.61482   60  421 8078.00000 7277.73514  9.91%   274 9000s
 261863 134608 7277.74415   61  577 8078.00000 7277.74364  9.91%   275 9009s
 261913 134629 7379.80270   61  385 8078.00000 7277.74415  9.91%   275 9017s
 261963 134643 7281.92570   62  397 8078.00000 7277.74415  9.91%   275 9026s
 262016 134671 7344.23709   62  457 8078.00000 7281.92630  9.85%   275 9037s
 262082 134714 7282.53811   63  394 8078.00000 7281.92630  9.85%   275 9045s
 262159 134764 7418.64470   63  413 8078.00000 7282.53811  9.85%   275 9053s
 262259 134818 7288.41653   64  335 8078.00000 7282.53811  9.85%   275 9062s
 262386 134876 7286.05939   64  445 8078.00000 7286.05939  9.80%   275 9072s
 262532 134918 7356.09386   66  501 8078.00000 7286.05939  9.80%   276 9081s
 262684 134972 7437.57785   66  380 8078.00000 7286.05939  9.80%   276 9091s
 262847 135043 7432.34209   67  322 8078.00000 7286.05939  9.80%   276 9101s
 263031 135122 7360.32378   69  416 8078.00000 7286.05939  9.80%   276 9114s
 263211 135222 7421.47377   70  263 8078.00000 7291.08249  9.74%   276 9129s
 263424 135315 7363.98763   72  437 8078.00000 7291.08249  9.74%   276 9138s
 263662 135410 7373.30986   74  475 8078.00000 7291.64501  9.73%   276 9149s
 263901 135492 7379.69366   75  513 8078.00000 7291.64501  9.73%   276 9163s
 264150 135572 7461.50948   77  449 8078.00000 7291.64501  9.73%   277 9176s
 264428 135647 7379.12232   79  399 8078.00000 7291.64501  9.73%   277 9188s
 264688 135740 7381.01494   81  415 8078.00000 7292.09219  9.73%   277 9202s
 264994 135814 7384.13455   83  402 8078.00000 7292.09219  9.73%   277 9215s
 265303 135891 7387.15077   85  437 8078.00000 7292.09219  9.73%   277 9228s
 265555 135999 7423.29875   87  380 8078.00000 7294.44333  9.70%   277 9241s
 265807 136138 7409.57064   89  441 8078.00000 7295.33082  9.69%   277 9255s
 266117 136275 infeasible   92      8078.00000 7295.33082  9.69%   277 9268s
 266453 136371 7414.77560   95  436 8078.00000 7295.33082  9.69%   277 9285s
 266777 136467 7531.87561   97  334 8078.00000 7295.33082  9.69%   278 9301s
 267148 136551 7547.85524   99  335 8078.00000 7295.33082  9.69%   278 9318s
 267542 136546 7506.90328  102  272 8078.00000 7295.62466  9.69%   278 9334s
 267924 136561 7464.66436  105  364 8078.00000 7298.33313  9.65%   278 9354s
 268235 136677     cutoff  107      8078.00000 7299.68132  9.64%   279 9370s
 268606 136838 7557.18029  111  245 8078.00000 7302.15434  9.60%   279 9389s
 269111 137080 7488.62777  116  347 8078.00000 7302.15434  9.60%   279 9408s
 269738 137434 7565.66285  122  260 8078.00000 7312.57664  9.48%   280 9426s
 270586 137603 infeasible  130      8078.00000 7315.59500  9.44%   280 9445s
 271364 138020 7563.87537  161  242 8078.00000 7319.42574  9.39%   280 9465s
H272341 137695                    8024.0000000 7328.42053  8.67%   280 9465s
 272341 138209 7378.64790   70  262 8024.00000 7328.42053  8.67%   280 9475s
 273375 138072 7346.78006   61  438 8024.00000 7331.13247  8.63%   279 9482s
 273846 138082 7366.96893   65  334 8024.00000 7333.56669  8.60%   279 9489s
 274252 138165 7363.03935   72  300 8024.00000 7333.56669  8.60%   279 9494s
 274810 138274 7368.82041   81  297 8024.00000 7333.56669  8.60%   279 9499s
 275375 138373 7393.73147   93  237 8024.00000 7333.56669  8.60%   278 9504s
 275853 138542 7352.67869   54  392 8024.00000 7339.02656  8.54%   278 9509s
 276438 138657 7358.22831   61  424 8024.00000 7339.45338  8.53%   278 9515s
 277004 138762 7368.97161   65  348 8024.00000 7340.64008  8.52%   278 9521s
 277604 138897 7396.63729   72  177 8024.00000 7341.74744  8.50%   277 9527s
 278222 139133 7374.73633   62  203 8024.00000 7342.58751  8.49%   277 9534s
 278997 139247 7361.03885   61  360 8024.00000 7343.31057  8.48%   277 9540s
 279764 139291 7392.98211   72  333 8024.00000 7343.31057  8.48%   276 9548s
 280513 139355 7377.58205   56  357 8024.00000 7344.02029  8.47%   276 9555s
 281192 139525 7395.57805   73  382 8024.00000 7344.06254  8.47%   276 9562s
 281989 139710     cutoff   76      8024.00000 7345.90191  8.45%   275 9569s
 282886 139969 7382.86570   92  249 8024.00000 7347.20987  8.43%   275 9576s
 283877 140149     cutoff   67      8024.00000 7348.10124  8.42%   274 9583s
 284874 140324 7363.20478   60  323 8024.00000 7348.67090  8.42%   274 9593s
 285874 140455 7395.01582   69  245 8024.00000 7349.23682  8.41%   273 9600s
 286975 140555 7372.88212   64  365 8024.00000 7349.45568  8.41%   273 9608s
 288008 140750 7404.65952   65  198 8024.00000 7349.68040  8.40%   272 9617s
 288892 140990     cutoff   66      8024.00000 7349.68040  8.40%   272 9625s
 289969 141149 7375.33712   66  374 8024.00000 7351.11256  8.39%   271 9633s
 291158 141146     cutoff   99      8024.00000 7352.60428  8.37%   271 9642s
 292413 140823 7429.69782   57  291 8024.00000 7353.00162  8.36%   270 9656s
 292743 140815 7477.14090   71  318 8024.00000 7354.06197  8.35%   271 9671s
 293096 140864     cutoff   64      8024.00000 7354.06203  8.35%   271 9685s
 293598 140843 7412.84989   63  374 8024.00000 7354.18667  8.35%   271 9698s
 294087 140856     cutoff   66      8024.00000 7354.18667  8.35%   271 9710s
 294620 140827 7405.90687   64  379 8024.00000 7357.56911  8.31%   272 9723s
 295080 140827 infeasible   78      8024.00000 7360.61696  8.27%   272 9735s
 295485 140921 7381.00627   66  341 8024.00000 7362.16106  8.25%   272 9748s
 296125 140855 7423.45662   64  286 8024.00000 7362.62518  8.24%   272 9763s
 296619 140905     cutoff   56      8024.00000 7363.33787  8.23%   273 9777s
 297237 140930     cutoff   89      8024.00000 7367.01794  8.19%   273 9789s
 297860 140947 7422.66950   65  274 8024.00000 7368.07631  8.17%   273 9803s
 298516 140972 7450.73831   95  347 8024.00000 7368.52833  8.17%   274 9818s
 299272 140940 7396.03631   53  436 8024.00000 7368.69600  8.17%   274 9832s
 299970 140953 7455.75540   56  364 8024.00000 7372.38528  8.12%   274 9847s
 300698 141047 7430.67946   64  332 8024.00000 7372.59938  8.12%   274 9861s
 301605 140971 7467.34314   66  236 8024.00000 7375.54177  8.08%   275 9876s
 302599 140959 7420.23509   57  304 8024.00000 7376.42600  8.07%   275 9893s
 303587 140796 7439.00863   56  248 8024.00000 7379.86336  8.03%   275 9909s
 304252 140877 7395.70942   60  305 8024.00000 7381.67332  8.01%   275 9927s
 305119 140880 infeasible   63      8024.00000 7383.50740  7.98%   276 9944s
 306080 140845 7476.62673   62  432 8024.00000 7387.35651  7.93%   276 9961s
 306881 141002 7472.07990   61  172 8024.00000 7387.35651  7.93%   277 9982s
 307941 140999 7443.34440   67  288 8024.00000 7390.66245  7.89%   277 10004s
 309071 140827 7463.56579   64  321 8024.00000 7391.03621  7.89%   277 10025s
 310052 140762 7438.78626   59  346 8024.00000 7394.44506  7.85%   278 10048s
 311238 140663 7420.35761   62  490 8024.00000 7396.03631  7.83%   278 10079s
 312451 140718 7520.63752   42  294 8024.00000 7398.42273  7.80%   278 10094s
 313331 140820 7540.70712   66  286 8024.00000 7398.42273  7.80%   279 10104s
 313931 140956 7625.66109   94  186 8024.00000 7418.45031  7.55%   279 10115s
 314505 141295 7548.46809   44  264 8024.00000 7419.66631  7.53%   279 10124s
 315220 141432 7516.44222   45  316 8024.00000 7419.75982  7.53%   279 10134s
 315800 141576 7550.20165   60  261 8024.00000 7421.80507  7.50%   279 10144s
 316373 141538 7597.39531   91  330 8024.00000 7421.80507  7.50%   279 10154s
 316613 141935 7615.01887  111  320 8024.00000 7421.87046  7.50%   279 10165s
 317422 142137 7450.27141   49  407 8024.00000 7428.01611  7.43%   279 10176s
 318135 142224 7589.00751   50  302 8024.00000 7428.01611  7.43%   279 10188s
 318745 142466 7480.22934   45  291 8024.00000 7428.01611  7.43%   279 10199s
 319544 142632     cutoff   51      8024.00000 7438.77089  7.29%   279 10210s
 320343 142919 7610.13535   51  246 8024.00000 7442.05429  7.25%   279 10222s
 321259 143117 7521.63969   45  246 8024.00000 7445.86721  7.21%   279 10233s
 322166 143340 7508.43318   48  388 8024.00000 7452.48608  7.12%   279 10245s
 323087 143723 7587.33823   91  260 8024.00000 7454.73832  7.09%   279 10257s
 324086 144113 7563.76157   95  282 8024.00000 7456.55740  7.07%   279 10270s
 325459 144165 7594.41273  114  318 8024.00000 7459.26983  7.04%   279 10282s
 326617 144396 7536.91320   45  333 8024.00000 7466.64439  6.95%   279 10295s
 327687 144713 7635.54370   46  263 8024.00000 7468.15861  6.93%   279 10308s
 328801 145243 7624.64537  102  206 8024.00000 7471.45860  6.89%   279 10325s
 330188 145840     cutoff   40      8024.00000 7475.93702  6.83%   279 10340s
 331648 146426 7640.45074   52  280 8024.00000 7480.05688  6.78%   279 10356s
 333326 146271 7579.01648   54  503 8024.00000 7484.68902  6.72%   278 10378s
 334064 146420 7690.51819   56  387 8024.00000 7484.68902  6.72%   279 10398s
 334675 146795 7604.53391   59  401 8024.00000 7485.62958  6.71%   279 10418s
 335481 147058 7607.01157   63  384 8024.00000 7488.65690  6.67%   279 10436s
 336350 146790 7659.21778   67  285 8024.00000 7491.82882  6.63%   279 10457s
 336393 146798 7659.21823   68  283 8024.00000 7491.82882  6.63%   279 10471s
 336441 146894     cutoff   68      8024.00000 7502.20558  6.50%   279 10489s
 336684 147381 7689.22314   69  279 8024.00000 7502.89850  6.49%   279 10507s
 337520 147647 7681.97768   78  367 8024.00000 7503.06774  6.49%   280 10525s
 338413 147842     cutoff   98      8024.00000 7503.06774  6.49%   280 10542s
 339185 148244 7702.94735   55  327 8024.00000 7510.69641  6.40%   280 10561s
 340202 148584 7706.19104   85  207 8024.00000 7512.95559  6.37%   280 10585s
 341282 149056 7677.85925   53  281 8024.00000 7512.95559  6.37%   280 10605s
 342371 149414 7604.89467   52  233 8024.00000 7520.46992  6.28%   280 10626s
 343351 149863 7651.34063   85  225 8024.00000 7520.46992  6.28%   280 10647s
 344499 150127 7674.70428  139  285 8024.00000 7524.98688  6.22%   280 10666s
 345653 150762 7679.39380   55  328 8024.00000 7527.52992  6.19%   280 10687s
 347040 151227 7580.43684   54  241 8024.00000 7528.73002  6.17%   280 10710s
 348392 151685 7700.97372   96  124 8024.00000 7529.72515  6.16%   280 10732s
 349763 151909 7615.86554   71  302 8024.00000 7534.07536  6.11%   281 10754s
 350923 153288     cutoff   82      8024.00000 7535.21851  6.09%   281 10793s
 353404 153715 7551.77641   56  368 8024.00000 7535.60865  6.09%   281 10812s
 355780 153604 7564.70230   87  426 8024.00000 7536.79673  6.07%   280 10821s
 357192 153694 7560.22248   86  401 8024.00000 7537.51143  6.06%   279 10830s
 358774 153790 7548.51820   65  219 8024.00000 7538.34130  6.05%   278 10839s
 360255 153980 7565.03280   60  315 8024.00000 7538.62703  6.05%   278 10848s
 361716 154274 7578.02458   60  247 8024.00000 7539.35477  6.04%   277 10858s
 363302 153775 7573.32859   87  370 8024.00000 7539.86449  6.03%   277 10871s
 363404 154122     cutoff   87      8024.00000 7539.86449  6.03%   277 10880s
 364206 154567 7548.53823   76  277 8024.00000 7540.35198  6.03%   276 10890s
 365802 154552 7555.19981   72  421 8024.00000 7540.92764  6.02%   276 10902s
 367000 154934 7572.68416   94  355 8024.00000 7540.92764  6.02%   275 10916s
 368761 155406 7567.26678   81  303 8024.00000 7541.35364  6.02%   274 10930s
 370970 155608 7564.41022   72  351 8024.00000 7542.57889  6.00%   274 10941s
 373204 155929     cutoff   98      8024.00000 7543.54755  5.99%   273 10953s
 375623 156042 7587.03771   54  230 8024.00000 7544.36448  5.98%   272 10967s
 377875 156320 7561.92824   75  227 8024.00000 7545.14010  5.97%   271 10981s
 380320 156084     cutoff   70      8024.00000 7545.71135  5.96%   270 11010s
 382267 155963 infeasible   55      8024.00000 7547.62968  5.94%   270 11030s
 383578 156228 7577.79044   56  385 8024.00000 7549.09028  5.92%   270 11063s
 385667 155969 7596.12908   65  322 8024.00000 7551.93349  5.88%   271 11082s
 387100 155839 7617.60360   63  281 8024.00000 7552.98399  5.87%   271 11104s
 388541 155803 7610.27845   70  262 8024.00000 7554.93832  5.85%   271 11126s
 389795 156073 7619.40488   65  297 8024.00000 7556.22167  5.83%   271 11151s
 391650 155921 7600.86616   57  328 8024.00000 7557.33476  5.82%   271 11173s
 393187 155994 7576.05558   57  325 8024.00000 7558.77508  5.80%   271 11197s
 394947 156144 7610.11987   57  262 8024.00000 7559.99996  5.78%   272 11223s
 397025 155900 7603.30871   78  351 8024.00000 7561.21070  5.77%   272 11247s
 398405 156422 7581.86018   53  322 8024.00000 7562.23761  5.75%   272 11274s
 400846 156432 7623.74462   68  345 8024.00000 7563.53272  5.74%   272 11304s
 403043 156503 7583.49804   62  406 8024.00000 7564.41653  5.73%   272 11335s
 405215 156677 7616.14488   59  377 8024.00000 7565.41757  5.72%   272 11363s
 407663 156736 7709.62337   51  245 8024.00000 7566.79562  5.70%   272 11392s
 409203 157516 7696.83499   91  218 8024.00000 7566.79562  5.70%   272 11412s
 411401 157872     cutoff   52      8024.00000 7576.27219  5.58%   271 11430s
 413180 158580     cutoff  111      8024.00000 7577.51175  5.56%   271 11450s
 415216 159039 7710.37750   47  329 8024.00000 7579.50249  5.54%   271 11469s
 417222 159596 7671.59985   88  292 8024.00000 7587.10152  5.44%   271 11488s
 419116 160191 7726.45430   68  290 8024.00000 7590.05734  5.41%   270 11505s
 421100 161022     cutoff   61      8024.00000 7590.57060  5.40%   270 11522s
 423384 161542 7714.89527   85  283 8024.00000 7594.07432  5.36%   270 11539s
 425424 162207 7721.35638   48  276 8024.00000 7595.08788  5.35%   269 11557s
 427734 162876 7683.15224   56  264 8024.00000 7597.84476  5.31%   269 11575s
 430082 162485     cutoff   44      8024.00000 7601.57635  5.26%   269 11593s
 430802 163823 7675.23267   54  299 8024.00000 7601.58263  5.26%   268 11612s
 433110 164550 7690.47138   60  305 8024.00000 7603.54401  5.24%   268 11633s
 435506 165837 7731.32176   72  319 8024.00000 7605.34688  5.22%   268 11675s
 438174 165871 7705.95298   94  383 8024.00000 7608.03665  5.18%   267 11696s
 439419 166194 7751.10802   56  299 8024.00000 7610.44271  5.15%   268 11717s
 440645 166538 7615.30432   70  499 8024.00000 7610.48173  5.15%   268 11742s
 442147 166826 7754.54244   73  264 8024.00000 7611.60318  5.14%   268 11769s
 443609 167720 7770.83783   92  330 8024.00000 7613.43488  5.12%   268 11795s
 445586 168003 7777.38969   86  312 8024.00000 7613.66156  5.11%   268 11823s
 447114 168056 7730.14410   80  370 8024.00000 7615.52674  5.09%   268 11850s
 448182 168800 infeasible  102      8024.00000 7617.26377  5.07%   269 11880s
 450357 169225 7715.07754   69  275 8024.00000 7618.93325  5.05%   269 11910s
 452240 170275 7771.30813  136  456 8024.00000 7618.93325  5.05%   269 11941s
 454375 170809 7755.49312   57  271 8024.00000 7622.45291  5.00%   269 11973s
 456117 172066 7699.88540   80  319 8024.00000 7624.14844  4.98%   269 12005s
 458392 173117 7774.83676  169  379 8024.00000 7626.56111  4.95%   269 12039s
 460932 174107 7750.08664   66  251 8024.00000 7628.92662  4.92%   269 12076s
 463322 173672 7668.17251   70  397 8024.00000 7631.03208  4.90%   269 12099s
 464305 176885 7655.04045   72  240 8024.00000 7631.03208  4.90%   269 12143s
 472958 176082 7645.66383   81  279 8024.00000 7632.68624  4.88%   266 12169s
 478078 175565 7673.13890  116  246 8024.00000 7634.70480  4.85%   265 12186s
 480738 175878 7668.39124   79  295 8024.00000 7635.32611  4.84%   264 12200s
 483821 176155 7667.73607   79  288 8024.00000 7636.03935  4.84%   263 12216s
 487004 175565 7650.21958   77  250 8024.00000 7636.69647  4.83%   262 12237s
 488936 176409 7651.45682   76  362 8024.00000 7636.76679  4.83%   261 12253s
 492880 176530 infeasible   91      8024.00000 7637.60067  4.82%   260 12269s
 497025 176473 7684.89676   62  247 8024.00000 7638.28983  4.81%   259 12308s
 500834 176414 7680.22105   69  421 8024.00000 7639.80994  4.79%   259 12337s
 503440 177373 7679.25318   68  330 8024.00000 7640.98893  4.77%   259 12382s
 508269 176645 7677.62069   77  105 8024.00000 7643.06888  4.75%   258 12411s
 510866 176558 7675.56584   61  383 8024.00000 7644.45013  4.73%   258 12435s
 513027 177226     cutoff   57      8024.00000 7645.30424  4.72%   258 12467s
 516193 176920 7672.20632   65  331 8024.00000 7646.32645  4.71%   258 12499s
 518505 177643 7687.26463   75  393 8024.00000 7647.53458  4.69%   258 12532s
 522259 177807 7672.23061   71  354 8024.00000 7648.63957  4.68%   257 12562s
 525754 177652     cutoff   60      8024.00000 7649.46685  4.67%   257 12595s
 528855 178091 7693.80996   65  373 8024.00000 7650.26954  4.66%   257 12631s
 532672 179116 7689.32058   54  320 8024.00000 7651.40869  4.64%   257 12666s
 537174 181270 7720.59075   75  266 8024.00000 7656.90876  4.57%   256 12709s
 542905 180315 7702.71686   65  354 8024.00000 7659.46201  4.54%   255 12728s
 544603 182003 7761.81063  118  275 8024.00000 7660.12191  4.53%   255 12753s
 548132 182901 7762.01436   49  289 8024.00000 7663.23746  4.50%   254 12774s
 551158 183950 7770.54622   56  331 8024.00000 7663.23746  4.50%   253 12796s
 554466 183392 7766.81966  111  259 8024.00000 7666.60886  4.45%   253 12817s
 555373 185003 7743.56084   77  271 8024.00000 7666.88879  4.45%   253 12840s
 558787 186370 7702.73547   73  393 8024.00000 7668.70287  4.43%   252 12864s
 562905 187818     cutoff   71      8024.00000 7670.65220  4.40%   252 12887s
 566876 190233 7750.04250   78  255 8024.00000 7672.13071  4.39%   251 12950s
 570255 191112 7758.76847   78  279 8024.00000 7674.00071  4.36%   251 12989s
 573050 192104     cutoff   59      8024.00000 7676.67408  4.33%   251 13029s
 575481 193701 7802.25009   78  366 8024.00000 7677.68527  4.32%   251 13071s
 578680 194940 7782.49178   59  201 8024.00000 7679.04085  4.30%   251 13114s
 581970 195485 7735.94469   60  355 8024.00000 7680.03045  4.29%   251 13161s
 584396 197117 7784.38954   77  384 8024.00000 7681.65182  4.27%   251 13206s
 587732 197657 7745.82419   65  117 8024.00000 7683.34548  4.25%   252 13254s
 590081 200326 7812.38321   75  370 8024.00000 7684.65846  4.23%   252 13305s
 594454 201491 7762.18954   61  289 8024.00000 7685.33106  4.22%   251 13351s
 597973 203838 7796.64765   72  259 8024.00000 7687.64047  4.19%   251 13416s
 602888 204381 7709.77850   98  307 8024.00000 7689.67239  4.17%   251 13442s
 608590 204986 7723.65075   85  116 8024.00000 7690.45631  4.16%   250 13466s
 614412 206111 7709.03433   81  295 8024.00000 7691.25437  4.15%   249 13483s
 617604 207097 7708.28122   64  237 8024.00000 7692.01181  4.14%   248 13501s
 620760 208249 infeasible   89      8024.00000 7692.55550  4.13%   248 13516s
 624257 209477 7704.40718   96  213 8024.00000 7692.88525  4.13%   247 13532s
 627637 210865 7714.90624   87  321 8024.00000 7693.46843  4.12%   246 13546s
 631229 211866 7717.28315   62  289 8024.00000 7693.97740  4.11%   245 13560s
 634654 212834     cutoff  103      8024.00000 7694.42245  4.11%   244 13575s
 638047 214570     cutoff   80      8024.00000 7694.81690  4.10%   244 13600s
 643600 215464 7710.65366   83  359 8024.00000 7695.46698  4.09%   243 13613s
 646834 217597     cutoff   63      8024.00000 7695.95381  4.09%   242 13665s
 652835 215966 7738.75798   62  275 8024.00000 7697.09018  4.07%   241 13696s
 654018 217216 7741.05754   98  319 8024.00000 7697.34996  4.07%   241 13727s
 658130 217282 7726.06850   64  319 8024.00000 7698.72565  4.05%   241 13757s
 662091 217510     cutoff   71      8024.00000 7699.55535  4.04%   241 13785s
 665851 217557 7737.52417   68  200 8024.00000 7700.29437  4.03%   241 13814s
 669613 217832 7728.78018   70  362 8024.00000 7701.04394  4.02%   240 13842s
 673404 219170 7725.16871   57  293 8024.00000 7701.93047  4.01%   240 13867s
 677365 221499     cutoff   59      8024.00000 7702.57132  4.01%   240 13912s
 683505 222669     cutoff   65      8024.00000 7703.55315  3.99%   239 13938s
 686851 223771 7722.06526   67  334 8024.00000 7704.45469  3.98%   239 13962s
 690020 224970 7732.78565   66  395 8024.00000 7705.04332  3.98%   239 13986s
 693465 228783 7794.21790   78  293 8024.00000 7705.64356  3.97%   238 14023s
 699855 230951 7751.74593   68  302 8024.00000 7708.19646  3.94%   238 14042s
 703214 233300 7783.40034   82  343 8024.00000 7709.38278  3.92%   237 14062s
 706520 235571 7777.26738   55  236 8024.00000 7710.45006  3.91%   237 14082s
 710093 237347 7784.55431   65  301 8024.00000 7711.87677  3.89%   236 14102s
 713469 239655 7782.37576   60  270 8024.00000 7713.39929  3.87%   236 14122s
 717081 240659 7803.61654   65  284 8024.00000 7714.20290  3.86%   235 14140s
 719033 242301 7798.43750   60  233 8024.00000 7714.20290  3.86%   235 14161s
 722499 245585 7804.84123   86  282 8024.00000 7715.78369  3.84%   235 14195s
 728058 247329 7804.04483   50  245 8024.00000 7717.22762  3.82%   234 14215s
 731075 249495 7748.50023   86  283 8024.00000 7717.93949  3.81%   234 14236s
 734627 251619 7748.04031   75  382 8024.00000 7718.21101  3.81%   234 14257s
 738033 254806     cutoff   67      8024.00000 7719.39211  3.80%   233 14318s
 742305 256126 7755.29008   60  200 8024.00000 7721.36572  3.77%   233 14367s
 745898 258297 7827.33053   71  281 8024.00000 7722.12225  3.76%   233 14415s
 749096 261087 7808.74391   88  128 8024.00000 7722.37821  3.76%   234 14459s
 752686 263533 7818.48933   63  283 8024.00000 7724.13771  3.74%   234 14501s
 756117 266031 7752.23596   53  221 8024.00000 7724.79437  3.73%   234 14550s
 759406 268523 7791.22585  131  363 8024.00000 7726.21916  3.71%   234 14595s
 762838 271232 7763.78629   70  274 8024.00000 7726.50112  3.71%   234 14655s
 766858 273273 7863.57085   94  226 8024.00000 7727.97296  3.69%   234 14703s
 770182 275251 7812.07869   82  379 8024.00000 7729.15023  3.67%   234 14754s
 772751 276884 7837.54177   66  212 8024.00000 7729.56366  3.67%   234 14803s
 775062 279775 7841.36644  122  247 8024.00000 7730.50746  3.66%   235 14855s
 779073 282375 7782.24939   59  416 8024.00000 7731.55756  3.64%   235 14906s
 782746 283003 infeasible   82      8024.00000 7731.95265  3.64%   235 14927s
 785814 284870 7734.15266   99  391 8024.00000 7732.32171  3.64%   234 14949s
 791759 286330 7749.32793   89  330 8024.00000 7732.82831  3.63%   233 14965s
 795851 287301     cutoff   72      8024.00000 7733.38376  3.62%   233 14979s
 799797 288201 infeasible   89      8024.00000 7733.75441  3.62%   232 14994s
 803337 289917 7758.60311   96  343 8024.00000 7734.11885  3.61%   232 15016s
 808884 290634 7755.91904   86  324 8024.00000 7734.64577  3.61%   231 15028s
 811969 291624 7748.81177  100  323 8024.00000 7734.95888  3.60%   230 15043s
 815442 292523 7754.96572   70  146 8024.00000 7735.28384  3.60%   230 15059s
 818755 293389     cutoff   71      8024.00000 7735.62161  3.59%   229 15072s
 822041 294284 7756.35237   92  296 8024.00000 7735.85943  3.59%   229 15086s
 825539 295035     cutoff   85      8024.00000 7736.23255  3.59%   228 15098s
 828806 295828 7747.01334   96  295 8024.00000 7736.50153  3.58%   228 15111s
 832211 297106 7756.64569   79  369 8024.00000 7736.87575  3.58%   227 15134s
 837709 299095     cutoff   72      8024.00000 7737.31005  3.57%   226 15175s
 843961 299994 7758.40679   68  298 8024.00000 7738.29786  3.56%   226 15197s
 846963 300921 7761.20642   70  320 8024.00000 7738.54232  3.56%   226 15221s
 849331 302163     cutoff   69      8024.00000 7739.04196  3.55%   225 15247s
 853115 304370 7754.84215   61  333 8024.00000 7739.57779  3.54%   225 15291s
 859451 305631 7746.92927   67  268 8024.00000 7740.54440  3.53%   225 15312s
 862777 306660 7748.88975   62  315 8024.00000 7740.99514  3.53%   224 15335s
 866000 307583 7758.55899   78  231 8024.00000 7741.51663  3.52%   224 15356s
 869358 308771 7750.59206   62  299 8024.00000 7741.97440  3.51%   224 15377s
 873115 309871 7773.00734   63  361 8024.00000 7742.41049  3.51%   224 15397s
 876727 310997 7768.62234   79  382 8024.00000 7742.84663  3.50%   223 15416s
 880152 311952 7754.51866   52  208 8024.00000 7743.30084  3.50%   223 15437s
 883379 313694 7767.98468   69  334 8024.00000 7743.65645  3.49%   223 15477s
 889745 317672     cutoff   52      8024.00000 7744.45241  3.48%   222 15508s
 895605 319511 7760.77809   59  308 8024.00000 7745.12905  3.48%   222 15526s
 898624 321665 7819.86600   72  283 8024.00000 7746.37175  3.46%   222 15546s
 901952 323708 7822.10017  124  320 8024.00000 7747.09829  3.45%   221 15566s
 905522 327365 7811.67344  146  280 8024.00000 7747.61659  3.44%   221 15600s
 911038 329497 7813.27353   72  313 8024.00000 7748.47137  3.43%   220 15620s
 914357 331548 7815.37225   71  222 8024.00000 7749.10439  3.43%   220 15639s
 917619 333726 7797.94990   60  264 8024.00000 7749.26686  3.42%   220 15658s
 921025 335422 7798.80715   49  253 8024.00000 7750.20360  3.41%   220 15677s
 924218 337754     cutoff   62      8024.00000 7750.71843  3.41%   219 15695s
 927651 339681 7819.60995   83  245 8024.00000 7751.26476  3.40%   219 15714s
 930816 340870 7762.41128   57  294 8024.00000 7751.61483  3.39%   219 15732s
 932627 343367 7811.95033   87  237 8024.00000 7751.67152  3.39%   219 15750s
 936451 346725     cutoff   46      8024.00000 7752.36137  3.39%   218 15780s
H941731 346725                    8023.0000000 7753.09575  3.36%   218 15780s
 941731 348599     cutoff   92      8023.00000 7753.09575  3.36%   218 15837s
 945355 350731 7814.66730   69  354 8023.00000 7754.17102  3.35%   218 15888s
 949063 352926     cutoff  110      8023.00000 7754.68071  3.34%   219 15935s
 952383 354060 7826.15896   91  292 8023.00000 7755.32132  3.34%   219 15992s
 954097 358970 7828.01041   75  171 8023.00000 7755.32132  3.34%   219 16092s
 961781 361202 7834.88286   88  287 8023.00000 7757.02021  3.32%   220 16143s
 965569 363898 7787.94275   75  317 8023.00000 7757.72367  3.31%   220 16193s
 969438 365753     cutoff   61      8023.00000 7758.24047  3.30%   220 16250s
 972215 368210 7806.56681   71  353 8023.00000 7758.83732  3.29%   220 16299s
 976090 370456 7853.03873   71  222 8023.00000 7759.35344  3.29%   221 16350s
 979387 371437 7798.91005   67  252 8023.00000 7759.97918  3.28%   221 16401s
 981726 373868 7795.15204   59  222 8023.00000 7760.07482  3.28%   221 16459s
 985818 376343 7865.22918   89  280 8023.00000 7760.63493  3.27%   221 16506s
 989424 378499 7829.03456   57  228 8023.00000 7761.28784  3.26%   222 16552s
 992718 379485 7779.19288   83  322 8023.00000 7761.62589  3.26%   222 16572s
 997695 380110     cutoff   70      8023.00000 7762.02097  3.25%   221 16585s
 1001011 380468 7780.26119   81  310 8023.00000 7762.37304  3.25%   221 16601s
 1002516 381103 7778.09966  105  269 8023.00000 7762.43945  3.25%   221 16616s
 1005948 381825 7774.71745   75  295 8023.00000 7762.64959  3.25%   220 16631s
 1009872 382056 7770.78915   95  290 8023.00000 7763.10430  3.24%   220 16644s
 1011995 382708 7783.60430   77  172 8023.00000 7763.36257  3.24%   219 16660s
 1015962 383540 7781.13297  108  268 8023.00000 7763.71620  3.23%   219 16674s
 1019802 384336 7772.35335   91  272 8023.00000 7764.01156  3.23%   219 16695s
 1024853 384786 7782.99863   83  224 8023.00000 7764.41241  3.22%   218 16707s
 1028251 385128 7775.07400   88  276 8023.00000 7764.73892  3.22%   218 16719s
 1030998 385128 7774.78569   69  369 8023.00000 7764.77097  3.22%   217 16720s
 1031722 385490     cutoff   76      8023.00000 7765.02020  3.22%   217 16731s
 1035008 385884 7780.44022  107  389 8023.00000 7765.30372  3.21%   217 16746s
 1037857 386179 7781.75548   87  324 8023.00000 7765.51024  3.21%   216 16760s
 1040887 386675 7779.76766   89  316 8023.00000 7765.70843  3.21%   216 16773s
 1044616 388370     cutoff   75      8023.00000 7766.03909  3.20%   216 16808s
 1050799 389230 7775.07920   62  350 8023.00000 7766.65883  3.20%   215 16828s
 1054425 390104 7797.13440   71  287 8023.00000 7767.24268  3.19%   215 16848s
 1057710 390842 7773.02537   62  302 8023.00000 7767.59134  3.18%   215 16867s
 1060959 391627 7777.38598   58  283 8023.00000 7767.88886  3.18%   215 16888s
 1064405 392509 7786.24002   66  349 8023.00000 7768.22257  3.18%   214 16909s
 1068103 394056 infeasible   64      8023.00000 7768.59687  3.17%   214 16944s
 1074303 394804 7788.81500  100  431 8023.00000 7769.12156  3.16%   214 16963s
 1077703 395613 7791.65985   70  192 8023.00000 7769.53957  3.16%   214 16982s
 1081200 396520 7792.87509   72  343 8023.00000 7769.89776  3.15%   213 17001s
 1084455 397333 7782.71097   64  279 8023.00000 7770.20691  3.15%   213 17019s
 1087771 398043     cutoff   62      8023.00000 7770.48544  3.15%   213 17037s
 1091140 398808 7794.95707   58  192 8023.00000 7770.82090  3.14%   213 17057s
 1094464 399414 7793.87086   80  252 8023.00000 7771.19538  3.14%   212 17075s
 1097832 402295     cutoff   76      8023.00000 7771.49833  3.13%   212 17106s
 1102708 403956 7818.12524   85  261 8023.00000 7772.02851  3.13%   212 17126s
 1105069 391781 7818.60899   86  252 8023.00000 7772.02851  3.13%   212 17147s
 1107428 391023 7822.27088   87  296 8023.00000 7772.47750  3.12%   212 17170s
 1111732 393272 7837.32081   79  276 8023.00000 7773.49023  3.11%   211 17192s
 1115896 395604 7834.66873   63  288 8023.00000 7774.08171  3.10%   211 17213s
 1119655 398069 7839.78234   58  251 8023.00000 7774.61220  3.10%   211 17232s
 1123312 401145 7832.65637  116  311 8023.00000 7775.06455  3.09%   211 17262s
 1128446 402739 7806.52780   57  248 8023.00000 7775.50493  3.08%   210 17281s
 1131441 404766 7840.68384   64  289 8023.00000 7776.01422  3.08%   210 17300s
 1134737 406687 7827.61932   80  289 8023.00000 7776.44225  3.07%   210 17319s
 1138146 408667 7840.64901   77  178 8023.00000 7776.70515  3.07%   210 17338s
 1141356 410590 7814.53005   75  294 8023.00000 7777.20940  3.06%   209 17356s
 1144683 412220 7841.14901   71   46 8023.00000 7777.42726  3.06%   209 17373s
 1147806 414202 7836.42047   48  305 8023.00000 7777.80702  3.06%   209 17392s
H1151306 414202                    8016.0000000 7777.97060  2.97%   209 17392s
 1151306 417058     cutoff   61      8016.00000 7777.97060  2.97%   209 17450s
 1155274 419464 7898.48457  169  365 8016.00000 7778.69044  2.96%   209 17498s
 1158780 421829 7866.31006   56  304 8016.00000 7779.20350  2.95%   209 17543s
 1162131 424337 7855.03644   93  361 8016.00000 7779.43796  2.95%   209 17588s
 1165550 426172     cutoff   67      8016.00000 7779.98374  2.94%   209 17631s
 1168840 427497 7874.42805  100  299 8016.00000 7780.10779  2.94%   210 17673s
 1171786 430028 7860.76326   61  210 8016.00000 7780.59450  2.94%   210 17732s
 1175949 432281 7855.82689  132  374 8016.00000 7781.67524  2.92%   210 17772s
 1179089 434313 7833.30023   70  223 8016.00000 7781.91276  2.92%   210 17815s
 1182201 436155 7886.06377   98  336 8016.00000 7782.18043  2.92%   211 17859s
 1185268 438555 7865.70748   71  292 8016.00000 7782.34319  2.91%   211 17903s
 1188872 441196 7847.10042   60  327 8016.00000 7782.89419  2.91%   211 17948s
 1192439 443983 7894.10768   71  218 8016.00000 7783.34185  2.90%   211 17991s
 1195992 445851 7841.68609   64  244 8016.00000 7783.44941  2.90%   211 18032s
 1199023 448071 7875.61979   87  424 8016.00000 7783.72292  2.90%   211 18076s
 1202388 448551 7800.62022   87   96 8016.00000 7783.97167  2.89%   211 18096s
 1207208 449021 7794.97022   76  143 8016.00000 7784.35189  2.89%   211 18116s
 1212268 449304 7790.98146   80  290 8016.00000 7784.73386  2.89%   210 18132s
 1215554 449557 7802.58828   94  312 8016.00000 7784.96059  2.88%   210 18147s
 1219100 449704 7800.43083   90  170 8016.00000 7785.19649  2.88%   210 18159s
 1222469 449879     cutoff   94      8016.00000 7785.48212  2.88%   209 18171s
 1225861 450018 7802.20689   94  241 8016.00000 7785.71106  2.87%   209 18183s
 1229438 450080     cutoff  116      8016.00000 7786.03053  2.87%   209 18196s
 1232794 450245 7798.23783   77  324 8016.00000 7786.27763  2.87%   208 18209s
 1236218 450377     cutoff  112      8016.00000 7786.52439  2.86%   208 18229s
 1241471 450465 7801.48516  114  396 8016.00000 7786.87867  2.86%   208 18241s
 1244702 450479 7801.08858   73  227 8016.00000 7787.07542  2.86%   207 18252s
 1248169 450408 7798.83653   75  332 8016.00000 7787.35786  2.85%   207 18265s
 1251531 450341     cutoff   87      8016.00000 7787.51970  2.85%   207 18277s
 1254795 451623 7811.57310   80  251 8016.00000 7787.76006  2.85%   206 18310s
 1261105 452217 7795.81805   60  328 8016.00000 7788.34125  2.84%   206 18330s
 1264475 452690 7807.13055   79  215 8016.00000 7788.68777  2.84%   206 18349s
 1267834 453139 7809.54878   72  180 8016.00000 7788.99027  2.83%   206 18367s
 1270953 453381 7804.77064   67  363 8016.00000 7789.29102  2.83%   205 18385s
 1273311 453726     cutoff   69      8016.00000 7789.36189  2.83%   205 18406s
 1276060 454244 7803.77551   60  348 8016.00000 7789.46739  2.83%   205 18426s
 1279266 454850 7798.50098   66  407 8016.00000 7789.90628  2.82%   205 18448s
 1282847 455237     cutoff   59      8016.00000 7790.35133  2.81%   205 18469s
 1286339 455668     cutoff   71      8016.00000 7790.63046  2.81%   205 18502s
 1292135 455957 infeasible   65      8016.00000 7791.18633  2.80%   204 18521s
 1295554 456141 7801.49067   76  169 8016.00000 7791.46410  2.80%   204 18539s
 1298828 456144 7810.62895   62  240 8016.00000 7791.72871  2.80%   204 18558s
 1299398 456514     cutoff   65      8016.00000 7791.84704  2.80%   204 18581s
 1302001 456710 7804.07002   77  357 8016.00000 7791.87169  2.80%   204 18600s
 1306021 459179 7819.15797   51  283 8016.00000 7792.40305  2.79%   204 18627s
 1310707 458662 7810.16798   67  288 8016.00000 7792.81284  2.78%   204 18655s
 1315436 460619 7854.19731  132  312 8016.00000 7793.26796  2.78%   203 18672s
 1318779 462857 7842.15125   88  287 8016.00000 7793.75126  2.77%   203 18691s
 1322209 464487 7851.76184   79  329 8016.00000 7794.08536  2.77%   203 18710s
 1325470 466620 7829.24597   74  270 8016.00000 7794.28822  2.77%   203 18727s
 1328819 468697 7835.77161   75  248 8016.00000 7794.63275  2.76%   203 18744s
 1332208 470782 7832.06169   55  261 8016.00000 7794.89646  2.76%   202 18765s
 1335580 472986 7818.96060   66  285 8016.00000 7795.13632  2.76%   202 18782s
 1338909 474822 7820.92346   55  296 8016.00000 7795.37923  2.75%   202 18801s
 1342157 462102 7820.10841   81  350 8016.00000 7795.43129  2.75%   202 18829s
 1346988 463519 7845.16442   74  325 8016.00000 7796.03876  2.74%   202 18847s
 1350076 465579 7848.27438  104  338 8016.00000 7796.45214  2.74%   202 18865s
 1353546 467410 7848.11022   73  252 8016.00000 7796.72909  2.74%   201 18882s
H1356661 467410                    8011.0000000 7796.94391  2.67%   201 18882s
 1356661 470198 7814.19651   66  344 8011.00000 7796.94391  2.67%   201 18937s
 1360757 472778 7840.49067   90  246 8011.00000 7797.16380  2.67%   201 18980s
 1364450 475286 7867.84033  142  118 8011.00000 7797.16380  2.67%   202 19019s
 1367791 476706 7882.20564   63  299 8011.00000 7797.94160  2.66%   202 19058s
 1370379 478268 7901.36630   93  427 8011.00000 7798.12324  2.66%   202 19100s
 1373374 480103 7835.26374   56  252 8011.00000 7798.51212  2.65%   202 19141s
 1376714 482394 7866.35819   71  379 8011.00000 7799.01060  2.65%   202 19181s
 1380091 485211 7882.94477  105  417 8011.00000 7799.41006  2.64%   202 19223s
 1383678 487917 7870.79492  171  361 8011.00000 7799.62946  2.64%   202 19262s
 1387139 491201 7889.57034  119  247 8011.00000 7799.81753  2.64%   202 19313s
 1391429 492673 7845.72094  109  462 8011.00000 7800.12814  2.63%   203 19353s
 1393350 495553 7884.46877  156  381 8011.00000 7800.28559  2.63%   203 19399s
 1397219 496234 7878.46977   68  359 8011.00000 7800.59156  2.63%   203 19445s
 1398206 499066     cutoff   81      8011.00000 7800.59156  2.63%   203 19492s
 1402192 501651 7883.63079  197  404 8011.00000 7800.83861  2.62%   203 19534s
 1406040 503205 7871.73222  110  436 8011.00000 7801.18242  2.62%   203 19576s
 1408772 503125 infeasible   94      8011.00000 7801.51749  2.61%   203 19593s
 1413969 503053 7813.47702   76  355 8011.00000 7801.86369  2.61%   203 19604s
 1417329 502991     cutoff   84      8011.00000 7802.10331  2.61%   203 19615s
 1420779 502836     cutoff   71      8011.00000 7802.32390  2.60%   202 19633s
 1426317 502671     cutoff   86      8011.00000 7802.60380  2.60%   202 19643s
 1429622 502391     cutoff   82      8011.00000 7802.85451  2.60%   202 19654s
 1432860 501970 7813.54224   98  290 8011.00000 7803.03892  2.60%   201 19664s
 1436303 501753     cutoff   87      8011.00000 7803.32072  2.59%   201 19674s
 1439552 501398 7814.78579  107  313 8011.00000 7803.51932  2.59%   201 19685s
 1443088 500901 7813.95749   93  331 8011.00000 7803.77938  2.59%   200 19695s
 1446044 500557 7815.04432   61   73 8011.00000 7803.93227  2.58%   200 19706s
 1448289 500090 infeasible   98      8011.00000 7804.05089  2.58%   200 19717s
 1451652 499394     cutoff   98      8011.00000 7804.20265  2.58%   200 19728s
 1455578 498742     cutoff   95      8011.00000 7804.55885  2.58%   199 19738s
 1459292 498935     cutoff   73      8011.00000 7804.78358  2.57%   199 19766s
 1465213 498942 7814.86692   78  255 8011.00000 7805.28898  2.57%   199 19782s
 1468511 499023     cutoff   72      8011.00000 7805.68050  2.56%   199 19800s
 1471843 498965 7820.25386   86  216 8011.00000 7805.95737  2.56%   199 19817s
 1475292 498968 7816.89480   78  301 8011.00000 7806.28929  2.56%   198 19834s
 1478701 498891 7816.36525   64  318 8011.00000 7806.56627  2.55%   198 19865s
 1485156 498758     cutoff   78      8011.00000 7807.02810  2.55%   198 19880s
 1488448 498814     cutoff   69      8011.00000 7807.34566  2.54%   198 19897s
 1491720 498776     cutoff   65      8011.00000 7807.63263  2.54%   198 19912s
 1494937 498384 7823.97238   74  104 8011.00000 7807.84992  2.54%   197 19928s
 1497537 498132     cutoff   61      8011.00000 7808.09500  2.53%   197 19944s
 1500950 497507 7824.64231   78  270 8011.00000 7808.40069  2.53%   197 19961s
 1504357 497460 7822.91671   84  268 8011.00000 7808.75243  2.52%   197 19976s
 1504567 497020 7823.57643   85  261 8011.00000 7808.76876  2.52%   197 19992s
 1507500 496358     cutoff   66      8011.00000 7808.93830  2.52%   197 20010s
 1511156 499072 7858.00025   80  243 8011.00000 7809.38535  2.52%   197 20036s
 1515857 500886 7843.60303   68  229 8011.00000 7809.76727  2.51%   197 20053s
 1519161 502579 7838.25377   57  239 8011.00000 7810.00997  2.51%   196 20070s
 1522426 504375 7819.59075   76  325 8011.00000 7810.33524  2.50%   196 20087s
 1525621 507065 7855.17455   63  291 8011.00000 7810.52496  2.50%   196 20113s
 1530586 508772 7828.45945   68  293 8011.00000 7810.83317  2.50%   196 20129s
 1533579 510892 7827.13891   64  289 8011.00000 7811.17382  2.49%   196 20146s
 1536866 512306 7858.96226   99  283 8011.00000 7811.41347  2.49%   196 20163s
 1540319 513921 7863.17595   72  254 8011.00000 7811.58201  2.49%   196 20180s
 1543495 515581 7840.41894   65  301 8011.00000 7811.88137  2.49%   195 20197s
 1546677 517222 7848.22652   80  337 8011.00000 7812.15016  2.48%   195 20214s
 1549986 519143 7851.44598   65  239 8011.00000 7812.35657  2.48%   195 20230s
 1553169 520642 7820.17033   60  309 8011.00000 7812.47171  2.48%   195 20246s
 1556431 523278     cutoff   59      8011.00000 7812.79431  2.47%   195 20270s
 1561048 525103 7838.07723   61  362 8011.00000 7813.02476  2.47%   195 20287s
 1564440 527454 7889.50362   97  402 8011.00000 7813.30102  2.47%   195 20337s
 1568326 528034 7920.79950  175  423 8011.00000 7813.34080  2.47%   195 20379s
 1569134 531295 7925.92876   92  261 8011.00000 7813.34080  2.47%   195 20433s
 1573560 534984 7819.05558   67  380 8011.00000 7813.73273  2.46%   195 20487s
 1578248 536526     cutoff   64      8011.00000 7813.79915  2.46%   195 20526s
 1580942 538599 7841.37208   61  276 8011.00000 7814.18999  2.46%   195 20566s
 1583954 540126 7920.40342   98  249 8011.00000 7814.31481  2.46%   195 20607s
 1586684 541895 7889.33560   79  293 8011.00000 7814.64498  2.45%   195 20648s
 1589854 543890 7900.12475   85  115 8011.00000 7814.73609  2.45%   196 20690s
 1593225 545960 7873.69190  117  268 8011.00000 7814.73609  2.45%   196 20730s
 1596720 548399 7858.75996   96  380 8011.00000 7815.14439  2.44%   196 20770s
 1599833 550672     cutoff   75      8011.00000 7815.28095  2.44%   196 20811s
 1603017 553131 7834.93794   66  361 8011.00000 7815.38970  2.44%   196 20863s
 1606834 555695 7889.98784   62  217 8011.00000 7815.74207  2.44%   196 20909s
 1610648 557991 7858.16745  117  526 8011.00000 7815.92082  2.44%   196 20949s
 1613931 559299 7898.61462  222  479 8011.00000 7815.98841  2.43%   196 20990s
 1616107 558211     cutoff   75      8011.00000 7816.03975  2.43%   197 21006s
 1622115 557632 7826.04472  115   96 8011.00000 7816.33207  2.43%   196 21015s
 1625291 556932     cutoff   90      8011.00000 7816.48139  2.43%   196 21025s
 1628632 556134 7826.79472   82   64 8011.00000 7816.69672  2.43%   196 21035s
 1631798 556095 7823.23625   79  222 8011.00000 7816.89709  2.42%   195 21045s
 1631901 555968 7824.03336   80  145 8011.00000 7816.89709  2.42%   195 21056s
 1632486 555205 7823.36417   75  110 8011.00000 7816.92898  2.42%   195 21066s
 1635519 554331 7821.43160  103  255 8011.00000 7817.04472  2.42%   195 21076s
 1639398 553344     cutoff   95      8011.00000 7817.35648  2.42%   195 21086s
 1643107 552306 7818.88211  104  433 8011.00000 7817.55447  2.41%   195 21096s
 1646919 551312     cutoff  100      8011.00000 7817.80663  2.41%   194 21105s
 1650556 550219 7824.39121   74  202 8011.00000 7818.01983  2.41%   194 21114s
 1654202 549071     cutoff  100      8011.00000 7818.24169  2.41%   194 21123s
 1657749 547953     cutoff  101      8011.00000 7818.45390  2.40%   193 21132s
 1661248 546750 7824.16206   80  413 8011.00000 7818.65403  2.40%   193 21142s
 1664819 545608 7827.52111  105  347 8011.00000 7818.85577  2.40%   193 21152s
 1667632 544435 7828.50485   72  371 8011.00000 7819.01522  2.40%   193 21178s
 1674012 543842 infeasible   62      8011.00000 7819.53082  2.39%   192 21194s
 1676504 543241     cutoff   73      8011.00000 7819.71505  2.39%   192 21209s
 1680161 542425     cutoff   75      8011.00000 7820.01328  2.38%   192 21225s
 1683592 541586 7834.43709   60  272 8011.00000 7820.33681  2.38%   192 21241s
 1687022 540595     cutoff   71      8011.00000 7820.70086  2.38%   192 21256s
 1690414 539618 7833.21385   64  241 8011.00000 7821.06468  2.37%   192 21271s
 1693871 538584 7825.88704   68  434 8011.00000 7821.35176  2.37%   192 21285s
 1697139 537208     cutoff   80      8011.00000 7821.68294  2.36%   191 21299s
 1700469 535739     cutoff   75      8011.00000 7822.03220  2.36%   191 21315s
 1703726 534261 7834.73054   88  372 8011.00000 7822.37968  2.35%   191 21330s
 1706985 532480 infeasible  107      8011.00000 7822.68628  2.35%   191 21345s
 1710515 530759     cutoff   81      8011.00000 7823.08794  2.35%   191 21360s
 1714044 528881 7833.89585   74  373 8011.00000 7823.46601  2.34%   191 21376s
 1717765 530188 7850.71693   78  287 8011.00000 7823.88552  2.34%   190 21400s
 1720133 533488 7872.85959   86  332 8011.00000 7824.04723  2.33%   190 21430s
 1726434 535595 7861.69194   69  258 8011.00000 7824.38703  2.33%   190 21450s
 1730405 522434 7833.06960   67  333 8011.00000 7824.71193  2.33%   190 21469s
 1734203 524107 7867.26163   75  256 8011.00000 7824.95647  2.32%   190 21486s
 1737741 526109 7866.15705   84  168 8011.00000 7825.15906  2.32%   190 21504s
 1741421 528518 7851.16161   78  274 8011.00000 7825.38803  2.32%   190 21528s
 1746333 529785 7842.21535   80  327 8011.00000 7825.68837  2.31%   189 21547s
 1749229 524184 7850.53067   70  305 8011.00000 7825.85963  2.31%   189 21562s
 1749336 524216 7852.20487   71  321 8011.00000 7825.85963  2.31%   189 21578s
 1749402 524973 7866.06234   83  277 8011.00000 7825.85963  2.31%   189 21595s
 1751192 526939 7858.56673   76  274 8011.00000 7825.88180  2.31%   189 21614s
 1754926 528481 7869.91683   64  271 8011.00000 7826.21952  2.31%   189 21633s
 1758810 530200 7852.22790   73  312 8011.00000 7826.50577  2.30%   189 21650s
 1762435 531728 7844.18526   65  367 8011.00000 7826.70586  2.30%   189 21668s
 1765994 533305 7861.41130   73  323 8011.00000 7826.94144  2.30%   189 21686s
H1769483 533305                    8007.0000000 7827.20480  2.25%   189 21686s
 1769483 536301 7857.46006   75  332 8007.00000 7827.20480  2.25%   189 21733s
 1773496 538615     cutoff   61      8007.00000 7827.57154  2.24%   189 21770s
 1776867 541106 7881.91246   71  269 8007.00000 7827.80374  2.24%   189 21809s
 1780240 543429 7893.64821   65  451 8007.00000 7828.06597  2.23%   189 21846s
 1783755 545037 7878.57136   67  274 8007.00000 7828.08040  2.23%   189 21884s
 1786514 547420 7915.64236   69  219 8007.00000 7828.31996  2.23%   189 21934s
 1790643 549928 7886.63865  135  358 8007.00000 7828.31996  2.23%   189 21971s
 1794297 552490 7914.03403   98  329 8007.00000 7828.69148  2.23%   189 22007s
 1797620 553971 7919.97740   96  229 8007.00000 7828.91521  2.22%   190 22041s
 1799890 555878 7893.20325   79  312 8007.00000 7828.93539  2.22%   190 22084s
 1803029 558120 7872.40965   59  322 8007.00000 7829.05375  2.22%   190 22124s
 1806375 560412 7860.95768   77  233 8007.00000 7829.39587  2.22%   190 22164s
 1807194 560412 7854.44816   68  296 8007.00000 7829.39587  2.22%   190 22165s
 1809503 562639 7904.86442  146  327 8007.00000 7829.42862  2.22%   190 22207s
 1812880 565054 7878.95044   96  314 8007.00000 7829.56605  2.22%   190 22246s
 1816038 567831 7891.62972   64  252 8007.00000 7829.70672  2.21%   190 22295s
 1820227 565671 7835.16197   98   89 8007.00000 7829.86776  2.21%   190 22309s
 1826041 564244 infeasible   85      8007.00000 7830.19541  2.21%   190 22318s
 1829470 562767 7833.64726   72   23 8007.00000 7830.43859  2.21%   190 22327s
 1833188 561068 7835.27056   87  264 8007.00000 7830.66299  2.20%   189 22335s
 1836679 559402     cutoff   96      8007.00000 7830.89879  2.20%   189 22345s
 1840212 557592 7837.65935   93  307 8007.00000 7831.12892  2.20%   189 22353s
 1843889 555710 infeasible  103      8007.00000 7831.32315  2.19%   189 22361s
 1847708 553885 7834.98060   88  111 8007.00000 7831.58060  2.19%   188 22368s
 1851326 551867 7836.67393   88   70 8007.00000 7831.76736  2.19%   188 22376s
 1855000 549743     cutoff   94      8007.00000 7832.04012  2.19%   188 22384s
 1858719 548086 7838.14726   80   42 8007.00000 7832.24726  2.18%   188 22391s
 1861398 546180     cutoff   95      8007.00000 7832.39699  2.18%   187 22398s
 1864530 543650     cutoff  110      8007.00000 7832.55401  2.18%   187 22407s
 1868643 541029     cutoff   97      8007.00000 7832.92365  2.17%   187 22414s
 1872694 537969     cutoff   72      8007.00000 7833.21762  2.17%   187 22433s
 1878024 536205     cutoff   73      8007.00000 7833.85633  2.16%   186 22446s
 1881175 534323     cutoff   80      8007.00000 7834.06867  2.16%   186 22459s
 1884325 532035 7843.77040   91   90 8007.00000 7834.28988  2.16%   186 22472s
 1888101 529391 infeasible   75      8007.00000 7834.78411  2.15%   186 22485s
 1892231 526545 7839.08920   63   87 8007.00000 7835.19592  2.15%   186 22499s
 1896492 523178     cutoff   64      8007.00000 7835.66519  2.14%   185 22513s
 1901314 519410     cutoff   79      8007.00000 7836.12800  2.13%   185 22527s
 1906514 515244     cutoff   79      8007.00000 7836.67296  2.13%   185 22542s
 1912042 510169 7841.72370   62  457 8007.00000 7837.13128  2.12%   184 22557s
 1918386 504324     cutoff   64      8007.00000 7837.92430  2.11%   184 22571s
 1925649 506497 7877.57528   56  153 8007.00000 7838.76156  2.10%   183 22593s
 1930227 508914 7851.27227   51  273 8007.00000 7839.01522  2.10%   183 22620s
 1935162 510494 7878.16183   80  278 8007.00000 7839.25732  2.09%   183 22637s
 1938317 511978 7858.05267   67  349 8007.00000 7839.46148  2.09%   183 22653s
 1941589 513631 7844.93620   56  217 8007.00000 7839.69209  2.09%   183 22672s
 1944860 515135 7860.43274   58  319 8007.00000 7839.82461  2.09%   183 22689s
 1947950 516554 7878.07791   84  322 8007.00000 7839.98569  2.09%   183 22705s
 1951110 517778 7855.50340   60  273 8007.00000 7840.16072  2.08%   183 22721s
 1954302 519337 7852.13269   69  386 8007.00000 7840.28528  2.08%   183 22736s
 1957488 520280 7854.58002   57  299 8007.00000 7840.42369  2.08%   183 22753s
 1959556 520307 7868.12323   53  288 8007.00000 7840.52650  2.08%   182 22776s
 1959596 534846 7869.46326   54  294 8007.00000 7840.52650  2.08%   182 22971s
 1991596 536971 7871.62233   80  392 8007.00000 7841.75263  2.06%   182 23019s
 1995128 539811 7883.06718   99  359 8007.00000 7841.87100  2.06%   182 23065s
 1998977 542483 7902.57757  124  340 8007.00000 7841.90900  2.06%   182 23105s
 2002448 545058 7914.07229  163  326 8007.00000 7842.39089  2.06%   182 23146s
 2005962 547882     cutoff   58      8007.00000 7842.39089  2.06%   182 23187s
 2009550 550097 7917.60169  166  423 8007.00000 7842.65166  2.05%   182 23229s
 2012820 551744 7895.46154   78  352 8007.00000 7842.79695  2.05%   182 23271s
 2015859 553612 7940.93009   74  318 8007.00000 7842.98173  2.05%   182 23311s
 2018999 556749     cutoff  118      8007.00000 7843.02498  2.05%   182 23358s
 2023359 558905 7906.62017  175  452 8007.00000 7843.25720  2.04%   182 23394s
 2026486 561179     cutoff  109      8007.00000 7843.35362  2.04%   183 23431s
 2029693 563589 7932.51491  133  336 8007.00000 7843.41341  2.04%   183 23467s
 2032843 565814 7925.83723   87  348 8007.00000 7843.42895  2.04%   183 23508s
 2035939 567782 7906.23141   66  362 8007.00000 7843.71986  2.04%   183 23545s
 2038817 569969 7916.55764   62  348 8007.00000 7843.95881  2.04%   183 23585s
 2041742 566262     cutoff   98      8007.00000 7843.98284  2.04%   183 23596s
 2047442 563325     cutoff   88      8007.00000 7844.44040  2.03%   183 23604s
 2051776 559757     cutoff   80      8007.00000 7844.68319  2.03%   182 23613s
 2056710 555449     cutoff   96      8007.00000 7845.05290  2.02%   182 23621s
 2062340 550452     cutoff  107      8007.00000 7845.49175  2.02%   181 23631s
 2068853 550069     cutoff  101      8007.00000 7846.00130  2.01%   181 23640s
 2069295 549948 7847.93641  113  231 8007.00000 7846.02122  2.01%   181 23649s
 2069470 549147     cutoff  114      8007.00000 7846.09693  2.01%   181 23659s
 2070452 547872 7848.22797  106  252 8007.00000 7846.12069  2.01%   181 23670s
 2072031 545448 7848.39551  107  223 8007.00000 7846.15247  2.01%   181 23681s
 2074942 542380 7848.76223  108  220 8007.00000 7846.18766  2.01%   181 23690s
 2078459 539234     cutoff  109      8007.00000 7846.21366  2.01%   180 23698s
 2082039 537395     cutoff  100      8007.00000 7846.27844  2.01%   180 23704s
 2084098 536769     cutoff   89      8007.00000 7846.41830  2.01%   180 23707s
 2084807 536681     cutoff   80      8007.00000 7846.81796  2.00%   180 23710s
 2084908 530203     cutoff   63      8007.00000 7850.42225  1.96%   180 23726s
 2092640 523118     cutoff  110      8007.00000 7851.37471  1.94%   179 23738s
 2100628 515555     cutoff   67      8007.00000 7852.28363  1.93%   179 23751s
 2108870 509666     cutoff   70      8007.00000 7853.37129  1.92%   178 23758s
 2115085 507731     cutoff   77      8007.00000 7854.84100  1.90%   178 23761s
 2117044 509738 infeasible   74      8007.00000 7857.72681  1.86%   178 23789s
 2121624 511175 7887.40811  104  332 8007.00000 7857.83557  1.86%   177 23804s
 2125072 512557 7879.85501   56  202 8007.00000 7858.01872  1.86%   177 23820s
 2128192 513857 7889.00501   71  154 8007.00000 7858.12330  1.86%   177 23837s
 2131512 515329 7883.21649   86  253 8007.00000 7858.30817  1.86%   177 23854s
 2134818 516717 7876.04615   56  352 8007.00000 7858.45979  1.86%   177 23870s
 2138053 517993 7889.42499   63  353 8007.00000 7858.58883  1.85%   177 23887s
 2141369 519443 7894.12558   77  256 8007.00000 7858.74898  1.85%   177 23903s
 2144796 521042 7896.55501   68  111 8007.00000 7858.84209  1.85%   177 23919s
 2147971 523059 7884.26576   71  299 8007.00000 7859.04725  1.85%   177 23946s
 2152454 524162     cutoff   52      8007.00000 7859.19742  1.85%   177 23964s
 2155804 525781 7885.57168   75  189 8007.00000 7859.36649  1.84%   177 23980s
 2159169 527151 7897.55717   82  280 8007.00000 7859.49286  1.84%   177 23995s
 2162550 528649 7886.61822   50  230 8007.00000 7859.63835  1.84%   177 24010s
 2165802 529832 7897.18928   88  385 8007.00000 7859.78014  1.84%   176 24026s
 2169202 531829 7949.68735   68  374 8007.00000 7859.91170  1.84%   176 24071s
 2172329 533252 7943.80202   74  309 8007.00000 7860.13221  1.83%   177 24125s
 2175070 536466 7871.06728   78  403 8007.00000 7860.21971  1.83%   177 24176s
 2179590 538509 7957.57970  243  376 8007.00000 7860.34305  1.83%   177 24224s
 2183168 540627 7955.49100   82  206 8007.00000 7860.48655  1.83%   177 24266s
 2186695 541100 7943.97406  101  286 8007.00000 7860.74139  1.83%   177 24304s
 2187373 543775 infeasible  102      8007.00000 7860.74139  1.83%   177 24350s
 2190877 547046 7964.27946   76  273 8007.00000 7860.87112  1.83%   177 24395s
 2195108 549359 7896.53324   66  332 8007.00000 7860.94122  1.82%   177 24438s
 2198609 552005 7938.55886  131  289 8007.00000 7861.04576  1.82%   177 24484s
 2202292 554780 7911.75317   67  262 8007.00000 7861.30205  1.82%   177 24525s
 2206263 557440 7927.10589   64  369 8007.00000 7861.42498  1.82%   178 24565s
 2209808 559256 7945.71511  124  398 8007.00000 7861.52143  1.82%   178 24614s
 2213277 561671 7956.31053  120  335 8007.00000 7861.74321  1.81%   178 24657s
 2216889 563988 7954.31267   71  252 8007.00000 7861.79880  1.81%   178 24697s
 2220532 565719     cutoff   98      8007.00000 7861.95824  1.81%   178 24719s
 2225031 567000 7897.68958   81  274 8007.00000 7862.13301  1.81%   178 24735s
 2228463 569083 infeasible   52      8007.00000 7862.29796  1.81%   178 24760s
 2233102 570588 7883.14033   56  295 8007.00000 7862.48495  1.80%   178 24777s
 2236379 572038     cutoff   67      8007.00000 7862.62568  1.80%   178 24793s
 2239674 573220 7893.17500   92  251 8007.00000 7862.76610  1.80%   178 24810s
 2242861 574622 7880.31242   68  306 8007.00000 7862.87989  1.80%   178 24825s
 2246064 576139 infeasible  106      8007.00000 7863.02544  1.80%   177 24841s
 2249477 577248 7874.98772   52  335 8007.00000 7863.13122  1.80%   177 24857s
 2252663 578393 infeasible   58      8007.00000 7863.28313  1.79%   177 24873s
 2256130 579605 7885.81131   72  283 8007.00000 7863.41385  1.79%   177 24888s
 2259433 581607 7868.02834   70  255 8007.00000 7863.54243  1.79%   177 24910s
 2263963 582967 7888.10550   62  229 8007.00000 7863.69020  1.79%   177 24925s
 2267176 584323 7896.75367   93  270 8007.00000 7863.81722  1.79%   177 24940s
 2270576 586718 7950.50630   82  392 8007.00000 7863.95027  1.79%   177 24985s
 2274276 589408 7923.74279   75  295 8007.00000 7864.00408  1.79%   177 25025s
 2277957 592108     cutoff   99      8007.00000 7864.05132  1.79%   177 25064s
 2281470 594393 7968.24872  107  122 8007.00000 7864.21996  1.78%   177 25100s
 2284756 596710 7891.35741  105  362 8007.00000 7864.32229  1.78%   177 25141s
 2288134 598474 7949.38305  153  333 8007.00000 7864.50308  1.78%   177 25184s
 2290991 600718 7926.41078   60  329 8007.00000 7864.61286  1.78%   177 25232s
 2294399 603055 7890.82650   70  304 8007.00000 7864.69902  1.78%   178 25276s
 2297893 605436 7895.63042  106  357 8007.00000 7864.83292  1.78%   178 25319s
 2301438 607803 7931.51911  230  413 8007.00000 7864.86678  1.78%   178 25360s
 2304962 608112 7885.49732   76  391 8007.00000 7864.99047  1.77%   178 25402s
 2305432 609965 7885.49732   77  394 8007.00000 7864.99047  1.77%   178 25447s
 2307762 613085 7899.96051   89  351 8007.00000 7865.07387  1.77%   178 25495s
 2311847 615475 7924.46637   85  292 8007.00000 7865.26448  1.77%   178 25539s
 2313772 615475 7962.45930  280  435 8007.00000 7865.27174  1.77%   178 25540s
 2315090 617402     cutoff   63      8007.00000 7865.29758  1.77%   178 25585s
 2318063 619067 7952.96206  187  378 8007.00000 7865.39472  1.77%   178 25632s
 2320607 620739 7890.24313   67  383 8007.00000 7865.42239  1.77%   178 25653s
 2324949 622136 7883.02820   68  276 8007.00000 7865.56662  1.77%   178 25668s
 2328250 623516 7900.94316   66  231 8007.00000 7865.68877  1.76%   178 25686s
 2331672 624697 7892.82659   81  277 8007.00000 7865.82083  1.76%   178 25701s
 2335073 626144 7890.69030   68  230 8007.00000 7865.91816  1.76%   178 25717s
 2338508 627785 7898.71641  108  295 8007.00000 7866.04141  1.76%   178 25740s
 2342931 628960 7877.36989   63  186 8007.00000 7866.18045  1.76%   178 25759s
 2346221 630310 7891.65701   59  167 8007.00000 7866.32506  1.76%   178 25774s
 2349638 631512 7886.15171   95  301 8007.00000 7866.46966  1.76%   178 25789s
 2352819 632503 7898.82560   86  255 8007.00000 7866.54287  1.75%   178 25805s
 2356188 633579     cutoff   57      8007.00000 7866.65499  1.75%   177 25820s
 2359449 634870 7889.27795   64  203 8007.00000 7866.77032  1.75%   177 25837s
 2362745 636167 7895.27752   57  178 8007.00000 7866.90751  1.75%   177 25855s
 2366008 637364 7874.52007   64  314 8007.00000 7866.99941  1.75%   177 25871s
 2369179 638856 7890.01790   48  269 8007.00000 7867.11946  1.75%   177 25895s
 2373495 641616 7927.02366  128  460 8007.00000 7867.26520  1.75%   177 25943s
 2377325 644021 7887.59831   85  408 8007.00000 7867.27160  1.75%   177 25984s
 2380707 646812 7967.28717   84  369 8007.00000 7867.60783  1.74%   177 26022s
 2384360 649384 7877.95311   83  306 8007.00000 7867.70179  1.74%   177 26061s
 2387672 651891 7927.61342  158  192 8007.00000 7867.79031  1.74%   177 26100s
 2391291 653882 7939.69095   76  271 8007.00000 7867.82139  1.74%   177 26140s
 2394246 654082 7946.78139   86  431 8007.00000 7867.94319  1.74%   178 26180s
 2394558 656221 7947.99028   87  452 8007.00000 7867.95806  1.74%   178 26220s
 2397621 659013 7924.97844  123  360 8007.00000 7868.12787  1.73%   178 26263s
 2401278 661316     cutoff   63      8007.00000 7868.21228  1.73%   178 26303s
 2404531 663036 7943.88327  112  307 8007.00000 7868.32068  1.73%   178 26353s
 2407911 665054 7934.55477  114  437 8007.00000 7868.43178  1.73%   178 26397s
 2411684 667391 7899.17163   62  357 8007.00000 7868.49369  1.73%   178 26440s
 2415123 669768 7927.80701  151  246 8007.00000 7868.69096  1.73%   178 26483s
 2418603 672538 7944.35532   70  295 8007.00000 7868.76130  1.73%   178 26526s
 2422255 674581 7913.55847  129  444 8007.00000 7868.83489  1.73%   178 26565s
 2425249 676204     cutoff   78      8007.00000 7868.87774  1.73%   178 26586s
 2429552 677746     cutoff   66      8007.00000 7869.04463  1.72%   178 26602s
 2433082 678971 7885.92316   60  260 8007.00000 7869.14955  1.72%   178 26618s
 2436265 680269 7894.70407   75  223 8007.00000 7869.26098  1.72%   178 26635s
 2439457 681455 7896.95721   89  278 8007.00000 7869.36849  1.72%   178 26652s
 2442847 682845 7897.57742   83  241 8007.00000 7869.47242  1.72%   178 26667s
 2446158 684192     cutoff   64      8007.00000 7869.57389  1.72%   178 26683s
 2449377 685451 7896.66739   66  252 8007.00000 7869.66073  1.72%   178 26700s
 2452734 687027 7894.07455   79  172 8007.00000 7869.79100  1.71%   178 26723s
 2457151 687953 7888.32915   61  297 8007.00000 7869.90663  1.71%   178 26741s
 2460639 689011 7902.66826   66  322 8007.00000 7870.01954  1.71%   178 26758s
 2463726 690239 7893.97121   80  251 8007.00000 7870.11637  1.71%   178 26773s
 2467019 691488     cutoff   61      8007.00000 7870.21055  1.71%   177 26788s
 2470312 692611     cutoff   59      8007.00000 7870.30820  1.71%   177 26803s
 2473524 693765 7903.14097   71  210 8007.00000 7870.40374  1.71%   177 26819s
 2476860 696600 7882.91113   62  323 8007.00000 7870.51380  1.70%   177 26861s
 2480801 698642 7967.07574   65  291 8007.00000 7870.67087  1.70%   177 26899s
 2484179 700560     cutoff   64      8007.00000 7870.79554  1.70%   177 26937s
 2487306 703466     cutoff   63      8007.00000 7870.90283  1.70%   178 26985s
 2491488 705817 7955.28035  103  350 8007.00000 7870.99550  1.70%   178 27023s
 2494617 707941 7949.84370   97  427 8007.00000 7871.07009  1.70%   178 27060s
 2497769 710469 7927.04171   70  282 8007.00000 7871.19037  1.70%   178 27099s
 2500971 713037 7882.16369   68  344 8007.00000 7871.23578  1.70%   178 27137s
 2504433 713073 7872.78032   94  469 8007.00000 7871.31270  1.69%   178 27172s
 2504513 714293 7873.53800   95  389 8007.00000 7871.34835  1.69%   178 27208s
 2506114 716876 7942.40645   85  266 8007.00000 7871.40424  1.69%   178 27250s
 2509616 719638 7907.97371   90  408 8007.00000 7871.43416  1.69%   178 27290s
 2513098 721070 7940.18940  102  432 8007.00000 7871.55719  1.69%   178 27336s
 2514880 722115 7926.58659   67  312 8007.00000 7871.60185  1.69%   178 27377s
 2516335 723386 7901.36679   90  178 8007.00000 7871.62647  1.69%   178 27425s
 2518229 726605 7944.10311  146  425 8007.00000 7871.64712  1.69%   178 27498s
 2523343 729672 7953.46943   68  329 8007.00000 7871.69745  1.69%   178 27554s
 2528093 731028 7901.58520   59  265 8007.00000 7871.84581  1.69%   178 27574s
 2532464 732235 7898.00529   68  235 8007.00000 7871.98236  1.69%   178 27589s
 2535652 733731     cutoff   61      8007.00000 7872.07328  1.69%   178 27612s
 2539960 735033 7884.42058  101  374 8007.00000 7872.17199  1.68%   178 27627s
 2543361 736247 7888.81658   87  257 8007.00000 7872.30288  1.68%   178 27643s
 2546639 737482     cutoff   59      8007.00000 7872.38658  1.68%   178 27660s
 2550018 738625 7880.47637   64  298 8007.00000 7872.48807  1.68%   178 27675s
 2553262 739234 7898.78060   62  239 8007.00000 7872.58916  1.68%   178 27691s
 2554544 740507 7897.64484   53  328 8007.00000 7872.60191  1.68%   178 27707s
 2558013 741953 7886.59315   75  298 8007.00000 7872.68768  1.68%   178 27725s
 2561681 743199 7897.72294   57  384 8007.00000 7872.79062  1.68%   178 27743s
 2565051 744595 7896.21188   66  252 8007.00000 7872.91162  1.67%   178 27765s
 2569406 745681     cutoff   79      8007.00000 7873.04131  1.67%   177 27781s
 2572858 746709 7901.03339   69  273 8007.00000 7873.14035  1.67%   177 27796s
 2576103 747581 7898.64124   66  194 8007.00000 7873.21210  1.67%   177 27811s
 2579276 749470 7940.95325   83  294 8007.00000 7873.32146  1.67%   177 27858s
 2582165 752839 7912.16101   88  354 8007.00000 7873.41102  1.67%   177 27909s
 2586672 754997     cutoff   74      8007.00000 7873.54415  1.67%   177 27955s
 2589922 757241 7889.59045   95  277 8007.00000 7873.60025  1.67%   178 27997s
 2593363 759613 7909.12464  124  355 8007.00000 7873.69541  1.66%   178 28039s
 2596983 762184 7928.13578  101  352 8007.00000 7873.74166  1.66%   178 28090s
 2600888 764055 7927.74750  171  343 8007.00000 7873.81165  1.66%   178 28130s
 2604089 765720 7929.54253   81  372 8007.00000 7873.94332  1.66%   178 28169s
 2607159 768124 7914.34042   74  157 8007.00000 7873.99480  1.66%   178 28210s
 2610728 770282 7969.43279   82  301 8007.00000 7874.04428  1.66%   178 28249s
 2613898 772537 7895.02844   75  407 8007.00000 7874.11236  1.66%   178 28289s
 2617169 775144     cutoff   68      8007.00000 7874.20646  1.66%   178 28327s
 2620727 777701 7893.02477   68  314 8007.00000 7874.26849  1.66%   178 28365s
 2624209 780046 7956.22398   69  195 8007.00000 7874.27325  1.66%   178 28403s
 2627607 782523 7946.83414   70  267 8007.00000 7874.33390  1.66%   178 28450s
 2631317 783956 7903.17459   75  284 8007.00000 7874.51376  1.65%   179 28470s
 2635745 785137 7881.27659   65  224 8007.00000 7874.62060  1.65%   178 28485s
 2638994 786191 7903.20693   53  237 8007.00000 7874.67473  1.65%   178 28501s
 2642242 787326     cutoff   53      8007.00000 7874.80098  1.65%   178 28518s
 2645538 788683 7888.02457   80  202 8007.00000 7874.88407  1.65%   178 28533s
 2648782 790107 7893.12235   58  224 8007.00000 7874.96681  1.65%   178 28553s
 2652982 791232 7901.80061   79  171 8007.00000 7875.07313  1.65%   178 28569s
 2656431 792538     cutoff  103      8007.00000 7875.17343  1.65%   178 28585s
 2659936 793686     cutoff   67      8007.00000 7875.24236  1.65%   178 28602s
 2663153 794855 7900.79417   82  234 8007.00000 7875.32224  1.64%   178 28618s
 2666413 795970 7900.88222   82  215 8007.00000 7875.43300  1.64%   178 28634s
 2669848 796879 7893.96171   68  258 8007.00000 7875.51836  1.64%   178 28650s
 2673383 797833 7894.04554   81  307 8007.00000 7875.59956  1.64%   178 28665s
 2676574 799050 7895.78807   61  350 8007.00000 7875.67373  1.64%   178 28680s
 2679828 800502     cutoff   68      8007.00000 7875.75868  1.64%   178 28703s
 2684077 802701 7945.78870  108  287 8007.00000 7875.85313  1.64%   178 28750s
 2687669 804781 7963.15995   79  342 8007.00000 7875.94276  1.64%   178 28790s
 2690872 807586 7949.87626  141  100 8007.00000 7876.05103  1.64%   178 28838s
 2694719 810322 7942.88751   87  278 8007.00000 7876.10876  1.63%   178 28876s
 2698163 813000 7896.36868  107  486 8007.00000 7876.21402  1.63%   178 28914s
 2701680 815038     cutoff  117      8007.00000 7876.24481  1.63%   178 28953s
 2704737 817127 7963.52896  163  428 8007.00000 7876.24481  1.63%   178 28989s
 2708339 819412 7909.04625   64  397 8007.00000 7876.31650  1.63%   178 29027s
 2711661 821838 7902.80607   70  385 8007.00000 7876.41675  1.63%   178 29072s
 2715624 824015 7904.21871   93  329 8007.00000 7876.49522  1.63%   178 29110s
 2718781 826355 7884.22734   81  429 8007.00000 7876.61592  1.63%   178 29149s
 2722213 828678 7969.00472   75  355 8007.00000 7876.64355  1.63%   178 29187s
 2725565 830991 7969.89571   75  148 8007.00000 7876.72046  1.63%   178 29224s
 2728690 833172 7938.83985   84  182 8007.00000 7876.79114  1.63%   178 29263s
 2732086 834773 7909.95574  119  347 8007.00000 7876.87105  1.63%   178 29302s
 2735365 834794 7901.31031   78  278 8007.00000 7876.91547  1.62%   179 29320s
 2735406 845553 7903.19292   79  339 8007.00000 7876.93120  1.62%   179 29458s
 2767406 846971     cutoff   74      8007.00000 7877.39578  1.62%   178 29480s
 2771637 848091 7895.25155   76  252 8007.00000 7877.45919  1.62%   178 29495s
 2775336 849259 7891.42773   74  294 8007.00000 7877.55100  1.62%   178 29511s
 2778473 850418 7890.44419   81  306 8007.00000 7877.63058  1.62%   177 29527s
 2781677 850428 7887.88713   54  335 8007.00000 7877.69622  1.61%   177 29542s
 2781768 850745 7888.85469   55  318 8007.00000 7877.69622  1.61%   177 29556s
 2782702 851945 7898.89982   68  266 8007.00000 7877.71316  1.61%   177 29573s
 2786070 854487     cutoff   59      8007.00000 7877.84256  1.61%   177 29619s
 2789807 856674 7926.92731   77  280 8007.00000 7877.94380  1.61%   177 29660s
 2793321 859160 7970.53053   89  362 8007.00000 7877.95813  1.61%   178 29708s
 2797286 860693 7887.94918   66  274 8007.00000 7878.07155  1.61%   178 29747s
 2799943 863322 7884.19122   69  324 8007.00000 7878.16049  1.61%   178 29792s
 2803509 865807 7945.44552   66  234 8007.00000 7878.19725  1.61%   178 29834s
 2805353 865807 7898.50790   98  329 8007.00000 7878.19845  1.61%   178 29835s
 2806907 868380 7947.69656  182  131 8007.00000 7878.19845  1.61%   178 29873s
 2810565 870900     cutoff   88      8007.00000 7878.31398  1.61%   178 29913s
 2813884 873370 7945.15125   80  378 8007.00000 7878.35137  1.61%   178 29953s
 2817366 875846     cutoff  147      8007.00000 7878.43710  1.61%   178 29993s
 2820686 878312 7942.84254  106  337 8007.00000 7878.53455  1.60%   178 30037s
 2824029 881308 7944.63516  118  342 8007.00000 7878.56818  1.60%   178 30084s
 2828114 883539 7916.35531   92  364 8007.00000 7878.69960  1.60%   178 30120s
 2831231 885574 7967.29658  116  394 8007.00000 7878.73218  1.60%   178 30160s
 2834356 887025 7917.36659   63  403 8007.00000 7878.74837  1.60%   178 30199s
 2836782 888426 7903.14724   84  243 8007.00000 7878.83031  1.60%   178 30218s
 2841069 889472     cutoff   79      8007.00000 7878.94444  1.60%   178 30234s
 2844436 890610 7903.94503   74  194 8007.00000 7879.04706  1.60%   178 30250s
 2847798 891911 7904.37974   87  246 8007.00000 7879.12432  1.60%   178 30272s
 2852221 893057 7899.48656   76  228 8007.00000 7879.22809  1.60%   178 30287s
 2855471 894284 7904.00244   90  195 8007.00000 7879.30309  1.59%   178 30303s
 2858901 895068 7882.95748   66  303 8007.00000 7879.37344  1.59%   178 30317s
 2862031 896144 7884.28182   70  336 8007.00000 7879.44235  1.59%   178 30332s
 2865319 897230     cutoff   59      8007.00000 7879.50672  1.59%   178 30349s
 2868625 898171 7888.71927   54  330 8007.00000 7879.59140  1.59%   178 30365s
 2871733 899286     cutoff   74      8007.00000 7879.65788  1.59%   178 30379s
 2875121 900484 7891.41472   54  268 8007.00000 7879.73925  1.59%   178 30394s
 2878348 901993 7908.17207   62  191 8007.00000 7879.80513  1.59%   178 30417s
 2882712 903113 7898.40648   67  275 8007.00000 7879.89345  1.59%   177 30433s
 2886130 904041 7889.26405   68  255 8007.00000 7879.98239  1.59%   177 30448s
 2889370 906101 7898.06635   77  367 8007.00000 7880.05279  1.59%   177 30493s
 2892735 908921 7902.43199   74  372 8007.00000 7880.08706  1.59%   177 30536s
 2896446 911345 7921.05823   77  464 8007.00000 7880.15673  1.58%   177 30581s
 2899946 913819 7950.19934   84  159 8007.00000 7880.24338  1.58%   178 30624s
 2903343 915559 7927.53546  126  385 8007.00000 7880.24338  1.58%   178 30665s
 2906295 918096     cutoff   74      8007.00000 7880.36713  1.58%   178 30712s
 2910117 920563 7943.05780  183  304 8007.00000 7880.48196  1.58%   178 30751s
 2913507 922331 7957.78178  129  324 8007.00000 7880.49342  1.58%   178 30789s
 2916251 924382 7963.52604   92  145 8007.00000 7880.59659  1.58%   178 30830s
 2919432 926822 7933.62605  119  389 8007.00000 7880.68012  1.58%   178 30870s
 2922757 929441 7958.87755   79  316 8007.00000 7880.68624  1.58%   178 30908s
 2926403 931585 7885.50649   78  337 8007.00000 7880.76190  1.58%   178 30949s
 2929688 934097 7966.65317  127  264 8007.00000 7880.86659  1.58%   178 30990s
 2933030 936630 7927.56364  153  377 8007.00000 7880.88769  1.58%   178 31030s
 2936462 939292 7952.26655   96  326 8007.00000 7880.96925  1.57%   178 31077s
 2940169 940813 7904.74949   59  355 8007.00000 7881.00469  1.57%   178 31095s
 2944620 941779 7904.28436   89  179 8007.00000 7881.10677  1.57%   178 31110s
 2947764 942860 7906.63698   61  232 8007.00000 7881.18854  1.57%   178 31125s
 2950997 943638 7897.60169   75  373 8007.00000 7881.25893  1.57%   178 31140s
 2954155 944490 7900.06372   59  286 8007.00000 7881.31340  1.57%   178 31154s
 2957551 945589 7901.89301   93  190 8007.00000 7881.38613  1.57%   178 31170s
 2960848 947051 7891.63842   58  271 8007.00000 7881.45791  1.57%   178 31192s
 2965072 948030 infeasible   55      8007.00000 7881.56465  1.57%   178 31212s
 2968582 949106 7903.10277   76  367 8007.00000 7881.63144  1.57%   178 31228s
 2971895 950155 7903.85994   77  260 8007.00000 7881.70566  1.56%   178 31243s
 2975279 951123 7908.19817   67  259 8007.00000 7881.75656  1.56%   178 31258s
 2978459 952116 7894.94944   71  255 8007.00000 7881.82934  1.56%   178 31272s
 2981691 953106 7901.54729   82  194 8007.00000 7881.90548  1.56%   177 31289s
 2984768 953909 7888.52057   66  280 8007.00000 7881.96113  1.56%   177 31304s
 2988018 954902 7905.86656   62  136 8007.00000 7882.03018  1.56%   177 31319s
 2991189 957245 7921.36532  100  403 8007.00000 7882.09950  1.56%   177 31363s
 2994758 959509 7951.17506   82  308 8007.00000 7882.18222  1.56%   177 31404s
 2998136 961905 7975.99761   78  240 8007.00000 7882.24437  1.56%   177 31444s
 3001709 963374 7935.62519   74  398 8007.00000 7882.24437  1.56%   178 31483s
 3004394 965903 7889.51542   94  412 8007.00000 7882.37861  1.56%   178 31526s
 3007904 968213 7953.52989  112  382 8007.00000 7882.40940  1.56%   178 31566s
 3011335 970294 7890.38924   66  529 8007.00000 7882.47778  1.56%   178 31608s
 3014546 972421 7940.11247   87  363 8007.00000 7882.53207  1.55%   178 31650s
 3017661 974926 7921.07754   66  323 8007.00000 7882.56121  1.55%   178 31699s
 3021496 977265 7908.18851   88  310 8007.00000 7882.65508  1.55%   178 31739s
 3024806 979515 7921.17016   86  294 8007.00000 7882.69425  1.55%   178 31778s
 3027984 981697     cutoff  116      8007.00000 7882.71825  1.55%   178 31816s
 3031370 983502 7928.80898   78  252 8007.00000 7882.79551  1.55%   178 31854s
 3032801 983502 7954.80456   59  314 8007.00000 7882.80502  1.55%   178 31855s
 3034260 985460     cutoff   96      8007.00000 7882.84255  1.55%   178 31890s
 3037137 987866     cutoff   63      8007.00000 7882.92288  1.55%   178 31932s
 3040640 990396 7934.09755   74  277 8007.00000 7882.98310  1.55%   178 31972s
 3044173 991507     cutoff   79      8007.00000 7883.05550  1.55%   178 31993s
 3048306 992474     cutoff   67      8007.00000 7883.15746  1.55%   178 32009s
 3051726 993380 7900.97148   55  234 8007.00000 7883.19760  1.55%   178 32023s
 3054928 994299     cutoff   77      8007.00000 7883.29886  1.54%   178 32039s
 3058308 995527 7900.28439   77  250 8007.00000 7883.36445  1.54%   178 32054s
 3061761 996564 7899.95924   77  267 8007.00000 7883.43307  1.54%   178 32069s
 3065128 997309 7896.17226   73  292 8007.00000 7883.50209  1.54%   178 32084s
 3068234 998139 7908.17734   59  220 8007.00000 7883.56651  1.54%   178 32099s
 3071669 999138 7908.28394   95  216 8007.00000 7883.62123  1.54%   178 32114s
 3074946 1000491 7899.82383   94  279 8007.00000 7883.69436  1.54%   178 32135s
 3079450 1001514     cutoff   73      8007.00000 7883.77147  1.54%   178 32149s
 3082573 1002301 7890.20582   68  272 8007.00000 7883.85007  1.54%   178 32163s
 3085774 1003146 7894.16535   85  304 8007.00000 7883.90411  1.54%   178 32178s
 3088949 1003976 7897.28176   78  180 8007.00000 7883.97104  1.54%   178 32192s
 3092232 1005001 7905.74514   77  300 8007.00000 7884.04402  1.54%   177 32208s
 3095547 1007309 7956.14889   61  440 8007.00000 7884.11849  1.53%   177 32249s
 3098862 1010292 7914.88035   80  437 8007.00000 7884.15000  1.53%   177 32295s
 3102733 1010575 7924.59390   75  340 8007.00000 7884.18850  1.53%   178 32329s
 3103109 1012960     cutoff   86      8007.00000 7884.18850  1.53%   178 32373s
 3106725 1013032     cutoff   73      8007.00000 7884.30881  1.53%   178 32417s
 3106834 1014906 7901.36304   63  360 8007.00000 7884.33720  1.53%   178 32463s
 3109532 1017529 7955.55023   91  285 8007.00000 7884.35849  1.53%   178 32510s
 3113453 1019959 7907.13569   68  273 8007.00000 7884.43519  1.53%   178 32550s
 3116625 1022393 7920.09735   84  393 8007.00000 7884.49816  1.53%   178 32595s
 3120379 1024803     cutoff   83      8007.00000 7884.52766  1.53%   178 32638s
 3124178 1027277 7962.24679   75  148 8007.00000 7884.57590  1.53%   178 32682s
 3127743 1029305 7967.01834   85  339 8007.00000 7884.65532  1.53%   178 32732s
 3131380 1031713 7944.70507   92  296 8007.00000 7884.69320  1.53%   178 32774s
 3134968 1034369 7966.70558  147  389 8007.00000 7884.77739  1.53%   178 32814s
 3138478 1036820 7887.14617   91  387 8007.00000 7884.87307  1.53%   178 32853s
 3141759 1038159 7977.45075   93  339 8007.00000 7884.92986  1.52%   178 32891s
 3143623 1040630 7906.70512  112  390 8007.00000 7884.93094  1.52%   178 32930s
 3147229 1041884 7898.04706   62  274 8007.00000 7885.02967  1.52%   178 32950s
 3151428 1041894     cutoff   65      8007.00000 7885.10207  1.52%   178 32964s
 3151482 1042006 7905.68809   66  198 8007.00000 7885.10871  1.52%   178 32979s
 3151974 1042890 7909.00432   73  320 8007.00000 7885.11370  1.52%   178 32997s
 3155706 1044357 7894.59614   69  309 8007.00000 7885.19560  1.52%   178 33019s
 3160236 1045180 7897.45260   66  291 8007.00000 7885.29234  1.52%   178 33033s
 3163402 1046097 7905.92530   75  336 8007.00000 7885.34995  1.52%   178 33047s
 3166677 1047021 7906.37000   60  185 8007.00000 7885.41106  1.52%   178 33062s
 3169932 1047778     cutoff   68      8007.00000 7885.47912  1.52%   178 33076s
 3173130 1048919 7894.25294   69  257 8007.00000 7885.53414  1.52%   178 33095s
 3176467 1049789 7907.26149   75  270 8007.00000 7885.58202  1.52%   178 33109s
 3179732 1050847     cutoff   69      8007.00000 7885.65500  1.52%   178 33128s
 3183028 1051784 7892.64525   73  205 8007.00000 7885.70252  1.51%   178 33145s
 3186319 1052982 7895.61675   68  287 8007.00000 7885.78095  1.51%   177 33166s
 3190799 1053772 7898.16845   73  287 8007.00000 7885.83092  1.51%   177 33183s
 3193902 1054576 7901.87585   65  265 8007.00000 7885.91287  1.51%   177 33197s
 3197295 1056488 7910.06543   80  429 8007.00000 7885.97676  1.51%   177 33240s
 3200555 1058868 7970.28790  181  480 8007.00000 7885.98705  1.51%   177 33287s
 3204152 1061621 7947.27226   66  280 8007.00000 7886.08981  1.51%   177 33331s
 3207910 1063621     cutoff   89      8007.00000 7886.11481  1.51%   177 33377s
 3211561 1065117 7914.83239  101  399 8007.00000 7886.20370  1.51%   178 33416s
 3214398 1067420 7962.54678   92  344 8007.00000 7886.22900  1.51%   178 33464s
 3217852 1069710 7967.77803   53  403 8007.00000 7886.27301  1.51%   178 33504s
 3221397 1071785 7929.19330  104  324 8007.00000 7886.33438  1.51%   178 33545s
 3224659 1074450     cutoff  122      8007.00000 7886.43025  1.51%   178 33588s
 3228206 1076850 7956.69873  175  221 8007.00000 7886.47100  1.51%   178 33631s
 3231691 1079460 7957.80150  107  388 8007.00000 7886.50333  1.50%   178 33672s
 3235114 1081414 7898.56224   91  392 8007.00000 7886.54126  1.50%   178 33714s
 3238053 1083950 7949.85752  164  204 8007.00000 7886.59673  1.50%   178 33766s
 3241799 1085910 7947.07454   64  363 8007.00000 7886.67936  1.50%   178 33815s
 3244774 1087991     cutoff   96      8007.00000 7886.67936  1.50%   178 33857s
 3248275 1088917     cutoff   82      8007.00000 7886.77385  1.50%   178 33880s
 3252699 1089803 7911.11092   74  250 8007.00000 7886.83525  1.50%   178 33894s
 3256087 1090588 7904.93023   63  216 8007.00000 7886.92012  1.50%   178 33909s
 3259268 1091578 7894.05553   69  220 8007.00000 7886.98173  1.50%   178 33926s
 3262541 1092449 7897.83919   75  345 8007.00000 7887.04824  1.50%   178 33942s
 3265806 1093177     cutoff   73      8007.00000 7887.09606  1.50%   178 33962s
 3268982 1094306     cutoff   64      8007.00000 7887.15227  1.50%   178 33983s
 3273438 1095274 7910.26379  102  255 8007.00000 7887.22166  1.50%   178 33999s
 3276711 1096294 7903.48174   73  290 8007.00000 7887.27946  1.50%   178 34014s
 3279893 1096992 7908.33018   97  343 8007.00000 7887.33530  1.49%   178 34028s
 3283278 1097764     cutoff   68      8007.00000 7887.39394  1.49%   178 34041s
 3286510 1098504 7894.40146   75  311 8007.00000 7887.45399  1.49%   178 34062s
 3289744 1099363     cutoff   73      8007.00000 7887.52098  1.49%   177 34077s
 3292880 1100254 7905.14989   77  203 8007.00000 7887.58454  1.49%   177 34093s
 3296172 1100998 7908.06178   63  307 8007.00000 7887.63900  1.49%   177 34108s
 3299286 1103114     cutoff   88      8007.00000 7887.69948  1.49%   177 34150s
 3302559 1105740 7958.00014  126  449 8007.00000 7887.71623  1.49%   177 34199s
 3306454 1108098 7952.64830  137  365 8007.00000 7887.75090  1.49%   177 34240s
 3309771 1110222 7959.62780  107  338 8007.00000 7887.83642  1.49%   178 34283s
 3313109 1111900 7969.27770  125  150 8007.00000 7887.86670  1.49%   178 34319s
 3315598 1112386 7927.24435   86  318 8007.00000 7887.90466  1.49%   178 34359s
 3316307 1112869 7930.01916   88  185 8007.00000 7887.90466  1.49%   178 34407s
 3317091 1113434 7930.19830   89  185 8007.00000 7887.90466  1.49%   178 34454s
 3317904 1114057 7932.32279   90  275 8007.00000 7887.90466  1.49%   178 34505s
 3318781 1115099 7933.84603   91  270 8007.00000 7887.96799  1.49%   178 34553s
 3320127 1121136 7934.68891   92  328 8007.00000 7887.97985  1.49%   178 34668s
 3328302 1123748 7944.92059   63  311 8007.00000 7888.09439  1.49%   178 34714s
 3332328 1126050 7935.25377  100  374 8007.00000 7888.16096  1.48%   178 34761s
 3336101 1127997     cutoff  112      8007.00000 7888.21141  1.48%   178 34804s
 3339843 1130241 7937.14316   76  428 8007.00000 7888.26772  1.48%   178 34847s
 3343352 1132650 7940.84603   66   92 8007.00000 7888.29869  1.48%   178 34887s
 3347018 1134977 7943.67875  112  386 8007.00000 7888.34383  1.48%   178 34927s
 3350438 1136138     cutoff   66      8007.00000 7888.44757  1.48%   178 34952s
 3354707 1136946 7912.09320   95  214 8007.00000 7888.52150  1.48%   178 34968s
 3358219 1137768 7895.08463   74  343 8007.00000 7888.58302  1.48%   178 34986s
 3361468 1138442 7910.27809   75  253 8007.00000 7888.64138  1.48%   178 35002s
 3364745 1139366 7909.48730   79  297 8007.00000 7888.70197  1.48%   178 35016s
 3368095 1139942 7907.89951   66  342 8007.00000 7888.75860  1.48%   178 35032s
 3371100 1140856 7899.22999   61  223 8007.00000 7888.81092  1.48%   178 35047s
 3374399 1141722     cutoff   82      8007.00000 7888.87011  1.48%   178 35064s
 3377700 1142561 7894.88025   64  336 8007.00000 7888.92656  1.47%   178 35081s
 3380925 1143715 7903.59739   68  252 8007.00000 7888.98701  1.47%   178 35106s
 3385276 1144418 7903.77069   72  318 8007.00000 7889.04482  1.47%   178 35120s
 3388636 1145080 7897.69663   77  270 8007.00000 7889.10140  1.47%   178 35135s
 3391767 1145873 7900.55940   82  339 8007.00000 7889.16637  1.47%   177 35150s
 3395102 1146540     cutoff   62      8007.00000 7889.23261  1.47%   177 35164s
 3398359 1147370     cutoff   94      8007.00000 7889.28672  1.47%   177 35179s
 3401649 1150144     cutoff   98      8007.00000 7889.34324  1.47%   177 35225s
 3405325 1152585 7934.37946   98  346 8007.00000 7889.39841  1.47%   177 35266s
 3408950 1155074 7974.83407   69  364 8007.00000 7889.45806  1.47%   177 35304s
 3412285 1157933 7935.48427   83  281 8007.00000 7889.48027  1.47%   177 35342s
 3415895 1158169 7968.33943  136  218 8007.00000 7889.52666  1.47%   177 35377s
 3416278 1160479     cutoff   85      8007.00000 7889.56445  1.47%   177 35416s
 3419380 1163196 7931.52575  152  442 8007.00000 7889.56545  1.47%   177 35458s
 3423005 1165561 7963.57504   83  319 8007.00000 7889.63751  1.47%   178 35497s
 3426371 1167656 7932.93107  176  444 8007.00000 7889.63751  1.47%   178 35535s
 3429762 1170354 7939.94087   74  423 8007.00000 7889.73316  1.46%   178 35573s
 3433208 1173261 7927.58097  142  474 8007.00000 7889.75064  1.46%   178 35621s
 3437298 1175481 7919.01394   73  302 8007.00000 7889.85746  1.46%   178 35656s
 3440529 1177362 7974.25958   80  288 8007.00000 7889.88379  1.46%   178 35692s
 3443363 1179803 7906.96148  101  440 8007.00000 7889.94422  1.46%   178 35729s
 3446623 1181609 7950.18061   79  324 8007.00000 7889.98579  1.46%   178 35766s
 3449670 1183035     cutoff  101      8007.00000 7889.99569  1.46%   178 35802s
 3452458 1183885 7899.62580   68  332 8007.00000 7889.99569  1.46%   178 35820s
 3456547 1184599 7908.72791   94  364 8007.00000 7890.04890  1.46%   178 35835s
 3459876 1185373 7906.30142   72  216 8007.00000 7890.11688  1.46%   178 35850s
 3463265 1186461     cutoff  133      8007.00000 7890.15899  1.46%   178 35870s
 3467530 1187113     cutoff   68      8007.00000 7890.24344  1.46%   178 35886s
 3470892 1187874 7907.03987   57  328 8007.00000 7890.28732  1.46%   178 35905s
 3474279 1188412     cutoff   79      8007.00000 7890.35200  1.46%   178 35920s
 3477442 1189113 7905.66024   62  131 8007.00000 7890.39776  1.46%   178 35935s
 3480782 1189923     cutoff   74      8007.00000 7890.45958  1.46%   177 35950s
 3484055 1190770 7908.73769   67  266 8007.00000 7890.51289  1.45%   177 35965s
 3487471 1191532 7898.87449   60  375 8007.00000 7890.55286  1.45%   177 35980s
 3490709 1192316 7901.60001   66  277 8007.00000 7890.60375  1.45%   177 35996s
 3493982 1193461 7907.67065   60  172 8007.00000 7890.66268  1.45%   177 36017s
 3498363 1194184 7893.55333   78  249 8007.00000 7890.74237  1.45%   177 36033s
 3501560 1194858 7911.13525   73  380 8007.00000 7890.79000  1.45%   177 36047s
 3504739 1195985     cutoff  115      8007.00000 7890.84437  1.45%   177 36089s
 3507177 1198068 7926.08878   68  363 8007.00000 7890.90095  1.45%   177 36149s
 3512123 1199857 7955.83494   93  180 8007.00000 7890.93024  1.45%   177 36193s
 3515747 1202955     cutoff  185      8007.00000 7891.01413  1.45%   177 36242s
 3519876 1205179 7918.60250   70  212 8007.00000 7891.07366  1.45%   177 36280s
 3523137 1207404 7958.69806   88  435 8007.00000 7891.12181  1.45%   177 36315s
 3526256 1209536 7952.05882  152  291 8007.00000 7891.17060  1.45%   177 36352s
 3529422 1211257 7907.01963   71  375 8007.00000 7891.19372  1.45%   178 36387s
 3532121 1212937 7975.67432   91  342 8007.00000 7891.24128  1.45%   178 36428s
 3535146 1214862 7957.03243   69  383 8007.00000 7891.26947  1.45%   178 36465s
 3538199 1216692 7951.42110   75  399 8007.00000 7891.29449  1.45%   178 36504s
 3541164 1218823     cutoff   64      8007.00000 7891.30602  1.44%   178 36544s
 3544428 1221390 7912.92386   93  374 8007.00000 7891.37061  1.44%   178 36583s
 3548022 1223756 7949.15198   87  368 8007.00000 7891.37061  1.44%   178 36631s
 3551632 1225586 7937.60030   81  321 8007.00000 7891.41092  1.44%   178 36669s
 3554347 1225586 7972.68400  108  188 8007.00000 7891.44246  1.44%   178 36670s
 3555010 1226476 7897.15839   65  353 8007.00000 7891.44246  1.44%   178 36688s
 3559252 1226756 7911.22482   81  313 8007.00000 7891.50173  1.44%   178 36704s
 3560384 1227515 7904.91064   71  215 8007.00000 7891.50208  1.44%   178 36722s
 3563870 1228362 7907.58317   67  338 8007.00000 7891.55722  1.44%   178 36740s
 3567873 1229078 7900.26928   63  192 8007.00000 7891.64938  1.44%   178 36758s
 3571778 1229792     cutoff   94      8007.00000 7891.69808  1.44%   178 36775s
 3575571 1230692 7898.99088   64  294 8007.00000 7891.76319  1.44%   178 36796s
 3579743 1231391 7911.22045   67  190 8007.00000 7891.82487  1.44%   178 36810s
 3583194 1232136     cutoff   75      8007.00000 7891.87418  1.44%   177 36826s
 3586602 1232852 infeasible   53      8007.00000 7891.93884  1.44%   177 36840s
 3589954 1233504 7904.39472   78  334 8007.00000 7891.98695  1.44%   177 36854s
 3593211 1234093 7910.32542  100  289 8007.00000 7892.03260  1.44%   177 36870s
 3596365 1234827 7904.23863   70  333 8007.00000 7892.08069  1.44%   177 36885s
 3599717 1235396     cutoff   70      8007.00000 7892.14609  1.43%   177 36900s
 3602896 1236076     cutoff   71      8007.00000 7892.18138  1.43%   177 36914s
 3606242 1238102 7982.70512   92  389 8007.00000 7892.25038  1.43%   177 36959s
 3609746 1239940 7965.38692  116  282 8007.00000 7892.32798  1.43%   177 36998s
 3613061 1241478 7966.85862   80  248 8007.00000 7892.40795  1.43%   177 37042s
 3616012 1244098 7970.99383   71  297 8007.00000 7892.41166  1.43%   177 37085s
 3619929 1246454     cutoff   93      8007.00000 7892.45063  1.43%   177 37127s
 3623394 1247908 7949.72183   66  197 8007.00000 7892.46086  1.43%   177 37166s
 3626294 1249898 7946.85627   74  216 8007.00000 7892.56182  1.43%   177 37205s
 3629838 1252480 7957.09391   70  346 8007.00000 7892.58975  1.43%   178 37255s
 3633800 1253973 7944.73431   84  378 8007.00000 7892.61013  1.43%   178 37290s
 3636930 1255893 7959.94211   97  326 8007.00000 7892.66974  1.43%   178 37329s
 3640056 1257979 7915.36502   87  464 8007.00000 7892.70521  1.43%   178 37371s
 3643231 1260079 7912.85983  101  391 8007.00000 7892.73877  1.43%   178 37409s
 3646383 1262058 7954.50013  197  464 8007.00000 7892.73877  1.43%   178 37448s
 3649687 1263579 7962.16368   70  309 8007.00000 7892.81694  1.43%   178 37488s
 3652292 1265670 7920.76061  103  411 8007.00000 7892.82751  1.43%   178 37527s
 3655483 1268117 7978.34274  100  365 8007.00000 7892.89745  1.43%   178 37569s
 3659117 1268935 7906.61582   92  219 8007.00000 7892.95384  1.42%   178 37587s
 3663430 1269774 7900.51180   67  267 8007.00000 7893.02041  1.42%   178 37604s
 3666844 1270306 7906.90964   79  322 8007.00000 7893.06836  1.42%   178 37619s
 3670062 1271003 7903.98307   70  347 8007.00000 7893.12235  1.42%   178 37634s
 3673231 1271725 7903.87732   70  164 8007.00000 7893.16421  1.42%   178 37648s
 3676481 1272494 7906.66326   91  329 8007.00000 7893.22221  1.42%   178 37662s
 3679806 1273258 7909.78133   65  279 8007.00000 7893.26170  1.42%   178 37677s
 3683203 1273859 7906.51100   81  313 8007.00000 7893.30990  1.42%   178 37692s
 3686507 1274485     cutoff   85      8007.00000 7893.36283  1.42%   178 37705s
 3689823 1275421 7910.98883   71  324 8007.00000 7893.39475  1.42%   177 37724s
 3694050 1276100 7902.63875   61  311 8007.00000 7893.46808  1.42%   177 37737s
 3697412 1276718 infeasible   76      8007.00000 7893.51841  1.42%   177 37752s
 3700674 1277574 7906.30587   68  242 8007.00000 7893.57206  1.42%   177 37766s
 3704033 1278050 7909.05554   76  196 8007.00000 7893.62980  1.42%   177 37782s
 3707380 1278511 7907.51850   55  254 8007.00000 7893.67609  1.42%   177 37797s
 3710601 1280964 7943.01126  109  349 8007.00000 7893.72007  1.41%   177 37842s
 3714395 1283296     cutoff   99      8007.00000 7893.76460  1.41%   177 37879s
 3717927 1285202 7969.22052   97  274 8007.00000 7893.79609  1.41%   177 37916s
 3721044 1287467 7900.39998   89  420 8007.00000 7893.85572  1.41%   177 37955s
 3724273 1290048 7933.72876  177  428 8007.00000 7893.89670  1.41%   177 37993s
 3727779 1292385 7967.64358   69  276 8007.00000 7893.95067  1.41%   177 38032s
 3731066 1294930 7930.52439   83  340 8007.00000 7893.99190  1.41%   177 38069s
 3734312 1297341 7962.36934   86  381 8007.00000 7893.99190  1.41%   177 38106s
 3737682 1299605 7973.29242   91  404 8007.00000 7894.05973  1.41%   177 38145s
 3741015 1302061 7936.55244  104  400 8007.00000 7894.09383  1.41%   177 38194s
 3741362 1302061 7920.27990   70  385 8007.00000 7894.10840  1.41%   177 38195s
 3744799 1303424 7946.08035  141  387 8007.00000 7894.14103  1.41%   177 38233s
 3747353 1304978 7930.00155   78  278 8007.00000 7894.18985  1.41%   178 38278s
 3750629 1305429 7929.09592   58  293 8007.00000 7894.20233  1.41%   178 38320s
 3751513 1307401 7938.06670   97  313 8007.00000 7894.20233  1.41%   178 38366s
 3755564 1309893 7916.77185   76  332 8007.00000 7894.26221  1.41%   178 38412s
 3759353 1312084 7956.53271   66  361 8007.00000 7894.31971  1.41%   178 38454s
 3762983 1312919 7901.13815   67  238 8007.00000 7894.33101  1.41%   178 38472s
 3767325 1313610 7909.85537   67  246 8007.00000 7894.38549  1.41%   178 38488s
 3770573 1314114 7906.91271   72  247 8007.00000 7894.44748  1.41%   178 38504s
 3773763 1314769 7906.58461   66  267 8007.00000 7894.49981  1.41%   178 38525s
 3777986 1315288 7906.97541   95  280 8007.00000 7894.54919  1.40%   178 38540s
 3781481 1315784 7908.64824   73  289 8007.00000 7894.59767  1.40%   178 38556s
 3784884 1316239     cutoff   59      8007.00000 7894.66231  1.40%   177 38571s
 3788157 1316769 7909.36407   71  284 8007.00000 7894.70241  1.40%   177 38584s
 3791362 1317274 7906.85857   78  311 8007.00000 7894.74579  1.40%   177 38598s
 3794614 1317743 7907.20982   84  221 8007.00000 7894.79375  1.40%   177 38612s
 3797868 1318282 7914.77535   81  184 8007.00000 7894.83495  1.40%   177 38627s
 3801127 1318854 7908.13751   75  256 8007.00000 7894.88068  1.40%   177 38641s
 3804377 1319524 7912.00386   75  283 8007.00000 7894.93594  1.40%   177 38661s
 3808624 1319939     cutoff   69      8007.00000 7894.99277  1.40%   177 38677s
 3811161 1320252     cutoff   63      8007.00000 7895.03179  1.40%   177 38695s
 3812928 1320509 7911.29787  140  304 8007.00000 7895.03630  1.40%   177 38714s
 3814973 1322280 7930.85304   95  333 8007.00000 7895.03630  1.40%   177 38757s
 3817938 1324927 7965.53648  184  336 8007.00000 7895.06841  1.40%   177 38808s
 3821885 1327774 7943.79733  110  272 8007.00000 7895.14432  1.40%   177 38854s
 3825932 1329928 7983.25029   73  311 8007.00000 7895.20495  1.40%   177 38891s
 3829374 1331619 7965.14895  109  336 8007.00000 7895.24643  1.40%   177 38925s
 3832207 1333931 7944.07141  157  312 8007.00000 7895.31074  1.39%   177 38962s
 3835273 1336054 7961.01258   68  243 8007.00000 7895.32322  1.39%   177 38998s
 3838444 1338073 7907.18051   99  393 8007.00000 7895.33845  1.39%   177 39034s
 3841738 1340455 7936.10216  114  337 8007.00000 7895.41097  1.39%   177 39070s
 3845006 1342275 7924.44047   88  352 8007.00000 7895.41097  1.39%   177 39107s
 3848058 1344061 7952.85258   94  351 8007.00000 7895.46952  1.39%   177 39143s
 3851464 1347027 7938.67606  133  472 8007.00000 7895.51117  1.39%   177 39187s
 3855329 1349306     cutoff   81      8007.00000 7895.54392  1.39%   177 39229s
 3858539 1351860 7917.53633   73  311 8007.00000 7895.55418  1.39%   178 39270s
 3861841 1354178 7967.44920  138  401 8007.00000 7895.59175  1.39%   178 39307s
 3865095 1354464 7908.07422   62  314 8007.00000 7895.59859  1.39%   178 39324s
 3867169 1354882     cutoff   65      8007.00000 7895.60040  1.39%   178 39350s
 3870468 1355320 7914.03822   67  262 8007.00000 7895.60747  1.39%   178 39377s
 3873655 1355823     cutoff   64      8007.00000 7895.61457  1.39%   177 39403s
 3876821 1356337 7903.78123   73  328 8007.00000 7895.62890  1.39%   177 39433s
 3879838 1357098 7905.34377   50  319 8007.00000 7895.67036  1.39%   177 39462s
 3885305 1357743 7914.77192   79  151 8007.00000 7895.82936  1.39%   177 39482s
 3889602 1357750     cutoff   64      8007.00000 7895.97451  1.39%   177 39497s
 3889663 1357871 7908.74970   59  181 8007.00000 7895.97451  1.39%   177 39511s
 3890281 1358294 7909.72748   60  173 8007.00000 7895.97451  1.39%   177 39531s
 3893489 1358964 7902.42758   70  326 8007.00000 7896.00526  1.39%   177 39549s
 3897879 1359426 infeasible   69      8007.00000 7896.08946  1.39%   177 39568s
 3901853 1359868     cutoff   66      8007.00000 7896.14927  1.38%   177 39584s
 3905530 1360320     cutoff   72      8007.00000 7896.20178  1.38%   177 39600s
 3909201 1360785     cutoff   76      8007.00000 7896.25589  1.38%   177 39615s
 3912866 1361167 7914.23111   74  286 8007.00000 7896.29103  1.38%   177 39628s
 3916272 1363062 7965.06864   65  403 8007.00000 7896.35335  1.38%   177 39670s
 3919223 1365822 infeasible   70      8007.00000 7896.45927  1.38%   177 39720s
 3923326 1368377 7936.93143   75  286 8007.00000 7896.49403  1.38%   177 39766s
 3926974 1370602 7922.92100  145  438 8007.00000 7896.51282  1.38%   177 39806s
 3930551 1372898 7978.08355  288  478 8007.00000 7896.54744  1.38%   177 39847s
 3934167 1375339 7922.59448   87  356 8007.00000 7896.61975  1.38%   177 39893s
 3937844 1377234 7937.69201  114  323 8007.00000 7896.65773  1.38%   177 39933s
 3940892 1379485 7966.84174  159  394 8007.00000 7896.70024  1.38%   177 39975s
 3944576 1381929     cutoff   78      8007.00000 7896.72871  1.38%   177 40021s
 3947969 1384393 7915.58914   87  379 8007.00000 7896.75200  1.38%   177 40060s
 3951283 1386785 7965.71525  170  415 8007.00000 7896.76740  1.38%   177 40098s
 3954695 1389270 7906.23733   83  331 8007.00000 7896.79495  1.38%   177 40137s
 3957983 1391671 7960.94837  156  364 8007.00000 7896.85584  1.38%   177 40177s
 3961224 1393309 7982.23218  120  215 8007.00000 7896.87995  1.38%   177 40217s
 3964294 1394957 7981.97238   60  228 8007.00000 7896.88975  1.38%   177 40263s
 3967810 1395334 7913.51839   84  323 8007.00000 7896.95818  1.37%   177 40286s
 3972043 1395636     cutoff   72      8007.00000 7897.00890  1.37%   177 40300s
 3975402 1396081 7915.49545   68  366 8007.00000 7897.07523  1.37%   177 40314s
 3978753 1396536 7915.64925   61  212 8007.00000 7897.11514  1.37%   177 40330s
 3982215 1396860 7911.84542   62  232 8007.00000 7897.16477  1.37%   177 40345s
 3985608 1397172     cutoff   76      8007.00000 7897.21863  1.37%   177 40359s
 3988934 1397469 7907.01186   71  301 8007.00000 7897.26701  1.37%   177 40374s
 3992166 1397825 7904.21056   81  236 8007.00000 7897.30928  1.37%   177 40388s
 3995359 1398318 7910.70387   77  248 8007.00000 7897.35706  1.37%   177 40401s
 3998623 1398702 7914.87105   56  310 8007.00000 7897.39378  1.37%   177 40421s
 4002993 1399029 infeasible   60      8007.00000 7897.45923  1.37%   177 40435s
 4006291 1399339 7915.26008   70  108 8007.00000 7897.51034  1.37%   177 40451s
 4009574 1399622 7914.99008   81  227 8007.00000 7897.55353  1.37%   177 40466s
 4012878 1399979 7912.78876   66  281 8007.00000 7897.59906  1.37%   177 40480s
 4016163 1400327 7907.94248   78  282 8007.00000 7897.63803  1.37%   177 40493s
 4019491 1401571 7920.60166  130  507 8007.00000 7897.68455  1.37%   177 40541s
 4022562 1403275 7948.74976  203  416 8007.00000 7897.73308  1.36%   177 40587s
 4025633 1405863 7948.26435   83  358 8007.00000 7897.76268  1.36%   177 40633s
 4029560 1408483 7965.72927  157  205 8007.00000 7897.76478  1.36%   177 40676s
 4033526 1410653 infeasible  103      8007.00000 7897.83309  1.36%   177 40717s
 4037091 1412398 7968.35919   73  247 8007.00000 7897.88692  1.36%   177 40761s
 4040222 1414029 7935.38736  113  319 8007.00000 7897.92182  1.36%   177 40803s
 4043293 1415872     cutoff   98      8007.00000 7897.94694  1.36%   177 40849s
 4046873 1417724     cutoff   77      8007.00000 7897.98612  1.36%   177 40893s
 4050456 1420426 7923.75741  109  487 8007.00000 7898.03769  1.36%   177 40932s
 4054030 1422849 7916.89351   67  245 8007.00000 7898.07456  1.36%   177 40974s
 4057310 1425457 7951.02466  111  417 8007.00000 7898.10993  1.36%   177 41012s
 4060751 1427034 7902.71335   74  398 8007.00000 7898.13080  1.36%   177 41057s
 4063946 1427342 7953.41113  136  443 8007.00000 7898.13080  1.36%   177 41091s
 4064538 1429269 7954.14964  137  452 8007.00000 7898.13080  1.36%   177 41134s
 4067470 1431647 7927.60768   93  411 8007.00000 7898.20052  1.36%   177 41177s
 4071250 1432066 7912.27258   64  265 8007.00000 7898.21769  1.36%   177 41196s
 4075606 1432334 7904.49254   62  242 8007.00000 7898.26914  1.36%   177 41210s
 4078890 1432605 infeasible   63      8007.00000 7898.31712  1.36%   177 41225s
 4082139 1433148 7907.62391   68  268 8007.00000 7898.36525  1.36%   177 41245s
 4086495 1433387 7913.24937   78  235 8007.00000 7898.41487  1.36%   177 41259s
 4089796 1433673     cutoff   87      8007.00000 7898.44786  1.36%   177 41273s
 4093095 1434050 7914.25221   77  272 8007.00000 7898.50196  1.36%   177 41287s
 4096417 1434490 7908.49684   63  205 8007.00000 7898.53989  1.35%   177 41303s
 4099791 1434836     cutoff   54      8007.00000 7898.58316  1.35%   177 41316s
 4103182 1435121 7906.64869   69  323 8007.00000 7898.63175  1.35%   177 41329s
 4106466 1435437     cutoff   73      8007.00000 7898.67834  1.35%   177 41343s
 4109824 1435709 7910.05534   81  343 8007.00000 7898.72161  1.35%   177 41356s
 4113086 1435989     cutoff   74      8007.00000 7898.76660  1.35%   177 41375s
 4117519 1436173 7915.97100   80  194 8007.00000 7898.80703  1.35%   177 41390s
 4120643 1436510 7904.94813   63  345 8007.00000 7898.86198  1.35%   177 41406s
 4123967 1438486 7917.07677   80  371 8007.00000 7898.90614  1.35%   177 41450s
 4127171 1440973 7966.46379  156  403 8007.00000 7898.93941  1.35%   177 41493s
 4130645 1443226 7943.76931  137  336 8007.00000 7898.93941  1.35%   177 41538s
 4134228 1445280 7942.53812   90  378 8007.00000 7898.96646  1.35%   177 41578s
 4137177 1447753 7941.51184  123  414 8007.00000 7899.03109  1.35%   177 41621s
 4140675 1449839 7924.78599  115  317 8007.00000 7899.04610  1.35%   177 41666s
 4144193 1452124     cutoff   82      8007.00000 7899.04610  1.35%   177 41706s
 4147599 1454020 7963.17324   80  353 8007.00000 7899.13753  1.35%   177 41743s
 4150673 1454092 7923.64126   66  260 8007.00000 7899.16509  1.35%   177 41785s
 4150805 1455432 7926.53348   67  340 8007.00000 7899.16509  1.35%   177 41828s
 4153351 1457618 7950.71734   78  384 8007.00000 7899.16617  1.35%   177 41872s
 4156913 1457910 7940.85347  146  431 8007.00000 7899.20060  1.35%   177 41913s
 4157491 1460239 7940.89561  147  432 8007.00000 7899.20060  1.35%   177 41958s
 4161086 1462780 7903.74920   90  376 8007.00000 7899.22545  1.35%   177 42007s
 4164743 1465263 7966.57856  227  308 8007.00000 7899.22545  1.35%   177 42044s
 4168105 1467071 7977.23038   96  272 8007.00000 7899.31757  1.34%   177 42085s
 4170941 1469067 7966.36568   71  290 8007.00000 7899.33968  1.34%   177 42124s
 4174232 1469361 7910.75125   68  304 8007.00000 7899.35574  1.34%   177 42143s
 4178405 1469623     cutoff   82      8007.00000 7899.40644  1.34%   177 42159s
 4181904 1469881 7906.14216   73  164 8007.00000 7899.45352  1.34%   177 42173s
 4185363 1469953 7906.95060   81  251 8007.00000 7899.49114  1.34%   177 42187s
 4188631 1470039     cutoff   77      8007.00000 7899.53968  1.34%   177 42201s
 4191838 1470248     cutoff   81      8007.00000 7899.58653  1.34%   177 42217s
 4195068 1470673 7911.08124   80  279 8007.00000 7899.62843  1.34%   177 42236s
 4199505 1470838     cutoff   81      8007.00000 7899.67334  1.34%   177 42251s
 4202728 1471155 7910.25154   84  310 8007.00000 7899.72206  1.34%   177 42266s
 4206188 1471432 7908.08675   59  245 8007.00000 7899.75986  1.34%   177 42280s
 4209550 1471610 7914.60946   93  283 8007.00000 7899.79992  1.34%   177 42297s
 4212745 1471874     cutoff   74      8007.00000 7899.83364  1.34%   177 42311s
 4215911 1472120 7913.08524   82  188 8007.00000 7899.87512  1.34%   177 42325s
 4219182 1472217 7916.12180   60  292 8007.00000 7899.91778  1.34%   177 42341s
 4222438 1472364 7911.80372   62  230 8007.00000 7899.96195  1.34%   177 42355s
 4225722 1474629 7972.16924   63  287 8007.00000 7900.00185  1.34%   177 42399s
 4229171 1477434 7942.10472  106  296 8007.00000 7900.03034  1.34%   177 42439s
 4232988 1478838 7905.78494   77  356 8007.00000 7900.08702  1.34%   177 42478s
 4235614 1480581 7948.02846  150  357 8007.00000 7900.09342  1.34%   177 42518s
 4238964 1483028 7931.71648   95  186 8007.00000 7900.14270  1.33%   177 42560s
 4242430 1485584 7924.14456  118  359 8007.00000 7900.21936  1.33%   177 42604s
 4246104 1487802 7963.59056  250  474 8007.00000 7900.22449  1.33%   177 42642s
 4249415 1489807 7946.93244  125  350 8007.00000 7900.28476  1.33%   177 42682s
 4252668 1491480 7951.75392   63  375 8007.00000 7900.28476  1.33%   177 42721s
 4255992 1493481 7924.81817   76  490 8007.00000 7900.32138  1.33%   177 42759s
 4259242 1495672 7946.38202   91  200 8007.00000 7900.34472  1.33%   177 42798s
 4262592 1497996 7949.33968  120  357 8007.00000 7900.37104  1.33%   177 42840s
 4265768 1500057 7986.59614  106  218 8007.00000 7900.40296  1.33%   177 42880s
 4268913 1502353 7970.43847   94  331 8007.00000 7900.43648  1.33%   177 42918s
 4272170 1504735 7969.76866  115  336 8007.00000 7900.46238  1.33%   177 42964s
 4275813 1505033 7909.56255   77  298 8007.00000 7900.48982  1.33%   177 42983s
 4280312 1505171     cutoff   73      8007.00000 7900.54594  1.33%   177 42996s
 4283603 1505414     cutoff   72      8007.00000 7900.57553  1.33%   177 43008s
 4286953 1505486     cutoff   77      8007.00000 7900.62293  1.33%   177 43022s
 4289936 1505820 7908.86490   73  223 8007.00000 7900.65301  1.33%   177 43036s
 4293299 1505824 7917.08145   68  302 8007.00000 7900.70021  1.33%   177 43049s
 4296513 1505933 infeasible   76      8007.00000 7900.74029  1.33%   177 43062s
 4299743 1506125 7916.35956   73  278 8007.00000 7900.79172  1.33%   177 43076s
 4303152 1506305 7908.73027   64  353 8007.00000 7900.83049  1.33%   177 43090s
 4306472 1506573 7909.17647   82  271 8007.00000 7900.86499  1.33%   177 43110s
 4310794 1506655 7910.67328   71  219 8007.00000 7900.91441  1.32%   177 43124s
 4314119 1506833 7908.10726   83  242 8007.00000 7900.95840  1.32%   177 43142s
 4317349 1507070 7908.70164   82  357 8007.00000 7900.99404  1.32%   177 43156s
 4320805 1507004 7914.99501   71  290 8007.00000 7901.04498  1.32%   177 43171s
 4324172 1507087 7912.88677   77  258 8007.00000 7901.07987  1.32%   177 43185s
 4327388 1507856 7950.05076   66  323 8007.00000 7901.11967  1.32%   176 43200s

Cutting planes:
  Learned: 1
  Gomory: 22
  Cover: 840
  Implied bound: 2
  Clique: 152
  MIR: 218
  StrongCG: 3
  GUB cover: 3
  Zero half: 87
  RLT: 828
  Relax-and-lift: 3
  BQP: 9

Explored 4328562 nodes (764075197 simplex iterations) in 43205.55 seconds (20215.57 work units)
Thread count was 32 (of 128 available processors)

Solution count 10: 8007 8011 8016 ... 8119

Time limit reached
Best objective 8.007000000000e+03, best bound 7.902000000000e+03, gap 1.3114%
Solved c201_Skewed1 -> /project2/ssuen_1733/output/v3/c201_Skewed1.pkl / .json
[Tue Dec 16 04:48:00 PST 2025] Finished run_single_instance for c201_Skewed1
