==========================================
SLURM_JOB_ID = 5298004
SLURM_JOB_NODELIST = b22-26
TMPDIR = /tmp/SLURM_5298004
==========================================
Using Python:
Python 3.10.18
Checking core dependencies:
numpy: 2.2.6
gurobi: (12, 0, 3)
[Mon Dec 15 16:47:16 PST 2025] Starting run_single_instance on b22-26.hpc.usc.edu for c201_Even
Set parameter TokenServer to value "hpc-licenses.hpcc.usc.edu"
Set parameter TimeLimit to value 43200
Set parameter Seed to value 42
Set parameter OutputFlag to value 1
Gurobi Optimizer version 12.0.3 build v12.0.3rc0 (linux64 - "Rocky Linux 8.10 (Green Obsidian)")

CPU model: AMD EPYC 7542 32-Core Processor, instruction set [SSE2|AVX|AVX2]
Thread count: 64 physical cores, 128 logical processors, using up to 32 threads

Non-default parameters:
TimeLimit  43200
Seed  42

Optimize a model with 703550 rows, 728000 columns and 5954600 nonzeros
Model fingerprint: 0xb68ecd18
Variable types: 0 continuous, 728000 integer (727500 binary)
Coefficient statistics:
  Matrix range     [1e+00, 1e+03]
  Objective range  [2e+00, 1e+02]
  Bounds range     [1e+00, 5e+01]
  RHS range        [1e+00, 1e+03]
Presolve removed 679100 rows and 699455 columns
Presolve time: 1.72s
Presolved: 24450 rows, 28545 columns, 170750 nonzeros
Variable types: 0 continuous, 28545 integer (28500 binary)
Performing another presolve...
Presolve removed 430 rows and 250 columns (presolve time = 10s)...
Presolve removed 430 rows and 250 columns
Presolve time: 10.25s
Deterministic concurrent LP optimizer: primal and dual simplex
Showing primal log only...


Root simplex log...

Iteration    Objective       Primal Inf.    Dual Inf.      Time
       0    7.8200000e+02   3.235000e+02   1.480045e+10     14s
   14093    1.0805712e+04   0.000000e+00   3.659567e+05     15s
Concurrent spin time: 0.00s

Solved with dual simplex

Root simplex log...

Iteration    Objective       Primal Inf.    Dual Inf.      Time
   14326    4.5413899e+03   0.000000e+00   0.000000e+00     16s

Root relaxation: objective 4.541390e+03, 14326 iterations, 1.85 seconds (0.91 work units)
Total elapsed time = 15.82s (DegenMoves)

    Nodes    |    Current Node    |     Objective Bounds      |     Work
 Expl Unexpl |  Obj  Depth IntInf | Incumbent    BestBd   Gap | It/Node Time

     0     0 4541.38987    0  697          - 4541.38987      -     -   16s
H    0     0                    22845.000000 4541.38987  80.1%     -   17s
     0     0 4631.82866    0  892 22845.0000 4631.82866  79.7%     -   17s
H    0     0                    21826.000000 4631.82866  78.8%     -   17s
H    0     0                    20597.000000 4631.82866  77.5%     -   17s
H    0     0                    18330.000000 4631.82866  74.7%     -   17s
H    0     0                    17965.000000 4631.82866  74.2%     -   17s
H    0     0                    17959.000000 4631.82866  74.2%     -   17s
     0     0 4631.82866    0  888 17959.0000 4631.82866  74.2%     -   17s
     0     0 4631.82866    0  897 17959.0000 4631.82866  74.2%     -   17s
     0     0 4631.82866    0  946 17959.0000 4631.82866  74.2%     -   18s
H    0     0                    15798.000000 4631.82866  70.7%     -   18s
H    0     0                    15584.000000 4631.82866  70.3%     -   18s
H    0     0                    15572.000000 4631.82866  70.3%     -   18s
H    0     0                    15559.000000 4631.82866  70.2%     -   18s
H    0     0                    15517.000000 4631.82866  70.1%     -   18s
H    0     0                    15420.000000 4631.82866  70.0%     -   18s
H    0     0                    15120.000000 4631.82866  69.4%     -   18s
     0     0 4631.82866    0  998 15120.0000 4631.82866  69.4%     -   19s
     0     0 4631.82866    0 1011 15120.0000 4631.82866  69.4%     -   19s
     0     0 4631.82866    0 1027 15120.0000 4631.82866  69.4%     -   19s
     0     0 4642.63926    0 1115 15120.0000 4642.63926  69.3%     -   20s
H    0     0                    14655.000000 4642.70878  68.3%     -   20s
H    0     0                    14465.000000 4642.70878  67.9%     -   20s
H    0     0                    14461.000000 4642.70878  67.9%     -   20s
H    0     0                    14400.000000 4642.70878  67.8%     -   20s
     0     0 4650.66869    0 1130 14400.0000 4650.66869  67.7%     -   21s
     0     0 4652.03596    0 1141 14400.0000 4652.03596  67.7%     -   21s
     0     0 4654.16767    0 1120 14400.0000 4654.16767  67.7%     -   21s
     0     0 4654.48060    0 1129 14400.0000 4654.48060  67.7%     -   21s
     0     0 4654.54648    0 1143 14400.0000 4654.54648  67.7%     -   21s
     0     0 4654.55172    0 1156 14400.0000 4654.55172  67.7%     -   22s
     0     0 4730.79039    0 1145 14400.0000 4730.79039  67.1%     -   23s
H    0     0                    13566.000000 4730.81375  65.1%     -   23s
H    0     0                    13388.000000 4730.81375  64.7%     -   23s
H    0     0                    13257.000000 4730.81375  64.3%     -   23s
     0     0 4739.43310    0 1207 13257.0000 4739.43310  64.2%     -   23s
     0     0 4739.51891    0 1209 13257.0000 4739.51891  64.2%     -   24s
     0     0 4739.59031    0 1192 13257.0000 4739.59031  64.2%     -   24s
     0     0 4739.59031    0 1193 13257.0000 4739.59031  64.2%     -   24s
     0     0 4792.92067    0 1054 13257.0000 4792.92067  63.8%     -   25s
H    0     0                    12826.000000 4794.35353  62.6%     -   25s
H    0     0                    12800.000000 4794.35353  62.5%     -   25s
     0     0 4794.35353    0 1084 12800.0000 4794.35353  62.5%     -   25s
     0     0 4794.40255    0 1139 12800.0000 4794.40255  62.5%     -   25s
     0     0 4794.48267    0 1128 12800.0000 4794.48267  62.5%     -   25s
     0     0 4794.48267    0 1131 12800.0000 4794.48267  62.5%     -   25s
     0     0 4833.81762    0 1068 12800.0000 4833.81762  62.2%     -   25s
H    0     0                    12300.000000 4833.92075  60.7%     -   26s
H    0     0                    12190.000000 4833.92075  60.3%     -   26s
H    0     0                    12084.000000 4833.92075  60.0%     -   26s
H    0     0                    11977.000000 4833.92075  59.6%     -   26s
     0     0 4837.33789    0 1200 11977.0000 4837.33789  59.6%     -   26s
     0     0 4837.81014    0 1282 11977.0000 4837.81014  59.6%     -   26s
     0     0 4837.92091    0 1286 11977.0000 4837.92091  59.6%     -   26s
     0     0 4837.92414    0 1287 11977.0000 4837.92414  59.6%     -   26s
     0     0 4906.48985    0 1218 11977.0000 4906.48985  59.0%     -   27s
H    0     0                    11971.000000 4906.71699  59.0%     -   27s
H    0     0                    11918.000000 4906.71699  58.8%     -   27s
H    0     0                    11865.000000 4906.71699  58.6%     -   27s
     0     0 4917.54583    0 1236 11865.0000 4917.54583  58.6%     -   27s
     0     0 4918.25268    0 1238 11865.0000 4918.25268  58.5%     -   27s
     0     0 4918.28737    0 1240 11865.0000 4918.28737  58.5%     -   27s
     0     0 5014.30890    0 1285 11865.0000 5014.30890  57.7%     -   28s
H    0     0                    11855.000000 5015.64824  57.7%     -   29s
H    0     0                    11768.000000 5015.64824  57.4%     -   29s
H    0     0                    11315.000000 5015.64824  55.7%     -   29s
H    0     0                    11239.000000 5015.64824  55.4%     -   29s
H    0     0                    11191.000000 5015.64824  55.2%     -   30s
H    0     0                    11166.000000 5015.64824  55.1%     -   30s
H    0     0                    11101.000000 5015.64824  54.8%     -   30s
H    0     0                    11096.000000 5015.64824  54.8%     -   30s
H    0     0                    11078.000000 5015.64824  54.7%     -   30s
H    0     0                    11066.000000 5015.64824  54.7%     -   30s
H    0     0                    11047.000000 5015.64824  54.6%     -   30s
H    0     0                    10994.000000 5015.64824  54.4%     -   30s
H    0     0                    10947.000000 5015.64824  54.2%     -   30s
H    0     0                    10871.000000 5015.64824  53.9%     -   30s
H    0     0                    10870.000000 5015.64824  53.9%     -   30s
H    0     0                    10855.000000 5015.64824  53.8%     -   30s
H    0     0                    10847.000000 5015.64824  53.8%     -   30s
H    0     0                    10845.000000 5015.64824  53.8%     -   31s
     0     0 5021.49487    0 1308 10845.0000 5021.49487  53.7%     -   32s
     0     0 5022.27605    0 1364 10845.0000 5022.27605  53.7%     -   32s
     0     0 5022.44843    0 1368 10845.0000 5022.44843  53.7%     -   32s
     0     0 5022.47058    0 1371 10845.0000 5022.47058  53.7%     -   33s
     0     0 5067.63608    0 1314 10845.0000 5067.63608  53.3%     -   33s
H    0     0                    10759.000000 5067.63949  52.9%     -   34s
H    0     0                    10707.000000 5067.63949  52.7%     -   34s
     0     0 5069.36437    0 1327 10707.0000 5069.36437  52.7%     -   34s
     0     0 5069.76244    0 1354 10707.0000 5069.76244  52.7%     -   34s
     0     0 5069.83585    0 1357 10707.0000 5069.83585  52.6%     -   34s
     0     0 5111.98737    0 1223 10707.0000 5111.98737  52.3%     -   34s
     0     0 5112.98893    0 1299 10707.0000 5112.98893  52.2%     -   35s
     0     0 5113.04661    0 1306 10707.0000 5113.04661  52.2%     -   35s
     0     0 5138.70113    0 1299 10707.0000 5138.70113  52.0%     -   35s
H    0     0                    10693.000000 5138.70113  51.9%     -   36s
     0     0 5144.89071    0 1323 10693.0000 5144.89071  51.9%     -   36s
     0     0 5145.61078    0 1355 10693.0000 5145.61078  51.9%     -   36s
     0     0 5145.71420    0 1350 10693.0000 5145.71420  51.9%     -   36s
     0     0 5163.07213    0 1377 10693.0000 5163.07213  51.7%     -   37s
     0     0 5164.25471    0 1359 10693.0000 5164.25471  51.7%     -   37s
     0     0 5164.43759    0 1336 10693.0000 5164.43759  51.7%     -   37s
     0     0 5164.68516    0 1367 10693.0000 5164.68516  51.7%     -   37s
     0     0 5164.76467    0 1352 10693.0000 5164.76467  51.7%     -   37s
     0     0 5173.27506    0 1340 10693.0000 5173.27506  51.6%     -   38s
H    0     0                    10538.000000 5173.52682  50.9%     -   38s
     0     0 5173.92312    0 1359 10538.0000 5173.92312  50.9%     -   38s
     0     0 5173.98812    0 1392 10538.0000 5173.98812  50.9%     -   38s
     0     0 5180.65549    0 1361 10538.0000 5180.65549  50.8%     -   38s
     0     0 5182.19729    0 1410 10538.0000 5182.19729  50.8%     -   39s
     0     0 5182.37917    0 1414 10538.0000 5182.37917  50.8%     -   39s
     0     0 5182.55593    0 1412 10538.0000 5182.55593  50.8%     -   39s
     0     0 5182.55954    0 1411 10538.0000 5182.55954  50.8%     -   39s
     0     0 5188.95093    0 1464 10538.0000 5188.95093  50.8%     -   39s
H    0     0                    10526.000000 5189.24243  50.7%     -   39s
     0     0 5189.74372    0 1449 10526.0000 5189.74372  50.7%     -   39s
     0     0 5189.80920    0 1462 10526.0000 5189.80920  50.7%     -   39s
     0     0 5198.00378    0 1370 10526.0000 5198.00378  50.6%     -   40s
     0     0 5199.34025    0 1411 10526.0000 5199.34025  50.6%     -   40s
     0     0 5199.49905    0 1461 10526.0000 5199.49905  50.6%     -   40s
     0     0 5212.86786    0 1366 10526.0000 5212.86786  50.5%     -   40s
H    0     0                    10524.000000 5212.92388  50.5%     -   40s
H    0     0                    10484.000000 5212.92388  50.3%     -   40s
     0     0 5213.48545    0 1396 10484.0000 5213.48545  50.3%     -   41s
     0     0 5213.54442    0 1378 10484.0000 5213.54442  50.3%     -   41s
     0     0 5223.26986    0 1421 10484.0000 5223.26986  50.2%     -   41s
     0     0 5223.95557    0 1413 10484.0000 5223.95557  50.2%     -   41s
     0     0 5224.03794    0 1474 10484.0000 5224.03794  50.2%     -   41s
     0     0 5231.58522    0 1409 10484.0000 5231.58522  50.1%     -   41s
H    0     0                    10459.000000 5231.72449  50.0%     -   42s
     0     0 5232.96827    0 1447 10459.0000 5232.96827  50.0%     -   42s
     0     0 5233.55857    0 1443 10459.0000 5233.55857  50.0%     -   42s
     0     0 5234.25530    0 1459 10459.0000 5234.25530  50.0%     -   42s
     0     0 5234.35743    0 1462 10459.0000 5234.35743  50.0%     -   42s
     0     0 5235.65737    0 1403 10459.0000 5235.65737  49.9%     -   42s
     0     0 5236.36245    0 1422 10459.0000 5236.36245  49.9%     -   42s
     0     0 5236.46534    0 1410 10459.0000 5236.46534  49.9%     -   42s
     0     0 5237.77014    0 1366 10459.0000 5237.77014  49.9%     -   43s
H    0     0                    10450.000000 5237.78582  49.9%     -   43s
     0     0 5237.97798    0 1413 10450.0000 5237.97798  49.9%     -   43s
     0     0 5237.97922    0 1388 10450.0000 5237.97922  49.9%     -   43s
     0     0 5240.29199    0 1378 10450.0000 5240.29199  49.9%     -   43s
     0     0 5240.66890    0 1392 10450.0000 5240.66890  49.9%     -   43s
     0     0 5240.75883    0 1402 10450.0000 5240.75883  49.8%     -   43s
     0     0 5252.01826    0 1336 10450.0000 5252.01826  49.7%     -   43s
     0     0 5252.42540    0 1365 10450.0000 5252.42540  49.7%     -   44s
     0     0 5252.49280    0 1381 10450.0000 5252.49280  49.7%     -   44s
     0     0 5254.93392    0 1357 10450.0000 5254.93392  49.7%     -   44s
     0     0 5255.47965    0 1398 10450.0000 5255.47965  49.7%     -   44s
     0     0 5255.65775    0 1429 10450.0000 5255.65775  49.7%     -   44s
     0     0 5256.51863    0 1436 10450.0000 5256.51863  49.7%     -   44s
H    0     0                    10449.000000 5256.51863  49.7%     -   45s
H    0     0                    10438.000000 5256.51863  49.6%     -   45s
     0     0 5257.14096    0 1480 10438.0000 5257.14096  49.6%     -   45s
     0     0 5257.24813    0 1459 10438.0000 5257.24813  49.6%     -   45s
     0     0 5258.88302    0 1415 10438.0000 5258.88302  49.6%     -   45s
     0     0 5258.98151    0 1441 10438.0000 5258.98151  49.6%     -   45s
     0     0 5259.39462    0 1428 10438.0000 5259.39462  49.6%     -   45s
     0     0 5259.42759    0 1456 10438.0000 5259.42759  49.6%     -   45s
     0     0 5261.72044    0 1438 10438.0000 5261.72044  49.6%     -   46s
     0     0 5261.82279    0 1444 10438.0000 5261.82279  49.6%     -   46s
     0     0 5261.82279    0 1455 10438.0000 5261.82279  49.6%     -   46s
     0     0 5261.85441    0 1460 10438.0000 5261.85441  49.6%     -   46s
     0     0 5261.85441    0 1456 10438.0000 5261.85441  49.6%     -   46s
     0     0 5261.85441    0 1375 10438.0000 5261.85441  49.6%     -   47s
H    0     0                    10319.000000 5261.85827  49.0%     -   49s
H    0     0                    9996.0000000 5261.85827  47.4%     -   50s
H    0     0                    9800.0000000 5261.85827  46.3%     -   52s
H    0     0                    9777.0000000 5261.85827  46.2%     -   53s
     6     4 5261.85827    2  301 9777.00000 5261.85827  46.2%  51.7   60s
   247   269 5261.85827   11  275 9777.00000 5261.85827  46.2%   228   65s
H  509   497                    9499.0000000 5261.85827  44.6%   200   66s
   510   501 5303.16083    2  305 9499.00000 5303.16083  44.2%   200   74s
   516   513 5303.73657    4  316 9499.00000 5303.39477  44.2%   202   75s
   704   727 5312.14945   10  319 9499.00000 5307.83351  44.1%   231   80s
H 1038   973                    9316.0000000 5308.20060  43.0%   242   83s
  1039   977 5375.81965    2  228 9316.00000 5375.21095  42.3%   242   96s
  1133  1101 5379.88486    8  221 9316.00000 5378.31206  42.3%   260  100s
H 1587  1496                    9076.0000000 5378.31206  40.7%   236  103s
  1588  1500 5378.31206    2  197 9076.00000 5378.31206  40.7%   236  109s
  1594  1512 5378.31206    4  208 9076.00000 5378.31206  40.7%   237  110s
  1938  1864 5378.31206   18  200 9076.00000 5378.31206  40.7%   243  115s
H 2190  2084                    8716.0000000 5378.31206  38.3%   239  116s
  2191  2088 5414.39452    2  253 8716.00000 5414.39452  37.9%   239  125s
  2389  2341 5466.29729   13  230 8716.00000 5414.61594  37.9%   237  130s
H 2706  2575                    7959.0000000 5414.61594  32.0%   233  134s
  2706  2630 5414.61594   14  306 7959.00000 5414.61594  32.0%   227  135s
H 3380  3238                    7956.0000000 5414.61594  31.9%   211  139s
  3380  3306 5425.41781   16  265 7956.00000 5414.61594  31.9%   207  140s
  3771  3657 5434.58694   26  226 7956.00000 5414.68535  31.9%   210  145s
  4357  4194 5425.35181   20  216 7956.00000 5414.68535  31.9%   201  150s
H 4721  4469                    7935.0000000 5414.87734  31.8%   197  152s
  4979  4800 5414.87734   23  250 7935.00000 5414.87734  31.8%   195  155s
H 5397  5133                    7912.0000000 5414.87734  31.6%   193  157s
  5493  5261 5421.52136   22  272 7912.00000 5414.87734  31.6%   190  160s
  5820  5599 5422.46114   27  265 7912.00000 5414.87734  31.6%   187  165s
H 6130  5823                    7888.0000000 5414.87734  31.4%   188  166s
  6784  6585 5622.12516   44  174 7888.00000 5414.87734  31.4%   178  170s
H 7092  6720                    7845.0000000 5414.87734  31.0%   176  170s
  7408  7082 5440.93549   34  256 7845.00000 5416.63042  31.0%   174  175s
  7941  7570 5431.56509   30  260 7845.00000 5416.96395  31.0%   174  180s
  8314  7895 5436.72508   45  179 7845.00000 5416.96395  31.0%   173  185s
  8883  8447 5418.37147   34  250 7845.00000 5418.37147  30.9%   169  190s
  9407  8991 5418.37147   46  283 7845.00000 5418.37147  30.9%   166  195s
H 9812  9241                    7841.0000000 5418.37147  30.9%   166  196s
  9922  9381 5431.11115   35  245 7841.00000 5418.37147  30.9%   164  201s
 10040  9566 5431.84915   37  263 7841.00000 5418.37147  30.9%   164  205s
 10724 10266 5641.58706   49  200 7841.00000 5418.53020  30.9%   161  210s
 11233 10714 5665.42337   61  188 7841.00000 5418.53020  30.9%   158  215s
H11884 11158                    7837.0000000 5418.53020  30.9%   155  217s
 12097 11444 5448.09951   42  233 7837.00000 5418.53020  30.9%   155  220s
 12879 12244 5455.52710   60  238 7837.00000 5418.53020  30.9%   156  225s
H13069 12244                    7836.0000000 5418.53020  30.9%   157  225s
 13895 13129 5455.15054  101  227 7836.00000 5420.00180  30.8%   152  230s
 14877 14119 5508.11647   71  179 7836.00000 5420.00180  30.8%   152  235s
 16091 15115 5471.45551   60  233 7836.00000 5420.00180  30.8%   148  240s
 16424 15359 5473.04368   65  268 7836.00000 5420.00180  30.8%   147  245s
 17600 16565 5763.77721   94  202 7836.00000 5420.00180  30.8%   143  250s
H18210 16925                    7812.0000000 5420.00180  30.6%   142  252s
 18619 17510 5467.29905   79  198 7812.00000 5420.00180  30.6%   142  255s
 19624 18172 5615.83893   24  416 7812.00000 5615.83893  28.1%   145  344s
 19626 18175 5615.83893   25  448 7812.00000 5615.83893  28.1%   145  346s
H19653 18185                    7809.0000000 5616.54779  28.1%   146  349s
 19653 18386 5653.86675  110  221 7809.00000 5616.54779  28.1%   145  350s
 21092 19730 5618.30200   78  295 7809.00000 5618.30200  28.1%   142  355s
 22205 20627 5625.37714  108  256 7809.00000 5618.30200  28.1%   142  360s
H22652 20852                    7791.0000000 5618.30200  27.9%   142  361s
 23052 21445 5678.07559   78  261 7791.00000 5618.30200  27.9%   141  365s
 24172 22677 6045.63526  112  204 7791.00000 5619.34370  27.9%   139  370s
H26184 24054                    7765.0000000 5619.34370  27.6%   135  374s
 26184 24080 5620.23249   28  418 7765.00000 5619.34370  27.6%   134  376s
 26386 24235 5624.66930   32  361 7765.00000 5620.98779  27.6%   135  381s
 26531 24269 5625.22226   34  360 7765.00000 5620.98779  27.6%   135  385s
 26671 24328 5703.47339   36  223 7765.00000 5621.01414  27.6%   136  390s
 26810 24382     cutoff   38      7765.00000 5621.20243  27.6%   137  395s
 26949 24442 5626.90874   41  367 7765.00000 5621.20243  27.6%   137  400s
 27089 24497 5628.63650   43  460 7765.00000 5621.20243  27.6%   137  405s
 27200 24540 5649.12617   44  300 7765.00000 5621.54767  27.6%   138  411s
 27327 24590 5629.45214   46  470 7765.00000 5621.54767  27.6%   138  415s
 27584 24654 5694.35249   47  185 7765.00000 5621.54767  27.6%   138  421s
 27800 24677 5670.64632   48  302 7765.00000 5622.20489  27.6%   138  426s
 28099 25039 5675.89874  152  186 7765.00000 5622.67231  27.6%   138  431s
 29085 25682 5715.76106  196  222 7765.00000 5622.74687  27.6%   136  435s
 29461 26223 5725.17077  216  229 7765.00000 5622.96416  27.6%   136  441s
 30564 27286 5696.92186  125  232 7765.00000 5622.96416  27.6%   135  445s
 32362 29148 5693.70145  105  273 7765.00000 5622.96416  27.6%   133  450s
 34219 30315 6379.33020  166  201 7765.00000 5912.38324  23.9%   132  549s
 34308 31264 6385.14780  167  220 7765.00000 5912.38324  23.9%   132  551s
 35638 31734 6469.35335  223  160 7765.00000 5912.38324  23.9%   130  555s
H36633 32353                    7763.0000000 6333.28142  18.4%   132  625s
 36776 32405 6378.84857   50  317 7763.00000 6333.28142  18.4%   132  630s
 36890 32455 6343.14346   52  429 7763.00000 6333.28142  18.4%   132  636s
 37071 32573 6344.70668   53  391 7763.00000 6333.83525  18.4%   132  643s
 37238 32646 6415.74276   53  206 7763.00000 6333.90301  18.4%   133  645s
 37675 32798 6367.19448   54  288 7763.00000 6333.90301  18.4%   133  651s
 38243 32976 6349.91804   57  239 7763.00000 6334.40803  18.4%   134  657s
 38856 33097 6352.32118   61  315 7763.00000 6334.68889  18.4%   134  661s
 39988 33942 6369.26101   18  234 7763.00000 6335.24144  18.4%   133  665s
 40675 34204 6641.26743   28  409 7763.00000 6641.26743  14.4%   135  799s
 40677 34208 6641.44810   29  402 7763.00000 6641.26743  14.4%   135  801s
 40689 34228 6641.63691   31  430 7763.00000 6641.57271  14.4%   135  805s
 40769 34288 6641.86426   34  438 7763.00000 6641.80824  14.4%   136  811s
 40936 34340 6641.90867   36  438 7763.00000 6641.90867  14.4%   136  816s
 41076 34368 6641.95721   38  507 7763.00000 6641.95086  14.4%   137  821s
 41205 34413 6647.34708   39  310 7763.00000 6642.64293  14.4%   138  826s
 41304 34425 6683.16467   40  311 7763.00000 6642.77587  14.4%   139  831s
 41397 34435 6644.14331   41  399 7763.00000 6644.14331  14.4%   140  835s
 41534 34469 6709.89139   43  314 7763.00000 6647.34708  14.4%   141  842s
 42921 34801 6826.90584   26  543 7763.00000 6826.84499  12.1%   143 1017s
 42923 34805 6827.01444   27  490 7763.00000 6826.90639  12.1%   143 1020s
 42935 34825 6827.44714   29  625 7763.00000 6827.41599  12.1%   144 1025s
 42983 34870 6828.48609   31  493 7763.00000 6827.47649  12.1%   144 1031s
 43126 34965 6828.59618   34  520 7763.00000 6828.48635  12.0%   145 1036s
 43203 35029 6828.63960   35  486 7763.00000 6828.48635  12.0%   145 1041s
 43306 35079 6845.11610   36  320 7763.00000 6828.48635  12.0%   146 1045s
 43387 35111 6835.81924   37  415 7763.00000 6828.94417  12.0%   146 1050s
 43522 35199 6833.39304   39  466 7763.00000 6832.40393  12.0%   147 1057s
 43637 35244 6834.44925   40  477 7763.00000 6832.61350  12.0%   147 1060s
 43816 35339 6843.07862   41  295 7763.00000 6832.61350  12.0%   148 1067s
 43946 35389 6855.37762   42  362 7763.00000 6832.61350  12.0%   148 1072s
H44015 35366                    7752.0000000 6833.61925  11.8%   148 1072s
 44018 35372 6834.16983   15  547 7752.00000 6834.00193  11.8%   148 1078s
 44022 35379 6834.83667   16  558 7752.00000 6834.54418  11.8%   148 1080s
 44046 35416 6835.60898   18  485 7752.00000 6835.48487  11.8%   149 1086s
 44078 35437 6837.11820   19  478 7752.00000 6835.63904  11.8%   149 1090s
 44142 35480 6838.11432   21  549 7752.00000 6837.24660  11.8%   150 1097s
 44174 35500 6875.12774   21  431 7752.00000 6837.24660  11.8%   150 1100s
 44238 35540 6924.72789   22  281 7752.00000 6837.24660  11.8%   150 1107s
 44302 35582 6900.33607   23  343 7752.00000 6837.24660  11.8%   151 1114s
 44334 35604 6838.60531   24  553 7752.00000 6837.24660  11.8%   151 1117s
 44366 35625 6891.75246   24  361 7752.00000 6837.24660  11.8%   151 1122s
 44398 35649 6838.74290   25  494 7752.00000 6837.24660  11.8%   152 1126s
 44434 35678 6886.08430   25  431 7752.00000 6837.24660  11.8%   152 1130s
 44520 35750 6989.42074   26  366 7752.00000 6837.24660  11.8%   152 1139s
 44579 35791 6838.89521   27  467 7752.00000 6837.24660  11.8%   153 1141s
 44649 35801 6934.94328   27  326 7752.00000 6837.24660  11.8%   153 1145s
 44728 35850 6917.70536   28  368 7752.00000 6837.24660  11.8%   153 1153s
 44762 35884 6839.52777   29  430 7752.00000 6837.24660  11.8%   154 1157s
 44809 35942 6927.80581   29  313 7752.00000 6837.24660  11.8%   154 1161s
 44996 36092 6931.27863   30  226 7752.00000 6837.24660  11.8%   154 1168s
 45122 36157 6839.94495   31  428 7752.00000 6837.24660  11.8%   155 1171s
 45241 36246 6917.22160   31  355 7752.00000 6837.24660  11.8%   155 1176s
 45544 36400 6937.82497   32  362 7752.00000 6838.95956  11.8%   155 1184s
 45703 36478 6840.36721   33  465 7752.00000 6840.13566  11.8%   156 1188s
 45856 36586 6873.32395   33  353 7752.00000 6840.36818  11.8%   156 1191s
 46213 36681 6902.70860   34  392 7752.00000 6840.44919  11.8%   157 1198s
 46277 36687 6840.93883   35  432 7752.00000 6840.53438  11.8%   157 1201s
 46311 36712 6927.58599   35  312 7752.00000 6840.93909  11.8%   157 1205s
 46398 36786 6926.87965   36  294 7752.00000 6841.07080  11.8%   157 1214s
 46490 36758 6841.31594   32  496 7752.00000 6841.22349  11.7%   157 1217s
 46496 36768 6841.41609   34  494 7752.00000 6841.39090  11.7%   158 1220s
 46552 36827 6842.11863   37  428 7752.00000 6841.76142  11.7%   158 1225s
 46652 36890 6860.12763   39  399 7752.00000 6842.12233  11.7%   158 1231s
 46742 36974 6876.59229   40  293 7752.00000 6842.12233  11.7%   159 1236s
 46955 37057 6843.94176   42  481 7752.00000 6842.12233  11.7%   159 1242s
 47101 37116 6845.21996   44  410 7752.00000 6842.12233  11.7%   159 1246s
 47244 37149 6863.40999   45  378 7752.00000 6842.12233  11.7%   160 1250s
 47446 37191 6874.38415   47  342 7752.00000 6860.28939  11.5%   161 1256s
 47740 37240 6893.61794   50  314 7752.00000 6862.60256  11.5%   162 1261s
 47998 37245 6895.04956   51  298 7752.00000 6863.41415  11.5%   162 1265s
 48478 37295 7008.43529   54  203 7752.00000 6867.50772  11.4%   162 1271s
 48816 37382 6949.43411   58  285 7752.00000 6867.85263  11.4%   162 1275s
 49253 37498 6975.04572   66  240 7752.00000 6872.01510  11.4%   162 1280s
 49871 37723 6894.47736   63  368 7752.00000 6875.82009  11.3%   162 1286s
 50869 37719     cutoff   70      7752.00000 6876.97613  11.3%   162 1291s
 51387 37819 6902.73520   76  245 7752.00000 6877.17207  11.3%   162 1296s
 51875 38052 6904.97377   83  336 7752.00000 6877.56905  11.3%   162 1301s
 52553 38341 6906.88180   93  314 7752.00000 6877.56905  11.3%   161 1307s
 53203 38303 6944.00035   43  217 7752.00000 6877.56905  11.3%   161 1311s
 53321 38304 6957.88618   44  343 7752.00000 6877.57002  11.3%   162 1315s
 53468 38316 7022.79380   45  225 7752.00000 6877.57002  11.3%   163 1320s
 53647 38339 7055.48128   46  255 7752.00000 6877.57002  11.3%   164 1325s
 53968 38398 7042.28991   48  260 7752.00000 6885.05937  11.2%   164 1330s
 54250 38401 7050.34121   49  244 7752.00000 6893.27236  11.1%   165 1336s
 54586 38403 7046.10422   51  264 7752.00000 6937.65736  10.5%   165 1340s
 54922 38440     cutoff   55      7752.00000 6937.65736  10.5%   165 1347s
 55348 38552 7043.60668   44  229 7752.00000 6943.34733  10.4%   166 1352s
 55612 38579 7049.61673   46  173 7752.00000 6943.34733  10.4%   166 1355s
 56492 38604 6950.55605   43  509 7752.00000 6949.63822  10.4%   167 1362s
 56554 38636 6968.34105   43  311 7752.00000 6949.65994  10.4%   167 1365s
 56683 38694 6964.16854   44  391 7752.00000 6949.65994  10.4%   167 1370s
 56840 38798 6966.45277   45  338 7752.00000 6949.78166  10.3%   168 1376s
 56945 38846 6951.30947   46  418 7752.00000 6949.78166  10.3%   168 1380s
 57172 38926 6951.38740   47  443 7752.00000 6949.78166  10.3%   168 1385s
 57398 38999 6951.65499   48  431 7752.00000 6951.39761  10.3%   168 1392s
 57504 39055 7009.39643   48  279 7752.00000 6951.65525  10.3%   169 1396s
 57758 39156 6968.53264   49  324 7752.00000 6951.77394  10.3%   169 1401s
 58009 39300 6952.25062   51  343 7752.00000 6952.25062  10.3%   169 1407s
 58152 39374 6952.72852   52  484 7752.00000 6952.72852  10.3%   170 1411s
 58312 39441 6954.27411   53  465 7752.00000 6953.58147  10.3%   170 1415s
 58616 39635 6964.65158   55  276 7752.00000 6953.58147  10.3%   170 1421s
 58978 39819 6954.70990   57  433 7752.00000 6953.68484  10.3%   171 1428s
 59201 39903 6954.90173   58  391 7752.00000 6953.68484  10.3%   171 1432s
 59403 40033 6955.12514   59  391 7752.00000 6953.73023  10.3%   171 1435s
 59633 40065 6954.50211   37  548 7752.00000 6953.73324  10.3%   171 1440s
 59773 40155 7083.09458   37  242 7752.00000 6954.50611  10.3%   171 1445s
 60123 40237 7044.06219   38  255 7752.00000 6954.58048  10.3%   172 1454s
 60280 40294 6954.58048   39  482 7752.00000 6954.58048  10.3%   173 1458s
 60441 40409 7023.51579   39  352 7752.00000 6954.58264  10.3%   173 1463s
 60647 40562 6954.89100   40  502 7752.00000 6954.89100  10.3%   174 1468s
 60916 40744 6971.76659   41  375 7752.00000 6954.89100  10.3%   174 1472s
 61240 40860 6976.34334   41  326 7752.00000 6960.31040  10.2%   174 1476s
 61539 41022 6973.79732   42  397 7752.00000 6960.31040  10.2%   175 1481s
 61835 41189 6975.06808   43  389 7752.00000 6960.31040  10.2%   175 1485s
 62441 41382 6977.45846   45  383 7752.00000 6960.31040  10.2%   175 1494s
 62631 41529 6980.40756   46  587 7752.00000 6960.32204  10.2%   176 1499s
 62887 41559 7067.46386   73  224 7752.00000 6960.32204  10.2%   176 1502s
 63407 41606 7075.51916   82  258 7752.00000 6965.39787  10.1%   176 1505s
 64042 41591 7050.76916   40  299 7752.00000 6966.56805  10.1%   176 1511s
 64573 41592 7014.45905   48  265 7752.00000 6966.66175  10.1%   176 1515s
 65208 41637 7047.19308   45  250 7752.00000 6970.38304  10.1%   176 1520s
 65880 41662 7103.60240   73  198 7752.00000 6970.38304  10.1%   176 1525s
 66508 41755     cutoff   47      7752.00000 6974.52608  10.0%   176 1530s
 67261 42057 infeasible  100      7752.00000 6978.61767  10.0%   177 1536s
 68289 42299 7015.70292  111  371 7752.00000 6979.87338  10.0%   176 1541s
 69226 42557 7018.30876  118  445 7752.00000 6979.87338  10.0%   176 1547s
 69703 42705 7065.16437  123  285 7752.00000 6979.87338  10.0%   176 1550s
 70700 42892 7021.48730  135  393 7752.00000 6983.30777  9.92%   175 1556s
 71413 43091 7098.71203   51  283 7752.00000 6983.45461  9.91%   175 1562s
 71681 43144 7080.55912   41  254 7752.00000 6986.68775  9.87%   175 1565s
 72507 43022 7102.56457   62  287 7752.00000 6992.58422  9.80%   176 1571s
 72646 43087 7104.89561   64  258 7752.00000 6992.58422  9.80%   176 1576s
 73135 43141 infeasible   66      7752.00000 7005.31085  9.63%   176 1581s
 74014 43258 7085.31122   43  175 7752.00000 7005.31085  9.63%   176 1586s
 75084 43455 7099.92240   55  142 7752.00000 7025.84287  9.37%   176 1592s
 75574 43485 7028.30001   60  391 7752.00000 7026.81431  9.35%   176 1596s
 75825 43623 7028.82148   62  381 7752.00000 7026.81431  9.35%   176 1600s
 76294 43927 7029.20934   65  391 7752.00000 7027.46387  9.35%   176 1606s
 76597 43858 7029.60967   66  399 7752.00000 7027.46387  9.35%   176 1610s
 76662 43897 7029.64404   67  411 7752.00000 7027.46387  9.35%   176 1616s
 76728 43954 7029.98879   68  379 7752.00000 7027.46387  9.35%   177 1623s
 76774 43986 7037.31350   68  375 7752.00000 7027.46387  9.35%   177 1627s
 76826 44012 7029.98879   69  379 7752.00000 7027.46387  9.35%   177 1630s
 76872 44033 7034.89156   69  391 7752.00000 7027.46387  9.35%   177 1635s
 76918 44071 7030.04110   70  342 7752.00000 7027.46387  9.35%   177 1642s
 76975 44117 7036.69252   70  471 7752.00000 7027.46387  9.35%   177 1647s
 77066 44182 7030.38712   71  336 7752.00000 7027.46387  9.35%   177 1653s
 77179 44312 7037.82298   71  335 7752.00000 7027.46387  9.35%   177 1659s
 77374 44544 7030.55086   73  347 7752.00000 7027.46387  9.35%   177 1665s
 77714 44919 7031.00012   75  420 7752.00000 7027.52522  9.35%   177 1671s
 78240 45259 7031.29718   79  445 7752.00000 7027.52522  9.35%   177 1676s
 78831 45540 7031.49471   82  445 7752.00000 7027.80077  9.34%   177 1682s
 79388 45868 7038.92760   84  431 7752.00000 7027.80077  9.34%   178 1688s
 79981 45961 7058.07997   47  482 7752.00000 7027.80077  9.34%   178 1695s
 80312 46259 7054.71641   49  437 7752.00000 7031.38526  9.30%   178 1702s
 80750 46477 7055.40475   50  509 7752.00000 7031.38526  9.30%   179 1706s
 81165 46621 7065.18113   51  409 7752.00000 7031.38526  9.30%   179 1712s
 81496 46542 7128.56845   52  350 7752.00000 7031.38526  9.30%   179 1716s
 81528 46563 7102.63133   52  306 7752.00000 7031.38526  9.30%   179 1720s
 81564 46579 7129.64648   54  319 7752.00000 7031.38526  9.30%   179 1726s
 81605 46632 7130.24344   56  315 7752.00000 7031.38526  9.30%   179 1730s
 81700 46862 7148.39427   58  274 7752.00000 7031.38526  9.30%   180 1736s
 82003 47168 7150.23270   61  305 7752.00000 7031.38526  9.30%   180 1741s
 82493 47496 7152.88310   64  291 7752.00000 7031.38526  9.30%   180 1747s
 83089 47836 7156.24649   67  269 7752.00000 7031.38526  9.30%   180 1753s
 83780 48002 7157.50532   69  280 7752.00000 7031.38526  9.30%   180 1760s
 84825 47939 7109.58981   51  285 7752.00000 7032.94926  9.28%   180 1767s
 85065 48111 7111.53176   64  266 7752.00000 7034.19450  9.26%   181 1770s
 86046 48092 7079.02506   60  299 7752.00000 7036.57394  9.23%   180 1775s
 86974 48065 7148.79177   74  199 7752.00000 7045.24962  9.12%   180 1781s
 87580 48110 7146.12059   44  171 7752.00000 7047.16373  9.09%   181 1787s
 88061 48256     cutoff   41      7752.00000 7051.65773  9.03%   181 1790s
 89480 48541 7123.70251   58  291 7752.00000 7054.60139  9.00%   180 1798s
 90355 48275 7134.79806  144  281 7752.00000 7055.16038  8.99%   180 1803s
 90393 49794 7100.22464  145  383 7752.00000 7055.16038  8.99%   180 1820s
 93786 51010 infeasible  195      7752.00000 7056.80699  8.97%   178 1829s
 94781 51703     cutoff  219      7752.00000 7056.98982  8.97%   177 1833s
 95911 51935 7123.46469   50  182 7752.00000 7058.85344  8.94%   177 1837s
 97111 51842     cutoff   44      7752.00000 7066.32749  8.85%   177 1842s
 97936 51789 7119.81417   46  205 7752.00000 7070.50670  8.79%   176 1847s
 98473 51818 7125.85716   41  263 7752.00000 7073.09631  8.76%   176 1850s
 99531 51954 7124.58236   62  265 7752.00000 7086.60526  8.58%   176 1856s
 100879 51816 7102.40150   48  286 7752.00000 7093.77314  8.49%   176 1862s
 101049 51960 7102.58081   49  286 7752.00000 7093.94704  8.49%   176 1865s
 101481 52462 7101.35082   87  466 7752.00000 7096.32809  8.46%   176 1873s
 102233 52629 7102.01505   90  439 7752.00000 7096.60380  8.45%   176 1878s
 102735 52841 7109.66799   92  449 7752.00000 7096.84361  8.45%   176 1882s
 103168 53051 7109.93462   94  483 7752.00000 7096.84361  8.45%   176 1887s
 103601 53243 7127.84095   96  384 7752.00000 7096.84361  8.45%   176 1892s
 104080 53500 7113.67859   98  409 7752.00000 7097.09758  8.45%   176 1897s
 104692 53513 7113.70452  100  469 7752.00000 7097.09758  8.45%   176 1903s
 105018 53813 7168.58828  102  346 7752.00000 7097.09758  8.45%   176 1908s
 105530 54290 7114.37600  104  456 7752.00000 7097.37544  8.44%   176 1913s
 106284 54276 7117.19665  107  418 7752.00000 7097.37544  8.44%   176 1919s
 106605 54707 7117.42635  109  436 7752.00000 7097.37544  8.44%   176 1924s
 107210 54676 7225.80064   73  302 7752.00000 7097.91811  8.44%   176 1934s
 107411 56058 7227.03766   75  300 7752.00000 7097.91811  8.44%   176 1949s
 109006 56361 7233.63831   87  280 7752.00000 7097.91811  8.44%   176 1956s
 109938 56575 7235.31688   92  275 7752.00000 7097.91811  8.44%   176 1962s
 110606 57049 7290.01590   95  243 7752.00000 7097.91811  8.44%   176 1969s
 111494 57442 7246.50476  101  294 7752.00000 7097.91811  8.44%   176 1975s
 112334 57446 7250.31867  104  261 7752.00000 7097.91811  8.44%   176 1980s
 112729 57761 7183.68341   43  229 7752.00000 7097.91811  8.44%   176 1985s
 114159 57834 7142.31074   45  221 7752.00000 7103.42529  8.37%   176 1991s
 115577 57902 7165.87944   65  170 7752.00000 7107.70696  8.31%   175 1998s
 116368 58055 infeasible   58      7752.00000 7109.12324  8.29%   175 2001s
 117255 58186 7185.32691   44  280 7752.00000 7111.22847  8.27%   175 2005s
 119161 58371 7193.16792   99  197 7752.00000 7117.07483  8.19%   174 2016s
 120674 58755 7174.42368   54  234 7752.00000 7120.72653  8.14%   174 2022s
 122006 59338 7144.31081   74  245 7752.00000 7121.32837  8.14%   173 2026s
 123640 60343 7166.54890  124  321 7752.00000 7121.83743  8.13%   173 2034s
 124492 60901 7172.56729  152  277 7752.00000 7122.70257  8.12%   172 2038s
 125405 61196 7187.52557  180  187 7752.00000 7122.91159  8.12%   172 2042s
 125979 61878 7130.00304   40  239 7752.00000 7123.23492  8.11%   172 2047s
 126975 62609 7178.97967   68  149 7752.00000 7123.40025  8.11%   172 2051s
 128020 63290 7158.77912   56  200 7752.00000 7123.40025  8.11%   171 2056s
 130305 63286 7149.97179   58  121 7752.00000 7125.71434  8.08%   170 2061s
 131731 63496 7134.68845   48  122 7752.00000 7127.52451  8.06%   170 2066s
 133375 63586 7151.50009   45  198 7752.00000 7129.75657  8.03%   169 2071s
 134742 64108 7158.63644   63  260 7752.00000 7131.26733  8.01%   168 2081s
 136806 63584 7155.92952  111  448 7752.00000 7132.56275  7.99%   167 2090s
 136842 66138 7204.59776  111  296 7752.00000 7132.56275  7.99%   168 2135s
 139754 66497 7235.36477  157  387 7752.00000 7132.97481  7.99%   168 2146s
 141360 66984 7243.25504  176  369 7752.00000 7133.56285  7.98%   168 2156s
 142669 67575 7162.82290   67  396 7752.00000 7133.56285  7.98%   168 2165s
 143811 68281 7287.68594  107  267 7752.00000 7133.56285  7.98%   168 2175s
 145012 68568 7289.33559  112  306 7752.00000 7135.15264  7.96%   168 2183s
 145795 69047 7289.35203  116  309 7752.00000 7135.15264  7.96%   168 2190s
 146705 69747 7291.55468  120  333 7752.00000 7135.15264  7.96%   168 2198s
 147733 70615 7293.25007  125  376 7752.00000 7135.15264  7.96%   168 2206s
 148774 71127 7293.84020  130  296 7752.00000 7136.94030  7.93%   168 2213s
 149445 71968 7376.60872  134  229 7752.00000 7136.94030  7.93%   168 2220s
 150335 73106 7300.44425  139  320 7752.00000 7136.94030  7.93%   168 2228s
 151518 73568 7228.75672   68  222 7752.00000 7160.29161  7.63%   168 2233s
 153162 73242 7220.55165   44  198 7752.00000 7163.73987  7.59%   168 2237s
 154170 73046     cutoff   49      7752.00000 7165.05807  7.57%   168 2241s
 155386 72796 7236.96494   52  180 7752.00000 7170.26782  7.50%   167 2245s
 157597 73430 7225.34299   52  260 7752.00000 7178.49145  7.40%   166 2253s
 158903 73876 7225.88213   96  162 7752.00000 7180.50289  7.37%   166 2256s
 160511 74100 7235.14546   58  235 7752.00000 7183.54871  7.33%   165 2266s
 160786 77093 7240.24263   65  219 7752.00000 7183.54871  7.33%   165 2289s
 165050 78267 7198.75423   39  305 7752.00000 7184.72228  7.32%   164 2296s
 166683 79624 7219.95941   68  277 7752.00000 7185.42526  7.31%   164 2303s
 168468 80863 7196.90548   37  239 7752.00000 7186.11841  7.30%   164 2310s
 170219 81452 7200.39864   53  231 7752.00000 7186.90398  7.29%   163 2316s
 173220 82042 infeasible   54      7752.00000 7188.47987  7.27%   162 2322s
 174369 82445     cutoff   54      7752.00000 7189.30103  7.26%   162 2326s
 176826 83424 7207.88160   55  226 7752.00000 7190.59774  7.24%   161 2333s
 178198 83880 7199.22112   44  215 7752.00000 7191.27711  7.23%   161 2336s
 179545 85734 7234.75055   92  366 7752.00000 7191.70662  7.23%   160 2350s
 181596 86106 7251.17000  155  352 7752.00000 7191.88905  7.23%   160 2355s
 182018 87139 7254.34701  170  343 7752.00000 7191.88905  7.23%   160 2362s
 183127 88230 7267.32429  203  315 7752.00000 7191.88905  7.23%   160 2368s
 184310 88783 7283.92673  243  267 7752.00000 7191.88905  7.23%   160 2375s
 185009 89548 7298.55310  264  303 7752.00000 7191.88905  7.23%   160 2382s
 185959 90215 7223.66203   92  247 7752.00000 7191.88905  7.23%   160 2391s
 187024 91022 7314.87273  115  322 7752.00000 7191.88905  7.23%   160 2400s
 188127 91790 7309.64814  151  219 7752.00000 7191.88905  7.23%   160 2409s
 189131 93391 7335.14662  145  281 7752.00000 7194.00911  7.20%   160 2425s
 190952 93873 7337.76096  154  284 7752.00000 7197.48697  7.15%   160 2432s
 191536 94551 7405.31060  158  186 7752.00000 7197.48697  7.15%   160 2442s
 192541 95546 7396.79894  170  246 7752.00000 7205.22555  7.05%   161 2451s
 193936 96428 7412.55889  193  286 7752.00000 7205.22555  7.05%   161 2461s
 195141 97112 7417.55111  206  313 7752.00000 7207.56100  7.02%   161 2472s
 196199 97736 7429.27967  231  254 7752.00000 7207.56100  7.02%   162 2482s
 197423 98650 infeasible  263      7752.00000 7207.56100  7.02%   162 2494s
 198613 99451 7226.46244   78  227 7752.00000 7207.82293  7.02%   163 2500s
 202698 100740     cutoff   89      7752.00000 7213.88039  6.94%   161 2508s
 204370 101426     cutoff   59      7752.00000 7216.01165  6.91%   161 2512s
 206048 102060 7229.75365   70  134 7752.00000 7217.10227  6.90%   160 2515s
 209892 103647     cutoff   54      7752.00000 7219.38960  6.87%   159 2523s
 211911 104212 7267.25121   96  261 7752.00000 7220.21105  6.86%   158 2532s
 213010 106484 7237.25093   31  190 7752.00000 7220.75639  6.85%   158 2543s
 216076 107940 7292.34765   72  290 7752.00000 7221.72220  6.84%   157 2550s
 217955 108961     cutoff   45      7752.00000 7221.72220  6.84%   157 2557s
 219650 110138 7239.15766   48  241 7752.00000 7222.08757  6.84%   157 2565s
 221472 111308     cutoff   69      7752.00000 7222.48931  6.83%   157 2573s
 223499 112594 7263.44731  106  229 7752.00000 7223.12671  6.82%   157 2581s
 225549 113253 7238.61461   46  186 7752.00000 7223.55196  6.82%   156 2588s
 228194 113392 7248.07383   53  113 7752.00000 7224.35151  6.81%   156 2592s
 229069 113908 7241.47986   57  295 7752.00000 7224.80051  6.80%   155 2596s
 230785 114346 7247.19405   59  300 7752.00000 7225.46272  6.79%   155 2600s
 234214 115359 7243.47997   42  142 7752.00000 7226.65197  6.78%   154 2608s
 236139 115698 7244.32391   43  201 7752.00000 7227.22725  6.77%   154 2612s
 238016 117020 7289.22392   80  359 7752.00000 7227.83346  6.76%   153 2626s
 239542 119133 7320.07362  139  282 7752.00000 7227.83346  6.76%   154 2638s
 241773 120812 7241.56193   35  370 7752.00000 7227.83346  6.76%   153 2648s
 243563 121860 7320.98071   70  172 7752.00000 7227.83346  6.76%   153 2659s
 244803 123064 7249.29224   95  350 7752.00000 7227.83346  6.76%   153 2669s
 246358 124005 7261.74261  129  423 7752.00000 7228.14253  6.76%   153 2680s
 247515 125657 7273.83564  166  390 7752.00000 7228.14253  6.76%   154 2691s
 249342 126819 7293.83541  224  384 7752.00000 7228.14253  6.76%   154 2703s
 250696 128114 7317.94468   70  250 7752.00000 7237.09746  6.64%   154 2719s
 252577 128914 7417.57469   59  233 7752.00000 7242.47354  6.57%   154 2732s
 253658 129878 7284.35262   35  248 7752.00000 7242.47354  6.57%   155 2747s
 255270 130636 7447.51572   47  170 7752.00000 7247.11428  6.51%   155 2761s
 256720 131443 7314.10341   22  216 7752.00000 7250.03218  6.48%   156 2777s
 258134 132469 7353.58309   31  239 7752.00000 7250.03218  6.48%   157 2793s
 259779 133998 7366.09084   43  329 7752.00000 7250.03218  6.48%   158 2809s
 262105 135314 7380.10901   58  269 7752.00000 7254.36307  6.42%   158 2826s
 263964 137253 7258.36516   56  259 7752.00000 7254.49007  6.42%   158 2834s
 268185 137683 7272.92005   59  229 7752.00000 7256.19961  6.40%   157 2837s
 269273 139531 7296.16313   79  182 7752.00000 7256.98327  6.39%   157 2907s
 273858 140438     cutoff   59      7752.00000 7258.35135  6.37%   155 2910s
 278312 142145 7286.56283   60  157 7752.00000 7260.07097  6.35%   154 2919s
 280618 143955 7290.84442   63  251 7752.00000 7260.73687  6.34%   153 2930s
 283426 144648 7274.68459   43  287 7752.00000 7261.34134  6.33%   153 2939s
 284712 146424 7300.39938   78  252 7752.00000 7261.68776  6.32%   153 2949s
 287532 146608 7271.77027   33  647 7752.00000 7271.73566  6.20%   153 3366s
 287538 146614 7272.29506   35  741 7752.00000 7272.02049  6.19%   153 3370s
 287576 146638 7272.61029   38  748 7752.00000 7272.55815  6.18%   153 3375s
 287687 146677 7301.98981   40  306 7752.00000 7272.82888  6.18%   153 3380s
 287792 146700 7273.01750   42  732 7752.00000 7273.01750  6.18%   153 3385s
 287909 146687     cutoff   43      7752.00000 7273.05238  6.18%   153 3390s
 288093 146663 7275.16295   46  705 7752.00000 7275.16295  6.15%   153 3396s
 288254 146615 7275.56631   48  669 7752.00000 7275.56631  6.15%   153 3400s
 288471 146601     cutoff   50      7752.00000 7276.59218  6.13%   153 3405s
 288728 146611 7279.56157   52  442 7752.00000 7277.33598  6.12%   153 3410s
 289030 146618 7280.47303   54  527 7752.00000 7277.33598  6.12%   153 3416s
 289370 146650 7297.71060   57  307 7752.00000 7277.34114  6.12%   153 3421s
 289628 146647 7329.15914   59  342 7752.00000 7277.34114  6.12%   153 3426s
 289895 146658 7308.29135   62  362 7752.00000 7277.34114  6.12%   153 3430s
 290187 146669 infeasible   64      7752.00000 7278.59904  6.11%   153 3436s
 290372 146635 7319.31905   68  293 7752.00000 7278.67118  6.11%   153 3441s
 290444 146649     cutoff   69      7752.00000 7278.67118  6.11%   153 3446s
 290612 146736 7321.71320   75  281 7752.00000 7278.67118  6.11%   153 3452s
 290786 146758 7323.21819   78  331 7752.00000 7278.67118  6.11%   153 3455s
 291185 146815     cutoff   88      7752.00000 7279.76479  6.09%   153 3461s
 291395 146838 7322.17199   55  200 7752.00000 7279.76479  6.09%   153 3465s
 291836 146912     cutoff   79      7752.00000 7281.12368  6.07%   153 3472s
 292092 146947 7311.61915   71  304 7752.00000 7281.12368  6.07%   153 3476s
 292379 147030 7314.32846   76  336 7752.00000 7281.12368  6.07%   153 3480s
 293208 147161 7323.75136   67  320 7752.00000 7283.76375  6.04%   153 3488s
 293670 147333 7300.92572   60  274 7752.00000 7283.76375  6.04%   153 3493s
 294264 147433     cutoff  118      7752.00000 7286.10065  6.01%   152 3497s
 294754 147626 7325.98113  101  194 7752.00000 7286.87981  6.00%   152 3501s
 295387 147853 7322.32049   89  212 7752.00000 7286.97799  6.00%   152 3506s
 296031 148218 7297.15616   55  244 7752.00000 7287.32924  5.99%   152 3514s
 299368 148427     cutoff   53      7752.00000 7288.27952  5.98%   152 3518s
 301462 148753 7304.48404   47  258 7752.00000 7289.07619  5.97%   151 3572s
 304130 149011 7299.61649   58  234 7752.00000 7289.65962  5.96%   151 3579s
 306152 149019 7304.96962   48   41 7752.00000 7290.07189  5.96%   150 3587s
 306221 149268 7307.96962   49    4 7752.00000 7290.07189  5.96%   150 3594s
 308070 149729 7305.07398   55  307 7752.00000 7290.37607  5.95%   150 3602s
 311948 151657 7387.48594  273  314 7752.00000 7291.54879  5.94%   149 3619s
 313732 151657 7384.48619  150  264 7752.00000 7291.54879  5.94%   150 3620s
 314349 153015 7311.54795   57  307 7752.00000 7293.40860  5.92%   150 3633s
 316119 154574 7386.50033  105  291 7752.00000 7293.40860  5.92%   150 3648s
 318130 156313 7374.91527   51  246 7752.00000 7293.40860  5.92%   150 3663s
 320627 156530 7306.60066   35  604 7752.00000 7306.59435  5.75%   151 4157s
 320629 156534 7307.27525   36  514 7752.00000 7306.60292  5.75%   151 4160s
 320641 156551 7308.42950   38  531 7752.00000 7307.32746  5.74%   151 4167s
 320657 156571 7314.99825   39  514 7752.00000 7308.43032  5.72%   151 4171s
 320718 156670 7316.41521   41  519 7752.00000 7314.42887  5.64%   151 4179s
 320819 156665 7324.53879   42  413 7752.00000 7314.43228  5.64%   151 4183s
 320868 156698 7317.47356   43  549 7752.00000 7314.43228  5.64%   151 4186s
 321002 156771 7317.72380   44  575 7752.00000 7314.43228  5.64%   151 4192s
 321070 156807 7321.26543   45  445 7752.00000 7314.43228  5.64%   151 4195s
 321188 156837 7321.21036   46  509 7752.00000 7314.43228  5.64%   151 4201s
 321305 156889 7321.82590   47  506 7752.00000 7314.45592  5.64%   151 4207s
 321366 156913 7336.17454   47  343 7752.00000 7314.45592  5.64%   151 4210s
 321495 156979 7338.36561   48  429 7752.00000 7314.45592  5.64%   151 4216s
 321639 157043 7365.81368   49  331 7752.00000 7314.45592  5.64%   151 4222s
 321717 157045 7323.23222   50  555 7752.00000 7314.65906  5.64%   151 4226s
 321784 157071 7324.68012   51  445 7752.00000 7314.65906  5.64%   151 4231s
 321850 157093 7325.12445   52  493 7752.00000 7314.65906  5.64%   151 4238s
 321886 157108 7391.12271   52  383 7752.00000 7314.65906  5.64%   151 4241s
 321954 157136 7363.79725   53  274 7752.00000 7314.65906  5.64%   152 4248s
 321986 157150 7325.37459   54  545 7752.00000 7314.65906  5.64%   152 4251s
 322022 157162 7350.32735   54  331 7752.00000 7314.65954  5.64%   152 4255s
 322106 157212 7361.26989   55  347 7752.00000 7315.18418  5.63%   152 4263s
 322160 157275 7325.79847   56  489 7752.00000 7315.18418  5.63%   152 4267s
 322266 157328 7331.64780   56  396 7752.00000 7315.18418  5.63%   152 4272s
 322376 157386 7325.90678   57  519 7752.00000 7316.07289  5.62%   152 4276s
 322495 157450 7325.95842   58  503 7752.00000 7316.07289  5.62%   152 4280s
 322757 157485 7326.15163   60  585 7752.00000 7316.47727  5.62%   152 4289s
 322790 157500 7334.91360   60  506 7752.00000 7316.47727  5.62%   152 4293s
 322823 157514 7326.75382   61  621 7752.00000 7316.47727  5.62%   152 4298s
 322857 157528 7353.35187   61  320 7752.00000 7316.47727  5.62%   152 4303s
 322892 157551 7326.75755   62  611 7752.00000 7316.47727  5.62%   152 4307s
 322935 157568 7333.91073   62  376 7752.00000 7316.47727  5.62%   152 4312s
 322972 157619 7326.88440   63  646 7752.00000 7316.47727  5.62%   152 4316s
 323051 157709 7327.33646   64  594 7752.00000 7316.47727  5.62%   152 4321s
 323203 157805 7327.41401   65  558 7752.00000 7317.49431  5.61%   152 4327s
 323376 157897 7365.54205   66  453 7752.00000 7317.49431  5.61%   152 4332s
 323568 157977 7368.89476   67  322 7752.00000 7317.50968  5.60%   152 4339s
 323754 158073 7335.99478   68  374 7752.00000 7317.50968  5.60%   152 4345s
 323946 158168 7350.88251   69  318 7752.00000 7317.69435  5.60%   152 4351s
 324152 158259 7331.55814   71  564 7752.00000 7317.73268  5.60%   152 4357s
 324383 158353 7332.15862   72  512 7752.00000 7317.73268  5.60%   152 4364s
 324643 158442 7333.14333   74  484 7752.00000 7317.73268  5.60%   152 4370s
 324923 158520 7333.97564   76  430 7752.00000 7317.73268  5.60%   153 4378s
 325224 158617 7334.68002   78  485 7752.00000 7317.73268  5.60%   153 4384s
 325541 158725 7334.87782   80  482 7752.00000 7317.73268  5.60%   153 4392s
 325840 158868 7335.34858   82  469 7752.00000 7318.10584  5.60%   153 4400s
 326171 159101 7335.64803   84  503 7752.00000 7318.10584  5.60%   153 4407s
 326646 159327 7336.59886   86  514 7752.00000 7318.10584  5.60%   153 4415s
 327128 160102 7454.34804   78  246 7752.00000 7319.15480  5.58%   153 4435s
 328726 162113 7461.74673   94  225 7752.00000 7319.86927  5.57%   153 4459s
 331662 163923 7540.76697  128  196 7752.00000 7319.86927  5.57%   154 4479s
 334434 160265 7352.05588   29  720 7752.00000 7352.05588  5.16%   155 5190s
 334440 160275 7352.05588   31  727 7752.00000 7352.05588  5.16%   155 5197s
 334448 160289 7357.36182   32  541 7752.00000 7352.05588  5.16%   155 5201s
 334464 158493 7359.41563   33  429 7752.00000 7352.18367  5.16%   155 5208s
 334496 155145 7383.70138   34  424 7752.00000 7352.44104  5.15%   155 5213s
 334528 155169 7384.18848   35  463 7752.00000 7357.42366  5.09%   155 5220s
 334585 155189 7384.42384   36  434 7752.00000 7357.76947  5.09%   155 5225s
 334651 155193 7494.93969   36  320 7752.00000 7357.76947  5.09%   155 5232s
 334683 155211 7384.90895   37  429 7752.00000 7357.76947  5.09%   155 5236s
 334717 155227 7457.91320   37  302 7752.00000 7357.76947  5.09%   155 5241s
 334754 155247 7384.90895   38  428 7752.00000 7357.76947  5.09%   155 5245s
 334791 155266 7415.80873   38  405 7752.00000 7357.76947  5.09%   155 5250s
 334931 155316 7423.13501   39  325 7752.00000 7357.76947  5.09%   156 5258s
 335023 155322 7385.61583   40  459 7752.00000 7357.76947  5.09%   156 5263s
 335119 155327 7403.57887   41  357 7752.00000 7361.19514  5.04%   156 5268s
 335201 155336 7406.55015   41  316 7752.00000 7361.19514  5.04%   156 5272s
 335276 155355 7409.85157   42  302 7752.00000 7361.19514  5.04%   156 5278s
 335353 155381 7410.37096   43  343 7752.00000 7361.19514  5.04%   156 5282s
 335430 155415 7411.67145   44  323 7752.00000 7364.98047  4.99%   156 5286s
 335515 155449 7411.88676   45  298 7752.00000 7364.98064  4.99%   156 5291s
 335606 155496 7413.67905   46  290 7752.00000 7364.98064  4.99%   156 5295s
 335827 155568 7416.90448   48  316 7752.00000 7364.98064  4.99%   156 5303s
 335947 155602 7435.09783   49  296 7752.00000 7369.60229  4.93%   156 5308s
 336070 155633 7440.22084   50  393 7752.00000 7369.60626  4.93%   156 5312s
 336203 155672 7437.32586   51  366 7752.00000 7369.60626  4.93%   156 5317s
 336338 155715 7419.91224   53  316 7752.00000 7369.60626  4.93%   156 5321s
 336481 155756 7421.33619   54  385 7752.00000 7369.60626  4.93%   156 5327s
 336628 155807 7424.98271   55  392 7752.00000 7378.46300  4.82%   157 5332s
 336779 155861     cutoff   56      7752.00000 7378.46300  4.82%   157 5336s
 336942 155909 7427.75386   58  443 7752.00000 7378.46300  4.82%   157 5342s
 337122 155942 7436.42101   59  322 7752.00000 7378.46300  4.82%   157 5349s
 337293 155985 7450.20469   61  359 7752.00000 7378.46300  4.82%   157 5354s
 337472 156036 7436.93123   63  393 7752.00000 7378.46300  4.82%   157 5360s
 337647 156105 7438.06170   65  408 7752.00000 7386.38065  4.72%   157 5367s
 337833 156154 7456.56983   66  376 7752.00000 7386.38065  4.72%   157 5372s
 338047 156223 7438.95478   68  416 7752.00000 7386.38065  4.72%   157 5378s
 338258 156289 7483.45461   69  286 7752.00000 7386.38065  4.72%   157 5385s
 338501 156348     cutoff   70      7752.00000 7392.88050  4.63%   157 5391s
 338756 156411 7440.52229   73  360 7752.00000 7393.09979  4.63%   157 5399s
 339024 156494 7499.61281   75  273 7752.00000 7393.13961  4.63%   157 5406s
 339290 156590 7442.27127   77  374 7752.00000 7393.13961  4.63%   157 5414s
 339561 156667 7442.69263   80  395 7752.00000 7393.13961  4.63%   158 5422s
 339802 156770 7444.02677   82  304 7752.00000 7393.13961  4.63%   158 5429s
 340095 156900 7533.20266   83  286 7752.00000 7395.96184  4.59%   158 5437s
 340427 157132 7446.18652   86  345 7752.00000 7395.96184  4.59%   158 5446s
 340990 157286 7463.22902   89  323 7752.00000 7397.77940  4.57%   158 5454s
 341464 157515 7449.01455   93  352 7752.00000 7398.08417  4.57%   158 5463s
 342028 157783 7452.68880   97  292 7752.00000 7398.11175  4.57%   158 5471s
H342742 157545                    7739.0000000 7398.11175  4.40%   158 5472s
 342742 159087 7424.11708   71  191 7739.00000 7398.11175  4.40%   158 5481s
 347478 160039 7420.30237   71  227 7739.00000 7398.95094  4.39%   157 5486s
 350077 160888 7423.35756   62   69 7739.00000 7400.15239  4.38%   157 5491s
 353064 161992 infeasible   69      7739.00000 7400.94323  4.37%   156 5497s
 356068 163208     cutoff   56      7739.00000 7401.71898  4.36%   155 5503s
 359202 163529 7417.25709   76  190 7739.00000 7402.43805  4.35%   155 5509s
 360694 164857 7421.89506   76  163 7739.00000 7402.77649  4.34%   154 5521s
 364871 165235 7430.29216  100  403 7739.00000 7403.42509  4.34%   153 5526s
 365501 165354 7436.87308  116  335 7739.00000 7403.42509  4.34%   153 5530s
 366559 165533 7411.32311  110  502 7739.00000 7403.42509  4.34%   153 5536s
 367012 165753 7412.32152  116  502 7739.00000 7406.71076  4.29%   153 5540s
 368191 165873 7414.36154  129  491 7739.00000 7408.21215  4.27%   153 5547s
 368731 165962 7415.66229  140  446 7739.00000 7408.67318  4.27%   153 5551s
 369938 166099 7419.22624  159  457 7739.00000 7408.67318  4.27%   153 5558s
 370512 166229 7421.34146  172  409 7739.00000 7410.64343  4.24%   153 5561s
 371184 166386 7422.80798  186  418 7739.00000 7411.73917  4.23%   152 5565s
 372659 166715 7431.13338  223  322 7739.00000 7411.82553  4.23%   152 5573s
 373410 166797 7435.86334  254  334 7739.00000 7411.82553  4.23%   152 5577s
 374211 166919 7435.36693   82  222 7739.00000 7411.82553  4.23%   152 5581s
 375031 167105 7438.73935   48  176 7739.00000 7414.51066  4.19%   152 5586s
 375964 167172 7430.41297  120  275 7739.00000 7414.77809  4.19%   152 5590s
 377999 166785 7444.49161   81  154 7739.00000 7416.07005  4.17%   152 5598s
 378054 166763     cutoff   82      7739.00000 7416.07005  4.17%   152 5603s
 378132 166890 7438.47359   66  173 7739.00000 7417.61270  4.15%   152 5608s
 378540 166934 7439.42001   67  168 7739.00000 7417.91180  4.15%   152 5613s
 379665 166725 7424.53126   59  254 7739.00000 7418.22058  4.14%   151 5618s
 380980 166577 7435.08434   83  196 7739.00000 7419.37788  4.13%   151 5624s
 382311 166285 7440.32174  129  222 7739.00000 7420.16731  4.12%   151 5629s
 383407 166239 7433.06232   68  363 7739.00000 7420.90728  4.11%   151 5634s
 384700 166117 7427.91460   48  188 7739.00000 7421.15432  4.11%   151 5643s
 389482 166248 7433.92515   66  120 7739.00000 7422.36774  4.09%   150 5649s
 392306 166322 7436.27515   42   27 7739.00000 7423.05114  4.08%   150 5654s
 395237 166372 7429.48929   50  241 7739.00000 7423.55542  4.08%   149 5660s
 398255 166328 7428.11298   51  166 7739.00000 7424.18629  4.07%   149 5666s
 401376 166178 infeasible   45      7739.00000 7424.84187  4.06%   148 5672s
 403753 165819 7432.44689   62  198 7739.00000 7425.39065  4.05%   148 5680s
 407317 166224 7443.73009   88  460 7739.00000 7425.99487  4.04%   148 5689s
 407823 166363 7444.95820   91  563 7739.00000 7426.18925  4.04%   148 5695s
 408207 166548 7445.46454   93  508 7739.00000 7426.18925  4.04%   148 5701s
 408613 166763 7445.53040   95  578 7739.00000 7426.18925  4.04%   148 5706s
 409049 166967 7445.93865   97  512 7739.00000 7426.18925  4.04%   148 5712s
 409466 167238 7446.27522   99  526 7739.00000 7426.18925  4.04%   148 5717s
 409924 167529 7446.47239  101  483 7739.00000 7426.18925  4.04%   148 5723s
 410440 167793 7446.79015  104  479 7739.00000 7426.18925  4.04%   148 5729s
 410988 168085 7446.89694  106  517 7739.00000 7426.18925  4.04%   148 5735s
 411552 168357 7447.18416  108  549 7739.00000 7426.18925  4.04%   148 5741s
 412195 168520 7486.62496  110  303 7739.00000 7426.18925  4.04%   148 5747s
 412735 168803 7447.46038  112  533 7739.00000 7426.61714  4.04%   148 5753s
 413340 169022 7447.57581  115  532 7739.00000 7426.61714  4.04%   148 5759s
 413910 169325 7448.86367  118  492 7739.00000 7426.61714  4.04%   148 5767s
 414588 169446 7449.16353  120  508 7739.00000 7426.89022  4.03%   148 5773s
 415006 169784 7511.50486  122  216 7739.00000 7426.89022  4.03%   148 5780s
 415553 170268 7449.70984  125  514 7739.00000 7427.20845  4.03%   148 5787s
 416269 170739 7468.18937  127  285 7739.00000 7427.20845  4.03%   148 5795s
 417047 171265 7452.65352  131  377 7739.00000 7427.40677  4.03%   148 5803s
 417953 171672 7453.48315  135  394 7739.00000 7427.91955  4.02%   148 5811s
 418820 172107 7453.95670  138  394 7739.00000 7427.91955  4.02%   148 5819s
 419735 172468 7480.08647  142  310 7739.00000 7428.12740  4.02%   148 5828s
 420699 172875     cutoff  147      7739.00000 7428.12740  4.02%   149 5836s
 421619 173171 7516.97163  170  272 7739.00000 7428.41868  4.01%   149 5845s
 422469 173800 7481.75512   53  264 7739.00000 7428.41868  4.01%   149 5855s
 423655 173950     cutoff   87      7739.00000 7428.48929  4.01%   149 5864s
 424652 174197 7482.25769   76  234 7739.00000 7430.29487  3.99%   149 5874s
 425581 174558 7518.97946   86  205 7739.00000 7430.29487  3.99%   149 5884s
 426683 174937 7469.40033   89  274 7739.00000 7431.20989  3.98%   149 5894s
 427583 175139 7488.06449  102  281 7739.00000 7431.44378  3.97%   149 5904s
 428259 175303 7493.13010  110  395 7739.00000 7431.44378  3.97%   150 5911s
 428784 175507 7498.03815  114  405 7739.00000 7431.44378  3.97%   150 5917s
 429280 175742 7498.93083  117  313 7739.00000 7431.44378  3.97%   150 5923s
 429765 176064 7499.82251  120  345 7739.00000 7434.34677  3.94%   150 5930s
 430399 176246 7533.62043  122  244 7739.00000 7434.34677  3.94%   150 5936s
 430897 176505 7528.40904  126  217 7739.00000 7434.34677  3.94%   150 5943s
 431448 176773 infeasible  135      7739.00000 7434.34677  3.94%   150 5950s
 432028 176987 7540.77308  143  291 7739.00000 7434.34677  3.94%   150 5957s
 432670 177115 7565.16372  161  207 7739.00000 7434.90202  3.93%   150 5964s
 433150 176982 7517.07285   50  156 7739.00000 7434.90202  3.93%   150 5970s
 433184 176998 7517.32285   51  143 7739.00000 7434.90202  3.93%   150 5976s
 433218 177043 7517.32285   52  143 7739.00000 7434.90202  3.93%   150 5982s
 433286 177200 7565.12120   78  158 7739.00000 7434.90202  3.93%   150 5989s
 433543 177589 7455.67410   59  394 7739.00000 7436.13208  3.91%   150 5996s
 434292 177892 7465.14059   75  308 7739.00000 7438.97257  3.88%   150 6005s
 435112 178302     cutoff   91      7739.00000 7440.04753  3.86%   150 6013s
 436103 178601 7462.36421   57  312 7739.00000 7440.04753  3.86%   150 6021s
 436993 179121 7507.12752   80  212 7739.00000 7440.04753  3.86%   150 6030s
 438002 179566 7535.99183  113  239 7739.00000 7440.04753  3.86%   151 6040s
 438921 180079 7491.45724   36  273 7739.00000 7440.04753  3.86%   151 6049s
 439942 180414     cutoff   64      7739.00000 7440.44259  3.86%   151 6058s
 440826 180781 7490.80785   68  309 7739.00000 7443.14363  3.82%   151 6068s
 441796 180979 7557.60162   90  205 7739.00000 7443.42714  3.82%   151 6077s
 442556 181353 7549.94262   45  250 7739.00000 7443.82518  3.81%   151 6088s
 443533 181779 7543.08118   67  268 7739.00000 7443.82518  3.81%   151 6099s
 444644 182212 7537.71216   85  242 7739.00000 7445.17403  3.80%   152 6109s
 445842 182819 7496.42657   38  308 7739.00000 7445.17403  3.80%   152 6121s
 447251 183323 7556.10498   57  295 7739.00000 7445.71776  3.79%   152 6132s
 448602 184593 7471.15271   77  228 7739.00000 7446.65667  3.78%   152 6142s
 454891 185240     cutoff   72      7739.00000 7447.84549  3.76%   151 6147s
 457926 186159 7461.70493   78  225 7739.00000 7448.63538  3.75%   150 6152s
 461237 186895 7471.48600   59  263 7739.00000 7449.33565  3.74%   150 6157s
 464479 186919 7468.81914   60  191 7739.00000 7449.80998  3.74%   149 6163s
 464515 186953 7469.10896   61  193 7739.00000 7449.87297  3.74%   149 6169s
 464671 187537 7470.69864   62  184 7739.00000 7449.87297  3.74%   149 6175s
 467194 188389 7475.03025   56  206 7739.00000 7450.10663  3.73%   149 6182s
 470798 188833 7454.39375   58  216 7739.00000 7451.13800  3.72%   148 6187s
 473630 190052 7464.02621   76  252 7739.00000 7451.56305  3.71%   148 6199s
 479386 190395 7471.40911   86  221 7739.00000 7452.50448  3.70%   147 6208s
 481414 190211 7459.17887  119  302 7739.00000 7454.82395  3.67%   147 6218s
 483910 189517 7466.20105   81  219 7739.00000 7456.14765  3.65%   146 6223s
 485244 189160 7473.59020   51  295 7739.00000 7456.94943  3.64%   146 6228s
 486786 188810     cutoff  108      7739.00000 7458.09914  3.63%   146 6233s
 488318 188543 7474.16320  114  132 7739.00000 7458.90825  3.62%   146 6238s
 490187 187906     cutoff   82      7739.00000 7459.62646  3.61%   146 6244s
 492027 187323 7469.97482   91  285 7739.00000 7460.55761  3.60%   145 6250s
 494118 186594     cutoff  114      7739.00000 7462.07124  3.58%   145 6256s
 496331 185857 infeasible  222      7739.00000 7463.14385  3.56%   145 6262s
 498690 185003 7469.31800  158  261 7739.00000 7463.89588  3.55%   144 6267s
 501331 183698     cutoff  113      7739.00000 7464.90837  3.54%   144 6273s
 503989 182150 7469.21973  141  268 7739.00000 7465.27796  3.54%   144 6279s
 506623 180378 7471.75484   60  203 7739.00000 7466.56407  3.52%   143 6290s
 512773 179818     cutoff   56      7739.00000 7467.79917  3.50%   142 6296s
 516056 179035     cutoff   49      7739.00000 7468.61511  3.49%   142 6302s
 519431 178030 7475.38879   47  103 7739.00000 7469.34435  3.48%   142 6308s
 522567 176793 7477.20284   62  195 7739.00000 7469.99435  3.48%   141 6314s
 526084 174967 7476.05467   61  160 7739.00000 7470.88889  3.46%   141 6319s
 529564 172788     cutoff   59      7739.00000 7472.00637  3.45%   141 6325s
 533250 173730 7534.25955   94  288 7739.00000 7473.10864  3.44%   140 6340s
 534447 174735 7492.80267  100  436 7739.00000 7473.28728  3.43%   140 6356s
 536136 175528 7494.45985  105  347 7739.00000 7473.28728  3.43%   141 6374s
 538055 175924 7497.38140  113  460 7739.00000 7473.33191  3.43%   141 6387s
 539573 175457 7500.56885  118  550 7739.00000 7473.33191  3.43%   141 6400s
 539639 176180 7543.88399  118  401 7739.00000 7473.33191  3.43%   141 6413s
 540791 176860 7501.24473  123  628 7739.00000 7473.67019  3.43%   141 6426s
 542463 177100 7501.82901  129  535 7739.00000 7473.67019  3.43%   141 6439s
 543450 178667 7502.58381  133  540 7739.00000 7473.67019  3.43%   141 6454s
 545646 179650 7503.86962  141  500 7739.00000 7474.95519  3.41%   141 6468s
 547800 180101 7505.16502  147  460 7739.00000 7474.95519  3.41%   141 6482s
 549411 180854 7507.20458  154  526 7739.00000 7475.69054  3.40%   142 6497s
 551106 181650 7507.62330  161  444 7739.00000 7475.69054  3.40%   142 6512s
 553007 182313 7524.98608  170  217 7739.00000 7476.02761  3.40%   142 6527s
 554741 182708 7547.60302  179  295 7739.00000 7476.80041  3.39%   142 6543s
 556421 183586 7538.36498  193  425 7739.00000 7476.80041  3.39%   142 6561s
 558624 185083 infeasible  216      7739.00000 7477.67445  3.38%   143 6579s
 561295 185504 7508.17312   53  404 7739.00000 7477.74927  3.38%   143 6599s
 563139 185613 7551.92540   77  335 7739.00000 7478.92068  3.36%   143 6611s
 564448 186330 7573.01263  120  284 7739.00000 7479.51189  3.35%   143 6624s
 566021 186842 7599.44473   63  167 7739.00000 7480.43904  3.34%   143 6637s
 567491 187228 7535.46809   48  292 7739.00000 7481.81720  3.32%   143 6651s
 568746 187923 7548.69851   50  216 7739.00000 7481.81720  3.32%   144 6666s
 570374 188380     cutoff   70      7739.00000 7482.43092  3.32%   144 6681s
 572065 188941 7550.48771   61  319 7739.00000 7482.43092  3.32%   144 6697s
 573612 189825 7585.91834   68  267 7739.00000 7483.61856  3.30%   144 6713s
 575599 189816 7597.60576   84  269 7739.00000 7483.71840  3.30%   145 6731s
 576459 191284 7562.99708   42  285 7739.00000 7483.71840  3.30%   145 6748s
 578908 191188 7551.67624   60  354 7739.00000 7483.73512  3.30%   145 6767s
 580247 192366     cutoff  112      7739.00000 7483.73512  3.30%   145 6786s
 582941 193260 7572.71064   65  246 7739.00000 7485.80486  3.27%   145 6804s
 585377 194261 7574.20056   47  275 7739.00000 7486.31885  3.27%   145 6823s
 587740 194657 7512.40242   73  240 7739.00000 7487.50174  3.25%   146 6832s
 593391 195164 7506.52757   73  119 7739.00000 7488.52923  3.24%   145 6839s
 596753 195642 7514.03640   66  154 7739.00000 7489.03413  3.23%   145 6844s
 600126 196056 7507.73084   79  102 7739.00000 7489.54938  3.22%   144 6850s
 606724 197076 7499.19095   69  268 7739.00000 7490.53164  3.21%   143 6859s
 610228 197585     cutoff   60      7739.00000 7490.90906  3.21%   143 6864s
 613157 197951 7513.78021   58  192 7739.00000 7491.39499  3.20%   143 6875s
 617284 198563 7506.73805   62  158 7739.00000 7491.81269  3.19%   142 6882s
 621762 197034 7500.72833  129  170 7739.00000 7492.44638  3.19%   142 6892s
 626696 194173     cutoff   84      7739.00000 7494.16602  3.16%   141 6897s
 629937 191461     cutoff   75      7739.00000 7495.04354  3.15%   140 6901s
 633141 188235     cutoff   85      7739.00000 7496.43505  3.13%   140 6906s
 636565 184392     cutoff  149      7739.00000 7497.50478  3.12%   139 6910s
 640520 180667 7502.84431  101  227 7739.00000 7497.74664  3.12%   139 6915s
 643389 177021     cutoff   55      7739.00000 7504.23360  3.03%   138 6922s
 647354 174193     cutoff   63      7739.00000 7505.61871  3.02%   138 6926s
 654855 173546 infeasible  253      7739.00000 7512.45979  2.93%   137 6953s
 658061 174088 7564.31075  167  472 7739.00000 7512.45979  2.93%   137 6972s
 659900 176568 7578.83811  248  364 7739.00000 7512.58662  2.93%   137 7000s
 663477 177470 7594.93207  116  441 7739.00000 7513.07543  2.92%   137 7020s
 666014 177382 7598.35271   66  225 7739.00000 7513.32738  2.92%   137 7041s
 667215 179344 7580.06125   90  349 7739.00000 7513.54203  2.91%   137 7064s
 670265 180577 7568.27086  100  392 7739.00000 7513.80352  2.91%   137 7088s
 673191 182571 7531.41370   62  343 7739.00000 7514.09458  2.91%   137 7112s
 676633 183986 7576.64964  170  407 7739.00000 7514.09458  2.91%   138 7137s
 679480 185289 7587.23443  157  221 7739.00000 7514.22832  2.90%   138 7164s
 682368 186788 7560.34629  132  293 7739.00000 7515.11633  2.89%   138 7191s
 685782 188315 7597.01312   69  354 7739.00000 7515.56101  2.89%   138 7218s
 689103 189012 7573.02908   75  333 7739.00000 7515.65717  2.89%   138 7245s
 691659 190712 7568.74154   60  320 7739.00000 7515.66255  2.89%   139 7274s
 695437 191261 7599.80526  144  278 7739.00000 7516.18265  2.88%   139 7293s
 697960 192324 7567.55640   44  268 7739.00000 7517.16391  2.87%   139 7313s
 700440 193455 7588.47410   71  289 7739.00000 7517.45209  2.86%   139 7334s
 703169 194090 7558.33598   61  245 7739.00000 7518.49980  2.85%   140 7356s
 705570 195204 7618.07247  102  256 7739.00000 7518.49980  2.85%   140 7379s
 708373 196601 7600.24595   69  214 7739.00000 7519.17445  2.84%   140 7403s
 711707 197004 7614.17936   93  355 7739.00000 7519.69693  2.83%   141 7428s
 713957 199446 7561.69856   46  282 7739.00000 7519.81923  2.83%   141 7455s
 718090 199186 7599.99427  144  377 7739.00000 7521.23159  2.81%   141 7480s
 721690 195370 7554.46700   44  339 7739.00000 7521.97818  2.80%   141 7516s
H723248 195369                    7733.0000000 7521.97818  2.73%   141 7516s
 723248 195776 7543.84598   64   95 7733.00000 7521.97818  2.73%   141 7524s
 728192 196189 7539.52187   66  157 7733.00000 7522.63070  2.72%   141 7530s
 731862 196548     cutoff   87      7733.00000 7523.14774  2.71%   140 7536s
 735550 196698 7529.49907   61  210 7733.00000 7523.61208  2.71%   140 7541s
 738994 196838 7535.75982   77  154 7733.00000 7524.06407  2.70%   140 7546s
 742387 196957     cutoff   77      7733.00000 7524.51565  2.70%   139 7551s
 745796 196933     cutoff   68      7733.00000 7524.95820  2.69%   139 7561s
 751025 196771     cutoff   73      7733.00000 7525.54201  2.68%   139 7567s
 754358 196681     cutoff   71      7733.00000 7526.01265  2.68%   138 7572s
 757857 196642     cutoff   54      7733.00000 7526.55153  2.67%   138 7577s
 761257 196328     cutoff   71      7733.00000 7526.85153  2.67%   138 7582s
 764561 196015 7544.11403   63  161 7733.00000 7527.34308  2.66%   137 7588s
 767612 198251 7583.81746  131  417 7733.00000 7527.76265  2.65%   137 7622s
 770993 198977 infeasible  108      7733.00000 7528.14103  2.65%   137 7653s
 774578 199676 7537.04860  124  412 7733.00000 7528.42075  2.65%   138 7683s
 778106 201299 7561.29934  205  377 7733.00000 7528.60563  2.64%   138 7712s
 781828 201511 7586.42714  324  350 7733.00000 7529.31783  2.63%   138 7742s
 783832 204448 7563.66927  125  219 7733.00000 7529.31783  2.63%   139 7773s
 788123 206116 7580.13725  117  321 7733.00000 7529.77804  2.63%   139 7801s
 791899 207556 7563.41657  123  337 7733.00000 7529.89078  2.63%   139 7828s
 795435 209133 7564.37826   94  372 7733.00000 7530.23903  2.62%   139 7855s
 798813 211202     cutoff  193      7733.00000 7530.23903  2.62%   139 7888s
 802903 211014 7600.07457  115  371 7733.00000 7530.68435  2.62%   140 7913s
 804354 212762 7573.43142  135  265 7733.00000 7530.68435  2.62%   140 7944s
 807168 215524 7548.95867   57  304 7733.00000 7530.73876  2.62%   140 7976s
 811698 217021 7617.20111   48  353 7733.00000 7531.03985  2.61%   140 8009s
 815241 208445 7584.37831   46  241 7733.00000 7531.77994  2.60%   140 8040s
 818989 210420 7565.26018   62  337 7733.00000 7531.85591  2.60%   140 8069s
 821782 213571 7606.38737  130  295 7733.00000 7533.16213  2.58%   141 8099s
 826025 216095 7593.63661   55  306 7733.00000 7534.01476  2.57%   141 8126s
 829542 218596 7609.74051   67  241 7733.00000 7534.15174  2.57%   141 8153s
 833307 221209 7538.68768   50  308 7733.00000 7535.21341  2.56%   141 8180s
 837011 223471 7562.27757   76  290 7733.00000 7535.59401  2.55%   142 8205s
 840410 225017 7616.01575  130  262 7733.00000 7536.24880  2.54%   142 8240s
 843213 227864 7619.27872   66  271 7733.00000 7536.64505  2.54%   142 8276s
 847471 230366 7621.81737   42  305 7733.00000 7537.22762  2.53%   142 8308s
 850986 233136 7577.85791  127  263 7733.00000 7537.90340  2.52%   142 8339s
 854773 236229 7613.64404  143  218 7733.00000 7538.15594  2.52%   143 8368s
H859005 236229                    7724.0000000 7538.74684  2.40%   143 8368s
 859005 235655     cutoff   53      7724.00000 7538.74684  2.40%   143 8375s
 864330 235372 infeasible   62      7724.00000 7539.27573  2.39%   142 8380s
 871115 234433 7553.07524   71  188 7724.00000 7540.29771  2.38%   142 8389s
 874428 233905 7549.20278   65  214 7724.00000 7540.65766  2.37%   141 8394s
 877777 233230     cutoff   73      7724.00000 7541.04102  2.37%   141 8399s
 881195 232690     cutoff   59      7724.00000 7541.45172  2.36%   141 8404s
 884246 232022 7552.99240   61  116 7724.00000 7541.51552  2.36%   141 8409s
 887922 231987     cutoff   81      7724.00000 7542.23542  2.35%   140 8414s
 888013 231751 7553.21906   77  153 7724.00000 7542.23542  2.35%   140 8419s
 888728 231346     cutoff   65      7724.00000 7542.28876  2.35%   140 8424s
 890997 230332 7551.84225   67  153 7724.00000 7542.33847  2.35%   140 8429s
 895213 229149     cutoff   80      7724.00000 7543.02457  2.34%   140 8433s
 899570 227890 7549.42249   73  241 7724.00000 7543.60085  2.34%   139 8438s
 903513 226660     cutoff   98      7724.00000 7544.05946  2.33%   139 8442s
 907437 225259     cutoff   67      7724.00000 7544.53388  2.32%   139 8446s
 911204 227634 7600.46989   91  347 7724.00000 7545.02269  2.32%   138 8476s
 914536 230830 infeasible   57      7724.00000 7545.11612  2.32%   138 8506s
 918513 234093 7581.97420  185  357 7724.00000 7545.58107  2.31%   139 8533s
 922444 237264 7572.07547   66  255 7724.00000 7545.71135  2.31%   139 8559s
 926214 240138 7579.89685   78  307 7724.00000 7545.74226  2.31%   139 8583s
 929574 243275 7583.71478  130  302 7724.00000 7546.06736  2.30%   139 8616s
 933400 244330 7612.35347  179  397 7724.00000 7546.29168  2.30%   139 8643s
 935046 247253 7606.01178   67  211 7724.00000 7546.29168  2.30%   139 8674s
 939080 250090 7569.49204  159  285 7724.00000 7546.67806  2.30%   140 8703s
 942707 252837 7603.19178   92  287 7724.00000 7546.67806  2.30%   140 8731s
 946190 255266 7579.26527  144  319 7724.00000 7547.16971  2.29%   140 8759s
 949500 256992 7614.49372  303  346 7724.00000 7547.33625  2.29%   140 8788s
 952714 259284 7557.70142   79  258 7724.00000 7547.33625  2.29%   140 8816s
 956093 261865 7603.46515  205  349 7724.00000 7547.33625  2.29%   141 8844s
 959696 265376 7607.25113  146  349 7724.00000 7547.71786  2.28%   141 8875s
 963882 267892 7583.81190   57  167 7724.00000 7547.72775  2.28%   141 8907s
 967653 269702 7583.14842   52  292 7724.00000 7547.72775  2.28%   141 8934s
 971060 271896 7603.85582   78  243 7724.00000 7548.64074  2.27%   141 8960s
 974363 274933 7628.27665  117  326 7724.00000 7548.76520  2.27%   142 8993s
 978573 277327 7596.11969   82  264 7724.00000 7549.33848  2.26%   142 9017s
 981748 279331 7601.13665   91  298 7724.00000 7549.59194  2.26%   142 9043s
 984847 280552 7611.13757   92  326 7724.00000 7550.04004  2.25%   142 9067s
 986645 281016     cutoff  130      7724.00000 7550.14729  2.25%   142 9094s
 987271 281452 7601.20376   78  261 7724.00000 7550.19479  2.25%   142 9122s
 987941 283894 7611.97081   87  347 7724.00000 7550.19479  2.25%   142 9153s
 991499 285507 infeasible  143      7724.00000 7550.66887  2.24%   142 9187s
 994484 288152 7629.57908   77  274 7724.00000 7550.77263  2.24%   143 9218s
 998840 290474 7628.38228   71  196 7724.00000 7551.57417  2.23%   143 9249s
 1002834 290569 7578.39315   75  338 7724.00000 7551.75184  2.23%   143 9276s
 1003035 292667 7579.51220   77  314 7724.00000 7551.94142  2.23%   143 9306s
 1006444 295647 7619.74310   55  248 7724.00000 7552.20187  2.22%   143 9340s
 1010796 297597     cutoff   51      7724.00000 7552.62154  2.22%   143 9363s
 1013772 299629     cutoff   55      7724.00000 7552.95254  2.21%   144 9388s
 1016975 297856 7558.36790   81  188 7724.00000 7552.95254  2.21%   144 9395s
 1021678 297169 7557.84336   71   80 7724.00000 7553.44686  2.21%   143 9400s
 1023470 295941 7558.44058   72   71 7724.00000 7553.45367  2.21%   143 9405s
 1026381 294519 7559.93463   73   87 7724.00000 7553.56558  2.21%   143 9410s
 1029364 292646 7561.48224   74   54 7724.00000 7553.66648  2.21%   143 9416s
 1033169 289699     cutoff   73      7724.00000 7553.95698  2.20%   142 9421s
 1038737 286597     cutoff   79      7724.00000 7555.71885  2.18%   142 9425s
 1048391 279584     cutoff   65      7724.00000 7557.31558  2.16%   141 9432s
 1053001 275530 infeasible   55      7724.00000 7558.20530  2.15%   140 9435s
 1066692 269701 7572.14900   54  463 7724.00000 7564.48224  2.07%   139 9468s
 1069730 272492 7597.00233   80  433 7724.00000 7564.96471  2.06%   139 9501s
 1073489 274791 7637.03102  147  486 7724.00000 7565.24561  2.06%   139 9531s
 1076470 276888 7607.29390  109  188 7724.00000 7565.29626  2.05%   139 9563s
 1079304 279097 7617.15956   72  357 7724.00000 7565.42541  2.05%   140 9594s
 1082216 281608 7610.77591  177  451 7724.00000 7565.42541  2.05%   140 9625s
 1086256 284385 7626.70165   83  419 7724.00000 7565.90033  2.05%   140 9656s
 1090125 287065     cutoff   79      7724.00000 7565.90033  2.05%   140 9685s
 1093725 289861 7578.95781   60  306 7724.00000 7566.27863  2.04%   140 9717s
 1097390 292693 7584.95975   53  305 7724.00000 7566.40520  2.04%   140 9745s
 1100830 293408 7604.34706   72  304 7724.00000 7566.50533  2.04%   141 9772s
 1101814 295523 7628.36867  114  329 7724.00000 7566.50533  2.04%   141 9802s
 1104887 298436 7600.11162   58  245 7724.00000 7566.66784  2.04%   141 9833s
 1108720 301390 7585.93773   61  326 7724.00000 7566.91525  2.03%   141 9862s
 1112705 303388 7571.65825   45  277 7724.00000 7567.03754  2.03%   141 9891s
 1115626 304991 7634.46564   97  237 7724.00000 7567.19983  2.03%   141 9919s
 1118382 307574 7636.53505   96  418 7724.00000 7567.38942  2.03%   142 9950s
 1122389 310033 7597.41697   59  410 7724.00000 7567.65916  2.02%   142 9975s
 1125985 312093 7629.00679   60  301 7724.00000 7568.33509  2.02%   142 10000s
 1129408 313765     cutoff   58      7724.00000 7568.50642  2.01%   142 10024s
 1132302 315834 7621.81803   62  295 7724.00000 7568.50642  2.01%   142 10049s
 1135631 318153 7638.50936   68  250 7724.00000 7569.23851  2.00%   143 10075s
 1139138 320441 7588.72739   79  332 7724.00000 7569.34731  2.00%   143 10107s
 1143179 323014     cutoff  106      7724.00000 7569.34731  2.00%   143 10132s
 1146950 325072 7629.02533   97  347 7724.00000 7570.19303  1.99%   143 10156s
 1150009 327422 7638.46654  110  310 7724.00000 7570.40992  1.99%   143 10180s
 1153588 329623 7622.41019   92  283 7724.00000 7570.62434  1.99%   143 10203s
 1156813 331590 7636.89266   55  231 7724.00000 7570.93710  1.98%   143 10227s
 1159903 333713 7615.24001   81  237 7724.00000 7571.01145  1.98%   143 10251s
 1163112 335801 7589.15167  129  379 7724.00000 7571.32366  1.98%   143 10276s
 1166253 337844 7622.51949  235  418 7724.00000 7571.54719  1.97%   144 10300s
 1169576 339292 7617.88258  183  424 7724.00000 7571.97368  1.97%   144 10329s
 1171920 341264 7620.82617   53  274 7724.00000 7571.97890  1.97%   144 10370s
 1175442 343586 7616.67302   83  271 7724.00000 7572.09005  1.97%   144 10402s
 1178877 346123 7630.33594  106  329 7724.00000 7572.15351  1.97%   144 10432s
 1182314 348769 7618.90519   54  221 7724.00000 7572.34593  1.96%   145 10460s
 1185786 350797 7607.12576   72  286 7724.00000 7572.45582  1.96%   145 10488s
 1188945 352407     cutoff   72      7724.00000 7572.45582  1.96%   145 10516s
 1191795 354669 7616.70338   70  216 7724.00000 7572.69346  1.96%   145 10545s
 1195132 356962 7633.33213   73  304 7724.00000 7572.77473  1.96%   145 10574s
 1198278 359917 7622.10353   69  293 7724.00000 7572.89583  1.96%   145 10604s
 1202078 362676 7635.56270  143  352 7724.00000 7572.93694  1.96%   146 10631s
 1205627 365251 7623.22430   61  203 7724.00000 7573.14457  1.95%   146 10664s
 1208997 368061 7630.07736  222  341 7724.00000 7573.20949  1.95%   146 10693s
 1212505 370413 7637.93564  129  338 7724.00000 7573.20949  1.95%   146 10721s
 1215775 372317 7599.07414   55  223 7724.00000 7573.49200  1.95%   146 10749s
 1216794 372317 7580.56564   78  345 7724.00000 7573.52503  1.95%   146 10750s
 1218711 374148 7609.60638   85  352 7724.00000 7573.56034  1.95%   146 10779s
 1221775 376466 7618.19320   89  309 7724.00000 7573.71810  1.95%   147 10811s
 1225375 379074 7627.56763   94  283 7724.00000 7574.10096  1.94%   147 10838s
 1229080 380759 7627.68409  128  293 7724.00000 7574.25874  1.94%   147 10864s
 1232535 382608     cutoff   64      7724.00000 7574.53590  1.94%   147 10889s
 1235633 384579 7616.93701   89  376 7724.00000 7574.73315  1.93%   147 10914s
 1239092 386716 7581.09539   49  298 7724.00000 7575.23451  1.93%   147 10940s
 1242450 387580 7640.98349   90  303 7724.00000 7575.43253  1.92%   147 10964s
 1243725 389954 7604.72515   64  377 7724.00000 7575.56705  1.92%   147 10991s
 1247390 392272 7608.21143   73  209 7724.00000 7575.90380  1.92%   147 11018s
 1250977 394710 7631.72604   90  255 7724.00000 7576.09291  1.91%   148 11050s
 1254918 396413 7605.62878   64  385 7724.00000 7576.36846  1.91%   148 11075s
 1258248 398324 7591.82264   65  290 7724.00000 7576.56521  1.91%   148 11099s
 1261725 400170 7605.07332  112  384 7724.00000 7576.71930  1.91%   148 11122s
 1265012 401771 7588.11240   61  304 7724.00000 7576.92565  1.90%   148 11147s
 1268126 403893 7625.62573   94  333 7724.00000 7577.15933  1.90%   148 11171s
 1271514 405824 7642.40992   89  272 7724.00000 7577.32312  1.90%   148 11194s
 1274749 407122 7595.22151  118  507 7724.00000 7577.48850  1.90%   148 11225s
 1276800 409601 7631.59918  173  435 7724.00000 7577.50415  1.90%   148 11271s
 1281252 412416 7607.33996   74  303 7724.00000 7577.66668  1.89%   149 11308s
 1285271 414231 7586.81879  117  436 7724.00000 7577.74325  1.89%   149 11344s
 1287946 415885 7619.10379   66  270 7724.00000 7577.85407  1.89%   149 11376s
 1291150 418862 7590.97325   48  280 7724.00000 7577.92824  1.89%   149 11407s
 1294995 421475 7583.86485   62  356 7724.00000 7578.11529  1.89%   149 11436s
 1298446 423950 7588.72179   50  269 7724.00000 7578.23659  1.89%   149 11463s
 1301618 426158 7630.42030   84  119 7724.00000 7578.32723  1.89%   150 11491s
 1304825 428074 7586.11900   70  311 7724.00000 7578.34834  1.89%   150 11520s
 1307861 429918 7620.97000   82  335 7724.00000 7578.43481  1.88%   150 11548s
 1310791 431573 7645.31496  198  212 7724.00000 7578.57284  1.88%   150 11577s
 1313783 433883 7596.58333   79  280 7724.00000 7578.66664  1.88%   150 11607s
 1316886 435982 7628.83426   71  201 7724.00000 7578.74905  1.88%   150 11639s
 1319669 439567 7634.79805  131  371 7724.00000 7578.83418  1.88%   151 11675s
 1324044 442467 7628.09719  168  344 7724.00000 7578.88966  1.88%   151 11705s
 1327710 444900 7631.79382  100  346 7724.00000 7578.88966  1.88%   151 11734s
 1331640 447060     cutoff   71      7724.00000 7579.15249  1.88%   151 11758s
 1335047 449481 7614.05118   69  216 7724.00000 7579.51936  1.87%   151 11789s
 1338990 451894 7604.13679  108  312 7724.00000 7579.63100  1.87%   151 11813s
 1342594 453595 7632.40330   80  341 7724.00000 7579.93200  1.87%   151 11836s
 1345518 455207 7646.98499   72  213 7724.00000 7580.06602  1.86%   151 11860s
 1348780 457131 7631.68603   46  223 7724.00000 7580.23611  1.86%   151 11885s
 1351999 458870 7624.09566   79  269 7724.00000 7580.41581  1.86%   151 11908s
 1355230 460670 7643.61670   71  200 7724.00000 7580.82228  1.85%   151 11932s
 1358317 462886 7622.21414   51  282 7724.00000 7581.01212  1.85%   151 11957s
 1361823 464879 7646.17528  112  216 7724.00000 7581.12699  1.85%   152 11980s
 1365157 467930 7599.00617   58  273 7724.00000 7581.30265  1.85%   152 12012s
 1369590 469407 7595.85901   79  345 7724.00000 7581.56611  1.84%   152 12033s
 1372409 470882 7602.47756   68  436 7724.00000 7581.79525  1.84%   152 12055s
 1375127 472584 7615.62085   56  351 7724.00000 7581.88778  1.84%   152 12079s
 1378432 473695 7628.18043   79  366 7724.00000 7581.97452  1.84%   152 12108s
 1381153 475765     cutoff   73      7724.00000 7582.19312  1.84%   152 12144s
 1384862 478418 7622.65781   58  360 7724.00000 7582.29029  1.83%   152 12177s
 1388540 479997 7647.78856  128  413 7724.00000 7582.32846  1.83%   152 12212s
 1391300 482339 infeasible   94      7724.00000 7582.46809  1.83%   153 12244s
 1394836 484872 7623.92899  146  334 7724.00000 7582.49560  1.83%   153 12276s
 1398493 485634 7615.04068   71  248 7724.00000 7582.64231  1.83%   153 12309s
 1399564 492300 7620.76107   91  296 7724.00000 7582.64231  1.83%   153 12394s
 1409131 493631 7602.76478   98  433 7724.00000 7582.93322  1.83%   153 12431s
 1410900 496102 7602.13496   71  325 7724.00000 7582.98049  1.83%   153 12469s
 1415230 498837 infeasible   86      7724.00000 7583.11669  1.82%   153 12507s
 1419141 500691 7627.45992   85  331 7724.00000 7583.22275  1.82%   154 12541s
 1422830 503235 7644.10787  142  343 7724.00000 7583.31030  1.82%   154 12572s
 1426358 505762 7619.88438   96  438 7724.00000 7583.39521  1.82%   154 12604s
 1429860 508143 7601.66701   51  417 7724.00000 7583.47713  1.82%   154 12632s
 1433768 509915     cutoff   66      7724.00000 7583.82666  1.81%   154 12656s
 1436853 511889 7637.93581  134  264 7724.00000 7583.93227  1.81%   154 12679s
 1440176 513963 7616.02068   58  297 7724.00000 7584.00479  1.81%   154 12703s
 1443553 515950 7645.79796   69  397 7724.00000 7584.22733  1.81%   154 12728s
 1446979 518233 7631.92086   54  181 7724.00000 7584.43751  1.81%   154 12759s
 1450986 520213 7631.19064  157  303 7724.00000 7584.60286  1.80%   154 12781s
 1454200 522098 7608.55707   56  398 7724.00000 7584.80197  1.80%   154 12805s
 1457306 523929 infeasible   45      7724.00000 7585.02493  1.80%   155 12827s
 1460223 525947 7640.76470   71  309 7724.00000 7585.12474  1.80%   155 12852s
 1463642 527649     cutoff   65      7724.00000 7585.27760  1.80%   155 12877s
 1466889 529445 7623.06941   79  283 7724.00000 7585.32356  1.80%   155 12901s
 1470127 531458 7624.10313   66  252 7724.00000 7585.68135  1.79%   155 12925s
 1473243 533337 7642.92697  114  324 7724.00000 7585.73231  1.79%   155 12949s
 1476351 535422     cutoff   56      7724.00000 7585.94157  1.79%   155 12980s
 1479920 537411 7625.99030  108  452 7724.00000 7586.03613  1.79%   155 13011s
 1482663 540391     cutoff  203      7724.00000 7586.06349  1.79%   155 13047s
 1486737 542334 7637.71129   77  246 7724.00000 7586.18373  1.78%   155 13079s
 1489622 544694 7630.65844  105  263 7724.00000 7586.21250  1.78%   155 13111s
 1493144 546969 infeasible   66      7724.00000 7586.37960  1.78%   156 13144s
 1496524 549964 7621.98480  116  368 7724.00000 7586.45787  1.78%   156 13176s
 1500506 551263 7651.24469  111  287 7724.00000 7586.53709  1.78%   156 13206s
 1502239 554128 7636.55052  100  317 7724.00000 7586.58897  1.78%   156 13239s
 1506299 556343 7622.65290   64  359 7724.00000 7586.60568  1.78%   156 13270s
 1509669 558499 7638.12520   84  326 7724.00000 7586.76770  1.78%   156 13303s
 1512679 561179 7625.67684   88  344 7724.00000 7586.83999  1.78%   156 13337s
 1516470 563534 7637.57075   85  271 7724.00000 7586.92669  1.77%   156 13368s
 1519974 565729 7609.86734   78  256 7724.00000 7587.05850  1.77%   156 13398s
 1523074 568235 7653.94676  134  335 7724.00000 7587.11395  1.77%   157 13428s
 1526102 570910 7624.13728   65  237 7724.00000 7587.16590  1.77%   157 13460s
 1529573 571925 7599.51779   64  304 7724.00000 7587.21091  1.77%   157 13493s
 1531047 572762 7628.46764  159  402 7724.00000 7587.21691  1.77%   157 13520s
 1532426 577982     cutoff  175      7724.00000 7587.29743  1.77%   157 13582s
 1541071 580234 7621.65144   77  337 7724.00000 7587.45142  1.77%   157 13610s
 1544941 582233 7626.12177   54  292 7724.00000 7587.82358  1.76%   157 13637s
 1548434 584449 infeasible  125      7724.00000 7588.06709  1.76%   157 13664s
 1552194 586619 7634.87497   67  262 7724.00000 7588.17414  1.76%   157 13688s
 1555668 588287 7637.79402   93  401 7724.00000 7588.32644  1.76%   157 13714s
 1559042 590651 7648.48881   64  234 7724.00000 7588.67500  1.75%   157 13744s
 1562859 592919 7616.12676   97  351 7724.00000 7588.76133  1.75%   157 13768s
 1566204 594757 7624.93402  102  312 7724.00000 7588.88685  1.75%   157 13791s
 1569321 596625 7650.06942  114  227 7724.00000 7588.97586  1.75%   157 13815s
 1572774 598491 7651.09995   88  153 7724.00000 7589.12993  1.75%   157 13839s
 1576039 600664 7598.13894  118  418 7724.00000 7589.21860  1.74%   157 13862s
 1579591 602542 7641.87063  216  347 7724.00000 7589.32185  1.74%   157 13886s
 1582735 604116 infeasible   73      7724.00000 7589.55199  1.74%   157 13915s
 1584858 607017 7645.66029  117  361 7724.00000 7589.64951  1.74%   158 13960s
 1588673 609911 7634.12754  117  376 7724.00000 7589.66848  1.74%   158 14002s
 1593244 612042 7640.72974  153  474 7724.00000 7589.71869  1.74%   158 14034s
 1596317 614731 7609.89925  130  279 7724.00000 7589.90049  1.74%   158 14067s
 1600081 617021 7655.80523  189  315 7724.00000 7589.99293  1.73%   158 14098s
 1603362 618766 7615.94314   93  406 7724.00000 7590.09109  1.73%   158 14127s
 1606153 621395     cutoff  102      7724.00000 7590.09743  1.73%   158 14158s
 1609473 624175 7646.49213  146  460 7724.00000 7590.18748  1.73%   158 14190s
 1613174 626846 7657.66326  124  205 7724.00000 7590.24943  1.73%   158 14221s
 1616623 628964 7634.55202   97  273 7724.00000 7590.31720  1.73%   159 14250s
 1619559 631047 7645.33165  146  387 7724.00000 7590.38788  1.73%   159 14281s
 1622664 633098 7596.63003   51  286 7724.00000 7590.48624  1.73%   159 14314s
 1626065 635667 7613.01218   93  362 7724.00000 7590.51820  1.73%   159 14344s
 1629467 637822 7639.80468  113  277 7724.00000 7590.57365  1.73%   159 14372s
 1632315 638601 7612.85953  179  333 7724.00000 7590.64245  1.73%   159 14404s
 1633655 640422 7650.73454   55  260 7724.00000 7590.64245  1.73%   159 14432s
 1636922 642782 7648.97731   99  195 7724.00000 7590.76541  1.72%   159 14459s
 1640410 644557 7617.32575   80  298 7724.00000 7591.00919  1.72%   159 14489s
 1643907 646786 7634.77972   64  310 7724.00000 7591.13885  1.72%   159 14514s
 1647468 648592 7632.88930   93  311 7724.00000 7591.28225  1.72%   159 14539s
 1650677 650746 7626.26163   59  252 7724.00000 7591.38910  1.72%   159 14564s
 1653928 652878 7621.45561   78  283 7724.00000 7591.54914  1.71%   159 14588s
 1657211 654919 7627.70978  145  335 7724.00000 7591.68010  1.71%   159 14613s
 1660562 656670 7633.82654   59  140 7724.00000 7591.79163  1.71%   160 14637s
 1663934 658452     cutoff   97      7724.00000 7591.96939  1.71%   160 14661s
 1666973 660617 7617.47087  102  289 7724.00000 7592.09877  1.71%   160 14686s
 1670302 662108 7649.90351   69  181 7724.00000 7592.21246  1.71%   160 14718s
 1672819 664756 7633.83906  169  387 7724.00000 7592.24460  1.71%   160 14752s
 1677263 666913 7633.65380  135  249 7724.00000 7592.36617  1.70%   160 14780s
 1681068 669301 7641.22976  115  297 7724.00000 7592.59664  1.70%   160 14808s
 1684823 671142 7629.09240  244  501 7724.00000 7592.77011  1.70%   160 14838s
 1687484 673158 infeasible   65      7724.00000 7592.83227  1.70%   160 14875s
 1691105 675391 7614.05241   96  376 7724.00000 7592.91603  1.70%   160 14910s
 1694465 678284 7658.80943  147  205 7724.00000 7592.99055  1.70%   160 14945s
 1698464 681059 7648.65713  140  309 7724.00000 7593.09952  1.69%   160 14979s
 1702123 682727 7629.91584  127  295 7724.00000 7593.13426  1.69%   160 15011s
 1705193 684318 7654.64842  113  359 7724.00000 7593.21761  1.69%   161 15043s
 1707826 687043 7606.30589   99  433 7724.00000 7593.24389  1.69%   161 15083s
 1711851 689919 7656.82772  218  300 7724.00000 7593.25847  1.69%   161 15117s
 1715700 692021 7648.02288  173  353 7724.00000 7593.40628  1.69%   161 15148s
 1718855 695049 7644.94214   76  290 7724.00000 7593.49067  1.69%   161 15181s
 1722584 697631 7646.30392  100  339 7724.00000 7593.49067  1.69%   161 15213s
 1726150 699769 7657.00352   91  326 7724.00000 7593.52182  1.69%   161 15242s
 1729045 702428 7648.19819   84  260 7724.00000 7593.67221  1.69%   161 15274s
 1732569 704478 7615.44205   53  268 7724.00000 7593.70474  1.69%   161 15305s
 1735706 704870 7644.06902   74  263 7724.00000 7593.77843  1.69%   162 15330s
 1736391 714925 7641.59750   71  293 7724.00000 7593.83117  1.69%   162 15449s
 1753725 716918 7603.22932   86  380 7724.00000 7594.36568  1.68%   162 15479s
 1757110 717466 7645.75747  128  208 7724.00000 7594.47105  1.68%   162 15505s
 1758444 719509 7609.22792   79  344 7724.00000 7594.58211  1.68%   162 15538s
 1761944 721984 7634.18894   58  266 7724.00000 7594.86404  1.67%   162 15571s
 1765773 724571     cutoff   60      7724.00000 7594.88438  1.67%   162 15601s
 1770104 727068     cutoff   85      7724.00000 7595.15307  1.67%   162 15629s
 1774009 729214 7647.91841   84  286 7724.00000 7595.21201  1.67%   162 15656s
 1777561 731307     cutoff   69      7724.00000 7595.41431  1.66%   162 15682s
 1781012 732767 7619.02672   61  367 7724.00000 7595.55220  1.66%   162 15709s
 1784372 734630 7639.08779   87  304 7724.00000 7595.67598  1.66%   162 15739s
 1788010 736282 7626.08715  102  446 7724.00000 7595.75606  1.66%   162 15772s
 1790614 738425 7634.08034   85  352 7724.00000 7595.81503  1.66%   162 15809s
 1794120 741014 7611.59896   68  279 7724.00000 7595.89005  1.66%   162 15846s
 1797982 743745 7618.16334   63  289 7724.00000 7596.03042  1.66%   163 15881s
 1801817 745998 infeasible   60      7724.00000 7596.08656  1.66%   163 15914s
 1804789 748089 7633.48853  105  256 7724.00000 7596.12329  1.66%   163 15949s
 1808401 750258 7641.39605   63  184 7724.00000 7596.19491  1.65%   163 15982s
 1811725 752756 7638.08879   77  291 7724.00000 7596.25144  1.65%   163 16016s
 1815300 755457 7648.56142   68  256 7724.00000 7596.25371  1.65%   163 16049s
 1818948 757025 7646.78097  181  312 7724.00000 7596.37464  1.65%   163 16083s
 1821196 760450     cutoff   80      7724.00000 7596.37548  1.65%   163 16127s
 1825901 762291 7649.70963  138  312 7724.00000 7596.47296  1.65%   163 16160s
 1829243 765127 7639.81404   76  346 7724.00000 7596.52765  1.65%   163 16195s
 1833090 767464 7618.14348   52  299 7724.00000 7596.56818  1.65%   163 16227s
 1836580 769791 7630.70972   73  285 7724.00000 7596.59348  1.65%   164 16259s
 1839671 771658 infeasible   59      7724.00000 7596.73178  1.65%   164 16286s
 1842880 773661 7634.95148   77  192 7724.00000 7596.84066  1.65%   164 16313s
 1846533 775880 7614.24714   61  252 7724.00000 7597.01013  1.64%   164 16339s
 1848174 775880 7629.49306   85  261 7724.00000 7597.02269  1.64%   164 16340s
 1850182 777753     cutoff   71      7724.00000 7597.02944  1.64%   164 16364s
 1853348 779778 7611.10477   92  250 7724.00000 7597.18062  1.64%   164 16389s
 1856827 781672 7623.94349   88  372 7724.00000 7597.28201  1.64%   164 16414s
 1860120 783910 7609.53731  149  407 7724.00000 7597.44854  1.64%   164 16439s
 1863421 785749     cutoff   82      7724.00000 7597.54859  1.64%   164 16464s
 1866644 787837 7653.23813  119  330 7724.00000 7597.68632  1.64%   164 16494s
 1870174 789662 7650.45761   80  221 7724.00000 7597.81632  1.63%   164 16519s
 1873472 791301 7639.32059  115  286 7724.00000 7597.92835  1.63%   164 16545s
 1876553 792942 7606.41365   54  311 7724.00000 7598.02732  1.63%   164 16570s
 1879911 794650 7602.06608   71  337 7724.00000 7598.21487  1.63%   164 16596s
 1882812 796035 7653.74799   92  230 7724.00000 7598.23542  1.63%   164 16622s
 1885662 798311     cutoff   44      7724.00000 7598.38593  1.63%   164 16648s
 1889380 800195 7645.79188   70  302 7724.00000 7598.48197  1.63%   164 16674s
 1892752 802017 7628.90073   73  351 7724.00000 7598.63122  1.62%   164 16704s
 1895394 804432 7653.44602   84  348 7724.00000 7598.66407  1.62%   164 16743s
 1899254 806385 7646.69801  120  336 7724.00000 7598.77191  1.62%   164 16778s
 1902819 807677 7632.19344   79  274 7724.00000 7598.84577  1.62%   165 16813s
 1904756 810868 7655.08751   58  279 7724.00000 7598.87947  1.62%   165 16863s
 1909680 812804 7633.09011   60  225 7724.00000 7598.96252  1.62%   165 16902s
 1913642 815085 infeasible   92      7724.00000 7599.02431  1.62%   165 16938s
 1917470 816609 7643.23285  109  338 7724.00000 7599.02431  1.62%   165 16972s
 1919753 818902 7652.25589   95  180 7724.00000 7599.13409  1.62%   165 17009s
 1923397 821243 7654.46595  165  356 7724.00000 7599.17331  1.62%   165 17046s
 1927180 823468 7648.26526   93  391 7724.00000 7599.17331  1.62%   165 17080s
 1930414 825998 7640.30086   90  289 7724.00000 7599.29683  1.61%   165 17115s
 1934111 827997 7658.84359   66  224 7724.00000 7599.33157  1.61%   165 17148s
 1937223 830093 7650.57560   85  155 7724.00000 7599.41659  1.61%   166 17181s
 1940487 831639 7656.88110  114  228 7724.00000 7599.47749  1.61%   166 17213s
 1943254 832999     cutoff  101      7724.00000 7599.54009  1.61%   166 17240s
 1946505 835156 7653.65304  112  266 7724.00000 7599.59195  1.61%   166 17269s
 1948423 835156 7636.16729   91  276 7724.00000 7599.62156  1.61%   166 17270s
 1950424 837019 7626.45470   52  267 7724.00000 7599.78593  1.61%   166 17293s
 1953608 838341 7633.83335   95  276 7724.00000 7599.91955  1.61%   166 17316s
 1956853 839732 7633.60541   85  294 7724.00000 7600.01195  1.61%   166 17340s
 1960058 841732 7645.24745   73  336 7724.00000 7600.03610  1.60%   166 17363s
 1963244 843347 7609.63581   72  325 7724.00000 7600.17644  1.60%   166 17387s
 1966295 844758 7632.67536  114  407 7724.00000 7600.27241  1.60%   166 17411s
 1969543 846433 infeasible   99      7724.00000 7600.41264  1.60%   166 17436s
 1972599 848263 7640.96714   94  294 7724.00000 7600.51375  1.60%   166 17461s
 1975749 850335 7610.31534   69  295 7724.00000 7600.55671  1.60%   166 17490s
 1979421 852249 7642.33648   85  392 7724.00000 7600.67499  1.60%   166 17515s
 1982787 852935 7647.54294  117  158 7724.00000 7600.81356  1.59%   166 17539s
 1983928 854559 7647.12771  133  288 7724.00000 7600.82014  1.59%   166 17567s
 1987581 856268 7609.64814   64  338 7724.00000 7600.95988  1.59%   166 17594s
 1991035 858344 7626.35456   74  302 7724.00000 7601.04383  1.59%   166 17619s
 1994535 859290 7634.02443   70  250 7724.00000 7601.16414  1.59%   166 17650s
 1996900 860931 infeasible   80      7724.00000 7601.19042  1.59%   166 17691s
 2000538 863495 7659.62425  109  242 7724.00000 7601.19282  1.59%   166 17730s
 2004603 865980 7631.70968   79  117 7724.00000 7601.30556  1.59%   167 17766s
 2008167 868638 7660.61592  139  348 7724.00000 7601.40657  1.59%   167 17802s
 2011723 871203 7625.41520  201  367 7724.00000 7601.46114  1.59%   167 17838s
 2015239 873186 7635.29422  125  391 7724.00000 7601.51676  1.59%   167 17871s
 2018085 875977 7654.97639   75  271 7724.00000 7601.53328  1.59%   167 17907s
 2021841 877072 7656.96488   71  246 7724.00000 7601.61546  1.58%   167 17941s
 2023631 878256     cutoff  128      7724.00000 7601.67193  1.58%   167 17980s
 2025962 881390 7661.71253   96  265 7724.00000 7601.68394  1.58%   167 18021s
 2030308 883707 7643.32089   67  301 7724.00000 7601.73810  1.58%   167 18057s
 2033422 885651 7630.38557  114  385 7724.00000 7601.77662  1.58%   167 18097s
 2036646 887758 7665.14049  234  412 7724.00000 7601.86028  1.58%   167 18135s
 2040614 890073 7646.04408   71  330 7724.00000 7601.91764  1.58%   167 18170s
 2044163 891769 7661.71715  168  330 7724.00000 7601.97943  1.58%   168 18208s
 2047016 893434     cutoff   98      7724.00000 7601.98532  1.58%   168 18235s
 2050283 895013 7652.20234   77  159 7724.00000 7602.09855  1.58%   168 18262s
 2053824 897034 7643.73610   53  311 7724.00000 7602.22231  1.58%   168 18288s
 2057411 899169 7654.79741   82  235 7724.00000 7602.30786  1.58%   168 18318s
 2061301 899267 7654.18213   91  302 7724.00000 7602.43103  1.57%   168 18342s
 2061477 899445 7654.22604   92  304 7724.00000 7602.43103  1.57%   168 18368s
 2061772 900522 7655.22753   93  298 7724.00000 7602.43103  1.57%   168 18398s
 2063458 902634 7655.64935   94  314 7724.00000 7602.43103  1.57%   168 18433s
 2067147 905096 7612.03513   53  309 7724.00000 7602.51697  1.57%   168 18467s
 2071348 907069 7628.82734   95  221 7724.00000 7602.75203  1.57%   168 18499s
 2074897 909302     cutoff   99      7724.00000 7602.81079  1.57%   168 18530s
 2078916 911366 7654.79863  109  149 7724.00000 7602.94915  1.57%   168 18559s
 2082877 913262 7655.96714  116  234 7724.00000 7603.08213  1.57%   168 18587s
 2086660 915360 7644.95842   65  193 7724.00000 7603.17341  1.56%   168 18617s
 2090431 917095 7641.06398   89  282 7724.00000 7603.27178  1.56%   168 18642s
 2093589 918448 7649.15317  105  330 7724.00000 7603.37628  1.56%   168 18666s
 2096650 920017     cutoff  101      7724.00000 7603.47537  1.56%   168 18690s
 2099741 921324 7661.35887   68  357 7724.00000 7603.58233  1.56%   168 18722s
 2102168 923733 7642.65973   82  221 7724.00000 7603.66315  1.56%   168 18764s
 2106356 926352 7618.42991   71  384 7724.00000 7603.68728  1.56%   168 18800s
 2110156 928124 7616.60679   75  343 7724.00000 7603.77447  1.56%   168 18835s
 2113599 930333 7655.16329   98  269 7724.00000 7603.82838  1.56%   168 18869s
 2117030 932296 7658.46449   77  239 7724.00000 7603.89493  1.55%   169 18904s
 2120087 934698 7653.39024  162  294 7724.00000 7603.92466  1.55%   169 18938s
 2123519 935724 7621.16692   83  310 7724.00000 7603.99166  1.55%   169 18974s
 2125018 936458 7628.17270  109  261 7724.00000 7604.01792  1.55%   169 19009s
 2125989 936668 7628.42747  110  280 7724.00000 7604.02233  1.55%   169 19042s
 2126308 952166 7629.50738  111  379 7724.00000 7604.02233  1.55%   169 19338s
 2149908 953890 7634.47305  125  303 7724.00000 7604.23887  1.55%   169 19366s
 2153138 955827 7629.02242   69  347 7724.00000 7604.32740  1.55%   169 19394s
 2156794 957709 7631.87276   53  185 7724.00000 7604.46473  1.55%   169 19421s
 2160300 959273 7643.67125   51  287 7724.00000 7604.51784  1.55%   169 19447s
 2163704 960895 7650.19943   79  331 7724.00000 7604.64170  1.55%   169 19472s
 2167047 962794     cutoff   96      7724.00000 7604.75383  1.54%   169 19502s
 2170704 963881 7654.60778   73  256 7724.00000 7604.84619  1.54%   170 19527s
 2172997 965643 7647.84968   95  311 7724.00000 7604.86974  1.54%   170 19554s
 2176226 967375 7648.42116   77  295 7724.00000 7605.00775  1.54%   170 19581s
 2180032 969321 7632.51115   73  341 7724.00000 7605.09544  1.54%   170 19608s
 2183673 970762 7647.02309   73  269 7724.00000 7605.15650  1.54%   170 19634s
 2187225 972438     cutoff  113      7724.00000 7605.31175  1.54%   170 19659s
 2190624 974381 7638.73676   69  288 7724.00000 7605.40598  1.54%   170 19684s
 2194103 975847 7646.75933   61  362 7724.00000 7605.49382  1.53%   170 19709s
 2197371 977361     cutoff   80      7724.00000 7605.53920  1.53%   170 19739s
 2201172 978241 7632.51122   82  273 7724.00000 7605.69141  1.53%   170 19772s
 2202564 983078 7654.67390  138  193 7724.00000 7605.71057  1.53%   170 19845s
 2209947 985301 7624.64018   78  307 7724.00000 7605.85487  1.53%   170 19880s
 2213253 987766 7641.87813   71  322 7724.00000 7605.95465  1.53%   170 19912s
 2216733 990034 7635.93231   67  405 7724.00000 7606.04468  1.53%   170 19944s
 2217710 990034     cutoff  124      7724.00000 7606.05778  1.53%   170 19945s
 2220070 992324 7640.90021  101  331 7724.00000 7606.08569  1.53%   170 19977s
 2223448 993980 7650.44208   62  284 7724.00000 7606.13263  1.53%   170 20008s
 2226356 996015 7633.32831   96  350 7724.00000 7606.17061  1.53%   170 20040s
 2229390 997976 7644.03561  162  382 7724.00000 7606.18056  1.53%   170 20074s
 2232438 999985 7650.55133  109  429 7724.00000 7606.22243  1.52%   170 20107s
 2235711 1001845 7620.11689   61  364 7724.00000 7606.28748  1.52%   171 20140s
 2238878 1003859 7640.92290   97  365 7724.00000 7606.31589  1.52%   171 20175s
 2242171 1006279 infeasible  110      7724.00000 7606.35569  1.52%   171 20207s
 2245550 1008022 7657.75006   83  315 7724.00000 7606.41305  1.52%   171 20238s
 2248321 1010385 7649.58737  104  213 7724.00000 7606.46373  1.52%   171 20272s
 2251889 1011125 7639.22001  123  285 7724.00000 7606.51279  1.52%   171 20299s
 2253375 1015200 7629.80101   82  342 7724.00000 7606.56017  1.52%   171 20354s
 2254584 1015200 7632.18254   67  324 7724.00000 7606.56017  1.52%   171 20355s
 2261062 1016900     cutoff   76      7724.00000 7606.77659  1.52%   171 20384s
 2264698 1018084 7625.91830   65  300 7724.00000 7606.88934  1.52%   171 20412s
 2267100 1020042     cutoff  105      7724.00000 7606.96797  1.52%   171 20442s
 2271294 1021271     cutoff   95      7724.00000 7607.10703  1.51%   171 20470s
 2274767 1022844 7616.42488   68  399 7724.00000 7607.15251  1.51%   171 20497s
 2278419 1024466 7625.84901   76  293 7724.00000 7607.19268  1.51%   171 20527s
 2282065 1026352 7638.05365   78  342 7724.00000 7607.35983  1.51%   171 20552s
 2285534 1028032     cutoff   84      7724.00000 7607.44558  1.51%   171 20576s
 2288784 1029538 7633.96073  103  296 7724.00000 7607.58123  1.51%   171 20600s
 2291953 1031289 7631.30177   69  271 7724.00000 7607.60806  1.51%   171 20624s
 2295197 1033245 7625.49943   95  381 7724.00000 7607.73186  1.51%   171 20649s
 2298438 1034963 7631.57175   74  370 7724.00000 7607.81614  1.50%   171 20673s
 2301578 1036785 7629.69422   95  400 7724.00000 7607.90259  1.50%   171 20698s
 2304877 1038100 7658.98267  121  381 7724.00000 7607.97271  1.50%   171 20730s
 2307338 1040590 infeasible   88      7724.00000 7607.98478  1.50%   171 20773s
 2311540 1041925 7640.57150   95  301 7724.00000 7608.07021  1.50%   171 20810s
 2313803 1044169 7649.87757  133  346 7724.00000 7608.12871  1.50%   172 20856s
 2317225 1047045 7657.49185  169  418 7724.00000 7608.14040  1.50%   172 20896s
 2321324 1049269 7657.90273  171  315 7724.00000 7608.21636  1.50%   172 20929s
 2324330 1051101 7668.61015   63  202 7724.00000 7608.25139  1.50%   172 20965s
 2327881 1052826 7656.01780   96  375 7724.00000 7608.33087  1.50%   172 20999s
 2330961 1054693 7659.49770  100  353 7724.00000 7608.36166  1.50%   172 21034s
 2334294 1057071 7644.30982  128  370 7724.00000 7608.43196  1.50%   172 21068s
 2337458 1059365 7656.00847   68  252 7724.00000 7608.46487  1.50%   172 21103s
 2340951 1061874 7641.82630   79  380 7724.00000 7608.51787  1.50%   172 21138s
 2344413 1064021 7649.89415  128  211 7724.00000 7608.58282  1.49%   172 21171s
 2347657 1065747 7630.76482   98  322 7724.00000 7608.61550  1.49%   172 21205s
 2350891 1067359 7646.06359  111  270 7724.00000 7608.66256  1.49%   172 21240s
 2353701 1068458     cutoff  119      7724.00000 7608.70121  1.49%   172 21279s
 2355671 1070127 7655.35458   44  231 7724.00000 7608.74334  1.49%   172 21306s
 2359043 1071806 7632.78192  105  307 7724.00000 7608.79774  1.49%   172 21337s
 2362760 1073549 7647.20171   73  291 7724.00000 7608.92962  1.49%   173 21361s
 2366086 1074901 7640.63053   82  254 7724.00000 7609.01937  1.49%   173 21385s
 2369188 1076185 7653.23793   69  303 7724.00000 7609.06905  1.49%   173 21410s
 2372310 1077645 infeasible   83      7724.00000 7609.15120  1.49%   173 21434s
 2372475 1077645 7621.92228  106  352 7724.00000 7609.15120  1.49%   173 21435s
 2375500 1079001 7640.26942   87  250 7724.00000 7609.26845  1.49%   173 21459s
 2378759 1080582 7642.21149   82  238 7724.00000 7609.34487  1.48%   173 21484s
 2382124 1081878 7651.53897   92  292 7724.00000 7609.42832  1.48%   173 21509s
 2385270 1082971 7645.92391   55  276 7724.00000 7609.48679  1.48%   173 21535s
 2387441 1084609 7653.56362  112  263 7724.00000 7609.56205  1.48%   173 21561s
 2390746 1086319 7646.69298   42  228 7724.00000 7609.65818  1.48%   173 21590s
 2394471 1087991 7630.96284   96  412 7724.00000 7609.74075  1.48%   173 21614s
 2397641 1089690 7647.72327   82  259 7724.00000 7609.81772  1.48%   173 21638s
 2401163 1091234 7635.82453   71  296 7724.00000 7609.91113  1.48%   173 21661s
 2404397 1092861 7625.05521   83  292 7724.00000 7609.97635  1.48%   173 21685s
 2407533 1094085     cutoff   88      7724.00000 7610.03427  1.48%   173 21716s
 2409695 1096305 7619.14340   75  311 7724.00000 7610.03500  1.48%   173 21764s
 2414143 1096328 7637.90782   60  242 7724.00000 7610.14959  1.47%   173 21812s
 2414183 1096350 7640.57736   61  280 7724.00000 7610.14959  1.47%   173 21855s
 2414225 1096374 7642.03001   62  301 7724.00000 7610.14959  1.47%   173 21901s
 2414264 1096397 7654.45862   63  279 7724.00000 7610.14959  1.47%   173 21944s
 2414305 1096449 7655.41977   64  272 7724.00000 7610.14959  1.47%   173 21990s
 2414399 1096607 7656.49106   65  312 7724.00000 7610.15913  1.47%   173 22043s
 2414686 1097260 7657.11306   66  374 7724.00000 7610.15913  1.47%   173 22092s
 2415700 1099383 7657.11306   67  374 7724.00000 7610.18026  1.47%   173 22151s
 2419108 1102629 7657.30213   68  314 7724.00000 7610.19430  1.47%   173 22209s
 2423855 1104603 7657.83164   69  337 7724.00000 7610.23456  1.47%   173 22260s
 2426941 1108077 7635.74227  141  323 7724.00000 7610.29576  1.47%   173 22311s
 2431957 1109465 7636.95861   58  362 7724.00000 7610.36733  1.47%   173 22348s
 2434889 1111304 7655.04595   72  310 7724.00000 7610.42554  1.47%   173 22385s
 2438464 1113233 7669.82783   74  238 7724.00000 7610.43513  1.47%   173 22421s
 2441590 1115601 7667.61467   78  248 7724.00000 7610.50595  1.47%   173 22458s
 2445146 1117624 7647.89544  156  393 7724.00000 7610.55299  1.47%   174 22494s
 2448509 1119772 7644.04980  117  389 7724.00000 7610.57562  1.47%   174 22529s
 2451728 1121792 7647.14774  219  311 7724.00000 7610.66513  1.47%   174 22565s
 2455271 1123899 7653.96702   81  303 7724.00000 7610.71276  1.47%   174 22600s
 2458471 1125673 7651.21453   72  187 7724.00000 7610.75838  1.47%   174 22627s
 2461905 1127536 7624.77290   90  302 7724.00000 7610.82532  1.47%   174 22653s
 2465455 1128849 7628.41263   89  296 7724.00000 7610.90914  1.46%   174 22677s
 2468687 1130315 7657.69430   74  266 7724.00000 7610.98482  1.46%   174 22703s
 2471933 1130846     cutoff   80      7724.00000 7611.06984  1.46%   174 22731s
 2473629 1134388 7634.86380   73  322 7724.00000 7611.10171  1.46%   174 22780s
 2480763 1136328 7628.98516   85  287 7724.00000 7611.24231  1.46%   174 22808s
 2484621 1137679 7645.34847   83  236 7724.00000 7611.31451  1.46%   174 22834s
 2488208 1139438 7621.27187   51  303 7724.00000 7611.44174  1.46%   174 22860s
 2491759 1140958 7630.34592   90  247 7724.00000 7611.49742  1.46%   174 22885s
 2495178 1142672 7648.11166   60  327 7724.00000 7611.59633  1.46%   174 22910s
 2498481 1143809 7641.39949  124  283 7724.00000 7611.67250  1.45%   174 22935s
 2501858 1145299 7660.14142  153  349 7724.00000 7611.74988  1.45%   174 22965s
 2505235 1147048     cutoff   69      7724.00000 7611.78283  1.45%   174 22991s
 2508731 1148849 7648.22843   59  413 7724.00000 7611.90878  1.45%   174 23026s
 2511540 1150872     cutoff  119      7724.00000 7611.94979  1.45%   174 23062s
 2514463 1153279 7625.09583   67  418 7724.00000 7611.99357  1.45%   174 23101s
 2518335 1155332 7659.89638   90  304 7724.00000 7612.04085  1.45%   174 23137s
 2521770 1156594 7644.40549  153  332 7724.00000 7612.08046  1.45%   174 23171s
 2524698 1158828 7663.11950  211  323 7724.00000 7612.09940  1.45%   174 23207s
 2528128 1161077 7641.36506  106  261 7724.00000 7612.18739  1.45%   174 23242s
 2531517 1163756 7643.00907  120  379 7724.00000 7612.23889  1.45%   174 23278s
 2535224 1165829 7651.58218  156  359 7724.00000 7612.25558  1.45%   175 23312s
 2538521 1167792 7663.69737  109  433 7724.00000 7612.32728  1.45%   175 23346s
 2541697 1169771     cutoff  112      7724.00000 7612.35287  1.45%   175 23382s
 2544859 1171338 7666.70462  125  320 7724.00000 7612.39735  1.44%   175 23417s
 2547916 1172823     cutoff  150      7724.00000 7612.43537  1.44%   175 23454s
 2551361 1174597 infeasible   52      7724.00000 7612.49363  1.44%   175 23490s
 2554442 1177222 7635.86879   74  280 7724.00000 7612.53037  1.44%   175 23527s
 2558110 1179404     cutoff   88      7724.00000 7612.56409  1.44%   175 23562s
 2561263 1181015 7632.65169  100  424 7724.00000 7612.60976  1.44%   175 23589s
 2564701 1182829 7630.25680   51  448 7724.00000 7612.68217  1.44%   175 23615s
 2568141 1184427     cutoff   83      7724.00000 7612.75609  1.44%   175 23641s
 2571553 1185864 7646.96095  106  290 7724.00000 7612.86965  1.44%   175 23665s
 2575052 1187499     cutoff   85      7724.00000 7612.91791  1.44%   175 23689s
 2578245 1188619 7639.58961   69  310 7724.00000 7612.99809  1.44%   175 23714s
 2580436 1190635 7651.43315  156  293 7724.00000 7613.03726  1.44%   175 23740s
 2584092 1192156 7633.48940  110  282 7724.00000 7613.11534  1.44%   175 23769s
 2587832 1193639 infeasible  126      7724.00000 7613.15896  1.44%   175 23793s
 2591133 1195322 7643.07105   57  262 7724.00000 7613.24431  1.43%   175 23817s
 2594403 1197060 7643.19845   65  226 7724.00000 7613.30535  1.43%   175 23840s
 2597814 1198582 7653.74003   56  227 7724.00000 7613.37569  1.43%   175 23865s
 2600763 1199450 7658.77577  122  231 7724.00000 7613.42555  1.43%   175 23889s
 2602743 1200298     cutoff   55      7724.00000 7613.44456  1.43%   175 23916s
 2605028 1201343 7653.26632   57  229 7724.00000 7613.46990  1.43%   175 23943s
 2607162 1202648 7621.40880   79  396 7724.00000 7613.50205  1.43%   175 23972s
 2609791 1204508     cutoff   91      7724.00000 7613.50205  1.43%   175 24002s
 2613709 1206392 7634.85980   65  311 7724.00000 7613.65088  1.43%   175 24036s
 2616397 1209045 7629.39667   57  163 7724.00000 7613.65249  1.43%   175 24078s
 2620712 1211197 7655.79664  137  343 7724.00000 7613.72904  1.43%   175 24113s
 2623973 1213612 7654.75878  139  246 7724.00000 7613.74761  1.43%   175 24149s
 2627372 1214866 7673.61031  142  305 7724.00000 7613.82771  1.43%   175 24182s
 2629256 1216862 7667.73617   72  289 7724.00000 7613.82771  1.43%   175 24222s
 2632764 1219500 7673.35825  117  217 7724.00000 7613.90107  1.43%   176 24262s
 2636629 1221719 7665.71280   83  257 7724.00000 7613.93079  1.43%   176 24298s
 2639874 1224299 7629.32596   73  311 7724.00000 7613.98664  1.42%   176 24336s
 2643606 1226596 7630.14908   80  365 7724.00000 7614.02235  1.42%   176 24372s
 2646840 1229054 7663.74246   70  324 7724.00000 7614.06412  1.42%   176 24409s
 2650329 1231004 7635.13866   54  258 7724.00000 7614.12103  1.42%   176 24445s
 2653499 1232897 7672.25772  118  381 7724.00000 7614.15259  1.42%   176 24481s
 2656508 1235478 7638.46662  179  314 7724.00000 7614.18119  1.42%   176 24518s
 2660216 1237938 7664.70866   58  206 7724.00000 7614.20198  1.42%   176 24553s
 2663678 1239977 7665.35825  102  268 7724.00000 7614.25795  1.42%   176 24588s
 2666943 1241371     cutoff   99      7724.00000 7614.32437  1.42%   176 24617s
 2670282 1243128 7631.68326   92  394 7724.00000 7614.44749  1.42%   176 24644s
 2673876 1244495 7652.40952  105  272 7724.00000 7614.53952  1.42%   176 24669s
 2677259 1245989 7655.21537   79  314 7724.00000 7614.61258  1.42%   176 24694s
 2680605 1247742     cutoff   62      7724.00000 7614.69587  1.42%   176 24719s
 2684043 1249370     cutoff   63      7724.00000 7614.76047  1.41%   176 24744s
 2687399 1251069     cutoff   94      7724.00000 7614.80526  1.41%   176 24768s
 2690776 1252762 7650.37719   70  256 7724.00000 7614.86943  1.41%   176 24793s
 2694237 1253069 7641.96024   75  345 7724.00000 7614.94779  1.41%   176 24816s
 2695189 1254815     cutoff  110      7724.00000 7614.96073  1.41%   176 24843s
 2698868 1256558 7635.75519   63  344 7724.00000 7615.04009  1.41%   176 24873s
 2702611 1257823 7658.20187   90  302 7724.00000 7615.11382  1.41%   176 24897s
 2705821 1259451 7633.76672   48  313 7724.00000 7615.17938  1.41%   176 24921s
 2709108 1260777 7651.98712   69  255 7724.00000 7615.21376  1.41%   176 24945s
 2712329 1262491 7661.56300  104  290 7724.00000 7615.29852  1.41%   176 24970s
 2715687 1264104 7661.06229  133  299 7724.00000 7615.36362  1.41%   176 24993s
 2718958 1265520 7639.72722   91  383 7724.00000 7615.42327  1.41%   176 25027s
 2721514 1267892 7646.14691  180  351 7724.00000 7615.46061  1.41%   176 25069s
 2725477 1270475 7661.91875  164  245 7724.00000 7615.52165  1.40%   176 25108s
 2729489 1272606     cutoff   99      7724.00000 7615.55239  1.40%   176 25144s
 2732527 1274981 7638.24159   72  344 7724.00000 7615.58079  1.40%   176 25180s
 2736145 1276725 7665.21021  161  327 7724.00000 7615.64207  1.40%   176 25217s
 2739247 1278281 7666.37047   89  300 7724.00000 7615.68531  1.40%   177 25254s
 2742593 1280075 7662.62411  132  279 7724.00000 7615.69736  1.40%   177 25290s
 2745540 1281797 7667.76381   84  294 7724.00000 7615.74174  1.40%   177 25328s
 2749039 1282450 7662.89452   61  232 7724.00000 7615.77162  1.40%   177 25367s
 2750484 1284519     cutoff   61      7724.00000 7615.80992  1.40%   177 25407s
 2753812 1286448 7663.71643  153  271 7724.00000 7615.86430  1.40%   177 25447s
 2757348 1288408 7653.67997  131  425 7724.00000 7615.90052  1.40%   177 25487s
 2760863 1290716 7641.93803   60  306 7724.00000 7615.92515  1.40%   177 25527s
 2764679 1292359 7653.28517  114  332 7724.00000 7615.96915  1.40%   177 25565s
 2768124 1293823 7654.68867  121  340 7724.00000 7616.03285  1.40%   177 25601s
 2771191 1295607 7660.56589   74  347 7724.00000 7616.07180  1.40%   177 25627s
 2774664 1296014 7657.79806   89  335 7724.00000 7616.14477  1.40%   177 25651s
 2775438 1298180 7654.37510   63  304 7724.00000 7616.15320  1.40%   177 25684s
 2779903 1299804 7635.56160   74  256 7724.00000 7616.23847  1.40%   177 25712s
 2783904 1301419 7645.75474   98  352 7724.00000 7616.30901  1.39%   177 25741s
 2787654 1303111 7643.33722   60  287 7724.00000 7616.41574  1.39%   177 25765s
 2791087 1304762 7628.86198   66  305 7724.00000 7616.48602  1.39%   177 25788s
 2794214 1306038 7638.76337   55  341 7724.00000 7616.52724  1.39%   177 25812s
 2797360 1307257 7661.68190  107  250 7724.00000 7616.58041  1.39%   177 25836s
 2800420 1308950 7654.59200  129  354 7724.00000 7616.65001  1.39%   177 25860s
 2803763 1310590 7626.69782  142  379 7724.00000 7616.72767  1.39%   177 25883s
 2807219 1311944     cutoff   63      7724.00000 7616.76335  1.39%   177 25907s
 2810352 1313185 7654.95667   77  308 7724.00000 7616.78271  1.39%   177 25931s
 2813549 1314834     cutoff   70      7724.00000 7616.89453  1.39%   177 25962s
 2817283 1316483 7655.56495   57  334 7724.00000 7616.96230  1.39%   177 25985s
 2820644 1318223 7642.47049   61  356 7724.00000 7617.02547  1.38%   177 26009s
 2823971 1319687     cutoff   80      7724.00000 7617.07008  1.38%   177 26043s
 2826594 1321742 7667.52475  112  359 7724.00000 7617.10198  1.38%   177 26086s
 2830329 1323369 7645.79889   95  287 7724.00000 7617.13123  1.38%   177 26126s
 2833958 1325071 7627.33393  125  321 7724.00000 7617.17014  1.38%   178 26164s
 2837494 1326492 7670.94640  209  423 7724.00000 7617.21750  1.38%   178 26202s
 2841096 1328277 7665.37904  158  457 7724.00000 7617.24884  1.38%   178 26239s
 2844150 1330346 7655.25920   75  317 7724.00000 7617.29045  1.38%   178 26277s
 2847608 1332588 7669.81050  128  279 7724.00000 7617.30966  1.38%   178 26314s
 2851086 1334665 7636.08688  110  445 7724.00000 7617.35813  1.38%   178 26352s
 2854299 1336394 7653.27274  185  350 7724.00000 7617.41425  1.38%   178 26387s
 2857379 1338451 7656.71021   70  284 7724.00000 7617.45928  1.38%   178 26423s
 2860626 1340894 7674.75536  113  289 7724.00000 7617.48543  1.38%   178 26461s
 2864200 1342722 7674.98494  142  322 7724.00000 7617.53771  1.38%   178 26495s
 2867035 1344977 7668.71229  129  300 7724.00000 7617.57294  1.38%   178 26532s
 2870539 1347051 7640.73187   66  350 7724.00000 7617.61250  1.38%   178 26568s
 2873888 1349128 7676.29036   83  196 7724.00000 7617.64504  1.38%   178 26604s
 2877060 1350510 7658.46308   49  277 7724.00000 7617.68390  1.38%   178 26631s
 2880301 1351963 7651.02576   65  291 7724.00000 7617.71266  1.38%   178 26657s
 2883866 1353170 7641.81111   81  345 7724.00000 7617.78999  1.38%   178 26683s
 2887509 1354871 7660.60710  101  206 7724.00000 7617.87105  1.37%   178 26708s
 2890907 1356638 7629.67822   94  257 7724.00000 7617.92413  1.37%   178 26733s
 2894327 1358313 7642.61149  126  435 7724.00000 7618.01190  1.37%   178 26757s
 2897762 1360094 7634.04491   68  335 7724.00000 7618.05865  1.37%   178 26787s
 2901754 1361438 7646.81200   81  298 7724.00000 7618.12921  1.37%   178 26809s
 2904792 1362880 7639.87602  108  383 7724.00000 7618.18745  1.37%   178 26833s
 2907900 1364481 7635.17679   96  316 7724.00000 7618.26527  1.37%   178 26856s
 2911280 1365777 7649.76757   50  281 7724.00000 7618.30417  1.37%   178 26879s
 2914530 1367051 7646.11041   90  269 7724.00000 7618.38837  1.37%   178 26902s
 2917692 1368343 7640.61047   70  327 7724.00000 7618.44370  1.37%   178 26925s
 2920897 1369796 7661.72298   97  253 7724.00000 7618.49977  1.37%   178 26949s
 2924164 1371120 7658.68260   82  231 7724.00000 7618.55463  1.37%   178 26972s
 2927445 1372783 7667.61099   88  323 7724.00000 7618.61931  1.36%   178 27006s
 2930105 1375214 7641.95868   87  416 7724.00000 7618.61931  1.36%   178 27049s
 2933891 1377608     cutoff   95      7724.00000 7618.68279  1.36%   178 27085s
 2937345 1379331 7623.29497  170  402 7724.00000 7618.71602  1.36%   178 27118s
 2940014 1381484 7644.56703  109  428 7724.00000 7618.75823  1.36%   179 27154s
 2943476 1382699 7659.35147  162  344 7724.00000 7618.81706  1.36%   179 27192s
 2945569 1384153 7649.89383  100  386 7724.00000 7618.83323  1.36%   179 27230s
 2949033 1386234 7639.28356  123  296 7724.00000 7618.86406  1.36%   179 27268s
 2952310 1389103 7644.40799   99  187 7724.00000 7618.88979  1.36%   179 27306s
 2956227 1391197 7664.68643   96  322 7724.00000 7618.93567  1.36%   179 27341s
 2959518 1392762 7640.87394  194  479 7724.00000 7618.96791  1.36%   179 27377s
 2962666 1394795 7636.96571  128  338 7724.00000 7618.96791  1.36%   179 27414s
 2966140 1397046 7646.32206  117  232 7724.00000 7619.04820  1.36%   179 27450s
 2969656 1399185 7637.21904   54  345 7724.00000 7619.09026  1.36%   179 27483s
 2972671 1401173 7659.14050  146  347 7724.00000 7619.09360  1.36%   179 27518s
 2975824 1402480 7671.02179   66  204 7724.00000 7619.12687  1.36%   179 27552s
 2978856 1403987 7656.62280  120  399 7724.00000 7619.15182  1.36%   179 27581s
 2982400 1405443 7629.27364   65  315 7724.00000 7619.21140  1.36%   179 27606s
 2985817 1406913 7650.54938   99  155 7724.00000 7619.23966  1.36%   179 27631s
 2989271 1408538 7656.84948  106  334 7724.00000 7619.32736  1.36%   179 27654s
 2990454 1408538     cutoff   78      7724.00000 7619.32746  1.36%   179 27655s
 2992561 1410080 7633.44225   75  223 7724.00000 7619.37757  1.35%   179 27678s
 2995964 1410633 7633.83975   74  310 7724.00000 7619.43910  1.35%   179 27702s
 2997125 1412445 7640.69045   75  305 7724.00000 7619.44706  1.35%   179 27728s
 3000670 1413907 7647.82807   77  256 7724.00000 7619.52585  1.35%   179 27754s
 3004302 1415494 7649.99990   92  295 7724.00000 7619.58600  1.35%   179 27779s
 3007791 1417230 7642.74428   80  344 7724.00000 7619.67110  1.35%   179 27808s
 3011383 1419016 7636.75693   79  345 7724.00000 7619.73906  1.35%   179 27833s
 3014965 1420300 7663.38544  105  247 7724.00000 7619.79983  1.35%   179 27856s
 3018175 1421837 7648.73826  106  279 7724.00000 7619.86316  1.35%   179 27880s
 3021539 1423013 7648.73589   65  391 7724.00000 7619.92387  1.35%   179 27904s
 3024626 1424323 7648.12266   84  355 7724.00000 7619.98101  1.35%   179 27928s
 3027844 1425408 7657.04664   98  372 7724.00000 7620.02867  1.35%   179 27951s
 3031176 1426251 7641.38168   62  416 7724.00000 7620.06130  1.35%   179 27985s
 3032591 1429989     cutoff  121      7724.00000 7620.07815  1.35%   179 28062s
 3039016 1432064 7662.22905  102  414 7724.00000 7620.14365  1.34%   179 28108s
 3042345 1434893 7662.93450  100  366 7724.00000 7620.21274  1.34%   179 28153s
 3046722 1437256 7634.69826  191  398 7724.00000 7620.25720  1.34%   179 28193s
 3050497 1439528 7662.33584  327  456 7724.00000 7620.28586  1.34%   179 28230s
 3053865 1441346 7665.22547   75  262 7724.00000 7620.34062  1.34%   179 28266s
 3057144 1443119 7643.59065   98  173 7724.00000 7620.38045  1.34%   180 28300s
 3060183 1445066 7629.61778   66  383 7724.00000 7620.40600  1.34%   180 28335s
 3063304 1447190 7648.91490  101  333 7724.00000 7620.45054  1.34%   180 28371s
 3066529 1449204 7657.75602  114  321 7724.00000 7620.47822  1.34%   180 28406s
 3069656 1451057 7668.74493   73  332 7724.00000 7620.52995  1.34%   180 28443s
 3073134 1452709 infeasible   78      7724.00000 7620.53343  1.34%   180 28479s
 3076169 1454906 7657.25663   73  256 7724.00000 7620.57384  1.34%   180 28516s
 3079794 1456351 7667.47528   74  251 7724.00000 7620.60129  1.34%   180 28557s
 3082697 1457728 7645.24860   76  393 7724.00000 7620.64505  1.34%   180 28584s
 3085921 1459156 7646.45010   89  441 7724.00000 7620.72075  1.34%   180 28611s
 3089449 1460776     cutoff   71      7724.00000 7620.76149  1.34%   180 28640s
 3093041 1462310 7642.76943   49  279 7724.00000 7620.83942  1.34%   180 28665s
 3096416 1463795 7622.03071   65  297 7724.00000 7620.88344  1.34%   180 28688s
 3099716 1465179 7654.74397   70  310 7724.00000 7620.95986  1.33%   180 28712s
 3102943 1466473     cutoff   55      7724.00000 7621.01485  1.33%   180 28736s
 3106188 1467795 7640.28865   68  270 7724.00000 7621.05987  1.33%   180 28760s
 3109771 1469202     cutoff   85      7724.00000 7621.12230  1.33%   180 28783s
 3112983 1470504 7641.78386   57  280 7724.00000 7621.17431  1.33%   180 28807s
 3116244 1471700 7627.84397  100  322 7724.00000 7621.22730  1.33%   180 28830s
 3119408 1473298 infeasible   98      7724.00000 7621.28388  1.33%   180 28860s
 3122957 1474968 infeasible  152      7724.00000 7621.35446  1.33%   180 28884s
 3126072 1476415 7650.38643   45  306 7724.00000 7621.38233  1.33%   180 28909s
 3129604 1477396     cutoff  120      7724.00000 7621.44523  1.33%   180 28933s
 3132891 1478834 7656.35717   84  259 7724.00000 7621.49206  1.33%   180 28969s
 3135436 1480855 7658.05915   45  234 7724.00000 7621.51164  1.33%   180 29015s
 3138631 1482486 7647.88762   99  243 7724.00000 7621.55588  1.33%   180 29061s
 3141415 1485068 7654.95168  155  286 7724.00000 7621.57999  1.33%   180 29109s
 3145450 1488073     cutoff   77      7724.00000 7621.63671  1.33%   180 29154s
 3150026 1489812 7678.82941   68  180 7724.00000 7621.67167  1.32%   180 29195s
 3153383 1491916 7650.86366  150  277 7724.00000 7621.71547  1.32%   180 29234s
 3156961 1493699 7672.68108   87  336 7724.00000 7621.75567  1.32%   180 29273s
 3160379 1495800 7662.99570   69  276 7724.00000 7621.78422  1.32%   180 29310s
 3163864 1497430     cutoff   77      7724.00000 7621.81864  1.32%   180 29349s
 3166584 1498879 7656.13375   82  326 7724.00000 7621.85544  1.32%   180 29384s
 3169597 1500898 7647.01199  141  477 7724.00000 7621.88688  1.32%   181 29421s
 3172601 1503032 7670.88852  109  322 7724.00000 7621.90219  1.32%   181 29459s
 3175964 1504791 7674.17130   68  288 7724.00000 7621.94553  1.32%   181 29496s
 3179370 1506638 7657.30738   77  360 7724.00000 7621.97388  1.32%   181 29534s
 3182574 1508747     cutoff  147      7724.00000 7622.00799  1.32%   181 29572s
 3185595 1510207     cutoff   77      7724.00000 7622.01188  1.32%   181 29598s
 3188611 1512112 7651.50540  121  210 7724.00000 7622.07451  1.32%   181 29627s
 3192743 1513483 7650.62419   83  250 7724.00000 7622.13487  1.32%   181 29653s
 3196205 1514880 7642.35894   91  293 7724.00000 7622.20129  1.32%   181 29677s
 3199560 1516363 7649.77252   71  247 7724.00000 7622.23974  1.32%   181 29702s
 3202939 1517856 7633.43991  116  347 7724.00000 7622.30484  1.32%   181 29732s
 3206564 1519128 7636.04855   98  295 7724.00000 7622.36100  1.32%   181 29756s
 3209609 1520660 7644.97452   91  329 7724.00000 7622.40267  1.32%   181 29781s
 3213077 1522335 7637.56608  103  299 7724.00000 7622.47570  1.31%   181 29805s
 3216455 1524076 7644.47382   60  303 7724.00000 7622.52391  1.31%   181 29830s
 3219927 1525213     cutoff   48      7724.00000 7622.58772  1.31%   181 29854s
 3223096 1525423 7649.20637  127  353 7724.00000 7622.63770  1.31%   181 29879s
 3223865 1526918 7649.39785  128  358 7724.00000 7622.63770  1.31%   181 29906s
 3227201 1528834 7650.96886   76  207 7724.00000 7622.65946  1.31%   181 29932s
 3230916 1530301 7655.04152   84  305 7724.00000 7622.73935  1.31%   181 29957s
 3234364 1531875 7650.56133   67  244 7724.00000 7622.80407  1.31%   181 29986s
 3238046 1533409 7658.72323   89  364 7724.00000 7622.86557  1.31%   181 30021s
 3240577 1535617 7669.26491   90  202 7724.00000 7622.92317  1.31%   181 30065s
 3244464 1536409 7677.53198   87  301 7724.00000 7622.96901  1.31%   181 30104s
 3246366 1539054 7679.52720   72  261 7724.00000 7622.97127  1.31%   181 30162s
 3251648 1541854 7671.62189   93  276 7724.00000 7623.03493  1.31%   181 30205s
 3255643 1543197 7665.94751  151  484 7724.00000 7623.06810  1.31%   181 30244s
 3257905 1545050     cutoff  167      7724.00000 7623.08432  1.31%   181 30285s
 3261484 1546940 7651.69101   97  313 7724.00000 7623.12937  1.31%   181 30326s
 3264819 1549120 7637.81171   79  389 7724.00000 7623.15799  1.31%   181 30366s
 3268470 1550844 7671.33958  211  349 7724.00000 7623.19660  1.31%   181 30406s
 3271239 1553001 7650.94741   92  327 7724.00000 7623.23192  1.30%   181 30448s
 3274865 1554846 7674.19866   84  231 7724.00000 7623.25328  1.30%   181 30484s
 3277913 1557048     cutoff  165      7724.00000 7623.31224  1.30%   181 30521s
 3281245 1559055 7660.26773   77  375 7724.00000 7623.34933  1.30%   181 30559s
 3284492 1561356 infeasible  100      7724.00000 7623.38328  1.30%   181 30599s
 3288128 1562819 7635.74211   57  289 7724.00000 7623.40229  1.30%   182 30625s
 3291536 1563989 7660.77357   73  269 7724.00000 7623.44032  1.30%   182 30651s
 3294944 1565540 7661.74012   54  274 7724.00000 7623.48501  1.30%   182 30677s
 3298745 1567036 7640.42984   62  316 7724.00000 7623.54880  1.30%   181 30701s
 3302047 1568350 7649.55425  122  262 7724.00000 7623.61714  1.30%   181 30725s
 3305259 1569408 7643.83327   58  251 7724.00000 7623.65952  1.30%   181 30749s
 3308435 1571024 7665.17995   79  232 7724.00000 7623.72473  1.30%   181 30774s
 3311929 1572211 7649.90849   93  223 7724.00000 7623.77015  1.30%   181 30798s
 3315426 1573813     cutoff   72      7724.00000 7623.81617  1.30%   181 30828s
 3319130 1575172 7650.21429   62  300 7724.00000 7623.86173  1.30%   181 30851s
 3322372 1576530 7643.25603   68  294 7724.00000 7623.90935  1.30%   181 30875s
 3325530 1577785 7646.81283   80  314 7724.00000 7623.97325  1.30%   181 30899s
 3328674 1579113 7641.65004  114  325 7724.00000 7624.01099  1.29%   181 30924s
 3331957 1580396 7664.23967   72  178 7724.00000 7624.08163  1.29%   181 30948s
 3335145 1581685 7648.55490   71  241 7724.00000 7624.12637  1.29%   181 30972s
 3338437 1583169 7634.62214   89  486 7724.00000 7624.16732  1.29%   181 31007s
 3340810 1585693 7652.19560  128  551 7724.00000 7624.19141  1.29%   181 31055s
 3345248 1587717 7641.24128  127  271 7724.00000 7624.24879  1.29%   182 31094s
 3348671 1590177 7651.67724   80  266 7724.00000 7624.28060  1.29%   182 31133s
 3352350 1591617 7646.99215   91  402 7724.00000 7624.32768  1.29%   182 31172s
 3355471 1593443 infeasible   63      7724.00000 7624.36184  1.29%   182 31210s
 3358754 1595128 7654.89288  115  414 7724.00000 7624.37303  1.29%   182 31245s
 3361579 1597402 7655.98674   71  223 7724.00000 7624.41947  1.29%   182 31284s
 3365146 1598971 7672.07570  283  410 7724.00000 7624.43993  1.29%   182 31321s
 3367961 1600653 7669.37848  165  337 7724.00000 7624.47925  1.29%   182 31361s
 3370677 1603048 7651.65179  120  381 7724.00000 7624.52521  1.29%   182 31401s
 3374305 1605155 7679.08389   65  227 7724.00000 7624.55901  1.29%   182 31440s
 3377682 1607123 7672.89024  322  388 7724.00000 7624.56938  1.29%   182 31478s
 3380931 1608966 7639.28054   97  423 7724.00000 7624.61377  1.29%   182 31518s
 3383522 1611228 7648.03462   78  256 7724.00000 7624.64582  1.29%   182 31558s
 3387005 1612845     cutoff   67      7724.00000 7624.65001  1.29%   182 31594s
 3389941 1614325 7661.40178   56  271 7724.00000 7624.69556  1.29%   182 31621s
 3393370 1615561 7650.64401   71  439 7724.00000 7624.76142  1.28%   182 31646s
 3396630 1617346 7640.75512   63  343 7724.00000 7624.81099  1.28%   182 31675s
 3400434 1618548 7655.98570  135  308 7724.00000 7624.85268  1.28%   182 31698s
 3403430 1619931 7643.52303   83  321 7724.00000 7624.93075  1.28%   182 31723s
 3406721 1621504 7647.31303   75  307 7724.00000 7624.96790  1.28%   182 31747s
 3410178 1622852     cutoff   74      7724.00000 7625.01323  1.28%   182 31771s
 3413554 1624268 7641.52528  105  383 7724.00000 7625.06430  1.28%   182 31794s
 3416995 1625410 7652.45986   99  312 7724.00000 7625.13030  1.28%   182 31817s
 3420134 1626648 7647.38481   80  335 7724.00000 7625.17830  1.28%   182 31841s
 3423292 1628068     cutoff   85      7724.00000 7625.22933  1.28%   182 31865s
 3426654 1629621 7655.87266  102  293 7724.00000 7625.28772  1.28%   182 31893s
 3430249 1630852 7646.43247   95  239 7724.00000 7625.33122  1.28%   182 31917s
 3433493 1632576 7645.58554   80  378 7724.00000 7625.38540  1.28%   182 31942s
 3436978 1633742 7658.71671   59  348 7724.00000 7625.43693  1.28%   182 31966s
 3440105 1635443 7654.33632   69  340 7724.00000 7625.48816  1.28%   182 32000s
 3442837 1637897 7656.00848   88  279 7724.00000 7625.51067  1.28%   182 32043s
 3446802 1639899 7671.83291  164  316 7724.00000 7625.56739  1.27%   182 32081s
 3450074 1641576 7634.70182   64  438 7724.00000 7625.57588  1.27%   182 32118s
 3453074 1644000 7655.38872  126  320 7724.00000 7625.61528  1.27%   182 32157s
 3456822 1645773 infeasible   65      7724.00000 7625.65294  1.27%   182 32194s
 3459779 1648316 7678.80794   62  216 7724.00000 7625.70522  1.27%   182 32233s
 3463498 1650423 7661.42287  129  340 7724.00000 7625.71493  1.27%   182 32269s
 3466749 1652597 7631.50952   67  410 7724.00000 7625.75973  1.27%   182 32307s
 3470087 1653913     cutoff  161      7724.00000 7625.78415  1.27%   183 32342s
 3472821 1655722 7636.62296   64  372 7724.00000 7625.82852  1.27%   183 32379s
 3476132 1656539 7644.27417  117  453 7724.00000 7625.83125  1.27%   183 32420s
 3477583 1656941 7659.98551  152  382 7724.00000 7625.83125  1.27%   183 32459s
 3478278 1657359 7660.31357  153  397 7724.00000 7625.83125  1.27%   183 32503s
 3479005 1657815 7660.52069  154  383 7724.00000 7625.86907  1.27%   183 32551s
 3479723 1659114 7660.57480  155  375 7724.00000 7625.86962  1.27%   183 32605s
 3482032 1661999 7664.18946   83  281 7724.00000 7625.87076  1.27%   183 32663s
 3487080 1663729 7649.14209   86  345 7724.00000 7625.91990  1.27%   183 32714s
 3490464 1665139     cutoff  114      7724.00000 7625.94537  1.27%   183 32740s
 3493933 1666487 7654.07770  103  310 7724.00000 7626.01093  1.27%   183 32765s
 3497390 1667701     cutoff  106      7724.00000 7626.05610  1.27%   183 32790s
 3500755 1669110     cutoff  104      7724.00000 7626.10133  1.27%   183 32815s
 3504187 1670315 7652.17170  113  301 7724.00000 7626.16609  1.27%   183 32838s
 3507532 1671746 7644.94199   62  254 7724.00000 7626.20990  1.27%   183 32867s
 3511149 1673060 7637.39583   72  345 7724.00000 7626.25549  1.27%   183 32891s
 3514342 1674412     cutoff   55      7724.00000 7626.31006  1.26%   183 32916s
 3517650 1675541 7662.29593   82  327 7724.00000 7626.34536  1.26%   183 32940s
 3521112 1676400 7647.66470  135  342 7724.00000 7626.40970  1.26%   183 32965s
 3523313 1677736 7651.48161   87  203 7724.00000 7626.44439  1.26%   183 32990s
 3526896 1679348 7658.32639  124  243 7724.00000 7626.50080  1.26%   183 33015s
 3530498 1680839 7656.01701  132  333 7724.00000 7626.53117  1.26%   183 33039s
 3533775 1682467 7648.93773   57  230 7724.00000 7626.58298  1.26%   183 33063s
 3537299 1684006 7652.72868  129  238 7724.00000 7626.63397  1.26%   183 33093s
 3540859 1685296     cutoff  234      7724.00000 7626.68193  1.26%   183 33128s
 3543577 1687911 7636.03783   73  253 7724.00000 7626.72822  1.26%   183 33171s
 3547618 1689462 7668.56823   93  297 7724.00000 7626.74727  1.26%   183 33209s
 3550564 1691158 7669.20437   85  207 7724.00000 7626.79584  1.26%   183 33249s
 3554001 1692822 7655.25706   64  340 7724.00000 7626.83026  1.26%   183 33287s
 3557354 1694567 7662.50487  125  259 7724.00000 7626.84093  1.26%   183 33326s
 3560755 1696497 7642.09344   54  315 7724.00000 7626.87212  1.26%   183 33363s
 3563946 1698483 7643.02185   70  384 7724.00000 7626.91614  1.26%   183 33402s
 3567419 1700189 7678.51516   71  286 7724.00000 7626.94750  1.26%   183 33441s
 3570860 1702100 7648.18180  108  375 7724.00000 7626.96704  1.26%   183 33478s
 3574113 1704212 7663.66470   90  286 7724.00000 7627.00572  1.26%   183 33516s
 3577557 1705729 7660.39238   95  297 7724.00000 7627.01299  1.26%   183 33554s
 3580667 1707417     cutoff  116      7724.00000 7627.07585  1.25%   183 33591s
 3583899 1709559 7651.95769   73  326 7724.00000 7627.10647  1.25%   183 33629s
 3587140 1712128 7675.72707  107  223 7724.00000 7627.13671  1.25%   183 33669s
 3590950 1713560 7657.19209   54  332 7724.00000 7627.16525  1.25%   183 33694s
 3591817 1713560 7656.75310   95  271 7724.00000 7627.17223  1.25%   183 33695s
 3594508 1714952 7665.06837   69  174 7724.00000 7627.18966  1.25%   183 33719s
 3597803 1716257 7656.02633   96  351 7724.00000 7627.25684  1.25%   183 33744s
 3601032 1717830 7665.18173   70  269 7724.00000 7627.29284  1.25%   183 33767s
 3604260 1719455 7663.82496  114  280 7724.00000 7627.34595  1.25%   183 33792s
 3607653 1720928 7661.50312   73  325 7724.00000 7627.39019  1.25%   183 33816s
 3611167 1722214     cutoff  117      7724.00000 7627.43214  1.25%   183 33840s
 3614401 1723560 7650.32392   74  219 7724.00000 7627.49151  1.25%   183 33864s
 3617185 1724882 7659.00400   81  203 7724.00000 7627.52326  1.25%   183 33894s
 3620382 1726458     cutoff   42      7724.00000 7627.55728  1.25%   183 33920s
 3624100 1726619 7657.66239  120  268 7724.00000 7627.60943  1.25%   183 33945s
 3624560 1728012     cutoff  107      7724.00000 7627.60943  1.25%   183 33972s
 3628083 1729652     cutoff  102      7724.00000 7627.64825  1.25%   183 33998s
 3632020 1730973     cutoff   68      7724.00000 7627.71853  1.25%   183 34025s
 3635829 1732163 7647.70926   88  244 7724.00000 7627.75894  1.25%   183 34049s
 3639179 1733628     cutoff   62      7724.00000 7627.81286  1.25%   183 34074s
 3642682 1735250 7669.54152   98  346 7724.00000 7627.85645  1.24%   183 34109s
 3645338 1737928 7641.71863   71  296 7724.00000 7627.87418  1.24%   183 34153s
 3649419 1739723 7666.21490  143  419 7724.00000 7627.90797  1.24%   183 34191s
 3652754 1741603 7661.09802  166  411 7724.00000 7627.92043  1.24%   183 34230s
 3656038 1743495     cutoff   69      7724.00000 7627.96165  1.24%   183 34269s
 3659617 1744456 7662.77284   66  296 7724.00000 7628.00363  1.24%   184 34308s
 3661557 1747707 7660.64863   84  305 7724.00000 7628.02110  1.24%   184 34367s
 3666926 1749586 7679.83365  107  256 7724.00000 7628.07902  1.24%   184 34408s
 3670444 1751620 7655.43343   68  144 7724.00000 7628.10405  1.24%   184 34449s
 3674179 1753573     cutoff   97      7724.00000 7628.14464  1.24%   184 34489s
 3677570 1755350 7662.72690  143  344 7724.00000 7628.19001  1.24%   184 34528s
 3680955 1757391 7651.76084   62  214 7724.00000 7628.22380  1.24%   184 34566s
 3684385 1759359 7668.31221   84  224 7724.00000 7628.24429  1.24%   184 34605s
 3687646 1761952 7678.31820   93  343 7724.00000 7628.25990  1.24%   184 34644s
 3691523 1763516 7637.27061  122  354 7724.00000 7628.30710  1.24%   184 34681s
 3694539 1764843 7641.41425  129  380 7724.00000 7628.31272  1.24%   184 34707s
 3698297 1766173 7637.44583  101  327 7724.00000 7628.34978  1.24%   184 34737s
 3701859 1767684     cutoff  101      7724.00000 7628.40750  1.24%   184 34761s
 3705312 1769274 7662.45570   76  243 7724.00000 7628.44415  1.24%   184 34785s
 3708780 1770575 7638.17840   70  347 7724.00000 7628.49054  1.24%   184 34808s
 3711862 1772075     cutoff  109      7724.00000 7628.53662  1.24%   184 34832s
 3715219 1773312 7651.16396  113  289 7724.00000 7628.56803  1.24%   184 34855s
 3718688 1774567 7664.41237  106  244 7724.00000 7628.63413  1.23%   184 34879s
 3721739 1775539 7666.69809   45  204 7724.00000 7628.66352  1.23%   184 34902s
 3724697 1776668     cutoff   66      7724.00000 7628.72756  1.23%   184 34926s
 3727936 1778271 7665.27030   39  266 7724.00000 7628.75371  1.23%   184 34955s
 3731740 1779307     cutoff   99      7724.00000 7628.80671  1.23%   184 34977s
 3734765 1780665 7633.37393   96  337 7724.00000 7628.85229  1.23%   184 35001s
 3737944 1781891 7640.46805   64  365 7724.00000 7628.89048  1.23%   184 35025s
 3741257 1783284 7656.85549   56  274 7724.00000 7628.91047  1.23%   184 35048s
 3744522 1784649 7654.73977  151  325 7724.00000 7628.97703  1.23%   184 35072s
 3747832 1785933 7677.52276   78  240 7724.00000 7629.02240  1.23%   184 35108s
 3750331 1787921 infeasible  149      7724.00000 7629.04291  1.23%   184 35154s
 3754448 1790427 7666.00140  131  283 7724.00000 7629.08510  1.23%   184 35194s
 3758227 1792889 7677.74587   66  263 7724.00000 7629.10939  1.23%   184 35233s
 3761968 1794688 7678.04572  301  385 7724.00000 7629.15541  1.23%   184 35271s
 3765003 1796439 7674.83149  105  304 7724.00000 7629.19520  1.23%   184 35316s
 3768287 1798804 7652.81404   77  290 7724.00000 7629.21229  1.23%   184 35354s
 3771840 1801169 7663.93280  119  320 7724.00000 7629.24660  1.23%   184 35392s
 3775522 1801614 7665.31206   63  235 7724.00000 7629.26619  1.23%   184 35432s
 3776567 1806615 7666.87453   56  409 7724.00000 7629.28216  1.23%   184 35537s
 3785883 1808956 7636.46924   65  291 7724.00000 7629.35612  1.23%   184 35581s
 3789739 1810940 7667.52058  220  283 7724.00000 7629.39801  1.22%   184 35622s
 3793654 1812773 7666.09828   71  321 7724.00000 7629.42982  1.22%   184 35661s
 3797004 1814510 infeasible   84      7724.00000 7629.45988  1.22%   184 35700s
 3800142 1815664 7652.46252  121  376 7724.00000 7629.48906  1.22%   184 35726s
 3803179 1816161 7650.71292   72  392 7724.00000 7629.50384  1.22%   184 35755s
 3804348 1816564 7638.26555   57  288 7724.00000 7629.52609  1.22%   184 35789s
 3805789 1817464 7636.33625   67  186 7724.00000 7629.53462  1.22%   184 35834s
 3807746 1818924 7663.87293   62  240 7724.00000 7629.54172  1.22%   184 35883s
 3812405 1820259 7645.20271   52  262 7724.00000 7629.55568  1.22%   184 35912s
 3815388 1821809 7657.08452  136  313 7724.00000 7629.68739  1.22%   184 35940s
 3819326 1823177     cutoff  114      7724.00000 7629.74208  1.22%   184 35965s
 3822850 1824505 7662.02278   98  259 7724.00000 7629.78615  1.22%   184 35990s
 3826266 1825781     cutoff  118      7724.00000 7629.83704  1.22%   184 36015s
 3829681 1827107     cutoff   59      7724.00000 7629.88130  1.22%   184 36040s
 3833165 1828563 7656.04569   98  278 7724.00000 7629.92164  1.22%   184 36064s
 3836763 1829480 7655.04630   51  267 7724.00000 7629.95119  1.22%   184 36088s
 3840098 1830735 7660.39312   74  324 7724.00000 7629.99679  1.22%   184 36111s
 3843419 1832222 7650.74376   90  235 7724.00000 7630.04236  1.22%   184 36140s
 3847248 1833690 7637.49121   81  291 7724.00000 7630.08762  1.22%   184 36162s
 3850555 1834858     cutoff  176      7724.00000 7630.13231  1.22%   184 36201s
 3852481 1836831 7679.97316  211  332 7724.00000 7630.14886  1.22%   184 36259s
 3857305 1838555 7681.82952   84  314 7724.00000 7630.20010  1.21%   184 36298s
 3860324 1840389 7652.78314   89  329 7724.00000 7630.22867  1.21%   185 36337s
 3863705 1842270 infeasible   86      7724.00000 7630.25488  1.21%   185 36376s
 3867168 1843953 7642.25163   63  373 7724.00000 7630.29101  1.21%   185 36414s
 3870433 1845882 7672.28302   58  181 7724.00000 7630.30705  1.21%   185 36452s
 3873810 1847687 7684.07740   60  172 7724.00000 7630.34285  1.21%   185 36489s
 3874382 1847687 7682.15628  386  372 7724.00000 7630.34285  1.21%   185 36490s
 3876964 1849835 7679.24368  115  369 7724.00000 7630.37888  1.21%   185 36528s
 3880793 1852008 7667.15034   93  382 7724.00000 7630.40435  1.21%   185 36565s
 3884153 1853410     cutoff  138      7724.00000 7630.45696  1.21%   185 36601s
 3887167 1855328 7658.24118   68  319 7724.00000 7630.47467  1.21%   185 36640s
 3890310 1857197 7665.51530   64  224 7724.00000 7630.50546  1.21%   185 36677s
 3893675 1858958 7644.41126   69  223 7724.00000 7630.53408  1.21%   185 36714s
 3896741 1860804 7640.54560   71  393 7724.00000 7630.56484  1.21%   185 36752s
 3900089 1862830 7677.97722   88  349 7724.00000 7630.58874  1.21%   185 36790s
 3903574 1864108 7653.01914   98  374 7724.00000 7630.61317  1.21%   185 36816s
 3907190 1865586     cutoff  102      7724.00000 7630.66335  1.21%   185 36840s
 3910729 1866843 7652.19711   88  364 7724.00000 7630.69191  1.21%   185 36862s
 3913978 1868257 7636.13443   86  284 7724.00000 7630.73432  1.21%   185 36886s
 3917432 1869486 7645.10425   72  371 7724.00000 7630.78354  1.21%   185 36908s
 3920782 1870957 7658.28683   81  255 7724.00000 7630.81401  1.21%   185 36931s
 3924150 1872140 7659.35505   87  361 7724.00000 7630.85205  1.21%   185 36953s
 3927236 1873562     cutoff   64      7724.00000 7630.89106  1.21%   185 36982s
 3930972 1874904 7641.91872   57  319 7724.00000 7630.94595  1.20%   185 37005s
 3934218 1875798 7651.16677   78  298 7724.00000 7630.98155  1.20%   185 37029s
 3937415 1877437     cutoff  123      7724.00000 7631.02066  1.20%   185 37052s
 3940778 1878893 7652.72453   67  278 7724.00000 7631.05844  1.20%   185 37076s
 3944176 1880181 7665.26105   58  208 7724.00000 7631.10500  1.20%   185 37099s
 3947599 1881355 7651.45950  135  275 7724.00000 7631.13372  1.20%   185 37121s
 3950995 1882507 7655.33285   91  315 7724.00000 7631.18228  1.20%   185 37144s
 3954191 1883719     cutoff   77      7724.00000 7631.22544  1.20%   185 37179s
 3956921 1885533 7659.50187  197  401 7724.00000 7631.24063  1.20%   185 37222s
 3960520 1887425 7674.38086  170  379 7724.00000 7631.26997  1.20%   185 37263s
 3964134 1889241 7660.96097   85  339 7724.00000 7631.30206  1.20%   185 37303s
 3967684 1890954 7668.15772   58  163 7724.00000 7631.30228  1.20%   185 37341s
 3971005 1892506 7653.93966  130  270 7724.00000 7631.34913  1.20%   185 37378s
 3974096 1893720 infeasible   74      7724.00000 7631.37395  1.20%   185 37414s
 3977004 1895252 7673.77969   94  233 7724.00000 7631.39730  1.20%   185 37453s
 3980431 1897558 7661.28641   65  204 7724.00000 7631.42105  1.20%   185 37491s
 3983844 1899428 7672.44409   93  267 7724.00000 7631.46399  1.20%   185 37528s
 3987502 1901373 7677.81492   77  251 7724.00000 7631.48844  1.20%   185 37565s
 3990702 1903200 7683.35874   82  242 7724.00000 7631.51125  1.20%   185 37601s
 3993783 1905692 7675.08136   75  289 7724.00000 7631.53943  1.20%   185 37639s
 3997523 1907358 infeasible   63      7724.00000 7631.56546  1.20%   185 37678s
 4000618 1909181 7675.27735   83  299 7724.00000 7631.58878  1.20%   185 37716s
 4003834 1910988 7644.20950   65  377 7724.00000 7631.61367  1.20%   185 37754s
 4007014 1912471 7641.53272  101  424 7724.00000 7631.63902  1.20%   186 37781s
 4010666 1913766     cutoff   87      7724.00000 7631.67942  1.20%   186 37809s
 4014288 1914894 7661.04521   85  381 7724.00000 7631.73189  1.19%   186 37833s
 4017689 1915973 7662.94977   77  348 7724.00000 7631.76928  1.19%   185 37857s
 4020904 1917172 7668.32195   65  273 7724.00000 7631.79039  1.19%   185 37880s
 4024217 1918375 7664.00088  100  276 7724.00000 7631.84952  1.19%   185 37903s
 4027604 1918896 7634.91649   69  340 7724.00000 7631.87999  1.19%   185 37926s
 4028894 1920488 7664.34144  121  249 7724.00000 7631.88581  1.19%   185 37951s
 4032596 1921881 7637.16745   74  292 7724.00000 7631.95028  1.19%   185 37976s
 4036316 1922972 7665.23741  183  234 7724.00000 7631.98203  1.19%   185 38001s
 4039751 1924140     cutoff  151      7724.00000 7632.02215  1.19%   185 38030s
 4043247 1925482 7656.91414   99  302 7724.00000 7632.08588  1.19%   185 38058s
 4046409 1926920     cutoff   73      7724.00000 7632.09699  1.19%   185 38084s
 4050199 1928088 7649.78018   75  352 7724.00000 7632.16556  1.19%   185 38107s
 4053592 1929232 7667.29042   76  260 7724.00000 7632.20073  1.19%   185 38131s
 4056857 1930706 7642.90807   79  365 7724.00000 7632.24506  1.19%   185 38154s
 4060334 1931903 7664.52806   77  395 7724.00000 7632.28104  1.19%   185 38190s
 4062848 1934537 7650.36037   68  363 7724.00000 7632.29392  1.19%   185 38236s
 4067276 1936458 7655.03332   75  170 7724.00000 7632.33565  1.19%   185 38275s
 4071036 1938420 7673.99014   63  256 7724.00000 7632.36487  1.19%   185 38312s
 4074376 1940309 7654.79141   86  272 7724.00000 7632.39383  1.19%   185 38348s
 4077506 1942566 7648.66892   68  279 7724.00000 7632.40849  1.19%   186 38387s
 4081116 1943452 7674.99711   67  211 7724.00000 7632.42376  1.19%   186 38426s
 4082867 1946868     cutoff  110      7724.00000 7632.44838  1.19%   186 38492s
 4088622 1949030     cutoff  152      7724.00000 7632.48730  1.18%   186 38536s
 4092537 1951047     cutoff  225      7724.00000 7632.53303  1.18%   186 38577s
 4096126 1952722 7665.31576  158  290 7724.00000 7632.56626  1.18%   186 38617s
 4099500 1954287 7653.86410  139  496 7724.00000 7632.58678  1.18%   186 38657s
 4102689 1956313 infeasible   89      7724.00000 7632.60960  1.18%   186 38696s
 4106054 1958032 7663.81804  117  372 7724.00000 7632.65353  1.18%   186 38737s
 4109442 1959930 7650.86905  113  466 7724.00000 7632.68629  1.18%   186 38777s
 4113047 1961222 7661.04000   95  351 7724.00000 7632.70760  1.18%   186 38803s
 4116587 1962578     cutoff   97      7724.00000 7632.75625  1.18%   186 38827s
 4120124 1963818     cutoff  113      7724.00000 7632.78570  1.18%   186 38850s
 4123343 1965488     cutoff  104      7724.00000 7632.83409  1.18%   186 38879s
 4127335 1966839 7652.57725   89  317 7724.00000 7632.87347  1.18%   186 38900s
 4130449 1967905 7647.50486   76  320 7724.00000 7632.91627  1.18%   186 38923s
 4133505 1968969 7667.49178   57  168 7724.00000 7632.95203  1.18%   186 38946s
 4136790 1970077 7656.75265   60  160 7724.00000 7633.00690  1.18%   186 38968s
 4140047 1971379 infeasible   88      7724.00000 7633.04118  1.18%   186 38991s
 4143451 1972552 7653.00430   75  322 7724.00000 7633.06793  1.18%   186 39013s
 4146571 1972682 7664.78518   91  364 7724.00000 7633.12285  1.18%   186 39034s
 4146938 1973509 7667.74571   92  346 7724.00000 7633.12708  1.18%   186 39058s
 4150143 1974824 7651.38162   87  269 7724.00000 7633.14739  1.18%   186 39082s
 4153685 1976291 7646.19578   89  280 7724.00000 7633.19545  1.18%   186 39111s
 4157449 1977552 7665.30681  102  218 7724.00000 7633.23606  1.18%   186 39134s
 4160738 1978993 7649.72492   73  347 7724.00000 7633.27643  1.17%   186 39156s
 4164091 1980221     cutoff   99      7724.00000 7633.29448  1.17%   186 39194s
 4166650 1982334     cutoff   91      7724.00000 7633.30984  1.17%   186 39239s
 4170455 1984111 7667.96179   57  336 7724.00000 7633.34341  1.17%   186 39280s
 4174142 1986157 7649.45513  159  347 7724.00000 7633.37540  1.17%   186 39320s
 4177640 1987879 7679.36239   96  417 7724.00000 7633.41183  1.17%   186 39359s
 4180921 1990221 7678.04274   83  363 7724.00000 7633.44944  1.17%   186 39399s
 4184852 1992359 7654.27196  100  334 7724.00000 7633.47356  1.17%   186 39437s
 4188196 1994023 7654.78413   73  282 7724.00000 7633.50215  1.17%   186 39481s
 4191042 1995978 7676.72364   67  281 7724.00000 7633.52790  1.17%   186 39519s
 4194418 1997687 7642.42648   74  340 7724.00000 7633.55528  1.17%   186 39557s
 4197425 1999503 7672.32700  134  380 7724.00000 7633.59388  1.17%   186 39595s
 4200643 2001433 7682.80925   50  216 7724.00000 7633.62523  1.17%   186 39635s
 4204126 2001788 7680.30830   75  304 7724.00000 7633.65982  1.17%   186 39676s
 4204835 2003819 7680.52174   76  299 7724.00000 7633.65982  1.17%   186 39718s
 4208049 2006067 7673.38753   86  343 7724.00000 7633.68379  1.17%   186 39760s
 4211908 2007574 7654.61787  103  371 7724.00000 7633.70786  1.17%   186 39801s
 4215502 2009001 7644.39227   75  287 7724.00000 7633.73296  1.17%   186 39827s
 4219169 2010596 7646.49862   70  301 7724.00000 7633.78298  1.17%   186 39850s
 4222683 2011725 7657.00838   90  330 7724.00000 7633.82456  1.17%   186 39872s
 4225948 2011783 7648.55213  113  302 7724.00000 7633.84489  1.17%   186 39895s
 4226118 2013035 7665.09053  114  208 7724.00000 7633.85441  1.17%   186 39919s
 4229172 2014126 7663.85682   85  243 7724.00000 7633.88717  1.17%   186 39944s
 4232429 2015530 infeasible   74      7724.00000 7633.92434  1.17%   186 39968s
 4235925 2016730 7652.78200   50  234 7724.00000 7633.96171  1.17%   186 39996s
 4239614 2018154 7653.35268   91  305 7724.00000 7634.00942  1.17%   186 40020s
 4243081 2019365 7664.69356  105  347 7724.00000 7634.03942  1.16%   186 40042s
 4246140 2020582 infeasible  115      7724.00000 7634.07658  1.16%   186 40064s
 4249455 2021529 7651.98521  104  379 7724.00000 7634.12912  1.16%   186 40088s
 4252660 2022403 7656.33452   78  383 7724.00000 7634.16129  1.16%   186 40111s
 4256277 2022787 7653.31067   66  326 7724.00000 7634.19075  1.16%   186 40134s
 4257247 2024391 7663.73131   75  304 7724.00000 7634.19075  1.16%   186 40159s
 4260942 2025688 7658.51004  104  264 7724.00000 7634.24531  1.16%   186 40183s
 4264685 2027000 7645.40352  122  306 7724.00000 7634.27830  1.16%   186 40207s
 4268182 2027956 7684.72968   69  298 7724.00000 7634.32044  1.16%   186 40243s
 4270629 2029901 7677.11595   91  314 7724.00000 7634.33065  1.16%   186 40290s
 4274612 2031850 7653.45868  168  384 7724.00000 7634.35035  1.16%   186 40333s
 4278442 2033594 7686.51307  197  321 7724.00000 7634.35417  1.16%   186 40372s
 4281492 2035003     cutoff   97      7724.00000 7634.40343  1.16%   186 40411s
 4284225 2036996     cutoff   92      7724.00000 7634.43326  1.16%   186 40453s
 4287744 2039223 infeasible   50      7724.00000 7634.47767  1.16%   186 40495s
 4291418 2041074 7684.96501  124  288 7724.00000 7634.49229  1.16%   186 40536s
 4295122 2043181 7672.92835  128  296 7724.00000 7634.52919  1.16%   186 40575s
 4298657 2045059 7641.17168   57  306 7724.00000 7634.56326  1.16%   186 40613s
 4301922 2047000 7668.33160  125  247 7724.00000 7634.58263  1.16%   187 40651s
 4305096 2048634 7653.91950   62  392 7724.00000 7634.59651  1.16%   187 40690s
 4308285 2050076 7644.54950  113  379 7724.00000 7634.64251  1.16%   187 40729s
 4311565 2051974 7658.47950   66  236 7724.00000 7634.66098  1.16%   187 40766s
 4314720 2053606 7657.90144   86  279 7724.00000 7634.69779  1.16%   187 40803s
 4317879 2055431 7676.45435   89  381 7724.00000 7634.70771  1.16%   187 40840s
 4320951 2056849 infeasible  128      7724.00000 7634.73378  1.16%   187 40868s
 4324727 2057962 7646.31948   76  295 7724.00000 7634.77362  1.16%   187 40891s
 4327777 2058891 7644.21471   75  338 7724.00000 7634.81034  1.15%   187 40914s
 4331147 2060117 7647.44679   80  302 7724.00000 7634.84657  1.15%   187 40937s
 4334466 2061240 7659.39565  110  226 7724.00000 7634.88584  1.15%   187 40960s
 4337721 2062378 7654.07570  187  275 7724.00000 7634.92520  1.15%   187 40983s
 4341104 2063547 7662.41748   78  261 7724.00000 7634.96395  1.15%   187 41006s
 4344560 2064484 7656.52608  103  291 7724.00000 7635.00035  1.15%   187 41029s
 4347694 2065539 7648.82773   75  314 7724.00000 7635.01836  1.15%   187 41052s
 4351011 2066727 7651.20651   73  286 7724.00000 7635.06267  1.15%   187 41081s
 4354652 2067825 7667.60265   74  212 7724.00000 7635.09360  1.15%   187 41104s
 4357924 2069111 7650.48920   97  221 7724.00000 7635.14387  1.15%   187 41127s
 4361345 2070197 7642.36439   97  304 7724.00000 7635.18111  1.15%   187 41151s
 4364683 2071338 7652.81888   89  256 7724.00000 7635.21542  1.15%   187 41174s
 4367907 2072677 7661.06474  105  295 7724.00000 7635.25863  1.15%   187 41196s
 4371428 2074461 7679.11751   73  180 7724.00000 7635.29052  1.15%   187 41233s
 4374463 2076339 7674.65638  149  334 7724.00000 7635.31721  1.15%   187 41272s
 4377773 2078186     cutoff  124      7724.00000 7635.34703  1.15%   187 41311s
 4381032 2080319 7657.93894   61  225 7724.00000 7635.35882  1.15%   187 41350s
 4384457 2081931 7652.14747   61  354 7724.00000 7635.40579  1.15%   187 41390s
 4387542 2083729 7674.77675  141  350 7724.00000 7635.42859  1.15%   187 41430s
 4391120 2085580 7672.03734  143  441 7724.00000 7635.46289  1.15%   187 41468s
 4394330 2087407 7670.14301   90  224 7724.00000 7635.47995  1.15%   187 41506s
 4397696 2089260 7679.54155   86  326 7724.00000 7635.51278  1.15%   187 41543s
 4400936 2091477 7663.54751   86  233 7724.00000 7635.52379  1.15%   187 41580s
 4404531 2093385 7669.69167   71  285 7724.00000 7635.54083  1.15%   187 41617s
 4407971 2094744 7671.58463  364  357 7724.00000 7635.57489  1.14%   187 41653s
 4410992 2095960 7644.24812   72  346 7724.00000 7635.58269  1.14%   187 41690s
 4413996 2097786 7664.34962   83  246 7724.00000 7635.60941  1.14%   187 41726s
 4417163 2099835 7662.85651   81  274 7724.00000 7635.64455  1.14%   187 41764s
 4420592 2101645 7673.04841  139  291 7724.00000 7635.66042  1.14%   187 41802s
 4423748 2102912     cutoff  182      7724.00000 7635.68370  1.14%   187 41828s
 4427207 2103913 7657.53248   79  195 7724.00000 7635.72082  1.14%   187 41853s
 4430714 2104822 7667.07146   65  261 7724.00000 7635.75749  1.14%   187 41877s
 4434006 2106078 7666.37956  101  337 7724.00000 7635.80305  1.14%   187 41905s
 4437638 2107036 7654.22085  124  299 7724.00000 7635.83732  1.14%   187 41928s
 4441003 2107758 7645.42749   70  272 7724.00000 7635.87820  1.14%   187 41951s
 4444185 2108912 7653.90292   70  290 7724.00000 7635.91397  1.14%   187 41974s
 4447609 2110015 7663.75688  101  324 7724.00000 7635.96510  1.14%   187 41998s
 4450997 2111242     cutoff   86      7724.00000 7635.99966  1.14%   187 42020s
 4454238 2112413     cutoff   63      7724.00000 7636.03577  1.14%   187 42043s
 4457756 2113508 7649.63644   94  304 7724.00000 7636.08004  1.14%   187 42066s
 4460955 2114929 7651.90285   82  270 7724.00000 7636.11463  1.14%   187 42089s
 4464368 2116157     cutoff   81      7724.00000 7636.15771  1.14%   187 42117s
 4468029 2117311 7657.01296  119  314 7724.00000 7636.19974  1.14%   187 42141s
 4471433 2118458 7664.87143   84  267 7724.00000 7636.22653  1.14%   187 42163s
 4474703 2119937 7655.14951  111  353 7724.00000 7636.25728  1.14%   187 42199s
 4477343 2121927 7646.60601   79  313 7724.00000 7636.27732  1.14%   187 42244s
 4481128 2124022 infeasible  119      7724.00000 7636.31280  1.14%   187 42285s
 4484884 2125893 infeasible   83      7724.00000 7636.34724  1.13%   187 42324s
 4488118 2128070 7672.78251   79  207 7724.00000 7636.36877  1.13%   187 42364s
 4491589 2129846 7667.86473  128  205 7724.00000 7636.39921  1.13%   187 42403s
 4494770 2131579 7679.41746  123  212 7724.00000 7636.43087  1.13%   187 42442s
 4498102 2133288 7661.66337  111  332 7724.00000 7636.45609  1.13%   187 42481s
 4501532 2134494 7664.16671  109  409 7724.00000 7636.48842  1.13%   187 42520s
 4504643 2136166 7653.16996  120  332 7724.00000 7636.50692  1.13%   187 42560s
 4507919 2137797     cutoff  106      7724.00000 7636.53991  1.13%   187 42598s
 4511074 2139449     cutoff   67      7724.00000 7636.56522  1.13%   187 42637s
 4514343 2141159 7668.10211  113  257 7724.00000 7636.58955  1.13%   187 42677s
 4517530 2142870 7669.98601   93  297 7724.00000 7636.60813  1.13%   187 42717s
 4521126 2144446 infeasible   95      7724.00000 7636.64127  1.13%   187 42761s
 4524337 2146362 7678.69095   66  182 7724.00000 7636.66892  1.13%   187 42800s
 4527785 2147438     cutoff   65      7724.00000 7636.69362  1.13%   188 42826s
 4531111 2148788 7662.28139   95  275 7724.00000 7636.74013  1.13%   188 42851s
 4534811 2150011 7648.83305   64  280 7724.00000 7636.78056  1.13%   188 42874s
 4538466 2150988 7664.32702   61  279 7724.00000 7636.80493  1.13%   187 42898s
 4541719 2152369 7662.03517  106  285 7724.00000 7636.84630  1.13%   187 42920s
 4545100 2153508 7661.41304   68  247 7724.00000 7636.88753  1.13%   187 42943s
 4548259 2154804 infeasible   69      7724.00000 7636.92627  1.13%   187 42972s
 4552071 2155785 7660.26698   70  344 7724.00000 7636.95576  1.13%   187 42995s
 4555157 2156678 7658.99641   75  285 7724.00000 7636.98808  1.13%   187 43018s
 4558700 2157362 7648.16072   69  302 7724.00000 7637.02962  1.13%   187 43041s
 4562020 2158467 7643.53448   94  249 7724.00000 7637.07036  1.13%   187 43064s
 4565480 2158859 7651.55541   94  442 7724.00000 7637.10027  1.13%   187 43085s
 4566390 2160026 7661.42683  124  452 7724.00000 7637.10404  1.13%   187 43110s
 4569855 2161289 7669.12431  110  254 7724.00000 7637.14642  1.12%   187 43133s
 4573436 2162250 7665.52362   98  231 7724.00000 7637.18416  1.12%   187 43156s
 4576767 2163313     cutoff   80      7724.00000 7637.21374  1.12%   187 43179s
 4580152 2163936 7680.08952  103  289 7724.00000 7637.25543  1.12%   187 43200s

Cutting planes:
  Gomory: 8
  Cover: 1145
  Implied bound: 7
  Clique: 161
  MIR: 298
  StrongCG: 3
  GUB cover: 2
  Zero half: 104
  Mod-K: 1
  RLT: 785
  Relax-and-lift: 6
  BQP: 17

Explored 4581477 nodes (858309708 simplex iterations) in 43209.29 seconds (21873.72 work units)
Thread count was 32 (of 128 available processors)

Solution count 10: 7724 7733 7739 ... 7836

Time limit reached
Best objective 7.724000000000e+03, best bound 7.638000000000e+03, gap 1.1134%
Solved c201_Even -> /project2/ssuen_1733/output/v3/c201_Even.pkl / .json
[Tue Dec 16 04:48:04 PST 2025] Finished run_single_instance for c201_Even
