==========================================
SLURM_JOB_ID = 5298017
SLURM_JOB_NODELIST = b22-26
TMPDIR = /tmp/SLURM_5298017
==========================================
Using Python:
Python 3.10.18
Checking core dependencies:
numpy: 2.2.6
gurobi: (12, 0, 3)
[Mon Dec 15 16:51:14 PST 2025] Starting run_single_instance on b22-26.hpc.usc.edu for rc101_Random1
Set parameter TokenServer to value "hpc-licenses.hpcc.usc.edu"
Set parameter TimeLimit to value 43200
Set parameter Seed to value 42
Set parameter OutputFlag to value 1
Gurobi Optimizer version 12.0.3 build v12.0.3rc0 (linux64 - "Rocky Linux 8.10 (Green Obsidian)")

CPU model: AMD EPYC 7542 32-Core Processor, instruction set [SSE2|AVX|AVX2]
Thread count: 64 physical cores, 128 logical processors, using up to 32 threads

Non-default parameters:
TimeLimit  43200
Seed  42

Optimize a model with 703550 rows, 728000 columns and 5954600 nonzeros
Model fingerprint: 0x83b63519
Variable types: 0 continuous, 728000 integer (727500 binary)
Coefficient statistics:
  Matrix range     [1e+00, 1e+03]
  Objective range  [1e+00, 1e+02]
  Bounds range     [1e+00, 5e+01]
  RHS range        [1e+00, 1e+03]
Presolve removed 679100 rows and 699456 columns
Presolve time: 1.45s
Presolved: 24450 rows, 28544 columns, 170750 nonzeros
Variable types: 0 continuous, 28544 integer (28500 binary)
Performing another presolve...
Presolve removed 630 rows and 300 columns (presolve time = 10s)...
Presolve removed 630 rows and 300 columns
Presolve time: 10.21s
Deterministic concurrent LP optimizer: primal and dual simplex
Showing primal log only...


Root simplex log...

Iteration    Objective       Primal Inf.    Dual Inf.      Time
       0    7.0600000e+02   3.195000e+02   1.493436e+10     14s
   21016    9.4490873e+03   0.000000e+00   1.802272e+06     15s
Concurrent spin time: 0.00s

Solved with dual simplex

Root simplex log...

Iteration    Objective       Primal Inf.    Dual Inf.      Time
   14665    4.5983305e+03   0.000000e+00   0.000000e+00     16s

Root relaxation: objective 4.598331e+03, 14665 iterations, 1.71 seconds (0.90 work units)
Total elapsed time = 15.51s (DegenMoves)

    Nodes    |    Current Node    |     Objective Bounds      |     Work
 Expl Unexpl |  Obj  Depth IntInf | Incumbent    BestBd   Gap | It/Node Time

     0     0 4598.33053    0  662          - 4598.33053      -     -   15s
     0     0 4660.17597    0  805          - 4660.17597      -     -   16s
     0     0 4665.85985    0  829          - 4665.85985      -     -   16s
     0     0 4665.92507    0  813          - 4665.92507      -     -   17s
     0     0 4877.60519    0  883          - 4877.60519      -     -   17s
     0     0 4926.87641    0  874          - 4926.87641      -     -   17s
     0     0 4926.96353    0  874          - 4926.96353      -     -   17s
     0     0 4926.96353    0  878          - 4926.96353      -     -   17s
     0     0 4981.60195    0  977          - 4981.60195      -     -   18s
     0     0 4984.84125    0  993          - 4984.84125      -     -   18s
     0     0 4985.21382    0  999          - 4985.21382      -     -   19s
     0     0 4985.31030    0 1007          - 4985.31030      -     -   19s
     0     0 4985.32350    0 1012          - 4985.32350      -     -   19s
H    0     0                    24432.000000 4985.32350  79.6%     -   19s
     0     0 5037.46635    0 1038 24432.0000 5037.46635  79.4%     -   20s
H    0     0                    23636.000000 5037.83547  78.7%     -   20s
H    0     0                    21548.000000 5037.83547  76.6%     -   20s
H    0     0                    20866.000000 5037.83547  75.9%     -   20s
H    0     0                    15976.000000 5037.83547  68.5%     -   20s
H    0     0                    14901.000000 5037.83547  66.2%     -   20s
H    0     0                    14781.000000 5037.83547  65.9%     -   20s
H    0     0                    14771.000000 5037.83547  65.9%     -   20s
H    0     0                    14761.000000 5037.83547  65.9%     -   20s
H    0     0                    14688.000000 5037.83547  65.7%     -   20s
H    0     0                    14660.000000 5037.83547  65.6%     -   20s
H    0     0                    14657.000000 5037.83547  65.6%     -   20s
H    0     0                    14644.000000 5037.83547  65.6%     -   20s
H    0     0                    14622.000000 5037.83547  65.5%     -   20s
H    0     0                    14620.000000 5037.83547  65.5%     -   20s
     0     0 5041.10797    0  947 14620.0000 5041.10797  65.5%     -   20s
     0     0 5041.80930    0 1024 14620.0000 5041.80930  65.5%     -   20s
     0     0 5042.04739    0 1010 14620.0000 5042.04739  65.5%     -   21s
     0     0 5042.04739    0 1019 14620.0000 5042.04739  65.5%     -   21s
     0     0 5094.23191    0 1032 14620.0000 5094.23191  65.2%     -   23s
H    0     0                    13843.000000 5096.65564  63.2%     -   23s
H    0     0                    13761.000000 5096.65564  63.0%     -   23s
     0     0 5096.65564    0 1030 13761.0000 5096.65564  63.0%     -   23s
     0     0 5096.65564    0 1049 13761.0000 5096.65564  63.0%     -   24s
     0     0 5096.65564    0 1059 13761.0000 5096.65564  63.0%     -   24s
     0     0 5150.18622    0 1047 13761.0000 5150.18622  62.6%     -   26s
H    0     0                    13207.000000 5150.24872  61.0%     -   26s
H    0     0                    13003.000000 5150.24872  60.4%     -   26s
H    0     0                    12985.000000 5150.24872  60.3%     -   26s
H    0     0                    12981.000000 5150.24872  60.3%     -   26s
     0     0 5160.37099    0 1056 12981.0000 5160.37099  60.2%     -   27s
     0     0 5160.51436    0 1048 12981.0000 5160.51436  60.2%     -   27s
     0     0 5160.58558    0 1049 12981.0000 5160.58558  60.2%     -   27s
     0     0 5187.38414    0 1120 12981.0000 5187.38414  60.0%     -   28s
H    0     0                    12683.000000 5187.68718  59.1%     -   28s
H    0     0                    12650.000000 5187.68718  59.0%     -   28s
H    0     0                    12646.000000 5187.68718  59.0%     -   28s
H    0     0                    12645.000000 5187.68718  59.0%     -   28s
     0     0 5193.98741    0 1185 12645.0000 5193.98741  58.9%     -   29s
     0     0 5194.23268    0 1164 12645.0000 5194.23268  58.9%     -   29s
     0     0 5194.26091    0 1165 12645.0000 5194.26091  58.9%     -   29s
     0     0 5248.80541    0 1107 12645.0000 5248.80541  58.5%     -   30s
H    0     0                    11739.000000 5248.85541  55.3%     -   30s
H    0     0                    11659.000000 5248.85541  55.0%     -   30s
H    0     0                    11658.000000 5248.85541  55.0%     -   30s
H    0     0                    11622.000000 5248.85541  54.8%     -   30s
H    0     0                    11607.000000 5248.85541  54.8%     -   30s
     0     0 5251.04821    0 1174 11607.0000 5251.04821  54.8%     -   31s
     0     0 5251.10116    0 1125 11607.0000 5251.10116  54.8%     -   31s
     0     0 5358.47193    0 1140 11607.0000 5358.47193  53.8%     -   32s
H    0     0                    11439.000000 5358.48752  53.2%     -   33s
H    0     0                    11433.000000 5358.48752  53.1%     -   33s
     0     0 5366.59476    0 1194 11433.0000 5366.59476  53.1%     -   33s
     0     0 5368.10383    0 1352 11433.0000 5368.10383  53.0%     -   33s
     0     0 5368.21268    0 1259 11433.0000 5368.21268  53.0%     -   33s
     0     0 5443.68943    0 1162 11433.0000 5443.68943  52.4%     -   34s
H    0     0                    10791.000000 5443.76095  49.6%     -   35s
H    0     0                    10789.000000 5443.76095  49.5%     -   35s
H    0     0                    10785.000000 5443.76095  49.5%     -   35s
H    0     0                    10783.000000 5443.76095  49.5%     -   36s
H    0     0                    10766.000000 5443.76095  49.4%     -   36s
H    0     0                    10752.000000 5443.76095  49.4%     -   36s
H    0     0                    10747.000000 5443.76095  49.3%     -   36s
H    0     0                    10735.000000 5443.76095  49.3%     -   36s
     0     0 5445.56593    0 1138 10735.0000 5445.56593  49.3%     -   37s
     0     0 5445.63949    0 1163 10735.0000 5445.63949  49.3%     -   37s
     0     0 5468.15524    0 1221 10735.0000 5468.15524  49.1%     -   39s
H    0     0                    10695.000000 5468.23346  48.9%     -   39s
H    0     0                    10691.000000 5468.23346  48.9%     -   39s
     0     0 5477.45656    0 1389 10691.0000 5477.45656  48.8%     -   39s
     0     0 5477.64048    0 1313 10691.0000 5477.64048  48.8%     -   39s
     0     0 5508.95967    0 1298 10691.0000 5508.95967  48.5%     -   41s
     0     0 5510.78503    0 1171 10691.0000 5510.78503  48.5%     -   42s
     0     0 5510.96092    0 1198 10691.0000 5510.96092  48.5%     -   42s
     0     0 5528.92198    0 1299 10691.0000 5528.92198  48.3%     -   43s
H    0     0                    10675.000000 5528.94858  48.2%     -   43s
H    0     0                    10659.000000 5528.94858  48.1%     -   43s
     0     0 5530.33765    0 1241 10659.0000 5530.33765  48.1%     -   43s
     0     0 5530.44858    0 1315 10659.0000 5530.44858  48.1%     -   43s
     0     0 5555.41393    0 1346 10659.0000 5555.41393  47.9%     -   44s
     0     0 5556.67414    0 1416 10659.0000 5556.67414  47.9%     -   44s
     0     0 5556.82465    0 1446 10659.0000 5556.82465  47.9%     -   44s
     0     0 5560.11263    0 1349 10659.0000 5560.11263  47.8%     -   44s
H    0     0                    10583.000000 5560.11631  47.5%     -   44s
H    0     0                    10581.000000 5560.11631  47.5%     -   44s
     0     0 5560.47571    0 1271 10581.0000 5560.47571  47.4%     -   45s
     0     0 5560.52689    0 1261 10581.0000 5560.52689  47.4%     -   45s
     0     0 5565.72866    0 1327 10581.0000 5565.72866  47.4%     -   45s
     0     0 5566.12791    0 1363 10581.0000 5566.12791  47.4%     -   45s
     0     0 5566.23201    0 1394 10581.0000 5566.23201  47.4%     -   45s
     0     0 5581.30984    0 1267 10581.0000 5581.30984  47.3%     -   46s
H    0     0                    10567.000000 5581.30984  47.2%     -   47s
     0     0 5582.23248    0 1369 10567.0000 5582.23248  47.2%     -   47s
     0     0 5582.25980    0 1358 10567.0000 5582.25980  47.2%     -   47s
     0     0 5592.97896    0 1381 10567.0000 5592.97896  47.1%     -   48s
     0     0 5596.25112    0 1449 10567.0000 5596.25112  47.0%     -   49s
     0     0 5596.70616    0 1438 10567.0000 5596.70616  47.0%     -   49s
     0     0 5596.83571    0 1433 10567.0000 5596.83571  47.0%     -   49s
     0     0 5606.60942    0 1362 10567.0000 5606.60942  46.9%     -   50s
H    0     0                    10357.000000 5606.67897  45.9%     -   50s
     0     0 5607.26711    0 1368 10357.0000 5607.26711  45.9%     -   50s
     0     0 5607.28536    0 1390 10357.0000 5607.28536  45.9%     -   50s
     0     0 5611.97938    0 1382 10357.0000 5611.97938  45.8%     -   50s
     0     0 5612.02990    0 1426 10357.0000 5612.02990  45.8%     -   50s
     0     0 5612.70603    0 1387 10357.0000 5612.70603  45.8%     -   51s
     0     0 5612.71716    0 1314 10357.0000 5612.71716  45.8%     -   51s
H    0     0                    10348.000000 5612.72638  45.8%     -   52s
H    0     0                    10308.000000 5612.72638  45.5%     -   56s
H    0     0                    10224.000000 5612.72638  45.1%     -   59s
H    0     0                    10210.000000 5612.72638  45.0%     -   60s
H    0     0                    10151.000000 5612.72638  44.7%     -   62s
     6     4 5655.33216    2  227 10151.0000 5655.33216  44.3%  41.2   73s
    62    74 5657.30290    7  228 10151.0000 5657.00112  44.3%   214   75s
   543   448 5710.54599    2  196 10151.0000 5710.54599  43.7%   130   85s
   788   694 5719.55045   10  181 10151.0000 5712.91784  43.7%   174   90s
H 1067   912                    9974.0000000 5712.91784  42.7%   184   91s
  1068   916 5724.01713    2  368 9974.00000 5723.78679  42.6%   184  108s
  1074   928 5724.69928    4  359 9974.00000 5724.08690  42.6%   187  110s
  1162  1072 5727.10983    8  316 9974.00000 5725.86928  42.6%   225  117s
  1394  1270 5732.29383   11  284 9974.00000 5725.86928  42.6%   227  121s
  1549  1470 5732.27001   15  375 9974.00000 5725.86928  42.6%   235  125s
H 1632  1470                    9807.0000000 5725.86928  41.6%   250  125s
  1633  1474 5725.86928    2  299 9807.00000 5725.86928  41.6%   250  131s
  1663  1534 5747.91972    6  321 9807.00000 5730.89924  41.6%   254  135s
  2038  1903 5766.11127   14  274 9807.00000 5731.18569  41.6%   249  140s
H 2145  1974                    8878.0000000 5731.18569  35.4%   255  140s
  2146  1978 5765.33869    2  243 8878.00000 5765.25407  35.1%   255  151s
  2427  2279 5768.11701   13  215 8878.00000 5766.19556  35.1%   249  155s
H 2670  2478                    8147.0000000 5766.19556  29.2%   243  156s
  3526  3226 5777.19048   22  195 8147.00000 5768.02937  29.2%   199  160s
  4076  3722 5780.55919   16  386 8147.00000 5772.82800  29.1%   194  165s
  4345  3956 5791.90188   26  389 8147.00000 5772.82800  29.1%   201  170s
  4568  4185 5850.25127   33  276 8147.00000 5772.82800  29.1%   203  175s
  5013  4595 5815.11946   20  296 8147.00000 5772.82800  29.1%   202  180s
H 5486  5025                    8111.0000000 5772.82800  28.8%   203  183s
  5630  5227 5781.79086   22  158 8111.00000 5772.82800  28.8%   198  185s
H 6187  5673                    8109.0000000 5772.82800  28.8%   192  189s
  6187  5746 5781.25598   30  211 8109.00000 5772.82800  28.8%   190  190s
  7588  7051 5786.89102   46  178 8109.00000 5773.19937  28.8%   174  195s
  8185  7552 5803.67383   43  370 8109.00000 5774.89540  28.8%   172  200s
  8554  7905 5817.46662   48  373 8109.00000 5774.89540  28.8%   173  205s
  9208  8530 5840.94117   33  406 8109.00000 5774.89540  28.8%   174  210s
H 9790  9029                    8093.0000000 5774.89540  28.6%   175  214s
  9855  9148 5792.21977   33  169 8093.00000 5774.89540  28.6%   173  215s
 10628  9837 5900.17175   40  166 8093.00000 5775.90111  28.6%   168  220s
 11760 10794 5827.85377   55  233 8093.00000 5812.45295  28.2%   159  238s
 12004 11100 5830.12615   61  240 8093.00000 5812.75562  28.2%   159  240s
 12827 11820 5839.73303   87  267 8093.00000 5813.40295  28.2%   158  245s
 13409 12390 5860.23309   67  242 8093.00000 5814.88689  28.1%   160  250s
 14023 12938 5892.26024   75  243 8093.00000 5818.56082  28.1%   162  256s
 14711 13648 5892.69375   47  344 8093.00000 5818.56082  28.1%   162  260s
H15364 14081                    8091.0000000 5819.88541  28.1%   162  263s
 15397 14188 5839.44255   41  154 8091.00000 5819.88541  28.1%   161  265s
 16415 15245 5885.17981   54  152 8091.00000 5819.88541  28.1%   156  270s
H16641 15245                    8077.0000000 5820.99255  27.9%   156  270s
 16756 15267 5824.26249   23  274 8077.00000 5824.12106  27.9%   156  275s
 17073 15246 5836.12474   27  210 8077.00000 5825.30306  27.9%   155  280s
 17509 15262 5886.96123   32   91 8077.00000 5825.91839  27.9%   155  285s
 18799 15458 5902.60034   24  296 8077.00000 5902.44177  26.9%   154  349s
 18801 15459 5902.60034   25  292 8077.00000 5902.60034  26.9%   155  350s
 18821 15484 5903.50162   28  206 8077.00000 5903.39591  26.9%   155  355s
 18958 15579 5904.00699   32  149 8077.00000 5903.55119  26.9%   156  360s
 19088 15652 5904.00699   34  145 8077.00000 5903.55119  26.9%   157  365s
 19223 15708 5904.13839   36  208 8077.00000 5903.55119  26.9%   158  370s
 19355 15773 5904.29587   38  209 8077.00000 5903.55119  26.9%   158  376s
 19462 15823 6041.25937   39  120 8077.00000 5903.55119  26.9%   158  380s
H19657 15705                    8067.0000000 5903.55119  26.8%   159  383s
 19657 15922 6039.24666   77  327 8067.00000 5903.55119  26.8%   158  385s
 20486 16716 5974.84836   92  154 8067.00000 5903.55119  26.8%   160  391s
 21487 17455 5994.96337   56  406 8067.00000 5903.55119  26.8%   160  395s
H22684 18526                    8036.0000000 5905.09118  26.5%   158  399s
 22684 18807 5989.14118   58  142 8036.00000 5905.09118  26.5%   157  400s
 24060 19980 6001.20272   84  179 8036.00000 5905.09118  26.5%   153  405s
H24247 19969                    8031.0000000 5905.09118  26.5%   153  405s
 25128 20206     cutoff   59      8031.00000 5907.72290  26.4%   151  410s
 26312 20379 5912.41495   41  285 8031.00000 5910.06902  26.4%   149  417s
 26449 20386 5947.45867   42  201 8031.00000 5910.90971  26.4%   149  420s
 26585 20461 5952.08949   44  128 8031.00000 5910.90971  26.4%   150  426s
 26658 20493 5926.82526   45  157 8031.00000 5910.90971  26.4%   150  430s
 26804 20559 5915.59255   47  346 8031.00000 5910.90971  26.4%   150  436s
 26961 20678 5915.92441   48  260 8031.00000 5910.90971  26.4%   150  441s
 27239 20861 5916.00650   49  364 8031.00000 5913.10214  26.4%   151  445s
 27828 21115 5951.57073   52  173 8031.00000 5913.17165  26.4%   151  451s
 28558 21684 5998.21713  115  234 8031.00000 5917.64791  26.3%   152  456s
 29249 22291 6002.75426  148  248 8031.00000 5917.64791  26.3%   153  461s
 29684 22914 6014.52015  157  233 8031.00000 5917.64791  26.3%   152  465s
 31000 23796 6215.68172   71  268 8031.00000 5917.64791  26.3%   151  470s
 31918 24635 6031.95227   84  277 8031.00000 5917.64791  26.3%   150  475s
H32667 25302                    7977.0000000 5917.64791  25.8%   149  479s
 32667 25617 6016.19022   88  170 7977.00000 5917.64791  25.8%   148  480s
 34203 26724 6048.54236  143  206 7977.00000 5917.64791  25.8%   145  485s
H34882 27279                    7973.0000000 5917.64791  25.8%   144  487s
 35451 27440 5972.02070   46  149 7973.00000 5918.51592  25.8%   143  490s
 36699 27872 5970.27747   70  242 7973.00000 5920.38866  25.7%   141  495s
 37696 28232 5924.66598   59  296 7973.00000 5920.90159  25.7%   141  500s
 38312 28496 5926.15148   62  325 7973.00000 5920.90159  25.7%   142  506s
 38949 28847 5927.02539   65  320 7973.00000 5922.21723  25.7%   142  511s
 39491 29072 5977.95559   68  164 7973.00000 5922.21723  25.7%   142  515s
 40628 29923 6148.95041  200  133 7973.00000 5922.76036  25.7%   142  521s
 41550 30403 6039.98882   32  562 7973.00000 6039.98882  24.2%   144  610s
 41556 30413 6040.05706   34  519 7973.00000 6040.01534  24.2%   144  615s
 41580 30453 6040.23473   36  616 7973.00000 6040.10028  24.2%   144  621s
 41644 30512 6041.09346   38  709 7973.00000 6040.24436  24.2%   145  625s
 41781 30602 6066.85444   40  430 7973.00000 6040.24436  24.2%   145  633s
 41892 30660 6063.12271   41  386 7973.00000 6040.24436  24.2%   146  638s
 41979 30724 6045.60881   42  538 7973.00000 6040.24436  24.2%   146  641s
 42111 30820 6086.07276   43  356 7973.00000 6040.24436  24.2%   146  646s
 42277 30873 6054.93793   44  475 7973.00000 6040.84443  24.2%   147  650s
 42461 30996 6047.24448   46  482 7973.00000 6041.96788  24.2%   147  656s
 43886 32545 6193.56322  111  321 7973.00000 6042.24860  24.2%   145  660s
 45638 33800 6351.47880   32  664 7973.00000 6351.42798  20.3%   146  850s
 45644 33810 6351.79192   34  681 7973.00000 6351.60509  20.3%   146  856s
 45668 33842 6352.57883   36  632 7973.00000 6351.84198  20.3%   146  862s
 45696 33863 6352.70605   37  642 7973.00000 6352.57952  20.3%   147  865s
 45771 33962 6352.88602   39  641 7973.00000 6352.88602  20.3%   147  872s
 45854 33966 6362.78641   40  520 7973.00000 6352.89005  20.3%   148  875s
 45924 34019 6360.05769   41  481 7973.00000 6353.46911  20.3%   148  881s
 46015 34076 6354.09275   43  548 7973.00000 6354.09275  20.3%   149  888s
 46064 34109 6354.11866   44  581 7973.00000 6354.11866  20.3%   149  891s
 46177 34183 6354.59481   46  592 7973.00000 6354.59481  20.3%   149  898s
 46236 34219 6354.62724   47  585 7973.00000 6354.62724  20.3%   150  901s
 46297 34250 6354.67019   48  575 7973.00000 6354.67019  20.3%   150  905s
 46434 34306 6378.13802   49  463 7973.00000 6354.88006  20.3%   151  910s
 46576 34355 6355.24134   50  612 7973.00000 6355.24134  20.3%   151  915s
 46710 34441 6402.63265   51  456 7973.00000 6355.24134  20.3%   152  920s
 46921 34530 6356.79233   53  447 7973.00000 6355.24134  20.3%   153  927s
 47032 34572 6358.86986   54  499 7973.00000 6355.24134  20.3%   153  930s
 47186 34584 6364.64038   55  564 7973.00000 6355.24187  20.3%   154  937s
 47223 34609 6359.55059   55  550 7973.00000 6355.24187  20.3%   154  940s
 47306 34666 6366.10236   58  549 7973.00000 6355.59936  20.3%   155  947s
 47437 34767 6367.98175   60  531 7973.00000 6355.59972  20.3%   155  953s
 47542 34864 6368.39759   61  529 7973.00000 6355.59972  20.3%   155  957s
 47733 35286 6420.36104   82  185 7973.00000 6356.78248  20.3%   155  964s
 48483 35597 6388.17590   82  202 7973.00000 6356.79995  20.3%   154  967s
 50025 35979 6373.52389  111  220 7973.00000 6360.89750  20.2%   153  970s
 51860 36799 6372.13748   74  276 7973.00000 6362.75706  20.2%   151  976s
 52436 37050 6378.55568   77  309 7973.00000 6362.75706  20.2%   151  981s
 53053 37342 6379.10599   79  252 7973.00000 6363.92678  20.2%   151  986s
 53720 37797 6411.65671   82  173 7973.00000 6363.92678  20.2%   152  990s
 54612 37960 6493.63635   46  246 7973.00000 6363.92678  20.2%   151  996s
 54767 38022 6384.85742   47  369 7973.00000 6363.92678  20.2%   152 1000s
 55033 38111 6369.55753   49  489 7973.00000 6363.92678  20.2%   152 1007s
 55220 38171 6372.80306   50  356 7973.00000 6364.65474  20.2%   152 1011s
 55425 38232 6374.35847   51  352 7973.00000 6364.65474  20.2%   152 1017s
 55528 38255 infeasible   51      7973.00000 6364.65474  20.2%   152 1021s
 55814 38402 6389.04585   54  446 7973.00000 6364.65474  20.2%   153 1027s
 56024 38508 6389.58732   56  449 7973.00000 6365.16112  20.2%   153 1032s
 56242 38634 6390.48354   58  488 7973.00000 6365.17530  20.2%   153 1037s
 56364 38700 6390.65813   59  490 7973.00000 6365.17530  20.2%   154 1040s
 56619 38767 6393.35216   61  426 7973.00000 6365.17530  20.2%   154 1045s
 56740 38893 6393.07692   62  444 7973.00000 6365.17530  20.2%   154 1052s
 56855 38979 6393.23409   64  387 7973.00000 6365.17530  20.2%   154 1055s
 57204 39139 6467.30023   66  295 7973.00000 6365.17530  20.2%   155 1063s
 57377 39233 6394.30186   68  417 7973.00000 6365.72520  20.2%   155 1067s
 57544 39340 6445.23422   69  238 7973.00000 6365.72520  20.2%   155 1070s
 57928 40023 6536.27413  135  272 7973.00000 6365.72520  20.2%   156 1075s
 59723 41591 6581.90346  165  231 7973.00000 6365.88552  20.2%   155 1080s
 60797 41977 6916.34901   26  532 7973.00000 6916.34901  13.3%   156 1241s
 60803 41987 6917.06306   28  539 7973.00000 6917.06306  13.2%   156 1246s
 60827 42019 6918.63266   30  703 7973.00000 6917.68831  13.2%   156 1253s
 60859 42034 6918.64549   31  773 7973.00000 6918.52195  13.2%   157 1256s
 60924 42072 6919.30855   33  776 7973.00000 6918.54935  13.2%   157 1262s
 60956 42086 6975.32199   33  466 7973.00000 6918.54935  13.2%   157 1266s
 61021 42128 6933.45150   34  770 7973.00000 6918.54935  13.2%   158 1274s
 61063 42140 6919.92483   35  774 7973.00000 6918.54935  13.2%   158 1277s
 61097 42239 6931.36634   62  529 7973.00000 6918.54935  13.2%   158 1282s
 61240 42272 6931.37185   63  528 7973.00000 6918.54935  13.2%   158 1286s
 61355 42316 6940.40547   64  447 7973.00000 6922.51493  13.2%   159 1290s
 61587 42459 6941.34039   66  517 7973.00000 6922.51493  13.2%   159 1297s
 61735 42522 6941.49707   67  515 7973.00000 6922.51493  13.2%   160 1300s
 62062 42604 6943.31080   69  423 7973.00000 6922.51493  13.2%   160 1308s
 62210 42661 6945.73093   70  437 7973.00000 6922.51493  13.2%   161 1312s
 62355 42718 6945.85854   71  477 7973.00000 6922.51493  13.2%   161 1317s
 62488 42792 6946.10509   72  443 7973.00000 6922.51493  13.2%   162 1321s
 62628 42873 6963.70542   73  378 7973.00000 6922.51493  13.2%   162 1325s
 62784 42987 7077.90425   74  287 7973.00000 6922.51493  13.2%   163 1330s
 63171 43225 6953.51933   78  417 7973.00000 6926.16597  13.1%   164 1339s
 63421 43328 7034.87510   79  305 7973.00000 6926.16597  13.1%   165 1343s
 63650 43501 6955.39314   81  468 7973.00000 6926.16597  13.1%   165 1347s
 63940 43644 7071.81055   82  416 7973.00000 6926.16597  13.1%   166 1353s
 64244 43639 6957.89225   79  155 7973.00000 6926.16597  13.1%   166 1355s
 65413 44591     cutoff  121      7973.00000 6929.52960  13.1%   165 1360s
 68865 46551 6955.18994   85  275 7973.00000 6936.90918  13.0%   162 1368s
 69672 46641 6980.76275   89  253 7973.00000 6936.90918  13.0%   161 1371s
 70285 47522 6941.67042   62  245 7973.00000 6936.90918  13.0%   161 1378s
 70849 47642 6943.78261   76  232 7973.00000 6936.90918  13.0%   161 1380s
 71437 48543 6949.46489   97  309 7973.00000 6938.81438  13.0%   161 1386s
 72433 49253 6954.37501  119  322 7973.00000 6938.81438  13.0%   161 1394s
 73045 49394 7028.93863   72  311 7973.00000 6940.37799  13.0%   161 1399s
 73207 49575 7026.98702   73  305 7973.00000 6940.37799  13.0%   161 1403s
 73500 49686 6982.55321   75  337 7973.00000 6940.37799  13.0%   161 1408s
 73762 49807 6983.50585   77  324 7973.00000 6940.37799  13.0%   161 1413s
 73999 49961 6983.89117   79  416 7973.00000 6940.37799  13.0%   162 1417s
 74245 49908 6984.01226   80  422 7973.00000 6940.37799  13.0%   162 1420s
 74280 49929 7028.53991   80  238 7973.00000 6940.37799  13.0%   162 1425s
 74347 49989 6994.24888   81  257 7973.00000 6940.37799  13.0%   162 1433s
 74405 50088 6984.58750   82  418 7973.00000 6940.37799  13.0%   162 1438s
 74526 50324 7082.21460   82  358 7973.00000 6940.37799  13.0%   162 1445s
 74830 50674 6985.01361   83  423 7973.00000 6940.37799  13.0%   162 1450s
 75330 50955 6985.04977   84  391 7973.00000 6940.37799  13.0%   162 1455s
 76405 51523 6986.04395   89  459 7973.00000 6940.75950  12.9%   162 1464s
 76979 51746 6986.12644   92  417 7973.00000 6940.98429  12.9%   162 1470s
 77525 51631 6942.75242   36  765 7973.00000 6940.98429  12.9%   163 1478s
 77580 51655 6989.92744   36  402 7973.00000 6940.98429  12.9%   163 1483s
 77636 51677 6943.01595   37  815 7973.00000 6940.98429  12.9%   164 1486s
 77694 51705 7077.36372   37  412 7973.00000 6940.98429  12.9%   164 1490s
 77814 51769 7112.58037   38  481 7973.00000 6943.02014  12.9%   165 1498s
 77879 51801 6943.63847   39  758 7973.00000 6943.02014  12.9%   165 1503s
 77949 51829 7026.59748   39  467 7973.00000 6943.02014  12.9%   165 1506s
 78019 51853 6944.25580   40  725 7973.00000 6943.29861  12.9%   165 1510s
 78153 51905 6945.74355   42  716 7973.00000 6943.29861  12.9%   166 1519s
 78221 51934 6948.39159   43  720 7973.00000 6943.46321  12.9%   166 1523s
 78295 51965 7023.91104   43  491 7973.00000 6943.46321  12.9%   166 1527s
 78371 52005 6949.57695   44  708 7973.00000 6943.46321  12.9%   166 1531s
 78546 52088 6950.06514   45  728 7973.00000 6943.46321  12.9%   167 1539s
 78642 52126 6950.65630   46  721 7973.00000 6943.46321  12.9%   167 1542s
 78738 52162 6951.05505   47  672 7973.00000 6944.08006  12.9%   167 1547s
 78833 52221 6951.34629   48  733 7973.00000 6944.08006  12.9%   167 1551s
 78947 52264 6952.70548   49  700 7973.00000 6944.59214  12.9%   168 1556s
 79058 52316 6952.97814   50  661 7973.00000 6944.59214  12.9%   168 1561s
 79171 52372 6953.59787   51  629 7973.00000 6944.59214  12.9%   168 1565s
 79290 52416 6953.72042   52  592 7973.00000 6944.59214  12.9%   168 1570s
 79434 52469 6953.72042   53  592 7973.00000 6944.59214  12.9%   169 1575s
 79572 52626 6954.13416   54  580 7973.00000 6945.61250  12.9%   169 1580s
 80141 52938 6955.27038   56  654 7973.00000 6945.61250  12.9%   169 1588s
 80428 53109 6955.47658   57  628 7973.00000 6945.74355  12.9%   170 1593s
 80741 53264 6955.88910   58  605 7973.00000 6945.74355  12.9%   170 1596s
 81048 53391 6956.10896   59  602 7973.00000 6945.74355  12.9%   171 1601s
 81336 53549 6957.62660   60  666 7973.00000 6946.22542  12.9%   171 1606s
 81629 53746 6977.52017   84  509 7973.00000 6946.22542  12.9%   172 1611s
 81988 53843 6978.06442   86  525 7973.00000 6946.22542  12.9%   172 1616s
 82236 54024 6978.99749   88  529 7973.00000 6947.39495  12.9%   173 1620s
 82542 54209 6979.10878   90  479 7973.00000 6947.39495  12.9%   173 1626s
 82886 54306 6979.61913   92  534 7973.00000 6947.39495  12.9%   174 1630s
 83152 54504 6980.03171   94  498 7973.00000 6947.39495  12.9%   174 1635s
 83467 54702 6980.09251   96  477 7973.00000 6947.39495  12.9%   175 1640s
 83834 54814 6980.79557   99  451 7973.00000 6947.39495  12.9%   175 1645s
 84149 55026 6981.66705  101  495 7973.00000 6947.39495  12.9%   175 1650s
 84529 55140 6982.02580  104  481 7973.00000 6947.39495  12.9%   176 1655s
 84839 55341 6987.99501  105  432 7973.00000 6947.39495  12.9%   176 1661s
 85268 55394 6991.63257  108  425 7973.00000 6947.39495  12.9%   177 1666s
 85569 55664 6993.54042  110  466 7973.00000 6947.75933  12.9%   177 1671s
 86810 56135 6991.55769  141  108 7973.00000 6949.48978  12.8%   177 1675s
 89554 57176 6985.87164   92   66 7973.00000 6950.77893  12.8%   174 1680s
 92143 58575 6970.49053  134  356 7973.00000 6952.86738  12.8%   172 1688s
 92965 58786 6975.10861  155  277 7973.00000 6952.86738  12.8%   171 1691s
 93254 58824 6976.98146  161  349 7973.00000 6952.86738  12.8%   171 1695s
 93300 59099 6977.00812  163  372 7973.00000 6952.86738  12.8%   171 1700s
 93698 60212 6977.10717  164  341 7973.00000 6952.86738  12.8%   171 1705s
 95100 60408 6982.43510  186  302 7973.00000 6954.09711  12.8%   170 1710s
 95474 60909 6982.99841  191  272 7973.00000 6954.09711  12.8%   171 1715s
 96972 61906 6993.31881  206  239 7973.00000 6954.30800  12.8%   171 1724s
 97589 62388 6999.78554   94  464 7973.00000 6954.30800  12.8%   171 1731s
 98209 62445 7000.42024   97  390 7973.00000 6954.30800  12.8%   171 1736s
 98521 62730 7003.22543   99  367 7973.00000 6954.30800  12.8%   171 1740s
 98984 63114 7004.38289  101  344 7973.00000 6954.30800  12.8%   171 1745s
 99599 63165 7009.69494  105  327 7973.00000 6954.30800  12.8%   172 1751s
 99930 63384 7010.36265  107  358 7973.00000 6954.30800  12.8%   172 1756s
 100331 63803 7010.88039  110  304 7973.00000 6954.30800  12.8%   172 1761s
 100997 64091 7011.53617  113  255 7973.00000 6954.30800  12.8%   172 1768s
 101742 64145 7012.25615  116  368 7973.00000 6954.30800  12.8%   172 1774s
 102125 64441 7012.79609  119  347 7973.00000 6958.51289  12.7%   172 1779s
 102686 64281 7013.60457  122  368 7973.00000 6958.51289  12.7%   172 1785s
 102727 64525 7076.68045  122  181 7973.00000 6958.51289  12.7%   172 1791s
 103075 64697 6970.11895   61  644 7973.00000 6958.51289  12.7%   172 1797s
 103468 64780 7135.59662   62  380 7973.00000 6958.88319  12.7%   173 1801s
 103758 64735 6998.64289   63  575 7973.00000 6958.88319  12.7%   173 1805s
 104164 65043 6984.32075   64  498 7973.00000 6959.23998  12.7%   173 1814s
 104421 65053 6987.79338   66  539 7973.00000 6959.23998  12.7%   174 1819s
 104554 65359 6989.69484   67  584 7973.00000 6959.23998  12.7%   174 1824s
 104980 65493 6990.45249   69  564 7973.00000 6959.26872  12.7%   174 1828s
 105344 65465 6991.82268   71  631 7973.00000 6959.26872  12.7%   174 1834s
 105534 65430 6994.86327   72  577 7973.00000 6959.85829  12.7%   174 1838s
 105568 65445 7195.04892   72  344 7973.00000 6960.19912  12.7%   175 1841s
 105602 65461 6999.56220   73  614 7973.00000 6960.19912  12.7%   175 1845s
 105671 65486 7000.92533   74  583 7973.00000 6960.19912  12.7%   175 1853s
 105707 65560 7165.82417   74  465 7973.00000 6960.19912  12.7%   175 1860s
 105844 65720 7002.37935   75  571 7973.00000 6960.19912  12.7%   175 1866s
 106191 65882 7040.77521   76  418 7973.00000 6960.70846  12.7%   175 1872s
 106553 66153 7042.06801   77  363 7973.00000 6960.70846  12.7%   176 1878s
 107070 66429 7045.06584   79  422 7973.00000 6960.70846  12.7%   176 1885s
 107684 66623 7081.75666   80  380 7973.00000 6961.29033  12.7%   177 1891s
 108272 66847 7080.26672   82  364 7973.00000 6961.29033  12.7%   177 1898s
 108878 67103     cutoff  112      7973.00000 6961.29033  12.7%   177 1906s
 109531 67136 7008.51903  116  518 7973.00000 6961.29033  12.7%   178 1913s
 109848 67303 7009.09050  118  487 7973.00000 6961.29033  12.7%   178 1920s
 110202 67217 7009.23963  121  486 7973.00000 6961.29033  12.7%   179 1927s
 110235 67231 7078.77512  121  268 7973.00000 6961.29033  12.7%   179 1934s
 110302 67278 7013.73812  122  493 7973.00000 6961.29033  12.7%   179 1942s
 110444 67328     cutoff  122      7973.00000 6961.29033  12.7%   179 1951s
 110614 67612 7051.23532  123  400 7973.00000 6961.78066  12.7%   179 1961s
 111101 68099 7014.15157  124  459 7973.00000 6961.78066  12.7%   179 1970s
 111937 68363 7065.53044  124  336 7973.00000 6962.16398  12.7%   179 1980s
 112676 68669 7014.75034  125  478 7973.00000 6962.19668  12.7%   180 1988s
 113385 69035 7016.63098  129  398 7973.00000 6962.19668  12.7%   180 1997s
 114154 69483 7020.70537  134  422 7973.00000 6962.19668  12.7%   181 2007s
 116459 70231 6988.01422   71  178 7973.00000 6963.78262  12.7%   180 2011s
 119049 71076 7002.77767  109  162 7973.00000 6965.94734  12.6%   178 2016s
 120220 71420 6987.10393  104  121 7973.00000 6966.81905  12.6%   177 2020s
 123007 72702 7005.24200  228  279 7973.00000 6968.05459  12.6%   175 2028s
 124214 73069 7019.34064  272  236 7973.00000 6969.40554  12.6%   175 2032s
 124730 73602 7025.38426  300  179 7973.00000 6969.40554  12.6%   175 2037s
 125475 74603 7060.15865  319  137 7973.00000 6971.24039  12.6%   175 2043s
 126785 75315 7053.37451  356  183 7973.00000 6971.24039  12.6%   174 2048s
 127743 76787 7086.28659  380  140 7973.00000 6971.24039  12.6%   174 2053s
 129471 78085 7098.96619  389  136 7973.00000 6971.24039  12.6%   173 2058s
 130877 78736 7026.50197  123  415 7973.00000 6971.24039  12.6%   172 2066s
 131716 79145 7028.79648  130  381 7973.00000 6971.24039  12.6%   172 2073s
 132573 79437 7030.62823  134  317 7973.00000 6971.24039  12.6%   172 2079s
 133254 79901 7031.25313  138  346 7973.00000 6971.29584  12.6%   172 2086s
 134085 80244 7032.81902  144  304 7973.00000 6971.29584  12.6%   172 2093s
 134845 80497 7034.03454  150  343 7973.00000 6974.18441  12.5%   172 2099s
 135432 80955 7082.35155  153  224 7973.00000 6974.18441  12.5%   172 2105s
 136140 80963 7036.33088  158  348 7973.00000 6974.18441  12.5%   172 2111s
 136415 81288 7039.31559  163  422 7973.00000 6974.18441  12.5%   172 2118s
 136886 82381 7068.09281  169  258 7973.00000 6974.18441  12.5%   172 2131s
 138319 82552 7066.27217   84  514 7973.00000 6974.19115  12.5%   172 2140s
 139184 82299 7134.13549   87  390 7973.00000 6975.21255  12.5%   172 2146s
 139221 82354 7068.93943   88  528 7973.00000 6975.21255  12.5%   173 2152s
 139318 82349 7164.99967   88  408 7973.00000 6975.21255  12.5%   173 2158s
 139354 82514 7069.46440   89  528 7973.00000 6975.21255  12.5%   173 2165s
 139567 82826 7231.62607   89  414 7973.00000 6975.21255  12.5%   173 2173s
 140072 83294 7071.82682   93  508 7973.00000 6975.21255  12.5%   173 2182s
 140895 83626 7076.22626   97  524 7973.00000 6977.60968  12.5%   173 2191s
 141688 83888 7079.42334  100  498 7973.00000 6980.67648  12.4%   174 2200s
 142445 84188 7083.74695  104  549 7973.00000 6980.77626  12.4%   174 2208s
 143185 84116 7164.48819  106  540 7973.00000 6981.03711  12.4%   175 2216s
 143497 84670 7088.02430  109  541 7973.00000 6981.03711  12.4%   175 2225s
 144373 85109 7089.23418  114  512 7973.00000 6981.08438  12.4%   175 2235s
 145308 85299 7040.80305  138  509 7973.00000 6981.08438  12.4%   176 2246s
 145905 86105 7042.67541  143  588 7973.00000 6983.04066  12.4%   176 2259s
 147044 86708 7044.23686  151  468 7973.00000 6983.04066  12.4%   177 2270s
 148205 86994 7048.20796  157  452 7973.00000 6983.04066  12.4%   177 2280s
 149030 87608 7048.57345  161  406 7973.00000 6983.64534  12.4%   177 2289s
 150078 88098 7050.84485  167  455 7973.00000 6983.64534  12.4%   178 2299s
 151057 89376 7064.88877  173  325 7973.00000 6983.64534  12.4%   178 2317s
 154430 90551     cutoff  139      7973.00000 6984.38859  12.4%   177 2321s
 156995 91594 7009.91102   73  199 7973.00000 6986.37860  12.4%   175 2325s
 159960 92449     cutoff   72      7973.00000 6987.17275  12.4%   174 2330s
 162534 93993 7226.36838  456  106 7973.00000 6989.02216  12.3%   172 2341s
 163878 94786 7285.09486  111   95 7973.00000 6991.27006  12.3%   172 2347s
 164845 94971 7038.84645   55  171 7973.00000 6991.27006  12.3%   172 2355s
 165118 96453 7068.00187   86  170 7973.00000 6991.27006  12.3%   172 2363s
 166923 99098     cutoff  178      7973.00000 6991.28642  12.3%   171 2371s
 169793 99496 7013.65844  154  268 7973.00000 6991.43323  12.3%   170 2377s
 170325 100958 7019.37202  165  300 7973.00000 6991.43323  12.3%   169 2384s
 172086 101890 7069.64799  176  294 7973.00000 6991.43323  12.3%   169 2395s
 173250 102659 7115.82235  183  219 7973.00000 6991.43323  12.3%   169 2404s
 174610 103384 7063.77857  192  399 7973.00000 6992.47771  12.3%   169 2412s
 175859 104473 7069.39265  199  319 7973.00000 6992.47771  12.3%   169 2420s
 177143 105805 7070.71133  209  321 7973.00000 6992.47771  12.3%   168 2428s
 178646 106975 7072.70801  217  343 7973.00000 6992.47771  12.3%   168 2437s
 179965 108380 7078.69077  223  399 7973.00000 6992.47771  12.3%   168 2445s
 181475 108855 infeasible  118      7973.00000 6992.47771  12.3%   167 2460s
 182104 110020 7107.11671  123  557 7973.00000 6992.47771  12.3%   168 2474s
 183765 110276 7210.01588  130  343 7973.00000 7005.23834  12.1%   168 2484s
 184850 110377 7111.68862  135  550 7973.00000 7005.23834  12.1%   169 2494s
 185505 110919 7118.98860  138  420 7973.00000 7005.45759  12.1%   169 2503s
 186516 111388 7121.47902  148  459 7973.00000 7007.26563  12.1%   169 2513s
 187537 111755     cutoff  154      7973.00000 7007.26563  12.1%   170 2524s
 188591 112149 7126.97677  165  418 7973.00000 7007.26563  12.1%   171 2534s
 189608 112472 7132.83892  175  453 7973.00000 7010.49611  12.1%   171 2545s
 190643 113083 7098.08024  183  356 7973.00000 7011.82782  12.1%   172 2559s
 191873 114080 7101.85423  196  359 7973.00000 7014.77703  12.0%   173 2571s
 193074 115232 7103.71647  213  362 7973.00000 7014.77703  12.0%   173 2582s
 194413 115444 7128.15489  225  236 7973.00000 7014.79852  12.0%   173 2595s
 194684 116821 7128.92126  229  211 7973.00000 7014.79852  12.0%   173 2608s
 196531 117506 7135.57777  244  251 7973.00000 7014.79852  12.0%   173 2619s
 197488 118296 7140.18707  258  239 7973.00000 7016.12342  12.0%   173 2632s
 198566 119429 infeasible  268      7973.00000 7016.12342  12.0%   173 2645s
 202664 120345 7037.87493   70  215 7973.00000 7016.74850  12.0%   172 2651s
 205959 121432 7047.09948   32  143 7973.00000 7018.62310  12.0%   171 2655s
 209868 122315     cutoff  107      7973.00000 7020.41292  11.9%   169 2661s
 212066 124068 7062.99623  176  245 7973.00000 7021.28183  11.9%   168 2671s
 214668 124646     cutoff  136      7973.00000 7022.24112  11.9%   168 2677s
 215516 125724     cutoff   63      7973.00000 7022.24112  11.9%   168 2685s
 216851 128138 7057.12809  114  304 7973.00000 7022.25829  11.9%   167 2693s
 219658 130346 7320.40338  138  260 7973.00000 7022.25829  11.9%   166 2700s
 222090 131419 7127.30615  114  141 7973.00000 7022.42944  11.9%   166 2707s
 223489 132811 7079.93952  107  205 7973.00000 7022.67795  11.9%   165 2715s
 225107 134278 7113.79937  232  377 7973.00000 7022.67795  11.9%   165 2728s
 226819 135995 7138.74498  248  336 7973.00000 7022.67795  11.9%   165 2738s
 228684 136734 7126.25902  264  381 7973.00000 7022.67795  11.9%   165 2747s
 229505 138143 7163.65142  271  276 7973.00000 7024.03531  11.9%   165 2757s
 231066 139851 7134.64745  287  298 7973.00000 7025.19348  11.9%   164 2769s
 233010 141575 7140.33686  311  372 7973.00000 7025.59465  11.9%   164 2780s
 235003 143030 7147.41612  333  338 7973.00000 7025.59465  11.9%   164 2791s
 236737 144627 7161.89755  358  330 7973.00000 7025.59465  11.9%   164 2802s
 238746 145684 7194.10167  181  375 7973.00000 7025.59465  11.9%   163 2818s
 240394 145884     cutoff  194      7973.00000 7029.33805  11.8%   164 2830s
 241501 145769 7188.73501  208  306 7973.00000 7031.28330  11.8%   165 2842s
 241964 146562 7171.49268  213  423 7973.00000 7031.28330  11.8%   165 2856s
 243323 147102 7177.58640  228  396 7973.00000 7031.28330  11.8%   166 2870s
 244701 147220 7183.73894  240  451 7973.00000 7031.28330  11.8%   167 2885s
 245578 148439 7245.11972  247  303 7973.00000 7038.48293  11.7%   167 2901s
 247378 149366 7222.20616  265  373 7973.00000 7039.15612  11.7%   167 2917s
 249374 150105 7164.69219   33  292 7973.00000 7040.03978  11.7%   168 2933s
 251008 151681 7189.78196  290  216 7973.00000 7043.68479  11.7%   169 2952s
 253235 153178 7091.42136   68  505 7973.00000 7045.19729  11.6%   169 2964s
 254891 154619 7108.98659   88  407 7973.00000 7045.19729  11.6%   168 2976s
 256583 156314 7140.41274  118  434 7973.00000 7045.19729  11.6%   168 2988s
 258483 157669 7162.75500  169  441 7973.00000 7045.19729  11.6%   168 3001s
 260081 159193 7177.30957  218  458 7973.00000 7046.47200  11.6%   168 3014s
 261975 159906 7213.71670  281  402 7973.00000 7046.47200  11.6%   168 3027s
 262960 160535 7065.26366  103  129 7973.00000 7046.47200  11.6%   169 3032s
 266046 160584 7071.85836   89  107 7973.00000 7047.72200  11.6%   167 3035s
 267569 161262 7067.26036   97  149 7973.00000 7048.52413  11.6%   167 3065s
 273288 161673 infeasible  132      7973.00000 7050.42650  11.6%   165 3072s
 275693 161826 7071.77914   83   97 7973.00000 7051.22200  11.6%   164 3076s
 278596 163024 7255.36755  164  212 7973.00000 7052.87405  11.5%   163 3088s
 280333 165612 7280.70979   58  101 7973.00000 7053.00435  11.5%   163 3101s
 283450 168664 7238.98799  130  233 7973.00000 7056.23033  11.5%   163 3112s
 287393 168879 7085.75538   35  355 7973.00000 7085.75538  11.1%   162 3467s
 287395 168883 7086.20013   36  405 7973.00000 7086.20013  11.1%   162 3470s
 287421 168904 7086.31934   39  422 7973.00000 7086.29346  11.1%   162 3477s
 287477 168934 7086.79106   41  494 7973.00000 7086.79106  11.1%   162 3482s
 287510 168955 7087.23307   42  419 7973.00000 7086.79225  11.1%   162 3486s
 287590 168979 7106.11938   43  344 7973.00000 7087.34354  11.1%   162 3491s
 287664 169004 7088.38189   44  399 7973.00000 7088.38189  11.1%   162 3498s
 287697 169022 7088.85169   45  371 7973.00000 7088.38584  11.1%   162 3501s
 287777 169073 7088.91491   46  339 7973.00000 7088.86675  11.1%   162 3507s
 287897 169135 7089.02700   47  317 7973.00000 7089.02700  11.1%   162 3511s
 288040 169177 7089.04754   49  306 7973.00000 7089.04754  11.1%   163 3515s
 288174 169227 7089.39067   51  302 7973.00000 7089.39067  11.1%   163 3522s
 288325 169289 7089.39754   53  399 7973.00000 7089.39754  11.1%   163 3526s
 288490 169351 7090.43369   55  301 7973.00000 7090.43369  11.1%   163 3532s
 288581 169383 7090.80652   56  300 7973.00000 7090.80652  11.1%   163 3535s
 288758 169461 7091.73254   58  328 7973.00000 7091.73254  11.1%   163 3542s
 288860 169494 7091.73672   59  317 7973.00000 7091.73672  11.1%   163 3545s
 289062 169579 7094.37080   61  280 7973.00000 7094.37080  11.0%   163 3551s
 289184 169628 7094.84381   62  297 7973.00000 7094.84381  11.0%   163 3555s
 289476 169736 7101.69591   64  206 7973.00000 7099.91719  11.0%   163 3561s
 289777 169869 7104.81248   66  225 7973.00000 7099.93730  11.0%   163 3567s
 289958 169942 7104.81248   67  225 7973.00000 7099.93730  11.0%   163 3570s
 290332 170084 7106.45835   69  221 7973.00000 7099.98421  10.9%   163 3577s
 290539 170153 7106.89258   70  224 7973.00000 7099.98421  10.9%   163 3581s
 290742 170248 7108.09668   72  239 7973.00000 7100.03842  10.9%   163 3586s
 291172 170444 7183.85377   74  226 7973.00000 7100.03842  10.9%   163 3592s
 291410 170528 7194.91854   75  202 7973.00000 7100.89344  10.9%   163 3597s
 291672 170604 7109.52591   77  271 7973.00000 7100.89344  10.9%   163 3601s
 291904 170761 7110.64816   79  257 7973.00000 7101.35551  10.9%   163 3607s
 292216 170993 7112.64816   81  253 7973.00000 7102.20235  10.9%   163 3611s
 292632 171212 7116.31779   83  196 7973.00000 7102.20235  10.9%   163 3616s
 293113 171476 7118.22816   86  209 7973.00000 7102.68490  10.9%   163 3620s
 293619 171353 7122.70565   89  242 7973.00000 7103.30798  10.9%   163 3625s
 293669 171517 7122.70565   90  240 7973.00000 7103.30798  10.9%   163 3631s
 293895 173820 7166.92686   49  361 7973.00000 7103.34892  10.9%   163 3646s
 296678 175589 7217.00118  122  358 7973.00000 7103.34892  10.9%   163 3657s
 299069 175789 7132.33899   45  925 7973.00000 7132.16832  10.5%   163 4206s
 299075 175799 7133.03458   47  930 7973.00000 7132.98985  10.5%   163 4211s
 299083 175810 7133.11278   48  855 7973.00000 7133.03577  10.5%   163 4215s
 299129 175843 7135.74205   50  695 7973.00000 7135.58249  10.5%   163 4223s
 299161 175859 7136.32692   51  702 7973.00000 7135.74810  10.5%   163 4228s
 299193 175878 7136.35774   52  771 7973.00000 7135.74810  10.5%   163 4233s
 299226 175891 7136.85807   53  799 7973.00000 7135.74810  10.5%   163 4237s
 299262 175911 7153.65223   53  554 7973.00000 7135.74810  10.5%   163 4241s
 299301 175925 7137.29925   54  731 7973.00000 7135.74810  10.5%   163 4245s
 299333 175952 7152.90654   54  580 7973.00000 7135.74810  10.5%   163 4251s
 299381 175965 7137.48378   55  759 7973.00000 7135.74810  10.5%   163 4255s
 299451 176026 7137.92925   56  709 7973.00000 7135.74810  10.5%   164 4265s
 299628 176123 7156.15719   58  414 7973.00000 7137.92949  10.5%   164 4274s
 299729 176146 7138.00628   58  602 7973.00000 7138.00628  10.5%   164 4278s
 299823 176173 7150.05110   59  646 7973.00000 7138.26742  10.5%   164 4281s
 299904 176194 7139.11679   60  694 7973.00000 7139.11679  10.5%   164 4285s
 299987 176226 7139.28416   61  666 7973.00000 7139.28416  10.5%   164 4291s
 300163 176283 7145.69166   62  459 7973.00000 7140.86283  10.4%   164 4298s
 300257 176320 7146.43256   63  523 7973.00000 7141.50861  10.4%   164 4303s
 300369 176358 7179.46147   64  419 7973.00000 7141.50925  10.4%   164 4306s
 300475 176408 7149.91127   64  436 7973.00000 7141.50925  10.4%   164 4310s
 300594 176418 infeasible   65      7973.00000 7143.05459  10.4%   164 4315s
 300812 176533 7153.93304   68  419 7973.00000 7143.05459  10.4%   164 4323s
 300950 176592 7154.41336   69  394 7973.00000 7143.43155  10.4%   164 4327s
 301090 176644 7155.52155   70  414 7973.00000 7143.43155  10.4%   164 4331s
 301236 176708 7156.12614   71  412 7973.00000 7143.64588  10.4%   164 4335s
 301558 176865 7205.46738   74  212 7973.00000 7143.78656  10.4%   164 4343s
 301737 176937 7162.34933   76  414 7973.00000 7143.78656  10.4%   164 4348s
 301912 177014 7162.67579   78  397 7973.00000 7143.78656  10.4%   164 4352s
 302112 177108 7163.62154   80  370 7973.00000 7143.78656  10.4%   164 4356s
 302338 177181 7205.44305   81  218 7973.00000 7143.78656  10.4%   164 4361s
 302550 177274 7166.69988   83  370 7973.00000 7144.88240  10.4%   164 4366s
 302790 177367 7167.03863   85  406 7973.00000 7144.88240  10.4%   164 4370s
 303024 177463 7167.47422   87  433 7973.00000 7145.59307  10.4%   164 4375s
 303275 177588 7168.35993   89  360 7973.00000 7145.59307  10.4%   164 4380s
 303561 177700 7168.82889   91  357 7973.00000 7145.59307  10.4%   164 4386s
 303871 177816 7170.49095   93  377 7973.00000 7145.85189  10.4%   164 4391s
 304220 177931 7171.30755   95  361 7973.00000 7145.85189  10.4%   164 4397s
 304574 178063 7172.09568   97  359 7973.00000 7146.04562  10.4%   164 4402s
 305033 178277     cutoff  100      7973.00000 7146.04562  10.4%   164 4409s
 305696 178431 7180.78605  103  397 7973.00000 7146.11424  10.4%   164 4415s
 306285 178649 7175.00603  107  348 7973.00000 7147.19413  10.4%   164 4422s
 306813 178975 7175.87682  111  394 7973.00000 7147.19413  10.4%   164 4429s
 307476 179346 7176.74972  115  364 7973.00000 7147.66651  10.4%   164 4436s
 308203 179837 7178.45031  121  318 7973.00000 7147.66651  10.4%   164 4443s
 309202 180488     cutoff  138      7973.00000 7147.66651  10.4%   164 4465s
 310958 181763 7351.83891   52  294 7973.00000 7152.58589  10.3%   165 4484s
 311458 181763 7336.72736  311  535 7973.00000 7153.01113  10.3%   165 4485s
 312828 183560 7316.25279   92  449 7973.00000 7153.01113  10.3%   165 4503s
 315078 185043 7209.56033   82  262 7973.00000 7155.98617  10.2%   166 4521s
 317439 185251 7224.42463   38  813 7973.00000 7224.33869  9.39%   167 5178s
 317441 185254 7224.52909   39  832 7973.00000 7224.44531  9.39%   167 5181s
 317453 185267 7224.73905   41  753 7973.00000 7224.53069  9.39%   167 5187s
 317467 185276 7224.81712   42  812 7973.00000 7224.74475  9.38%   167 5191s
 317492 185290 7232.01228   43  644 7973.00000 7224.81712  9.38%   167 5197s
 317524 185302 7234.46302   44  647 7973.00000 7230.44094  9.31%   167 5201s
 317556 185317 7234.92817   45  611 7973.00000 7230.44094  9.31%   167 5206s
 317591 185341 7347.38256   45  336 7973.00000 7230.44094  9.31%   167 5211s
 317653 185376 7235.43090   46  574 7973.00000 7230.44094  9.31%   167 5217s
 317747 185391 7241.78624   47  579 7973.00000 7230.44094  9.31%   167 5222s
 317831 185410 7249.27620   47  512 7973.00000 7234.49022  9.26%   167 5225s
 317924 185422 7249.27620   48  512 7973.00000 7234.49022  9.26%   167 5230s
 318090 185424 7253.31374   50  550 7973.00000 7234.98668  9.26%   167 5237s
 318162 185433 7253.64655   51  560 7973.00000 7234.98668  9.26%   167 5241s
 318226 185440 7372.34165   51  295 7973.00000 7234.98668  9.26%   167 5245s
 318355 185478 7281.86680   52  414 7973.00000 7234.98668  9.26%   167 5253s
 318424 185492 7256.10277   53  595 7973.00000 7234.98668  9.26%   167 5258s
 318502 185508 7377.49126   53  284 7973.00000 7234.98668  9.26%   167 5261s
 318580 185529 7256.13060   54  534 7973.00000 7234.98668  9.26%   167 5265s
 318746 185564 7257.33609   56  460 7973.00000 7241.33612  9.18%   168 5273s
 318838 185586     cutoff   57      7973.00000 7241.33612  9.18%   168 5279s
 318935 185598 7374.73472   59  261 7973.00000 7241.78638  9.17%   168 5283s
 319030 185620 7258.11216   60  509 7973.00000 7244.74901  9.13%   168 5288s
 319136 185634 7258.34646   61  525 7973.00000 7244.74901  9.13%   168 5292s
 319240 185655 7258.46056   62  508 7973.00000 7244.74901  9.13%   168 5296s
 319356 185675 7261.08246   64  490 7973.00000 7244.94818  9.13%   168 5300s
 319470 185709 7261.63365   65  520 7973.00000 7246.41108  9.11%   168 5305s
 319595 185711     cutoff   68      7973.00000 7246.41108  9.11%   168 5310s
 319726 185733 7336.25509   71  345 7973.00000 7246.72172  9.11%   168 5316s
 319847 185772     cutoff   72      7973.00000 7246.72172  9.11%   168 5321s
 319986 185802     cutoff   74      7973.00000 7246.72172  9.11%   168 5327s
 320140 185840 7279.85512   75  469 7973.00000 7246.76807  9.11%   168 5333s
 320296 185880 7281.49082   77  595 7973.00000 7247.72938  9.10%   168 5338s
 320455 185931 7282.33839   78  541 7973.00000 7247.72938  9.10%   168 5344s
 320618 185979 7282.60313   79  464 7973.00000 7247.89062  9.09%   168 5350s
 320785 186046     cutoff   80      7973.00000 7247.89062  9.09%   168 5356s
 320979 186102 7283.87291   84  564 7973.00000 7249.23493  9.08%   168 5362s
 321180 186159 7376.02723   85  364 7973.00000 7249.38935  9.08%   168 5369s
 321391 186220 7284.51489   87  564 7973.00000 7250.24569  9.07%   168 5376s
 321612 186234 7285.21267   89  606 7973.00000 7250.68286  9.06%   168 5383s
 321833 186269 7287.93734   91  551 7973.00000 7251.40506  9.05%   168 5390s
 322044 186332 7288.86115   93  518 7973.00000 7251.40506  9.05%   168 5397s
 322287 186382 7290.67031   96  510 7973.00000 7251.40506  9.05%   168 5404s
 322530 186454 7344.89007   99  428 7973.00000 7251.40506  9.05%   168 5411s
 322798 186562 infeasible  102      7973.00000 7253.60717  9.02%   168 5419s
 323100 186676 7365.25232  105  380 7973.00000 7254.22690  9.02%   168 5427s
 323441 186777 7302.97844  108  379 7973.00000 7254.62854  9.01%   168 5435s
 323804 186950     cutoff  111      7973.00000 7254.62854  9.01%   168 5444s
 324410 187895 7266.36990   41  385 7973.00000 7255.19931  9.00%   169 5466s
 325967 190374 7401.09986   90  359 7973.00000 7257.96993  8.97%   169 5491s
 329066 193046 7286.35597   52  387 7973.00000 7258.03696  8.97%   169 5510s
 332454 193279 7282.07512   43  824 7973.00000 7282.07512  8.67%   169 6142s
 332456 193282 7282.13346   44  777 7973.00000 7282.07512  8.67%   169 6145s
 332468 193301 7282.15806   46  789 7973.00000 7282.15806  8.66%   169 6152s
 332484 193319 7283.09515   47  678 7973.00000 7282.16435  8.66%   169 6157s
 332515 193336 7287.93034   48  677 7973.00000 7283.10174  8.65%   169 6162s
 332547 193356 7288.17478   49  707 7973.00000 7285.70364  8.62%   169 6168s
 332580 193386 7291.90817   50  745 7973.00000 7285.70364  8.62%   169 6174s
 332636 193425 7297.81831   50  506 7973.00000 7285.70364  8.62%   169 6179s
 332714 193453 7296.82185   51  602 7973.00000 7285.70364  8.62%   169 6184s
 332792 193497 7297.63120   51  703 7973.00000 7285.70364  8.62%   170 6188s
 332886 193524 7297.68826   52  697 7973.00000 7286.34998  8.61%   170 6192s
 332976 193551 7305.16754   52  574 7973.00000 7286.34998  8.61%   170 6197s
 333052 193574 7297.97691   53  688 7973.00000 7286.34998  8.61%   170 6200s
 333190 193638 7308.85728   54  538 7973.00000 7286.34998  8.61%   170 6208s
 333259 193641 7308.85728   55  538 7973.00000 7286.34998  8.61%   170 6211s
 333328 193671 7309.00832   56  532 7973.00000 7286.34998  8.61%   170 6217s
 333363 193686 7334.80618   56  383 7973.00000 7286.34998  8.61%   170 6220s
 333450 193733 7310.07937   57  417 7973.00000 7286.34998  8.61%   170 6225s
 333519 193751 7310.21116   58  400 7973.00000 7286.34998  8.61%   170 6230s
 333615 193764 7313.39361   58  432 7973.00000 7286.34998  8.61%   170 6235s
 333714 193790 7313.35238   59  473 7973.00000 7290.45826  8.56%   170 6240s
 333912 193877 7318.82219   60  444 7973.00000 7290.77625  8.56%   170 6248s
 334042 193908 7326.22962   60  378 7973.00000 7290.77625  8.56%   170 6252s
 334171 193954 7319.79750   61  410 7973.00000 7291.40737  8.55%   170 6257s
 334327 193985 7355.86324   62  305 7973.00000 7291.40737  8.55%   170 6263s
 334490 194008 7342.14489   63  511 7973.00000 7291.40737  8.55%   170 6269s
 334646 194031 7350.95815   64  445 7973.00000 7291.40737  8.55%   170 6274s
 334798 193996 7393.36888   65  340 7973.00000 7292.23568  8.54%   170 6279s
 334833 194010 7351.55251   66  400 7973.00000 7292.23568  8.54%   170 6284s
 334869 194030 7434.30354   66  336 7973.00000 7292.23568  8.54%   170 6288s
 334950 194038 7352.31213   67  417 7973.00000 7292.23568  8.54%   170 6294s
 335052 194040 7430.20429   67  400 7973.00000 7292.23568  8.54%   170 6297s
 335157 194047 7353.00135   68  409 7973.00000 7292.23568  8.54%   170 6304s
 335263 194081     cutoff   68      7973.00000 7292.77802  8.53%   170 6309s
 335372 194112 7396.38763   69  411 7973.00000 7292.77802  8.53%   170 6315s
 335473 194150 7354.90816   70  465 7973.00000 7292.77802  8.53%   170 6320s
 335590 194218     cutoff   70      7973.00000 7292.77802  8.53%   170 6326s
 335777 194310     cutoff   71      7973.00000 7293.84146  8.52%   170 6332s
 335993 194382 7387.35319   73  415 7973.00000 7293.84146  8.52%   170 6338s
 336223 194455 7358.29421   76  479 7973.00000 7293.84146  8.52%   170 6344s
 336436 194560 7358.98122   78  489 7973.00000 7293.84146  8.52%   170 6350s
 336687 194636 7367.74763   80  418 7973.00000 7293.84146  8.52%   170 6358s
 336936 194734     cutoff   82      7973.00000 7293.84146  8.52%   170 6365s
 337234 194701 7361.97859   85  457 7973.00000 7295.19036  8.50%   170 6374s
 337332 194864 7362.27002   86  404 7973.00000 7295.22601  8.50%   170 6381s
 337620 195026 7363.47296   90  478 7973.00000 7295.22601  8.50%   170 6388s
 337957 195191 7364.67993   94  438 7973.00000 7295.22601  8.50%   171 6396s
 338346 195505 7436.01716   97  363 7973.00000 7295.86086  8.49%   171 6404s
 338977 195741 7367.07468  100  460 7973.00000 7296.00753  8.49%   171 6413s
 339683 195505     cutoff   57      7973.00000 7296.29532  8.49%   170 6418s
 343943 195238     cutoff   81      7973.00000 7298.06383  8.47%   169 6422s
 346062 194947 7314.84413  112   75 7973.00000 7298.91132  8.45%   169 6426s
 349484 194572 7309.79871  104  208 7973.00000 7300.01587  8.44%   168 6430s
 357369 192432     cutoff  162      7973.00000 7303.02502  8.40%   165 6438s
 361647 192911 7326.77486   93  281 7973.00000 7304.89413  8.38%   164 6444s
 362205 192972 7330.75869   96  311 7973.00000 7304.89413  8.38%   164 6449s
 362532 193028 7331.67974   99  315 7973.00000 7304.89413  8.38%   164 6453s
 362805 193146 7343.81978  101  238 7973.00000 7305.25940  8.38%   164 6458s
 363107 193362 7347.04159  102  278 7973.00000 7305.60950  8.37%   164 6462s
 363511 193622 7418.40406  104  228 7973.00000 7306.05872  8.36%   165 6467s
 364155 193614 7430.38918  109  192 7973.00000 7307.39842  8.35%   165 6472s
 364595 193721 7448.96658  113  192 7973.00000 7307.39842  8.35%   165 6477s
 365060 193868 7482.09395  120  228 7973.00000 7307.73163  8.34%   165 6482s
 365698 193921 7492.53952  129  218 7973.00000 7307.73163  8.34%   165 6487s
 366336 194094 7529.85732  143  298 7973.00000 7309.68333  8.32%   165 6492s
 366958 194290 7543.40650  153  249 7973.00000 7309.68333  8.32%   165 6497s
 367581 194359 7515.69102  167  272 7973.00000 7309.68333  8.32%   166 6502s
 368159 194530     cutoff  176      7973.00000 7309.75068  8.32%   166 6507s
 368764 194643 7384.55171  103  207 7973.00000 7309.75068  8.32%   166 6512s
 369466 194762 7385.07057  104  223 7973.00000 7309.75068  8.32%   166 6517s
 370155 194922     cutoff  106      7973.00000 7309.75068  8.32%   166 6523s
 370849 195113 7563.69825  116  230 7973.00000 7309.75068  8.32%   167 6528s
 371749 195174 7476.69402   74  220 7973.00000 7309.75068  8.32%   167 6535s
 372445 195307 7387.62427  110  212 7973.00000 7309.75068  8.32%   167 6540s
 373223 195620 7452.58286  104  230 7973.00000 7323.74710  8.14%   167 6546s
 374231 195848 7503.58339  117  286 7973.00000 7323.74710  8.14%   167 6553s
 375126 196008 7541.49645  151  293 7973.00000 7328.68009  8.08%   168 6559s
 375903 195943 7488.73813   64  180 7973.00000 7328.68009  8.08%   168 6566s
 376334 196216 infeasible   68      7973.00000 7332.05496  8.04%   168 6572s
 377334 196220 7561.45930   70  198 7973.00000 7333.74052  8.02%   168 6580s
 378344 196432 7497.77849   45  221 7973.00000 7333.74052  8.02%   169 6588s
 379394 196621 7454.90093  138  105 7973.00000 7340.10595  7.94%   169 6596s
 380418 196599     cutoff  111      7973.00000 7340.40455  7.93%   169 6604s
 381674 196780 7373.37080  127  408 7973.00000 7340.81514  7.93%   169 6613s
 382511 196988 7375.33447  132  416 7973.00000 7342.63089  7.91%   169 6621s
 383164 197085 7376.46689  136  420 7973.00000 7344.73539  7.88%   169 6627s
 383635 197363 7377.53266  142  443 7973.00000 7344.73539  7.88%   169 6633s
 384149 197779 7405.53932  148  223 7973.00000 7344.73539  7.88%   169 6640s
 384819 198117     cutoff  161      7973.00000 7344.73539  7.88%   169 6646s
 385482 198523 7427.33818  174  302 7973.00000 7344.73539  7.88%   169 6653s
 386298 198911 7440.95835  198  207 7973.00000 7345.04186  7.88%   169 6659s
 387097 199349 7454.35259   63  237 7973.00000 7345.64227  7.87%   169 6666s
 387945 199768 7454.99738   64  394 7973.00000 7345.64227  7.87%   169 6672s
 388733 200118 7392.93055   58  259 7973.00000 7345.98826  7.86%   169 6679s
 389503 200624 7422.77295   75  369 7973.00000 7345.98826  7.86%   169 6685s
 390417 201181 infeasible  123      7973.00000 7347.97797  7.84%   169 6692s
 391425 201271 7421.04401   83  374 7973.00000 7347.97797  7.84%   169 6700s
 392020 201989 7440.32419  113  363 7973.00000 7347.97797  7.84%   169 6708s
 393098 202388 7357.60701   66  320 7973.00000 7348.12385  7.84%   169 6715s
 394002 202908 7368.08369   99  311 7973.00000 7348.12385  7.84%   169 6723s
 394992 203358 7380.23342  119  303 7973.00000 7348.12385  7.84%   169 6731s
 395914 203888 7400.58882  170  276 7973.00000 7349.38821  7.82%   168 6739s
 396923 204462     cutoff  231      7973.00000 7349.38821  7.82%   168 6748s
 398169 205101 7392.62729   60  277 7973.00000 7350.56407  7.81%   168 6756s
 399536 204691 7425.85214  113  366 7973.00000 7350.91287  7.80%   168 6765s
 399583 205370 7427.53594  114  341 7973.00000 7350.91287  7.80%   168 6775s
 400448 206802 7429.95932  117  347 7973.00000 7350.91287  7.80%   168 6793s
 402674 206370 7406.87523  116  452 7973.00000 7350.91287  7.80%   168 6801s
 403163 206467 7424.66629  119  425 7973.00000 7351.05094  7.80%   168 6808s
 403609 206577 7413.40529  124  549 7973.00000 7351.05094  7.80%   168 6815s
 404013 206665 7430.33704  130  241 7973.00000 7351.19907  7.80%   168 6821s
 404404 206816 7422.33595  135  428 7973.00000 7351.19907  7.80%   168 6827s
 404894 206984     cutoff  145      7973.00000 7352.05894  7.79%   168 6833s
 405327 207168 infeasible  154      7973.00000 7352.05894  7.79%   168 6839s
 405412 207140 7472.13231   65  269 7973.00000 7353.34546  7.77%   168 6840s
 405799 207371     cutoff  159      7973.00000 7353.34546  7.77%   168 6846s
 406320 207606 7363.85495   66  505 7973.00000 7353.34546  7.77%   168 6853s
 406902 207730 7374.92885   78  554 7973.00000 7353.34546  7.77%   168 6860s
 407440 208000 7381.01612   92  516 7973.00000 7354.79317  7.75%   168 6868s
 408041 208253 7385.07182  107  563 7973.00000 7354.79317  7.75%   168 6875s
 408784 208383 7406.75995  128  467 7973.00000 7354.79317  7.75%   169 6884s
 409418 208633 7412.07363  145  473 7973.00000 7354.79317  7.75%   169 6890s
 410041 208886 7428.42333  159  344 7973.00000 7354.79317  7.75%   169 6898s
 410734 209163 7448.14213  179  395 7973.00000 7357.42317  7.72%   169 6906s
 411432 209512 7462.36754  200  390 7973.00000 7358.97681  7.70%   169 6914s
 412208 209755 7378.27306   75  597 7973.00000 7358.97681  7.70%   169 6923s
 412962 210137 7380.70484   85  613 7973.00000 7358.97681  7.70%   169 6932s
 413840 210471 7388.39678  110  611 7973.00000 7358.97681  7.70%   169 6941s
 414696 210865 7399.97193  133  472 7973.00000 7358.97681  7.70%   169 6952s
 415675 211198 7420.11158  171  456 7973.00000 7358.97681  7.70%   169 6961s
 416636 211627 7434.21138  214  485 7973.00000 7358.97681  7.70%   169 6971s
 417582 211342 7446.39266  261  442 7973.00000 7364.10482  7.64%   169 6984s
 417616 211360 7446.63148  262  465 7973.00000 7364.10482  7.64%   169 6996s
 417650 211377 7446.97429  263  490 7973.00000 7364.10482  7.64%   169 7008s
 417684 211394 7446.98409  264  515 7973.00000 7364.10482  7.64%   169 7018s
 417717 211413 7447.15390  265  530 7973.00000 7364.10482  7.64%   169 7029s
 417750 211431 7447.16349  266  536 7973.00000 7364.10482  7.64%   169 7040s
 417784 211447 7447.57386  267  490 7973.00000 7364.10482  7.64%   169 7049s
 417820 211507 7447.79250  268  462 7973.00000 7364.10482  7.64%   169 7060s
 417897 211631 7461.29138  301  389 7973.00000 7364.10482  7.64%   169 7072s
 418093 211856     cutoff   70      7973.00000 7364.55086  7.63%   169 7084s
 418532 212294 infeasible   95      7973.00000 7364.70571  7.63%   169 7095s
 419275 212225 7392.78003   91  508 7973.00000 7364.98790  7.63%   169 7108s
 419505 213054 7395.53068   94  515 7973.00000 7364.98790  7.63%   169 7122s
 420744 213619 7428.37888  144  517 7973.00000 7364.98790  7.63%   169 7135s
 422128 213951 7464.31312  212  309 7973.00000 7364.98790  7.63%   169 7148s
 423290 213969 7437.28043  103  443 7973.00000 7366.12565  7.61%   169 7158s
 423923 214024 7438.01622  109  455 7973.00000 7366.40772  7.61%   169 7164s
 424352 214136 7438.83262  112  469 7973.00000 7366.40772  7.61%   169 7170s
 424803 214240 7439.57910  115  478 7973.00000 7366.40772  7.61%   169 7176s
 425263 214473 7440.63222  119  488 7973.00000 7366.40772  7.61%   169 7183s
 425739 214544 7459.27923  123  346 7973.00000 7366.40772  7.61%   169 7189s
 426054 214735 7461.73072  127  384 7973.00000 7366.40772  7.61%   169 7195s
 426460 214996 infeasible  132      7973.00000 7366.40772  7.61%   170 7202s
 427013 215205 7464.10514  139  355 7973.00000 7366.40772  7.61%   170 7209s
 427587 215446     cutoff  147      7973.00000 7366.40772  7.61%   170 7217s
 428242 215536 7467.94076  155  420 7973.00000 7366.40772  7.61%   170 7225s
 428751 215867     cutoff  160      7973.00000 7367.62241  7.59%   170 7233s
 429453 216162 infeasible  168      7973.00000 7367.62241  7.59%   170 7242s
 430326 216489 7477.02852  181  298 7973.00000 7367.62241  7.59%   170 7250s
 431177 216736 7483.19574  194  313 7973.00000 7367.62241  7.59%   170 7259s
 431986 217102 7487.42954  204  359 7973.00000 7368.51688  7.58%   170 7266s
 432843 217661 7492.08154  224  409 7973.00000 7368.51688  7.58%   170 7274s
 433897 217999 7411.93082   65  327 7973.00000 7368.51688  7.58%   169 7282s
 434866 218353 7428.09640   76  390 7973.00000 7369.00970  7.58%   169 7292s
 435719 218616 7435.41570  108  350 7973.00000 7369.43427  7.57%   169 7301s
 436734 218699 7455.11529  133  373 7973.00000 7369.43427  7.57%   169 7311s
 437701 218820 7403.13527   80  457 7973.00000 7369.43427  7.57%   170 7320s
 438563 219048 7405.31051   83  457 7973.00000 7369.43427  7.57%   170 7328s
 439415 219398 7407.24069   87  434 7973.00000 7369.43427  7.57%   170 7338s
 440328 219800 7429.94057   92  350 7973.00000 7370.00625  7.56%   170 7349s
 441354 220230 7408.53300   97  471 7973.00000 7370.49775  7.56%   170 7360s
 442455 220253 7409.13716  102  441 7973.00000 7370.76878  7.55%   170 7371s
 443045 218169 7385.19100   85   64 7973.00000 7370.76878  7.55%   170 7377s
 447338 216477 infeasible   96      7973.00000 7372.35475  7.53%   169 7380s
 454977 211226     cutoff   91      7973.00000 7375.42434  7.49%   167 7385s
 466932 202167     cutoff  129      7973.00000 7381.56878  7.42%   163 7390s
 469543 202718 infeasible  118      7973.00000 7386.46878  7.36%   162 7400s
 471106 202846 7515.85070   69  254 7973.00000 7390.40062  7.31%   163 7408s
 472555 203166 7551.79762  167  293 7973.00000 7394.15570  7.26%   163 7421s
 474494 203189 7562.02190  197  149 7973.00000 7399.32883  7.20%   163 7429s
 475840 203465     cutoff  205      7973.00000 7402.19032  7.16%   163 7438s
 477197 203708 7466.62522   52  215 7973.00000 7402.95939  7.15%   164 7447s
 478648 203711 7574.33204   95  206 7973.00000 7406.45016  7.11%   164 7457s
 479596 204282 7597.70803  130  150 7973.00000 7406.45365  7.11%   164 7467s
 481325 204797 7519.91638  141  291 7973.00000 7411.02400  7.05%   164 7477s
 483197 204802     cutoff   67      7973.00000 7413.74618  7.01%   165 7488s
 484858 205032 7476.68638   79  251 7973.00000 7416.79922  6.98%   165 7499s
 486326 205492 7559.89332  135  240 7973.00000 7417.72499  6.96%   165 7511s
 488114 205680 7563.43412   70  180 7973.00000 7420.03871  6.94%   165 7522s
 489862 205999 7598.34205  269  177 7973.00000 7423.10139  6.90%   166 7535s
 491799 206307 7476.58577   67  218 7973.00000 7423.57917  6.89%   166 7548s
 493939 206900 infeasible   73      7973.00000 7426.55903  6.85%   166 7561s
 496266 207557 7526.21092   64  307 7973.00000 7429.02509  6.82%   167 7575s
 498030 208126 7443.20785  104  559 7973.00000 7429.02509  6.82%   167 7586s
 499581 208808 7451.41286  140  458 7973.00000 7429.02509  6.82%   166 7597s
 501089 210018 7459.07331  177  502 7973.00000 7431.35463  6.79%   166 7609s
 503116 210716 7485.82379  232  402 7973.00000 7432.41654  6.78%   166 7621s
 504852 211515 7509.19550  309  402 7973.00000 7432.41654  6.78%   166 7633s
 506645 211035 7447.71118   59  484 7973.00000 7432.45102  6.78%   166 7645s
 506790 211901 7458.37027   63  479 7973.00000 7432.45102  6.78%   166 7659s
 507957 212742 7470.44566   86  455 7973.00000 7432.45102  6.78%   166 7672s
 509922 213521 7475.84137   63  260 7973.00000 7433.64122  6.76%   166 7685s
 511986 214807 7504.24894   80  378 7973.00000 7434.33038  6.76%   166 7699s
 514279 214784 7528.64436   97  347 7973.00000 7434.58961  6.75%   166 7713s
 515496 216137 7472.30208   89  364 7973.00000 7434.58961  6.75%   166 7728s
 517831 217627     cutoff   84      7973.00000 7435.56782  6.74%   165 7743s
 520642 218891 7487.64749   64  238 7973.00000 7435.77407  6.74%   165 7758s
 523269 219320 7465.72116   88  650 7973.00000 7435.95090  6.74%   165 7778s
 525256 220335 7512.61874  131  455 7973.00000 7436.88724  6.72%   165 7802s
 527665 220529 7470.21408  103  538 7973.00000 7438.39976  6.71%   165 7815s
 528932 221189 7477.75888  126  418 7973.00000 7438.45377  6.70%   165 7828s
 530395 221609 7508.64553  165  418 7973.00000 7438.60371  6.70%   165 7841s
 531824 221534 7480.17854   84  431 7973.00000 7439.37204  6.69%   165 7855s
 532654 222347 7499.71864   99  387 7973.00000 7439.37204  6.69%   165 7869s
 534407 222859 7468.46800   86  425 7973.00000 7441.14818  6.67%   165 7885s
 535893 223782 7482.01778   51  465 7973.00000 7442.82955  6.65%   166 7900s
 537780 224366 7515.51096   95  357 7973.00000 7443.07505  6.65%   166 7916s
 539457 225083 7529.20094  109  440 7973.00000 7443.79737  6.64%   166 7933s
 541239 226037 7515.08194   99  389 7973.00000 7444.25815  6.63%   166 7951s
 543288 224845 7538.32860  121  304 7973.00000 7445.22755  6.62%   166 7970s
 545310 225509 7522.37380  105  421 7973.00000 7445.80629  6.61%   166 7989s
 547435 225929 7487.41150   83  593 7973.00000 7446.80869  6.60%   166 8009s
H548961 220321                    7966.0000000 7447.22097  6.51%   166 8009s
 548961 220662 7486.01967  106  491 7966.00000 7447.22097  6.51%   166 8027s
 549514 221901 7489.17432  114  463 7966.00000 7447.22097  6.51%   166 8060s
 552050 222068 7506.93683  132  380 7966.00000 7447.71880  6.51%   166 8081s
 553676 223096     cutoff  141      7966.00000 7448.19874  6.50%   166 8096s
 555665 223916 7517.28660  152  441 7966.00000 7448.44392  6.50%   166 8109s
 557695 224426 7520.34781  162  363 7966.00000 7448.72330  6.49%   166 8123s
 559332 225033     cutoff  169      7966.00000 7448.72330  6.49%   166 8135s
 560922 226193 7526.42887  181  317 7966.00000 7449.07910  6.49%   166 8149s
 562890 226812 7530.46970  192  373 7966.00000 7449.07910  6.49%   166 8162s
 564770 227281 7534.31656  204  373 7966.00000 7449.07910  6.49%   166 8176s
 566663 228081 7547.56819  213  341 7966.00000 7449.07910  6.49%   166 8190s
 568570 229440 7529.80872   80  397 7966.00000 7449.07910  6.49%   166 8205s
 570921 230481 7564.95499  120  332 7966.00000 7449.07910  6.49%   166 8220s
 573081 231556 7521.42155   74  196 7966.00000 7451.15052  6.46%   166 8235s
 575548 231701 7548.47317   50  180 7966.00000 7452.06444  6.45%   165 8252s
 578284 232395 7566.30961   63  178 7966.00000 7454.18584  6.42%   166 8268s
 581055 233619 7605.86331   96  239 7966.00000 7455.92280  6.40%   166 8288s
 584606 232931 7618.27956  101  195 7966.00000 7459.12630  6.36%   166 8302s
 585734 234424 7598.44564   67  275 7966.00000 7459.12630  6.36%   167 8318s
 589137 234995 7614.48209  158  284 7966.00000 7460.98057  6.34%   167 8333s
 592058 235676 7610.72915   94  173 7966.00000 7465.65217  6.28%   167 8349s
 595071 235892 infeasible   84      7966.00000 7466.67418  6.27%   167 8366s
 597950 237217 7626.91903  161  255 7966.00000 7468.45486  6.25%   168 8383s
 601652 238165 7615.18231  218  257 7966.00000 7470.80914  6.22%   168 8401s
 604974 238997 7513.96769   72  208 7966.00000 7472.34773  6.20%   168 8418s
 608398 239172 7524.83989   62  256 7966.00000 7473.47197  6.18%   168 8435s
 611747 241069 7520.17611   65  463 7966.00000 7475.81267  6.15%   168 8459s
 615284 241593 7561.71099   73  273 7966.00000 7475.81267  6.15%   168 8476s
 617653 242578 7559.50163  128  274 7966.00000 7476.09230  6.15%   168 8492s
 620055 243530 7552.62713  130  262 7966.00000 7476.86948  6.14%   168 8509s
 622749 243838     cutoff  122      7966.00000 7477.47785  6.13%   168 8529s
 624646 244757 7507.31673   79  328 7966.00000 7477.64919  6.13%   168 8550s
 627498 245573 7524.64645  108  423 7966.00000 7478.10665  6.12%   168 8571s
 630507 246296 7484.94207   63  416 7966.00000 7478.10665  6.12%   168 8592s
 633328 247290 7571.89637  168  250 7966.00000 7478.10665  6.12%   168 8614s
 636520 247124 7531.79855  148  355 7966.00000 7478.75405  6.12%   168 8637s
 638023 248430 7552.44065  199  340 7966.00000 7479.07900  6.11%   168 8663s
 640700 250084 7495.67268   78  303 7966.00000 7479.07900  6.11%   168 8694s
 644847 251734 7538.97884   81  258 7966.00000 7479.07900  6.11%   168 8715s
 648684 252496 7517.94914  103  496 7966.00000 7480.56355  6.09%   168 8744s
 651567 250526 7497.47780   96  481 7966.00000 7480.95401  6.09%   168 8768s
 654093 251820     cutoff  123      7966.00000 7482.10125  6.07%   168 8803s
 657676 251154 7505.80181   94  400 7966.00000 7482.84201  6.07%   168 8827s
 658608 250138 7519.09366  103  431 7966.00000 7482.84201  6.07%   168 8855s
 661465 250148 7529.29991   98  446 7966.00000 7483.84017  6.05%   168 8884s
 662997 252212 7549.09949  128  575 7966.00000 7484.39790  6.05%   168 8915s
 666690 253147 7517.51750  149  458 7966.00000 7485.26760  6.03%   169 8945s
 669879 254389 infeasible   98      7966.00000 7486.12001  6.02%   169 8977s
 673520 255649 7493.93361  103  551 7966.00000 7487.25415  6.01%   169 9009s
 677134 256925 7503.02698  124  516 7966.00000 7487.59965  6.01%   169 9046s
 679219 258944 7514.08405  132  590 7966.00000 7487.63108  6.01%   169 9080s
H683043 258944                    7962.0000000 7488.82643  5.94%   169 9080s
 683043 260673     cutoff   78      7962.00000 7488.82643  5.94%   169 9103s
 686071 261356 7608.13835   94  337 7962.00000 7488.82643  5.94%   169 9123s
 688730 263552     cutoff  150      7962.00000 7488.88756  5.94%   169 9151s
 692680 264781 7502.78177   95  390 7962.00000 7490.22503  5.93%   169 9169s
 695672 266203 7492.71732   92  504 7962.00000 7490.35918  5.92%   169 9186s
 698384 265330 7500.15474  133  465 7962.00000 7490.43993  5.92%   169 9206s
 698416 267093 7500.27535  134  460 7962.00000 7490.43993  5.92%   169 9224s
 700417 267490 7505.90668  164  519 7962.00000 7490.43993  5.92%   168 9244s
 701837 269821 7510.12567  184  419 7962.00000 7490.52566  5.92%   168 9266s
 705071 271836 7526.29704  241  464 7962.00000 7491.23952  5.91%   168 9289s
 708841 273024 7564.50161  337  344 7962.00000 7491.55245  5.91%   168 9311s
 712035 274423 7599.48842  441  320 7962.00000 7491.79647  5.91%   168 9332s
 715463 276196 7578.10157  112  302 7962.00000 7492.36402  5.90%   168 9355s
 719173 276489     cutoff  219      7962.00000 7492.57882  5.90%   167 9377s
 721918 279125 7511.44926   80  283 7962.00000 7494.05440  5.88%   168 9404s
 727179 278600 7634.76514   75  251 7962.00000 7495.75139  5.86%   168 9423s
 729230 279600 7587.51089  116  246 7962.00000 7497.50336  5.83%   168 9444s
 733159 280467 infeasible   58      7962.00000 7500.19387  5.80%   168 9463s
 736740 280912 7606.14937  144  212 7962.00000 7500.19387  5.80%   169 9483s
 740113 281269 7587.36103  179  159 7962.00000 7502.18614  5.78%   169 9503s
 743572 281511 7553.38485   70  143 7962.00000 7504.18741  5.75%   169 9522s
 746770 282010 infeasible  132      7962.00000 7506.41521  5.72%   170 9542s
 750215 282887 7557.61183  223  235 7962.00000 7508.22735  5.70%   170 9564s
 753448 281809 7594.35043  158  169 7962.00000 7508.37964  5.70%   170 9565s
 754163 283056 7555.18723  104  229 7962.00000 7510.30829  5.67%   170 9583s
 757444 283281 7539.28490   67  221 7962.00000 7511.64696  5.66%   171 9601s
 760587 283047 7647.17931   53  252 7962.00000 7512.94240  5.64%   171 9620s
 762697 286096 7552.05975  123  457 7962.00000 7513.75141  5.63%   171 9646s
 767356 286939 7559.97726   94  450 7962.00000 7513.85613  5.63%   171 9666s
 770302 288685 7596.54968  215  500 7962.00000 7513.85613  5.63%   171 9685s
 773680 290546 7589.56913  195  334 7962.00000 7514.75951  5.62%   170 9705s
 777378 291898 7543.95594   55  355 7962.00000 7514.91500  5.62%   170 9725s
 780561 293291 7532.79794   59  463 7962.00000 7515.56683  5.61%   170 9744s
 783872 295325 7578.36750   68  226 7962.00000 7515.88229  5.60%   170 9772s
 788247 295654 7592.08736  115  302 7962.00000 7516.66040  5.59%   170 9792s
 791315 296806 7542.04799   80  412 7962.00000 7516.85778  5.59%   170 9811s
 794533 298096 7552.46012  100  403 7962.00000 7517.18243  5.59%   170 9831s
 797969 300502     cutoff  150      7962.00000 7517.29289  5.59%   169 9851s
 801604 301465 7599.26365  136  338 7962.00000 7517.29289  5.59%   169 9871s
 803243 304372 7552.80406  101  312 7962.00000 7517.77961  5.58%   169 9891s
 807237 306604 7559.95467  107  361 7962.00000 7517.96194  5.58%   169 9933s
 811460 308309     cutoff  118      7962.00000 7518.51371  5.57%   169 9964s
 814862 310214 7546.07245   82  417 7962.00000 7519.88217  5.55%   169 9994s
 818358 312586     cutoff  131      7962.00000 7520.61346  5.54%   169 10023s
 821749 313616 7534.26288  123  496 7962.00000 7521.23639  5.54%   170 10054s
 823519 315928     cutoff  171      7962.00000 7521.23639  5.54%   170 10085s
 827086 318314 7558.09210  101  373 7962.00000 7521.99104  5.53%   170 10117s
 830877 320532 7574.66806  112  477 7962.00000 7522.39564  5.52%   170 10147s
 834395 322643 7580.41233   93  332 7962.00000 7522.72605  5.52%   170 10176s
 837681 325709 7570.81840  114  429 7962.00000 7523.24448  5.51%   170 10217s
 842067 327300 7572.95117  190  559 7962.00000 7523.89478  5.50%   170 10244s
 844818 329229 7575.13074   80  345 7962.00000 7524.38847  5.50%   170 10274s
 848087 331564 7543.54032  113  479 7962.00000 7524.62850  5.49%   170 10303s
 851754 334550 7653.94940  120  344 7962.00000 7524.84985  5.49%   170 10337s
 855522 337243 7611.01823  160  422 7962.00000 7525.29872  5.48%   170 10363s
 860132 339121 7580.50616  156  415 7962.00000 7525.61112  5.48%   170 10386s
 864134 340809 7624.46185  296  396 7962.00000 7525.66558  5.48%   170 10407s
 867697 343004 7554.06698  162  396 7962.00000 7526.47355  5.47%   169 10429s
 871619 344346 7587.09536  264  367 7962.00000 7526.47355  5.47%   169 10449s
 874850 345995 7626.35772  412  338 7962.00000 7526.82160  5.47%   169 10469s
 878058 347601 7573.20504  127  455 7962.00000 7526.83967  5.47%   169 10489s
 881348 350315 7593.95464  172  439 7962.00000 7527.17858  5.46%   169 10520s
 885949 349832 7640.36258  266  457 7962.00000 7527.53564  5.46%   169 10542s
 887264 352916 7590.06578  130  170 7962.00000 7527.53564  5.46%   168 10567s
 891391 353972 7539.68019  159  484 7962.00000 7527.73168  5.45%   168 10591s
 893118 357655 7606.28535  190  440 7962.00000 7527.73168  5.45%   168 10615s
 897532 359068 7625.14191   58  316 7962.00000 7528.19810  5.45%   168 10636s
 900980 359899 7618.27632  138  240 7962.00000 7528.97833  5.44%   168 10656s
 904778 360805 infeasible   67      7962.00000 7528.97873  5.44%   169 10675s
 908136 362165 7660.37230  100  180 7962.00000 7530.79213  5.42%   169 10694s
 911362 363393 7661.18847   61   89 7962.00000 7532.41411  5.40%   169 10714s
 914495 365627     cutoff   65      7962.00000 7533.34330  5.38%   169 10737s
 918385 367022 7587.95220   71  161 7962.00000 7534.33329  5.37%   169 10754s
 921425 368737 7620.55514  146  216 7962.00000 7535.63058  5.36%   170 10773s
 924644 370521 infeasible  176      7962.00000 7536.63342  5.34%   170 10791s
 928233 371900     cutoff   58      7962.00000 7537.47140  5.33%   170 10810s
 931334 373335 7589.01443   59  129 7962.00000 7538.91467  5.31%   170 10828s
 934380 373875 7638.27473   82  284 7962.00000 7539.07957  5.31%   171 10847s
 935708 375856 7583.30572   74  273 7962.00000 7540.02416  5.30%   171 10868s
 939646 377863 7623.27858  105  139 7962.00000 7541.03768  5.29%   171 10888s
 943401 379760 7643.34403  102  181 7962.00000 7541.85459  5.28%   171 10911s
 947354 381159 7575.61953   66  210 7962.00000 7542.59230  5.27%   171 10929s
 950311 383773 7612.19212   98  276 7962.00000 7543.07419  5.26%   172 10953s
 954200 385208 7625.03097  128  473 7962.00000 7543.51718  5.26%   171 10974s
 956116 388227 7620.97071  163  442 7962.00000 7543.73379  5.25%   171 11001s
 960696 390406 7614.13106  114  362 7962.00000 7543.92945  5.25%   171 11019s
 963796 392180 7628.45198   72  331 7962.00000 7544.18656  5.25%   171 11038s
 966688 394364 7626.76963  105  308 7962.00000 7544.30941  5.25%   171 11057s
 969837 396834 7611.47916  142  216 7962.00000 7544.53839  5.24%   171 11077s
 973231 398609     cutoff   60      7962.00000 7545.02835  5.24%   171 11096s
 975622 401200     cutoff   68      7962.00000 7545.02835  5.24%   171 11116s
 979242 403774 7612.13322  215  342 7962.00000 7545.02835  5.24%   170 11135s
 982827 406107 7607.46661   71  271 7962.00000 7545.59592  5.23%   170 11155s
 986134 409306 7595.80697  123  286 7962.00000 7545.89819  5.23%   170 11181s
 990330 411719 7591.56669  178  464 7962.00000 7546.18577  5.22%   170 11199s
 993503 414135 7614.69368  296  380 7962.00000 7546.22015  5.22%   170 11218s
 996898 416815 7618.42263  120  262 7962.00000 7546.39772  5.22%   170 11237s
 1000436 419147     cutoff  113      7962.00000 7546.96966  5.21%   170 11272s
 1004360 420906 7573.46355  109  378 7962.00000 7547.36810  5.21%   170 11303s
 1007437 422987 7564.96971   96  520 7962.00000 7547.63344  5.20%   170 11334s
 1010820 424968 7582.95774   97  283 7962.00000 7548.20400  5.20%   170 11365s
 1014501 426901 7565.13566  119  406 7962.00000 7548.62975  5.19%   170 11395s
 1018054 428026 7566.10379  128  483 7962.00000 7548.79127  5.19%   170 11433s
 1020436 431470 7608.39682  191  391 7962.00000 7549.43680  5.18%   170 11482s
 1026263 433509 7584.18413   87  532 7962.00000 7549.89621  5.18%   170 11514s
 1030008 435793 7603.76539   76  318 7962.00000 7550.40385  5.17%   170 11545s
 1033865 435824 7597.47781   94  414 7962.00000 7550.42615  5.17%   170 11575s
 1033898 436103 7597.95272   95  411 7962.00000 7550.42615  5.17%   170 11605s
 1034394 437891 7599.01567   96  417 7962.00000 7550.42615  5.17%   170 11638s
 1037669 440531     cutoff  160      7962.00000 7551.01124  5.16%   170 11670s
 1041715 442701 7592.37071   90  448 7962.00000 7551.40859  5.16%   170 11701s
 1045564 445018 7580.07659  130  344 7962.00000 7551.74141  5.15%   170 11730s
 1049236 447534 7580.32350  124  540 7962.00000 7551.99928  5.15%   170 11768s
 1053251 450845 7634.34683   99  267 7962.00000 7552.40837  5.14%   170 11795s
 1057066 453911 7616.99184   86  298 7962.00000 7552.40837  5.14%   170 11818s
 1060571 457486 7656.66982   65  313 7962.00000 7552.40837  5.14%   170 11841s
 1064783 460683 7665.24474  219  358 7962.00000 7552.40837  5.14%   170 11862s
 1068542 465265 7588.32593  130  381 7962.00000 7552.93034  5.14%   170 11893s
 1073649 467362 7674.17343  315  304 7962.00000 7553.01393  5.14%   169 11912s
 1076284 469356 7565.21858   97  497 7962.00000 7553.27963  5.13%   169 11931s
 1079063 471212 infeasible  134      7962.00000 7553.43195  5.13%   169 11952s
 1081721 473032 7632.96853  126  308 7962.00000 7553.51473  5.13%   169 11973s
 1084524 475388 7589.06887   57  425 7962.00000 7553.66158  5.13%   169 11996s
 1087514 477993 7612.06304  132  519 7962.00000 7553.66158  5.13%   169 12019s
 1090665 481112 7666.01870  240  284 7962.00000 7553.66158  5.13%   169 12042s
 1094428 483883 7635.72231  123  331 7962.00000 7554.03423  5.12%   169 12064s
 1097944 487166 7630.32239  103  168 7962.00000 7554.09878  5.12%   169 12094s
 1101888 490529 7636.00034  149  402 7962.00000 7554.49988  5.12%   169 12116s
 1105681 492246 infeasible   74      7962.00000 7554.49988  5.12%   169 12136s
 1109005 493845 7602.66505   84  202 7962.00000 7555.88239  5.10%   169 12157s
 1112384 495386 7667.66444  133  248 7962.00000 7556.76906  5.09%   169 12177s
 1115474 496743 7672.89749   97  138 7962.00000 7557.37318  5.08%   169 12198s
 1119098 498275 7663.91650   55  172 7962.00000 7558.53843  5.07%   170 12219s
 1122803 499620 7613.36661   86  238 7962.00000 7559.26380  5.06%   170 12238s
 1125783 500545 7627.98292   99  274 7962.00000 7559.78445  5.05%   170 12258s
 1127794 501761 7615.51047  124  161 7962.00000 7560.02839  5.05%   170 12281s
 1129933 504576 7672.66315   79  139 7962.00000 7560.25239  5.05%   170 12311s
 1135783 506404 7611.48929  115  155 7962.00000 7561.76094  5.03%   170 12333s
 1139708 508075 7670.52037   92  199 7962.00000 7562.54747  5.02%   170 12353s
 1143243 509559 7648.88082  106  108 7962.00000 7562.89606  5.01%   171 12372s
 1146654 511011     cutoff  226      7962.00000 7563.79082  5.00%   171 12392s
 1149904 512814 7603.83363  102  339 7962.00000 7564.17290  5.00%   171 12412s
 1153419 514502 7644.90893  196  237 7962.00000 7564.63305  4.99%   171 12432s
 1157073 515756 7599.91306   86  468 7962.00000 7565.25233  4.98%   171 12456s
 1158960 521402 7616.92310  122  441 7962.00000 7565.43095  4.98%   171 12494s
 1166005 524173 7603.69117   71  345 7962.00000 7565.61352  4.98%   171 12515s
 1169761 526881 7618.04505   80  425 7962.00000 7566.01767  4.97%   171 12536s
 1173394 529779 7581.07343   89  543 7962.00000 7566.25763  4.97%   171 12562s
 1177537 532085 7642.29710  123  369 7962.00000 7566.41057  4.97%   171 12581s
 1180826 534201 7619.55006  140  269 7962.00000 7566.58161  4.97%   170 12599s
 1183782 536698 7618.36358   80  288 7962.00000 7566.78167  4.96%   170 12619s
 1187146 539156 7634.06797  153  318 7962.00000 7566.97477  4.96%   170 12638s
 1190359 541601 7635.91079   72  278 7962.00000 7567.11192  4.96%   170 12656s
 1193542 543823 7611.40691  161  392 7962.00000 7567.11192  4.96%   170 12675s
 1196761 544945 7614.47400   99  223 7962.00000 7567.47487  4.96%   170 12695s
 1198869 547461 7641.92238  173  174 7962.00000 7567.61305  4.95%   170 12716s
 1202696 551161 7600.50477   76  457 7962.00000 7567.81680  4.95%   170 12742s
 1207284 553291 7612.76570  123  468 7962.00000 7567.94922  4.95%   170 12776s
 1211341 555341 7569.17053  116  398 7962.00000 7567.97935  4.95%   170 12805s
 1214741 557221 7623.67400  123  350 7962.00000 7568.48318  4.94%   170 12834s
 1217976 559283 7599.00459  147  425 7962.00000 7568.74226  4.94%   170 12861s
 1221396 561601 7608.06654  139  540 7962.00000 7569.10109  4.93%   170 12889s
 1224989 563498 7587.06402   95  349 7962.00000 7569.16246  4.93%   170 12916s
 1228317 565296 7605.49351   86  333 7962.00000 7569.45469  4.93%   170 12942s
 1231560 567124 7615.02771  108  239 7962.00000 7569.54910  4.93%   170 12970s
 1234754 569883 7590.01777  132  538 7962.00000 7569.81289  4.93%   170 13007s
 1239110 571533 7608.95711  112  341 7962.00000 7570.16906  4.92%   170 13033s
 1241888 573787 7583.95622   67  463 7962.00000 7570.41957  4.92%   170 13060s
 1245325 575688 7606.22353  125  320 7962.00000 7570.54789  4.92%   170 13088s
 1248619 577202 7596.80184  106  291 7962.00000 7570.56341  4.92%   170 13115s
 1251841 579113     cutoff  123      7962.00000 7570.87129  4.91%   170 13142s
 1255182 581089 7588.96040  135  548 7962.00000 7571.01999  4.91%   170 13170s
 1258651 583670 7695.22734  130  370 7962.00000 7571.37587  4.91%   170 13196s
 1262100 584971 7627.38407  108  266 7962.00000 7571.37587  4.91%   170 13220s
 1263937 588810 7658.86838  165  276 7962.00000 7571.80120  4.90%   170 13250s
 1268852 591094 7672.94698  176  403 7962.00000 7571.95514  4.90%   170 13275s
 1272190 593733 7594.97324  113  372 7962.00000 7572.35504  4.89%   170 13300s
 1275575 596007 7677.46161  279  175 7962.00000 7572.53177  4.89%   170 13325s
 1278810 598244 7687.34987  160  263 7962.00000 7572.55954  4.89%   170 13350s
 1282072 600684 7690.28099  112  310 7962.00000 7572.82066  4.89%   170 13381s
 1285726 603324 7576.06144   73  441 7962.00000 7572.82757  4.89%   170 13406s
 1289245 605949 7609.62091  156  368 7962.00000 7572.94175  4.89%   170 13430s
 1292802 608341 7682.96579  347  314 7962.00000 7573.36928  4.88%   170 13454s
 1295821 611110 7681.37935   59  396 7962.00000 7573.55737  4.88%   170 13478s
 1299332 613527 7671.14705  111  323 7962.00000 7573.63757  4.88%   170 13501s
 1302708 616332 7652.63481  119  312 7962.00000 7573.94421  4.87%   170 13525s
 1306396 616569 7674.27874  110  227 7962.00000 7574.00462  4.87%   170 13547s
 1306731 618192 7675.18124  111  281 7962.00000 7574.00462  4.87%   170 13571s
 1308760 619786     cutoff   73      7962.00000 7574.40190  4.87%   170 13593s
 1312489 621419 7675.38643   80  210 7962.00000 7575.00150  4.86%   170 13611s
 1316202 622640 7603.07077   56  206 7962.00000 7575.58845  4.85%   170 13629s
 1319239 624253 7679.55942   91  259 7962.00000 7576.28856  4.84%   170 13646s
 1322724 625636 7645.27477  137  198 7962.00000 7576.65169  4.84%   170 13664s
 1325844 627193 7611.02500  191  182 7962.00000 7577.37165  4.83%   170 13681s
 1329140 628481 7674.66039   81  203 7962.00000 7577.93441  4.82%   171 13699s
 1332194 628481 7659.63983   61   96 7962.00000 7578.18281  4.82%   171 13700s
 1332641 629764 7612.33899  132  153 7962.00000 7578.45386  4.82%   171 13716s
 1336007 629936 7662.79677  152  151 7962.00000 7578.86444  4.81%   171 13735s
 1336462 630818     cutoff  151      7962.00000 7578.94262  4.81%   171 13753s
 1338511 632480 7588.01862   82  159 7962.00000 7579.05530  4.81%   171 13776s
 1341993 633913 7654.06936  121  190 7962.00000 7579.47133  4.80%   171 13796s
 1345758 635282 7641.22317   76   85 7962.00000 7580.27368  4.79%   171 13815s
 1349330 635371 7650.34695   49  195 7962.00000 7580.82268  4.79%   171 13832s
 1349540 636762 7608.52325  115  188 7962.00000 7580.82268  4.79%   171 13850s
 1352624 638472 7618.34007  114  141 7962.00000 7581.09312  4.78%   171 13870s
 1356321 640128 7641.09668  147  177 7962.00000 7581.52621  4.78%   172 13889s
 1359876 642694 7601.90072   58  391 7962.00000 7582.12516  4.77%   172 13911s
 1363476 643518 7622.37788   95  438 7962.00000 7582.36370  4.77%   172 13932s
 1364551 646604 7622.92403   97  467 7962.00000 7582.41556  4.77%   172 13958s
 1368776 648105 7660.73303  249  249 7962.00000 7582.53392  4.77%   171 13981s
 1370981 648378 7662.66988   96  297 7962.00000 7582.67309  4.76%   171 14006s
 1371535 648741 7609.20215  132  497 7962.00000 7582.71534  4.76%   171 14031s
 1372143 649304 7609.71358  133  412 7962.00000 7582.74468  4.76%   171 14064s
 1372832 653886 7615.31022  150  481 7962.00000 7582.74882  4.76%   171 14096s
 1378833 657204 7589.77191   59  295 7962.00000 7582.76076  4.76%   171 14122s
 1383532 660252 7642.93782  105  316 7962.00000 7583.18499  4.76%   171 14145s
 1388062 662640 7633.43683   69  336 7962.00000 7583.39324  4.76%   171 14172s
 1392165 665137 7609.06289   76  342 7962.00000 7583.56994  4.75%   171 14191s
 1395434 667911     cutoff   84      7962.00000 7583.76341  4.75%   171 14209s
 1399029 670566 7660.61768  162  202 7962.00000 7583.94681  4.75%   170 14227s
 1402422 672649 7632.34796  164  277 7962.00000 7584.16389  4.75%   170 14246s
 1405582 674554     cutoff  100      7962.00000 7584.22716  4.74%   170 14265s
 1408640 676577     cutoff  102      7962.00000 7584.47278  4.74%   170 14283s
 1411796 678662     cutoff  127      7962.00000 7584.49769  4.74%   170 14316s
 1415740 680755 7631.99872  114  318 7962.00000 7584.74697  4.74%   170 14344s
 1419154 682848 7618.74451  105  522 7962.00000 7584.79115  4.74%   170 14380s
 1423028 684912 7612.00466  118  576 7962.00000 7584.94989  4.74%   170 14407s
 1426590 686853 7630.40163  116  348 7962.00000 7585.35178  4.73%   170 14435s
 1429865 688889 7615.73172   79  294 7962.00000 7585.59770  4.73%   170 14462s
 1433262 690827 7624.50718   69  330 7962.00000 7585.65839  4.73%   170 14488s
 1436498 692637 7597.43865  104  579 7962.00000 7585.97018  4.72%   170 14515s
 1439780 694291 7629.50208  168  542 7962.00000 7586.10093  4.72%   170 14542s
 1442922 696190 7608.18238   99  534 7962.00000 7586.17233  4.72%   171 14570s
 1446063 697938 7643.48954  103  299 7962.00000 7586.36837  4.72%   171 14598s
 1449431 700446 7609.30541  110  547 7962.00000 7586.63937  4.71%   171 14633s
 1453412 702371 7642.51995  152  481 7962.00000 7586.82512  4.71%   171 14659s
 1457129 704304 7616.45641  132  443 7962.00000 7586.95877  4.71%   171 14685s
 1460381 706132 7626.22218  137  458 7962.00000 7587.09471  4.71%   171 14710s
 1463600 708505 7698.81419  219  284 7962.00000 7587.20374  4.71%   171 14737s
 1466787 711489 7654.02626  107  284 7962.00000 7587.39283  4.70%   171 14765s
 1470739 714120     cutoff  197      7962.00000 7587.57489  4.70%   171 14788s
 1474202 716090 7623.92505  117  365 7962.00000 7587.66453  4.70%   170 14810s
 1477504 717043 7656.87424  194  347 7962.00000 7587.92081  4.70%   170 14833s
 1479015 718254 7680.80454  230  329 7962.00000 7588.05464  4.70%   171 14857s
 1480852 721382     cutoff   85      7962.00000 7588.15288  4.70%   171 14884s
 1484848 724642 7684.98549  249  277 7962.00000 7588.25144  4.69%   170 14909s
 1488930 727660 7690.44522  153  230 7962.00000 7588.30779  4.69%   170 14933s
 1492776 729720 7602.32529   63  380 7962.00000 7588.46614  4.69%   170 14954s
 1495729 732478 7674.97896   74  334 7962.00000 7588.49484  4.69%   170 14984s
 1499431 735258 7663.00442  167  379 7962.00000 7588.79591  4.69%   170 15007s
 1503021 738297 7645.87365  128  379 7962.00000 7588.79591  4.69%   170 15029s
 1503126 738297 7653.44613  100  368 7962.00000 7588.79591  4.69%   170 15030s
 1506809 741280 7640.49894  109  356 7962.00000 7589.16835  4.68%   170 15051s
 1510279 743777 7700.27805  234  329 7962.00000 7589.23043  4.68%   170 15072s
 1513561 746221 7654.11776   85  278 7962.00000 7589.24117  4.68%   170 15093s
 1516770 747776 7617.84784  163  232 7962.00000 7589.36517  4.68%   170 15113s
 1520390 749178 7643.10480   59  142 7962.00000 7589.94417  4.67%   170 15132s
 1523499 751243 infeasible   75      7962.00000 7590.28709  4.67%   170 15152s
 1527487 753457 7683.43385  137  218 7962.00000 7590.51729  4.67%   170 15174s
 1531737 754742 7680.02426  197  150 7962.00000 7590.91279  4.66%   170 15191s
 1534870 755079 7624.64213  133  288 7962.00000 7591.59868  4.65%   170 15208s
 1535795 757170 7637.22579  143  273 7962.00000 7591.59868  4.65%   170 15227s
 1539738 758192 7675.56571  124  223 7962.00000 7592.09105  4.65%   170 15245s
 1542697 759747 7635.39990   66  186 7962.00000 7592.38714  4.64%   171 15262s
 1546328 761241 7645.98933   77  180 7962.00000 7592.81532  4.64%   171 15280s
 1550051 762758     cutoff   66      7962.00000 7593.02620  4.63%   171 15298s
 1553572 764258 7631.12573  107  205 7962.00000 7593.54881  4.63%   171 15316s
 1556947 765720 7656.55951   92  242 7962.00000 7594.13941  4.62%   171 15337s
 1560259 767432 7619.11719   65  110 7962.00000 7594.44935  4.62%   171 15357s
 1564030 769075     cutoff  114      7962.00000 7594.71835  4.61%   171 15376s
 1567812 771893 7639.18290  127  380 7962.00000 7595.18780  4.61%   171 15398s
 1571499 774433 7671.05817  155  318 7962.00000 7595.51939  4.60%   171 15418s
 1574985 777191 7650.85225  108  488 7962.00000 7595.58459  4.60%   171 15443s
 1579020 779398 7648.14300   65  240 7962.00000 7595.69709  4.60%   171 15461s
 1582128 781674     cutoff  101      7962.00000 7595.82822  4.60%   171 15480s
 1585435 784232 7666.44383  138  267 7962.00000 7595.92062  4.60%   171 15499s
 1588811 787009 7632.10163  125  313 7962.00000 7596.00019  4.60%   171 15518s
 1592520 789320 7670.44334  108  355 7962.00000 7596.23010  4.59%   170 15536s
 1596039 791524 7675.23351  316  320 7962.00000 7596.37762  4.59%   170 15553s
 1599194 793452 7614.07451  178  438 7962.00000 7596.37762  4.59%   170 15570s
 1602082 795365 7633.44178  270  461 7962.00000 7596.51673  4.59%   170 15588s
 1605342 797594 7663.98319  403  249 7962.00000 7596.74037  4.59%   170 15613s
 1609200 799883 7636.17455   97  573 7962.00000 7596.76016  4.59%   170 15633s
 1612835 801799 7623.24852   87  359 7962.00000 7596.89578  4.59%   170 15651s
 1616138 804144 infeasible   97      7962.00000 7597.15101  4.58%   170 15668s
 1619478 806070 7612.22707  128  655 7962.00000 7597.25600  4.58%   170 15701s
 1623257 808100 7615.18977   71  268 7962.00000 7597.47963  4.58%   170 15729s
 1626806 809790 7632.99087  135  371 7962.00000 7597.65981  4.58%   170 15756s
 1629908 810704 7649.36588  156  402 7962.00000 7597.79166  4.57%   170 15784s
 1631601 811917 7613.61415  115  581 7962.00000 7597.83391  4.57%   170 15814s
 1633858 813966 7651.87083  135  212 7962.00000 7597.92235  4.57%   170 15846s
 1637696 816186 7654.90217   93  197 7962.00000 7598.15169  4.57%   170 15880s
 1641824 817956 7609.70477  131  552 7962.00000 7598.18967  4.57%   170 15905s
 1645020 819620 7621.44214   98  498 7962.00000 7598.54100  4.56%   170 15932s
 1648294 821460 7619.93069  113  218 7962.00000 7598.64408  4.56%   170 15958s
 1651663 823029     cutoff  134      7962.00000 7598.83964  4.56%   170 15983s
 1654787 824410     cutoff  109      7962.00000 7598.95518  4.56%   170 16008s
 1658000 825995 7605.47440   98  332 7962.00000 7599.05542  4.56%   170 16034s
 1661120 827743 7629.94858  145  410 7962.00000 7599.17398  4.56%   170 16061s
 1663918 829717 7612.57239  125  408 7962.00000 7599.17958  4.56%   170 16088s
 1667586 831538 7633.35080  105  423 7962.00000 7599.45693  4.55%   170 16123s
 1671579 834211 7666.74889   75  193 7962.00000 7599.55839  4.55%   170 16148s
 1674942 836869 7698.16511  140  343 7962.00000 7599.83817  4.55%   170 16173s
 1678484 839981 7667.94316  135  312 7962.00000 7599.89763  4.55%   170 16197s
 1682340 843283 7666.41053  124  294 7962.00000 7600.03330  4.55%   170 16226s
 1686325 846315 7717.08823  119  301 7962.00000 7600.17378  4.54%   170 16247s
 1689799 849053 infeasible  144      7962.00000 7600.38676  4.54%   170 16268s
 1693068 851345 7664.86889  185  342 7962.00000 7600.45458  4.54%   170 16290s
 1696253 853497 7659.05091  113  281 7962.00000 7600.64261  4.54%   170 16311s
 1699251 856208 7698.93390  171  163 7962.00000 7600.81142  4.54%   170 16334s
 1702724 858558 7717.32547   93  193 7962.00000 7600.89483  4.54%   170 16355s
 1705779 860416 7697.60517  101  384 7962.00000 7600.92615  4.53%   170 16376s
 1708596 862184 7629.07152   87  447 7962.00000 7601.03166  4.53%   170 16399s
 1711658 863892 7638.16803  134  404 7962.00000 7601.09874  4.53%   170 16428s
 1714935 866311     cutoff  137      7962.00000 7601.14990  4.53%   170 16454s
 1718454 869440 7661.00919  141  328 7962.00000 7601.39452  4.53%   170 16479s
 1722369 870796     cutoff   86      7962.00000 7601.46123  4.53%   170 16499s
 1724647 870796     cutoff   87      7962.00000 7601.54881  4.53%   170 16500s
 1726101 872391 7693.99920  113  187 7962.00000 7601.94662  4.52%   170 16517s
 1729583 873936 infeasible  140      7962.00000 7602.38105  4.52%   170 16536s
 1733122 875641 7649.01633  173  187 7962.00000 7602.80962  4.51%   170 16553s
 1736781 877107 7611.63038   71  196 7962.00000 7603.13045  4.51%   170 16569s
 1739706 878724     cutoff  133      7962.00000 7603.34617  4.50%   170 16586s
 1743240 880741 7669.57277  123  160 7962.00000 7603.51516  4.50%   170 16608s
 1747249 882052 infeasible  183      7962.00000 7604.07410  4.50%   170 16625s
 1750526 883838 7635.53506  165  283 7962.00000 7604.27043  4.49%   170 16642s
 1753976 885744 7662.60028  150  204 7962.00000 7604.54288  4.49%   170 16659s
 1757506 887091 7624.57053   75  152 7962.00000 7604.78809  4.49%   170 16675s
 1760505 888559 7673.20231  104  178 7962.00000 7604.94053  4.48%   170 16691s
 1763456 890041 7676.53945   70  242 7962.00000 7605.25411  4.48%   170 16709s
 1766704 891866 7646.29349  100  160 7962.00000 7605.74893  4.47%   170 16726s
 1770425 892797     cutoff  117      7962.00000 7605.99963  4.47%   171 16742s
 1772934 895137 7665.31666   81  397 7962.00000 7606.23254  4.47%   171 16765s
 1776668 897105 7620.82574   61  333 7962.00000 7606.50574  4.46%   171 16785s
 1779894 899808     cutoff   93      7962.00000 7606.55928  4.46%   170 16806s
 1783518 902296 7667.69593  131  402 7962.00000 7606.64971  4.46%   170 16825s
 1786921 904795 7683.73028   79  183 7962.00000 7606.87481  4.46%   170 16844s
 1790485 907517 7617.05340   85  503 7962.00000 7606.90888  4.46%   170 16868s
 1794375 909414     cutoff  105      7962.00000 7607.00454  4.46%   170 16888s
 1797144 911219 7631.07681  120  343 7962.00000 7607.18194  4.46%   170 16908s
 1800639 913725 7636.46525  142  427 7962.00000 7607.25174  4.46%   170 16927s
 1804131 916265     cutoff  175      7962.00000 7607.35039  4.45%   170 16947s
 1807465 918845 7667.33544  207  287 7962.00000 7607.35039  4.45%   170 16967s
 1810872 920825 7643.01203  130  358 7962.00000 7607.35039  4.45%   170 16985s
 1814456 922648 7617.67399   99  391 7962.00000 7607.73315  4.45%   170 17004s
 1817767 924715 7663.25319  154  340 7962.00000 7607.84887  4.45%   170 17022s
 1820942 926800 7682.82056   65  348 7962.00000 7607.94348  4.45%   170 17048s
 1824644 928515 7658.73932  128  412 7962.00000 7607.99440  4.45%   170 17079s
 1828427 930312 7646.84719  137  405 7962.00000 7608.13956  4.44%   170 17107s
 1832124 931529 7656.19298   97  402 7962.00000 7608.35389  4.44%   170 17133s
 1835456 932943     cutoff  144      7962.00000 7608.45181  4.44%   170 17160s
 1838790 934430 7659.96896  123  359 7962.00000 7608.59058  4.44%   170 17186s
 1841713 936291 7633.10684  136  401 7962.00000 7608.68556  4.44%   170 17212s
 1845050 937999 7624.49811   73  328 7962.00000 7608.87522  4.44%   170 17238s
 1848310 939907 7658.36365  167  362 7962.00000 7608.96804  4.43%   170 17264s
 1848645 939907 7634.84109  102  384 7962.00000 7608.96804  4.43%   170 17265s
 1851693 941492 7634.10077  106  328 7962.00000 7609.11273  4.43%   170 17299s
 1854915 943948     cutoff   76      7962.00000 7609.22824  4.43%   170 17331s
 1859035 945924 7644.10070  123  471 7962.00000 7609.40102  4.43%   170 17359s
 1862456 947646 7636.46959  100  469 7962.00000 7609.51356  4.43%   170 17387s
 1865859 949280     cutoff  166      7962.00000 7609.65496  4.43%   170 17415s
 1869305 950798 7648.86791  136  284 7962.00000 7609.75331  4.42%   170 17443s
 1872765 952113 7640.50925  127  475 7962.00000 7609.92469  4.42%   170 17470s
 1875914 954106 7715.02450  113  241 7962.00000 7610.05847  4.42%   170 17495s
 1878696 956304 7729.77270  158  251 7962.00000 7610.18299  4.42%   170 17524s
 1882656 958659 7715.04624  220  222 7962.00000 7610.18299  4.42%   170 17550s
 1885900 961378 7636.86713  111  395 7962.00000 7610.44643  4.42%   170 17576s
 1889196 964508 7727.64269  272  300 7962.00000 7610.59368  4.41%   170 17603s
 1893284 967593 7652.60313  149  362 7962.00000 7610.79310  4.41%   170 17628s
 1897085 970687 7705.71062  113  171 7962.00000 7611.08936  4.41%   170 17656s
 1900936 973142 7645.23022   94  405 7962.00000 7611.08936  4.41%   170 17679s
 1904057 975454 7625.45415   81  331 7962.00000 7611.13867  4.41%   170 17702s
 1907585 977800 7682.28669  163  276 7962.00000 7611.38839  4.40%   170 17724s
 1910817 980363 7666.25793  128  331 7962.00000 7611.42348  4.40%   170 17746s
 1914218 982672 7688.52198  105  265 7962.00000 7611.49614  4.40%   170 17768s
 1917752 985259     cutoff  165      7962.00000 7611.49614  4.40%   170 17789s
 1920932 988131 7719.09615  133  262 7962.00000 7611.90552  4.40%   170 17811s
 1924156 991257 7717.67456  202  290 7962.00000 7611.90552  4.40%   170 17833s
 1927846 992947     cutoff   83      7962.00000 7611.90552  4.40%   169 17855s
 1931545 994715 7694.19676  144  208 7962.00000 7612.28073  4.39%   169 17873s
 1935316 996072 7700.55449  109  161 7962.00000 7612.44264  4.39%   170 17890s
 1938934 997557 7698.64499   86  216 7962.00000 7612.87503  4.38%   170 17907s
 1942458 999052 7703.32368   66  260 7962.00000 7613.06282  4.38%   170 17923s
 1945318 1000830 7650.54863   86  188 7962.00000 7613.19239  4.38%   170 17940s
 1948690 1002488     cutoff   65      7962.00000 7613.51915  4.38%   170 17958s
 1952137 1004038     cutoff   74      7962.00000 7613.92473  4.37%   170 17973s
 1955475 1005654 7675.36081   78  135 7962.00000 7614.14958  4.37%   170 17990s
 1958819 1007194 7693.91361  106  292 7962.00000 7614.34567  4.37%   170 18010s
 1962449 1008552 infeasible   69      7962.00000 7614.57176  4.36%   170 18029s
 1966227 1009934 7692.27489   94  263 7962.00000 7614.97688  4.36%   170 18046s
 1969913 1011179 7691.39692  178  134 7962.00000 7615.18799  4.36%   170 18063s
 1972978 1012465 infeasible   88      7962.00000 7615.44118  4.35%   170 18079s
 1975953 1014093 7646.15970   95  184 7962.00000 7615.65811  4.35%   170 18096s
 1979424 1015652 7639.25386   84  408 7962.00000 7615.99904  4.35%   170 18118s
 1982584 1016800 7662.51871  156  446 7962.00000 7616.14907  4.34%   170 18142s
 1984621 1019468 7684.32636  152  271 7962.00000 7616.14907  4.34%   170 18168s
 1989143 1022044 7653.71276  143  441 7962.00000 7616.28007  4.34%   170 18192s
 1993371 1025340 7629.28270   82  377 7962.00000 7616.54046  4.34%   170 18213s
 1997483 1028233 7649.48380  172  347 7962.00000 7616.55160  4.34%   170 18233s
 2001205 1031115 7687.50470  281  249 7962.00000 7616.74782  4.34%   170 18253s
 2005017 1034097 7642.70260  111  344 7962.00000 7616.93662  4.33%   169 18277s
 2008962 1035964 7637.62261   88  423 7962.00000 7617.07157  4.33%   169 18295s
 2012052 1038122 7659.40705  177  304 7962.00000 7617.15560  4.33%   169 18314s
 2015201 1040022 7641.94755   91  358 7962.00000 7617.27629  4.33%   169 18333s
 2018191 1042111 7681.88116  126  211 7962.00000 7617.34555  4.33%   169 18352s
 2021263 1044423 7652.80419  201  198 7962.00000 7617.60782  4.33%   169 18372s
 2025028 1046230 7675.47876   84  288 7962.00000 7617.75916  4.32%   169 18392s
 2028477 1047845 7663.63828  100  315 7962.00000 7617.91004  4.32%   169 18411s
 2031603 1049671 7632.08548  119  434 7962.00000 7618.00962  4.32%   169 18441s
 2035108 1051446 7664.45514   97  360 7962.00000 7618.17977  4.32%   169 18470s
 2038608 1053298 7654.34938  106  349 7962.00000 7618.19389  4.32%   169 18504s
 2042467 1055260 7639.33202   81  331 7962.00000 7618.42302  4.32%   169 18531s
 2045864 1057044     cutoff  126      7962.00000 7618.52814  4.31%   169 18557s
 2049037 1058884 7656.33025   89  482 7962.00000 7618.67153  4.31%   169 18584s
 2052514 1060554 7662.27374  132  476 7962.00000 7618.80656  4.31%   169 18609s
 2054087 1060554     cutoff  150      7962.00000 7618.82512  4.31%   169 18610s
 2055742 1062170 7651.22868   89  520 7962.00000 7618.95099  4.31%   169 18635s
 2058764 1064067     cutoff  126      7962.00000 7619.03862  4.31%   169 18662s
 2062155 1065809 7668.12959  126  440 7962.00000 7619.16433  4.31%   169 18688s
 2065703 1067299 7655.11144   84  449 7962.00000 7619.26962  4.30%   169 18714s
 2068799 1069042 7671.40602   75  189 7962.00000 7619.40178  4.30%   169 18752s
 2072456 1070772 7667.20872  106  399 7962.00000 7619.49003  4.30%   169 18780s
 2075835 1072549     cutoff  135      7962.00000 7619.65871  4.30%   169 18807s
 2079384 1074436     cutoff  105      7962.00000 7619.77185  4.30%   169 18833s
 2082791 1077092 7623.84267  128  448 7962.00000 7619.85708  4.30%   169 18860s
 2086034 1079409 7625.01844  132  469 7962.00000 7620.02616  4.30%   169 18886s
 2089642 1081972 7638.62716  141  438 7962.00000 7620.23574  4.29%   169 18910s
 2093152 1084410 7641.19070  149  405 7962.00000 7620.32201  4.29%   169 18933s
 2096480 1087001 7645.56968  158  462 7962.00000 7620.57319  4.29%   169 18958s
 2100223 1089072 7654.92906  167  407 7962.00000 7620.72343  4.29%   169 18981s
 2103280 1091461 7666.47817  178  379 7962.00000 7620.83811  4.28%   169 19004s
 2106544 1094275     cutoff  196      7962.00000 7620.83811  4.28%   169 19028s
 2109911 1097469 7710.98700  228  247 7962.00000 7621.06466  4.28%   169 19050s
 2113835 1100762 7713.48069  101  197 7962.00000 7621.14245  4.28%   169 19078s
 2117802 1103396 7718.39577  134  275 7962.00000 7621.33328  4.28%   169 19098s
 2120861 1106028 7681.07802  136  354 7962.00000 7621.33829  4.28%   169 19120s
 2124197 1106743 7697.85249  164  402 7962.00000 7621.44860  4.28%   169 19142s
 2125179 1109011 7709.00421  183  424 7962.00000 7621.44860  4.28%   169 19165s
 2128799 1111541 7668.31258  111  365 7962.00000 7621.62356  4.28%   169 19188s
 2132243 1114192 7714.97655  238  385 7962.00000 7621.77345  4.27%   169 19211s
 2135669 1115739 7643.74931  115  191 7962.00000 7621.89908  4.27%   169 19230s
 2139505 1117296 7690.06292  119  251 7962.00000 7622.09818  4.27%   169 19247s
 2142956 1118474     cutoff  101      7962.00000 7622.34338  4.27%   169 19264s
 2145892 1119271 7645.60816   89  360 7962.00000 7622.62759  4.26%   169 19284s
 2147696 1122162 7657.92133  113  259 7962.00000 7622.64541  4.26%   169 19317s
 2154131 1123996 7683.74441   73  177 7962.00000 7623.07950  4.26%   169 19338s
 2158009 1125545 7648.10246   57  191 7962.00000 7623.28226  4.25%   169 19358s
 2161802 1127013 infeasible  176      7962.00000 7623.76918  4.25%   169 19377s
 2165420 1128559 7671.39418   88   85 7962.00000 7624.14690  4.24%   169 19394s
 2166692 1128559 7629.21149   83  128 7962.00000 7624.15235  4.24%   169 19395s
 2168653 1130013 7648.95562   65  307 7962.00000 7624.38308  4.24%   169 19413s
 2172633 1131415 7695.22202   63  279 7962.00000 7624.53598  4.24%   169 19431s
 2176268 1133129 7705.28917  122  228 7962.00000 7624.83358  4.23%   169 19452s
 2180144 1134344 7697.56918  105  106 7962.00000 7625.16907  4.23%   169 19468s
 2182809 1136024 7669.38416   95  436 7962.00000 7625.25375  4.23%   169 19486s
 2186450 1138177 7640.18248   76  422 7962.00000 7625.46839  4.23%   169 19508s
 2189774 1140228 7677.30982  141  433 7962.00000 7625.46839  4.23%   169 19533s
 2193245 1142463 7676.31264  120  262 7962.00000 7625.58939  4.23%   169 19553s
 2196720 1144182 7699.42765  157  523 7962.00000 7625.65891  4.22%   169 19574s
 2199908 1145956 7699.75970  125  314 7962.00000 7625.77330  4.22%   169 19594s
 2203188 1148249 7662.32803  109  528 7962.00000 7625.92508  4.22%   169 19614s
 2206824 1150344 7667.66347   62  340 7962.00000 7626.00751  4.22%   169 19633s
 2209831 1152419 7681.31953   77  412 7962.00000 7626.08909  4.22%   169 19652s
 2212872 1154777 7681.20126  106  297 7962.00000 7626.21183  4.22%   169 19672s
 2216425 1156907 7656.05825   68  347 7962.00000 7626.21183  4.22%   169 19692s
 2219830 1158825 7682.06380  112  328 7962.00000 7626.47452  4.21%   169 19717s
 2223315 1160743 7667.98055   73  375 7962.00000 7626.71264  4.21%   169 19738s
 2226482 1162041 7655.93981   79  407 7962.00000 7626.80091  4.21%   169 19760s
 2228700 1164043 7636.24945   80  488 7962.00000 7626.95608  4.21%   169 19783s
 2232250 1166710 7666.40741  115  422 7962.00000 7626.97726  4.21%   169 19805s
 2236062 1168973     cutoff   84      7962.00000 7627.13189  4.21%   169 19829s
 2239358 1170673 7661.38554  113  310 7962.00000 7627.20565  4.20%   169 19859s
 2242796 1172236     cutoff  117      7962.00000 7627.39371  4.20%   169 19889s
 2246101 1174005 7647.44130   72  276 7962.00000 7627.50645  4.20%   169 19917s
 2249657 1175728 7657.00862   92  406 7962.00000 7627.67090  4.20%   169 19945s
 2253258 1177774 7651.15255   93  233 7962.00000 7627.73336  4.20%   169 19972s
 2256868 1180049 7642.48944  143  525 7962.00000 7627.86383  4.20%   169 20005s
 2260717 1181307     cutoff   61      7962.00000 7627.93728  4.20%   169 20031s
 2263693 1182892     cutoff   95      7962.00000 7628.05579  4.19%   169 20058s
 2267049 1183845     cutoff  145      7962.00000 7628.18372  4.19%   169 20084s
 2268763 1185706 7645.83001   79  383 7962.00000 7628.19301  4.19%   169 20113s
 2272430 1187523 7647.76670  115  427 7962.00000 7628.35765  4.19%   169 20141s
 2275958 1189073 7658.15132   83  253 7962.00000 7628.49748  4.19%   169 20169s
 2278956 1190207 7662.27929   98  377 7962.00000 7628.57804  4.19%   169 20199s
 2281733 1192109     cutoff  146      7962.00000 7628.65348  4.19%   169 20227s
 2285401 1193933 infeasible  108      7962.00000 7628.78889  4.19%   169 20256s
 2288990 1195923 7668.92654  114  402 7962.00000 7628.87825  4.18%   169 20289s
 2292757 1198004 7728.33357  216  275 7962.00000 7628.97071  4.18%   169 20313s
 2295493 1201681 7712.38883  138  305 7962.00000 7628.97866  4.18%   169 20342s
 2299757 1202105 7745.86274  115  232 7962.00000 7628.98715  4.18%   169 20369s
 2300392 1205015 7682.50963  155  305 7962.00000 7628.98715  4.18%   169 20397s
 2303915 1207860 7726.15004  298  420 7962.00000 7629.21112  4.18%   169 20420s
 2307376 1210060 infeasible   61      7962.00000 7629.32209  4.18%   169 20442s
 2310243 1212902 7724.51498  153  259 7962.00000 7629.42755  4.18%   169 20466s
 2313752 1215808 7723.14108  167  224 7962.00000 7629.53867  4.18%   169 20489s
 2317472 1218377 7711.76640   96  197 7962.00000 7629.63796  4.17%   169 20512s
 2320834 1221422 7654.08273  127  380 7962.00000 7629.71420  4.17%   169 20534s
 2324435 1223867 7686.70989  211  424 7962.00000 7629.76590  4.17%   169 20556s
 2327884 1226014 7733.43718  333  332 7962.00000 7629.77316  4.17%   169 20579s
 2331036 1228655 7715.19076  186  306 7962.00000 7630.00838  4.17%   169 20606s
 2334692 1231256 7678.81138  103  400 7962.00000 7630.12455  4.17%   169 20630s
 2338032 1233447 7655.85831  133  289 7962.00000 7630.12455  4.17%   169 20652s
 2341388 1235577 7651.94606  160  366 7962.00000 7630.24227  4.17%   169 20674s
 2344792 1237185 7706.98850  126  213 7962.00000 7630.41915  4.16%   169 20693s
 2348675 1238428     cutoff  137      7962.00000 7630.76330  4.16%   169 20710s
 2351795 1239888 7649.48572  102  231 7962.00000 7630.99218  4.16%   169 20726s
 2355032 1240908 7666.38171  104  178 7962.00000 7631.24045  4.15%   169 20743s
 2357910 1242812 7681.34671  175  239 7962.00000 7631.38790  4.15%   169 20761s
 2361522 1244379 7681.76357   88  215 7962.00000 7631.62975  4.15%   169 20778s
 2364976 1245991 7709.01280   89  168 7962.00000 7631.83401  4.15%   169 20799s
 2368772 1247194 7663.05818   72  209 7962.00000 7632.06651  4.14%   169 20816s
 2371469 1249085 7683.56402   89  189 7962.00000 7632.21279  4.14%   169 20834s
 2375217 1250735 7710.41681   85  150 7962.00000 7632.45455  4.14%   169 20852s
 2378674 1252516 7694.88261  153  326 7962.00000 7632.67993  4.14%   169 20869s
 2379738 1252516     cutoff  145      7962.00000 7632.67993  4.14%   169 20870s
 2382311 1253937     cutoff  119      7962.00000 7632.92590  4.13%   169 20886s
 2385318 1255081 7707.38661  109  174 7962.00000 7633.07700  4.13%   169 20903s
 2388777 1256780     cutoff   61      7962.00000 7633.36740  4.13%   169 20920s
 2392307 1258397 7670.03661   64  142 7962.00000 7633.48917  4.13%   169 20937s
 2395798 1260695 7674.72673   74  315 7962.00000 7633.75340  4.12%   169 20958s
 2399389 1262488 7655.06046  144  480 7962.00000 7633.81999  4.12%   169 20978s
 2402221 1264761 7681.96965  232  317 7962.00000 7633.88054  4.12%   169 20999s
 2406024 1266518 7647.99312  138  521 7962.00000 7633.92494  4.12%   169 21024s
 2409578 1268540 7663.72687   70  348 7962.00000 7634.07601  4.12%   169 21045s
 2413041 1270620     cutoff   93      7962.00000 7634.28197  4.12%   169 21064s
 2416584 1272451 7638.82142   55  336 7962.00000 7634.29937  4.12%   169 21083s
 2419608 1274103 7679.66920  119  397 7962.00000 7634.33488  4.12%   169 21102s
 2422621 1276111 7671.67468  103  279 7962.00000 7634.48749  4.11%   169 21122s
 2426013 1277826 7704.70047  186  261 7962.00000 7634.53308  4.11%   169 21141s
 2429326 1278880 7657.23521   78  230 7962.00000 7634.66689  4.11%   169 21161s
 2431016 1281124 7680.13660  119  302 7962.00000 7634.73528  4.11%   169 21182s
 2434461 1283614 7682.03608   74  220 7962.00000 7634.76750  4.11%   169 21203s
 2438103 1286023 7692.28806  236  453 7962.00000 7634.76750  4.11%   169 21227s
 2441920 1287549 7689.75720   89  188 7962.00000 7634.76750  4.11%   169 21246s
 2444930 1289219 infeasible   71      7962.00000 7634.76750  4.11%   169 21266s
 2447794 1291060 7683.78861  148  345 7962.00000 7635.22796  4.10%   169 21296s
 2451278 1292901 7671.34318  136  405 7962.00000 7635.24417  4.10%   169 21324s
 2454794 1294524 7652.81762  146  516 7962.00000 7635.38598  4.10%   169 21352s
 2458290 1296353 7640.38184  130  687 7962.00000 7635.51847  4.10%   169 21378s
 2461875 1298334 7672.40833   86  306 7962.00000 7635.61919  4.10%   169 21404s
 2465285 1300169 7649.49143   93  582 7962.00000 7635.73251  4.10%   169 21429s
 2467175 1300169 7679.47448  178  324 7962.00000 7635.77424  4.10%   169 21430s
 2468682 1301740 7666.78671   81  212 7962.00000 7635.83216  4.10%   169 21455s
 2471922 1303495 7673.91225   87  201 7962.00000 7635.96284  4.09%   169 21481s
 2475286 1305103 7681.61304  163  449 7962.00000 7636.05586  4.09%   169 21515s
 2478419 1307151 7677.33652  150  382 7962.00000 7636.14168  4.09%   169 21546s
 2482342 1308847 7655.97437  134  218 7962.00000 7636.24357  4.09%   169 21574s
 2485910 1310274 7671.43495  111  259 7962.00000 7636.32376  4.09%   169 21602s
 2489420 1311833 7657.99735   67  420 7962.00000 7636.41577  4.09%   169 21629s
 2492783 1313594 7675.23353   95  295 7962.00000 7636.47575  4.09%   169 21655s
 2496388 1314937 7659.75502   86  263 7962.00000 7636.60044  4.09%   169 21682s
 2499974 1317267 7738.35196  100  357 7962.00000 7636.75382  4.08%   169 21707s
 2502885 1320375     cutoff  190      7962.00000 7636.79864  4.08%   169 21734s
 2506829 1323305 7713.68115  101  359 7962.00000 7636.83083  4.08%   169 21759s
 2510460 1325094 7711.21937  119  427 7962.00000 7636.89704  4.08%   169 21785s
 2512726 1327785 7739.79983  170  310 7962.00000 7636.89704  4.08%   169 21811s
 2516286 1330164 7706.66511  152  197 7962.00000 7637.15286  4.08%   169 21838s
 2519651 1333027 7690.09901  126  385 7962.00000 7637.25990  4.08%   169 21863s
 2523181 1335851 7713.65950   98  317 7962.00000 7637.35134  4.08%   169 21886s
 2526683 1336461 7668.67421  109  235 7962.00000 7637.43667  4.08%   169 21909s
 2527421 1339324 7676.87282  113  240 7962.00000 7637.53087  4.08%   169 21935s
 2531572 1341331 infeasible  262      7962.00000 7637.57229  4.07%   169 21959s
 2534747 1342340 7653.21880   98  405 7962.00000 7637.64409  4.07%   169 21983s
 2536562 1344621 7666.13025  137  411 7962.00000 7637.65966  4.07%   169 22010s
 2539954 1347550 7716.51844  223  315 7962.00000 7637.71910  4.07%   169 22035s
 2544089 1350768 7666.02098   99  327 7962.00000 7637.84004  4.07%   168 22059s
 2548090 1353761 7724.21155  220  262 7962.00000 7637.92784  4.07%   168 22087s
 2551696 1355275     cutoff  101      7962.00000 7638.02291  4.07%   168 22107s
 2554967 1356942 7692.30672   78  292 7962.00000 7638.27427  4.07%   168 22127s
 2558680 1358624 7687.06447   76  143 7962.00000 7638.44810  4.06%   168 22145s
 2562529 1360108 7695.98947  134  118 7962.00000 7638.70123  4.06%   168 22163s
 2565936 1361710 7693.05874   94  181 7962.00000 7638.86447  4.06%   168 22180s
 2569340 1362788 7702.16834  119  209 7962.00000 7639.11561  4.06%   169 22198s
 2572218 1364081 infeasible  100      7962.00000 7639.23829  4.05%   169 22215s
 2575566 1365414 7718.96169   79  113 7962.00000 7639.47040  4.05%   169 22233s
 2578990 1366428 7699.86910   98  184 7962.00000 7639.58293  4.05%   169 22249s
 2581781 1367837 7720.38370  197  129 7962.00000 7639.89642  4.05%   169 22270s
 2585355 1369040 7700.95747   68  210 7962.00000 7640.07481  4.04%   169 22289s
 2588738 1369446 7665.85506   93  126 7962.00000 7640.33390  4.04%   169 22306s
 2589998 1370821 7647.16820   60  192 7962.00000 7640.36814  4.04%   169 22325s
 2593397 1372476 7704.02547  152  136 7962.00000 7640.67032  4.04%   169 22346s
 2597454 1373787 7700.52693  138  328 7962.00000 7640.76435  4.03%   169 22366s
 2601098 1374890 7694.98947  108  120 7962.00000 7640.99559  4.03%   169 22384s
 2604088 1377059 7674.50966  108  447 7962.00000 7641.06299  4.03%   169 22406s
 2607437 1379485 7682.37260   81  423 7962.00000 7641.10844  4.03%   169 22428s
 2611152 1381371 7702.69577  135  323 7962.00000 7641.26506  4.03%   169 22447s
 2613895 1383291 7701.72460  180  497 7962.00000 7641.28248  4.03%   169 22468s
 2617114 1385554 7669.79236   88  437 7962.00000 7641.41184  4.03%   169 22488s
 2620440 1388272 7693.02946   93  183 7962.00000 7641.55593  4.02%   169 22509s
 2624176 1390673 7700.09428   65  249 7962.00000 7641.66625  4.02%   169 22533s
 2627807 1392725     cutoff  100      7962.00000 7641.75559  4.02%   169 22552s
 2630764 1394200 7705.65318  104  150 7962.00000 7641.80919  4.02%   169 22574s
 2632969 1396602 infeasible   96      7962.00000 7641.86674  4.02%   169 22596s
 2636889 1398858     cutoff   65      7962.00000 7642.08309  4.02%   169 22618s
 2640578 1401056 7711.45115   93  314 7962.00000 7642.12687  4.02%   169 22638s
 2644006 1403505 7673.60622  132  372 7962.00000 7642.15007  4.02%   168 22659s
 2647570 1405703 7710.86585  214  163 7962.00000 7642.29437  4.02%   168 22678s
 2650781 1408048 7687.45889   76  210 7962.00000 7642.40696  4.01%   168 22698s
 2654062 1408303 7649.71475   83  465 7962.00000 7642.61266  4.01%   168 22724s
 2654426 1409972     cutoff  126      7962.00000 7642.63265  4.01%   168 22754s
 2658013 1411563     cutoff  143      7962.00000 7642.68789  4.01%   168 22781s
 2661380 1413158 7688.84780  175  402 7962.00000 7642.79614  4.01%   168 22814s
 2665195 1414867 7673.65865  105  451 7962.00000 7642.88201  4.01%   168 22840s
 2668530 1416496 7681.08785  152  384 7962.00000 7643.03653  4.01%   168 22866s
 2671742 1417767     cutoff   90      7962.00000 7643.11897  4.01%   168 22893s
 2674990 1419417 7669.22379  127  312 7962.00000 7643.19430  4.00%   168 22919s
 2678333 1421301 7674.60401  122  345 7962.00000 7643.28167  4.00%   169 22945s
 2681693 1422816 7675.76693   87  416 7962.00000 7643.36309  4.00%   169 22971s
 2684908 1424111 7685.27129  139  379 7962.00000 7643.44387  4.00%   169 22997s
 2688006 1425448 7685.13256  151  340 7962.00000 7643.51977  4.00%   169 23023s
 2691387 1427166 7664.38129   75  340 7962.00000 7643.64723  4.00%   169 23056s
 2695139 1428609 7688.63539  110  151 7962.00000 7643.74244  4.00%   169 23082s
 2698583 1430319 7670.43822  140  526 7962.00000 7643.82355  4.00%   169 23107s
 2701889 1431783 7661.16481  103  471 7962.00000 7643.92193  3.99%   169 23133s
 2705177 1434218 7753.70093   71  263 7962.00000 7644.06795  3.99%   169 23157s
 2708203 1437630 7752.00363  119  285 7962.00000 7644.11433  3.99%   169 23184s
 2712318 1440202 7735.07270  104  391 7962.00000 7644.18257  3.99%   169 23207s
 2715737 1442662 7672.04925  134  509 7962.00000 7644.18257  3.99%   169 23231s
 2719378 1444771 7698.08020  223  379 7962.00000 7644.44071  3.99%   169 23254s
 2722425 1447052 7728.04701  373  342 7962.00000 7644.53396  3.99%   169 23277s
 2725637 1449342 7715.74733  147  228 7962.00000 7644.56715  3.99%   169 23301s
 2729054 1451417 7723.45761  221  389 7962.00000 7644.68251  3.99%   168 23323s
 2732231 1454100 7744.29529   80  190 7962.00000 7644.72909  3.98%   168 23351s
 2736052 1456557 7749.22701  190  165 7962.00000 7644.78260  3.98%   168 23372s
 2739480 1459218 7708.25933  172  348 7962.00000 7644.87890  3.98%   168 23394s
 2742721 1461489 7675.81635  108  465 7962.00000 7644.91228  3.98%   168 23415s
 2745753 1463118 7720.53204  159  447 7962.00000 7644.91228  3.98%   168 23437s
 2748302 1464674 7666.64760  101  282 7962.00000 7644.99285  3.98%   168 23460s
 2750994 1466748 7696.83031  183  331 7962.00000 7644.99285  3.98%   168 23484s
 2754418 1469092 7669.53864  122  414 7962.00000 7645.16126  3.98%   168 23507s
 2757793 1470623 7651.67458   74  224 7962.00000 7645.21098  3.98%   168 23526s
 2761423 1470728 7698.35231  124  207 7962.00000 7645.65216  3.97%   168 23544s
 2761633 1472310 7699.07291  125  193 7962.00000 7645.65867  3.97%   168 23564s
 2765045 1473212 7680.08924   93  233 7962.00000 7645.70451  3.97%   168 23585s
 2768237 1474890 7708.55093  106  187 7962.00000 7646.00764  3.97%   169 23605s
 2772132 1476337 7654.16000   51  252 7962.00000 7646.28427  3.97%   169 23624s
 2775406 1477489     cutoff   70      7962.00000 7646.50124  3.96%   169 23642s
 2778555 1478864 7668.81602   97  247 7962.00000 7646.67078  3.96%   169 23660s
 2781962 1480500 7704.22694  106  213 7962.00000 7646.85768  3.96%   169 23679s
 2785477 1481685 7681.98578   92  139 7962.00000 7647.05412  3.96%   169 23697s
 2788526 1482750 7717.72078  116  141 7962.00000 7647.22245  3.95%   169 23716s
 2792389 1483996 7693.94037   75  164 7962.00000 7647.49360  3.95%   169 23732s
 2795515 1485357 7690.85340   83  197 7962.00000 7647.58918  3.95%   169 23754s
 2799058 1486390 7653.99782  119  350 7962.00000 7647.82819  3.95%   169 23772s
 2802058 1487624 7717.63338  129  214 7962.00000 7647.97537  3.94%   169 23790s
 2805601 1488966     cutoff   99      7962.00000 7648.27078  3.94%   169 23809s
 2808952 1491488 7665.21371   88  305 7962.00000 7648.48193  3.94%   169 23829s
 2812158 1493900 7715.21056  214  271 7962.00000 7648.50529  3.94%   169 23851s
 2815911 1496159 7687.92408   98  519 7962.00000 7648.56090  3.94%   169 23871s
 2819430 1497682 infeasible  205      7962.00000 7648.67594  3.94%   169 23892s
 2822537 1499583 7694.67510  163  419 7962.00000 7648.73380  3.93%   169 23912s
 2826021 1501411     cutoff  130      7962.00000 7648.80975  3.93%   169 23932s
 2828981 1503679 7709.66962  187  293 7962.00000 7648.91380  3.93%   169 23952s
 2832292 1505548 7708.12691  287  390 7962.00000 7648.91673  3.93%   169 23972s
 2835378 1507688 7717.71237  100  334 7962.00000 7649.04242  3.93%   169 23994s
 2838423 1509752 7677.62846  188  474 7962.00000 7649.18450  3.93%   169 24018s
 2841566 1511662 7714.29577  213  197 7962.00000 7649.23793  3.93%   169 24040s
 2844788 1513952 7689.23250  250  614 7962.00000 7649.32569  3.93%   169 24064s
 2848577 1514891     cutoff  108      7962.00000 7649.39560  3.93%   168 24086s
 2850939 1516694 7702.56834   91  322 7962.00000 7649.40716  3.93%   168 24108s
 2854033 1518086 7714.18390  114  179 7962.00000 7649.54522  3.92%   168 24131s
 2856295 1520965 7701.86338  164  360 7962.00000 7649.59686  3.92%   168 24155s
 2860368 1522553 7661.39444  102  544 7962.00000 7649.71212  3.92%   168 24185s
 2863915 1524096 7675.81230  106  337 7962.00000 7649.77488  3.92%   168 24212s
 2867447 1525330 7672.30521  101  516 7962.00000 7649.88525  3.92%   168 24239s
 2870264 1526115 7685.63598   73  455 7962.00000 7649.97159  3.92%   168 24267s
 2872347 1526990 7670.52088   84  521 7962.00000 7649.97644  3.92%   168 24297s
 2874528 1528793 7677.43396  171  367 7962.00000 7650.00169  3.92%   168 24329s
 2878397 1530317 7672.26773   93  378 7962.00000 7650.13186  3.92%   168 24360s
 2882173 1531087 7682.69246  135  450 7962.00000 7650.21129  3.92%   169 24387s
 2883860 1532923 7679.66367  118  320 7962.00000 7650.24568  3.92%   169 24418s
 2887994 1534659     cutoff  168      7962.00000 7650.37341  3.91%   169 24447s
 2891660 1536129 7688.04636  138  409 7962.00000 7650.40556  3.91%   169 24475s
 2895145 1537647 7657.42012  162  605 7962.00000 7650.51901  3.91%   169 24503s
 2898520 1539105 7672.82962   80  312 7962.00000 7650.62212  3.91%   169 24530s
 2901893 1540611     cutoff  134      7962.00000 7650.72507  3.91%   169 24557s
 2905380 1542178 7676.87102   83  406 7962.00000 7650.82090  3.91%   169 24583s
 2908768 1543791 7682.02276  217  458 7962.00000 7650.91163  3.91%   169 24616s
 2912783 1545820 7712.62006  113  396 7962.00000 7651.00531  3.91%   169 24640s
 2915619 1548763 7762.40864  199  350 7962.00000 7651.07415  3.91%   169 24668s
 2919412 1551107 7655.07984  162  437 7962.00000 7651.17312  3.90%   169 24696s
 2922580 1553889 7670.93617  101  373 7962.00000 7651.28556  3.90%   169 24721s
 2926189 1556662 7712.31146  136  420 7962.00000 7651.36177  3.90%   169 24745s
 2929770 1558911 7664.96081   52  305 7962.00000 7651.51762  3.90%   169 24769s
 2933013 1561902 7728.69302  156  275 7962.00000 7651.51762  3.90%   169 24793s
 2936785 1564388 7725.72593  177  305 7962.00000 7651.51762  3.90%   169 24816s
 2939977 1567116 7678.39687  153  529 7962.00000 7651.63284  3.90%   168 24838s
 2943305 1569653 7706.18107  239  455 7962.00000 7651.88957  3.89%   168 24862s
 2946599 1571869 7751.07306  112  303 7962.00000 7651.88957  3.89%   168 24885s
 2949850 1574546 7686.41635  138  335 7962.00000 7652.00361  3.89%   168 24913s
 2953474 1576920 7734.61071  239  338 7962.00000 7652.04081  3.89%   168 24935s
 2956716 1579833 7753.55350  180  339 7962.00000 7652.22703  3.89%   168 24958s
 2960244 1582138 7756.30884  123  243 7962.00000 7652.28957  3.89%   168 24981s
 2963369 1583368 7723.27287   89  132 7962.00000 7652.28957  3.89%   168 25000s
 2966456 1584614 7691.96967  108  152 7962.00000 7652.52970  3.89%   168 25020s
 2970100 1585944 7697.08688  128  190 7962.00000 7652.74187  3.88%   168 25039s
 2973753 1587141 infeasible  202      7962.00000 7652.90465  3.88%   168 25057s
 2976896 1588458     cutoff   89      7962.00000 7653.17932  3.88%   168 25076s
 2980302 1590139 7693.00065   78   93 7962.00000 7653.35018  3.88%   168 25097s
 2983736 1591617 7687.54583  148  147 7962.00000 7653.44436  3.88%   168 25116s
 2987323 1593023 infeasible   92      7962.00000 7653.70835  3.87%   169 25133s
 2990749 1594524 7693.19908  125  175 7962.00000 7653.86791  3.87%   169 25150s
 2994091 1595576 7673.92287  111  177 7962.00000 7653.99539  3.87%   169 25168s
 2996913 1597004     cutoff  109      7962.00000 7654.18143  3.87%   169 25186s
 3000358 1597961 7697.31790   98  183 7962.00000 7654.26121  3.87%   169 25203s
 3003383 1598334 7657.19510  142  174 7962.00000 7654.55588  3.86%   169 25222s
 3004540 1599324 7705.25725   71  181 7962.00000 7654.58384  3.86%   169 25242s
 3007249 1600991 infeasible   89      7962.00000 7654.60817  3.86%   169 25263s
 3011264 1602051 7665.52042   94  306 7962.00000 7654.94948  3.86%   169 25283s
 3014745 1604153 7688.13677  101  512 7962.00000 7655.23450  3.85%   169 25305s
 3017909 1606660 7719.76654  154  412 7962.00000 7655.24530  3.85%   169 25328s
 3021847 1608936 7702.18195   88  307 7962.00000 7655.39719  3.85%   169 25352s
 3025324 1611498 7706.20361  150  494 7962.00000 7655.39719  3.85%   169 25373s
 3028924 1613353 7712.72696  102  291 7962.00000 7655.57644  3.85%   169 25393s
 3032293 1615342 7689.73425  121  439 7962.00000 7655.72216  3.85%   169 25412s
 3035419 1617843 7717.39016   75  307 7962.00000 7655.81644  3.85%   169 25431s
 3038969 1619969 7723.95382  146  435 7962.00000 7655.89898  3.84%   168 25450s
 3042088 1622160 7709.18881  114  515 7962.00000 7655.99332  3.84%   168 25470s
 3045205 1623797 7703.92572  210  426 7962.00000 7656.05679  3.84%   168 25490s
 3047410 1626156 7687.62159  196  458 7962.00000 7656.09747  3.84%   168 25511s
 3050935 1628341 7712.75494   68  295 7962.00000 7656.18821  3.84%   168 25536s
 3054290 1630631 7711.87964   90  486 7962.00000 7656.28614  3.84%   168 25558s
 3057709 1632915 7684.23663  103  359 7962.00000 7656.28614  3.84%   168 25579s
 3061217 1634889 7689.84981  110  337 7962.00000 7656.40349  3.84%   168 25599s
 3064358 1637257 7717.96031  177  449 7962.00000 7656.53588  3.84%   168 25620s
 3067888 1638826 7686.58307   83  235 7962.00000 7656.54240  3.84%   168 25648s
 3071380 1640639 7669.76485  149  474 7962.00000 7656.62950  3.84%   168 25676s
 3074976 1642039 7684.81024  128  325 7962.00000 7656.70737  3.83%   168 25701s
 3078321 1643771 7686.57267  114  395 7962.00000 7656.81210  3.83%   168 25726s
 3081583 1645352 7684.11769  180  454 7962.00000 7656.85923  3.83%   168 25752s
 3084843 1646968 7675.99629   82  225 7962.00000 7656.97648  3.83%   168 25778s
 3088084 1648447 7672.34592   98  463 7962.00000 7657.05045  3.83%   168 25805s
 3091352 1649898 7685.62072   61  253 7962.00000 7657.14055  3.83%   168 25831s
 3094622 1651891 infeasible  136      7962.00000 7657.20844  3.83%   168 25863s
 3098511 1653208 7697.16709   85  405 7962.00000 7657.30233  3.83%   168 25888s
 3101508 1654632 7669.40282  152  524 7962.00000 7657.37108  3.83%   168 25914s
 3104781 1656080 infeasible  125      7962.00000 7657.44182  3.83%   168 25940s
 3108140 1657045 7695.85544   98  306 7962.00000 7657.54463  3.82%   168 25966s
 3110387 1658684     cutoff   93      7962.00000 7657.59293  3.82%   168 25993s
 3113914 1659979 7697.81555  144  313 7962.00000 7657.63925  3.82%   168 26020s
 3117565 1661491 7698.16290  123  459 7962.00000 7657.72038  3.82%   168 26045s
 3120849 1662928 7718.11251  172  403 7962.00000 7657.79213  3.82%   168 26069s
 3123168 1665452     cutoff  187      7962.00000 7657.79213  3.82%   168 26103s
 3127123 1668251 7751.00545  183  369 7962.00000 7657.93320  3.82%   168 26133s
 3130977 1670418 7685.40005   93  370 7962.00000 7658.04061  3.82%   168 26161s
 3134461 1673160     cutoff  121      7962.00000 7658.05143  3.82%   168 26189s
 3138387 1675520 infeasible  155      7962.00000 7658.20795  3.82%   168 26217s
 3141803 1677927 7734.91328  198  389 7962.00000 7658.27901  3.81%   168 26240s
 3145059 1680481 7716.96591  168  341 7962.00000 7658.32937  3.81%   168 26264s
 3148268 1682168 7751.53813  173  260 7962.00000 7658.32937  3.81%   168 26288s
 3150527 1685069 7731.96537  138  232 7962.00000 7658.41869  3.81%   168 26314s
 3154233 1687627 7739.99022  170  294 7962.00000 7658.57458  3.81%   168 26338s
 3157616 1690154 7722.84398  141  300 7962.00000 7658.61200  3.81%   168 26363s
 3161250 1692727 7757.69329  142  286 7962.00000 7658.70170  3.81%   168 26387s
 3164800 1695196 7749.85574  197  291 7962.00000 7658.73761  3.81%   168 26411s
 3167949 1697720 7758.80110  107  312 7962.00000 7658.83028  3.81%   168 26438s
 3170929 1698769 7680.93837   89  218 7962.00000 7658.84517  3.81%   168 26457s
 3174187 1700024 7717.73644   71  219 7962.00000 7659.01297  3.81%   168 26476s
 3177672 1701175 7722.45507   96   95 7962.00000 7659.13498  3.80%   168 26495s
 3181178 1702557 7719.94527   76  202 7962.00000 7659.35401  3.80%   168 26514s
 3184716 1703840 7726.80577   73  110 7962.00000 7659.56186  3.80%   168 26532s
 3187851 1705257 7687.53662   70  160 7962.00000 7659.69031  3.80%   168 26550s
 3191332 1706329 7729.26556  167  168 7962.00000 7659.89295  3.79%   168 26568s
 3194439 1707681 7722.03577  117  132 7962.00000 7660.03950  3.79%   168 26587s
 3197975 1709415 infeasible  108      7962.00000 7660.18271  3.79%   168 26608s
 3201758 1710322 7726.20320   69   90 7962.00000 7660.44114  3.79%   168 26624s
 3204652 1711536 infeasible   79      7962.00000 7660.56759  3.79%   168 26642s
 3208108 1712556 7685.72107  100  200 7962.00000 7660.76922  3.78%   169 26659s
 3211142 1713935     cutoff   78      7962.00000 7660.94357  3.78%   169 26676s
 3214368 1715139 7688.17530   79  223 7962.00000 7661.05577  3.78%   169 26693s
 3217619 1715966 7687.18940   84  207 7962.00000 7661.20880  3.78%   169 26711s
 3220493 1717409 7727.52990  114  200 7962.00000 7661.32926  3.78%   169 26729s
 3224049 1719213 7715.74927   86  404 7962.00000 7661.57064  3.77%   169 26750s
 3226959 1721612 7703.57630   83  206 7962.00000 7661.66180  3.77%   169 26773s
 3230710 1723660 7688.23541   97  414 7962.00000 7661.70141  3.77%   169 26795s
 3234129 1726142 7683.24847  147  346 7962.00000 7661.87213  3.77%   169 26816s
 3237825 1728528 7690.08737  106  461 7962.00000 7662.00718  3.77%   169 26840s
 3241535 1730373 7692.55876  121  321 7962.00000 7662.10739  3.77%   168 26860s
 3244426 1732971 7714.55660  100  321 7962.00000 7662.15141  3.77%   168 26880s
 3248090 1735315 7706.05857  172  279 7962.00000 7662.20957  3.77%   168 26900s
 3251580 1737294 7727.29388  112  320 7962.00000 7662.32510  3.76%   168 26919s
 3254582 1739840 7726.43733   64  252 7962.00000 7662.43069  3.76%   168 26939s
 3257933 1741754 7685.59625  111  362 7962.00000 7662.47795  3.76%   168 26958s
 3260709 1743675 7725.54410  102  176 7962.00000 7662.57075  3.76%   168 26977s
 3263694 1744819 7693.17021  144  297 7962.00000 7662.65397  3.76%   168 26999s
 3265788 1746887 7675.72068   62  287 7962.00000 7662.69371  3.76%   168 27022s
 3269312 1748867 7715.48095  127  476 7962.00000 7662.69371  3.76%   168 27044s
 3272511 1751202     cutoff   96      7962.00000 7662.84065  3.76%   168 27066s
 3276128 1752947 7700.33097   75  149 7962.00000 7662.95729  3.76%   168 27094s
 3279878 1754676 7704.38366  119  289 7962.00000 7663.07461  3.75%   168 27127s
 3283626 1756054 7688.39266  103  499 7962.00000 7663.16411  3.75%   168 27152s
 3287088 1757537 7695.49504  134  431 7962.00000 7663.17643  3.75%   168 27176s
 3290286 1758689 7667.77176  145  542 7962.00000 7663.28205  3.75%   168 27201s
 3293582 1759999 7665.12954  128  575 7962.00000 7663.37449  3.75%   168 27226s
 3296750 1761492 7698.11021   75  405 7962.00000 7663.40323  3.75%   168 27251s
 3300023 1762707 7684.02896  103  205 7962.00000 7663.49824  3.75%   168 27276s
 3303273 1764045 7667.62622   75  403 7962.00000 7663.60543  3.75%   168 27301s
 3306679 1765526 7682.08661   74  429 7962.00000 7663.66864  3.75%   168 27327s
 3309995 1766395 7685.59406  146  484 7962.00000 7663.74515  3.75%   168 27359s
 3311866 1769398 7702.79954  188  428 7962.00000 7663.77929  3.75%   168 27408s
 3318471 1771115 7691.71461  135  479 7962.00000 7663.91470  3.74%   168 27438s
 3322318 1772608 7700.27989  141  409 7962.00000 7664.02251  3.74%   168 27466s
 3325562 1773986 7704.12883  145  477 7962.00000 7664.09167  3.74%   168 27494s
 3329019 1776515 7717.23987  183  401 7962.00000 7664.16673  3.74%   168 27518s
 3332294 1779272 7760.31479  291  315 7962.00000 7664.28851  3.74%   168 27544s
 3335982 1781697 7730.85171  121  361 7962.00000 7664.35487  3.74%   168 27566s
 3339291 1784724     cutoff  192      7962.00000 7664.45033  3.74%   168 27590s
 3342938 1787498 7739.08798  113  315 7962.00000 7664.45033  3.74%   168 27611s
 3346407 1789744 7724.09674   54  473 7962.00000 7664.47239  3.74%   168 27634s
 3349592 1791587 7736.54074   97  282 7962.00000 7664.56101  3.74%   168 27657s
 3352471 1792006 7773.12540  156  422 7962.00000 7664.63883  3.73%   168 27691s
 3353159 1792585 7752.73923  177  401 7962.00000 7664.64621  3.73%   168 27715s
 3353932 1793043 7747.81804  124  341 7962.00000 7664.64850  3.73%   168 27742s
 3354686 1793868 7705.08283  123  387 7962.00000 7664.65587  3.73%   168 27771s
 3355666 1794460 7750.45993  263  418 7962.00000 7664.68756  3.73%   168 27798s
 3356450 1802139 7713.39966  153  241 7962.00000 7664.70247  3.73%   168 27894s
 3369390 1803442     cutoff  281      7962.00000 7664.81551  3.73%   168 27922s
 3371261 1807054 7720.91003  110  325 7962.00000 7664.85634  3.73%   168 27953s
 3375947 1809861 7769.70086   83  303 7962.00000 7664.96098  3.73%   168 27979s
 3377359 1809861 7716.92649  135  347 7962.00000 7664.96098  3.73%   168 27980s
 3379590 1810791     cutoff  164      7962.00000 7665.11321  3.73%   168 27998s
 3382586 1812096 7718.80560   83  170 7962.00000 7665.17131  3.73%   168 28019s
 3386328 1813085 infeasible   82      7962.00000 7665.41420  3.73%   168 28036s
 3388947 1814511     cutoff   69      7962.00000 7665.49556  3.72%   168 28054s
 3392760 1815709 7728.60652   70  248 7962.00000 7665.72500  3.72%   168 28071s
 3396268 1816544 7730.99477  127  167 7962.00000 7665.89204  3.72%   168 28088s
 3399235 1817796 7713.49942  121  167 7962.00000 7666.00899  3.72%   168 28106s
 3402561 1818808     cutoff   90      7962.00000 7666.17060  3.72%   168 28124s
 3405489 1820186     cutoff  167      7962.00000 7666.34518  3.71%   168 28142s
 3409005 1821270 7716.35596   98  222 7962.00000 7666.47151  3.71%   168 28160s
 3412150 1822392     cutoff  118      7962.00000 7666.55654  3.71%   168 28180s
 3415530 1823582 7719.21690   83  275 7962.00000 7666.71790  3.71%   168 28199s
 3418975 1824621 7733.26977  131  151 7962.00000 7666.93974  3.71%   168 28217s
 3422201 1825870 7675.52542   96  235 7962.00000 7667.05278  3.70%   168 28236s
 3425784 1826804 7706.75771  125  301 7962.00000 7667.20581  3.70%   168 28254s
 3428974 1828016 7725.83192  162  250 7962.00000 7667.33792  3.70%   168 28272s
 3432319 1829644 7718.71425  191  446 7962.00000 7667.50503  3.70%   168 28294s
 3435296 1832168 7726.31345   85  328 7962.00000 7667.59029  3.70%   168 28317s
 3439070 1834129 7695.99001   92  332 7962.00000 7667.65796  3.70%   168 28339s
 3442018 1835702 7716.22027   85  170 7962.00000 7667.73039  3.70%   168 28362s
 3444868 1837355 7730.53890  154  325 7962.00000 7667.83102  3.69%   168 28385s
 3448196 1839543 7728.84438  117  222 7962.00000 7667.94652  3.69%   168 28408s
 3451742 1841324 7714.19105  160  366 7962.00000 7668.03151  3.69%   168 28430s
 3455273 1842987 7709.69910   80  504 7962.00000 7668.04489  3.69%   168 28454s
 3458393 1845103 7673.46945   87  421 7962.00000 7668.04489  3.69%   168 28475s
 3461854 1846873 7712.53340  183  300 7962.00000 7668.30059  3.69%   168 28497s
 3465040 1849113 7725.80989  253  301 7962.00000 7668.37835  3.69%   168 28518s
 3468472 1851411 7700.11920   88  380 7962.00000 7668.40109  3.69%   168 28539s
 3472049 1853281 7732.55746   84  275 7962.00000 7668.57788  3.69%   168 28564s
 3475106 1855563 7704.31950  144  476 7962.00000 7668.65440  3.68%   168 28586s
 3478655 1857722 7694.78967  110  251 7962.00000 7668.67531  3.68%   168 28608s
 3481903 1859730 7682.64537   68  367 7962.00000 7668.78813  3.68%   168 28629s
 3485326 1861155 7704.06902  105  383 7962.00000 7668.87763  3.68%   168 28657s
 3488795 1862767 7684.54078   63  337 7962.00000 7668.95173  3.68%   168 28683s
 3492367 1864312 7695.12714  182  568 7962.00000 7669.02973  3.68%   168 28710s
 3495764 1866062 7705.18448  100  366 7962.00000 7669.07707  3.68%   168 28741s
 3499697 1867330     cutoff   95      7962.00000 7669.17670  3.68%   168 28765s
 3502969 1868742 7689.69371  147  619 7962.00000 7669.21989  3.68%   168 28789s
 3506133 1869881 7693.98942  154  482 7962.00000 7669.27078  3.68%   168 28814s
 3509177 1870687 7700.50849   82  378 7962.00000 7669.34468  3.68%   168 28839s
 3511166 1871806 7693.21443  145  538 7962.00000 7669.37975  3.68%   168 28867s
 3514494 1873215 7701.51045  142  416 7962.00000 7669.42265  3.67%   168 28894s
 3518019 1874656 7711.35905   98  329 7962.00000 7669.53627  3.67%   168 28920s
 3521335 1875972 7710.77720  166  491 7962.00000 7669.58247  3.67%   168 28946s
 3524784 1877757 7705.03178   77  217 7962.00000 7669.67212  3.67%   168 28978s
 3528613 1878841     cutoff  124      7962.00000 7669.74907  3.67%   168 29002s
 3531667 1879967 7710.32236  163  356 7962.00000 7669.83274  3.67%   168 29027s
 3534907 1881306 7709.97662  105  292 7962.00000 7669.85687  3.67%   168 29053s
 3538118 1883138 7705.10179  138  414 7962.00000 7669.93410  3.67%   168 29077s
 3540763 1885578 7728.65445  186  387 7962.00000 7670.05077  3.67%   168 29107s
 3544518 1888081 7775.21968  297  258 7962.00000 7670.05078  3.67%   168 29135s
 3548065 1890182 7768.36176  279  327 7962.00000 7670.13187  3.67%   168 29158s
 3551210 1892271 7682.17867   75  408 7962.00000 7670.25650  3.66%   168 29181s
 3554357 1894524 7767.73723  141  291 7962.00000 7670.33803  3.66%   168 29205s
 3557800 1896424     cutoff   86      7962.00000 7670.41356  3.66%   168 29229s
 3560780 1898381 7742.78637  284  380 7962.00000 7670.46245  3.66%   168 29252s
 3563870 1899847 7725.36461  145  319 7962.00000 7670.50881  3.66%   168 29277s
 3566961 1902511     cutoff  136      7962.00000 7670.58746  3.66%   168 29301s
 3570597 1905378 7774.98533  174  307 7962.00000 7670.66034  3.66%   168 29325s
 3574092 1908093 7739.65736  184  279 7962.00000 7670.67642  3.66%   168 29353s
 3577543 1909243 7713.17444  104  333 7962.00000 7670.81876  3.66%   168 29377s
 3579034 1912210 7752.03677  143  299 7962.00000 7670.84947  3.66%   168 29407s
 3583152 1912653 7729.36670  214  290 7962.00000 7670.90546  3.66%   168 29435s
 3583687 1915325 7749.01698  248  318 7962.00000 7670.90546  3.66%   168 29463s
 3587794 1917441 7752.79908  138  355 7962.00000 7670.98300  3.66%   168 29490s
 3591569 1918649 infeasible   61      7962.00000 7670.99919  3.65%   168 29508s
 3594882 1919734 7698.34250   90  139 7962.00000 7671.15456  3.65%   168 29527s
 3598329 1920918 infeasible  129      7962.00000 7671.30564  3.65%   168 29546s
 3601812 1922382 7699.68566  114  202 7962.00000 7671.40514  3.65%   168 29566s
 3605501 1923558     cutoff   82      7962.00000 7671.53494  3.65%   168 29582s
 3608535 1924792 infeasible  139      7962.00000 7671.68400  3.65%   168 29600s
 3611894 1925506 7723.21750   86  131 7962.00000 7671.79764  3.64%   168 29619s
 3614892 1926409 7724.89642  108  134 7962.00000 7671.91113  3.64%   168 29636s
 3617896 1927642 7687.37075   78  107 7962.00000 7672.06005  3.64%   168 29655s
 3621579 1928574 7728.85007  182  120 7962.00000 7672.22015  3.64%   168 29673s
 3624607 1929743 7723.06547   67  201 7962.00000 7672.34907  3.64%   168 29691s
 3627800 1930761 7718.91250  141  149 7962.00000 7672.54902  3.64%   168 29708s
 3631140 1931648 7737.79417   59  200 7962.00000 7672.70716  3.63%   168 29729s
 3632915 1931648 7715.58504  120  213 7962.00000 7672.75714  3.63%   168 29730s
 3633680 1933091 infeasible  131      7962.00000 7672.79516  3.63%   168 29754s
 3638205 1934607 7701.38065  116  267 7962.00000 7672.96659  3.63%   168 29774s
 3642201 1935714 7737.90149  200  266 7962.00000 7673.17761  3.63%   168 29799s
 3644503 1937881 7733.58407   69  221 7962.00000 7673.20672  3.63%   168 29828s
 3648932 1940413     cutoff  138      7962.00000 7673.26053  3.63%   168 29852s
 3653008 1942373 7722.32860   61  352 7962.00000 7673.37956  3.62%   168 29874s
 3656508 1943743     cutoff  129      7962.00000 7673.51450  3.62%   168 29896s
 3659721 1945794 7718.19846  143  442 7962.00000 7673.58169  3.62%   168 29918s
 3663281 1946933 7724.60224  149  341 7962.00000 7673.68759  3.62%   168 29941s
 3665302 1948827 7713.78841  160  443 7962.00000 7673.72594  3.62%   168 29965s
 3669213 1951036 7726.78227  134  381 7962.00000 7673.82239  3.62%   168 29986s
 3672978 1952951 7721.02478  124  231 7962.00000 7673.90925  3.62%   168 30011s
 3676343 1955171 7690.08234   63  331 7962.00000 7673.98896  3.62%   168 30032s
 3679925 1957098 7722.73052   78  385 7962.00000 7674.07415  3.62%   168 30052s
 3682907 1959197 7727.06386  135  285 7962.00000 7674.15501  3.62%   168 30073s
 3686239 1960961 7727.88898  111  383 7962.00000 7674.24032  3.61%   168 30094s
 3689287 1962549 7730.03289  139  264 7962.00000 7674.34827  3.61%   168 30117s
 3692468 1963801     cutoff  106      7962.00000 7674.37500  3.61%   168 30146s
 3695881 1965201 7713.25419  144  582 7962.00000 7674.41722  3.61%   168 30174s
 3699528 1966660 7705.98062  102  441 7962.00000 7674.56383  3.61%   168 30200s
 3702939 1967826     cutoff  157      7962.00000 7674.62987  3.61%   168 30228s
 3705943 1969053 7712.32648  114  400 7962.00000 7674.68539  3.61%   168 30255s
 3709317 1970559 7692.16096  127  393 7962.00000 7674.74911  3.61%   168 30286s
 3713110 1971806 7692.00315  117  421 7962.00000 7674.84318  3.61%   168 30311s
 3716302 1972935 7706.50102  141  454 7962.00000 7674.90121  3.61%   168 30337s
 3719505 1974562 7682.87389  126  433 7962.00000 7674.95794  3.61%   168 30362s
 3722915 1975934 7692.24781   83  267 7962.00000 7675.03738  3.60%   168 30387s
 3726151 1976590 7678.24415  141  510 7962.00000 7675.09412  3.60%   168 30412s
 3727755 1978112 7700.29627  168  432 7962.00000 7675.12694  3.60%   168 30440s
 3731448 1979409 7716.16082  163  440 7962.00000 7675.19561  3.60%   168 30467s
 3734786 1980682 7692.59732   49  279 7962.00000 7675.26795  3.60%   168 30496s
 3738005 1982172 7715.14993  106  223 7962.00000 7675.33375  3.60%   168 30523s
 3741410 1983579 7714.57513  121  432 7962.00000 7675.41063  3.60%   168 30554s
 3744373 1983579 7705.47798   88  245 7962.00000 7675.42973  3.60%   168 30555s
 3745019 1984906 infeasible  180      7962.00000 7675.48251  3.60%   168 30579s
 3747916 1987076 7763.97695  138  230 7962.00000 7675.63798  3.60%   168 30607s
 3751487 1989762     cutoff  179      7962.00000 7675.70815  3.60%   168 30634s
 3755001 1992601 7720.70885  150  384 7962.00000 7675.74527  3.60%   168 30660s
 3758670 1994738 7775.13225  103  195 7962.00000 7675.80434  3.59%   168 30688s
 3762240 1996628 7770.47251  157  249 7962.00000 7675.89549  3.59%   168 30711s
 3765273 1998531 7679.75822  101  518 7962.00000 7675.96826  3.59%   168 30735s
 3768524 2000115 infeasible  167      7962.00000 7676.06811  3.59%   168 30759s
 3771462 2002320 7778.41890  153  178 7962.00000 7676.08198  3.59%   168 30784s
 3774808 2004550 7745.15045  178  330 7962.00000 7676.15138  3.59%   168 30808s
 3778104 2007113 7703.38706   66  389 7962.00000 7676.20384  3.59%   168 30833s
 3781664 2009462 7745.25070  124  359 7962.00000 7676.31321  3.59%   168 30857s
 3784757 2012448 7726.34865  248  309 7962.00000 7676.35695  3.59%   168 30882s
 3788371 2015227 7744.11401   97  307 7962.00000 7676.41508  3.59%   168 30909s
 3791850 2017584 7750.05395  108  378 7962.00000 7676.46494  3.59%   168 30932s
 3795199 2018714     cutoff  199      7962.00000 7676.52144  3.59%   168 30951s
 3798480 2019893 7731.81728   68  212 7962.00000 7676.65324  3.58%   168 30969s
 3801745 2021266     cutoff   98      7962.00000 7676.73222  3.58%   168 30988s
 3805670 2022287 7721.18633   63  145 7962.00000 7676.90034  3.58%   168 31006s
 3808844 2023270 7717.01319  128  168 7962.00000 7677.06554  3.58%   168 31024s
 3811946 2024454 7741.38562   77  201 7962.00000 7677.22341  3.58%   168 31042s
 3815418 2025492     cutoff  135      7962.00000 7677.32662  3.58%   168 31063s
 3818947 2026503 7710.41991  114  237 7962.00000 7677.45104  3.57%   168 31080s
 3822215 2027364 7722.43158  122  305 7962.00000 7677.61341  3.57%   168 31098s
 3825239 2028606 7733.65713  138  182 7962.00000 7677.70125  3.57%   168 31116s
 3828710 2029814 7722.32919  102  109 7962.00000 7677.89112  3.57%   168 31134s
 3832097 2031148     cutoff  123      7962.00000 7678.00900  3.57%   168 31151s
 3835377 2032485 7717.18089   70  273 7962.00000 7678.17752  3.56%   168 31170s
 3838961 2033396     cutoff  114      7962.00000 7678.29656  3.56%   169 31187s
 3841941 2034364 7727.60855  110  142 7962.00000 7678.42906  3.56%   169 31206s
 3845157 2035254     cutoff   92      7962.00000 7678.56968  3.56%   169 31227s
 3848469 2036828 7732.33063   80  257 7962.00000 7678.70696  3.56%   169 31249s
 3851500 2038765 7741.32285  196  318 7962.00000 7678.78949  3.56%   169 31272s
 3854743 2040497 7721.57223  101  164 7962.00000 7678.91861  3.56%   169 31295s
 3858464 2042134     cutoff  116      7962.00000 7678.95140  3.55%   169 31319s
 3861529 2044451 7724.55545  155  380 7962.00000 7679.05191  3.55%   168 31342s
 3865188 2046521 7718.62439  105  273 7962.00000 7679.05891  3.55%   168 31364s
 3868830 2048630 7716.70296  135  418 7962.00000 7679.12520  3.55%   168 31385s
 3872075 2050970 7732.45223  114  393 7962.00000 7679.27874  3.55%   168 31406s
 3875656 2052558 7711.12553   65  391 7962.00000 7679.42097  3.55%   168 31427s
 3878634 2054255 7705.41982  148  357 7962.00000 7679.45593  3.55%   168 31448s
 3881836 2056565 7725.27129  207  328 7962.00000 7679.53420  3.55%   168 31470s
 3885299 2058552 7740.89739  147  249 7962.00000 7679.54848  3.55%   168 31490s
 3888478 2059505 7719.35101  139  271 7962.00000 7679.69808  3.55%   168 31515s
 3890199 2063230 7728.18850  200  260 7962.00000 7679.74559  3.55%   168 31554s
 3896280 2065978 7727.51541   75  216 7962.00000 7679.85582  3.54%   168 31579s
 3900523 2067327 7719.93912  125  346 7962.00000 7679.89372  3.54%   168 31607s
 3903787 2068742 7706.79119  166  324 7962.00000 7679.95825  3.54%   168 31636s
 3907307 2070160 7710.15663   89  204 7962.00000 7680.03807  3.54%   168 31664s
 3910915 2071535 7718.74121  126  242 7962.00000 7680.07916  3.54%   168 31690s
 3914257 2072780 7711.60941   70  338 7962.00000 7680.18081  3.54%   168 31717s
 3917577 2074361     cutoff  148      7962.00000 7680.23485  3.54%   168 31743s
 3920993 2075079 7712.68767  127  225 7962.00000 7680.30548  3.54%   168 31769s
 3922596 2076561 7708.73356  166  433 7962.00000 7680.31407  3.54%   168 31797s
 3926266 2078045 7704.03191  177  525 7962.00000 7680.41182  3.54%   168 31829s
 3930106 2079083 7704.83126  141  293 7962.00000 7680.49664  3.54%   168 31854s
 3932581 2080506 7706.56158  111  289 7962.00000 7680.54693  3.53%   168 31881s
 3936120 2081965 7720.62485  152  371 7962.00000 7680.59961  3.53%   168 31906s
 3939592 2083256     cutoff   91      7962.00000 7680.65773  3.53%   168 31933s
 3942737 2084411     cutoff  146      7962.00000 7680.71932  3.53%   168 31959s
 3946132 2086017 7716.44818  133  348 7962.00000 7680.79546  3.53%   168 31985s
 3949459 2087352 7704.74015  169  483 7962.00000 7680.83003  3.53%   168 32011s
 3953089 2089688 7746.81990  132  309 7962.00000 7680.90480  3.53%   168 32035s
 3956150 2092693 7780.31473   99  156 7962.00000 7680.97562  3.53%   168 32061s
 3959904 2095756 7730.10281   61  258 7962.00000 7681.05097  3.53%   168 32086s
 3963590 2098179 7785.28892  130  351 7962.00000 7681.07417  3.53%   168 32110s
 3966733 2100260 7715.51353  105  317 7962.00000 7681.09672  3.53%   168 32134s
 3969844 2102455 7720.80601  137  394 7962.00000 7681.23544  3.53%   168 32158s
 3973208 2104823 7759.02743  238  271 7962.00000 7681.25648  3.53%   168 32182s
 3976549 2107703 7744.93685  149  320 7962.00000 7681.25648  3.53%   168 32211s
 3980206 2109878 7770.06975   92  155 7962.00000 7681.41542  3.52%   168 32233s
 3983344 2111987 7756.51202  140  287 7962.00000 7681.44447  3.52%   168 32256s
 3986703 2114004     cutoff  102      7962.00000 7681.51482  3.52%   168 32280s
 3989914 2116148 7773.47346  149  281 7962.00000 7681.56181  3.52%   168 32303s
 3992795 2118535 7707.09112  137  379 7962.00000 7681.56181  3.52%   168 32327s
 3996020 2120798 7774.80202  130   71 7962.00000 7681.65512  3.52%   168 32350s
 3999045 2121807 7750.96516  169  306 7962.00000 7681.69835  3.52%   168 32375s
 4000919 2124313 7755.08431  202  504 7962.00000 7681.69835  3.52%   168 32401s
 4004255 2125200 7693.65871  106  456 7962.00000 7681.83650  3.52%   168 32419s
 4007280 2126380 7734.41110  118  131 7962.00000 7681.92081  3.52%   168 32439s
 4010955 2127885     cutoff   91      7962.00000 7682.15398  3.51%   168 32460s
 4014813 2128498 7715.83714   89  167 7962.00000 7682.30084  3.51%   168 32478s
 4016613 2129674     cutoff   88      7962.00000 7682.33719  3.51%   168 32497s
 4020292 2130888 7719.40735   82  276 7962.00000 7682.48138  3.51%   168 32517s
 4024227 2132036 7695.15640   68  223 7962.00000 7682.68119  3.51%   168 32537s
 4027431 2133332 7708.96909   94  189 7962.00000 7682.77761  3.51%   168 32556s
 4030832 2134717 7704.34643   73  160 7962.00000 7682.91069  3.51%   168 32577s
 4034405 2135958 7716.99025  152  274 7962.00000 7683.03320  3.50%   168 32594s
 4037664 2136978 7702.42873   87  201 7962.00000 7683.16819  3.50%   168 32612s
 4040813 2138001 7724.34212  136  242 7962.00000 7683.26068  3.50%   168 32630s
 4043751 2139220 7699.77615  100  438 7962.00000 7683.36620  3.50%   168 32649s
 4047277 2140697 7729.51230  168  250 7962.00000 7683.52859  3.50%   168 32666s
 4050789 2141769 7722.43890  120  243 7962.00000 7683.65339  3.50%   168 32684s
 4053774 2143055 7727.79830   74  205 7962.00000 7683.77054  3.49%   168 32702s
 4057045 2145174 7691.30135   70  304 7962.00000 7683.91036  3.49%   168 32723s
 4060520 2147297 7706.18040  152  454 7962.00000 7683.97010  3.49%   168 32743s
 4063817 2148769 7718.28381  218  388 7962.00000 7684.08872  3.49%   168 32765s
 4066225 2149400 7735.16532  280  281 7962.00000 7684.13060  3.49%   168 32786s
 4067721 2150362 7735.80819  281  389 7962.00000 7684.15113  3.49%   168 32809s
 4069270 2151458 7735.96262  282  294 7962.00000 7684.17323  3.49%   168 32835s
 4071117 2152643 7736.35605  283  276 7962.00000 7684.20043  3.49%   168 32865s
 4073880 2153235 7720.76155  169  293 7962.00000 7684.21105  3.49%   168 32890s
 4074940 2159149 7728.48558  196  430 7962.00000 7684.28801  3.49%   168 32951s
 4084586 2161304 7715.72247   71  285 7962.00000 7684.53611  3.48%   168 32976s
 4088833 2163877 7723.33931  194  376 7962.00000 7684.60644  3.48%   168 32998s
 4093115 2165932 7726.06504  173  321 7962.00000 7684.72881  3.48%   168 33020s
 4096698 2166206     cutoff  146      7962.00000 7684.78970  3.48%   168 33043s
 4097123 2168359     cutoff  149      7962.00000 7684.78970  3.48%   168 33065s
 4100607 2170631     cutoff   76      7962.00000 7684.87994  3.48%   168 33088s
 4104645 2172688     cutoff   65      7962.00000 7685.00743  3.48%   168 33112s
 4108218 2174067     cutoff  150      7962.00000 7685.06346  3.48%   168 33140s
 4111835 2175777     cutoff  118      7962.00000 7685.11137  3.48%   168 33171s
 4115622 2176823 7699.55025   97  487 7962.00000 7685.17981  3.48%   168 33197s
 4118652 2177802 7698.64727  104  651 7962.00000 7685.24460  3.48%   168 33223s
 4120925 2179249 7719.48630   81  329 7962.00000 7685.28753  3.48%   168 33251s
 4124594 2180679 7709.43176  100  363 7962.00000 7685.33914  3.47%   168 33279s
 4128103 2182009     cutoff  144      7962.00000 7685.42004  3.47%   168 33305s
 4131638 2183319     cutoff  186      7962.00000 7685.48554  3.47%   168 33331s
 4135020 2184717 7709.20823  138  232 7962.00000 7685.53777  3.47%   168 33357s
 4138439 2185788 7691.09393   76  285 7962.00000 7685.62773  3.47%   168 33384s
 4141736 2187326 7710.00084  103  311 7962.00000 7685.67432  3.47%   168 33414s
 4142521 2187326 7718.85190  102  294 7962.00000 7685.67432  3.47%   168 33415s
 4145503 2188333 7720.62155  182  402 7962.00000 7685.73275  3.47%   168 33439s
 4148700 2189452 7708.79537  114  338 7962.00000 7685.77051  3.47%   168 33464s
 4151213 2189452 7714.57628  127  300 7962.00000 7685.80869  3.47%   168 33465s
 4151825 2190541 7719.79330  118  259 7962.00000 7685.84799  3.47%   168 33489s
 4153702 2190541 7706.80282  140  531 7962.00000 7685.85446  3.47%   168 33490s
 4155184 2191569     cutoff  163      7962.00000 7685.90813  3.47%   168 33515s
 4158393 2193221 7766.89582  157  372 7962.00000 7685.97874  3.47%   168 33539s
 4161052 2195411 7787.07246  105  223 7962.00000 7686.03636  3.47%   168 33566s
 4164134 2198186 7731.03936   91  326 7962.00000 7686.07560  3.47%   168 33592s
 4167734 2200571 7786.07594  248  278 7962.00000 7686.13227  3.46%   168 33617s
 4170897 2203161 7787.28839   92  221 7962.00000 7686.18909  3.46%   168 33643s
 4174542 2205553 7770.25367  188  432 7962.00000 7686.21718  3.46%   168 33667s
 4178004 2207929 7754.89582  128  360 7962.00000 7686.22736  3.46%   168 33692s
 4181282 2210161 7774.40887  198  305 7962.00000 7686.38989  3.46%   168 33721s
 4184339 2212787 7716.32642  123  308 7962.00000 7686.44363  3.46%   168 33747s
 4187692 2215489 7751.52047  135  408 7962.00000 7686.47683  3.46%   168 33772s
 4191158 2218155 7756.04005  178  406 7962.00000 7686.52539  3.46%   168 33800s
 4194539 2220646 7767.24705  193  314 7962.00000 7686.58963  3.46%   168 33824s
 4197804 2223281 7738.82308  157  403 7962.00000 7686.65685  3.46%   168 33849s
 4201248 2225577 7757.37029  176  329 7962.00000 7686.67540  3.46%   168 33873s
 4204400 2228203 7722.50561   96  392 7962.00000 7686.74811  3.46%   168 33897s
 4207852 2230937 7774.53384  210  355 7962.00000 7686.76653  3.46%   168 33922s
 4211265 2231942 7722.50351   58  245 7962.00000 7686.84447  3.46%   168 33941s
 4214463 2232346     cutoff  107      7962.00000 7686.94723  3.45%   168 33961s
 4215663 2235115 7746.27360   91   69 7962.00000 7686.99652  3.45%   168 34008s
 4225013 2236410 7708.41725   84  226 7962.00000 7687.28831  3.45%   168 34029s
 4229119 2237502 7717.19325  124  189 7962.00000 7687.47596  3.45%   168 34048s
 4232828 2238728 7729.82916   94  173 7962.00000 7687.67111  3.45%   168 34066s
 4236277 2239865     cutoff   77      7962.00000 7687.78789  3.44%   168 34085s
 4239839 2241122 7722.92985  110  226 7962.00000 7687.88281  3.44%   168 34102s
 4243148 2242292 7748.52360  134  129 7962.00000 7687.99412  3.44%   168 34120s
 4246538 2243556     cutoff  136      7962.00000 7688.14972  3.44%   168 34141s
 4250050 2243580 7729.77360   70  110 7962.00000 7688.25955  3.44%   168 34159s
 4250114 2244540 7714.33676  141  270 7962.00000 7688.27268  3.44%   168 34177s
 4252692 2245783 7692.27360   97  105 7962.00000 7688.29682  3.44%   168 34197s
 4256766 2246780 7694.46920   91  267 7962.00000 7688.50740  3.43%   168 34217s
 4260246 2247972     cutoff  120      7962.00000 7688.67065  3.43%   168 34235s
 4263755 2250256     cutoff  227      7962.00000 7688.76889  3.43%   168 34257s
 4267462 2251814 7746.98857  158  509 7962.00000 7688.83468  3.43%   168 34277s
 4270457 2253542 7720.65834   64  329 7962.00000 7688.86848  3.43%   168 34297s
 4273662 2255503     cutoff   79      7962.00000 7688.93098  3.43%   168 34318s
 4277125 2257615 7727.68150  218  412 7962.00000 7689.03703  3.43%   168 34338s
 4280543 2259583 infeasible  180      7962.00000 7689.09953  3.43%   168 34358s
 4284151 2261440 7703.61051  164  429 7962.00000 7689.11109  3.43%   168 34378s
 4287048 2263937 7723.11073  216  537 7962.00000 7689.16956  3.43%   168 34398s
 4290681 2266277 7707.77669  124  401 7962.00000 7689.27933  3.43%   168 34422s
 4294373 2267927 7721.45064  107  368 7962.00000 7689.36020  3.42%   168 34442s
 4297216 2269571 7744.54265   90  407 7962.00000 7689.37678  3.42%   168 34463s
 4300480 2271153 7741.61370  105  281 7962.00000 7689.45758  3.42%   168 34483s
 4303807 2273068 7715.60547  118  388 7962.00000 7689.49598  3.42%   168 34505s
 4307408 2274888     cutoff   71      7962.00000 7689.61045  3.42%   168 34524s
 4310562 2277054 7726.84347   82  390 7962.00000 7689.62438  3.42%   168 34544s
 4312028 2277054 7738.72105  110  240 7962.00000 7689.70090  3.42%   168 34545s
 4313954 2277877 7705.74566  120  545 7962.00000 7689.71962  3.42%   168 34573s
 4315903 2279793 7717.83114  146  511 7962.00000 7689.74439  3.42%   168 34618s
 4322079 2281194 7710.20718  148  464 7962.00000 7689.84033  3.42%   168 34648s
 4325668 2282519     cutoff   80      7962.00000 7689.91941  3.42%   168 34676s
 4329391 2283783 7714.04495   75  394 7962.00000 7689.99072  3.42%   168 34707s
 4333020 2285255 7696.64502  134  572 7962.00000 7690.05175  3.42%   168 34734s
 4336240 2286242 7713.28040  147  479 7962.00000 7690.11243  3.41%   168 34761s
 4339895 2287575 7705.13456  137  512 7962.00000 7690.17158  3.41%   168 34786s
 4343192 2288698 7704.07346  147  320 7962.00000 7690.22189  3.41%   168 34811s
 4346384 2289652     cutoff  134      7962.00000 7690.28730  3.41%   168 34835s
 4349403 2291108     cutoff  142      7962.00000 7690.33841  3.41%   168 34861s
 4352883 2292324 7701.75298  134  572 7962.00000 7690.38178  3.41%   168 34887s
 4356182 2293561 7718.72349  149  417 7962.00000 7690.44235  3.41%   168 34911s
 4359279 2294950 7714.39894  138  445 7962.00000 7690.49277  3.41%   168 34942s
 4363133 2295875 7710.92211  134  477 7962.00000 7690.56580  3.41%   168 34967s
 4366445 2297777 7731.01292  162  325 7962.00000 7690.61049  3.41%   168 34991s
 4369141 2300084 7765.43114  232  359 7962.00000 7690.62073  3.41%   168 35021s
 4372889 2302466 7750.76877  141  195 7962.00000 7690.62073  3.41%   168 35049s
 4376515 2305106 7756.21563  194  340 7962.00000 7690.74314  3.41%   168 35076s
 4380036 2306973 7736.07883  111  337 7962.00000 7690.74314  3.41%   168 35101s
 4383300 2308663 7778.09271  157  359 7962.00000 7690.84078  3.41%   168 35125s
 4386462 2310965 7697.62917  100  435 7962.00000 7690.90137  3.40%   168 35149s
 4389807 2313343 7736.57814  176  441 7962.00000 7690.94101  3.40%   168 35172s
 4392829 2315685 7774.50567  299  408 7962.00000 7690.99995  3.40%   168 35196s
 4396033 2318013 7703.07140  200  493 7962.00000 7691.02109  3.40%   168 35221s
 4399117 2320069 7736.58683  256  342 7962.00000 7691.10808  3.40%   168 35246s
 4402207 2320094 7782.23585  333  349 7962.00000 7691.12191  3.40%   168 35270s
 4402245 2320201 7782.88475  334  375 7962.00000 7691.14303  3.40%   168 35292s
 4402376 2321210 7782.95028  335  378 7962.00000 7691.14303  3.40%   168 35318s
 4404268 2323123 7774.48707   55  277 7962.00000 7691.17612  3.40%   168 35346s
 4407746 2324620     cutoff   99      7962.00000 7691.22907  3.40%   168 35374s
 4410824 2326328 7741.38432  113  363 7962.00000 7691.28058  3.40%   168 35400s
 4414171 2328443 7739.71275   61  219 7962.00000 7691.37312  3.40%   168 35427s
 4417752 2329151 7711.10136   91  217 7962.00000 7691.43883  3.40%   168 35446s
 4420940 2329706     cutoff  112      7962.00000 7691.53942  3.40%   168 35465s
 4422865 2331173     cutoff  107      7962.00000 7691.65054  3.40%   168 35488s
 4427164 2332958 7736.11014  111  167 7962.00000 7691.80515  3.39%   168 35509s
 4431277 2334313 7722.88159  176  202 7962.00000 7691.90235  3.39%   168 35529s
 4434990 2335625 7702.86283   80  249 7962.00000 7692.03578  3.39%   168 35546s
 4438504 2336618     cutoff  190      7962.00000 7692.15413  3.39%   168 35562s
 4441287 2337414 7734.44511   98   60 7962.00000 7692.22527  3.39%   168 35580s
 4444347 2338529     cutoff  119      7962.00000 7692.28278  3.39%   168 35597s
 4447816 2339464     cutoff  112      7962.00000 7692.42695  3.39%   168 35614s
 4451159 2340335 infeasible   89      7962.00000 7692.60687  3.38%   168 35630s
 4454321 2341587 7721.01795  118  233 7962.00000 7692.70568  3.38%   168 35648s
 4457793 2342531 7717.45691  130  381 7962.00000 7692.82558  3.38%   168 35666s
 4461235 2343807 7730.06276  133  110 7962.00000 7692.94511  3.38%   168 35686s
 4464780 2344787 7717.70268  106  243 7962.00000 7693.07355  3.38%   168 35703s
 4468178 2346508 7701.33643  125  419 7962.00000 7693.18794  3.38%   168 35724s
 4471504 2348397 7724.49309  169  511 7962.00000 7693.20849  3.38%   168 35746s
 4474710 2350014 7719.54937   90  428 7962.00000 7693.32901  3.37%   168 35771s
 4478024 2351875 7707.05541  248  419 7962.00000 7693.41366  3.37%   168 35791s
 4481298 2353965 7751.25317   78  440 7962.00000 7693.49424  3.37%   168 35812s
 4484610 2355755 7745.27060  144  181 7962.00000 7693.52652  3.37%   168 35833s
 4488023 2357673 7721.03979   77  373 7962.00000 7693.65556  3.37%   168 35854s
 4491412 2359877 7711.09410   67  301 7962.00000 7693.67712  3.37%   168 35874s
 4494988 2361734 7726.92352  106  378 7962.00000 7693.82397  3.37%   168 35895s
 4498019 2364061 7730.22462  122  371 7962.00000 7693.84047  3.37%   168 35915s
 4501556 2366263 7752.00024  197  128 7962.00000 7693.90674  3.37%   168 35935s
 4504990 2368333 7712.05766   59  406 7962.00000 7693.97462  3.37%   168 35959s
 4508489 2370465 7716.17183   75  404 7962.00000 7694.02417  3.37%   168 35980s
 4511801 2371974 7724.18553   92  339 7962.00000 7694.08055  3.36%   168 36000s
 4514981 2374141 7749.50530   75  249 7962.00000 7694.12640  3.36%   168 36020s
 4518588 2375402 7713.58087   88  213 7962.00000 7694.17324  3.36%   168 36048s
 4522113 2376484 7697.31570   83  465 7962.00000 7694.23484  3.36%   168 36075s
 4525398 2377677 7716.69188  135  311 7962.00000 7694.31661  3.36%   168 36101s
 4528848 2378873 7719.86047  140  349 7962.00000 7694.37541  3.36%   168 36127s
 4532260 2379992 7708.79898   84  260 7962.00000 7694.42927  3.36%   168 36152s
 4535698 2381060 7724.39341  113  269 7962.00000 7694.47766  3.36%   168 36177s
 4539046 2382347 7725.05464  145  288 7962.00000 7694.53412  3.36%   168 36202s
 4542064 2383645 7722.49498  139  362 7962.00000 7694.58700  3.36%   168 36233s
 4545544 2384895 7706.60676   71  242 7962.00000 7694.65415  3.36%   168 36259s
 4547515 2384895     cutoff  175      7962.00000 7694.65415  3.36%   168 36260s
 4548751 2385848 7709.23694  123  455 7962.00000 7694.69574  3.36%   168 36286s
 4552332 2387044 7708.01757  129  507 7962.00000 7694.76563  3.36%   168 36312s
 4555892 2388048     cutoff  137      7962.00000 7694.83469  3.36%   168 36338s
 4559186 2389464 7731.43928   77  325 7962.00000 7694.90471  3.35%   168 36362s
 4562595 2390510 7728.31890  203  290 7962.00000 7694.96988  3.35%   168 36387s
 4565919 2391498 7701.88047  110  402 7962.00000 7695.01566  3.35%   168 36413s
 4568610 2392537 7772.94149  126  408 7962.00000 7695.05532  3.35%   168 36440s
 4571170 2395085     cutoff  160      7962.00000 7695.10845  3.35%   168 36471s
 4575339 2398005 7789.02726  182  406 7962.00000 7695.17703  3.35%   168 36498s
 4579137 2400327 7723.60246  113  368 7962.00000 7695.21776  3.35%   168 36525s
 4582721 2403006     cutoff  112      7962.00000 7695.28197  3.35%   168 36551s
 4586303 2405403 7732.10849  107  392 7962.00000 7695.32893  3.35%   168 36577s
 4589480 2408025 7799.00502  243  374 7962.00000 7695.32893  3.35%   168 36605s
 4592762 2410507 7772.72279   66  291 7962.00000 7695.47547  3.35%   168 36630s
 4596022 2412872 7789.40907  235  324 7962.00000 7695.52867  3.35%   168 36655s
 4599400 2415247 7702.29670   67  464 7962.00000 7695.58283  3.35%   168 36680s
 4602833 2417305 infeasible   78      7962.00000 7695.58283  3.35%   168 36705s
 4605773 2419691 7731.87545  171  451 7962.00000 7695.60884  3.35%   168 36730s
 4609003 2421898 7786.44008  280  450 7962.00000 7695.60884  3.35%   168 36755s
 4612558 2423825 7725.62648  164  381 7962.00000 7695.77048  3.34%   168 36780s
 4615686 2424820 7722.23495  114  280 7962.00000 7695.77909  3.34%   168 36806s
 4616991 2427465 7723.47552  202  305 7962.00000 7695.86716  3.34%   168 36834s
 4620515 2428707 7721.25094   88  219 7962.00000 7695.87842  3.34%   168 36852s
 4623890 2430111 7705.06507   86  169 7962.00000 7696.01822  3.34%   168 36870s
 4627343 2431373 7708.98003   84  143 7962.00000 7696.11353  3.34%   168 36888s
 4631093 2432286 infeasible   54      7962.00000 7696.24206  3.34%   168 36906s
 4634265 2433562 infeasible   72      7962.00000 7696.31740  3.34%   168 36923s
 4637605 2434484 7715.62046   71  318 7962.00000 7696.40259  3.34%   168 36939s
 4640800 2435654 7726.20408  101  196 7962.00000 7696.54172  3.33%   168 36956s
 4644217 2436879 7753.40831  132  111 7962.00000 7696.63634  3.33%   168 36976s
 4647885 2437618 7726.69114  203  168 7962.00000 7696.77004  3.33%   168 36993s
 4650753 2438705 7707.29922   89  253 7962.00000 7696.85559  3.33%   168 37011s
 4654198 2439968 7745.75221  113  250 7962.00000 7696.97676  3.33%   168 37029s
 4657644 2441194 7701.63606   71  230 7962.00000 7696.97973  3.33%   168 37047s
 4660887 2442325     cutoff   99      7962.00000 7697.13539  3.33%   168 37064s
 4664088 2443479 7750.64976  126  235 7962.00000 7697.30225  3.32%   168 37082s
 4667451 2444831 7730.62725   83  194 7962.00000 7697.37149  3.32%   168 37100s
 4670963 2446651 7720.13867  143  479 7962.00000 7697.51501  3.32%   168 37122s
 4674022 2449094     cutoff  200      7962.00000 7697.60094  3.32%   168 37145s
 4678032 2451255 7734.15145   61  297 7962.00000 7697.65485  3.32%   168 37166s
 4681246 2453331 7708.91977   70  450 7962.00000 7697.71304  3.32%   168 37186s
 4684527 2455184 7750.87191   83  330 7962.00000 7697.78792  3.32%   168 37206s
 4687838 2457033 7738.37412  157  432 7962.00000 7697.85868  3.32%   168 37230s
 4691507 2458534 7727.26878  250  530 7962.00000 7697.89234  3.32%   168 37250s
 4694437 2459480 7730.60305  129  452 7962.00000 7697.93817  3.32%   168 37272s
 4696041 2461765 7733.38383   96  489 7962.00000 7698.00559  3.32%   168 37294s
 4699541 2464281 7746.65614  169  207 7962.00000 7698.04280  3.32%   168 37316s
 4703472 2466357 7714.64448   88  435 7962.00000 7698.08524  3.31%   168 37337s
 4706777 2468662 7733.47033   95  289 7962.00000 7698.14438  3.31%   168 37358s
 4710610 2470578 7738.05349  160  295 7962.00000 7698.20423  3.31%   168 37378s
 4713994 2472194 7709.13566   91  337 7962.00000 7698.31842  3.31%   168 37398s
 4717493 2473792 7712.73062  164  562 7962.00000 7698.37335  3.31%   168 37423s
 4720942 2475750 7745.19855  229  459 7962.00000 7698.38921  3.31%   168 37443s
 4724459 2476831 7728.87576  162  603 7962.00000 7698.38921  3.31%   168 37471s
 4727971 2478259 7729.70567  123  506 7962.00000 7698.45345  3.31%   168 37502s
 4731867 2478782 7726.08264  122  340 7962.00000 7698.50785  3.31%   168 37526s
 4733581 2479884 7725.33873  131  278 7962.00000 7698.51507  3.31%   168 37555s
 4736765 2480992 7730.99490  126  350 7962.00000 7698.58992  3.31%   168 37583s
 4740613 2482198     cutoff   61      7962.00000 7698.69299  3.31%   168 37611s
 4744238 2483520 7730.15552  126  312 7962.00000 7698.74263  3.31%   168 37637s
 4748168 2484591     cutoff   94      7962.00000 7698.76959  3.31%   168 37662s
 4751638 2485710 7718.06531  119  462 7962.00000 7698.85492  3.31%   168 37687s
 4754968 2486854 7734.84034  120  183 7962.00000 7698.91053  3.30%   168 37712s
 4758188 2487987 7731.22798  150  540 7962.00000 7698.95841  3.30%   168 37742s
 4761002 2489391 infeasible  132      7962.00000 7699.00776  3.30%   168 37774s
 4764443 2489391 7735.29914   83  328 7962.00000 7699.00809  3.30%   168 37775s
 4765103 2490671 7723.98732   94  317 7962.00000 7699.07242  3.30%   168 37803s
 4768909 2491661     cutoff  118      7962.00000 7699.12445  3.30%   168 37830s
 4772069 2492153 7713.02587  131  469 7962.00000 7699.15964  3.30%   168 37857s
 4773305 2492558 7711.19574  140  343 7962.00000 7699.18283  3.30%   168 37887s
 4774521 2493834 7765.39026  156  398 7962.00000 7699.18283  3.30%   168 37915s
 4777049 2496107 7797.43344  203  353 7962.00000 7699.22943  3.30%   168 37946s
 4780949 2499180 7712.64375  161  427 7962.00000 7699.27278  3.30%   168 37975s
 4784929 2502260 7755.84021  143  301 7962.00000 7699.27278  3.30%   168 38003s
 4788839 2504913 7765.20749  179  353 7962.00000 7699.33357  3.30%   168 38029s
 4792336 2507625 7779.98884  202  313 7962.00000 7699.45258  3.30%   168 38054s
 4795846 2509748 7745.11333   68  286 7962.00000 7699.51893  3.30%   168 38080s
 4799443 2512175 infeasible  163      7962.00000 7699.51893  3.30%   168 38105s
 4802807 2515023 7728.56818  119  462 7962.00000 7699.59909  3.30%   168 38129s
 4806488 2517468 7759.69220  203  288 7962.00000 7699.61147  3.30%   168 38158s
 4810045 2519932 7798.27968   61  208 7962.00000 7699.70172  3.29%   168 38182s
 4813173 2522214 7797.37623  148  270 7962.00000 7699.73321  3.29%   168 38206s
 4816346 2523985 infeasible  120      7962.00000 7699.76762  3.29%   168 38230s
 4819460 2526243 7777.65203  143  183 7962.00000 7699.80617  3.29%   168 38256s
 4822628 2528769 7777.86626  104  227 7962.00000 7699.86741  3.29%   168 38280s
 4825814 2529828 7737.40936  123  184 7962.00000 7699.88324  3.29%   168 38298s
 4829301 2531168     cutoff  112      7962.00000 7699.94812  3.29%   168 38318s
 4833044 2532136 7708.40246   87  215 7962.00000 7700.12548  3.29%   168 38335s
 4836362 2532308 7723.22777   48  169 7962.00000 7700.18164  3.29%   168 38353s
 4836928 2532970 7729.10387   49  265 7962.00000 7700.18164  3.29%   168 38371s
 4839380 2534089 7738.84632   77  142 7962.00000 7700.27214  3.29%   168 38390s
 4843148 2535338 7749.99724  170  132 7962.00000 7700.48223  3.28%   168 38409s
 4846824 2536409 7731.89856  110  261 7962.00000 7700.58348  3.28%   168 38427s
 4850441 2537592 7702.62179  118  250 7962.00000 7700.67049  3.28%   168 38445s
 4853969 2538704 7740.00382  123   89 7962.00000 7700.81149  3.28%   168 38462s
 4857395 2539973 7720.44031  166  276 7962.00000 7700.90769  3.28%   168 38480s
 4861032 2541117 7714.32898   82  229 7962.00000 7700.98810  3.28%   168 38500s
 4864694 2541946 7735.28643  103  156 7962.00000 7701.08316  3.28%   168 38516s
 4867943 2542815 7741.83715   97   91 7962.00000 7701.20980  3.28%   168 38533s
 4871198 2543895 7747.82961   75  162 7962.00000 7701.30491  3.27%   168 38550s
 4874509 2544967 7754.85066  136  257 7962.00000 7701.42926  3.27%   168 38567s
 4877848 2546588 7740.55330   64  358 7962.00000 7701.50081  3.27%   168 38588s
 4881065 2548556 7750.26693   87  308 7962.00000 7701.59695  3.27%   168 38610s
 4884570 2550747     cutoff   98      7962.00000 7701.65390  3.27%   168 38632s
 4888135 2552821 7744.44013  106  218 7962.00000 7701.78272  3.27%   168 38652s
 4891588 2554938 7752.45305  116  224 7962.00000 7701.81853  3.27%   168 38673s
 4895138 2556417 7747.14856   96  384 7962.00000 7701.88657  3.27%   168 38693s
 4898331 2557664     cutoff   79      7962.00000 7701.93055  3.27%   168 38713s
 4901593 2559626 infeasible  231      7962.00000 7701.99788  3.27%   167 38737s
 4905107 2561472 7723.47252   71  406 7962.00000 7702.08785  3.26%   167 38757s
 4908549 2563120 7743.92837   86  299 7962.00000 7702.13997  3.26%   167 38777s
 4911542 2565253 7758.08210   77  192 7962.00000 7702.22822  3.26%   167 38797s
 4915212 2566848 7746.02698   75  255 7962.00000 7702.27503  3.26%   167 38817s
 4918372 2568634 7754.92585  193  387 7962.00000 7702.31301  3.26%   167 38837s
 4921686 2570460     cutoff  183      7962.00000 7702.40612  3.26%   167 38858s
 4925125 2572411 7726.64235  124  383 7962.00000 7702.46394  3.26%   167 38877s
 4928355 2573468     cutoff  139      7962.00000 7702.53858  3.26%   167 38906s
 4931017 2575192 7724.76023  111  251 7962.00000 7702.56416  3.26%   167 38940s
 4935637 2576271 7723.32393  110  346 7962.00000 7702.66795  3.26%   167 38967s
 4939339 2577442 7719.39572   90  320 7962.00000 7702.72080  3.26%   167 38993s
 4942835 2578789 7739.20252  138  340 7962.00000 7702.77185  3.26%   167 39025s
 4946576 2580133 7724.65162  115  183 7962.00000 7702.84641  3.25%   167 39050s
 4949831 2581263 7733.36010  128  318 7962.00000 7702.90953  3.25%   167 39075s
 4953193 2582337 7728.23332  134  251 7962.00000 7702.95485  3.25%   167 39099s
 4956637 2583395 7730.07365  137  492 7962.00000 7703.01644  3.25%   167 39123s
 4959888 2584523 7735.88648  105  419 7962.00000 7703.06996  3.25%   167 39148s
 4963142 2585725 7733.87918  108  328 7962.00000 7703.11555  3.25%   167 39172s
 4966496 2586918 7721.60369  126  455 7962.00000 7703.17080  3.25%   167 39197s
 4969780 2588069 7733.87824  131  422 7962.00000 7703.22258  3.25%   167 39221s
 4972863 2589096 7735.91712  142  424 7962.00000 7703.26218  3.25%   167 39252s
 4976741 2590116 infeasible  141      7962.00000 7703.34501  3.25%   167 39276s
 4979914 2592199 7740.28149  123  441 7962.00000 7703.40952  3.25%   167 39301s
 4982697 2595165     cutoff  168      7962.00000 7703.40952  3.25%   167 39329s
 4986496 2598285 7781.94568  146  250 7962.00000 7703.48130  3.25%   167 39357s
 4990301 2600111 7735.30627  158  380 7962.00000 7703.50141  3.25%   167 39385s
 4993345 2602263 7743.91453  180  438 7962.00000 7703.55465  3.25%   167 39412s
 4996509 2604713 7771.47080  202  378 7962.00000 7703.62684  3.25%   167 39439s
 4999700 2607358 7765.24764  161  402 7962.00000 7703.65140  3.24%   167 39467s
 5003171 2609976 7769.91721  159  368 7962.00000 7703.68297  3.24%   167 39495s
 5006982 2612689 7785.23677  229  278 7962.00000 7703.72644  3.24%   167 39521s
 5010488 2615161 7760.20326  143  335 7962.00000 7703.78414  3.24%   167 39547s
 5013687 2617845 7781.32854   86  378 7962.00000 7703.82627  3.24%   167 39573s
 5017269 2620277 7719.65419   72  361 7962.00000 7703.83576  3.24%   167 39599s
 5020630 2620478 7736.05171   93  335 7962.00000 7703.86980  3.24%   167 39629s
 5020935 2643709     cutoff   93      7962.00000 7703.90047  3.24%   167 39858s
 5052422 2644945 7743.65952   97  153 7962.00000 7704.16397  3.24%   167 39877s
 5055814 2646271 7737.94497   87  221 7962.00000 7704.26861  3.24%   167 39895s
 5059357 2647529 7734.31527  137  200 7962.00000 7704.38249  3.24%   167 39913s
 5062940 2648365 7722.10382   88  134 7962.00000 7704.47198  3.23%   167 39930s
 5066347 2649697 7728.68837   76  214 7962.00000 7704.57843  3.23%   167 39950s
 5069858 2650765 7743.85700  123  242 7962.00000 7704.65085  3.23%   167 39968s
 5073317 2651999 7754.38846   69  127 7962.00000 7704.78999  3.23%   167 39985s
 5076782 2653253 7721.83053   85  177 7962.00000 7704.87060  3.23%   167 40002s
 5080104 2654341 infeasible  136      7962.00000 7704.98516  3.23%   167 40019s
 5083472 2655444     cutoff  107      7962.00000 7705.06605  3.23%   167 40036s
 5086762 2656435 7732.40032  110  147 7962.00000 7705.16364  3.23%   167 40053s
 5090053 2657363 7746.78651   95  175 7962.00000 7705.21698  3.23%   167 40071s
 5093388 2658382 7731.01864  105  169 7962.00000 7705.32979  3.22%   167 40087s
 5096751 2659555 7753.47916   60  197 7962.00000 7705.41789  3.22%   167 40108s
 5100400 2660648     cutoff  121      7962.00000 7705.51012  3.22%   167 40125s
 5103847 2662735 7729.35323  123  495 7962.00000 7705.60972  3.22%   167 40147s
 5107184 2664531 7758.70063  178  501 7962.00000 7705.65864  3.22%   167 40171s
 5110690 2666629 7751.30694   81  247 7962.00000 7705.67493  3.22%   167 40192s
 5114008 2668322 7739.90402   85  375 7962.00000 7705.78100  3.22%   167 40212s
 5116948 2670326 7738.85525   98  254 7962.00000 7705.82979  3.22%   167 40233s
 5120319 2672655 7746.61866   82  357 7962.00000 7705.88582  3.22%   167 40253s
 5123776 2673687 7730.59578  188  385 7962.00000 7705.93238  3.22%   167 40274s
 5125519 2675506 7752.84290  222  240 7962.00000 7705.95684  3.22%   167 40297s
 5129103 2677194 7755.95298  112  379 7962.00000 7705.98737  3.22%   167 40320s
 5132575 2679168 7753.41123  180  339 7962.00000 7706.05383  3.21%   167 40345s
 5135951 2680868 7727.76039  275  364 7962.00000 7706.07696  3.21%   167 40367s
 5139507 2682386 7748.62993   99  412 7962.00000 7706.21125  3.21%   167 40392s
 5143137 2684141 7711.21131  229  464 7962.00000 7706.27108  3.21%   167 40412s
 5145994 2686147 7717.47645  259  477 7962.00000 7706.29504  3.21%   167 40432s
 5149287 2687827 7751.11849  391  410 7962.00000 7706.33429  3.21%   167 40454s
 5152563 2689339 infeasible  219      7962.00000 7706.41801  3.21%   167 40475s
 5156041 2690545 7730.44052  123  562 7962.00000 7706.49756  3.21%   167 40503s
 5159928 2691165 7713.11578  145  394 7962.00000 7706.56644  3.21%   167 40527s
 5161650 2692629     cutoff  133      7962.00000 7706.58827  3.21%   167 40555s
 5165615 2693862 7732.66321  160  281 7962.00000 7706.62548  3.21%   167 40582s
 5169353 2694965 7736.80550  115  294 7962.00000 7706.63527  3.21%   167 40608s
 5172748 2696267     cutoff  127      7962.00000 7706.72510  3.21%   167 40634s
 5176384 2697399 7740.70483  100  335 7962.00000 7706.78432  3.21%   167 40660s
 5179800 2698756 7734.19350  153  302 7962.00000 7706.83565  3.20%   167 40691s
 5183555 2699615 7729.57965  144  201 7962.00000 7706.90409  3.20%   167 40715s
 5186709 2700812 7720.18188  192  547 7962.00000 7706.93168  3.20%   167 40741s
 5190023 2701771 7729.51319   86  303 7962.00000 7707.00491  3.20%   167 40766s
 5193436 2702907 7730.97415  123  326 7962.00000 7707.04227  3.20%   167 40792s
 5196654 2704121     cutoff   71      7962.00000 7707.10104  3.20%   167 40817s
 5199990 2705215 7727.24979   82  284 7962.00000 7707.16524  3.20%   167 40843s
 5203257 2706450 7721.53923  106  605 7962.00000 7707.19544  3.20%   167 40868s
 5206846 2708460 7765.08579   80  286 7962.00000 7707.25456  3.20%   167 40897s
 5209689 2711175 7786.16906  145  340 7962.00000 7707.30117  3.20%   167 40926s
 5213296 2713781 7740.82670  139  372 7962.00000 7707.44264  3.20%   167 40955s
 5217022 2716170 7781.51011   60  300 7962.00000 7707.52554  3.20%   167 40982s
 5220313 2718702 7806.63718  180  267 7962.00000 7707.61621  3.19%   167 41009s
 5223913 2721032 7804.20698  188  306 7962.00000 7707.65091  3.19%   167 41035s
 5227193 2723532 7768.42289  115  327 7962.00000 7707.68301  3.19%   167 41062s
 5230698 2726270 7804.70645  153  321 7962.00000 7707.75047  3.19%   167 41088s
 5234197 2729086 7797.74202  141  360 7962.00000 7707.77503  3.19%   167 41113s
 5237873 2730862 7795.35876  163  445 7962.00000 7707.83363  3.19%   167 41142s
 5241403 2732754 7806.16202  119  316 7962.00000 7707.90246  3.19%   167 41167s
 5244442 2735122 7759.45396  124  339 7962.00000 7707.91145  3.19%   167 41192s
 5247699 2737481 7748.87732  122  446 7962.00000 7707.94441  3.19%   167 41216s
 5250862 2739801 7773.41179  104  311 7962.00000 7707.94441  3.19%   167 41242s
 5254057 2742407 7776.89022  112  173 7962.00000 7707.98429  3.19%   167 41267s
 5257351 2743450 7749.39897   99  147 7962.00000 7708.08337  3.19%   167 41285s
 5260633 2744884 7760.59897   88  112 7962.00000 7708.16868  3.19%   167 41303s
 5264549 2745920 7740.55944   79  268 7962.00000 7708.25573  3.19%   167 41320s
 5267717 2747082 7742.86894   72  164 7962.00000 7708.33281  3.19%   167 41337s
 5271266 2747814 7735.73209   92  229 7962.00000 7708.46363  3.18%   167 41353s
 5274333 2748740 7753.03287   72  153 7962.00000 7708.53505  3.18%   167 41371s
 5277440 2749803 7735.57724   67  237 7962.00000 7708.64064  3.18%   167 41389s
 5280800 2751125 infeasible  156      7962.00000 7708.70910  3.18%   167 41409s
 5284391 2752298 7733.93876  113  225 7962.00000 7708.83978  3.18%   167 41426s
 5287709 2753521 7748.54064   48  159 7962.00000 7708.89380  3.18%   167 41443s
 5291254 2754558 7749.83599  110  268 7962.00000 7709.00001  3.18%   167 41459s
 5294684 2755312 7744.65064   58  266 7962.00000 7709.10878  3.18%   167 41475s
 5297902 2756227     cutoff  109      7962.00000 7709.17031  3.18%   167 41492s
 5301145 2757238 7751.11092  122  186 7962.00000 7709.27913  3.17%   167 41509s
 5304500 2758488 7755.92996   63  220 7962.00000 7709.37933  3.17%   167 41526s
 5307936 2759963 7745.54707  211  163 7962.00000 7709.47935  3.17%   167 41547s
 5311090 2761876     cutoff   79      7962.00000 7709.52499  3.17%   167 41569s
 5314638 2764002 7755.39337   89  379 7962.00000 7709.56520  3.17%   167 41591s
 5318077 2765577 7760.90147  293  375 7962.00000 7709.62180  3.17%   167 41611s
 5321686 2767328 7741.40099  155  253 7962.00000 7709.69529  3.17%   167 41635s
 5325102 2769213 7743.44990   74  239 7962.00000 7709.75986  3.17%   167 41655s
 5328198 2771418 7754.47681  129  295 7962.00000 7709.78927  3.17%   167 41676s
 5331862 2773120 7730.52944  146  433 7962.00000 7709.85288  3.17%   167 41696s
 5335312 2774658 7736.63678   93  381 7962.00000 7709.95947  3.17%   167 41716s
 5338796 2776141 7759.62955   82  370 7962.00000 7709.98331  3.17%   167 41736s
 5341750 2777874 7757.54408  137  287 7962.00000 7710.04728  3.16%   167 41756s
 5344878 2779574 7721.14303  181  554 7962.00000 7710.11981  3.16%   167 41777s
 5347972 2781463 7723.98432   88  439 7962.00000 7710.18939  3.16%   167 41797s
 5351357 2782443 7761.50697  129  339 7962.00000 7710.18939  3.16%   167 41823s
 5353055 2785940 7750.10362  171  320 7962.00000 7710.25348  3.16%   167 41862s
 5359522 2786916     cutoff  143      7962.00000 7710.39158  3.16%   167 41889s
 5362883 2788078 7740.84961   77  246 7962.00000 7710.41419  3.16%   167 41920s
 5366837 2789112 7727.22911  148  492 7962.00000 7710.49860  3.16%   167 41944s
 5369914 2790109 7745.70928  157  201 7962.00000 7710.55173  3.16%   167 41968s
 5373157 2790974 7744.52594   69  222 7962.00000 7710.58722  3.16%   167 41993s
 5376334 2791998     cutoff  140      7962.00000 7710.63403  3.16%   167 42017s
 5379535 2793113 7723.27516  141  426 7962.00000 7710.68325  3.16%   167 42045s
 5382626 2794245 7726.30973  127  470 7962.00000 7710.73112  3.16%   167 42070s
 5385929 2795110 7730.54090   93  283 7962.00000 7710.77995  3.16%   167 42095s
 5389251 2795981     cutoff  121      7962.00000 7710.83622  3.15%   167 42119s
 5392557 2797410 7742.10238  132  355 7962.00000 7710.88692  3.15%   167 42150s
 5396357 2798431 7731.71167   87  227 7962.00000 7710.93514  3.15%   167 42174s
 5398158 2798431 7742.12121  217  515 7962.00000 7710.93997  3.15%   167 42175s
 5399643 2799561 infeasible  140      7962.00000 7710.96096  3.15%   167 42199s
 5402945 2800596 7720.84229  118  500 7962.00000 7711.01695  3.15%   167 42223s
 5406003 2801675 7742.25209  149  336 7962.00000 7711.06906  3.15%   167 42248s
 5409421 2802674     cutoff  123      7962.00000 7711.10997  3.15%   167 42272s
 5412918 2804703 7723.45593  111  494 7962.00000 7711.15370  3.15%   167 42298s
 5415691 2807348 7777.48873  149  372 7962.00000 7711.15370  3.15%   167 42328s
 5419288 2810267 7729.61586  185  345 7962.00000 7711.23569  3.15%   167 42356s
 5422991 2812794 7789.67521  336  379 7962.00000 7711.27900  3.15%   167 42386s
 5426347 2815417 7808.49254  148  417 7962.00000 7711.32164  3.15%   167 42411s
 5429679 2817628 7752.45960   69  298 7962.00000 7711.32339  3.15%   167 42436s
 5432938 2819574 7760.88727  114  352 7962.00000 7711.32339  3.15%   167 42461s
 5436218 2821987 7766.40381   99  239 7962.00000 7711.45156  3.15%   167 42487s
 5439482 2824151 7806.53468   97  288 7962.00000 7711.46822  3.15%   167 42512s
 5442491 2826696 7807.26535  159  310 7962.00000 7711.46822  3.15%   167 42537s
 5445785 2829218 7772.36871  214  502 7962.00000 7711.46822  3.15%   167 42563s
 5449218 2831531 7776.27037  112  286 7962.00000 7711.46822  3.15%   167 42588s
 5452460 2834056 7798.55464  185  266 7962.00000 7711.46822  3.15%   167 42617s
 5455691 2836608 7807.51268  206  302 7962.00000 7711.46822  3.15%   167 42643s
 5458960 2839094 7808.20475   97  261 7962.00000 7711.71532  3.14%   167 42669s
 5462505 2841437 7795.11981  171  249 7962.00000 7711.76639  3.14%   167 42694s
 5465908 2842530 7742.64055  162  210 7962.00000 7711.79290  3.14%   167 42712s
 5469346 2843794 infeasible  229      7962.00000 7711.85895  3.14%   167 42733s
 5473084 2844722 7720.23694  155  195 7962.00000 7711.95395  3.14%   167 42749s
 5476251 2845899 7726.66150  102  259 7962.00000 7712.06360  3.14%   167 42766s
 5479594 2846889 7732.78173   81  210 7962.00000 7712.12973  3.14%   167 42783s
 5482924 2848136     cutoff  120      7962.00000 7712.20271  3.14%   167 42800s
 5486295 2849356 infeasible   75      7962.00000 7712.27818  3.14%   167 42816s
 5489700 2850595 7737.11690   70  164 7962.00000 7712.39169  3.13%   167 42832s
 5493060 2851697 7742.35296  106  328 7962.00000 7712.47667  3.13%   167 42848s
 5496317 2852699 7715.52486   95  238 7962.00000 7712.53991  3.13%   167 42865s
 5499495 2853859 7722.79341  218  350 7962.00000 7712.57804  3.13%   167 42885s
 5503187 2854874     cutoff   90      7962.00000 7712.67169  3.13%   167 42903s
 5506245 2856094 7737.05438  163  272 7962.00000 7712.75128  3.13%   167 42919s
 5509598 2856094 7735.46840  103  155 7962.00000 7712.81385  3.13%   167 42920s
 5509769 2857170     cutoff   75      7962.00000 7712.85570  3.13%   167 42936s
 5513084 2857818 7726.99396   84  233 7962.00000 7712.95419  3.13%   167 42953s
 5516290 2859840     cutoff  245      7962.00000 7713.02731  3.13%   167 42975s
 5519555 2861782 7743.93572   83  307 7962.00000 7713.04407  3.13%   167 42997s
 5523075 2863725 7738.13090   83  372 7962.00000 7713.10845  3.13%   167 43018s
 5526420 2865378 7757.40919   68  281 7962.00000 7713.14959  3.13%   167 43039s
 5529723 2867369 7745.29290  108  323 7962.00000 7713.21355  3.12%   167 43059s
 5533172 2869117 7747.43331  132  462 7962.00000 7713.28196  3.12%   167 43079s
 5536549 2870748 7740.26784  109  373 7962.00000 7713.30059  3.12%   167 43100s
 5539558 2872740 7746.85809   96  353 7962.00000 7713.38838  3.12%   167 43124s
 5543178 2873606 infeasible   86      7962.00000 7713.44642  3.12%   167 43144s
 5544843 2875467     cutoff   89      7962.00000 7713.47838  3.12%   167 43168s
 5548391 2877430 7759.71305   65  339 7962.00000 7713.52240  3.12%   167 43192s
 5551800 2877448 7746.21744  213  427 7962.00000 7713.56613  3.12%   167 43200s

Cutting planes:
  Learned: 2
  Gomory: 20
  Cover: 1161
  Implied bound: 2
  Clique: 237
  MIR: 188
  StrongCG: 6
  GUB cover: 1
  Zero half: 171
  RLT: 783
  Relax-and-lift: 3
  BQP: 45

Explored 5551846 nodes (925902614 simplex iterations) in 43210.21 seconds (21080.50 work units)
Thread count was 32 (of 128 available processors)

Solution count 10: 7962 7966 7973 ... 8093

Time limit reached
Best objective 7.962000000000e+03, best bound 7.714000000000e+03, gap 3.1148%
Solved rc101_Random1 -> /project2/ssuen_1733/output/v3/rc101_Random1.pkl / .json
[Tue Dec 16 04:52:02 PST 2025] Finished run_single_instance for rc101_Random1
