==========================================
SLURM_JOB_ID = 5298010
SLURM_JOB_NODELIST = b22-22
TMPDIR = /tmp/SLURM_5298010
==========================================
Using Python:
Python 3.10.18
Checking core dependencies:
numpy: 2.2.6
gurobi: (12, 0, 3)
[Mon Dec 15 16:47:16 PST 2025] Starting run_single_instance on b22-22.hpc.usc.edu for r101_Skewed1
Set parameter TokenServer to value "hpc-licenses.hpcc.usc.edu"
Set parameter TimeLimit to value 43200
Set parameter Seed to value 42
Set parameter OutputFlag to value 1
Gurobi Optimizer version 12.0.3 build v12.0.3rc0 (linux64 - "Rocky Linux 8.10 (Green Obsidian)")

CPU model: AMD EPYC 7542 32-Core Processor, instruction set [SSE2|AVX|AVX2]
Thread count: 64 physical cores, 128 logical processors, using up to 32 threads

Non-default parameters:
TimeLimit  43200
Seed  42

Optimize a model with 703550 rows, 728000 columns and 5954600 nonzeros
Model fingerprint: 0x0820a60b
Variable types: 0 continuous, 728000 integer (727500 binary)
Coefficient statistics:
  Matrix range     [1e+00, 1e+03]
  Objective range  [1e+00, 9e+01]
  Bounds range     [1e+00, 5e+01]
  RHS range        [1e+00, 1e+03]
Presolve removed 678000 rows and 698355 columns
Presolve time: 1.48s
Presolved: 25550 rows, 29645 columns, 180650 nonzeros
Variable types: 0 continuous, 29645 integer (29600 binary)
Performing another presolve...
Presolve removed 1138 rows and 1052 columns (presolve time = 9s)...
Presolve removed 1138 rows and 1052 columns
Presolve time: 8.60s
Deterministic concurrent LP optimizer: primal and dual simplex
Showing primal log only...


Root simplex log...

Iteration    Objective       Primal Inf.    Dual Inf.      Time
       0    5.4700000e+02   3.120000e+02   1.431754e+10     12s
Concurrent spin time: 0.00s

Solved with dual simplex

Root simplex log...

Iteration    Objective       Primal Inf.    Dual Inf.      Time
   13147    4.0559906e+03   0.000000e+00   0.000000e+00     14s

Root relaxation: objective 4.055991e+03, 13147 iterations, 2.11 seconds (0.84 work units)
Total elapsed time = 13.95s (DegenMoves)

    Nodes    |    Current Node    |     Objective Bounds      |     Work
 Expl Unexpl |  Obj  Depth IntInf | Incumbent    BestBd   Gap | It/Node Time

     0     0 4055.99064    0  630          - 4055.99064      -     -   14s
     0     0 4074.26428    0  738          - 4074.26428      -     -   15s
     0     0 4077.94363    0  749          - 4077.94363      -     -   15s
     0     0 4077.94363    0  749          - 4077.94363      -     -   15s
     0     0 4112.92553    0  864          - 4112.92553      -     -   15s
     0     0 4120.32448    0  841          - 4120.32448      -     -   16s
     0     0 4120.49544    0  831          - 4120.49544      -     -   16s
     0     0 4165.48735    0  906          - 4165.48735      -     -   17s
     0     0 4172.81031    0  901          - 4172.81031      -     -   17s
     0     0 4173.22114    0  940          - 4173.22114      -     -   17s
     0     0 4173.22453    0  928          - 4173.22453      -     -   17s
     0     0 4216.43877    0 1032          - 4216.43877      -     -   18s
     0     0 4218.37632    0 1033          - 4218.37632      -     -   18s
     0     0 4218.51552    0 1010          - 4218.51552      -     -   18s
     0     0 4218.54098    0 1058          - 4218.54098      -     -   18s
     0     0 4246.68290    0 1012          - 4246.68290      -     -   19s
     0     0 4248.56254    0 1029          - 4248.56254      -     -   20s
     0     0 4248.83771    0 1081          - 4248.83771      -     -   20s
     0     0 4248.89468    0 1084          - 4248.89468      -     -   20s
     0     0 4248.90877    0 1086          - 4248.90877      -     -   20s
     0     0 4261.83912    0 1134          - 4261.83912      -     -   20s
     0     0 4264.33146    0 1184          - 4264.33146      -     -   21s
     0     0 4264.50634    0 1203          - 4264.50634      -     -   21s
     0     0 4264.51887    0 1217          - 4264.51887      -     -   21s
H    0     0                    17660.000000 4264.51887  75.9%     -   21s
     0     0 4283.20174    0 1196 17660.0000 4283.20174  75.7%     -   22s
H    0     0                    17136.000000 4283.20174  75.0%     -   22s
H    0     0                    16448.000000 4283.20174  74.0%     -   22s
H    0     0                    14021.000000 4283.20174  69.5%     -   22s
H    0     0                    13945.000000 4283.20174  69.3%     -   22s
H    0     0                    13521.000000 4283.20174  68.3%     -   22s
H    0     0                    13499.000000 4283.20174  68.3%     -   22s
H    0     0                    13485.000000 4283.20174  68.2%     -   22s
H    0     0                    13484.000000 4283.20174  68.2%     -   22s
H    0     0                    13479.000000 4283.20174  68.2%     -   22s
H    0     0                    13471.000000 4283.20174  68.2%     -   22s
H    0     0                    13436.000000 4283.20174  68.1%     -   22s
     0     0 4284.05430    0 1182 13436.0000 4284.05430  68.1%     -   22s
     0     0 4284.20643    0 1290 13436.0000 4284.20643  68.1%     -   22s
     0     0 4284.22908    0 1286 13436.0000 4284.22908  68.1%     -   22s
     0     0 4298.84988    0 1178 13436.0000 4298.84988  68.0%     -   24s
H    0     0                    12049.000000 4300.04261  64.3%     -   25s
H    0     0                    12032.000000 4300.04261  64.3%     -   25s
H    0     0                    11992.000000 4300.04261  64.1%     -   25s
H    0     0                    11969.000000 4300.04261  64.1%     -   25s
H    0     0                    11915.000000 4300.04261  63.9%     -   25s
H    0     0                    11902.000000 4300.04261  63.9%     -   25s
H    0     0                    11876.000000 4300.04261  63.8%     -   25s
H    0     0                    11870.000000 4300.04261  63.8%     -   25s
H    0     0                    11691.000000 4300.04261  63.2%     -   25s
H    0     0                    11610.000000 4300.04261  63.0%     -   25s
H    0     0                    11605.000000 4300.04261  62.9%     -   25s
H    0     0                    11587.000000 4300.04261  62.9%     -   25s
H    0     0                    11564.000000 4300.04261  62.8%     -   25s
H    0     0                    11563.000000 4300.04261  62.8%     -   25s
H    0     0                    11419.000000 4300.04261  62.3%     -   25s
H    0     0                    11353.000000 4300.04261  62.1%     -   25s
H    0     0                    11209.000000 4300.04261  61.6%     -   25s
H    0     0                    10970.000000 4300.04261  60.8%     -   25s
H    0     0                    10915.000000 4300.04261  60.6%     -   25s
H    0     0                    10879.000000 4300.04261  60.5%     -   26s
     0     0 4300.55861    0 1187 10879.0000 4300.55861  60.5%     -   26s
     0     0 4300.67094    0 1249 10879.0000 4300.67094  60.5%     -   26s
     0     0 4300.74036    0 1251 10879.0000 4300.74036  60.5%     -   26s
     0     0 4300.82782    0 1254 10879.0000 4300.82782  60.5%     -   26s
     0     0 4300.87684    0 1247 10879.0000 4300.87684  60.5%     -   27s
     0     0 4329.51029    0 1216 10879.0000 4329.51029  60.2%     -   28s
H    0     0                    10713.000000 4329.53684  59.6%     -   29s
H    0     0                    10683.000000 4329.53684  59.5%     -   29s
     0     0 4333.30486    0 1275 10683.0000 4333.30486  59.4%     -   29s
     0     0 4334.33063    0 1284 10683.0000 4334.33063  59.4%     -   29s
     0     0 4334.42101    0 1254 10683.0000 4334.42101  59.4%     -   29s
     0     0 4334.47495    0 1337 10683.0000 4334.47495  59.4%     -   29s
     0     0 4357.31783    0 1237 10683.0000 4357.31783  59.2%     -   30s
H    0     0                    10132.000000 4357.82041  57.0%     -   30s
H    0     0                    9965.0000000 4357.82041  56.3%     -   30s
H    0     0                    9959.0000000 4357.82041  56.2%     -   30s
H    0     0                    9953.0000000 4357.82041  56.2%     -   30s
     0     0 4359.30746    0 1299 9953.00000 4359.30746  56.2%     -   30s
     0     0 4360.06736    0 1237 9953.00000 4360.06736  56.2%     -   30s
     0     0 4360.08019    0 1254 9953.00000 4360.08019  56.2%     -   30s
     0     0 4380.92468    0 1254 9953.00000 4380.92468  56.0%     -   31s
H    0     0                    9729.0000000 4380.92468  55.0%     -   31s
H    0     0                    9620.0000000 4380.92468  54.5%     -   31s
     0     0 4382.72065    0 1363 9620.00000 4382.72065  54.4%     -   31s
     0     0 4383.15408    0 1246 9620.00000 4383.15408  54.4%     -   32s
     0     0 4383.15499    0 1252 9620.00000 4383.15499  54.4%     -   32s
     0     0 4404.87128    0 1231 9620.00000 4404.87128  54.2%     -   32s
H    0     0                    9236.0000000 4404.87524  52.3%     -   33s
H    0     0                    8819.0000000 4404.87524  50.1%     -   33s
H    0     0                    8765.0000000 4404.87524  49.7%     -   33s
H    0     0                    8735.0000000 4404.87524  49.6%     -   33s
H    0     0                    8690.0000000 4404.87524  49.3%     -   33s
H    0     0                    8683.0000000 4404.87524  49.3%     -   33s
H    0     0                    8603.0000000 4404.87524  48.8%     -   33s
     0     0 4411.91776    0 1292 8603.00000 4411.91776  48.7%     -   34s
     0     0 4412.17708    0 1315 8603.00000 4412.17708  48.7%     -   35s
     0     0 4412.44581    0 1356 8603.00000 4412.44581  48.7%     -   35s
     0     0 4412.62062    0 1340 8603.00000 4412.62062  48.7%     -   36s
     0     0 4412.64228    0 1357 8603.00000 4412.64228  48.7%     -   36s
     0     0 4420.50530    0 1382 8603.00000 4420.50530  48.6%     -   36s
H    0     0                    8591.0000000 4420.51177  48.5%     -   36s
H    0     0                    8312.0000000 4420.51177  46.8%     -   36s
H    0     0                    8311.0000000 4420.51177  46.8%     -   36s
H    0     0                    8295.0000000 4420.51177  46.7%     -   36s
H    0     0                    8293.0000000 4420.51177  46.7%     -   36s
     0     0 4420.94523    0 1387 8293.00000 4420.94523  46.7%     -   36s
     0     0 4420.98685    0 1398 8293.00000 4420.98685  46.7%     -   37s
     0     0 4428.03750    0 1328 8293.00000 4428.03750  46.6%     -   37s
H    0     0                    8060.0000000 4428.12988  45.1%     -   38s
H    0     0                    7998.0000000 4428.12988  44.6%     -   38s
H    0     0                    7980.0000000 4428.12988  44.5%     -   38s
H    0     0                    7936.0000000 4428.12988  44.2%     -   39s
H    0     0                    7913.0000000 4428.12988  44.0%     -   40s
H    0     0                    7896.0000000 4428.12988  43.9%     -   40s
H    0     0                    7893.0000000 4428.12988  43.9%     -   40s
H    0     0                    7882.0000000 4428.12988  43.8%     -   40s
H    0     0                    7879.0000000 4428.12988  43.8%     -   41s
H    0     0                    7871.0000000 4428.12988  43.7%     -   41s
H    0     0                    7867.0000000 4428.12988  43.7%     -   42s
H    0     0                    7692.0000000 4428.12988  42.4%     -   42s
H    0     0                    7686.0000000 4428.12988  42.4%     -   42s
H    0     0                    7668.0000000 4428.12988  42.3%     -   43s
H    0     0                    7657.0000000 4428.12988  42.2%     -   43s
H    0     0                    7508.0000000 4428.12988  41.0%     -   43s
     0     0 4429.59494    0 1420 7508.00000 4429.59494  41.0%     -   44s
     0     0 4429.67144    0 1463 7508.00000 4429.67144  41.0%     -   44s
     0     0 4431.31067    0 1395 7508.00000 4431.31067  41.0%     -   45s
H    0     0                    7454.0000000 4431.31067  40.6%     -   45s
H    0     0                    7448.0000000 4431.31067  40.5%     -   45s
     0     0 4431.42559    0 1290 7448.00000 4431.42559  40.5%     -   45s
     0     0 4431.46235    0 1301 7448.00000 4431.46235  40.5%     -   45s
     0     0 4431.67254    0 1328 7448.00000 4431.67254  40.5%     -   46s
     0     0 4431.71849    0 1322 7448.00000 4431.71849  40.5%     -   46s
     0     0 4435.13366    0 1341 7448.00000 4435.13366  40.5%     -   46s
H    0     0                    7429.0000000 4435.14073  40.3%     -   46s
     0     0 4435.27986    0 1390 7429.00000 4435.27986  40.3%     -   47s
     0     0 4435.28530    0 1400 7429.00000 4435.28530  40.3%     -   47s
     0     0 4436.91049    0 1386 7429.00000 4436.91049  40.3%     -   47s
     0     0 4437.08597    0 1335 7429.00000 4437.08597  40.3%     -   47s
     0     0 4438.29092    0 1320 7429.00000 4438.29092  40.3%     -   47s
H    0     0                    7370.0000000 4438.36337  39.8%     -   48s
     0     0 4438.36337    0 1328 7370.00000 4438.36337  39.8%     -   48s
     0     0 4438.80397    0 1359 7370.00000 4438.80397  39.8%     -   48s
     0     0 4438.88584    0 1286 7370.00000 4438.88584  39.8%     -   48s
     0     0 4439.58684    0 1407 7370.00000 4439.58684  39.8%     -   48s
     0     0 4439.59636    0 1346 7370.00000 4439.59636  39.8%     -   49s
H    0     0                    7265.0000000 4439.59636  38.9%     -   49s
H    0     0                    7251.0000000 4439.59636  38.8%     -   49s
H    0     0                    7247.0000000 4439.59636  38.7%     -   49s
H    0     0                    7232.0000000 4439.77559  38.6%     -   50s
H    0     0                    7223.0000000 4439.77559  38.5%     -   50s
H    0     0                    7216.0000000 4439.77559  38.5%     -   52s
H    0     0                    7082.0000000 4439.77559  37.3%     -   54s
H    0     0                    7062.0000000 4439.77559  37.1%     -   55s
     5     4 4440.91846    2  227 7062.00000 4440.91846  37.1%  53.0   62s
    31    32 4445.95444    6  287 7062.00000 4445.57045  37.0%   381   66s
   233   232 4450.09631   14  324 7062.00000 4446.49844  37.0%   341   70s
H  586   529                    6904.0000000 4446.49844  35.6%   290   74s
   587   533 4463.61098    2  271 6904.00000 4463.04261  35.4%   290   86s
   617   585 4465.91954    6  302 6904.00000 4465.91954  35.3%   319   90s
   679   655 4466.33791    8  313 6904.00000 4466.13787  35.3%   353   95s
   975   930 4468.71255   13  295 6904.00000 4466.36466  35.3%   340  101s
H 1160  1065                    6702.0000000 4466.36466  33.4%   343  103s
  1161  1069 4540.91857    2  346 6702.00000 4540.61032  32.2%   343  124s
  1163  1073 4542.61453    3  375 6702.00000 4540.92745  32.2%   344  126s
  1191  1125 4548.12989    6  341 6702.00000 4546.70174  32.2%   350  130s
  1323  1259 4550.28686   10  315 6702.00000 4548.63017  32.1%   349  135s
  1482  1482 4554.16995   13  302 6702.00000 4548.63017  32.1%   350  140s
H 1729  1631                    6311.0000000 4548.63017  27.9%   352  142s
  1730  1635 4594.03493    2  372 6311.00000 4594.03493  27.2%   352  159s
  1732  1639 4594.03493    3  324 6311.00000 4594.03493  27.2%   353  160s
  1790  1723 4600.49956    7  274 6311.00000 4597.98018  27.1%   365  165s
  1971  1949 4608.72446   12  270 6311.00000 4600.55312  27.1%   368  170s
  2170  2125 4613.15661   18  209 6311.00000 4600.55312  27.1%   361  175s
H 2238  2125                    6151.0000000 4600.55312  25.2%   371  175s
  2495  2398 4623.83624   28  271 6151.00000 4600.55312  25.2%   345  180s
  2915  2820 4603.44893   18  329 6151.00000 4600.55312  25.2%   318  185s
  3131  3042 4609.57938   22  283 6151.00000 4600.55312  25.2%   319  190s
  3394  3268 4613.88334   25  288 6151.00000 4600.55312  25.2%   313  195s
H 3615  3437                    6145.0000000 4600.55312  25.1%   313  197s
  3667  3571 4612.01202   17  294 6145.00000 4600.55312  25.1%   309  200s
  4008  3889 4654.08890   25  344 6145.00000 4600.55312  25.1%   305  205s
H 4325  4125                    6142.0000000 4602.21126  25.1%   310  209s
  4325  4157 4617.85863   20  321 6142.00000 4602.21126  25.1%   305  212s
  4357  4193 4617.60181   20  280 6142.00000 4602.21126  25.1%   307  215s
  4572  4427 4620.63846   30  301 6142.00000 4602.21126  25.1%   306  221s
  4692  4558 4621.76561   35  250 6142.00000 4602.21126  25.1%   304  225s
  4953  4847 4625.61944   42  318 6142.00000 4602.21126  25.1%   300  230s
H 5057  4847                    6135.0000000 4602.21126  25.0%   303  230s
  5606  5486 4639.79642   49  211 6135.00000 4602.38920  25.0%   284  235s
H 5963  5703                    6134.0000000 4602.38920  25.0%   279  236s
  6162  5996 4629.90894   34  266 6134.00000 4604.36129  24.9%   276  240s
  6477  6344 4638.26290   39  314 6134.00000 4604.36129  24.9%   274  245s
  6815  6626 4620.18507   34  394 6134.00000 4604.36129  24.9%   270  250s
  7329  7126 4627.18511   43  336 6134.00000 4606.08133  24.9%   269  256s
  7549  7349 4630.74906   48  253 6134.00000 4606.08133  24.9%   269  260s
H 7663  7349                    6133.0000000 4606.08133  24.9%   272  260s
  7861  7613 4640.37455   50  217 6133.00000 4607.70363  24.9%   268  266s
  8076  7830 4642.36893   52  247 6133.00000 4608.06950  24.9%   267  270s
  8307  8045 4649.76327   55  256 6133.00000 4608.06950  24.9%   266  275s
H 8557  8173                    6131.0000000 4608.06950  24.8%   267  277s
  8860  8528 4659.07125   69  234 6131.00000 4608.06950  24.8%   261  280s
H 9658  9173                    6125.0000000 4609.60880  24.7%   249  283s
  9727  9384 4650.38682   51  318 6125.00000 4609.60880  24.7%   247  286s
 10118  9825 4652.75121   57  359 6125.00000 4609.99246  24.7%   245  290s
H10827 10278                    6124.0000000 4610.02955  24.7%   238  292s
 10966 10522 4636.43762   53  278 6124.00000 4610.02955  24.7%   236  295s
 11211 10753 4639.48786   56  316 6124.00000 4610.74249  24.7%   237  300s
 11529 11122 4639.48786   58  316 6124.00000 4610.74249  24.7%   238  307s
H11928 11336                    6121.0000000 4610.74249  24.7%   240  308s
 11928 11494 4657.15276   65  223 6121.00000 4610.74249  24.7%   238  310s
 12329 11837 4663.00473   78  202 6121.00000 4612.63388  24.6%   237  315s
 12569 12081 4668.68503   86  167 6121.00000 4612.63388  24.6%   236  321s
 12906 12393 4678.71967   93  159 6121.00000 4612.63388  24.6%   235  326s
H13076 12393                    6115.0000000 4612.63388  24.6%   237  326s
 13108 12722 4672.90684   93  304 6115.00000 4612.84212  24.6%   235  330s
 13500 13338 4673.82573   96  244 6115.00000 4612.84212  24.6%   231  336s
H14783 13997                    6112.0000000 4612.97446  24.5%   222  339s
 14783 14307 4666.35293   61  322 6112.00000 4612.97446  24.5%   221  340s
 15737 15086 4675.99715   78  331 6112.00000 4613.20563  24.5%   214  345s
 16351 15668 4644.95420   64  376 6112.00000 4613.33274  24.5%   211  350s
 16966 16234 4647.97160   75  346 6112.00000 4613.33274  24.5%   210  355s
 17561 16788 4649.92972   86  284 6112.00000 4613.33274  24.5%   210  361s
 17907 17127 4716.23465  111  172 6112.00000 4613.33274  24.5%   211  365s
 18201 17278 4748.04219   13  303 6112.00000 4614.92251  24.5%   211  370s
 18444 17697 4752.55586   16  279 6112.00000 4614.92251  24.5%   210  375s
 18893 18075 4768.03312   27  264 6112.00000 4615.07328  24.5%   209  380s
 19575 18936 4690.96579  123  220 6112.00000 4615.07328  24.5%   207  386s
 20438 18903 4759.91092   20  719 6112.00000 4759.87027  22.1%   207  520s
 20450 18911 4786.85189   22  434 6112.00000 4760.05058  22.1%   208  525s
 20468 18953 4760.59536   24  710 6112.00000 4760.31902  22.1%   209  532s
 20500 18974 4761.00435   25  769 6112.00000 4760.66059  22.1%   210  535s
 20564 19029 4764.70069   27  676 6112.00000 4760.66059  22.1%   211  543s
 20608 19053 4764.95155   28  626 6112.00000 4760.66059  22.1%   211  547s
 20698 19130 4766.64861   30  679 6112.00000 4760.66059  22.1%   212  553s
 20754 19177 4766.98201   31  717 6112.00000 4760.66059  22.1%   212  557s
 20819 19224 4767.57145   32  662 6112.00000 4760.66059  22.1%   213  561s
 20892 19290 4767.82199   33  688 6112.00000 4760.66059  22.1%   213  565s
 21016 19310 4780.82969   34  550 6112.00000 4761.00511  22.1%   214  573s
 21048 19334 4768.34218   35  661 6112.00000 4761.00511  22.1%   214  575s
 21119 19380 4768.62578   36  684 6112.00000 4761.00511  22.1%   215  580s
 21196 19429 4768.85760   37  684 6112.00000 4761.00511  22.1%   216  585s
 21309 19498 4786.72683   38  681 6112.00000 4761.00511  22.1%   216  592s
H21347 19485                    6110.0000000 4761.00511  22.1%   217  592s
 21347 19787 4832.85396   83  327 6110.00000 4761.00511  22.1%   216  595s
 22226 20489 4839.25613   95  289 6110.00000 4761.00511  22.1%   213  601s
 22743 20825 4844.11631  111  279 6110.00000 4761.00511  22.1%   212  605s
 22866 21051 4845.32685  114  297 6110.00000 4761.00511  22.1%   212  610s
 23628 21666 4816.14669   95  348 6110.00000 4761.30648  22.1%   210  617s
 23660 21748 4820.64733   96  315 6110.00000 4761.30648  22.1%   210  620s
 23929 22138 4841.56189   97  368 6110.00000 4761.30648  22.1%   210  625s
 24170 22356 4832.04740   97  319 6110.00000 4761.30648  22.1%   210  630s
 24847 23244 4858.30855  100  343 6110.00000 4761.30648  22.1%   212  636s
 25361 23546 4928.57022   39  357 6110.00000 4761.30648  22.1%   211  640s
 25953 24045 4941.63400   53  362 6110.00000 4761.36119  22.1%   211  645s
 26869 25035 4950.34731   75  383 6110.00000 4761.36119  22.1%   209  652s
 27276 25072 4769.49071   39  730 6110.00000 4761.36119  22.1%   208  656s
 27316 25098 4835.39024   39  398 6110.00000 4761.36119  22.1%   208  660s
 27411 25160 4774.36543   40  603 6110.00000 4765.70553  22.0%   209  668s
 27457 25194 4770.10339   41  669 6110.00000 4765.70553  22.0%   209  671s
 27569 25296 4770.14217   42  699 6110.00000 4765.70553  22.0%   210  677s
 27655 25358 4794.23266   42  518 6110.00000 4765.70553  22.0%   210  681s
 27893 25501 4877.68102   43  484 6110.00000 4766.63897  22.0%   210  688s
 28017 25576 4772.47160   44  690 6110.00000 4766.64768  22.0%   211  693s
 28152 25641 4798.36151   44  640 6110.00000 4766.64768  22.0%   211  697s
 28275 25747 4773.01369   45  727 6110.00000 4766.64768  22.0%   211  700s
 28576 25923 4773.27763   46  799 6110.00000 4766.64768  22.0%   212  706s
 28734 26025 4831.82659   46  386 6110.00000 4766.64768  22.0%   212  711s
 29090 26196 4822.15499   47  474 6110.00000 4767.44843  22.0%   212  719s
 29277 26283 4774.47107   48  799 6110.00000 4768.62928  22.0%   213  723s
 29435 26420 4774.37798   49  797 6110.00000 4768.62928  22.0%   213  727s
 29634 26524 4774.49201   50  722 6110.00000 4768.62928  22.0%   213  732s
 29836 26747 4853.32422  116  295 6110.00000 4768.62928  22.0%   214  735s
 30640 27549 4862.73717  129  295 6110.00000 4768.62928  22.0%   211  740s
 31344 25414 4849.40208   30  484 6110.00000 4848.96391  20.6%   212  877s
 31350 25423 4849.51335   32  499 6110.00000 4849.40208  20.6%   212  882s
 31358 25435 4849.71126   33  541 6110.00000 4849.51335  20.6%   212  885s
 31373 25460 4851.52961   34  544 6110.00000 4849.71371  20.6%   212  890s
 31435 25238 4852.54880   36  455 6110.00000 4852.03783  20.6%   214  898s
 31477 25271 4853.12352   37  397 6110.00000 4852.03783  20.6%   214  901s
 31557 25310 4853.32489   38  424 6110.00000 4852.03783  20.6%   215  907s
 31592 25338 4878.70060   38  478 6110.00000 4852.03783  20.6%   216  911s
 31682 25423 4874.09585   39  485 6110.00000 4852.03783  20.6%   217  918s
 31747 25464 4856.14114   40  517 6110.00000 4852.03783  20.6%   217  922s
 31810 25518 4889.63872   40  422 6110.00000 4852.03783  20.6%   218  925s
 31961 25607 4858.52854   41  492 6110.00000 4852.03783  20.6%   219  932s
 32103 25706 4859.52446   43  558 6110.00000 4852.03783  20.6%   220  938s
 32186 25740 4859.70670   44  549 6110.00000 4852.03783  20.6%   220  942s
H32262 25715                    6080.0000000 4858.52854  20.1%   221  942s
 32262 26058 4952.31928  105  394 6080.00000 4858.52854  20.1%   221  945s
 32970 26647 4958.60559  119  332 6080.00000 4858.52854  20.1%   221  951s
 33615 27017 4961.18446  131  450 6080.00000 4858.52854  20.1%   221  956s
 33679 27081 4961.56718  133  436 6080.00000 4858.52854  20.1%   221  961s
 33750 27323 4961.74580  134  423 6080.00000 4858.52854  20.1%   221  968s
 33961 27666 4961.88032  135  433 6080.00000 4858.52854  20.1%   221  971s
 34333 28149 4962.84836  140  437 6080.00000 4858.52854  20.1%   221  975s
 35087 27996 4950.03925   30  753 6080.00000 4949.34175  18.6%   222 1103s
 35089 27999 4950.39945   31  824 6080.00000 4950.03925  18.6%   222 1106s
 35101 28013 4951.67882   33  772 6080.00000 4951.65839  18.6%   222 1112s
 35115 28035 4958.32747   34  771 6080.00000 4951.68952  18.6%   222 1116s
 35141 28057 4959.48124   35  659 6080.00000 4957.35702  18.5%   223 1120s
 35206 28098 4960.05614   37  759 6080.00000 4958.51095  18.4%   224 1126s
 35238 28123 4966.19036   37  470 6080.00000 4958.51095  18.4%   224 1131s
 35273 28172 4960.51247   38  755 6080.00000 4958.51095  18.4%   224 1136s
 35334 28184 4975.37870   38  537 6080.00000 4958.51095  18.4%   225 1141s
 35366 28211 4960.60682   39  720 6080.00000 4958.51095  18.4%   225 1146s
 35453 28273 4960.91748   41  733 6080.00000 4958.51095  18.4%   226 1155s
 35566 28373 4962.20024   43  627 6080.00000 4958.51095  18.4%   226 1165s
 35729 28479 4965.17564   45  708 6080.00000 4958.51095  18.4%   227 1173s
 35817 28534 4965.25387   46  784 6080.00000 4958.51095  18.4%   228 1178s
 35904 28599 4965.42588   47  686 6080.00000 4958.51095  18.4%   228 1182s
 36012 28651 4966.06558   48  677 6080.00000 4958.51095  18.4%   228 1186s
 36107 28710 4966.19173   49  740 6080.00000 4958.51095  18.4%   229 1190s
 36335 28843 4967.00151   51  689 6080.00000 4958.51095  18.4%   229 1199s
 36458 28918 4967.12330   52  657 6080.00000 4958.80694  18.4%   229 1204s
 36590 28982 4967.15861   53  638 6080.00000 4958.80694  18.4%   229 1208s
 36719 29060 4967.29952   54  634 6080.00000 4959.31823  18.4%   229 1212s
 36869 29130 4967.64726   55  586 6080.00000 4959.31823  18.4%   229 1217s
 37008 29207 4968.34133   56  672 6080.00000 4959.31823  18.4%   230 1221s
 37175 29255 4968.36211   57  612 6080.00000 4959.31823  18.4%   230 1226s
H37312 29209                    6074.0000000 4959.48213  18.3%   230 1226s
 37312 29453 4965.38962   51  739 6074.00000 4959.48213  18.3%   230 1231s
 37746 29614 5016.18586   53  596 6074.00000 4959.55378  18.3%   230 1239s
 37896 29757 4966.61278   54  854 6074.00000 4959.55378  18.3%   231 1244s
 38095 29873 4966.68446   55  753 6074.00000 4959.55378  18.3%   231 1250s
 38298 30031 4966.71261   56  746 6074.00000 4959.55378  18.3%   231 1255s
 38752 30286 4967.14795   58  728 6074.00000 4959.55378  18.3%   231 1264s
 39016 30475 4967.61515   60  681 6074.00000 4959.55378  18.3%   231 1269s
 39315 30650 4967.69920   61  721 6074.00000 4959.55378  18.3%   231 1274s
 39602 30880 4967.91736   62  719 6074.00000 4959.55378  18.3%   231 1280s
 39940 31147 4977.56842   63  712 6074.00000 4959.55378  18.3%   231 1286s
 40330 31298 4969.69368   65  745 6074.00000 4959.55378  18.3%   231 1291s
 40613 31269 4961.71159   45  563 6074.00000 4959.55378  18.3%   232 1295s
 40756 31367 4961.97143   47  563 6074.00000 4959.55378  18.3%   233 1302s
 40841 31405 4962.16407   48  559 6074.00000 4959.55378  18.3%   233 1305s
 40926 31448 4962.30993   49  548 6074.00000 4959.55378  18.3%   234 1310s
 41106 31538 4962.79125   51  551 6074.00000 4959.55772  18.3%   234 1316s
 41293 31632 4964.61995   53  542 6074.00000 4959.55772  18.3%   235 1323s
 41396 31693 4965.12035   54  544 6074.00000 4959.56290  18.3%   235 1327s
 41506 31739 4969.76557   55  620 6074.00000 4964.61995  18.3%   236 1331s
 41601 31810 4983.19306   56  458 6074.00000 4964.61995  18.3%   236 1336s
 41720 31857 4973.39824   56  419 6074.00000 4964.61995  18.3%   237 1341s
 41929 32015 4974.57981   58  429 6074.00000 4964.61995  18.3%   237 1348s
 42064 32083 4992.25130   59  368 6074.00000 4964.61995  18.3%   238 1353s
 42189 32183 4982.47921   59  399 6074.00000 4964.61995  18.3%   238 1357s
 42343 32262 4985.27561   61  391 6074.00000 4964.61995  18.3%   239 1363s
 42487 32337 4985.53489   62  430 6074.00000 4964.61995  18.3%   239 1367s
 42626 32432 4985.63128   63  402 6074.00000 4964.61995  18.3%   240 1372s
 42788 32532 5021.46793   64  367 6074.00000 4964.61995  18.3%   241 1376s
 42954 32643 4987.26895   65  445 6074.00000 4965.06497  18.3%   241 1380s
 43138 32777 4987.26895   66  445 6074.00000 4965.06497  18.3%   241 1385s
 43364 32884 5013.81567   67  375 6074.00000 4965.12343  18.3%   242 1391s
 43588 32991 4988.88177   68  442 6074.00000 4965.12343  18.3%   242 1395s
 44324 33902 5076.91935  154  342 6074.00000 4965.12343  18.3%   242 1403s
 44854 34345 5082.59908  177  285 6074.00000 4965.12343  18.3%   241 1406s
 45568 33985 5163.18146   24  642 6074.00000 5163.18146  15.0%   242 1546s
 45574 33995 5163.35924   26  691 6074.00000 5163.31026  15.0%   242 1552s
 45582 34008 5163.38829   27  644 6074.00000 5163.37705  15.0%   242 1555s
 45598 34023 5164.05699   28  621 6074.00000 5163.41816  15.0%   242 1560s
 45629 33541 5164.48626   29  610 6074.00000 5164.05755  15.0%   243 1565s
 45661 33116 5164.87082   30  638 6074.00000 5164.48653  15.0%   243 1570s
 45724 32703 5165.59419   31  630 6074.00000 5164.48653  15.0%   243 1575s
 45822 31144 5201.51607   32  481 6074.00000 5164.48653  15.0%   244 1583s
 45855 31164 5166.24268   33  660 6074.00000 5164.48653  15.0%   244 1588s
 45888 31183 5191.94710   33  575 6074.00000 5164.48653  15.0%   244 1593s
 45922 31202 5168.15097   34  686 6074.00000 5164.48653  15.0%   245 1596s
 45956 31226 5174.44646   34  561 6074.00000 5164.48653  15.0%   245 1600s
 46025 31265 5214.02304   35  452 6074.00000 5164.48653  15.0%   245 1609s
 46060 31297 5168.41059   36  639 6074.00000 5164.48653  15.0%   245 1613s
 46105 31010 5183.53489   36  496 6074.00000 5164.48653  15.0%   246 1618s
 46190 31054 5168.58326   37  640 6074.00000 5164.48653  15.0%   246 1623s
 46264 31098 5168.67991   38  652 6074.00000 5164.48653  15.0%   246 1627s
 46342 31127 5168.70724   39  713 6074.00000 5164.48653  15.0%   247 1633s
 46409 31166 5169.35161   40  626 6074.00000 5165.58402  15.0%   247 1638s
 46475 31214 5187.75517   40  570 6074.00000 5165.58402  15.0%   248 1643s
 46555 31275 5184.26112   41  560 6074.00000 5165.58402  15.0%   249 1648s
 46653 31318 5170.96334   41  655 6074.00000 5165.58402  15.0%   249 1653s
 46745 31365 5197.56761   42  468 6074.00000 5165.58402  15.0%   250 1658s
 46835 31413 5171.40764   43  662 6074.00000 5166.80578  14.9%   250 1664s
 46929 31463 5172.46013   44  667 6074.00000 5166.80578  14.9%   251 1669s
H47042 31425                    6054.0000000 5166.88977  14.7%   252 1669s
 47042 31525 5175.81934   58  620 6054.00000 5166.88977  14.7%   252 1674s
 47178 31584 5178.55056   59  606 6054.00000 5167.23634  14.6%   252 1679s
 47301 31685 5178.67562   60  602 6054.00000 5167.23634  14.6%   252 1685s
 47451 31753 5178.84253   61  655 6054.00000 5167.23634  14.6%   253 1691s
 47591 31856 5179.83640   62  684 6054.00000 5167.23634  14.6%   253 1696s
 47754 31941 5180.02932   63  582 6054.00000 5167.23634  14.6%   253 1701s
 47901 32055 5180.15902   64  659 6054.00000 5168.48498  14.6%   253 1706s
 48069 32156 5180.36234   65  755 6054.00000 5168.48498  14.6%   253 1712s
 48235 32295 5180.37839   66  780 6054.00000 5168.48498  14.6%   254 1717s
 48443 32403 5180.66804   67  662 6054.00000 5168.48498  14.6%   254 1723s
 48647 32467 5180.90401   68  691 6054.00000 5168.73359  14.6%   254 1729s
 48789 32561 5181.03596   69  615 6054.00000 5168.73359  14.6%   254 1735s
 48964 32684 5195.56322   70  381 6054.00000 5168.73359  14.6%   254 1742s
 49196 32790 5225.49808   71  424 6054.00000 5169.34206  14.6%   254 1749s
 49393 32922 5181.95373   72  635 6054.00000 5169.34206  14.6%   254 1755s
 49603 33131 5189.53747   73  411 6054.00000 5169.34206  14.6%   255 1760s
 49899 33240 5192.56953   74  467 6054.00000 5169.34206  14.6%   254 1767s
 50171 33400 5183.13577   76  625 6054.00000 5169.34206  14.6%   254 1773s
 50477 33784 5180.21605   66  718 6054.00000 5169.34206  14.6%   255 1780s
 50973 34035 5255.74698   67  533 6054.00000 5169.34206  14.6%   254 1786s
 51411 34259 5180.69116   68  756 6054.00000 5169.34206  14.6%   254 1792s
 51807 34437 5181.17624   70  710 6054.00000 5169.34206  14.6%   254 1797s
 52151 34669 5181.19026   71  691 6054.00000 5169.34206  14.6%   254 1802s
 52529 34631 5227.91572   72  491 6054.00000 5169.34206  14.6%   253 1808s
 52622 34686 5182.78374   73  682 6054.00000 5169.34206  14.6%   254 1814s
 53064 34906 5201.28873   74  437 6054.00000 5169.34206  14.6%   254 1819s
 53487 34849 5201.28873   75  437 6054.00000 5169.34206  14.6%   253 1824s
 53585 35150 5374.54323   76  353 6054.00000 5171.38310  14.6%   254 1831s
 53976 35475 5203.67351   77  419 6054.00000 5171.38310  14.6%   253 1838s
 54542 35666 5204.11653   78  425 6054.00000 5172.12633  14.6%   253 1845s
H55027 35505                    6051.0000000 5172.12633  14.5%   253 1846s
 55027 35754 5215.85247   69  430 6051.00000 5172.12633  14.5%   253 1852s
 55330 35816 5197.40039   71  488 6051.00000 5172.12633  14.5%   253 1858s
 55527 35907 5197.44423   72  448 6051.00000 5177.57410  14.4%   253 1863s
 55714 36049 5197.68488   73  425 6051.00000 5177.57410  14.4%   253 1867s
 55924 36185 5280.39972   74  308 6051.00000 5177.57410  14.4%   254 1873s
 56154 36329 5198.49377   76  431 6051.00000 5177.62327  14.4%   254 1878s
 56383 36450 5212.61207   77  338 6051.00000 5177.62327  14.4%   254 1883s
 56594 36619 5199.46977   78  526 6051.00000 5177.62327  14.4%   254 1888s
 56849 36827 5199.71127   80  498 6051.00000 5177.89135  14.4%   254 1894s
 57184 37036 5199.89131   82  528 6051.00000 5177.89135  14.4%   255 1900s
 57560 37230 5200.49698   84  509 6051.00000 5177.89135  14.4%   255 1906s
 57929 37466 5252.09383   85  326 6051.00000 5177.89135  14.4%   255 1912s
 58319 37451 5201.45082   87  593 6051.00000 5177.89135  14.4%   255 1920s
 58447 37137 5253.05310   87  374 6051.00000 5177.89135  14.4%   255 1925s
 58890 37441 5201.62093   89  528 6051.00000 5177.89135  14.4%   255 1932s
H59409 37268                    6041.0000000 5177.89135  14.3%   255 1932s
 59409 37366 5187.89345   45  501 6041.00000 5177.89135  14.3%   255 1937s
 59534 37397 5200.02747   45  522 6041.00000 5177.89135  14.3%   255 1942s
 59623 37439 5191.90148   46  530 6041.00000 5177.89135  14.3%   255 1947s
 59719 37475 5196.97401   46  477 6041.00000 5177.89135  14.3%   256 1951s
 59813 37509 5193.04399   47  507 6041.00000 5177.89135  14.3%   256 1956s
 59915 37569 5206.75614   48  462 6041.00000 5177.89135  14.3%   256 1960s
 60023 37625 5224.89325   48  382 6041.00000 5177.89135  14.3%   256 1965s
 60138 37684 5223.13597   49  435 6041.00000 5177.89135  14.3%   257 1970s
 60261 37745 5223.14431   50  436 6041.00000 5178.33701  14.3%   257 1975s
 60392 37804 5266.42099   51  413 6041.00000 5178.33701  14.3%   257 1980s
 60673 37845 5227.30089   53  426 6041.00000 5179.61338  14.3%   258 1990s
 60706 37862 5246.90673   53  342 6041.00000 5179.61338  14.3%   258 1995s
 60741 37884 5228.44087   54  447 6041.00000 5179.61338  14.3%   258 2000s
 60819 37932 5228.55666   55  441 6041.00000 5179.61338  14.3%   258 2010s
 60871 37949 5291.99352   55  363 6041.00000 5179.61338  14.3%   258 2016s
 60922 37973 5229.05496   56  435 6041.00000 5179.61338  14.3%   258 2023s
 60981 38026 5371.63269   56  354 6041.00000 5180.05818  14.3%   259 2030s
 61104 38104 5229.10148   57  444 6041.00000 5180.05818  14.3%   258 2037s
 61271 38226 5249.98401   57  365 6041.00000 5180.05818  14.3%   259 2044s
 61517 38431 5229.10223   58  442 6041.00000 5180.05818  14.3%   259 2050s
 61858 38612 5235.43920   58  403 6041.00000 5182.23018  14.2%   259 2056s
 62238 38770 5229.24853   60  456 6041.00000 5182.23018  14.2%   259 2063s
 62638 38917 5232.76580   62  436 6041.00000 5182.23018  14.2%   259 2071s
 63005 39102 5233.02022   63  442 6041.00000 5182.23018  14.2%   259 2078s
 63402 39170 5233.45726   66  453 6041.00000 5182.23018  14.2%   260 2085s
 63703 39298 5196.55068   77  658 6041.00000 5182.23018  14.2%   260 2093s
 63993 39492 5196.75857   79  701 6041.00000 5182.38258  14.2%   260 2102s
 64309 39674 5242.13132   80  380 6041.00000 5182.69637  14.2%   260 2109s
 64626 40042 5197.04334   82  622 6041.00000 5182.69637  14.2%   260 2117s
 65134 40224 5197.04509   84  612 6041.00000 5182.69637  14.2%   260 2124s
 65513 40386 5197.28848   86  621 6041.00000 5182.69637  14.2%   260 2131s
 65832 40761 5197.66348   88  689 6041.00000 5182.69637  14.2%   260 2138s
 66336 41107 5234.64834   89  443 6041.00000 5183.09575  14.2%   259 2145s
 66875 41346 5198.11432   91  659 6041.00000 5183.09575  14.2%   259 2152s
 67355 41717 5214.67425   92  381 6041.00000 5183.18005  14.2%   258 2159s
 67963 42028 5258.82054   79  416 6041.00000 5183.18005  14.2%   257 2170s
 68606 42097 5228.43879   83  494 6041.00000 5183.18005  14.2%   258 2178s
 68951 42410 5237.98594   85  366 6041.00000 5183.18005  14.2%   258 2188s
 69494 42898 5232.28256   89  471 6041.00000 5183.18005  14.2%   259 2198s
 70358 43247 5250.62229   93  411 6041.00000 5183.18005  14.2%   259 2206s
 71040 44018 5237.62841   97  505 6041.00000 5183.18005  14.2%   259 2215s
 72102 44124 5239.93074  101  448 6041.00000 5183.41441  14.2%   257 2224s
 72359 44900 5240.64417  104  462 6041.00000 5183.41441  14.2%   257 2233s
 73305 45337 5207.26196   91  559 6041.00000 5183.41441  14.2%   256 2242s
 73858 45529 5219.91101   92  490 6041.00000 5183.41441  14.2%   256 2249s
 74289 45744 5222.27406   94  492 6041.00000 5183.41441  14.2%   256 2255s
 74687 45933 5222.60744   96  461 6041.00000 5183.41441  14.2%   256 2262s
 75106 46150 5222.97091   98  522 6041.00000 5183.41441  14.2%   256 2269s
 75608 46440 5223.54662  100  571 6041.00000 5183.41441  14.2%   256 2276s
 76131 46876 5223.69026  102  612 6041.00000 5183.41441  14.2%   256 2284s
 76833 47092 5224.02162  104  550 6041.00000 5183.41441  14.2%   255 2291s
 77423 47341 5224.29436  106  523 6041.00000 5183.41441  14.2%   255 2299s
 78006 47475 5224.70705  108  501 6041.00000 5183.41441  14.2%   255 2306s
 78401 47581 5286.87535  109  381 6041.00000 5183.41441  14.2%   255 2314s
H78697 47260                    6038.0000000 5183.41441  14.2%   255 2314s
 78697 47729 5399.92946   67  389 6038.00000 5183.41441  14.2%   255 2322s
 79284 47687 5236.19985   69  458 6038.00000 5183.41441  14.2%   255 2327s
 79510 47859 5270.99244   70  434 6038.00000 5183.41441  14.2%   256 2334s
 79846 47963 5256.56773   71  476 6038.00000 5183.41441  14.2%   256 2341s
 80113 48186 5344.01561   72  409 6038.00000 5183.41441  14.2%   256 2347s
 80518 48260 5339.05810   74  347 6038.00000 5183.41441  14.2%   256 2353s
 80769 48291 5260.67918   76  490 6038.00000 5184.33541  14.1%   256 2360s
 80931 48583 5262.10310   77  489 6038.00000 5184.33541  14.1%   256 2365s
 81409 48844 5306.29452   79  370 6038.00000 5184.33541  14.1%   256 2373s
 82059 48974 5264.55443   81  547 6038.00000 5184.33541  14.1%   255 2380s
 82560 49198 5264.55443   82  546 6038.00000 5184.33541  14.1%   255 2387s
 83120 49459 5266.41150   85  534 6038.00000 5184.33541  14.1%   255 2393s
 83756 49599 5266.60360   88  508 6038.00000 5184.33541  14.1%   255 2401s
 84297 50151 5199.94697   94  691 6038.00000 5184.33541  14.1%   255 2412s
 85109 49914 5200.22435   97  666 6038.00000 5184.61177  14.1%   254 2418s
 85144 50034 5213.43946   97  497 6038.00000 5184.64468  14.1%   254 2426s
 85281 50403 5200.36002   99  717 6038.00000 5184.64468  14.1%   254 2434s
 85716 50958 5200.72786  101  802 6038.00000 5184.64468  14.1%   254 2442s
 86451 51413 5219.03855  103  512 6038.00000 5184.64468  14.1%   253 2451s
 87247 51470 5202.74174  106  548 6038.00000 5184.72184  14.1%   253 2458s
 87633 51810 5203.22381  108  550 6038.00000 5185.18593  14.1%   253 2467s
 88159 51665 5203.42748  110  628 6038.00000 5185.18593  14.1%   253 2475s
 88193 51684 infeasible  110      6038.00000 5185.74366  14.1%   253 2482s
 88226 51802 5223.77817  111  355 6038.00000 5185.74366  14.1%   253 2490s
 88369 52108 5203.72564  112  618 6038.00000 5185.74366  14.1%   253 2500s
 88786 52622 5203.91678  114  628 6038.00000 5185.74366  14.1%   253 2510s
 89490 52734 5204.57820  117  638 6038.00000 5185.74366  14.1%   253 2520s
 89869 52823 5244.21146  108  486 6038.00000 5185.74366  14.1%   253 2532s
 90099 55439 5270.21854  109  432 6038.00000 5185.74366  14.1%   253 2557s
 92986 55976 5250.18624  124  529 6038.00000 5187.17239  14.1%   252 2566s
 93585 56940 5252.20820  128  509 6038.00000 5187.17239  14.1%   252 2576s
 94729 57704 5318.57600  133  379 6038.00000 5190.70738  14.0%   251 2585s
 95604 58232 5255.59731  138  497 6038.00000 5190.70738  14.0%   250 2596s
 96264 59348 5258.19328  142  574 6038.00000 5190.70738  14.0%   250 2613s
 97605 60231 5239.59307  111  597 6038.00000 5190.70738  14.0%   250 2624s
 98639 60783 5235.93657  114  591 6038.00000 5190.70738  14.0%   250 2631s
 99349 61410 5277.03145  117  366 6038.00000 5190.70738  14.0%   249 2638s
 100077 61760 5238.11162  120  505 6038.00000 5190.70738  14.0%   249 2645s
 100534 61792 5239.08021  123  571 6038.00000 5190.70738  14.0%   249 2652s
 100566 61942 5239.83234  123  564 6038.00000 5190.70738  14.0%   249 2662s
 100742 62559 5239.18450  124  546 6038.00000 5190.70738  14.0%   248 2671s
 101557 63365 5301.76468  127  340 6038.00000 5190.70738  14.0%   248 2678s
 102507 64031 5240.58628  130  486 6038.00000 5190.70738  14.0%   247 2688s
 103413 64683 5256.97231  133  511 6038.00000 5192.71826  14.0%   247 2697s
 104265 65597 5241.71672  136  454 6038.00000 5192.71826  14.0%   247 2713s
 105422 66249 5276.23341   91  512 6038.00000 5192.71826  14.0%   246 2726s
 106333 66068 5285.39118   96  445 6038.00000 5192.71826  14.0%   247 2735s
 106508 66555 5285.65833   97  450 6038.00000 5192.71826  14.0%   247 2744s
 107207 66827 5403.96632  100  275 6038.00000 5192.71826  14.0%   247 2754s
 107881 66983 5288.67668  102  501 6038.00000 5192.71826  14.0%   247 2763s
 108325 66865 5290.53487  105  472 6038.00000 5192.71826  14.0%   247 2771s
 108361 66899 5313.41372  105  473 6038.00000 5192.71826  14.0%   247 2779s
 108413 67302 5397.92481  106  351 6038.00000 5192.71826  14.0%   247 2789s
 109006 67746 5292.11765  110  525 6038.00000 5198.17779  13.9%   247 2800s
 109781 68105 5293.35430  114  490 6038.00000 5202.51968  13.8%   247 2812s
 110521 68799 5415.29754  118  353 6038.00000 5202.51968  13.8%   247 2823s
 111630 68671 5297.11204  122  475 6038.00000 5202.51968  13.8%   247 2834s
 111987 69896 5307.50778  125  407 6038.00000 5202.51968  13.8%   247 2853s
 113598 70112 5221.51118  120  656 6038.00000 5202.51968  13.8%   246 2866s
 114473 70402 5221.51118  122  653 6038.00000 5203.41610  13.8%   246 2877s
 115226 70809 5221.85312  125  574 6038.00000 5203.41610  13.8%   246 2888s
 115941 71191 5222.14808  128  658 6038.00000 5203.41610  13.8%   246 2901s
 116693 71965 5245.50130  130  441 6038.00000 5203.41610  13.8%   246 2913s
 117798 72718 5270.99570  133  370 6038.00000 5203.41610  13.8%   246 2925s
 118729 73757 5223.20960  136  612 6038.00000 5203.41610  13.8%   245 2937s
 119907 73805 5223.64208  140  625 6038.00000 5203.41610  13.8%   245 2950s
 119957 74479 5254.35151  140  390 6038.00000 5203.41610  13.8%   245 2963s
H120866 74307                    6032.0000000 5205.30966  13.7%   245 2963s
 120866 75607 5300.48014  149  348 6032.00000 5205.30966  13.7%   245 2978s
 122415 76237 5275.78310  158  453 6032.00000 5205.30966  13.7%   244 2989s
 123112 77498 5276.14712  161  446 6032.00000 5205.30966  13.7%   244 3002s
 124545 78485 5287.61548  168  474 6032.00000 5205.30966  13.7%   244 3014s
 125694 79741 5290.43954  174  445 6032.00000 5205.30966  13.7%   244 3027s
 127188 80496 5292.15492  181  444 6032.00000 5205.58694  13.7%   243 3040s
 128114 81935 5294.46782  187  456 6032.00000 5211.04906  13.6%   243 3053s
 129759 83072 5297.61633  197  496 6032.00000 5213.36973  13.6%   242 3068s
H131130 83072                    6030.0000000 5213.36973  13.5%   242 3068s
 131130 84194 5286.60012  140  396 6030.00000 5213.36973  13.5%   242 3081s
 132481 84897 5265.52085  146  574 6030.00000 5213.36973  13.5%   242 3091s
 133296 85982 5266.51825  150  590 6030.00000 5213.36973  13.5%   242 3103s
 134460 87014 5268.72281  155  459 6030.00000 5216.07400  13.5%   241 3114s
 135592 87564 5270.35439  159  602 6030.00000 5216.07400  13.5%   241 3125s
 136266 88576 5272.20529  163  404 6030.00000 5216.07400  13.5%   241 3138s
 137444 88628 5272.97985  167  404 6030.00000 5216.07400  13.5%   241 3152s
 137506 89150 5349.03632  167  296 6030.00000 5216.07400  13.5%   241 3165s
 138157 89872 5274.41832  171  479 6030.00000 5216.07400  13.5%   241 3179s
 139120 90932 5276.39214  177  525 6030.00000 5217.37247  13.5%   241 3194s
 140487 92105 5328.33747  133  517 6030.00000 5217.37247  13.5%   241 3211s
 142035 92177 5372.17755  141  392 6030.00000 5221.00171  13.4%   241 3222s
 142325 92933 5333.46021  145  480 6030.00000 5223.29803  13.4%   241 3234s
 143210 93548 5337.18598  151  450 6030.00000 5227.49434  13.3%   242 3248s
 144021 94623 5339.40297  156  494 6030.00000 5227.49434  13.3%   242 3261s
 145235 95117     cutoff  159      6030.00000 5227.49434  13.3%   242 3273s
 145813 92302 5358.07018  166  404 6030.00000 5227.49434  13.3%   242 3288s
 147580 93652 5352.12383  185  502 6030.00000 5227.95038  13.3%   241 3302s
 149234 94687 5373.42505  202  494 6030.00000 5228.99474  13.3%   240 3316s
H150659 94687                    5994.0000000 5228.99474  12.8%   240 3316s
 150659 96074 5247.50577  143  703 5994.00000 5228.99474  12.8%   240 3337s
 152188 97035 5247.82956  148  653 5994.00000 5229.28810  12.8%   240 3349s
 153316 97430 5247.93941  150  625 5994.00000 5229.28810  12.8%   240 3361s
 153812 97911 5248.02869  153  603 5994.00000 5229.55586  12.8%   240 3376s
 154331 98294 5264.94678  156  564 5994.00000 5229.55586  12.8%   240 3392s
 154770 99056 5253.44696  160  473 5994.00000 5229.55586  12.8%   240 3410s
 155635 100416 5249.58819  164  618 5994.00000 5230.93109  12.7%   240 3428s
 157150 101441 5250.50748  169  620 5994.00000 5232.29717  12.7%   240 3447s
 158392 102616 5251.53788  174  683 5994.00000 5232.29717  12.7%   240 3466s
 159821 103995 5361.10007  203  288 5994.00000 5232.29717  12.7%   240 3485s
 161576 105166 5320.52352  214  515 5994.00000 5233.44561  12.7%   240 3501s
 163059 107124 5322.98265  223  515 5994.00000 5233.44561  12.7%   240 3517s
 165245 109260 5326.75072  234  419 5994.00000 5233.44561  12.7%   239 3532s
 167515 109289 5329.79749  244  430 5994.00000 5233.44561  12.7%   238 3547s
 167547 109316 5361.26754  244  362 5994.00000 5233.44561  12.7%   238 3562s
 167580 110975 5329.89190  245  443 5994.00000 5233.44561  12.7%   238 3578s
 169492 112360 5336.76372  256  495 5994.00000 5234.50275  12.7%   238 3594s
 170985 114364 5339.39632  263  361 5994.00000 5234.50275  12.7%   237 3610s
H173225 114364                    5993.0000000 5234.50275  12.7%   236 3611s
 173225 115424 5296.29574  183  433 5993.00000 5234.50275  12.7%   236 3629s
 174706 116570 5299.00076  191  424 5993.00000 5235.60479  12.6%   236 3647s
 176407 117355 5300.26095  199  421 5993.00000 5237.33575  12.6%   237 3664s
 177746 118350 5302.08245  207  455 5993.00000 5237.33575  12.6%   237 3680s
 179363 119257 5302.83450  213  456 5993.00000 5237.33575  12.6%   237 3698s
 180562 120417 5303.32679  220  444 5993.00000 5237.33575  12.6%   238 3718s
 182138 122519 5305.52426  229  469 5993.00000 5237.33575  12.6%   238 3736s
 184399 124983 5307.13936  238  468 5993.00000 5239.89627  12.6%   237 3755s
 187152 125967 5395.41421  229  510 5993.00000 5239.89627  12.6%   236 3777s
 188741 126474 5347.61060   50  279 5993.00000 5239.90213  12.6%   236 3796s
 189900 127271 5356.94931   32  352 5993.00000 5239.90213  12.6%   237 3816s
 191563 127637     cutoff   59      5993.00000 5239.90213  12.6%   238 3835s
 192105 128046 5271.29524   40  412 5993.00000 5239.90213  12.6%   238 3856s
 193626 128642 5406.78074   76  391 5993.00000 5243.34353  12.5%   239 3878s
 194289 130800 5331.75446   44  320 5993.00000 5243.34353  12.5%   239 3901s
 196770 132928 5300.36797   45  349 5993.00000 5248.69332  12.4%   239 3924s
H199233 132928                    5988.0000000 5248.69332  12.3%   239 3924s
 199233 134740 5268.48118  179  634 5988.00000 5248.69332  12.3%   239 3947s
 201369 135679 5273.29570  187  670 5988.00000 5248.89181  12.3%   238 3963s
 202484 136767 5274.00384  192  495 5988.00000 5248.89181  12.3%   238 3981s
 203802 138391 5274.24022  196  458 5988.00000 5248.89181  12.3%   238 3999s
 205692 139235 5275.24403  202  530 5988.00000 5249.10498  12.3%   238 4017s
 206706 140154 5275.88116  207  593 5988.00000 5249.10498  12.3%   238 4037s
 207749 142385 5276.12934  210  539 5988.00000 5249.10498  12.3%   238 4059s
 210104 143781 5276.41601  217  542 5988.00000 5249.10498  12.3%   237 4080s
 211669 146490 5358.10431  275  449 5988.00000 5249.10498  12.3%   237 4103s
 214831 148671 5363.67730  292  438 5988.00000 5250.66996  12.3%   236 4119s
 217646 138607 5273.31369   32  941 5988.00000 5273.31369  11.9%   235 4724s
 217648 138611 5273.31369   33  915 5988.00000 5273.31369  11.9%   235 4728s
 217652 138617 5273.35929   34  949 5988.00000 5273.31614  11.9%   235 4731s
 217676 138657 5286.29900   36  687 5988.00000 5284.12951  11.8%   235 4740s
 217708 138679 5299.71592   37  517 5988.00000 5286.29915  11.7%   235 4745s
 217740 138717 5300.07983   38  599 5988.00000 5286.29915  11.7%   235 4750s
 217790 136923 5300.46796   39  652 5988.00000 5286.29915  11.7%   235 4757s
 217865 136986 5301.24276   40  571 5988.00000 5286.29915  11.7%   236 4761s
 217957 137037 5301.98485   41  622 5988.00000 5286.29915  11.7%   236 4765s
 218040 137081 5302.24613   42  595 5988.00000 5286.29915  11.7%   236 4770s
 218194 137147 5306.70698   43  588 5988.00000 5286.29915  11.7%   236 4778s
 218262 137181 5351.06794   44  424 5988.00000 5287.99456  11.7%   236 4782s
 218333 137207 5305.32713   45  626 5988.00000 5288.04705  11.7%   236 4786s
 218393 137240 5315.88407   45  578 5988.00000 5288.04705  11.7%   236 4790s
 218509 137306 5305.88556   47  509 5988.00000 5288.04705  11.7%   236 4799s
 218568 137352 5306.55876   48  514 5988.00000 5289.44794  11.7%   236 4803s
 218640 137358 5307.25439   49  595 5988.00000 5289.44794  11.7%   236 4806s
 218672 137381 5352.67148   49  322 5988.00000 5289.44794  11.7%   236 4811s
 218761 137443 5320.01440   50  454 5988.00000 5289.44794  11.7%   236 4818s
 218814 137486 5320.84240   51  421 5988.00000 5289.44794  11.7%   236 4821s
 218880 137530 5354.27139   51  327 5988.00000 5289.44794  11.7%   236 4826s
 218954 137573 5321.17392   52  402 5988.00000 5290.37704  11.7%   236 4830s
 219118 137672 5334.89575   53  417 5988.00000 5290.37704  11.7%   236 4839s
 219213 137729 5325.97306   53  464 5988.00000 5290.37704  11.7%   236 4843s
 219311 137794 5327.49283   54  422 5988.00000 5290.37704  11.7%   237 4847s
 219425 137863 5434.92630   54  317 5988.00000 5290.37704  11.7%   237 4852s
 219553 137940 5327.66899   55  460 5988.00000 5290.37704  11.7%   237 4858s
 219685 138012 5327.49283   55  421 5988.00000 5290.37704  11.7%   237 4863s
 219823 138074 5327.78960   56  417 5988.00000 5290.37704  11.7%   237 4868s
 219962 138144 5362.91531   56  389 5988.00000 5290.37704  11.7%   237 4874s
 220104 138221 5328.27630   57  505 5988.00000 5290.73958  11.6%   237 4880s
 220263 138295 5328.25049   59  478 5988.00000 5290.73958  11.6%   237 4886s
 220428 138373 5329.10095   61  492 5988.00000 5291.46838  11.6%   237 4893s
 220588 138467 5330.75787   63  526 5988.00000 5291.46838  11.6%   237 4899s
 220757 138547 5331.19886   64  533 5988.00000 5291.46838  11.6%   237 4905s
 220933 138650 5332.28704   66  479 5988.00000 5291.46838  11.6%   237 4911s
 221128 138744 5332.74837   68  478 5988.00000 5291.46838  11.6%   237 4918s
 221319 138839 5333.92285   70  517 5988.00000 5291.46838  11.6%   237 4924s
 221529 138948 5334.81579   72  434 5988.00000 5291.46838  11.6%   237 4931s
 221757 139052 5335.87191   74  467 5988.00000 5291.53195  11.6%   237 4938s
 221970 139170 5409.02967   76  214 5988.00000 5291.53195  11.6%   237 4945s
 222198 139296 5339.53090   79  429 5988.00000 5291.53195  11.6%   237 4953s
 222447 139403 5340.63721   83  407 5988.00000 5292.02215  11.6%   237 4962s
 222682 139560 5374.67849   85  300 5988.00000 5292.02215  11.6%   237 4970s
 222962 139680 5342.79731   88  437 5988.00000 5292.02215  11.6%   237 4979s
 223247 139804 5343.34608   91  504 5988.00000 5292.02215  11.6%   237 4987s
 223545 139932 5346.63921   97  446 5988.00000 5292.54791  11.6%   237 4996s
 223847 140077 5348.18464  100  433 5988.00000 5293.02370  11.6%   237 5005s
 224170 140201 5351.11626  103  388 5988.00000 5293.46197  11.6%   237 5015s
 224507 140350 5351.70798  106  411 5988.00000 5293.46197  11.6%   237 5025s
 224896 140531 5418.50289  111  260 5988.00000 5293.81538  11.6%   237 5036s
 225312 140869 5352.70042  115  453 5988.00000 5293.81538  11.6%   237 5047s
 225889 141267 5353.28309  119  429 5988.00000 5293.81538  11.6%   237 5058s
 226584 141894 5354.95011  125  439 5988.00000 5293.81538  11.6%   237 5069s
H227512 141585                    5966.0000000 5293.81538  11.3%   237 5069s
 227512 143815 5365.64686  246  398 5966.00000 5293.81538  11.3%   237 5092s
 230304 145908 5367.62627  257  449 5966.00000 5293.81538  11.3%   236 5109s
 233095 146145 5303.69472   42  928 5966.00000 5303.69472  11.1%   236 5723s
 233097 146149 5304.05695   43  824 5966.00000 5303.69472  11.1%   236 5726s
 233101 146155 5304.61363   44  902 5966.00000 5304.05724  11.1%   236 5730s
 233125 146195 5307.24985   46 1059 5966.00000 5307.12437  11.0%   236 5742s
 233157 146217 5307.32802   47 1028 5966.00000 5307.24985  11.0%   236 5748s
 233189 146248 5308.00779   48  894 5966.00000 5307.24985  11.0%   236 5755s
 233231 146291 5308.14422   49  902 5966.00000 5307.24985  11.0%   236 5762s
 233288 146308 5308.14492   50  870 5966.00000 5307.24985  11.0%   236 5768s
 233328 146356 5325.12349   50  554 5966.00000 5307.24985  11.0%   236 5775s
 233393 146407 5308.38670   51  820 5966.00000 5307.32979  11.0%   236 5781s
 233471 146467 5321.90388   51  455 5966.00000 5307.32979  11.0%   236 5786s
 233565 146487 5308.60857   52  867 5966.00000 5307.32979  11.0%   237 5792s
 233623 146533 5341.42044   52  580 5966.00000 5307.32979  11.0%   237 5796s
 233699 146572 5310.71312   53  836 5966.00000 5307.32979  11.0%   237 5801s
 233775 146622 5310.75399   53  744 5966.00000 5307.32979  11.0%   237 5807s
 233859 146667 5311.13833   54  792 5966.00000 5310.71338  11.0%   237 5811s
 233937 146710 5332.54179   54  685 5966.00000 5310.75627  11.0%   237 5816s
 234023 146753 5311.56500   55  838 5966.00000 5310.75627  11.0%   237 5821s
 234113 146782 5313.39017   56  880 5966.00000 5310.75627  11.0%   237 5827s
 234194 146824 5321.88204   56  578 5966.00000 5310.75627  11.0%   237 5831s
 234280 146868 5313.79295   57  775 5966.00000 5310.76790  11.0%   238 5836s
 234368 146917 5313.89355   58  731 5966.00000 5310.76790  11.0%   238 5842s
 234467 146970 5313.89355   59  730 5966.00000 5310.76790  11.0%   238 5849s
 234572 147034 5317.37245   60  662 5966.00000 5313.89963  10.9%   238 5855s
 234690 147095 5345.25594   60  629 5966.00000 5315.49825  10.9%   238 5861s
 234811 147168 5354.41222   61  613 5966.00000 5315.64757  10.9%   238 5867s
 234942 147249 5317.66345   61  747 5966.00000 5315.65057  10.9%   238 5874s
 235076 147331 5319.11794   63  832 5966.00000 5315.65057  10.9%   238 5880s
 235218 147374 5325.41534   64  710 5966.00000 5315.65057  10.9%   238 5886s
 235329 147367 5327.39916   64  588 5966.00000 5315.65057  10.9%   238 5892s
 235365 147402 5326.09879   65  671 5966.00000 5315.65057  10.9%   239 5899s
 235429 147491 5326.54542   66  688 5966.00000 5315.65057  10.9%   239 5905s
 235565 147572 5327.02278   67  668 5966.00000 5315.65057  10.9%   239 5911s
 235732 147644 5327.27167   68  688 5966.00000 5315.65325  10.9%   239 5918s
 235896 147725 5327.66208   69  759 5966.00000 5315.80776  10.9%   239 5924s
 236065 147791 5331.22695   70  709 5966.00000 5315.80776  10.9%   239 5932s
 236237 147885 5329.14489   71  708 5966.00000 5315.80776  10.9%   239 5940s
 236422 147848 5329.47279   72  762 5966.00000 5315.80776  10.9%   239 5947s
 236456 147869 5362.76704   72  439 5966.00000 5315.80776  10.9%   239 5953s
 236496 147934 5329.56302   73  756 5966.00000 5315.80776  10.9%   239 5960s
 236595 148066 5358.42222   73  475 5966.00000 5315.80776  10.9%   239 5969s
 236791 148215 5329.56302   74  756 5966.00000 5315.97400  10.9%   239 5978s
 237050 148358 5329.98061   75  736 5966.00000 5315.97400  10.9%   239 5986s
 237310 148520 5368.73584   76  394 5966.00000 5318.02963  10.9%   239 5994s
 237602 148689 5368.95989   77  434 5966.00000 5318.02963  10.9%   239 6003s
 237925 148837 5346.34443   79  579 5966.00000 5318.02963  10.9%   239 6013s
 238245 148974 5334.61901   80  667 5966.00000 5319.75622  10.8%   240 6023s
 238572 149114 5377.38170   81  490 5966.00000 5319.75622  10.8%   240 6033s
 238894 149245 5337.11190   82  575 5966.00000 5319.75622  10.8%   240 6044s
 239194 149439 5337.00210   84  741 5966.00000 5319.75622  10.8%   240 6055s
 239585 149608 5369.38217   85  436 5966.00000 5319.75622  10.8%   240 6065s
 239976 149781 5338.33590   87  645 5966.00000 5319.75622  10.8%   240 6076s
 240377 149948 5338.50277   89  668 5966.00000 5321.16555  10.8%   240 6088s
 240807 150072 5339.32386   91  785 5966.00000 5321.16555  10.8%   241 6100s
 241248 150260 5339.62688   93  732 5966.00000 5321.16555  10.8%   241 6113s
 241710 150406 5339.72536   95  773 5966.00000 5321.16555  10.8%   241 6126s
 242148 150631 5339.94856   97  784 5966.00000 5321.16555  10.8%   241 6140s
 242640 150961 5340.58649   99  734 5966.00000 5321.16555  10.8%   242 6154s
 243284 152671 5417.12158  104  443 5966.00000 5321.16555  10.8%   242 6180s
 245612 153654 5450.19869  178  414 5966.00000 5321.16555  10.8%   242 6202s
 246870 155736 5485.24205  212  374 5966.00000 5321.16555  10.8%   242 6226s
 249540 155925 5329.89160   34  705 5966.00000 5329.66711  10.7%   242 6942s
 249542 155929 5330.37611   35  817 5966.00000 5329.89160  10.7%   242 6945s
 249554 155947 5335.08238   37  675 5966.00000 5330.40811  10.7%   242 6953s
 249570 155969 5335.30457   38  683 5966.00000 5335.09123  10.6%   242 6958s
 249600 155989 5335.47212   39  699 5966.00000 5335.31691  10.6%   242 6963s
 249632 156023 5343.15240   40  613 5966.00000 5335.47290  10.6%   242 6970s
 249679 156068 5357.08863   41  662 5966.00000 5335.47290  10.6%   242 6977s
 249743 156122 5353.26694   41  614 5966.00000 5335.47290  10.6%   242 6982s
 249834 156120 5358.13006   42  595 5966.00000 5335.47290  10.6%   242 6987s
 249867 156139 5364.67835   42  512 5966.00000 5335.47290  10.6%   242 6994s
 249899 156156 5358.64439   43  619 5966.00000 5335.47290  10.6%   243 6998s
 249932 156174 5418.06658   43  375 5966.00000 5335.47290  10.6%   243 7004s
 249965 156191 5358.90398   44  528 5966.00000 5335.47290  10.6%   243 7008s
 249997 156206 5431.75306   44  516 5966.00000 5335.47290  10.6%   243 7013s
 250029 156221 5368.82400   45  434 5966.00000 5335.47290  10.6%   243 7018s
 250062 156235 5373.74206   45  474 5966.00000 5335.47290  10.6%   243 7023s
 250097 156249 5374.53279   46  467 5966.00000 5342.86368  10.4%   243 7029s
 250131 156263 5403.05879   46  399 5966.00000 5342.86386  10.4%   243 7033s
 250164 156279 5375.68108   47  458 5966.00000 5342.86386  10.4%   243 7037s
 250197 156293 5442.94571   47  496 5966.00000 5342.86386  10.4%   243 7043s
 250231 156306 5375.71040   48  473 5966.00000 5342.86386  10.4%   243 7048s
 250266 156320 5420.30961   48  477 5966.00000 5342.86386  10.4%   243 7054s
 250299 156337 5382.69770   49  412 5966.00000 5351.29443  10.3%   243 7060s
 250338 156352 5398.49882   49  411 5966.00000 5351.29443  10.3%   243 7065s
 250378 156381 5384.17297   50  327 5966.00000 5351.29443  10.3%   243 7071s
 250432 156411 5387.91887   50  254 5966.00000 5351.29443  10.3%   243 7076s
 250497 156446 5388.79965   51  254 5966.00000 5351.29443  10.3%   243 7081s
 250577 156488 5388.72721   51  208 5966.00000 5352.38626  10.3%   244 7087s
 250675 156526 5399.52739   52  282 5966.00000 5352.38626  10.3%   244 7093s
 250785 156557 5400.29277   52  212 5966.00000 5352.38626  10.3%   244 7099s
 250899 156612 5400.85281   53  199 5966.00000 5352.38626  10.3%   244 7104s
 251046 156588 5401.61471   54  307 5966.00000 5353.27935  10.3%   244 7111s
 251081 156605 5487.69902   54  337 5966.00000 5353.27935  10.3%   244 7117s
 251119 156642 5402.78874   55  288 5966.00000 5353.69921  10.3%   244 7123s
 251188 156712     cutoff   55      5966.00000 5353.69921  10.3%   244 7130s
 251317 156793 5404.33951   57  303 5966.00000 5353.69921  10.3%   244 7135s
 251503 156862 5404.90149   59  298 5966.00000 5353.69921  10.3%   244 7142s
 251697 156929     cutoff   61      5966.00000 5354.17724  10.3%   244 7149s
 251891 156993     cutoff   64      5966.00000 5354.17724  10.3%   244 7157s
 252116 157052     cutoff   68      5966.00000 5354.17724  10.3%   244 7165s
 252344 157103     cutoff   73      5966.00000 5354.67204  10.2%   244 7173s
 252552 157173     cutoff   77      5966.00000 5355.70794  10.2%   244 7181s
 252777 157223 5493.47361   81  274 5966.00000 5355.94278  10.2%   244 7189s
 253017 157283 infeasible   84      5966.00000 5356.04614  10.2%   244 7197s
 253262 157354     cutoff   89      5966.00000 5356.90675  10.2%   244 7205s
 253508 157433     cutoff   93      5966.00000 5357.62520  10.2%   244 7214s
 253779 157519     cutoff   99      5966.00000 5358.49393  10.2%   244 7223s
 254062 157446     cutoff  105      5966.00000 5358.49393  10.2%   244 7232s
 254098 157475 5464.43288  106  290 5966.00000 5359.99625  10.2%   244 7241s
 254154 157562 5433.65038  107  328 5966.00000 5359.99625  10.2%   244 7251s
 254317 157688     cutoff  107      5966.00000 5360.32936  10.2%   244 7261s
 254606 157822     cutoff  111      5966.00000 5361.28209  10.1%   244 7270s
 254915 157992 5436.39705  123  371 5966.00000 5361.45798  10.1%   244 7281s
 255257 158163 infeasible  130      5966.00000 5361.62062  10.1%   244 7291s
 255648 158307 5440.09789  141  441 5966.00000 5362.21142  10.1%   244 7302s
 256053 158475 5472.84188  147  337 5966.00000 5362.69037  10.1%   244 7314s
 256458 158660 infeasible  158      5966.00000 5362.69037  10.1%   244 7325s
 256944 158860 5394.51177   43  470 5966.00000 5362.69037  10.1%   244 7337s
 257480 159268 5421.15159   53  408 5966.00000 5363.17548  10.1%   244 7350s
 258267 159803 5459.87879   69  472 5966.00000 5363.17548  10.1%   244 7362s
 259276 162143 5390.81766  222  556 5966.00000 5363.17548  10.1%   244 7390s
 262132 164017 5404.54110  232  410 5966.00000 5364.18036  10.1%   243 7410s
 264189 165931 5399.75994  239  434 5966.00000 5364.18036  10.1%   242 7429s
 266376 167193 5401.36116  245  467 5966.00000 5365.96064  10.1%   242 7449s
 268044 167398 5388.43894   42 1107 5966.00000 5387.51097  9.70%   242 8279s
 268046 167401 5388.56521   43  936 5966.00000 5388.45942  9.68%   242 8283s
 268050 167408 5389.37551   44 1166 5966.00000 5388.57820  9.68%   242 8287s
 268058 167421 5389.48292   45 1293 5966.00000 5389.38479  9.67%   242 8292s
 268074 167445 5390.20767   46 1231 5966.00000 5389.48298  9.66%   242 8299s
 268106 167464 5397.43932   47  587 5966.00000 5390.20870  9.65%   242 8304s
 268138 167495 5398.30231   48  664 5966.00000 5393.49957  9.60%   242 8311s
 268189 167556 5398.78218   49  648 5966.00000 5393.49957  9.60%   242 8318s
 268281 167552 5399.83706   50  937 5966.00000 5393.49957  9.60%   243 8324s
 268313 167570 5455.26561   50  636 5966.00000 5393.49957  9.60%   243 8331s
 268347 167587 5400.95922   51  693 5966.00000 5393.49957  9.60%   243 8337s
 268381 167604 5400.19371   51  766 5966.00000 5393.49957  9.60%   243 8342s
 268414 167623 5401.22979   52  747 5966.00000 5393.49957  9.60%   243 8346s
 268446 167637 5417.86752   52  598 5966.00000 5393.49957  9.60%   243 8353s
 268479 167660 5401.49420   53  823 5966.00000 5393.49957  9.60%   243 8359s
 268520 167687 5439.33384   53  451 5966.00000 5395.40842  9.56%   243 8365s
 268568 167722 5401.74880   54  727 5966.00000 5395.40842  9.56%   243 8371s
 268631 167756 5414.12685   54  404 5966.00000 5395.40842  9.56%   243 8377s
 268704 167785 5402.84939   55  666 5966.00000 5395.40842  9.56%   243 8383s
 268783 167808 5410.52471   55  416 5966.00000 5395.40842  9.56%   243 8388s
 268853 167848 5402.97078   56  696 5966.00000 5395.40842  9.56%   243 8393s
 268929 167871 5422.13780   56  698 5966.00000 5395.41520  9.56%   243 8400s
 269001 167901 5403.37697   57  767 5966.00000 5396.18371  9.55%   243 8406s
 269072 167947 5413.15144   57  452 5966.00000 5396.18371  9.55%   243 8412s
 269155 167990 5403.47896   58  854 5966.00000 5396.18371  9.55%   243 8419s
 269234 168032 5404.68550   59  810 5966.00000 5396.18371  9.55%   244 8425s
 269320 168084 5414.31013   59  786 5966.00000 5396.18371  9.55%   244 8432s
 269424 168120 5405.13214   60  816 5966.00000 5396.18371  9.55%   244 8439s
 269524 168171 5407.36300   61  840 5966.00000 5396.18371  9.55%   244 8445s
 269638 168223 5407.40961   62  816 5966.00000 5396.18371  9.55%   244 8453s
 269757 168280 5407.90980   63  757 5966.00000 5396.18371  9.55%   244 8459s
 269891 168321 5409.71359   64  681 5966.00000 5396.18371  9.55%   244 8467s
 270027 168370 5412.47417   65  573 5966.00000 5396.18371  9.55%   244 8474s
 270179 168408 5412.87332   66  557 5966.00000 5396.18371  9.55%   244 8483s
 270326 168452 5413.38649   67  644 5966.00000 5396.44667  9.55%   244 8491s
 270462 168481 5413.88981   68  615 5966.00000 5396.44667  9.55%   244 8500s
 270566 168552 5414.86324   69  572 5966.00000 5396.94982  9.54%   244 8508s
 270702 168624 5416.35670   70  499 5966.00000 5396.94982  9.54%   244 8516s
 270846 168697     cutoff   71      5966.00000 5396.95751  9.54%   245 8525s
 270990 168773 5417.50187   73  457 5966.00000 5396.95751  9.54%   245 8535s
 271151 168862 5427.66097   74  403 5966.00000 5396.95751  9.54%   245 8543s
 271317 168958 5421.70305   77  496 5966.00000 5396.95751  9.54%   245 8552s
 271513 169030 5421.70305   78  496 5966.00000 5396.95751  9.54%   245 8564s
 271718 169107 5437.14755   79  410 5966.00000 5396.95751  9.54%   245 8574s
 271913 169217 5451.02583   80  282 5966.00000 5396.95751  9.54%   245 8585s
 272127 169353 5452.02295   82  322 5966.00000 5398.08588  9.52%   245 8595s
 272364 169486 5443.57652   83  429 5966.00000 5398.08588  9.52%   245 8606s
 272608 169618 5446.46125   86  327 5966.00000 5398.08588  9.52%   245 8617s
 272864 169781 5464.00592   88  277 5966.00000 5398.08588  9.52%   245 8629s
 273148 169935 5462.28688   91  300 5966.00000 5398.08588  9.52%   245 8641s
 273448 170086 5460.73715   95  419 5966.00000 5398.08588  9.52%   245 8653s
 273757 170229 5461.37314   99  443 5966.00000 5398.51148  9.51%   245 8666s
 274082 170151 5462.68009  102  410 5966.00000 5398.51148  9.51%   245 8680s
 274115 170255 5481.02484  102  288 5966.00000 5398.51148  9.51%   245 8693s
 274251 170498 5472.64821  104  385 5966.00000 5398.51148  9.51%   245 8707s
 274595 171178 5460.92060  134  471 5966.00000 5398.51148  9.51%   246 8718s
 275527 171354 5466.19088  140  492 5966.00000 5398.51148  9.51%   245 8724s
 276137 171595 5466.67798  145  393 5966.00000 5398.51148  9.51%   245 8731s
 276765 171783 5469.01427  149  413 5966.00000 5398.51148  9.51%   245 8738s
 277315 172007 5470.45645  153  456 5966.00000 5399.65967  9.49%   245 8744s
 277784 171888     cutoff  159      5966.00000 5399.65967  9.49%   245 8750s
 277827 172101 5515.17845  160  357 5966.00000 5399.65967  9.49%   245 8757s
 278125 172526 5472.72450  162  439 5966.00000 5399.65967  9.49%   245 8764s
 278769 172970 5521.11982  166  368 5966.00000 5399.87347  9.49%   245 8771s
 279562 173403 5474.84779  171  407 5966.00000 5399.87347  9.49%   244 8779s
 280371 173698 5476.06502  178  423 5966.00000 5399.87347  9.49%   244 8786s
 281062 174204 5476.92644  183  434 5966.00000 5399.87347  9.49%   244 8794s
 282016 174439 5478.67223  189  478 5966.00000 5399.87347  9.49%   244 8802s
 282705 174868 5482.74236  194  443 5966.00000 5399.87347  9.49%   244 8810s
 283503 175302 5483.68454  199  415 5966.00000 5399.87347  9.49%   243 8818s
 284349 175423 5485.05590  209  446 5966.00000 5400.32561  9.48%   243 8827s
 284879 175683 5511.25486  216  421 5966.00000 5400.32561  9.48%   243 8837s
 285442 173748 5487.87594  220  410 5966.00000 5400.32561  9.48%   243 8846s
 285474 172505 5499.51099  220  245 5966.00000 5400.32561  9.48%   243 8856s
 286149 173128 5506.68008  235  319 5966.00000 5400.32561  9.48%   243 8866s
 287224 173493 5532.78916  266  190 5966.00000 5402.80178  9.44%   243 8876s
 288126 174278 5532.51170   49  312 5966.00000 5402.80178  9.44%   243 8887s
 289313 175115 5452.28707   55  425 5966.00000 5402.80178  9.44%   242 8897s
 290618 176061 5480.61307   94  402 5966.00000 5402.80178  9.44%   242 8908s
 292170 176564 5489.23421  126  505 5966.00000 5403.79432  9.42%   242 8919s
 293408 177900 5508.54234  170  420 5966.00000 5403.79432  9.42%   241 8940s
H295460 177216                    5963.0000000 5404.17643  9.37%   241 8940s
 295460 177627 5424.41816  101  731 5963.00000 5404.17643  9.37%   241 8954s
 296041 177865 5424.84450  103  674 5963.00000 5404.17643  9.37%   241 8965s
 296604 178095 5442.25645  105  558 5963.00000 5404.17643  9.37%   241 8977s
 297221 178341 5425.59459  107  727 5963.00000 5404.17643  9.37%   241 8988s
 297871 178583 5425.84562  109  701 5963.00000 5404.92077  9.36%   241 9000s
 298503 178812 5427.49954  111  644 5963.00000 5404.92077  9.36%   242 9010s
 299179 179065 5427.87049  113  767 5963.00000 5405.35114  9.35%   242 9022s
 299804 179416 5428.35644  115  715 5963.00000 5405.35114  9.35%   242 9034s
 300570 179762 5428.96357  117  721 5963.00000 5405.35114  9.35%   242 9047s
 301350 180063 5429.45460  119  746 5963.00000 5405.35114  9.35%   242 9059s
 302080 180470 5443.87450  121  595 5963.00000 5405.35114  9.35%   242 9071s
 302835 180997 5436.83607  123  594 5963.00000 5405.35114  9.35%   243 9084s
 303817 181468 5469.80831  125  503 5963.00000 5405.35114  9.35%   243 9097s
 304880 181892 5466.27593  127  390 5963.00000 5405.35114  9.35%   243 9111s
 305888 181915 5438.31573  130  728 5963.00000 5405.35114  9.35%   243 9125s
 306423 182272 5438.70629  133  545 5963.00000 5405.35114  9.35%   243 9139s
 307294 183127 5469.16114  136  417 5963.00000 5405.35114  9.35%   243 9155s
 308979 183357 5442.99445  139  676 5963.00000 5405.35114  9.35%   243 9169s
 310120 183841 5444.43822  142  680 5963.00000 5405.35114  9.35%   243 9184s
 311243 184534 5445.61609  145  694 5963.00000 5405.35114  9.35%   243 9200s
 312463 185490 5446.02410  148  727 5963.00000 5405.35114  9.35%   243 9216s
 314044 186871 5463.71150  151  655 5963.00000 5405.35114  9.35%   243 9242s
 316150 186842 5516.07333   99  422 5963.00000 5405.35114  9.35%   243 9257s
 317093 186899 5466.07300   51  497 5963.00000 5406.74882  9.33%   243 9266s
 317563 187224 5455.21822   56  472 5963.00000 5407.95739  9.31%   243 9274s
 318104 187620 5462.07436   70  382 5963.00000 5408.21029  9.30%   243 9282s
 318779 187874 5475.09084   86  523 5963.00000 5408.21029  9.30%   243 9291s
 319449 188193 5483.33816  101  411 5963.00000 5408.21029  9.30%   243 9300s
 320224 188443     cutoff  112      5963.00000 5408.21029  9.30%   243 9310s
 320898 188713 5498.07094  130  450 5963.00000 5408.21029  9.30%   242 9318s
 321561 189059 5505.14718  152  505 5963.00000 5408.21029  9.30%   242 9328s
 322360 189337 5513.78064  178  419 5963.00000 5408.21029  9.30%   242 9337s
 323051 189583 5428.34438   43  535 5963.00000 5408.21029  9.30%   242 9347s
 323764 189788 5504.47460   47  349 5963.00000 5408.21029  9.30%   242 9357s
 324430 190094 5446.67293   48  403 5963.00000 5408.21029  9.30%   243 9368s
 325190 190473 5499.27815   53  328 5963.00000 5408.21029  9.30%   243 9378s
 326043 191009 5463.72949   42  393 5963.00000 5408.21029  9.30%   243 9389s
 327069 191537 5453.43732   45  418 5963.00000 5408.21029  9.30%   242 9401s
 328275 191719 5491.88828   45  416 5963.00000 5408.21029  9.30%   242 9413s
 329228 191934 5433.54544   54  473 5963.00000 5410.46794  9.27%   242 9425s
 329939 192531 5495.26594   81  408 5963.00000 5410.46794  9.27%   242 9438s
 330996 192892 5489.23588   51  364 5963.00000 5410.46794  9.27%   242 9452s
 331922 193659 5525.55585   83  462 5963.00000 5410.46794  9.27%   242 9465s
 333274 193896 5458.04730   57  367 5963.00000 5410.46794  9.27%   242 9480s
 334392 194059 5469.40024   62  429 5963.00000 5410.46794  9.27%   242 9494s
 335665 195069 5512.61308   87  361 5963.00000 5416.40983  9.17%   242 9519s
 337888 194615 5487.52988  108  414 5963.00000 5421.40353  9.08%   242 9534s
 338247 194723 5488.78303  113  458 5963.00000 5421.40353  9.08%   242 9547s
 338535 194907 5519.48801  117  356 5963.00000 5421.41805  9.08%   242 9559s
 338867 195070 5491.54595  121  436 5963.00000 5421.41805  9.08%   242 9573s
 339248 195289 5493.07108  124  456 5963.00000 5421.47541  9.08%   242 9587s
 339672 195662 5493.28177  128  461 5963.00000 5421.47541  9.08%   242 9602s
 340316 196023 5494.58355  134  436 5963.00000 5421.47541  9.08%   242 9615s
 340994 196173 5496.70301  139  488 5963.00000 5421.47541  9.08%   242 9628s
 341476 196596 5498.92060  143  484 5963.00000 5421.47541  9.08%   242 9641s
 342188 196999 5499.85522  148  456 5963.00000 5421.47541  9.08%   242 9654s
 342960 197282 5538.31459  154  332 5963.00000 5421.47541  9.08%   242 9666s
 343650 197693 5503.70270  160  371 5963.00000 5421.47541  9.08%   242 9679s
 344388 198196 5504.62215  167  398 5963.00000 5421.47541  9.08%   242 9692s
 345211 198772 5506.79745  172  342 5963.00000 5421.47541  9.08%   242 9705s
 346156 199353 5509.32415  178  413 5963.00000 5421.47541  9.08%   242 9717s
 347128 199811 5510.38515  185  407 5963.00000 5421.47541  9.08%   242 9731s
 347992 200059 5510.85143  193  438 5963.00000 5421.47541  9.08%   242 9744s
 348639 200611 5515.61813  201  409 5963.00000 5421.47541  9.08%   242 9758s
 349523 200893 5538.48243  212  209 5963.00000 5421.47541  9.08%   242 9772s
 350194 201666 5550.38608  219  320 5963.00000 5421.47541  9.08%   242 9787s
 351346 201896 infeasible  279      5963.00000 5421.47541  9.08%   241 9804s
 352073 202625 5443.76021   58  388 5963.00000 5421.47541  9.08%   241 9819s
 353167 203290 5451.73726   71  422 5963.00000 5421.47541  9.08%   241 9836s
 354369 204206 5460.96134   76  316 5963.00000 5421.47541  9.08%   241 9852s
 355865 204806 5462.01696  109  556 5963.00000 5421.47541  9.08%   241 9869s
 357166 205598 5469.01020  152  497 5963.00000 5421.47541  9.08%   241 9886s
 358576 206703 5455.01802   42  503 5963.00000 5421.47541  9.08%   241 9906s
 360641 207015 5481.76874   81  549 5963.00000 5421.47541  9.08%   240 9919s
 361830 208128 5503.87572  118  426 5963.00000 5421.47541  9.08%   240 9933s
 363626 208956 5533.44067  172  391 5963.00000 5423.69859  9.04%   240 9946s
 365297 209754 5505.95838   66  472 5963.00000 5423.69859  9.04%   239 9960s
 366992 210709 5455.76067   77  335 5963.00000 5423.94840  9.04%   239 9974s
 368722 211974 5515.01780  141  319 5963.00000 5423.94840  9.04%   239 9989s
 370840 211867 5457.31777   47  444 5963.00000 5423.94840  9.04%   238 10005s
 371654 213862 5480.46658   65  461 5963.00000 5424.97864  9.02%   238 10022s
 374149 214871 5521.05692  135  425 5963.00000 5425.46561  9.01%   237 10038s
 376237 215836 5469.41548   43  643 5963.00000 5425.56013  9.01%   237 10054s
 378302 217005 5467.21553   62  425 5963.00000 5426.01949  9.01%   237 10071s
 380419 218076 5497.40392  103  494 5963.00000 5426.01949  9.01%   236 10089s
 382595 219879 5519.62380  183  440 5963.00000 5427.45685  8.98%   236 10108s
 385464 219855 5475.40249  156  617 5963.00000 5427.94240  8.97%   235 10133s
 386584 221273 5477.86023  160  605 5963.00000 5427.94240  8.97%   235 10162s
 388673 222092 5480.66506  166  629 5963.00000 5430.49512  8.93%   236 10186s
 390460 223129 5481.69144  170  537 5963.00000 5430.49771  8.93%   236 10209s
 392316 223808 5483.15951  174  499 5963.00000 5430.49771  8.93%   236 10232s
 393857 224073 5485.24636  178  593 5963.00000 5430.49771  8.93%   236 10256s
 395014 225109 5487.93792  182  694 5963.00000 5430.49771  8.93%   237 10282s
 396967 226432 5489.37886  187  603 5963.00000 5432.23752  8.90%   237 10308s
 399087 228033 5490.79241  193  616 5963.00000 5432.23752  8.90%   237 10334s
 401576 228972 5491.84325  200  623 5963.00000 5432.24689  8.90%   237 10360s
 403514 229451 5492.76929  207  516 5963.00000 5432.24689  8.90%   237 10388s
 404858 230750 5494.12191  213  488 5963.00000 5432.24689  8.90%   238 10417s
 406922 231756 5495.27696  220  528 5963.00000 5432.24689  8.90%   238 10447s
 408844 233377 5496.32863  227  591 5963.00000 5432.24689  8.90%   239 10478s
 411631 233892 5509.50275   47  384 5963.00000 5435.83458  8.84%   239 10502s
 413593 234481 5534.34086   59  339 5963.00000 5435.83458  8.84%   239 10519s
 415199 235217 5463.95809   62  465 5963.00000 5436.30146  8.83%   239 10534s
 416654 234732 5528.68620   85  424 5963.00000 5436.30146  8.83%   239 10535s
 416701 235963 5488.08159  110  606 5963.00000 5436.30146  8.83%   239 10552s
 418256 236818 5504.29462  155  466 5963.00000 5436.30146  8.83%   238 10570s
 420075 237636 5506.87217   46  368 5963.00000 5436.30146  8.83%   238 10589s
 421898 238436 5516.08296   75  452 5963.00000 5438.75904  8.79%   238 10607s
 423663 239304 5460.79576   85  337 5963.00000 5439.62498  8.78%   238 10626s
 425548 240182 5540.61325  166  412 5963.00000 5440.12563  8.77%   238 10646s
 427842 240005 5522.56861   52  335 5963.00000 5440.53569  8.76%   238 10667s
 428868 241121 5545.17805   71  401 5963.00000 5441.02919  8.75%   238 10690s
 431086 241371     cutoff   63      5963.00000 5441.43207  8.75%   238 10712s
 432532 241210 5454.60004   78  520 5963.00000 5441.87180  8.74%   238 10734s
 433148 242620 5538.40491   77  299 5963.00000 5441.96174  8.74%   238 10759s
 435676 243791 5541.88722   89  354 5963.00000 5442.31467  8.73%   238 10785s
 438384 244214 5501.07355  188  498 5963.00000 5442.59989  8.73%   237 10812s
 440230 244179 5515.62742  250  421 5963.00000 5447.11729  8.65%   237 10845s
 441105 245763 5522.66295  277  505 5963.00000 5448.16217  8.63%   237 10883s
 443430 246312 5555.45238  370  476 5963.00000 5448.16217  8.63%   238 10911s
 444882 247518 5582.02610  430  327 5963.00000 5448.16217  8.63%   238 10938s
 446932 248688 5570.15039   61  390 5963.00000 5448.69136  8.62%   238 10965s
 449117 249121 5471.69781   52  293 5963.00000 5449.41073  8.61%   237 10991s
 450618 249790 5459.29167   51  505 5963.00000 5449.76305  8.61%   238 11018s
 452273 249977 infeasible  131      5963.00000 5449.76305  8.61%   238 11047s
 453214 250259 5496.23348   66  597 5963.00000 5449.76305  8.61%   238 11079s
 454041 251915 5505.45677   81  567 5963.00000 5449.76305  8.61%   238 11111s
 456218 253956 5520.07418  144  614 5963.00000 5449.76305  8.61%   238 11143s
 459452 255982 5549.48310  192  381 5963.00000 5449.76305  8.61%   238 11174s
 462823 256940 5475.24827   55  504 5963.00000 5449.76305  8.61%   237 11203s
 465237 258042 5574.34944  324  439 5963.00000 5449.76305  8.61%   237 11233s
 467853 258668 5553.52358   48  384 5963.00000 5450.39884  8.60%   237 11258s
 470232 259923 5552.99733   60  274 5963.00000 5452.27996  8.56%   237 11285s
 472739 260910 5557.82258   70  454 5963.00000 5452.27996  8.56%   237 11313s
 474750 263606 5476.63806   43  386 5963.00000 5452.27996  8.56%   236 11342s
 478568 265641 5548.60559  168  359 5963.00000 5452.70010  8.56%   236 11372s
 482701 266636 5570.77120   80  449 5963.00000 5453.33511  8.55%   235 11401s
 486130 266919 5491.94176   47  409 5963.00000 5454.31542  8.53%   235 11431s
 487841 270831 5523.93440  100  447 5963.00000 5454.31542  8.53%   235 11463s
 492833 272167 5570.68702   91  370 5963.00000 5454.76576  8.52%   234 11491s
 496481 274759 5492.37537   98  540 5963.00000 5454.89400  8.52%   233 11528s
 500970 275187 5522.82706  235  540 5963.00000 5455.05116  8.52%   232 11566s
 503669 276620 5521.07328  245  641 5963.00000 5455.05116  8.52%   233 11609s
 506707 277214 5522.94665  258  606 5963.00000 5455.05116  8.52%   233 11643s
 508956 278888 5525.37375  270  670 5963.00000 5455.05116  8.52%   234 11680s
 511684 279484 5547.20556  287  408 5963.00000 5455.05116  8.52%   234 11718s
 513404 282201 5531.27150  300  625 5963.00000 5455.05116  8.52%   234 11761s
 517204 282689 5545.46567  337  458 5963.00000 5457.69937  8.47%   234 11801s
 519457 284603     cutoff  370      5963.00000 5457.69937  8.47%   234 11845s
 522893 286708 5520.52033   66  340 5963.00000 5458.88338  8.45%   234 11891s
 527289 288733 5557.86668  129  350 5963.00000 5460.26343  8.43%   234 11934s
 531257 290659 5516.87159  134  371 5963.00000 5460.37832  8.43%   234 11975s
 534783 291664 5568.03264   75  535 5963.00000 5460.59274  8.43%   234 12013s
 538033 292692 5524.81535  128  432 5963.00000 5460.84234  8.42%   234 12041s
 540947 294013     cutoff   50      5963.00000 5461.70857  8.41%   234 12069s
 544080 295250 5545.87654   60  447 5963.00000 5462.48917  8.39%   234 12096s
 547075 296391 5482.26134   90  445 5963.00000 5463.07993  8.38%   234 12124s
 550035 297095 5566.12009   55  317 5963.00000 5463.08386  8.38%   234 12153s
 553006 298165 5508.57656   50  317 5963.00000 5463.75144  8.37%   234 12183s
 556008 299056 5537.07273   62  411 5963.00000 5464.11470  8.37%   234 12214s
 558896 299202 5508.71741  137  461 5963.00000 5464.64498  8.36%   234 12248s
 560720 301284 5538.31017  201  442 5963.00000 5465.10538  8.35%   234 12283s
 564651 303458 5564.60362  125  390 5963.00000 5465.23854  8.35%   234 12328s
 569374 304881 5553.70209  104  454 5963.00000 5465.23854  8.35%   233 12372s
 572835 304116 5584.40617  214  539 5963.00000 5466.71692  8.32%   233 12403s
 573293 306975 5588.68414  237  559 5963.00000 5466.71692  8.32%   233 12450s
 576747 307872 5577.17089  108  338 5963.00000 5466.71692  8.32%   233 12484s
 579160 309392 5501.06715   96  436 5963.00000 5467.79198  8.30%   233 12518s
 581908 311176 5529.00669  125  492 5963.00000 5468.58378  8.29%   233 12555s
 584791 313488 5554.37477  201  621 5963.00000 5468.58378  8.29%   233 12593s
 588597 315312 5592.73523  233  423 5963.00000 5468.58378  8.29%   232 12629s
 592127 317355 5493.71967   88  472 5963.00000 5468.58378  8.29%   232 12665s
 595601 319869 5522.30317  149  478 5963.00000 5470.19108  8.26%   232 12702s
 599541 319596 5550.06592  328  427 5963.00000 5470.19108  8.26%   231 12736s
 600688 322387 5557.82364  371  478 5963.00000 5470.19108  8.26%   231 12776s
 604222 323304 5576.71141   86  460 5963.00000 5471.55458  8.24%   231 12810s
 606670 328289 5527.21359   65  462 5963.00000 5471.73711  8.24%   231 12855s
 612918 331859 5535.42464   61  392 5963.00000 5472.35518  8.23%   230 12883s
 617024 334645 5534.59736   77  402 5963.00000 5473.06811  8.22%   229 12910s
 620316 337047 5511.18932  145  508 5963.00000 5473.48478  8.21%   229 12937s
 623207 338558 5591.60193  307  266 5963.00000 5473.73922  8.20%   229 12965s
 625560 340704 5537.74879   54  425 5963.00000 5473.81646  8.20%   229 12994s
 628336 343200 5509.51600   67  580 5963.00000 5473.90261  8.20%   229 13023s
 631527 346102 5559.50814  196  445 5963.00000 5474.27478  8.20%   229 13058s
 635496 347205 5579.29562  101  432 5963.00000 5474.50596  8.19%   229 13086s
 637104 350914 5519.29509   68  410 5963.00000 5474.59194  8.19%   229 13119s
 641636 352856 5480.85111   79  530 5963.00000 5475.05956  8.18%   228 13149s
 644152 356056 5499.70630  125  483 5963.00000 5475.05956  8.18%   228 13179s
 648038 358975 5516.64128   70  477 5963.00000 5475.43932  8.18%   228 13228s
 651421 359801 5513.33257   69  330 5963.00000 5475.43932  8.18%   228 13276s
 654064 361128 5508.10801   89  354 5963.00000 5475.43932  8.18%   229 13328s
 658011 362036 5514.10758  113  409 5963.00000 5476.23492  8.16%   230 13377s
 661250 363735 5522.51799  143  460 5963.00000 5476.23492  8.16%   231 13426s
 665350 364306 5528.34519  176  525 5963.00000 5476.69117  8.16%   232 13473s
 668451 366035 5536.50956  204  385 5963.00000 5476.69117  8.16%   232 13518s
 672292 368590 5554.91046  258  274 5963.00000 5477.12657  8.15%   232 13562s
 677006 369916 5545.89022  115  232 5963.00000 5477.12657  8.15%   232 13612s
 680858 372428 5523.70065   68  210 5963.00000 5477.12657  8.15%   232 13653s
 685176 374817 5566.22061  101  401 5963.00000 5477.56480  8.14%   232 13688s
 688230 377805 5518.89710   66  380 5963.00000 5478.04295  8.13%   232 13724s
 691529 380645 5568.57475  152  519 5963.00000 5478.54856  8.12%   232 13766s
 695654 382276 5493.60552   82  450 5963.00000 5479.34624  8.11%   232 13799s
 699323 385082 5574.83847  213  223 5963.00000 5479.34624  8.11%   232 13831s
 703014 386213 5574.51054   75  430 5963.00000 5480.26398  8.10%   231 13861s
 704536 389208 5551.84342   84  328 5963.00000 5480.85744  8.09%   231 13895s
 708419 392016 5518.23700   51  400 5963.00000 5481.28563  8.08%   231 13927s
 712113 394739 5559.54382   77  387 5963.00000 5481.69154  8.07%   231 13959s
 715572 397385 5504.03627   81  555 5963.00000 5481.94187  8.07%   231 13990s
 719240 400246 5553.55036  172  469 5963.00000 5482.14534  8.06%   231 14031s
 723456 401612 5547.77060   65  521 5963.00000 5482.76973  8.05%   231 14063s
 726639 402279 5541.94335   74  423 5963.00000 5483.17116  8.05%   231 14095s
 728047 403667 5494.12044   71  447 5963.00000 5483.22675  8.05%   231 14131s
 731126 405793     cutoff   98      5963.00000 5483.22675  8.05%   231 14167s
 734895 409987 5513.86314   70  408 5963.00000 5483.67382  8.04%   231 14221s
 739324 411168 5569.64842  123  527 5963.00000 5483.67382  8.04%   231 14261s
 742327 413957 5511.77437   72  362 5963.00000 5484.30517  8.03%   231 14301s
 746396 415842 5571.94509  179  416 5963.00000 5484.30517  8.03%   230 14340s
 749953 416805 5602.31600  348  473 5963.00000 5484.30517  8.03%   230 14379s
 752257 419294 5623.88861  440  424 5963.00000 5484.38066  8.03%   230 14420s
 755932 421250 5587.39458  146  555 5963.00000 5484.38066  8.03%   230 14459s
 759549 423139 5564.03570   71  425 5963.00000 5484.81300  8.02%   230 14497s
 763084 424385 5618.13965  258  355 5963.00000 5485.42254  8.01%   229 14534s
 766115 426142 5554.13610   87  402 5963.00000 5485.98587  8.00%   229 14586s
 769509 428723 5538.24235  130  364 5963.00000 5486.45283  7.99%   229 14632s
 773726 430898 5627.56645  105  348 5963.00000 5486.46926  7.99%   229 14674s
 777866 432017 5569.36198  158  403 5963.00000 5486.71943  7.99%   229 14712s
 780858 433696 5554.55329  238  473 5963.00000 5486.94681  7.98%   229 14747s
 784112 437077 5583.58793  342  473 5963.00000 5486.94681  7.98%   229 14778s
 787859 439869 5513.33253   62  556 5963.00000 5487.15064  7.98%   228 14808s
 791171 442957 5540.64996  128  593 5963.00000 5487.15064  7.98%   228 14838s
 794828 447443 5509.46709   56  461 5963.00000 5487.86336  7.97%   228 14873s
 799821 449911 5541.92883  100  374 5963.00000 5488.36150  7.96%   227 14893s
 802641 451658 5572.24320   63  384 5963.00000 5488.47583  7.96%   227 14917s
 805266 453500 5574.72758   79  387 5963.00000 5488.49955  7.96%   227 14940s
 807897 456185 5542.03531   71  487 5963.00000 5488.82882  7.95%   227 14964s
 810965 457562 5576.34717   51  400 5963.00000 5489.03725  7.95%   227 14990s
 812518 460502 5553.06290   60  474 5963.00000 5489.04017  7.95%   226 15018s
 816165 463122 5516.70238   92  535 5963.00000 5489.43104  7.94%   226 15044s
 819515 465748 5528.85102   58  413 5963.00000 5489.52505  7.94%   226 15074s
 822582 467093 5563.65143   64  380 5963.00000 5489.72038  7.94%   226 15102s
 824213 470973 5590.05505  132  471 5963.00000 5489.72038  7.94%   226 15136s
 828737 474064 5547.64952  112  473 5963.00000 5489.72038  7.94%   225 15159s
 832321 477316 5511.52489   90  484 5963.00000 5489.72038  7.94%   225 15203s
 835844 481131 5520.75871   68  335 5963.00000 5489.72038  7.94%   225 15245s
 840101 484069 5585.06567  238  489 5963.00000 5489.72038  7.94%   225 15282s
 843544 487797 5526.90044  114  413 5963.00000 5490.48075  7.92%   225 15318s
 847543 492169 5559.29573  310  355 5963.00000 5490.48075  7.92%   225 15364s
 852448 494636 5511.64859  116  462 5963.00000 5490.88069  7.92%   225 15395s
 855253 497776 5531.99771  188  482 5963.00000 5490.88069  7.92%   225 15429s
 858851 500146 5575.30478  299  556 5963.00000 5491.35225  7.91%   225 15461s
 861914 501008 5514.65370   60  611 5963.00000 5491.35225  7.91%   225 15493s
 863145 503342 5538.85624   65  395 5963.00000 5491.35225  7.91%   225 15529s
 866214 505179 5514.51476   56  661 5963.00000 5491.35225  7.91%   225 15565s
 868851 507765 5535.93452   74  421 5963.00000 5492.39504  7.89%   226 15603s
 872263 510525 5583.97729  164  413 5963.00000 5492.43373  7.89%   226 15640s
 875290 513979 5573.34989  113  533 5963.00000 5492.43373  7.89%   226 15678s
 879632 516360 5541.39149   80  378 5963.00000 5492.57023  7.89%   226 15724s
 883056 518618     cutoff  138      5963.00000 5493.06093  7.88%   226 15762s
 886415 521099 5581.55094  131  398 5963.00000 5493.06093  7.88%   226 15800s
 890628 522896 5540.07509  108  450 5963.00000 5494.20537  7.86%   226 15834s
 893736 525369 5521.85361   88  536 5963.00000 5494.38481  7.86%   226 15868s
 897171 527672 5570.87574  193  494 5963.00000 5494.58099  7.86%   226 15908s
 901144 530031     cutoff   97      5963.00000 5495.09961  7.85%   226 15941s
 904569 532590 5584.85545   69  495 5963.00000 5495.18073  7.85%   226 15972s
 908162 535241 5551.43038   60  308 5963.00000 5495.71537  7.84%   226 16003s
 911547 537446 5544.10510   54  348 5963.00000 5495.79669  7.84%   226 16033s
 914728 539359 infeasible   86      5963.00000 5496.24615  7.83%   226 16063s
 917355 541752 5503.26511   59  474 5963.00000 5496.40321  7.82%   226 16095s
 920562 543017 5525.51171  117  555 5963.00000 5496.57711  7.82%   225 16128s
 922504 545950 5547.44628  169  441 5963.00000 5496.57711  7.82%   225 16163s
 926462 548974 5509.27952   60  466 5963.00000 5497.16348  7.81%   225 16202s
 930596 550712     cutoff  112      5963.00000 5497.30638  7.81%   225 16232s
 933439 553481 5637.02577  119  398 5963.00000 5497.45157  7.81%   225 16279s
 936797 553796 5603.40461   85  321 5963.00000 5497.49924  7.81%   225 16327s
 938554 558153     cutoff  121      5963.00000 5497.49924  7.81%   225 16384s
 943768 562666 5614.91515  173  494 5963.00000 5497.49924  7.81%   225 16430s
 948640 566396 5528.77301   81  399 5963.00000 5498.51114  7.79%   225 16482s
 952735 569689 5641.44864  121  439 5963.00000 5498.51114  7.79%   224 16520s
 956149 572779 5641.66136  122  402 5963.00000 5498.51114  7.79%   224 16558s
 959518 575050 5642.12771  123  356 5963.00000 5498.51328  7.79%   224 16597s
 962248 576193 5621.26010  121  293 5963.00000 5498.51328  7.79%   224 16636s
 963949 580141 5552.07091  150  314 5963.00000 5498.92820  7.78%   224 16680s
 968280 582923 5604.07520  265  382 5963.00000 5499.24886  7.78%   224 16719s
 971509 586355 5591.33336  147  392 5963.00000 5499.24886  7.78%   224 16760s
 975352 589540 5584.00378   77  430 5963.00000 5499.24886  7.78%   223 16799s
 978857 592769 5503.29778   98  426 5963.00000 5499.24886  7.78%   223 16847s
 982375 596938 5521.12997  163  579 5963.00000 5499.89581  7.77%   223 16891s
 986778 599299 5591.06576  199  429 5963.00000 5499.89581  7.77%   223 16922s
 989558 603347 5528.27451  136  399 5963.00000 5499.89581  7.77%   223 16958s
 994198 606686 5520.16955  110  514 5963.00000 5500.19683  7.76%   223 16987s
 997996 610559 5584.81419  223  358 5963.00000 5500.19683  7.76%   222 17014s
 1002286 613939 5555.67065  131  378 5963.00000 5500.77926  7.75%   222 17040s
 1006175 616767 5592.83107  246  299 5963.00000 5500.77926  7.75%   222 17065s
 1009478 621187 5578.88688  191  469 5963.00000 5500.77926  7.75%   221 17098s
 1014476 621744 5547.43892   92  486 5963.00000 5500.99648  7.75%   221 17119s
 1015178 623728 5548.04171   93  473 5963.00000 5500.99648  7.75%   221 17143s
 1017417 625728 5578.28259  166  486 5963.00000 5500.99648  7.75%   221 17171s
 1019695 627753 5618.16111  302  384 5963.00000 5501.27793  7.74%   221 17201s
 1022462 630718 5618.68422  175  407 5963.00000 5501.27793  7.74%   221 17231s
 1026275 633404 5560.99026   83  458 5963.00000 5501.63300  7.74%   221 17261s
 1029776 635725 5569.32214   68  399 5963.00000 5501.75676  7.74%   221 17290s
 1033058 636961 5562.79338   69  421 5963.00000 5501.85316  7.73%   221 17319s
 1035355 637689 5599.50737  118  318 5963.00000 5501.85316  7.73%   221 17350s
 1037051 639006 5523.10015   76  474 5963.00000 5501.85316  7.73%   221 17395s
 1039209 642218 5519.17457   87  572 5963.00000 5501.98917  7.73%   222 17458s
 1043932 645131 5524.68147  105  575 5963.00000 5502.09877  7.73%   222 17510s
 1048067 647928 infeasible  123      5963.00000 5502.14947  7.73%   222 17556s
 1051722 649822 5597.79145   72  293 5963.00000 5502.14947  7.73%   222 17600s
 1054433 651616     cutoff   84      5963.00000 5502.14947  7.73%   222 17646s
 1057148 656247 5554.14086   71  411 5963.00000 5502.52045  7.72%   223 17694s
 1062573 660995 5541.83007  119  419 5963.00000 5502.52045  7.72%   223 17741s
 1067970 663461 5515.13659   78  423 5963.00000 5502.65736  7.72%   222 17768s
 1070881 666041 5583.33137  192  498 5963.00000 5502.65736  7.72%   222 17796s
 1073692 669128 5563.92324   65  315 5963.00000 5502.65736  7.72%   222 17826s
 1077103 671787 5591.56385   80  453 5963.00000 5502.84931  7.72%   222 17856s
 1080049 674772 5598.56014   96  458 5963.00000 5502.85199  7.72%   222 17885s
 1083378 677687 5563.79735  147  464 5963.00000 5503.11101  7.71%   222 17914s
 1086539 680794 5567.87367   63  385 5963.00000 5503.37675  7.71%   222 17944s
 1089921 683033 5544.26184   99  604 5963.00000 5503.41303  7.71%   222 17981s
 1093413 685107 5560.10174   60  440 5963.00000 5503.70410  7.70%   222 18016s
 1097011 687214 5513.06810   66  457 5963.00000 5504.04896  7.70%   222 18049s
 1100498 689125     cutoff   94      5963.00000 5504.23205  7.69%   222 18086s
 1103685 689988 infeasible  136      5963.00000 5504.37798  7.69%   222 18118s
 1105020 692474 5565.55622  162  317 5963.00000 5504.37798  7.69%   222 18154s
 1108409 694492 5526.35027   57  331 5963.00000 5504.75279  7.68%   222 18189s
 1112064 696690 5546.15345   97  459 5963.00000 5504.76347  7.68%   222 18229s
 1115753 698857 5563.76512   55  475 5963.00000 5505.29403  7.68%   222 18262s
 1119260 701357 5529.30584   60  369 5963.00000 5505.53181  7.67%   222 18294s
 1122755 702781 5534.03220   63  440 5963.00000 5505.53181  7.67%   222 18326s
 1126016 704484 5588.15169   99  349 5963.00000 5506.07841  7.66%   222 18357s
 1129105 706773 5591.98456   76  401 5963.00000 5506.17375  7.66%   222 18389s
 1132574 708665 5522.35749   79  566 5963.00000 5506.39779  7.66%   222 18423s
 1135625 710913 5563.09045  179  445 5963.00000 5506.60634  7.65%   222 18455s
 1139030 712502     cutoff  110      5963.00000 5506.75364  7.65%   222 18488s
 1141986 716617 5554.87797  309  604 5963.00000 5507.04909  7.65%   222 18533s
 1146349 717523 5579.04424  430  431 5963.00000 5507.04909  7.65%   222 18569s
 1147343 720632 5587.57224  477  405 5963.00000 5507.04909  7.65%   222 18612s
 1150947 723730 5615.46907  561  322 5963.00000 5507.43940  7.64%   222 18653s
 1154709 724863 5631.67231   71  199 5963.00000 5507.72567  7.63%   222 18693s
 1156220 727167 5633.99152   72  223 5963.00000 5507.72567  7.63%   222 18738s
 1159595 729723 5561.82299  104  404 5963.00000 5508.17166  7.63%   222 18781s
 1162615 732936 5607.76186  193  440 5963.00000 5508.26546  7.63%   222 18825s
 1166374 735624 5581.95829  171  432 5963.00000 5508.65450  7.62%   222 18874s
 1169477 738069 5603.73877   69  333 5963.00000 5508.65450  7.62%   222 18921s
 1172444 740467 5550.69447   72  335 5963.00000 5508.65450  7.62%   222 18972s
 1175496 743221 5601.52231  220  366 5963.00000 5508.89175  7.62%   222 19025s
 1179246 745831 5529.12915  106  505 5963.00000 5509.09534  7.61%   223 19076s
 1182692 748467 5635.70657   82  229 5963.00000 5509.11597  7.61%   223 19126s
 1185927 751354 5559.61056   97  295 5963.00000 5509.60299  7.60%   223 19174s
 1189284 755903 5556.12042  196  533 5963.00000 5509.64304  7.60%   223 19223s
 1194508 757518 5623.22124  128  441 5963.00000 5509.72607  7.60%   223 19254s
 1196923 759816 5613.41053   73  363 5963.00000 5509.97370  7.60%   223 19286s
 1200047 762311 5535.50123   69  531 5963.00000 5509.98269  7.60%   223 19317s
 1203516 764342 5590.63268  226  464 5963.00000 5510.12407  7.59%   223 19347s
 1206677 766495 5598.66499   70  453 5963.00000 5510.12407  7.59%   223 19378s
 1209896 768833 5613.60214   60  316 5963.00000 5510.33241  7.59%   223 19409s
 1213366 772047 5593.13950   59  345 5963.00000 5510.49971  7.59%   223 19440s
 1217336 774822 5624.49720  191  311 5963.00000 5510.68301  7.59%   222 19469s
 1220961 775885 5563.31909  102  452 5963.00000 5510.68301  7.59%   222 19498s
 1222282 779183 5581.50689  139  385 5963.00000 5510.73368  7.58%   222 19529s
 1226158 783145 5578.85527   77  434 5963.00000 5510.92176  7.58%   222 19561s
 1230696 785736 5588.58283   92  419 5963.00000 5511.07529  7.58%   222 19583s
 1233695 788489 5534.49978   49  431 5963.00000 5511.08635  7.58%   222 19606s
 1236718 791177 5573.65567   92  464 5963.00000 5511.12054  7.58%   221 19630s
 1239929 794021 5545.49812   46  356 5963.00000 5511.21740  7.58%   221 19654s
 1243336 797479 5591.50860   89  301 5963.00000 5511.21740  7.58%   221 19677s
 1247183 799920 5601.22796   70  393 5963.00000 5511.21740  7.58%   221 19717s
 1250394 804323 5552.28326   68  294 5963.00000 5511.26787  7.58%   221 19761s
 1255277 806704 5533.54057   56  350 5963.00000 5511.26787  7.58%   221 19789s
 1258116 808125 5572.36501  120  456 5963.00000 5511.76156  7.57%   221 19819s
 1259610 811826 5597.73293  200  366 5963.00000 5511.76156  7.57%   221 19853s
 1263721 814113 5545.11069   69  500 5963.00000 5511.76156  7.57%   221 19885s
 1266326 816808 5587.26051  139  409 5963.00000 5511.76156  7.57%   221 19918s
 1269432 819563 5544.81828   70  293 5963.00000 5511.99588  7.56%   221 19952s
 1272702 822533 5554.56986   60  293 5963.00000 5511.99588  7.56%   221 19985s
 1276013 825710 5565.80078  125  470 5963.00000 5512.10289  7.56%   221 20018s
 1279463 829188 5604.23124  285  385 5963.00000 5512.10289  7.56%   221 20062s
 1283389 830380 5589.43362   84  260 5963.00000 5512.10289  7.56%   221 20097s
 1285545 832180 5575.87303  113  408 5963.00000 5512.10289  7.56%   221 20137s
 1288374 834869 5583.16753  142  509 5963.00000 5512.10289  7.56%   222 20179s
 1292379 837357     cutoff  207      5963.00000 5512.10289  7.56%   222 20218s
 1296457 839809 5600.86354   78  338 5963.00000 5512.69114  7.55%   222 20255s
 1300044 842113     cutoff   65      5963.00000 5512.90045  7.55%   222 20293s
 1303434 844542 5532.30242  105  452 5963.00000 5513.02429  7.55%   222 20328s
 1307136 846939 5580.50124  221  487 5963.00000 5513.21849  7.54%   222 20360s
 1310521 849477 5551.24720   69  496 5963.00000 5513.47656  7.54%   222 20392s
 1314093 850915 5572.66410   51  441 5963.00000 5513.68850  7.53%   222 20425s
 1317275 852547 5602.44682   75  342 5963.00000 5513.81509  7.53%   222 20456s
 1320412 853624 5574.03585   70  427 5963.00000 5514.10594  7.53%   222 20488s
 1322007 856200     cutoff   96      5963.00000 5514.19470  7.53%   222 20524s
 1325954 858354 5557.24096   58  316 5963.00000 5514.36969  7.52%   222 20557s
 1329504 860628 5597.08072   88  331 5963.00000 5514.54560  7.52%   222 20596s
 1333211 862497 5573.03594   58  351 5963.00000 5514.81053  7.52%   222 20628s
 1336189 864867 5578.48759   79  430 5963.00000 5515.03081  7.51%   222 20661s
 1339746 867266 5593.88930  132  286 5963.00000 5515.03081  7.51%   222 20693s
 1343326 869566 5546.94856   86  488 5963.00000 5515.38932  7.51%   222 20725s
 1346611 871966 5556.63652   68  460 5963.00000 5515.52449  7.50%   222 20756s
 1349964 873714     cutoff   75      5963.00000 5515.64400  7.50%   222 20787s
 1353257 874869 5619.77757  402  497 5963.00000 5515.74189  7.50%   222 20834s
 1354784 877560 5549.27247   81  389 5963.00000 5515.76866  7.50%   222 20882s
 1358085 879025 5592.22683  159  442 5963.00000 5515.76866  7.50%   222 20928s
 1359826 882554 5625.31394  193  417 5963.00000 5515.76866  7.50%   222 20984s
 1364033 884757 5606.26146  109  470 5963.00000 5516.13242  7.49%   222 21035s
 1366659 888604 5611.46268   86  388 5963.00000 5516.44698  7.49%   222 21087s
 1371287 892813 5560.96738   86  430 5963.00000 5516.61121  7.49%   222 21136s
 1375989 896025 5633.16535  263  456 5963.00000 5516.67906  7.48%   222 21179s
 1379674 898961 5622.78172  157  367 5963.00000 5516.75570  7.48%   222 21219s
 1383015 903411 5595.65685   82  242 5963.00000 5516.98832  7.48%   222 21261s
 1387749 908200 5539.04988   72  461 5963.00000 5516.98832  7.48%   221 21311s
 1392852 910190 5621.69663  209  475 5963.00000 5516.98832  7.48%   221 21343s
 1395144 912359 5545.38315   70  407 5963.00000 5516.98832  7.48%   221 21376s
 1397618 915270 5624.80176  113  400 5963.00000 5516.98832  7.48%   221 21413s
 1400886 917999 5583.97639  124  418 5963.00000 5516.98832  7.48%   221 21449s
 1403897 920584 5538.45396   56  527 5963.00000 5517.10436  7.48%   221 21478s
 1407055 924479 5623.00776   99  605 5963.00000 5517.10436  7.48%   221 21509s
 1411451 926747 5572.35752  141  416 5963.00000 5517.38780  7.47%   221 21536s
 1414542 928981 5552.42139  133  568 5963.00000 5517.68782  7.47%   221 21568s
 1417391 932094 5560.63730  149  497 5963.00000 5517.68782  7.47%   221 21602s
 1421326 932629 5567.72644  174  368 5963.00000 5517.83379  7.47%   221 21633s
 1422045 934939 5571.98283  184  366 5963.00000 5517.83379  7.47%   221 21669s
 1425626 937161 5582.81427  216  362 5963.00000 5517.84335  7.47%   221 21704s
 1429175 939859 5599.95590  262  373 5963.00000 5517.84335  7.47%   221 21738s
 1432695 941176 5566.50658   83  496 5963.00000 5517.96007  7.46%   221 21771s
 1434338 943204 5620.13307  139  397 5963.00000 5517.96007  7.46%   221 21808s
 1437959 945267 5625.83542   69  330 5963.00000 5518.00373  7.46%   221 21844s
 1441311 947784 5600.64758   63  429 5963.00000 5518.29536  7.46%   221 21879s
 1444929 950541 infeasible   65      5963.00000 5518.37534  7.46%   221 21912s
 1448517 953379 5617.06211  183  424 5963.00000 5518.44237  7.46%   221 21940s
 1451978 955756     cutoff   81      5963.00000 5518.48364  7.45%   221 21968s
 1455107 958299 5553.65351   96  417 5963.00000 5518.50229  7.45%   221 22007s
 1458125 961740 5583.71554  199  585 5963.00000 5518.52609  7.45%   221 22050s
 1462375 964237 5568.99863   75  399 5963.00000 5518.52609  7.45%   221 22087s
 1465845 964268 5577.87660  109  282 5963.00000 5518.89067  7.45%   221 22131s
 1465878 991550 5579.31156  110  326 5963.00000 5518.89067  7.45%   221 22583s
 1497878 994871 5573.75881   87  354 5963.00000 5519.70902  7.43%   221 22626s
 1501994 996587 5556.41041   71  408 5963.00000 5520.04290  7.43%   221 22660s
 1503835 1000214 5581.00998  119  401 5963.00000 5520.13955  7.43%   221 22700s
 1508042 1002311     cutoff   63      5963.00000 5520.26453  7.42%   221 22736s
 1511493 1005111     cutoff  134      5963.00000 5520.61104  7.42%   221 22770s
 1515332 1008229     cutoff  106      5963.00000 5520.83863  7.42%   221 22807s
 1519393 1010546 5556.10200   84  501 5963.00000 5520.83863  7.42%   221 22836s
 1522485 1011393 5593.82529   55  270 5963.00000 5521.06239  7.41%   221 22866s
 1523847 1013275 5607.58702   81  365 5963.00000 5521.21042  7.41%   221 22900s
 1527232 1015443 5524.89989   48  407 5963.00000 5521.33681  7.41%   221 22932s
 1530719 1017734 5543.18770   90  570 5963.00000 5521.43622  7.41%   221 22966s
 1534084 1019585 5571.25590  125  494 5963.00000 5521.54187  7.40%   221 22999s
 1537418 1020917 5538.56269   58  394 5963.00000 5521.80321  7.40%   221 23032s
 1539954 1023256     cutoff   92      5963.00000 5521.90477  7.40%   221 23067s
 1543748 1025033     cutoff   72      5963.00000 5522.13701  7.39%   221 23100s
 1546827 1027070 5581.55751  177  486 5963.00000 5522.28041  7.39%   221 23139s
 1550318 1029016 5554.96666  102  332 5963.00000 5522.28041  7.39%   221 23172s
 1553686 1031420 5560.69565   97  486 5963.00000 5522.50452  7.39%   221 23205s
 1557114 1033639 5568.78852  117  467 5963.00000 5522.58467  7.39%   221 23236s
 1560492 1037501 5621.71854  236  449 5963.00000 5522.75497  7.38%   221 23280s
 1564558 1040347 5656.17325  446  397 5963.00000 5522.75497  7.38%   221 23316s
 1567739 1042830 5543.79565   88  376 5963.00000 5522.75497  7.38%   221 23352s
 1570580 1045841 5573.85555  156  384 5963.00000 5522.75497  7.38%   221 23390s
 1573868 1049048 5612.10864  278  505 5963.00000 5523.39033  7.37%   221 23439s
 1577411 1051851 5562.94369  159  394 5963.00000 5523.52693  7.37%   221 23481s
 1580641 1053574 5545.96103   76  411 5963.00000 5523.62333  7.37%   221 23523s
 1582919 1055843 5560.32190   85  456 5963.00000 5523.62333  7.37%   221 23570s
 1585756 1057777 5568.18311   96  470 5963.00000 5523.62333  7.37%   221 23618s
 1588189 1060674 5574.83414  109  477 5963.00000 5523.91239  7.36%   221 23669s
 1591716 1062799 5613.20055  125  333 5963.00000 5523.92540  7.36%   221 23719s
 1594595 1065584 5589.38250  144  322 5963.00000 5523.99073  7.36%   221 23770s
 1598230 1067264 infeasible  198      5963.00000 5523.99073  7.36%   221 23819s
 1600202 1070705 5631.06781  144  395 5963.00000 5523.99073  7.36%   221 23873s
 1604448 1073592 5650.90550   83  302 5963.00000 5524.08288  7.36%   221 23921s
 1608119 1076202 5578.28081  125  539 5963.00000 5524.19938  7.36%   221 23963s
 1611133 1077840 5570.94962   81  388 5963.00000 5524.19938  7.36%   221 23994s
 1613560 1080874     cutoff   98      5963.00000 5524.19938  7.36%   221 24035s
 1617630 1084200 5633.43309  144  255 5963.00000 5524.37547  7.36%   221 24070s
 1621984 1087139 5576.49445  157  445 5963.00000 5524.54578  7.35%   221 24102s
 1625707 1090552 5575.62700   84  470 5963.00000 5524.56116  7.35%   221 24133s
 1629884 1093712 5619.50739  165  362 5963.00000 5524.83904  7.35%   221 24166s
 1633603 1096721 5585.38217  170  455 5963.00000 5524.97031  7.35%   221 24193s
 1637131 1099360 5586.28384   56  403 5963.00000 5524.98209  7.35%   221 24218s
 1640183 1102353 5618.53445   60  313 5963.00000 5525.06232  7.34%   221 24245s
 1643851 1104797 5572.89985   81  412 5963.00000 5525.18373  7.34%   221 24271s
 1647225 1107429 5532.28160   60  506 5963.00000 5525.37977  7.34%   220 24297s
 1650497 1110643 5550.04021  141  632 5963.00000 5525.38431  7.34%   220 24322s
 1654340 1113383 5588.66648  305  391 5963.00000 5525.52765  7.34%   220 24347s
 1657724 1116470 5619.32272  115  268 5963.00000 5525.63264  7.33%   220 24370s
 1661174 1119328 5563.81311   58  408 5963.00000 5525.64048  7.33%   220 24410s
 1664346 1123175 5607.15472  175  452 5963.00000 5525.64048  7.33%   220 24451s
 1668655 1125050 5561.22442   71  231 5963.00000 5525.64048  7.33%   220 24488s
 1671059 1126369 5590.87906   79  428 5963.00000 5525.97156  7.33%   220 24527s
 1673252 1128166 5577.78061   81  380 5963.00000 5525.97156  7.33%   221 24569s
 1676497 1130253 5585.62500   58  471 5963.00000 5526.09610  7.33%   221 24612s
 1680075 1133153 5554.48243   57  426 5963.00000 5526.14217  7.33%   221 24654s
 1683953 1135762 5572.47948   83  418 5963.00000 5526.14217  7.33%   221 24690s
 1687341 1138325 5565.02133   75  478 5963.00000 5526.20351  7.33%   221 24725s
 1690605 1141236 5527.72440   65  435 5963.00000 5526.20351  7.33%   221 24761s
 1694249 1143751 5609.63953  163  228 5963.00000 5526.20351  7.33%   221 24794s
 1697583 1146733 5581.04260   99  422 5963.00000 5526.20351  7.33%   221 24828s
 1700956 1149702 5577.05964   71  449 5963.00000 5526.63224  7.32%   221 24860s
 1704369 1152743 5615.63058   57  240 5963.00000 5526.68115  7.32%   221 24894s
 1707805 1155762 5580.89957   96  299 5963.00000 5526.68115  7.32%   221 24928s
 1711244 1157334 5605.82375   94  553 5963.00000 5526.84632  7.31%   221 24963s
 1714451 1159907 5594.04839  100  499 5963.00000 5527.00753  7.31%   221 24999s
 1718188 1162615 5576.34845  159  533 5963.00000 5527.34429  7.31%   221 25033s
 1721788 1165398 5540.18533   58  439 5963.00000 5527.41086  7.30%   221 25066s
 1725466 1167271 5610.37091  167  401 5963.00000 5527.41086  7.30%   221 25099s
 1728463 1168892 5602.63051   80  390 5963.00000 5527.71091  7.30%   221 25137s
 1730965 1169289 5589.96924  109  553 5963.00000 5527.75561  7.30%   221 25180s
 1731836 1171633 5592.38962  110  519 5963.00000 5527.82254  7.30%   221 25242s
 1735425 1175533 5591.32461   53  398 5963.00000 5527.88788  7.30%   221 25301s
 1741839 1178057 5608.40362   51  407 5963.00000 5528.19317  7.29%   221 25344s
 1746547 1180818 5605.77888  120  444 5963.00000 5528.53855  7.29%   221 25382s
 1750713 1183518 infeasible  121      5963.00000 5528.73461  7.28%   221 25419s
 1754751 1185944 5602.69426  123  387 5963.00000 5528.87659  7.28%   221 25453s
 1758487 1188584 5548.08964   78  480 5963.00000 5529.06243  7.28%   221 25491s
 1762195 1190637 5601.85367  241  555 5963.00000 5529.21206  7.27%   221 25537s
 1764799 1192925 5634.97337  405  464 5963.00000 5529.21206  7.27%   221 25593s
 1767852 1197365 5578.02094  125  616 5963.00000 5529.39283  7.27%   221 25652s
 1772872 1199968 5639.72680  353  520 5963.00000 5529.39283  7.27%   221 25700s
 1775982 1202131 5598.82844  101  386 5963.00000 5529.39283  7.27%   222 25749s
 1778800 1203700 5557.02571   96  357 5963.00000 5529.64647  7.27%   222 25801s
 1781713 1205318 5573.32458  110  437 5963.00000 5529.64647  7.27%   222 25853s
 1784472 1207689 5597.97833  131  376 5963.00000 5529.87135  7.26%   222 25902s
 1787692 1210205 5608.65839  155  425 5963.00000 5529.87135  7.26%   222 25950s
 1791037 1212448 5617.18818  186  436 5963.00000 5529.87135  7.26%   222 25995s
 1794104 1215065 5575.30348   56  380 5963.00000 5529.87737  7.26%   222 26042s
 1797519 1217390 5637.42031   91  429 5963.00000 5530.01000  7.26%   222 26089s
 1800810 1219271 5599.58556  177  352 5963.00000 5530.11259  7.26%   222 26135s
 1803759 1221515 5620.90616   94  351 5963.00000 5530.25110  7.26%   222 26183s
 1806765 1223268 5578.22040  116  491 5963.00000 5530.25110  7.26%   222 26232s
 1809318 1225304 5588.06532  135  460 5963.00000 5530.25110  7.26%   223 26283s
 1812423 1228056 5581.74910   84  483 5963.00000 5530.25110  7.26%   223 26315s
 1815615 1229781 5636.12474  151  379 5963.00000 5530.35399  7.26%   223 26344s
 1818191 1231624 5615.89963  100  309 5963.00000 5530.45374  7.25%   223 26379s
 1821351 1234363 5596.39905  131  391 5963.00000 5530.46758  7.25%   223 26412s
 1825130 1237350 5626.85502  194  277 5963.00000 5530.62840  7.25%   223 26445s
 1829176 1240110 5596.70069  201  495 5963.00000 5530.64865  7.25%   223 26476s
 1832900 1241483 5555.30234   56  383 5963.00000 5530.64865  7.25%   223 26505s
 1834579 1245435 5589.93569  127  430 5963.00000 5530.64865  7.25%   223 26538s
 1839183 1248562 5593.11199   85  467 5963.00000 5530.93223  7.25%   222 26567s
 1842792 1251991 infeasible   60      5963.00000 5531.09655  7.24%   222 26601s
 1846928 1254785 5582.68302   90  424 5963.00000 5531.16087  7.24%   222 26625s
 1850329 1257034 5632.89968  226  487 5963.00000 5531.26329  7.24%   222 26649s
 1853435 1258699     cutoff   72      5963.00000 5531.27595  7.24%   222 26673s
 1856084 1261682 5576.99441   71  406 5963.00000 5531.38962  7.24%   222 26698s
 1859523 1264416 5602.33867   88  439 5963.00000 5531.42600  7.24%   222 26722s
 1862750 1266935 5586.57067   73  529 5963.00000 5531.52807  7.24%   222 26763s
 1865700 1269912 5568.85542   83  327 5963.00000 5531.65312  7.23%   222 26806s
 1869254 1273221 5610.23796  138  473 5963.00000 5531.65312  7.23%   222 26849s
 1873190 1275071 5568.61399   78  490 5963.00000 5531.83498  7.23%   222 26889s
 1875297 1277574 5596.93268  115  463 5963.00000 5531.83498  7.23%   222 26934s
 1878450 1279489 5577.43486   72  206 5963.00000 5531.83498  7.23%   222 26979s
 1881403 1281972 5606.08026  123  211 5963.00000 5531.83498  7.23%   222 27024s
 1885337 1284985 5598.89807  142  475 5963.00000 5532.22950  7.22%   223 27067s
 1889182 1288316 5594.04042  141  430 5963.00000 5532.27148  7.22%   223 27108s
 1893308 1291770 5575.98782  140  369 5963.00000 5532.39574  7.22%   223 27152s
 1897540 1294578 5605.98377  286  381 5963.00000 5532.39574  7.22%   223 27183s
 1900887 1296962 5601.92400  112  371 5963.00000 5532.52814  7.22%   223 27215s
 1903876 1298807 5544.81447   65  379 5963.00000 5532.56699  7.22%   223 27248s
 1906376 1300438 5584.95112   77  271 5963.00000 5532.56699  7.22%   223 27282s
 1908688 1302646 5559.81989   91  427 5963.00000 5532.76245  7.22%   223 27319s
 1911716 1304107 5613.20933  108  228 5963.00000 5532.76245  7.22%   223 27356s
 1914083 1306631 5600.99992  103  459 5963.00000 5532.79238  7.21%   224 27391s
 1917409 1309309 5599.23696   47  392 5963.00000 5532.95382  7.21%   224 27426s
 1921248 1310341 5552.15697   87  477 5963.00000 5532.98231  7.21%   223 27458s
 1922971 1312829 5588.26620  168  378 5963.00000 5533.09278  7.21%   223 27494s
 1926842 1315305 5602.17662  123  349 5963.00000 5533.15617  7.21%   223 27528s
 1930521 1317401 5614.27433   98  417 5963.00000 5533.32477  7.21%   223 27561s
 1933826 1319536     cutoff   82      5963.00000 5533.53443  7.20%   223 27594s
 1937078 1321430 5599.53042  171  511 5963.00000 5533.62481  7.20%   223 27626s
 1940623 1323309     cutoff   98      5963.00000 5533.66998  7.20%   223 27663s
 1944164 1325242 5573.85370   71  410 5963.00000 5533.91414  7.20%   223 27696s
 1947498 1327961 5565.09998   66  450 5963.00000 5533.93836  7.20%   223 27727s
 1951068 1330343 5602.59445  113  403 5963.00000 5534.00974  7.19%   223 27759s
 1954312 1332363 5602.90470  128  429 5963.00000 5534.17660  7.19%   223 27790s
 1957548 1334757 5587.70545  118  411 5963.00000 5534.37726  7.19%   223 27822s
 1960888 1337219 5591.15222   92  369 5963.00000 5534.53729  7.19%   223 27854s
 1964394 1338949 infeasible  154      5963.00000 5534.59597  7.18%   223 27900s
 1966870 1340283 5621.00686  191  450 5963.00000 5534.84945  7.18%   223 27950s
 1968832 1341620 5647.49806  234  411 5963.00000 5534.84945  7.18%   224 28026s
 1970700 1346807 5559.91372   99  389 5963.00000 5534.84945  7.18%   224 28123s
 1977599 1349716 5632.53011  422  395 5963.00000 5534.91083  7.18%   224 28184s
 1978408 1349716 5627.45915  505  477 5963.00000 5534.91083  7.18%   224 28185s
 1981743 1351012     cutoff  125      5963.00000 5534.95459  7.18%   224 28244s
 1983765 1352629 5545.38124   69  375 5963.00000 5534.98523  7.18%   224 28306s
 1986230 1354456 5560.48200   88  397 5963.00000 5534.98523  7.18%   224 28371s
 1989465 1357331 5572.24688  109  563 5963.00000 5534.98523  7.18%   224 28437s
 1993333 1360320 5589.05022  136  382 5963.00000 5534.98523  7.18%   224 28499s
 1997213 1362166 5610.83324  178  311 5963.00000 5535.25570  7.17%   225 28548s
 2000169 1365174 5650.47901  278  312 5963.00000 5535.35807  7.17%   225 28599s
 2003725 1368799 5650.67271  222  424 5963.00000 5535.39923  7.17%   225 28648s
 2007875 1372071 5630.18420  153  464 5963.00000 5535.39923  7.17%   225 28694s
 2012006 1374221     cutoff  131      5963.00000 5535.39923  7.17%   224 28737s
 2014824 1377419 5640.99867   64  403 5963.00000 5535.39923  7.17%   225 28766s
 2018437 1380408 5564.57882  136  571 5963.00000 5535.39923  7.17%   224 28793s
 2021861 1383493 5606.24167  257  435 5963.00000 5535.39923  7.17%   224 28820s
 2025339 1387054 5595.91706   78  416 5963.00000 5535.39923  7.17%   224 28851s
 2029589 1389799 5560.88982   54  450 5963.00000 5535.83952  7.16%   224 28874s
 2032840 1392277 5618.35470   64  419 5963.00000 5535.90780  7.16%   224 28897s
 2035750 1394872 5607.55186  111  340 5963.00000 5535.90780  7.16%   224 28921s
 2038871 1397155 5598.19638  103  415 5963.00000 5535.94983  7.16%   224 28946s
 2041671 1398969 5573.71635   48  388 5963.00000 5535.94983  7.16%   224 28970s
 2044057 1401120 5590.71368   70  392 5963.00000 5536.04386  7.16%   224 28998s
 2046838 1403870 5564.42528   50  322 5963.00000 5536.07957  7.16%   224 29025s
 2050498 1406599 5617.91228   49  335 5963.00000 5536.18045  7.16%   224 29051s
 2053894 1409418 5559.31159  117  421 5963.00000 5536.21472  7.16%   223 29077s
 2057553 1411821 5614.41267  263  413 5963.00000 5536.32107  7.16%   223 29109s
 2061276 1414427 5580.95693   74  407 5963.00000 5536.34500  7.16%   223 29136s
 2064816 1417198 5562.71120  131  461 5963.00000 5536.54686  7.15%   223 29162s
 2068092 1418494 5582.15384  130  377 5963.00000 5536.54686  7.15%   223 29201s
 2070654 1420971 5594.03761  157  461 5963.00000 5536.57521  7.15%   223 29251s
 2074311 1423854     cutoff  233      5963.00000 5536.67343  7.15%   223 29299s
 2078278 1426870 5611.48773  111  378 5963.00000 5536.67343  7.15%   224 29342s
 2082213 1429421 5565.81103   67  501 5963.00000 5536.80348  7.15%   224 29377s
 2085584 1431788 5576.08708   57  446 5963.00000 5536.92957  7.15%   224 29411s
 2089157 1433962 5597.76113  130  219 5963.00000 5536.92957  7.15%   224 29445s
 2092499 1436180 5558.30934   70  500 5963.00000 5537.03316  7.14%   224 29478s
 2095394 1439282 5590.85659  148  363 5963.00000 5537.03316  7.14%   224 29513s
 2099128 1441628 5626.32921  312  371 5963.00000 5537.24877  7.14%   224 29546s
 2102172 1444625 5588.16546  104  321 5963.00000 5537.31421  7.14%   224 29579s
 2105652 1447354 5547.93660   76  488 5963.00000 5537.35408  7.14%   224 29617s
 2108739 1451287 5575.57296  143  441 5963.00000 5537.35408  7.14%   224 29659s
 2113320 1452526 5621.45637  353  309 5963.00000 5537.48411  7.14%   224 29689s
 2114849 1455225 5569.12357   72  387 5963.00000 5537.48411  7.14%   224 29724s
 2118028 1458221 5558.28908   60  432 5963.00000 5537.73566  7.13%   224 29759s
 2121377 1460424 5574.29783   55  400 5963.00000 5537.81280  7.13%   224 29794s
 2124617 1463082 5570.61068  168  525 5963.00000 5537.87388  7.13%   224 29828s
 2128343 1465840 5582.88858  107  452 5963.00000 5537.94083  7.13%   224 29865s
 2132205 1467659 5611.94881   78  401 5963.00000 5538.17592  7.12%   224 29894s
 2135217 1469388 5607.63804   70  318 5963.00000 5538.27662  7.12%   224 29925s
 2138191 1472153 5597.59143   64  323 5963.00000 5538.44616  7.12%   224 29957s
 2141896 1472512     cutoff   90      5963.00000 5538.59350  7.12%   224 29990s
 2142546 1474513     cutoff  100      5963.00000 5538.61830  7.12%   224 30024s
 2145696 1476825     cutoff   81      5963.00000 5538.73342  7.11%   224 30059s
 2149542 1478762 5575.02790  124  493 5963.00000 5538.82803  7.11%   224 30092s
 2153018 1480389 5562.68902   81  437 5963.00000 5538.96155  7.11%   224 30124s
 2156265 1482898 5569.02663   91  477 5963.00000 5539.00637  7.11%   224 30157s
 2159870 1485398 5608.52581   81  440 5963.00000 5539.18341  7.11%   224 30194s
 2163468 1487682 5568.70262  169  525 5963.00000 5539.32572  7.11%   224 30226s
 2166791 1489242 5615.52884   59  471 5963.00000 5539.43543  7.10%   224 30258s
 2169806 1490785 5605.29816  114  336 5963.00000 5539.54301  7.10%   224 30291s
 2173129 1493113 5601.05273  114  651 5963.00000 5539.59821  7.10%   224 30336s
 2175942 1496417 5663.06410   95  217 5963.00000 5539.90537  7.10%   224 30391s
 2180027 1499339 5568.54655   98  471 5963.00000 5540.04869  7.09%   224 30439s
 2183632 1502270 5613.67164  136  626 5963.00000 5540.04869  7.09%   224 30485s
 2187125 1506230 5637.02288  275  557 5963.00000 5540.25339  7.09%   224 30536s
 2191419 1509205 5604.73382   93  365 5963.00000 5540.25339  7.09%   223 30574s
 2194617 1512653 5652.44382  195  392 5963.00000 5540.25339  7.09%   223 30611s
 2198232 1515186 5583.89088  100  373 5963.00000 5540.25339  7.09%   223 30648s
 2201337 1517096 5613.44562  167  538 5963.00000 5540.41451  7.09%   223 30686s
 2203647 1518902 5633.07130  260  438 5963.00000 5540.41451  7.09%   223 30725s
 2205868 1521069 5662.40736  404  487 5963.00000 5540.41451  7.09%   223 30766s
 2208558 1523804 5661.14528  182  481 5963.00000 5540.41451  7.09%   223 30809s
 2211889 1525634 5590.07589   91  445 5963.00000 5540.62614  7.08%   223 30852s
 2213958 1528260 5609.01681  155  474 5963.00000 5540.62614  7.08%   223 30899s
 2217020 1531469 5630.29929  245  428 5963.00000 5540.62614  7.08%   223 30951s
 2221048 1533891 5652.85687  218  459 5963.00000 5540.83674  7.08%   223 30991s
 2223892 1536301 5608.41731  223  474 5963.00000 5540.83674  7.08%   223 31019s
 2226962 1539419 5583.79467   79  522 5963.00000 5540.86702  7.08%   223 31050s
 2230810 1542268 5643.00924   53  285 5963.00000 5541.10217  7.08%   223 31078s
 2234431 1546112 5629.93688   77  371 5963.00000 5541.12608  7.07%   223 31106s
 2238919 1548977 5633.60128   75  366 5963.00000 5541.21910  7.07%   223 31131s
 2242371 1552090 5584.31145   52  321 5963.00000 5541.32772  7.07%   223 31163s
 2246126 1554876     cutoff  116      5963.00000 5541.37937  7.07%   223 31189s
 2249456 1557479 5647.52129   76  397 5963.00000 5541.37992  7.07%   223 31215s
 2252510 1560067 5652.28565   91  481 5963.00000 5541.43757  7.07%   223 31243s
 2255579 1562726 5625.80847  106  527 5963.00000 5541.56910  7.07%   222 31271s
 2258834 1565425 5600.99754  113  427 5963.00000 5541.63512  7.07%   222 31297s
 2261946 1567085 5554.20970   61  653 5963.00000 5541.63512  7.07%   222 31325s
 2264017 1569588 5556.49452   65  618 5963.00000 5541.63512  7.07%   222 31354s
 2267126 1571569 5592.73506  166  579 5963.00000 5541.63512  7.07%   222 31383s
 2269991 1573664 5591.96777   60  455 5963.00000 5541.90631  7.06%   222 31413s
 2273166 1576310 5629.41106   91  288 5963.00000 5541.90631  7.06%   222 31445s
 2276905 1578778 5613.11009  165  359 5963.00000 5542.02785  7.06%   222 31483s
 2279623 1581692 5576.25273   91  377 5963.00000 5542.02785  7.06%   222 31530s
 2283255 1584610 5599.39146  115  316 5963.00000 5542.12859  7.06%   223 31575s
 2287205 1587147 5628.08582  181  589 5963.00000 5542.20677  7.06%   223 31616s
 2291337 1590250 5578.27725   96  354 5963.00000 5542.20677  7.06%   223 31656s
 2295337 1593151 5555.41669   56  392 5963.00000 5542.28314  7.06%   223 31703s
 2298912 1595670 5561.99852   54  445 5963.00000 5542.28314  7.06%   223 31740s
 2302328 1597364     cutoff   83      5963.00000 5542.37900  7.05%   223 31777s
 2304654 1600114 5591.50587  128  311 5963.00000 5542.37900  7.05%   223 31817s
 2307962 1603628 5604.71405  209  308 5963.00000 5542.47115  7.05%   223 31856s
 2312135 1607155     cutoff  141      5963.00000 5542.47115  7.05%   223 31894s
 2316157 1610071 5599.44692  106  386 5963.00000 5542.62114  7.05%   223 31928s
 2319860 1613057     cutoff   74      5963.00000 5542.62114  7.05%   223 31962s
 2323272 1615681 5579.09063   74  470 5963.00000 5542.67204  7.05%   223 31995s
 2326178 1619009 5607.79046  164  418 5963.00000 5542.84512  7.05%   223 32038s
 2330185 1620825 5619.85661   68  393 5963.00000 5543.02179  7.04%   223 32073s
 2333369 1623082 5586.91591  109  391 5963.00000 5543.12040  7.04%   223 32109s
 2337028 1624132 5596.76025   86  448 5963.00000 5543.33249  7.04%   223 32143s
 2338758 1627115 5586.75027   81  486 5963.00000 5543.39485  7.04%   223 32180s
 2342933 1629977 5588.24385   69  365 5963.00000 5543.61426  7.03%   223 32215s
 2346735 1632412 5565.45725   86  517 5963.00000 5543.68328  7.03%   223 32252s
 2350536 1634477 5593.08140   86  469 5963.00000 5543.79551  7.03%   223 32282s
 2353685 1636305 5600.04780  128  544 5963.00000 5543.80509  7.03%   223 32313s
 2357066 1638424 5563.55051  108  435 5963.00000 5543.97065  7.03%   223 32343s
 2360385 1640505 5570.40703  105  479 5963.00000 5544.07158  7.03%   223 32373s
 2363481 1642413 5562.33817  127  349 5963.00000 5544.14596  7.02%   223 32404s
 2366507 1644049 5612.38374   98  465 5963.00000 5544.30429  7.02%   223 32436s
 2369610 1645911 5585.88743   81  497 5963.00000 5544.51521  7.02%   223 32467s
 2372704 1647821 5595.20984   66  411 5963.00000 5544.62855  7.02%   223 32499s
 2375819 1649758 5588.60916  102  457 5963.00000 5544.69347  7.02%   223 32535s
 2379190 1651661 5560.22787   83  451 5963.00000 5544.81087  7.01%   223 32570s
 2382431 1654527 5647.88319  124  389 5963.00000 5544.88949  7.01%   223 32615s
 2385707 1659123 5592.00933  130  530 5963.00000 5544.88949  7.01%   223 32662s
 2390617 1662067 5626.73469  301  514 5963.00000 5544.91161  7.01%   223 32699s
 2393781 1664861 5670.34603  461  514 5963.00000 5544.97361  7.01%   223 32738s
 2397004 1667176 5658.17324  128  331 5963.00000 5544.97361  7.01%   223 32775s
 2399726 1668175 5589.64192   87  316 5963.00000 5544.97361  7.01%   223 32814s
 2400862 1671692 5644.30975  102  417 5963.00000 5544.97361  7.01%   223 32857s
 2404724 1675446 5607.34233  156  417 5963.00000 5544.97361  7.01%   223 32907s
 2408853 1678474 5600.58395  127  325 5963.00000 5545.37532  7.00%   222 32946s
 2412085 1681955 5633.29554  250  446 5963.00000 5545.37532  7.00%   222 32984s
 2415782 1684141 5634.91302   72  408 5963.00000 5545.49746  7.00%   222 33020s
 2418661 1686721 5579.81104   54  550 5963.00000 5545.53514  7.00%   222 33058s
 2422261 1689622 5630.56440  122  392 5963.00000 5545.69023  7.00%   222 33095s
 2425318 1692005 5649.49095  134  494 5963.00000 5545.69023  7.00%   222 33131s
 2427905 1694648 5618.53268  135  268 5963.00000 5545.69023  7.00%   222 33170s
 2430821 1697575 5664.87575  297  378 5963.00000 5545.69023  7.00%   222 33211s
 2434216 1700188 5603.64857   93  481 5963.00000 5545.70753  7.00%   222 33239s
 2437421 1703633 5641.52720  197  345 5963.00000 5545.74979  7.00%   222 33269s
 2441389 1706254 5640.13170  104  327 5963.00000 5545.74979  7.00%   222 33295s
 2444627 1708850 5638.75670   94  321 5963.00000 5545.86142  7.00%   222 33322s
 2448137 1710577 5619.64375  115  408 5963.00000 5545.93825  6.99%   222 33350s
 2451019 1712782 5601.06307   59  449 5963.00000 5545.97419  6.99%   222 33377s
 2454278 1715598 5619.78574   95  535 5963.00000 5546.24447  6.99%   222 33403s
 2457707 1718589 5649.47107   95  323 5963.00000 5546.26849  6.99%   222 33431s
 2461254 1720472 5572.26024  112  581 5963.00000 5546.28021  6.99%   222 33463s
 2464141 1722971 5613.96719  232  463 5963.00000 5546.43857  6.99%   222 33496s
 2467316 1726167 5598.79093   76  344 5963.00000 5546.43857  6.99%   222 33530s
 2471147 1729548 5650.80600  119  405 5963.00000 5546.56989  6.98%   222 33561s
 2475247 1731746 5608.86500   83  310 5963.00000 5546.64839  6.98%   221 33590s
 2478350 1734793 5638.74503  136  393 5963.00000 5546.74921  6.98%   221 33619s
 2481976 1738578 5646.07995  128  379 5963.00000 5546.74921  6.98%   221 33648s
 2486300 1739266 5619.64790   75  350 5963.00000 5546.89642  6.98%   221 33688s
 2487164 1750255 5624.58709   73  243 5963.00000 5546.89642  6.98%   221 33828s
 2500347 1753463 5633.73881   93  293 5963.00000 5547.06393  6.98%   221 33868s
 2504110 1757091 5610.05704  208  377 5963.00000 5547.06393  6.98%   221 33907s
 2508127 1759442 5601.92467   88  541 5963.00000 5547.06393  6.98%   221 33944s
 2510655 1762214 5623.35516  124  486 5963.00000 5547.06393  6.98%   221 33982s
 2513878 1765693 5591.64618  115  403 5963.00000 5547.32946  6.97%   221 34024s
 2517901 1768670 5590.01649   66  421 5963.00000 5547.46950  6.97%   221 34057s
 2521229 1771650 5608.98475  141  361 5963.00000 5547.51109  6.97%   221 34089s
 2524471 1774729 5569.18432  106  277 5963.00000 5547.51109  6.97%   221 34122s
 2527894 1776829 5597.53563  203  450 5963.00000 5547.51109  6.97%   221 34156s
 2530645 1779909 5585.18009   90  370 5963.00000 5547.70448  6.96%   221 34189s
 2534138 1781990 5575.35402   88  560 5963.00000 5547.81844  6.96%   221 34222s
 2536406 1783893 5609.48619   65  282 5963.00000 5547.81844  6.96%   221 34256s
 2539645 1786265 5611.57111  107  445 5963.00000 5548.00190  6.96%   221 34290s
 2543096 1788236 5578.52873  118  452 5963.00000 5548.03078  6.96%   221 34324s
 2546669 1789828 5600.31867   55  364 5963.00000 5548.17640  6.96%   221 34357s
 2549719 1791978 5610.32846   61  450 5963.00000 5548.27874  6.95%   221 34391s
 2553258 1794152 5570.46243   50  358 5963.00000 5548.45654  6.95%   221 34424s
 2556613 1796445 5579.74052   96  581 5963.00000 5548.50534  6.95%   221 34458s
 2560142 1798647 5619.24542  195  440 5963.00000 5548.50534  6.95%   221 34494s
 2563677 1800833 5610.71293  119  175 5963.00000 5548.75323  6.95%   221 34526s
 2567096 1803149 5613.20247   60  368 5963.00000 5548.85158  6.95%   221 34557s
 2570365 1804916 5564.70789   61  437 5963.00000 5548.90194  6.94%   221 34589s
 2573425 1806712 5601.50269   51  361 5963.00000 5549.05166  6.94%   221 34623s
 2576486 1808432 5577.68639  159  436 5963.00000 5549.17623  6.94%   221 34655s
 2579573 1809260 5618.40074   90  194 5963.00000 5549.23742  6.94%   222 34688s
 2581061 1811393 5620.02209  146  452 5963.00000 5549.23742  6.94%   222 34724s
 2584736 1813438 5578.29181  104  424 5963.00000 5549.42147  6.94%   222 34760s
 2588327 1815079 5633.08672  108  450 5963.00000 5549.50462  6.93%   222 34809s
 2590681 1817863 5649.32851  143  392 5963.00000 5549.50462  6.93%   222 34871s
 2594504 1821102 5664.74472  188  419 5963.00000 5549.51521  6.93%   222 34928s
 2598554 1824452     cutoff   74      5963.00000 5549.71029  6.93%   222 34981s
 2602485 1826736 5649.07025  120  409 5963.00000 5549.71029  6.93%   222 35032s
 2605942 1828182 5628.42293   70  394 5963.00000 5549.75135  6.93%   222 35085s
 2608517 1829822 5642.53180   78  328 5963.00000 5549.84967  6.93%   222 35137s
 2611424 1832439 5589.26016   73  482 5963.00000 5549.84967  6.93%   222 35191s
 2615332 1834991 5616.61984  171  700 5963.00000 5549.84967  6.93%   222 35241s
 2618467 1837404 5636.54517  316  641 5963.00000 5549.99698  6.93%   222 35293s
 2621524 1839949 5597.79368  113  370 5963.00000 5550.00215  6.93%   222 35343s
 2624679 1843123 5625.14538  133  227 5963.00000 5550.00678  6.93%   222 35393s
 2628462 1846878 5593.35437   98  481 5963.00000 5550.13836  6.92%   222 35443s
 2632977 1848924 5621.69649  231  554 5963.00000 5550.13836  6.92%   222 35488s
 2635552 1851371 5649.25666  349  574 5963.00000 5550.23205  6.92%   222 35534s
 2638696 1852639 5648.25242  133  482 5963.00000 5550.23205  6.92%   222 35562s
 2640136 1859362 5615.07066   59  407 5963.00000 5550.25229  6.92%   222 35623s
 2648115 1862893 5648.47999  324  334 5963.00000 5550.42493  6.92%   222 35653s
 2652290 1865062 5572.98944   72  566 5963.00000 5550.52084  6.92%   222 35677s
 2655113 1867994 5609.51692  127  487 5963.00000 5550.57754  6.92%   222 35702s
 2658736 1870130 5655.34847  281  339 5963.00000 5550.57754  6.92%   222 35725s
 2661522 1872677 5560.03195   53  603 5963.00000 5550.74336  6.91%   222 35750s
 2664736 1874849 5597.12233  139  570 5963.00000 5550.74336  6.91%   222 35775s
 2667689 1877327 5633.48943  260  472 5963.00000 5550.74336  6.91%   222 35801s
 2670860 1880085 5634.32712  112  502 5963.00000 5550.95257  6.91%   221 35826s
 2674224 1883293 5620.01409   64  493 5963.00000 5550.95257  6.91%   221 35852s
 2677997 1885961 5615.21060   48  291 5963.00000 5551.06189  6.91%   221 35883s
 2681567 1887906 5614.44839  121  469 5963.00000 5551.16404  6.91%   221 35911s
 2684591 1890455 5643.62924  150  476 5963.00000 5551.17804  6.91%   221 35939s
 2688052 1892851 5602.59131   83  474 5963.00000 5551.34723  6.90%   221 35967s
 2691160 1895143 5612.64935  154  509 5963.00000 5551.34723  6.90%   221 36005s
 2693998 1898475 5625.35151  221  584 5963.00000 5551.38874  6.90%   221 36050s
 2698153 1902327 5589.43091  114  407 5963.00000 5551.50746  6.90%   221 36093s
 2702475 1904867 5623.62212  278  450 5963.00000 5551.51229  6.90%   221 36124s
 2705544 1906701 5637.07948   88  317 5963.00000 5551.51229  6.90%   221 36156s
 2707970 1908185 5586.32955   70  498 5963.00000 5551.63086  6.90%   221 36190s
 2710256 1909757 5639.43601  104  300 5963.00000 5551.63086  6.90%   221 36226s
 2713536 1911650 5634.86747  129  500 5963.00000 5551.74037  6.90%   222 36262s
 2716641 1913486 5638.22764  126  453 5963.00000 5551.78893  6.90%   222 36298s
 2720154 1915185 5571.00649   61  408 5963.00000 5551.78893  6.90%   222 36333s
 2723125 1917772 5591.84591  185  401 5963.00000 5551.86110  6.89%   222 36370s
 2726674 1920653 5639.38880  397  219 5963.00000 5551.86110  6.89%   222 36407s
 2730042 1922705 5621.69121  163  383 5963.00000 5551.86110  6.89%   222 36448s
 2732409 1927478 5565.41082   71  483 5963.00000 5552.02955  6.89%   222 36500s
 2738169 1930647 5629.74642  149  393 5963.00000 5552.05801  6.89%   222 36537s
 2741761 1932598 5577.94041   88  440 5963.00000 5552.12645  6.89%   222 36572s
 2744849 1933691 5616.93742  196  426 5963.00000 5552.23152  6.89%   222 36610s
 2746562 1937262 5588.72158   81  340 5963.00000 5552.28746  6.89%   222 36673s
 2752657 1939329 5624.40110   67  373 5963.00000 5552.42483  6.89%   222 36713s
 2756833 1941940     cutoff  112      5963.00000 5552.61848  6.88%   222 36750s
 2760721 1944002 5612.64366  168  516 5963.00000 5552.78034  6.88%   222 36786s
 2764292 1946395 5617.59198   96  397 5963.00000 5552.86303  6.88%   222 36820s
 2767978 1948307 5594.15133  139  272 5963.00000 5552.95073  6.88%   222 36854s
 2771232 1950399     cutoff   60      5963.00000 5553.07615  6.87%   222 36888s
 2774507 1952628 5622.29527  146  416 5963.00000 5553.18988  6.87%   222 36924s
 2777919 1955134 5625.05704  116  445 5963.00000 5553.27290  6.87%   222 36957s
 2781484 1957394 5576.66381   71  396 5963.00000 5553.35777  6.87%   222 36989s
 2784744 1959133 5579.76235   60  360 5963.00000 5553.46049  6.87%   222 37021s
 2787945 1961124 5581.45016   68  419 5963.00000 5553.58080  6.87%   222 37053s
 2791288 1963052     cutoff  125      5963.00000 5553.61929  6.87%   222 37085s
 2794441 1964861 infeasible  220      5963.00000 5553.71737  6.86%   222 37130s
 2796855 1968317 5605.43418   99  400 5963.00000 5553.71737  6.86%   222 37192s
 2801055 1971570 5635.07541  119  233 5963.00000 5553.83647  6.86%   222 37245s
 2804956 1974073 5648.73165   83  420 5963.00000 5553.96105  6.86%   222 37295s
 2808203 1977011 5567.74064   63  306 5963.00000 5554.07945  6.86%   222 37344s
 2811859 1979222 5600.61229   81  548 5963.00000 5554.24588  6.85%   222 37389s
 2814435 1982665 5607.23420   96  354 5963.00000 5554.24588  6.85%   222 37437s
 2818115 1985703 5673.96679  203  406 5963.00000 5554.24588  6.85%   222 37484s
 2821692 1988123 5661.53238  114  273 5963.00000 5554.27696  6.85%   222 37530s
 2824704 1991365 5626.56077  150  499 5963.00000 5554.50514  6.85%   222 37576s
 2828322 1993834 5676.52175  298  397 5963.00000 5554.50994  6.85%   222 37621s
 2831220 1996871 5605.61221  112  425 5963.00000 5554.52265  6.85%   222 37667s
 2834735 1999582 5667.35516  247  562 5963.00000 5554.52265  6.85%   222 37717s
 2837961 2002721 5623.17427  231  486 5963.00000 5554.52265  6.85%   222 37766s
 2841544 2003286 5668.54222  308  433 5963.00000 5554.52265  6.85%   222 37809s
 2842183 2005836 5679.56752  327  480 5963.00000 5554.52265  6.85%   222 37860s
 2845287 2007670 5651.56898  103  445 5963.00000 5554.74675  6.85%   222 37889s
 2848032 2010157 5659.17093  181  351 5963.00000 5554.78575  6.85%   222 37923s
 2851571 2013228 5608.64869  110  517 5963.00000 5554.85881  6.84%   222 37955s
 2855414 2016047 5655.01287   79  270 5963.00000 5554.93269  6.84%   222 37986s
 2859050 2016171 5645.49862   77  413 5963.00000 5555.01818  6.84%   222 38018s
 2859207 2018159 5647.25741   78  374 5963.00000 5555.02001  6.84%   222 38049s
 2861750 2020592 infeasible  131      5963.00000 5555.02293  6.84%   222 38082s
 2865216 2022879 5595.62910   71  414 5963.00000 5555.12974  6.84%   222 38110s
 2868471 2024362 5627.37252   61  316 5963.00000 5555.17429  6.84%   222 38138s
 2870951 2026080     cutoff  107      5963.00000 5555.22672  6.84%   222 38168s
 2873578 2028697 5632.93694   54  362 5963.00000 5555.25550  6.84%   222 38199s
 2876982 2031109 5646.25725  114  469 5963.00000 5555.32151  6.84%   222 38229s
 2880458 2034466 5588.37997  124  590 5963.00000 5555.37411  6.84%   222 38259s
 2884459 2037167 5626.49012  243  470 5963.00000 5555.43312  6.83%   222 38289s
 2887724 2040411 5609.14985   59  464 5963.00000 5555.47744  6.83%   221 38318s
 2891730 2043898 5609.38916  109  498 5963.00000 5555.54204  6.83%   221 38350s
 2895834 2046508 5613.40803  132  485 5963.00000 5555.54204  6.83%   221 38387s
 2898941 2049921 5578.89052   95  531 5963.00000 5555.54204  6.83%   221 38428s
 2902868 2052543 5598.43279   69  468 5963.00000 5555.54204  6.83%   221 38466s
 2906453 2054463 5577.28320   71  417 5963.00000 5555.72504  6.83%   221 38502s
 2909517 2057261 5604.70512   81  301 5963.00000 5555.72504  6.83%   221 38539s
 2913235 2060942 5643.01188  103  357 5963.00000 5555.89881  6.83%   221 38581s
 2917489 2062727 infeasible  100      5963.00000 5555.89881  6.83%   221 38612s
 2920063 2065408 5583.57344   88  295 5963.00000 5555.99059  6.83%   221 38645s
 2923169 2068060 5605.62491  223  443 5963.00000 5555.99703  6.83%   222 38679s
 2926091 2071254 5629.23693  388  396 5963.00000 5555.99703  6.83%   221 38714s
 2929876 2073782 5609.53212   80  310 5963.00000 5556.12787  6.82%   221 38747s
 2932880 2076331 5579.76304   75  396 5963.00000 5556.20066  6.82%   221 38782s
 2936057 2078788 5599.50282   77  367 5963.00000 5556.33595  6.82%   222 38816s
 2938956 2081589 5643.57002  143  304 5963.00000 5556.37849  6.82%   222 38852s
 2942065 2083692 5572.76435   56  334 5963.00000 5556.37849  6.82%   222 38888s
 2944698 2085469 5599.84693  183  309 5963.00000 5556.37849  6.82%   222 38931s
 2947682 2087104 5605.71430  103  453 5963.00000 5556.37849  6.82%   222 38965s
 2950565 2089265 5616.55751  130  545 5963.00000 5556.43571  6.82%   222 39004s
 2954480 2091210 5607.77540  135  372 5963.00000 5556.51326  6.82%   222 39040s
 2958016 2093302 5601.46509  114  480 5963.00000 5556.68962  6.81%   222 39076s
 2961295 2095253     cutoff   60      5963.00000 5556.72426  6.81%   222 39111s
 2964950 2097658 5627.07025   95  425 5963.00000 5556.76262  6.81%   222 39144s
 2968530 2099685 5611.56800   60  318 5963.00000 5556.76262  6.81%   222 39175s
 2971653 2101765 5560.94183   61  419 5963.00000 5557.08647  6.81%   222 39207s
 2974992 2103576 5580.80324   84  490 5963.00000 5557.19383  6.81%   222 39238s
 2978042 2105543 5602.27906  114  498 5963.00000 5557.22766  6.80%   222 39271s
 2981357 2107357 5611.48542  166  438 5963.00000 5557.32032  6.80%   222 39303s
 2984271 2109633 5620.22787  138  461 5963.00000 5557.43416  6.80%   222 39336s
 2987733 2111543 5561.51392  119  368 5963.00000 5557.57275  6.80%   222 39374s
 2991368 2112818 5622.45910   95  360 5963.00000 5557.66604  6.80%   222 39405s
 2994474 2114694 5589.51254   81  441 5963.00000 5557.70553  6.80%   222 39437s
 2997457 2116563 5585.36087   92  267 5963.00000 5557.81775  6.79%   222 39470s
 3000748 2118530 5619.02063   68  527 5963.00000 5557.81775  6.79%   222 39517s
 3003458 2121371     cutoff  102      5963.00000 5557.88806  6.79%   222 39574s
 3007445 2124722 5665.37696  143  397 5963.00000 5557.88806  6.79%   222 39625s
 3011331 2128109 5600.85515  189  472 5963.00000 5558.11162  6.79%   222 39679s
 3015118 2131977 5632.81250  306  502 5963.00000 5558.15140  6.79%   222 39726s
 3019319 2135351 5664.12220  496  552 5963.00000 5558.15140  6.79%   222 39775s
 3023127 2138026 5670.26736  149  159 5963.00000 5558.15140  6.79%   222 39815s
 3026163 2141272 5615.01764  138  397 5963.00000 5558.30534  6.79%   222 39856s
 3029670 2144491 5655.08015  276  473 5963.00000 5558.30534  6.79%   222 39898s
 3033148 2147295 5598.99430  104  503 5963.00000 5558.30534  6.79%   222 39938s
 3036335 2149615 5618.68636  164  573 5963.00000 5558.35576  6.79%   222 39980s
 3039548 2151946 5636.79949  251  599 5963.00000 5558.38829  6.79%   222 40020s
 3042450 2154991 5657.99792  363  542 5963.00000 5558.38829  6.79%   222 40061s
 3045785 2158117 5688.63289  122  363 5963.00000 5558.42200  6.78%   222 40103s
 3049169 2162113 5628.85606  154  514 5963.00000 5558.42200  6.78%   222 40153s
 3053553 2164737 5622.51593   46  422 5963.00000 5558.42200  6.78%   221 40181s
 3056940 2166459 5608.29396  143  487 5963.00000 5558.50540  6.78%   221 40209s
 3058869 2169610 5656.29139  218  357 5963.00000 5558.59881  6.78%   221 40247s
 3062883 2171730 5634.77217   89  405 5963.00000 5558.65514  6.78%   221 40278s
 3065953 2174619 5630.53321   51  411 5963.00000 5558.75576  6.78%   221 40309s
 3069600 2177330 5571.57604   46  657 5963.00000 5558.81636  6.78%   221 40341s
 3072917 2179429 5634.43213  123  427 5963.00000 5558.81636  6.78%   221 40372s
 3076094 2181364 5591.81285  189  439 5963.00000 5558.93831  6.78%   221 40403s
 3079514 2182869 5624.39385   74  386 5963.00000 5558.95544  6.78%   221 40435s
 3082363 2184925 5597.04800   57  479 5963.00000 5559.00357  6.78%   221 40469s
 3085913 2187469 5593.80405   72  464 5963.00000 5559.00357  6.78%   221 40500s
 3089740 2190343 5603.13976   88  650 5963.00000 5559.14522  6.77%   221 40529s
 3090908 2190343 5603.76560  158  416 5963.00000 5559.16209  6.77%   221 40530s
 3093460 2192925 5636.98429  128  401 5963.00000 5559.16209  6.77%   221 40559s
 3096772 2195683 5614.97575   68  488 5963.00000 5559.16209  6.77%   221 40588s
 3100462 2198036     cutoff   62      5963.00000 5559.29677  6.77%   221 40616s
 3103679 2199392 5603.38416  102  363 5963.00000 5559.32210  6.77%   221 40654s
 3106066 2201122 5646.82159  182  391 5963.00000 5559.32210  6.77%   221 40706s
 3109010 2204102 5606.27103  175  407 5963.00000 5559.35723  6.77%   221 40763s
 3113745 2206785 5646.86963  395  371 5963.00000 5559.47271  6.77%   221 40810s
 3117605 2209374 5620.72463  112  396 5963.00000 5559.51660  6.77%   222 40855s
 3121317 2211241 5596.15065   85  304 5963.00000 5559.54553  6.77%   222 40899s
 3124762 2212646 5611.37658  114  277 5963.00000 5559.59939  6.77%   222 40943s
 3127846 2215580 5619.36086  160  291 5963.00000 5559.64945  6.76%   222 40988s
 3132135 2218335 5599.52846   87  267 5963.00000 5559.64945  6.76%   222 41031s
 3136291 2220585 5619.37914   77  384 5963.00000 5559.72354  6.76%   222 41063s
 3139063 2223188 5591.26287   73  456 5963.00000 5559.78072  6.76%   222 41096s
 3142340 2225840 5602.98134   73  464 5963.00000 5559.87263  6.76%   222 41130s
 3145501 2228389 5644.58386  160  559 5963.00000 5559.87263  6.76%   222 41165s
 3148521 2230874 5647.23832  162  365 5963.00000 5559.90524  6.76%   222 41199s
 3151476 2234212 5594.70301  116  478 5963.00000 5559.99313  6.76%   222 41235s
 3155205 2235729 5569.85082   83  607 5963.00000 5560.07115  6.76%   222 41270s
 3158068 2237763 5586.12546   57  518 5963.00000 5560.21236  6.75%   222 41308s
 3161671 2239943     cutoff   81      5963.00000 5560.32787  6.75%   222 41345s
 3165548 2241899     cutoff   73      5963.00000 5560.41459  6.75%   222 41380s
 3169021 2244108 5621.40409   63  394 5963.00000 5560.59545  6.75%   222 41415s
 3172566 2246268 5616.19063  128  348 5963.00000 5560.63290  6.75%   222 41451s
 3175937 2248419 5603.85894  236  412 5963.00000 5560.75599  6.75%   222 41484s
 3179127 2249679 5563.55988   95  484 5963.00000 5560.86694  6.74%   222 41519s
 3181083 2249867 5610.71157  152  383 5963.00000 5560.86694  6.74%   222 41557s
 3181321 2250056 5616.29014  153  373 5963.00000 5560.86694  6.74%   222 41596s
 3181684 2250420 5616.61804  154  358 5963.00000 5560.86694  6.74%   222 41639s
 3182424 2253370 5616.64219  155  376 5963.00000 5560.90032  6.74%   222 41687s
 3187142 2255571     cutoff   60      5963.00000 5561.02509  6.74%   222 41730s
 3191150 2257847 5630.15351  104  342 5963.00000 5561.18119  6.74%   222 41772s
 3195345 2260335     cutoff   63      5963.00000 5561.30759  6.74%   222 41810s
 3199257 2261983 5613.61729   90  345 5963.00000 5561.39807  6.73%   222 41847s
 3202570 2263875 5606.42196  105  387 5963.00000 5561.50376  6.73%   222 41884s
 3205798 2266550 5667.26289  327  514 5963.00000 5561.57104  6.73%   222 41930s
 3209192 2269145 5676.59551  267  450 5963.00000 5561.94072  6.73%   222 41975s
 3212210 2270687 5605.78262  154  498 5963.00000 5561.94788  6.73%   222 42021s
 3213933 2275678 5623.91421  209  594 5963.00000 5562.00132  6.72%   222 42075s
 3219375 2277486 5676.72257  155  345 5963.00000 5562.08489  6.72%   222 42119s
 3221504 2281175 5655.77163  258  418 5963.00000 5562.09307  6.72%   222 42166s
 3225594 2283801 5643.75208  137  368 5963.00000 5562.09307  6.72%   222 42212s
 3228845 2284485 5608.02878   84  206 5963.00000 5562.20724  6.72%   222 42259s
 3229620 2287718 5628.82095  109  399 5963.00000 5562.20724  6.72%   222 42307s
 3233342 2290987 5683.39520  346  173 5963.00000 5562.26534  6.72%   222 42358s
 3237043 2293865 5587.24792  223  363 5963.00000 5562.34732  6.72%   222 42399s
 3240338 2296646 5638.06781  308  557 5963.00000 5562.34732  6.72%   222 42440s
 3243692 2299692 5581.30646   72  330 5963.00000 5562.34732  6.72%   222 42481s
 3247105 2302953     cutoff  206      5963.00000 5562.34732  6.72%   222 42523s
 3250935 2305044 5659.35079  155  335 5963.00000 5562.54064  6.72%   222 42562s
 3253365 2307218 5634.53947   63  351 5963.00000 5562.54064  6.72%   222 42603s
 3256148 2308428 5574.88311   70  491 5963.00000 5562.57814  6.72%   222 42632s
 3258830 2311844 5621.49849  152  442 5963.00000 5562.57814  6.72%   222 42668s
 3263379 2313197 5643.87264  114  449 5963.00000 5562.77664  6.71%   222 42699s
 3265073 2318116 5656.05040  120  375 5963.00000 5562.77664  6.71%   222 42757s
 3270798 2318628 5606.04263  130  404 5963.00000 5562.82003  6.71%   222 42793s
 3271406 2319527 5657.50068  318  426 5963.00000 5562.83157  6.71%   222 42832s
 3272427 2320266 5632.63199   93  363 5963.00000 5562.84606  6.71%   222 42879s
 3273389 2322218 5667.66845  208  375 5963.00000 5562.84606  6.71%   222 42930s
 3275818 2328469 5594.85537  123  412 5963.00000 5562.86950  6.71%   222 42984s
 3281933 2328469 5640.31627  166  398 5963.00000 5562.98941  6.71%   221 42985s
 3283341 2332815 5650.48221  168  461 5963.00000 5563.04455  6.71%   221 43023s
 3288503 2336795     cutoff   57      5963.00000 5563.11950  6.71%   221 43057s
 3293076 2339997 5641.90018  150  455 5963.00000 5563.11950  6.71%   221 43089s
 3296899 2340749 5648.92405   54  426 5963.00000 5563.11950  6.71%   221 43115s
 3298037 2342127     cutoff   72      5963.00000 5563.11950  6.71%   221 43147s
 3301633 2345090 5619.70571   87  430 5963.00000 5563.31099  6.70%   221 43178s
 3305349 2347171 5661.36503   96  419 5963.00000 5563.31099  6.70%   221 43200s

Cutting planes:
  Learned: 1
  Gomory: 16
  Cover: 914
  Implied bound: 1
  Clique: 188
  MIR: 252
  StrongCG: 4
  Zero half: 45
  RLT: 1037
  Relax-and-lift: 3
  BQP: 8

Explored 3308087 nodes (731526667 simplex iterations) in 43208.66 seconds (22937.41 work units)
Thread count was 32 (of 128 available processors)

Solution count 10: 5963 5966 5988 ... 6051

Time limit reached
Best objective 5.963000000000e+03, best bound 5.564000000000e+03, gap 6.6913%
Solved r101_Skewed1 -> /project2/ssuen_1733/output/v3/r101_Skewed1.pkl / .json
[Tue Dec 16 04:48:00 PST 2025] Finished run_single_instance for r101_Skewed1
