==========================================
SLURM_JOB_ID = 5298008
SLURM_JOB_NODELIST = b22-22
TMPDIR = /tmp/SLURM_5298008
==========================================
Using Python:
Python 3.10.18
Checking core dependencies:
numpy: 2.2.6
gurobi: (12, 0, 3)
[Mon Dec 15 16:47:16 PST 2025] Starting run_single_instance on b22-22.hpc.usc.edu for c201_Random2
Set parameter TokenServer to value "hpc-licenses.hpcc.usc.edu"
Set parameter TimeLimit to value 43200
Set parameter Seed to value 42
Set parameter OutputFlag to value 1
Gurobi Optimizer version 12.0.3 build v12.0.3rc0 (linux64 - "Rocky Linux 8.10 (Green Obsidian)")

CPU model: AMD EPYC 7542 32-Core Processor, instruction set [SSE2|AVX|AVX2]
Thread count: 64 physical cores, 128 logical processors, using up to 32 threads

Non-default parameters:
TimeLimit  43200
Seed  42

Optimize a model with 703550 rows, 728000 columns and 5954600 nonzeros
Model fingerprint: 0xbb27bc07
Variable types: 0 continuous, 728000 integer (727500 binary)
Coefficient statistics:
  Matrix range     [1e+00, 1e+03]
  Objective range  [2e+00, 1e+02]
  Bounds range     [1e+00, 5e+01]
  RHS range        [1e+00, 1e+03]
Presolve removed 678400 rows and 698753 columns
Presolve time: 1.72s
Presolved: 25150 rows, 29247 columns, 177050 nonzeros
Variable types: 0 continuous, 29247 integer (29200 binary)
Performing another presolve...
Presolve removed 600 rows and 150 columns (presolve time = 7s)...
Presolve removed 600 rows and 150 columns
Presolve time: 6.73s
Deterministic concurrent LP optimizer: primal and dual simplex
Showing primal log only...


Root simplex log...

Iteration    Objective       Primal Inf.    Dual Inf.      Time
       0    5.3400000e+02   3.305000e+02   1.549442e+10     10s
    7080    9.2302739e+03   1.173503e+02   4.684133e+09     10s
Concurrent spin time: 0.00s

Solved with dual simplex

Root simplex log...

Iteration    Objective       Primal Inf.    Dual Inf.      Time
   15024    4.6068480e+03   0.000000e+00   0.000000e+00     12s

Root relaxation: objective 4.606848e+03, 15024 iterations, 2.25 seconds (1.10 work units)
Total elapsed time = 12.14s (DegenMoves)

    Nodes    |    Current Node    |     Objective Bounds      |     Work
 Expl Unexpl |  Obj  Depth IntInf | Incumbent    BestBd   Gap | It/Node Time

     0     0 4606.84804    0  734          - 4606.84804      -     -   12s
     0     0 4663.04739    0  840          - 4663.04739      -     -   13s
     0     0 4663.04739    0  863          - 4663.04739      -     -   13s
     0     0 4663.04739    0  875          - 4663.04739      -     -   13s
     0     0 4663.04739    0  870          - 4663.04739      -     -   13s
     0     0 4693.23021    0  937          - 4693.23021      -     -   14s
     0     0 4740.90268    0  990          - 4740.90268      -     -   14s
     0     0 4747.54806    0  988          - 4747.54806      -     -   14s
     0     0 4748.10980    0 1031          - 4748.10980      -     -   14s
     0     0 4748.14837    0 1041          - 4748.14837      -     -   14s
     0     0 4748.15443    0 1043          - 4748.15443      -     -   14s
     0     0 4876.31310    0 1074          - 4876.31310      -     -   15s
     0     0 4886.60020    0 1000          - 4886.60020      -     -   16s
     0     0 4886.79203    0 1019          - 4886.79203      -     -   16s
     0     0 4886.83194    0 1045          - 4886.83194      -     -   16s
     0     0 4957.23568    0 1061          - 4957.23568      -     -   17s
     0     0 4968.66169    0 1072          - 4968.66169      -     -   17s
     0     0 4969.36545    0 1105          - 4969.36545      -     -   17s
     0     0 4969.71869    0 1098          - 4969.71869      -     -   17s
     0     0 4969.71869    0 1106          - 4969.71869      -     -   17s
H    0     0                    20680.000000 4969.71869  76.0%     -   17s
     0     0 5121.12473    0 1102 20680.0000 5121.12473  75.2%     -   18s
H    0     0                    20406.000000 5123.65880  74.9%     -   18s
H    0     0                    19074.000000 5123.65880  73.1%     -   18s
H    0     0                    19016.000000 5123.65880  73.1%     -   18s
H    0     0                    16608.000000 5123.65880  69.1%     -   18s
H    0     0                    15834.000000 5123.65880  67.6%     -   18s
     0     0 5136.17532    0 1097 15834.0000 5136.17532  67.6%     -   18s
     0     0 5137.16049    0 1129 15834.0000 5137.16049  67.6%     -   18s
     0     0 5137.43950    0 1113 15834.0000 5137.43950  67.6%     -   18s
     0     0 5137.44436    0 1111 15834.0000 5137.44436  67.6%     -   18s
     0     0 5168.13827    0 1023 15834.0000 5168.13827  67.4%     -   19s
H    0     0                    13714.000000 5168.39941  62.3%     -   20s
H    0     0                    13674.000000 5168.39941  62.2%     -   20s
H    0     0                    13672.000000 5168.39941  62.2%     -   20s
H    0     0                    13655.000000 5168.39941  62.2%     -   20s
H    0     0                    13589.000000 5168.39941  62.0%     -   20s
H    0     0                    13566.000000 5168.39941  61.9%     -   20s
H    0     0                    13520.000000 5168.39941  61.8%     -   20s
H    0     0                    13488.000000 5168.39941  61.7%     -   20s
H    0     0                    13456.000000 5168.39941  61.6%     -   20s
H    0     0                    13455.000000 5168.39941  61.6%     -   20s
H    0     0                    13441.000000 5168.39941  61.5%     -   20s
H    0     0                    13403.000000 5168.39941  61.4%     -   20s
H    0     0                    13330.000000 5168.39941  61.2%     -   20s
H    0     0                    13314.000000 5168.39941  61.2%     -   20s
H    0     0                    13308.000000 5168.39941  61.2%     -   20s
H    0     0                    13298.000000 5168.39941  61.1%     -   20s
H    0     0                    13224.000000 5168.39941  60.9%     -   20s
H    0     0                    13218.000000 5168.39941  60.9%     -   20s
H    0     0                    13192.000000 5168.39941  60.8%     -   20s
H    0     0                    13186.000000 5168.39941  60.8%     -   20s
H    0     0                    13185.000000 5168.39941  60.8%     -   20s
H    0     0                    13172.000000 5168.39941  60.8%     -   20s
     0     0 5173.47505    0 1179 13172.0000 5173.47505  60.7%     -   21s
     0     0 5174.36474    0 1170 13172.0000 5174.36474  60.7%     -   21s
     0     0 5174.53060    0 1177 13172.0000 5174.53060  60.7%     -   21s
     0     0 5174.53060    0 1178 13172.0000 5174.53060  60.7%     -   21s
     0     0 5204.66520    0 1218 13172.0000 5204.66520  60.5%     -   23s
H    0     0                    13111.000000 5204.67070  60.3%     -   23s
H    0     0                    13101.000000 5204.67070  60.3%     -   23s
H    0     0                    13048.000000 5204.67070  60.1%     -   23s
H    0     0                    13047.000000 5204.67070  60.1%     -   23s
H    0     0                    13041.000000 5204.67070  60.1%     -   23s
     0     0 5206.02460    0 1248 13041.0000 5206.02460  60.1%     -   23s
     0     0 5206.12047    0 1262 13041.0000 5206.12047  60.1%     -   23s
     0     0 5225.66300    0 1216 13041.0000 5225.66300  59.9%     -   24s
H    0     0                    12590.000000 5225.89584  58.5%     -   25s
H    0     0                    12243.000000 5225.89584  57.3%     -   25s
     0     0 5226.55532    0 1271 12243.0000 5226.55532  57.3%     -   25s
     0     0 5227.06334    0 1252 12243.0000 5227.06334  57.3%     -   25s
     0     0 5227.15897    0 1290 12243.0000 5227.15897  57.3%     -   26s
     0     0 5251.35429    0 1089 12243.0000 5251.35429  57.1%     -   26s
H    0     0                    12034.000000 5251.35803  56.4%     -   27s
     0     0 5253.25905    0 1125 12034.0000 5253.25905  56.3%     -   27s
     0     0 5253.33553    0 1145 12034.0000 5253.33553  56.3%     -   27s
     0     0 5276.53614    0 1103 12034.0000 5276.53614  56.2%     -   29s
H    0     0                    11470.000000 5276.56819  54.0%     -   30s
H    0     0                    11441.000000 5276.56819  53.9%     -   30s
H    0     0                    11437.000000 5276.56819  53.9%     -   30s
H    0     0                    11352.000000 5276.56819  53.5%     -   30s
H    0     0                    11319.000000 5276.56819  53.4%     -   30s
H    0     0                    11317.000000 5276.56819  53.4%     -   30s
     0     0 5278.77630    0 1167 11317.0000 5278.77630  53.4%     -   31s
     0     0 5278.91384    0 1220 11317.0000 5278.91384  53.4%     -   32s
     0     0 5294.15117    0 1125 11317.0000 5294.15117  53.2%     -   33s
H    0     0                    11202.000000 5294.21253  52.7%     -   33s
H    0     0                    11181.000000 5294.21253  52.6%     -   33s
H    0     0                    11150.000000 5294.21253  52.5%     -   33s
     0     0 5296.52180    0 1173 11150.0000 5296.52180  52.5%     -   34s
     0     0 5296.74663    0 1170 11150.0000 5296.74663  52.5%     -   34s
     0     0 5296.78241    0 1168 11150.0000 5296.78241  52.5%     -   34s
     0     0 5311.55363    0 1147 11150.0000 5311.55363  52.4%     -   34s
     0     0 5311.94720    0 1115 11150.0000 5311.94720  52.4%     -   34s
     0     0 5311.98612    0 1135 11150.0000 5311.98612  52.4%     -   35s
     0     0 5339.82891    0 1108 11150.0000 5339.82891  52.1%     -   36s
H    0     0                    11024.000000 5339.91859  51.6%     -   36s
     0     0 5340.28002    0 1165 11024.0000 5340.28002  51.6%     -   36s
     0     0 5340.55535    0 1149 11024.0000 5340.55535  51.6%     -   36s
     0     0 5340.56320    0 1148 11024.0000 5340.56320  51.6%     -   36s
     0     0 5343.34819    0 1105 11024.0000 5343.34819  51.5%     -   37s
H    0     0                    10772.000000 5343.37023  50.4%     -   38s
H    0     0                    10765.000000 5343.37023  50.4%     -   39s
H    0     0                    10740.000000 5343.37023  50.2%     -   39s
H    0     0                    10604.000000 5343.37023  49.6%     -   39s
H    0     0                    10565.000000 5343.37023  49.4%     -   39s
H    0     0                    10543.000000 5343.37023  49.3%     -   40s
H    0     0                    10243.000000 5343.37023  47.8%     -   40s
H    0     0                    10189.000000 5343.37023  47.6%     -   41s
H    0     0                    10188.000000 5343.37023  47.6%     -   41s
H    0     0                    10186.000000 5343.37023  47.5%     -   41s
H    0     0                    10060.000000 5343.37023  46.9%     -   41s
H    0     0                    10041.000000 5343.37023  46.8%     -   41s
H    0     0                    9995.0000000 5343.37023  46.5%     -   41s
H    0     0                    9991.0000000 5343.37023  46.5%     -   41s
H    0     0                    9980.0000000 5343.37023  46.5%     -   42s
H    0     0                    9951.0000000 5343.37023  46.3%     -   42s
H    0     0                    9838.0000000 5343.37023  45.7%     -   42s
H    0     0                    9793.0000000 5343.37023  45.4%     -   42s
H    0     0                    9787.0000000 5343.37023  45.4%     -   43s
     0     0 5344.35578    0 1133 9787.00000 5344.35578  45.4%     -   43s
     0     0 5344.36409    0 1135 9787.00000 5344.36409  45.4%     -   43s
     0     0 5350.74714    0 1042 9787.00000 5350.74714  45.3%     -   45s
H    0     0                    9771.0000000 5350.75524  45.2%     -   45s
H    0     0                    9762.0000000 5350.75524  45.2%     -   45s
H    0     0                    9745.0000000 5350.75524  45.1%     -   45s
     0     0 5351.14203    0 1117 9745.00000 5351.14203  45.1%     -   45s
     0     0 5351.15829    0 1130 9745.00000 5351.15829  45.1%     -   45s
     0     0 5353.14667    0 1102 9745.00000 5353.14667  45.1%     -   46s
     0     0 5353.92560    0 1110 9745.00000 5353.92560  45.1%     -   46s
     0     0 5353.93724    0 1129 9745.00000 5353.93724  45.1%     -   46s
     0     0 5356.12919    0 1146 9745.00000 5356.12919  45.0%     -   46s
H    0     0                    9727.0000000 5356.38559  44.9%     -   46s
     0     0 5356.38559    0 1124 9727.00000 5356.38559  44.9%     -   46s
     0     0 5360.03178    0 1094 9727.00000 5360.03178  44.9%     -   47s
     0     0 5360.64857    0 1135 9727.00000 5360.64857  44.9%     -   47s
     0     0 5367.52715    0 1134 9727.00000 5367.52715  44.8%     -   47s
     0     0 5367.94382    0 1152 9727.00000 5367.94382  44.8%     -   47s
     0     0 5367.98708    0 1153 9727.00000 5367.98708  44.8%     -   47s
     0     0 5374.27910    0 1136 9727.00000 5374.27910  44.7%     -   47s
     0     0 5376.04141    0 1156 9727.00000 5376.04141  44.7%     -   48s
     0     0 5376.06002    0 1129 9727.00000 5376.06002  44.7%     -   48s
     0     0 5386.45386    0 1174 9727.00000 5386.45386  44.6%     -   48s
H    0     0                    9699.0000000 5386.47306  44.5%     -   48s
     0     0 5386.95029    0 1195 9699.00000 5386.95029  44.5%     -   48s
     0     0 5386.99755    0 1193 9699.00000 5386.99755  44.5%     -   48s
     0     0 5387.45837    0 1142 9699.00000 5387.45837  44.5%     -   48s
     0     0 5387.49846    0 1166 9699.00000 5387.49846  44.5%     -   49s
     0     0 5388.05263    0 1160 9699.00000 5388.05263  44.4%     -   49s
     0     0 5388.05263    0 1075 9699.00000 5388.05263  44.4%     -   49s
H    0     0                    9552.0000000 5388.05292  43.6%     -   51s
H    0     0                    9489.0000000 5388.05292  43.2%     -   53s
H    0     0                    9475.0000000 5388.05292  43.1%     -   56s
H    0     0                    9293.0000000 5388.05292  42.0%     -   58s
H    0     0                    9197.0000000 5388.05292  41.4%     -   60s
     6     4 5388.05292    2  160 9197.00000 5388.05292  41.4%  48.3   65s
   329   370 5388.05292   15  244 9197.00000 5388.05292  41.4%   138   70s
H  551   500                    9172.0000000 5388.05292  41.3%   149   71s
   636   624 5388.05292    8  116 9172.00000 5388.05292  41.3%   153   75s
H 1091   963                    9114.0000000 5388.05292  40.9%   131   76s
  1092   967 5448.60701    2  204 9114.00000 5448.60701  40.2%   131   87s
  1184  1083 5451.50235    8  198 9114.00000 5450.63038  40.2%   154   90s
H 1617  1414                    9008.0000000 5451.92856  39.5%   156   93s
  1618  1418 5502.19126    2  339 9008.00000 5502.19126  38.9%   156  103s
  1632  1446 5503.45622    5  350 9008.00000 5503.45622  38.9%   160  105s
  1753  1651 5505.51230    9  303 9008.00000 5505.42728  38.9%   179  110s
  2006  1828 5559.20273   17  297 9008.00000 5505.42728  38.9%   200  115s
H 2150  1934                    8780.0000000 5505.42728  37.3%   212  118s
  2151  1938 5557.95940    2  336 8780.00000 5556.91247  36.7%   212  137s
  2157  1950 5558.00601    4  316 8780.00000 5557.96155  36.7%   214  140s
  2213  2030 5561.10614    7  366 8780.00000 5560.04869  36.7%   224  145s
  2381  2193 5564.37749    9  370 8780.00000 5560.04869  36.7%   229  150s
  2509  2332 5772.28316   11  327 8780.00000 5560.04869  36.7%   234  156s
  2641  2445 5764.37239   16  381 8780.00000 5560.04869  36.7%   235  162s
H 2680  2445                    8153.0000000 5560.04869  31.8%   245  162s
  3295  3049 5560.04869   35  296 8153.00000 5560.04869  31.8%   213  165s
H 4122  3735                    8151.0000000 5560.04869  31.8%   186  168s
  4393  4031 5566.63779   23  124 8151.00000 5560.04869  31.8%   179  170s
  4859  4415 5567.65740   21  327 8151.00000 5560.36350  31.8%   174  175s
  5035  4642 5573.32198   24  279 8151.00000 5560.36350  31.8%   177  180s
  5323  4925 5576.41600   30  266 8151.00000 5560.36350  31.8%   179  185s
H 5445  4957                    8148.0000000 5560.36350  31.8%   184  186s
  5538  5096 5570.28287   26  367 8148.00000 5560.36350  31.8%   180  190s
  5684  5292 5747.42065   29  359 8148.00000 5560.36350  31.8%   181  195s
  6005  5590 5576.95493   33  359 8148.00000 5560.36350  31.8%   180  201s
H 6195  5691                    8107.0000000 5560.36350  31.4%   184  202s
  6611  6151 5560.36350   44  296 8107.00000 5560.36350  31.4%   175  205s
H 7918  7147                    8105.0000000 5560.36350  31.4%   158  207s
  8139  7394 5583.80705   34  146 8105.00000 5560.36350  31.4%   156  210s
  8761  7979 5585.09866   51  149 8105.00000 5560.63558  31.4%   152  215s
H 8919  7940                    8089.0000000 5560.63558  31.3%   153  215s
  9030  8085 5583.19376   48  334 8089.00000 5560.63558  31.3%   151  220s
  9162  8213 5705.60584   70  267 8089.00000 5560.63558  31.3%   152  227s
  9465  8641 5592.44231   78  313 8089.00000 5560.63558  31.3%   153  231s
  9740  8795 5594.89778   81  391 8089.00000 5560.78396  31.3%   156  235s
H 9812  8795                    8088.0000000 5560.78396  31.2%   157  235s
 10175  9240 5589.84144   43  454 8088.00000 5560.78396  31.2%   154  240s
 10459  9543 5593.37353   48  366 8088.00000 5560.78396  31.2%   154  245s
H10698  9653                    8042.0000000 5560.78396  30.9%   157  247s
 11557 10496 5560.78396   69  256 8042.00000 5560.78396  30.9%   149  250s
 13252 12034 5587.52595   64  158 8042.00000 5561.07113  30.8%   139  255s
 14140 12827 5602.05771   83  325 8042.00000 5561.07113  30.8%   137  261s
 14469 13129 5596.29786   85  376 8042.00000 5561.07113  30.8%   137  265s
 14822 13607 5606.12061   86  316 8042.00000 5561.07113  30.8%   139  271s
 15331 14033 5600.92355   53  410 8042.00000 5561.07113  30.8%   139  275s
 15789 14330 5617.22848   61  328 8042.00000 5562.22305  30.8%   139  280s
 16084 14674 5617.99254   66  396 8042.00000 5562.22305  30.8%   139  286s
H16511 14923                    7951.0000000 5562.22305  30.0%   141  289s
 16712 15062 5689.48526   27  263 7951.00000 5689.36679  28.4%   142  343s
 16725 15079 5690.16148   30  301 7951.00000 5689.81829  28.4%   142  345s
 17212 15078 5702.50994   39  166 7951.00000 5691.46512  28.4%   140  350s
 17768 15057 5701.32702   47  192 7951.00000 5694.49018  28.4%   138  355s
 19602 16667 5731.19490  104  167 7951.00000 5694.94698  28.4%   131  360s
 20593 16950 5844.73859   28  350 7951.00000 5844.73859  26.5%   133  468s
 20599 16960 5845.12482   30  368 7951.00000 5845.12482  26.5%   134  470s
 20681 16842 5846.65292   34  332 7951.00000 5846.65292  26.5%   135  476s
H20879 16710                    7929.0000000 5846.90970  26.3%   136  479s
 20879 17052 5897.47200   89  303 7929.00000 5846.90970  26.3%   135  481s
 21634 17615 5964.69975  101  281 7929.00000 5848.88473  26.2%   136  486s
 22042 17965 5914.01448  105  355 7929.00000 5848.88473  26.2%   137  490s
 22481 18238 5911.24045   74  373 7929.00000 5848.88473  26.2%   139  500s
 22513 18841 5910.48542   75  371 7929.00000 5848.88473  26.2%   139  509s
 23147 19157 5922.40567   95  366 7929.00000 5848.88473  26.2%   139  511s
 23847 19717 5929.12715  102  402 7929.00000 5848.88473  26.2%   140  517s
H24063 19717                    7902.0000000 5848.88473  26.0%   141  517s
 24179 19745 5860.56979   52  208 7902.00000 5848.88473  26.0%   140  520s
 25301 19774 5861.51239   40  169 7902.00000 5850.55877  26.0%   137  525s
 26330 19847 6013.20395   32  525 7902.00000 6013.20395  23.9%   137  606s
 26344 19869 6013.26741   35  574 7902.00000 6013.26741  23.9%   137  610s
 26423 19949 6014.77387   38  542 7902.00000 6013.61355  23.9%   138  615s
 26578 20005 6049.81698   40  337 7902.00000 6013.81683  23.9%   138  620s
 26862 19703 6015.08543   42  476 7902.00000 6014.55234  23.9%   140  627s
 27072 19761 6015.36744   44  541 7902.00000 6014.65009  23.9%   141  631s
 27283 19811 6015.86055   46  512 7902.00000 6014.66625  23.9%   141  637s
 27420 19859 6015.94160   47  564 7902.00000 6015.94160  23.9%   142  641s
 27612 19886 6026.06440   49  351 7902.00000 6016.09413  23.9%   143  645s
 27762 19939 6033.97934   51  201 7902.00000 6016.09413  23.9%   143  650s
H27943 19956                    7895.0000000 6016.09413  23.8%   144  653s
 27943 20004 6016.15057   37  306 7895.00000 6016.15057  23.8%   144  655s
 28168 20065 6016.27942   40  322 7895.00000 6016.27942  23.8%   144  661s
 28350 20095 6022.75059   42  310 7895.00000 6017.04401  23.8%   145  666s
 28459 20124 6076.67291   44  294 7895.00000 6017.51443  23.8%   146  670s
 28592 20159 6078.96112   45  306 7895.00000 6019.14983  23.8%   146  675s
 28801 20221 6142.28206   47  263 7895.00000 6019.14983  23.8%   147  680s
 28989 20254 6044.90777   49  247 7895.00000 6019.14983  23.8%   147  685s
 29206 20311 6165.97033   51  207 7895.00000 6019.14983  23.8%   148  690s
 29428 20421 6056.48141   54  157 7895.00000 6022.46283  23.7%   148  696s
 29979 20881 6138.68581  107  258 7895.00000 6026.70829  23.7%   148  703s
 30408 21155 6128.22729  107  330 7895.00000 6026.70829  23.7%   148  705s
 30998 21593 6132.42826  111  326 7895.00000 6026.70829  23.7%   148  710s
 31471 22165 6150.66171  117  335 7895.00000 6026.70829  23.7%   149  715s
 32204 22879 6109.02407  108  357 7895.00000 6026.70829  23.7%   149  720s
 32842 23386 6113.42068  112  392 7895.00000 6026.70829  23.7%   149  725s
 33515 24078 6126.06022  127  442 7895.00000 6026.70829  23.7%   149  732s
 33832 24403 6123.70253  132  441 7895.00000 6026.70829  23.7%   149  735s
H34163 24403                    7894.0000000 6026.70829  23.7%   149  735s
 35862 24546 6045.39880   59  266 7894.00000 6029.42683  23.6%   145  740s
 36714 24531 6056.54516   53  355 7894.00000 6031.40530  23.6%   144  746s
 37007 24664 6033.72553   55  503 7894.00000 6032.96979  23.6%   145  750s
 37456 24866 6060.82809   56  308 7894.00000 6033.42432  23.6%   145  757s
 37771 25002 6034.67279   58  585 7894.00000 6033.42432  23.6%   146  761s
 38098 25093 6035.68881   60  559 7894.00000 6033.49698  23.6%   146  765s
 38751 25296 6045.66740   63  186 7894.00000 6033.49698  23.6%   147  770s
 39194 25438 6067.44292   57  210 7894.00000 6033.49698  23.6%   147  775s
 39916 25565 6068.19868   61  246 7894.00000 6040.61929  23.5%   147  780s
 40482 25684 6069.66764   65  303 7894.00000 6043.20396  23.4%   148  786s
 41085 25862 6070.03841   70  259 7894.00000 6044.89192  23.4%   148  791s
 41734 26441 6188.54468  138  294 7894.00000 6055.58316  23.3%   148  797s
 43034 25223 6192.59913   26  656 7894.00000 6192.50481  21.6%   150  944s
 43036 25226 6192.81427   27  715 7894.00000 6192.60221  21.6%   150  947s
 43040 25233 6192.98973   28  645 7894.00000 6192.82338  21.6%   150  950s
 43064 25271 6193.45175   30  767 7894.00000 6193.02497  21.5%   151  959s
 43095 25293 6193.68055   31  718 7894.00000 6193.45972  21.5%   152  963s
 43127 25314 6199.24567   32  635 7894.00000 6193.68684  21.5%   152  966s
 43159 25335 6199.79586   33  655 7894.00000 6193.68684  21.5%   153  971s
 43191 25359 6216.40912   33  484 7894.00000 6193.68684  21.5%   153  975s
 43225 25385 6200.15874   34  669 7894.00000 6193.68684  21.5%   153  981s
 43263 25412 6204.17960   34  601 7894.00000 6193.68684  21.5%   154  986s
 43302 25475 6200.32517   35  583 7894.00000 6193.68684  21.5%   154  991s
 43378 25480 6210.91581   35  378 7894.00000 6193.68684  21.5%   155  995s
 43411 25504 6201.97981   36  584 7894.00000 6193.68684  21.5%   155 1000s
 43483 25551 6202.15546   37  630 7894.00000 6193.68684  21.5%   155 1009s
 43519 25575 6202.76847   38  645 7894.00000 6193.68684  21.5%   156 1013s
 43555 25603 6202.86221   39  623 7894.00000 6193.68684  21.5%   156 1019s
 43595 25644 6203.22919   40  570 7894.00000 6193.68684  21.5%   157 1024s
 43651 25695 6203.47167   41  630 7894.00000 6193.68684  21.5%   157 1029s
 43722 25752 6203.62359   42  677 7894.00000 6193.68684  21.5%   157 1034s
 43808 25807 6203.93579   43  650 7894.00000 6193.68684  21.5%   158 1038s
 43901 25871 6204.53910   44  579 7894.00000 6193.73235  21.5%   158 1043s
 44006 25936 6204.82808   45  556 7894.00000 6193.73235  21.5%   159 1048s
 44121 25995 6210.97049   46  596 7894.00000 6194.34135  21.5%   159 1052s
H44224 25960                    7879.0000000 6194.34135  21.4%   160 1052s
 44224 26112 6293.82862  133  435 7879.00000 6194.34135  21.4%   160 1056s
 44380 26899 6295.79208  137  484 7879.00000 6194.34135  21.4%   160 1062s
 45213 27334 6311.28924  160  353 7879.00000 6194.34135  21.4%   160 1066s
 45679 27366 6313.15587  161  354 7879.00000 6194.34135  21.4%   160 1074s
 45711 27397 infeasible  161      7879.00000 6194.34135  21.4%   160 1081s
 45744 27429 6315.45609  163  356 7879.00000 6194.34135  21.4%   160 1085s
 45808 27493 6322.93998  165  385 7879.00000 6194.34135  21.4%   160 1091s
 45840 27525 6319.17680  165  361 7879.00000 6194.34135  21.4%   160 1095s
H46661 28282                    7870.0000000 6194.34135  21.3%   159 1099s
 46661 28527     cutoff   49      7870.00000 6194.91605  21.3%   159 1100s
 49720 28459 6217.42562   44  163 7870.00000 6200.17726  21.2%   153 1105s
 50220 28506 6263.93647   66  173 7870.00000 6201.03058  21.2%   153 1116s
 50377 29033 6214.33763   67  200 7870.00000 6201.09444  21.2%   153 1124s
 51183 29114 6216.65671   77  144 7870.00000 6201.09444  21.2%   153 1127s
 51681 29205 6272.18414   79  137 7870.00000 6201.09444  21.2%   154 1130s
 52498 29440 6236.74582   86  212 7870.00000 6202.16725  21.2%   154 1137s
 53250 29761 6247.31126   94  116 7870.00000 6202.16725  21.2%   155 1143s
 53730 29796 6218.18535   75  187 7870.00000 6202.16725  21.2%   155 1146s
 54278 29861 6220.52209   80  227 7870.00000 6203.85118  21.2%   155 1150s
 55085 29978 6223.94446   85  252 7870.00000 6212.39414  21.1%   155 1155s
 55705 29960 6233.60401   89  249 7870.00000 6215.47490  21.0%   156 1160s
 55785 29979     cutoff   90      7870.00000 6215.47490  21.0%   156 1165s
 55902 30005     cutoff   93      7870.00000 6215.47490  21.0%   156 1171s
 55984 30027 6236.73326   95  165 7870.00000 6215.47490  21.0%   156 1176s
 56057 30050 6238.66107   96  224 7870.00000 6215.63829  21.0%   156 1183s
 56107 30074     cutoff   96      7870.00000 6215.63829  21.0%   156 1187s
 56175 30145 6251.65815   97  171 7870.00000 6216.62397  21.0%   156 1191s
 56546 30348     cutoff   98      7870.00000 6216.68331  21.0%   156 1196s
 56929 30307 6230.21861   46  550 7870.00000 6216.68331  21.0%   156 1202s
 57024 30360 6251.32957   47  587 7870.00000 6216.68331  21.0%   156 1207s
 57113 30420 6255.29196   48  512 7870.00000 6216.68331  21.0%   157 1212s
 57219 30475 6255.61943   49  446 7870.00000 6216.68331  21.0%   158 1218s
 57324 30550 6256.06411   50  476 7870.00000 6217.46204  21.0%   158 1223s
 57443 30610 6256.07586   51  455 7870.00000 6217.46204  21.0%   159 1227s
 57555 30679 6257.19247   52  489 7870.00000 6217.46204  21.0%   159 1232s
 57678 30753 6258.41762   53  481 7870.00000 6217.46204  21.0%   160 1237s
 57804 30743 6259.33064   54  512 7870.00000 6217.46204  21.0%   160 1241s
 57836 30763 6270.88004   54  363 7870.00000 6217.46204  21.0%   160 1246s
 57910 30821 6261.38688   55  546 7870.00000 6219.00523  21.0%   161 1253s
 57954 30886 6260.29662   56  490 7870.00000 6219.00523  21.0%   161 1257s
 58033 30999 6276.09141   56  442 7870.00000 6219.00523  21.0%   161 1262s
 58174 31103 6260.34397   57  488 7870.00000 6219.00523  21.0%   161 1268s
 58329 31238 6303.74329   57  361 7870.00000 6219.00523  21.0%   162 1273s
 58517 31369 6260.61972   58  417 7870.00000 6219.00523  21.0%   162 1278s
 58715 31497 6343.15095   59  315 7870.00000 6219.00523  21.0%   163 1283s
 58916 31632 6261.12008   60  454 7870.00000 6219.00523  21.0%   163 1289s
 59142 31744 6261.50328   61  529 7870.00000 6219.00523  21.0%   163 1295s
 59363 31866 6261.53824   62  495 7870.00000 6219.17204  21.0%   164 1301s
 59590 31990 6279.69201   63  429 7870.00000 6219.17204  21.0%   164 1307s
 59815 32171 6314.11396   64  288 7870.00000 6219.17204  21.0%   165 1313s
 60096 32889 6353.88352  182  392 7870.00000 6219.17204  21.0%   165 1317s
 60929 32920 6358.62694  185  434 7870.00000 6219.17204  21.0%   164 1321s
 60962 32952 6362.84779  186  440 7870.00000 6219.17204  21.0%   164 1326s
 61027 33015 6366.29472  187  447 7870.00000 6219.17204  21.0%   164 1332s
 61059 33047 6366.46397  188  428 7870.00000 6219.17204  21.0%   164 1336s
 61091 33079 6367.10152  189  440 7870.00000 6219.17204  21.0%   164 1340s
 61123 33111 6369.24725  190  455 7870.00000 6219.17204  21.0%   164 1345s
 61155 33143 6369.31925  191  446 7870.00000 6219.17204  21.0%   164 1350s
 61187 33175 6369.69670  192  438 7870.00000 6219.17204  21.0%   164 1355s
 61219 33207 6370.37464  193  431 7870.00000 6219.17204  21.0%   164 1361s
 61251 33239 6370.87008  194  422 7870.00000 6219.17204  21.0%   164 1368s
 61283 33273 6371.24127  195  451 7870.00000 6219.17204  21.0%   164 1375s
 61317 33847 6371.62199  196  454 7870.00000 6219.17204  21.0%   164 1382s
 61923 34949 6371.93414  197  459 7870.00000 6219.17204  21.0%   163 1388s
 63111 35651 6389.70420  235  346 7870.00000 6219.17204  21.0%   162 1394s
H63844 35630                    7864.0000000 6219.17204  20.9%   162 1394s
 63844 35823 6227.74726   49  163 7864.00000 6219.17204  20.9%   162 1395s
 67107 36151     cutoff   71      7864.00000 6222.46143  20.9%   157 1400s
 68346 36699 6272.12495  104  208 7864.00000 6223.55075  20.9%   156 1408s
 68841 36667 6273.63267  109  197 7864.00000 6223.55075  20.9%   157 1410s
 69547 36978 6275.67610  119  162 7864.00000 6223.55075  20.9%   157 1417s
 69853 37335 6276.87599  125   93 7864.00000 6223.55075  20.9%   157 1421s
 70478 37463 6279.58251  132  145 7864.00000 6223.55075  20.9%   157 1425s
 71511 37931 6282.74246  147  214 7864.00000 6226.50078  20.8%   157 1432s
 72144 38128     cutoff   99      7864.00000 6226.53229  20.8%   157 1437s
 73221 38270 6253.19801  109  225 7864.00000 6227.66491  20.8%   157 1442s
 74140 38610 6283.53112  116  204 7864.00000 6228.51285  20.8%   157 1448s
 74420 38908     cutoff  120      7864.00000 6228.52976  20.8%   157 1451s
 75480 39678 6272.03759  132  262 7864.00000 6229.32552  20.8%   157 1457s
 76468 40170 6274.30590   65  464 7864.00000 6230.41538  20.8%   157 1467s
 76782 40313 6274.65502   67  446 7864.00000 6230.71970  20.8%   158 1473s
 77046 40431 6274.77494   69  510 7864.00000 6230.71970  20.8%   158 1480s
 77291 40549 6277.53384   70  518 7864.00000 6230.90462  20.8%   158 1487s
 77505 40699 6281.75923   71  491 7864.00000 6230.90784  20.8%   159 1493s
 77760 40857 6281.85162   72  532 7864.00000 6230.90784  20.8%   159 1500s
 78025 41056 6281.97180   74  462 7864.00000 6230.90784  20.8%   160 1508s
 78348 41275 6282.44822   76  461 7864.00000 6230.90784  20.8%   160 1514s
 78698 41478 6312.68008   77  340 7864.00000 6230.90784  20.8%   160 1521s
 79074 41803 6286.71714   79  485 7864.00000 6230.90784  20.8%   161 1528s
 79544 41974 6320.49856   81  355 7864.00000 6230.90784  20.8%   161 1534s
 79946 42368 6287.75579   83  392 7864.00000 6230.90784  20.8%   162 1541s
 80482 42554 6288.85108   85  451 7864.00000 6230.90784  20.8%   162 1547s
 80859 43964 6420.96881  240  423 7864.00000 6230.90784  20.8%   162 1554s
 83382 44574 6801.99122   29  977 7864.00000 6801.99122  13.5%   166 2162s
 83384 44578 6802.08565   30  968 7864.00000 6801.99122  13.5%   166 2170s
 83388 44584 6802.34213   31 1008 7864.00000 6802.08827  13.5%   166 2175s
 83396 44598 6802.41578   32  990 7864.00000 6802.36817  13.5%   166 2181s
 83412 44623 6802.48432   33  961 7864.00000 6802.42575  13.5%   167 2190s
 83444 44645 6802.69515   34  951 7864.00000 6802.50054  13.5%   168 2196s
 83476 44753 6802.78403   35  923 7864.00000 6802.50054  13.5%   168 2207s
 83596 44784 6803.01555   37  927 7864.00000 6802.50054  13.5%   169 2216s
 83668 44792 6803.36660   38  940 7864.00000 6802.50054  13.5%   169 2221s
 83700 44813 6928.50181   38  448 7864.00000 6802.50054  13.5%   169 2230s
 83732 44834 6803.77848   39  981 7864.00000 6802.50054  13.5%   170 2237s
 83765 44854 6867.18320   39  629 7864.00000 6802.50054  13.5%   170 2245s
 83798 44875 6804.25041   40  987 7864.00000 6802.50054  13.5%   170 2252s
 83830 44895 6890.67089   40  689 7864.00000 6802.50054  13.5%   171 2260s
 83866 44914 6804.45816   41  878 7864.00000 6802.50054  13.5%   171 2266s
 83898 44949 6869.94575   41  582 7864.00000 6802.50054  13.5%   171 2274s
 83944 44966 6805.02904   42  888 7864.00000 6802.50054  13.5%   172 2281s
 83976 44988 6828.96377   42  744 7864.00000 6802.50054  13.5%   172 2289s
 84010 45009 6805.11063   43  837 7864.00000 6802.50054  13.5%   172 2296s
 84042 45033 6853.94588   43  641 7864.00000 6802.50054  13.5%   173 2304s
 84078 45064 6805.94670   44  949 7864.00000 6802.50054  13.5%   173 2312s
 84121 45105 6850.53219   44  691 7864.00000 6802.50054  13.5%   173 2320s
 84179 45153 6806.17439   45  972 7864.00000 6802.50054  13.5%   174 2327s
 84250 45209 6962.86216   45  582 7864.00000 6802.50054  13.5%   174 2334s
 84334 45241 6806.76001   46  898 7864.00000 6802.50054  13.5%   174 2343s
 84408 45276 6862.71338   46  647 7864.00000 6802.50054  13.5%   175 2353s
 84495 45314 6806.76003   47  918 7864.00000 6806.76001  13.4%   176 2363s
 84585 45347 6833.78758   47  646 7864.00000 6806.76003  13.4%   178 2372s
 84678 45380 6809.48715   48  865 7864.00000 6806.76008  13.4%   179 2382s
 84772 45424 6827.63818   48  610 7864.00000 6809.48715  13.4%   180 2393s
 84862 45464 6839.75097   49  570 7864.00000 6809.48760  13.4%   181 2403s
 84954 45444     cutoff   85      7864.00000 6809.59918  13.4%   183 2405s
 89415 44567 6815.55858   59  120 7864.00000 6812.84528  13.4%   176 2410s
 90331 45164 6871.67337  155  227 7864.00000 6813.74044  13.4%   175 2416s
 91762 45860 infeasible  176      7864.00000 6814.04993  13.4%   175 2424s
 92162 46352 infeasible  196      7864.00000 6815.54893  13.3%   175 2428s
 92758 46896 6872.53525   74  284 7864.00000 6817.50216  13.3%   175 2431s
 93467 47159 6888.89963  103  249 7864.00000 6817.50216  13.3%   175 2435s
 93874 47807 6893.11824  119  288 7864.00000 6817.50216  13.3%   175 2441s
 94778 48334 6854.54112   68  361 7864.00000 6818.78455  13.3%   174 2445s
 95605 48410 6862.01844   87  330 7864.00000 6819.08511  13.3%   174 2453s
 95679 49035 6865.86270  144  298 7864.00000 6819.08511  13.3%   174 2458s
 96704 49306 6877.81229  159  233 7864.00000 6819.18394  13.3%   174 2461s
 97404 49934     cutoff  175      7864.00000 6822.44193  13.2%   174 2468s
 98185 50265 6845.49512   70  171 7864.00000 6822.49410  13.2%   173 2471s
 98890 50692 6868.14226   90  197 7864.00000 6823.47586  13.2%   173 2475s
 100458 51513 6856.47325   76  309 7864.00000 6824.83078  13.2%   173 2482s
 101307 52250 6883.74527   86  456 7864.00000 6825.40704  13.2%   172 2492s
 102096 52306 6885.02510   89  489 7864.00000 6828.06086  13.2%   173 2499s
 102450 52534 6886.99534   91  387 7864.00000 6828.06086  13.2%   173 2507s
 102861 52778 6887.42977   93  331 7864.00000 6828.06086  13.2%   174 2514s
 103261 53048 6887.92156   95  352 7864.00000 6828.06086  13.2%   174 2522s
 103724 53474 6887.97350   97  329 7864.00000 6828.06086  13.2%   175 2530s
 104347 53730 6888.69416  100  351 7864.00000 6828.06086  13.2%   175 2537s
 104833 53996 6889.12612  103  341 7864.00000 6828.06086  13.2%   175 2546s
 105303 54211 6919.89878  106  394 7864.00000 6828.06086  13.2%   176 2555s
 105768 54088 6927.65345  108  336 7864.00000 6828.06086  13.2%   176 2564s
 105800 54111 6891.44261  109  446 7864.00000 6828.06086  13.2%   176 2571s
 105836 54354 6928.71356  109  269 7864.00000 6828.06086  13.2%   177 2581s
 106108 54828 6891.62219  110  341 7864.00000 6828.06086  13.2%   177 2591s
 106754 54706 6858.71661   49  647 7864.00000 6845.20755  13.0%   177 2603s
 106873 54741 6872.86869   50  492 7864.00000 6851.49447  12.9%   178 2611s
 106980 54785 6929.77016   50  499 7864.00000 6851.49447  12.9%   179 2620s
 107120 54817 6907.32500   51  424 7864.00000 6851.49447  12.9%   180 2628s
 107239 54856 6879.00963   51  497 7864.00000 6851.49447  12.9%   181 2637s
 107350 54903 6927.88832   52  424 7864.00000 6851.49468  12.9%   182 2646s
 107480 54941 6910.19390   53  376 7864.00000 6851.49468  12.9%   183 2655s
 107619 54985 6919.40653   54  357 7864.00000 6851.49468  12.9%   184 2665s
 107755 55052 7007.22307   55  366 7864.00000 6851.49468  12.9%   185 2674s
 107909 55090 6921.14560   55  372 7864.00000 6851.65345  12.9%   186 2685s
 108098 55130 6936.56987   56  402 7864.00000 6851.65345  12.9%   188 2695s
 108294 55166 6988.02459   57  385 7864.00000 6856.15068  12.8%   189 2706s
 108474 55190 7064.15106   58  310 7864.00000 6856.15068  12.8%   190 2717s
 108669 55198 7231.72433   60  170 7864.00000 6856.15068  12.8%   191 2727s
 108811 55246 7351.07209   62  218 7864.00000 6858.05793  12.8%   192 2738s
 108998 55271 7346.67202   68  268 7864.00000 6858.05793  12.8%   194 2750s
 109169 55317 7369.64951   81  245 7864.00000 6862.24848  12.7%   196 2762s
 109415 55371     cutoff   96      7864.00000 6862.24848  12.7%   197 2775s
 109681 55402 6914.21224   39  484 7864.00000 6864.10965  12.7%   199 2788s
 109933 55406 6989.61134   41  461 7864.00000 6864.10965  12.7%   201 2802s
 110146 55439 7104.07631   43  423 7864.00000 6864.10965  12.7%   203 2815s
 110322 55483 7363.16025   46  337 7864.00000 6864.36313  12.7%   205 2829s
 110461 55590 6940.17141   37  304 7864.00000 6864.36313  12.7%   207 2843s
 110689 55783 7031.06239   39  354 7864.00000 6864.36313  12.7%   209 2858s
 111093 55830 infeasible   44      7864.00000 6864.36313  12.7%   211 2872s
 111441 55962 7250.81451   56  321 7864.00000 6864.36313  12.7%   213 2889s
 111951 56131 7372.58544   95  260 7864.00000 6864.36313  12.7%   215 2905s
 116696 53796 infeasible   89      7864.00000 6873.62663  12.6%   210 2915s
 117593 54304 6900.35241   59  186 7864.00000 6874.57593  12.6%   210 2920s
 118450 54970 6920.55199   58  228 7864.00000 6874.95446  12.6%   210 2925s
 119341 55578 6906.63802   69  224 7864.00000 6875.42614  12.6%   209 2931s
 120101 56506 6913.54991   75  207 7864.00000 6875.42614  12.6%   209 2936s
 121338 57162 6929.19284  102  272 7864.00000 6875.48315  12.6%   208 2943s
 122251 57506 6943.84894  139  215 7864.00000 6875.48315  12.6%   208 2949s
 122865 58239 6956.76709  164  216 7864.00000 6875.48315  12.6%   208 2955s
 124031 58891 6955.90600   95  207 7864.00000 6878.10718  12.5%   208 2960s
 125775 59783     cutoff   37      7864.00000 6879.54008  12.5%   207 2967s
 126765 60330 6901.77543   41  173 7864.00000 6879.85777  12.5%   206 2972s
 127707 60848 6918.03956   57  235 7864.00000 6880.85638  12.5%   206 2976s
 128662 61251 6936.66011   89  211 7864.00000 6881.30205  12.5%   206 2981s
 129432 61801 6948.47762  108  161 7864.00000 6882.07304  12.5%   205 2985s
 130359 62443 6966.34468  137  256 7864.00000 6882.22347  12.5%   205 2990s
 131538 63601 6940.75139  112  318 7864.00000 6882.22347  12.5%   204 3004s
 132775 63694 6942.34290  117  347 7864.00000 6882.22347  12.5%   205 3013s
 133348 64102 6942.43487  120  323 7864.00000 6882.22347  12.5%   205 3022s
 134024 64606 6943.05650  123  402 7864.00000 6882.22347  12.5%   205 3031s
 134834 64411 7003.40098  126  291 7864.00000 6882.22347  12.5%   205 3039s
 134916 64653 6943.27637  127  398 7864.00000 6882.22347  12.5%   205 3047s
 135240 65208 6995.07438  127  312 7864.00000 6883.41811  12.5%   205 3058s
 136034 65938 7081.62945  130  291 7864.00000 6883.41811  12.5%   205 3070s
 137065 66514 6944.00477  133  437 7864.00000 6884.09487  12.5%   205 3080s
 137697 67190 6944.66721  136  383 7864.00000 6884.09487  12.5%   206 3092s
 138504 67443 6975.97454   42  394 7864.00000 6884.09487  12.5%   206 3113s
 139002 66650 7263.22388   45  315 7864.00000 6884.09487  12.5%   208 3128s
 139342 66834 infeasible   51      7864.00000 6884.09487  12.5%   210 3145s
 139828 66932 6966.55354   42  541 7864.00000 6891.50938  12.4%   212 3162s
 140410 66876 7075.11524   44  391 7864.00000 6891.50938  12.4%   213 3179s
 140788 66967 7343.78734   47  345 7864.00000 6891.78358  12.4%   215 3195s
 141206 66935 6984.69407   64  369 7864.00000 6893.81149  12.3%   217 3212s
 141543 66994 7146.51530   67  287 7864.00000 6893.81149  12.3%   219 3230s
 141877 67122 7365.73867   83  307 7864.00000 6893.81149  12.3%   221 3250s
 142328 67276 7078.38570   46  310 7864.00000 6893.81149  12.3%   223 3271s
 142892 67332 6991.09558   39  455 7864.00000 6893.81149  12.3%   226 3291s
 143441 67483 7240.85451   44  326 7864.00000 6893.81149  12.3%   228 3313s
 144263 66184 7301.10451   50  343 7864.00000 6902.28649  12.2%   231 3335s
 144649 66318 7230.24045   53  301 7864.00000 6902.28649  12.2%   233 3366s
 145112 66598 7192.59005   53  423 7864.00000 6934.13956  11.8%   236 3402s
H145963 65594                    7850.0000000 6939.53279  11.6%   241 3403s
 145963 66199     cutoff   62      7850.00000 6939.53279  11.6%   241 3412s
 147235 66765     cutoff   71      7850.00000 6940.19217  11.6%   241 3419s
 148280 67617 6979.14284   59  269 7850.00000 6941.14286  11.6%   241 3426s
 149762 68063 7013.36064   60  185 7850.00000 6941.14286  11.6%   240 3432s
 150519 68545 6981.41932   69  163 7850.00000 6942.39308  11.6%   239 3440s
 151257 69331 6988.75201   77  146 7850.00000 6942.51222  11.6%   239 3448s
 152539 69934 6952.07121   93  304 7850.00000 6942.52471  11.6%   239 3456s
 153712 70904 6970.23926  114  263 7850.00000 6943.26886  11.6%   238 3465s
 155487 71673 6957.42706   79  164 7850.00000 6944.55189  11.5%   238 3475s
 157040 72435 6963.53956   81  154 7850.00000 6947.46724  11.5%   237 3481s
 158155 73125     cutoff   48      7850.00000 6947.46724  11.5%   236 3487s
 159406 73902 6972.70827   66  305 7850.00000 6948.65819  11.5%   235 3493s
 160677 74536 6965.39276   43  135 7850.00000 6948.94894  11.5%   235 3499s
 162036 74868 7030.85179   82  232 7850.00000 6950.59173  11.5%   234 3505s
 162879 75480 6983.39243   81  181 7850.00000 6951.58475  11.4%   234 3511s
 164406 76042 7020.02364   52  233 7850.00000 6952.34009  11.4%   233 3518s
 165896 76745 7014.31654  140  396 7850.00000 6953.33066  11.4%   232 3537s
 166679 78296 7015.83407  145  419 7850.00000 6955.60730  11.4%   233 3557s
 168425 78850 7017.76077  152  367 7850.00000 6956.96449  11.4%   233 3572s
 169149 79550 7018.22966  157  470 7850.00000 6958.85282  11.4%   233 3588s
 169957 80702 7019.60334  161  447 7850.00000 6958.85282  11.4%   234 3604s
 171217 82672 7020.45677  166  412 7850.00000 6958.85282  11.4%   234 3620s
 173371 84528 7022.21483  175  495 7850.00000 6958.85282  11.4%   233 3635s
 175417 84821 7035.56053   41  382 7850.00000 6960.47376  11.3%   233 3667s
 176083 84940 7075.06125   46  281 7850.00000 6960.47376  11.3%   235 3700s
 177239 84795 7313.86832   48  311 7850.00000 6963.16657  11.3%   238 3727s
 177862 84856 7241.59364   52  393 7850.00000 6963.55757  11.3%   241 3753s
 178499 85122 7162.79851   37  370 7850.00000 6964.33145  11.3%   244 3782s
 179283 83861 7118.05256   40  303 7850.00000 6967.16435  11.2%   246 3811s
 179739 84191 7388.16946   47  260 7850.00000 6967.16435  11.2%   249 3842s
 180601 84245 7332.23859   38  267 7850.00000 6967.16435  11.2%   252 3874s
 181179 84811 7337.19867   42  320 7850.00000 6967.16435  11.2%   255 3909s
 182389 84837 7355.80524   64  204 7850.00000 6973.31026  11.2%   258 3945s
 183240 85177 7276.70195   48  222 7850.00000 6975.62164  11.1%   261 3981s
 184341 85172 infeasible   75      7850.00000 6977.78655  11.1%   264 4018s
H185222 84878                    7843.0000000 6979.71841  11.0%   268 4018s
 185222 85724 7023.06147  174  289 7843.00000 6979.71841  11.0%   268 4029s
 187168 86762 7037.00221  231  269 7843.00000 6979.71841  11.0%   267 4036s
 188901 87551 7058.78392   91   54 7843.00000 6980.39250  11.0%   266 4044s
 190349 88698 6996.25101   62  307 7843.00000 6981.13092  11.0%   265 4052s
 192035 89729 7008.09221   92  417 7843.00000 6981.82726  11.0%   264 4060s
 193554 90397 7014.94944  129  413 7843.00000 6982.17634  11.0%   263 4070s
 194620 91691 7021.90707  155  373 7843.00000 6983.11928  11.0%   263 4079s
 196704 93087 7038.77077  204  338 7843.00000 6983.29149  11.0%   262 4088s
 198772 94039 7013.51799   46  159 7843.00000 6983.29149  11.0%   261 4098s
 200713 94611     cutoff   85      7843.00000 6984.93829  10.9%   260 4105s
 202355 95206 7047.77896   59  138 7843.00000 6985.50009  10.9%   259 4113s
 204107 96027 7023.73412  111  161 7843.00000 6985.98117  10.9%   258 4120s
 206136 96689 7069.90370   76  201 7843.00000 6987.97900  10.9%   257 4128s
 207973 97081 7057.44563   60  117 7843.00000 6989.03517  10.9%   256 4135s
 209344 97985 7008.61110   82  182 7843.00000 6989.03517  10.9%   255 4144s
 211501 99506 7056.35931  182  379 7843.00000 6990.42626  10.9%   254 4165s
 213286 100586 7057.62118  189  387 7843.00000 6990.42626  10.9%   254 4182s
 214646 101477 7059.23811  196  349 7843.00000 6990.42626  10.9%   254 4199s
 215749 102867 7060.76125  202  377 7843.00000 6990.42626  10.9%   254 4217s
 217469 104809 7062.34201  208  361 7843.00000 6990.42626  10.9%   254 4235s
 219567 106118 7067.25234  217  375 7843.00000 6990.42626  10.9%   253 4254s
 221045 108551 7068.89018  224  356 7843.00000 6991.80283  10.9%   253 4272s
 223774 109116     cutoff   63      7843.00000 6991.80283  10.9%   252 4318s
 224991 109221 7402.69231   68  316 7843.00000 6991.85526  10.9%   255 4359s
 225852 108934 7079.64248   39  309 7843.00000 6995.37525  10.8%   258 4360s
 225980 109587 7297.39567   64  340 7843.00000 6996.26526  10.8%   259 4404s
 227335 109741 7210.13419   45  328 7843.00000 6996.55107  10.8%   263 4446s
 228474 110275 7170.36039   44  278 7843.00000 7000.21778  10.7%   267 4492s
 230120 110084 7319.00498   42  223 7843.00000 7000.28275  10.7%   270 4536s
 231091 109796 7041.85389   54  422 7843.00000 7003.63497  10.7%   272 4577s
 231184 110099 7141.02527   55  326 7843.00000 7003.64088  10.7%   273 4623s
 232078 110436 7112.90393   37  357 7843.00000 7005.04886  10.7%   276 4675s
 233719 110489 7352.26847   54  299 7843.00000 7005.37017  10.7%   279 4727s
 235228 110613 7410.00752   59  202 7843.00000 7007.90399  10.6%   283 4783s
 236644 112031 7078.69650   79  241 7843.00000 7011.68336  10.6%   287 4795s
 239089 113430 7057.54240  117  266 7843.00000 7013.29580  10.6%   286 4806s
 241321 114452 7067.64882   82  291 7843.00000 7013.85426  10.6%   285 4817s
 243627 114539 7014.34037   47  363 7843.00000 7014.34037  10.6%   284 4967s
 243633 114547 7014.34037   49  390 7843.00000 7014.34037  10.6%   284 4970s
 243678 114573 7014.34037   52  393 7843.00000 7014.34037  10.6%   284 4976s
 243821 114607 7017.06312   55  320 7843.00000 7014.34037  10.6%   284 4981s
 243963 114604 7043.36088   56  172 7843.00000 7016.25970  10.5%   284 4986s
 244043 114605 7046.45501   58  209 7843.00000 7016.25970  10.5%   284 4990s
 244165 114590 7018.75572   61  424 7843.00000 7016.25970  10.5%   284 4996s
 244251 114576 7018.94690   62  391 7843.00000 7016.25970  10.5%   284 5000s
 244407 114552 7020.88079   65  441 7843.00000 7016.25970  10.5%   284 5006s
 244516 114550 7071.66194   66  209 7843.00000 7016.25970  10.5%   284 5010s
 244777 114526 7021.97302   69  400 7843.00000 7016.26022  10.5%   284 5016s
 244945 114506 7070.77653   70  255 7843.00000 7016.26022  10.5%   284 5021s
 245137 114508 7022.33698   72  360 7843.00000 7016.26022  10.5%   284 5026s
 245363 114497 7023.25817   74  364 7843.00000 7016.26022  10.5%   284 5030s
 245613 114489 7023.76382   78  423 7843.00000 7016.26022  10.5%   284 5036s
 245848 114484 7030.50093   79  193 7843.00000 7017.44626  10.5%   283 5041s
 246125 114481 7025.12023   81  340 7843.00000 7017.44749  10.5%   283 5046s
 246286 114492 7051.44347   81  151 7843.00000 7018.34650  10.5%   283 5050s
 246631 114502 7025.76276   84  348 7843.00000 7018.34650  10.5%   283 5056s
 247120 114451 7025.78544   86  334 7843.00000 7018.34650  10.5%   283 5062s
 247153 114455 7064.13681   86  239 7843.00000 7018.34650  10.5%   283 5066s
 247250 114522 7026.10034   88  343 7843.00000 7018.34650  10.5%   283 5073s
 247409 114591 7060.48963   88  227 7843.00000 7020.07907  10.5%   283 5076s
 247700 114687 7026.49176   89  311 7843.00000 7020.07907  10.5%   282 5080s
 248573 114791 7027.39861   91  335 7843.00000 7020.07907  10.5%   282 5086s
 249093 114895 7027.64077   92  343 7843.00000 7026.23515  10.4%   281 5090s
 250307 115048 7066.82940   95  275 7843.00000 7028.41717  10.4%   281 5097s
 250864 115234 7076.99053   96  265 7843.00000 7028.73743  10.4%   280 5101s
 251568 115385 7029.21832   98  345 7843.00000 7029.21832  10.4%   280 5106s
 252360 115893 7100.37794  145  243 7843.00000 7029.37343  10.4%   279 5117s
 255072 116387 7066.22378   66  199 7843.00000 7030.88780  10.4%   278 5125s
 257220 116783 7075.92416   46  206 7843.00000 7032.46030  10.3%   277 5135s
 258198 117434 infeasible  111      7843.00000 7033.14672  10.3%   276 5182s
 260103 118433 7083.18148   71  307 7843.00000 7033.88187  10.3%   275 5197s
 263812 119086 infeasible  111      7843.00000 7035.19040  10.3%   273 5209s
 266582 119665 7091.19260   60  187 7843.00000 7036.21613  10.3%   272 5220s
 268831 122651 7116.62706  233  372 7843.00000 7036.96473  10.3%   271 5246s
 272067 123941 7118.39112  247  406 7843.00000 7036.96473  10.3%   270 5262s
 273492 125515 7126.74753  253  323 7843.00000 7036.96473  10.3%   270 5279s
 275222 126784 7150.57072  259  296 7843.00000 7039.16429  10.2%   269 5297s
 276924 127017 7069.82632   36  790 7843.00000 7069.66512  9.86%   269 5958s
 276926 127020 7069.90257   37  766 7843.00000 7069.87241  9.86%   269 5962s
 276930 127027 7070.09275   38  789 7843.00000 7070.02022  9.86%   269 5966s
 276938 127038 7070.67295   39  707 7843.00000 7070.09492  9.85%   269 5970s
 276954 127057 7070.74789   40  714 7843.00000 7070.70464  9.85%   269 5977s
 276984 127077 7071.34011   41  761 7843.00000 7070.74789  9.85%   269 5983s
 277016 127096 7077.83508   42  781 7843.00000 7071.34103  9.84%   269 5991s
 277049 127121 7078.05452   43  723 7843.00000 7071.34103  9.84%   269 5998s
 277093 127132 7089.20776   43  438 7843.00000 7071.34103  9.84%   270 6006s
 277126 127161 7078.73253   44  691 7843.00000 7071.34103  9.84%   270 6014s
 277172 127175 7119.88347   44  540 7843.00000 7071.92769  9.83%   270 6020s
 277206 127196 7086.46570   45  603 7843.00000 7071.92769  9.83%   270 6028s
 277242 127216 7091.34806   46  514 7843.00000 7071.92769  9.83%   270 6035s
 277282 127249 7126.91663   47  589 7843.00000 7071.92769  9.83%   270 6042s
 277333 127287 7091.34806   47  513 7843.00000 7071.92769  9.83%   270 6049s
 277395 127333 7091.61695   49  560 7843.00000 7079.45831  9.74%   270 6055s
 277462 127394 7094.09727   50  574 7843.00000 7079.45831  9.74%   270 6062s
 277557 127448 7098.84390   51  442 7843.00000 7079.45831  9.74%   270 6068s
 277653 127502 7099.00156   52  430 7843.00000 7079.85684  9.73%   270 6074s
 277744 127561 7099.08188   53  385 7843.00000 7079.85684  9.73%   270 6080s
 277839 127618 7099.27102   54  460 7843.00000 7079.85684  9.73%   270 6086s
 277937 127667 7099.42204   55  425 7843.00000 7079.85684  9.73%   270 6091s
 278048 127722 7099.50414   56  410 7843.00000 7079.85684  9.73%   270 6097s
 278172 127778 7103.68378   57  333 7843.00000 7079.85684  9.73%   271 6103s
 278296 127840 7104.24469   58  412 7843.00000 7080.34917  9.72%   271 6109s
 278423 127916 7104.79841   59  390 7843.00000 7080.34917  9.72%   271 6115s
 278567 127978 7105.22743   60  427 7843.00000 7080.34917  9.72%   271 6121s
 278703 128046 7105.22743   61  426 7843.00000 7082.34073  9.70%   271 6126s
 278840 128140 7105.49572   62  419 7843.00000 7082.34073  9.70%   271 6133s
 279007 128212 7181.12444   63  288 7843.00000 7082.34073  9.70%   271 6140s
 279165 128303 7109.40451   64  372 7843.00000 7082.34073  9.70%   271 6147s
 279342 128395 7109.94043   65  333 7843.00000 7082.34073  9.70%   271 6154s
 279528 128472 7111.07089   66  401 7843.00000 7082.34073  9.70%   271 6161s
 279702 128564 7111.20819   67  403 7843.00000 7082.34073  9.70%   271 6169s
 279911 128641 7111.49539   68  443 7843.00000 7082.34073  9.70%   271 6176s
 280102 128733 7112.11896   69  388 7843.00000 7082.34073  9.70%   271 6183s
 280305 128825 7112.33276   70  457 7843.00000 7082.34073  9.70%   271 6191s
 280515 128913 7113.23621   71  392 7843.00000 7082.34073  9.70%   271 6199s
 280717 129004 7113.55001   73  362 7843.00000 7082.34073  9.70%   271 6208s
 280933 129096 7113.89527   74  399 7843.00000 7086.08633  9.65%   271 6217s
 281145 129205 7114.74243   76  365 7843.00000 7086.12873  9.65%   271 6226s
 281380 129310 7115.31120   78  414 7843.00000 7086.14160  9.65%   271 6235s
 281604 129451 7115.48594   79  454 7843.00000 7086.14160  9.65%   271 6245s
 281852 129592 7116.12206   81  359 7843.00000 7086.14160  9.65%   271 6255s
 282122 129718 7117.34171   83  346 7843.00000 7086.22331  9.65%   271 6264s
 282410 129852 7117.56035   85  382 7843.00000 7086.22331  9.65%   271 6275s
 282705 129783 7175.91944   87  309 7843.00000 7086.53334  9.65%   272 6285s
 282738 129812 7118.87016   88  363 7843.00000 7086.53334  9.65%   272 6295s
 282781 129970 7159.77544   88  317 7843.00000 7086.53334  9.65%   272 6307s
 283004 130162 7119.08214   89  336 7843.00000 7086.68852  9.64%   272 6318s
 283330 130332 7119.54976   91  324 7843.00000 7086.68852  9.64%   272 6329s
 283693 130518 7120.85316   94  354 7843.00000 7086.68852  9.64%   272 6341s
 284082 131120 7206.05816   42  508 7843.00000 7086.68852  9.64%   272 6406s
 285658 132029 7216.02372   64  327 7843.00000 7090.47240  9.59%   276 6471s
 287566 133049 7121.76531   58  412 7843.00000 7091.11530  9.59%   281 6534s
 290078 133359 7094.51570   38 1265 7843.00000 7094.46864  9.54%   285 7664s
 290080 133362 7094.57872   39 1276 7843.00000 7094.52042  9.54%   285 7671s
 290084 133369 7094.79807   40 1243 7843.00000 7094.57972  9.54%   285 7676s
 290092 133380 7102.16064   41  848 7843.00000 7094.79857  9.54%   286 7685s
 290108 133405 7126.52963   42  694 7843.00000 7102.16064  9.45%   286 7695s
 290138 133425 7176.76633   43  693 7843.00000 7113.42673  9.30%   286 7706s
 290170 133442 7183.80378   44  616 7843.00000 7131.67289  9.07%   286 7718s
 290205 133463 7275.58933   45  650 7843.00000 7131.67289  9.07%   287 7729s
 290239 133489 7221.84117   45  555 7843.00000 7131.67289  9.07%   287 7740s
 290285 133516 7250.18875   46  420 7843.00000 7131.67289  9.07%   287 7751s
 290340 133549 7287.28925   46  586 7843.00000 7131.67289  9.07%   287 7759s
 290400 133585 7250.18875   47  419 7843.00000 7131.67289  9.07%   287 7769s
 290471 133633 7303.22372   47  451 7843.00000 7131.67289  9.07%   288 7778s
 290569 133670 7257.95599   48  442 7843.00000 7131.67289  9.07%   288 7785s
 290659 133715 7353.55295   48  390 7843.00000 7131.67289  9.07%   288 7791s
 290751 133753 7261.69824   49  406 7843.00000 7131.67289  9.07%   288 7797s
 290844 133790 7351.78425   49  409 7843.00000 7131.67289  9.07%   288 7805s
 290938 133783 7315.83874   50  478 7843.00000 7132.61831  9.06%   288 7812s
 291017 133770 7265.18767   50  438 7843.00000 7132.61831  9.06%   289 7821s
 291091 133767 7287.00730   51  462 7843.00000 7147.75925  8.86%   289 7829s
 291161 133760 7306.07082   51  337 7843.00000 7147.75925  8.86%   289 7838s
 291229 133766 7463.03815   52  349 7843.00000 7147.75925  8.86%   290 7847s
 291289 133780 7417.95013   52  327 7843.00000 7159.77924  8.71%   290 7855s
 291378 133788 7417.95013   53  327 7843.00000 7159.77924  8.71%   290 7864s
 291479 133790     cutoff   54      7843.00000 7163.24237  8.67%   291 7873s
 291597 133798 7248.43852   46  339 7843.00000 7163.24237  8.67%   291 7882s
 291717 133827 7311.75502   48  316 7843.00000 7163.24237  8.67%   291 7891s
 291844 133861     cutoff   51      7843.00000 7163.24237  8.67%   292 7901s
 292029 133886 7476.75376   51  293 7843.00000 7180.25004  8.45%   292 7910s
 292196 133921 7453.73460   54  288 7843.00000 7180.25008  8.45%   292 7920s
 292381 133967 7479.58457   68  265 7843.00000 7180.25008  8.45%   293 7931s
 292585 134023     cutoff   83      7843.00000 7180.25008  8.45%   293 7942s
 292805 134054 7311.86824   49  353 7843.00000 7187.92539  8.35%   293 7953s
 293023 134065 7220.99637   50  337 7843.00000 7200.69078  8.19%   294 7964s
 293173 134111 7242.88847   51  333 7843.00000 7203.06984  8.16%   294 7975s
 293373 134064 7340.81085   53  316 7843.00000 7203.29077  8.16%   295 7985s
 293413 134069 7337.13788   53  292 7843.00000 7203.29077  8.16%   295 7996s
 293453 134079 7402.21950   54  288 7843.00000 7203.29077  8.16%   295 8006s
 293495 134090 7432.05683   54  368 7843.00000 7208.10672  8.10%   295 8016s
 293536 134104     cutoff   55      7843.00000 7209.67451  8.08%   295 8026s
 293584 134199 7486.22601   56  275 7843.00000 7209.67451  8.08%   295 8037s
 293788 134255 7488.11111   57  213 7843.00000 7211.07487  8.06%   295 8050s
 294091 134292 7312.50648   47  426 7843.00000 7216.08645  7.99%   296 8065s
 294414 134341 7421.13558   49  364 7843.00000 7216.40925  7.99%   296 8079s
 294747 134255 7272.56648   48  413 7843.00000 7217.33793  7.98%   297 8093s
 294824 133238 7388.88215   49  371 7843.00000 7217.33793  7.98%   297 8109s
 295110 133267 7463.91836   52  364 7843.00000 7222.33768  7.91%   298 8124s
 295386 133320 7365.80352   47  323 7843.00000 7229.68822  7.82%   298 8140s
 295758 133289 7462.37555   49  375 7843.00000 7235.15088  7.75%   299 8157s
 296052 133302 7406.02135   54  271 7843.00000 7239.25672  7.70%   300 8174s
 296494 133292 7479.88841   56  327 7843.00000 7244.83188  7.63%   300 8192s
 296891 133284 7289.87737   49  306 7843.00000 7247.88050  7.59%   301 8210s
 297251 133270 7446.90536   50  288 7843.00000 7248.86804  7.58%   302 8228s
 297565 133329     cutoff   47      7843.00000 7250.38351  7.56%   303 8247s
 297979 133438 7389.93095   51  374 7843.00000 7252.18199  7.53%   303 8267s
 298497 133520 7443.80739   50  235 7843.00000 7257.43975  7.47%   304 8288s
 299161 133553 7449.78698   53  269 7843.00000 7257.43975  7.47%   305 8310s
H299737 133361                    7841.0000000 7264.04299  7.36%   306 8311s
 299737 133722 7291.29112   99  249 7841.00000 7264.47010  7.35%   306 8316s
 300933 133748 7297.62473  101  230 7841.00000 7264.67476  7.35%   305 8322s
 301459 133863 7284.26018  102  198 7841.00000 7264.70573  7.35%   305 8325s
 302506 133967 7265.43002  105  407 7841.00000 7265.43002  7.34%   304 8331s
 303553 134061 7276.15219  108  213 7841.00000 7269.54916  7.29%   303 8338s
 304165 134146 7279.52050  111  348 7841.00000 7269.54916  7.29%   303 8342s
 304787 134301 7281.12267  114  309 7841.00000 7269.77644  7.29%   303 8346s
 305627 134273     cutoff  120      7841.00000 7269.77644  7.29%   302 8350s
 307034 134238 7295.88437  130  248 7841.00000 7270.09178  7.28%   301 8358s
 307409 134464 7296.27248  131  252 7841.00000 7270.09327  7.28%   301 8362s
 308170 134602 7300.37183   96  152 7841.00000 7270.23886  7.28%   301 8366s
 309027 134698 7302.77616  118  173 7841.00000 7270.23886  7.28%   300 8371s
 309819 134728 7319.07810  158  146 7841.00000 7273.88187  7.23%   300 8375s
 310592 134857 7318.58527   63  158 7841.00000 7275.56103  7.21%   299 8380s
 312502 134817 7319.60680  145  114 7841.00000 7279.82904  7.16%   298 8389s
 313516 134887 7300.53653  183  149 7841.00000 7282.42904  7.12%   298 8394s
 314500 134905 7319.82657  172  141 7841.00000 7283.69871  7.11%   297 8399s
 315593 135060     cutoff   93      7841.00000 7285.14835  7.09%   296 8405s
 316726 135188 7300.77348  101  185 7841.00000 7285.75772  7.08%   296 8410s
 317895 135196     cutoff  143      7841.00000 7287.70009  7.06%   295 8416s
 319170 135237     cutoff  112      7841.00000 7289.94061  7.03%   294 8422s
 320620 135990 7324.36533   55  181 7841.00000 7292.04168  7.00%   294 8436s
 324243 135994 7329.61896   65  183 7841.00000 7294.32245  6.97%   292 8450s
 324300 136014 7334.00012   66  187 7841.00000 7294.74634  6.97%   292 8462s
 324344 136035 7338.41558   67  197 7841.00000 7294.78797  6.97%   292 8474s
 324383 136053 7339.19348   68  148 7841.00000 7294.78797  6.97%   292 8488s
 324429 136079 7339.56269   69  211 7841.00000 7294.78797  6.97%   292 8501s
 324552 136540 7363.10198   70  249 7841.00000 7294.78797  6.97%   292 8516s
 325550 137581 7363.83007   71  256 7841.00000 7295.09835  6.96%   291 8534s
 328852 138859 7363.25293   78  271 7841.00000 7295.75638  6.95%   290 8551s
 333545 139830 7331.67363  100  287 7841.00000 7297.38554  6.93%   288 8568s
 336860 141218 7365.49425   73  172 7841.00000 7300.05893  6.90%   286 8584s
 341474 141604 7338.30726   97  412 7841.00000 7303.11674  6.86%   284 8599s
 341937 141822 7338.61225  101  396 7841.00000 7303.11674  6.86%   284 8609s
 342382 142040 7339.00868  104  352 7841.00000 7303.11674  6.86%   284 8619s
 342833 142297 7339.44445  108  344 7841.00000 7303.11674  6.86%   284 8629s
 343301 142560 7393.10850  111  301 7841.00000 7303.47731  6.86%   284 8637s
 343794 142838 7341.40641  114  299 7841.00000 7303.47731  6.86%   284 8647s
 344282 143145 7357.59761  116  226 7841.00000 7303.47731  6.86%   284 8656s
 344795 143422 7342.35360  119  323 7841.00000 7303.62031  6.85%   284 8666s
 345289 143710 7343.90084  122  391 7841.00000 7303.62031  6.85%   284 8676s
 345779 144067 7371.09133  124  322 7841.00000 7303.62031  6.85%   284 8687s
 346339 144401 7346.84176  128  353 7841.00000 7303.62031  6.85%   284 8697s
 346906 144857 7347.76403  132  381 7841.00000 7303.62031  6.85%   284 8708s
 347627 145286 7348.56270  137  358 7841.00000 7303.62031  6.85%   284 8720s
 348354 145664 7349.92699  141  317 7841.00000 7304.65154  6.84%   284 8731s
 349090 146118 7351.96248  144  321 7841.00000 7304.65154  6.84%   284 8743s
 349874 146593 7352.41446  149  353 7841.00000 7304.65154  6.84%   284 8756s
 350702 147026 7383.65608  154  356 7841.00000 7304.65154  6.84%   284 8769s
 351580 147331 7354.74441  158  369 7841.00000 7304.65154  6.84%   284 8782s
 352318 147891 7355.08491  162  454 7841.00000 7304.65154  6.84%   284 8795s
 353199 148343 7355.24754  165  411 7841.00000 7304.65154  6.84%   284 8809s
 354110 148760 7355.41213  168  512 7841.00000 7304.65154  6.84%   284 8823s
 354999 149314 7355.93218  172  420 7841.00000 7305.89648  6.82%   284 8837s
 356104 149966 7356.97821  176  348 7841.00000 7305.89648  6.82%   284 8851s
 357194 150622 7357.22885  181  348 7841.00000 7305.89648  6.82%   284 8866s
 358387 151329 7357.84521  185  504 7841.00000 7306.93562  6.81%   283 8881s
 359783 152556 7359.78075  193  509 7841.00000 7306.93562  6.81%   283 8896s
 361550 152130 infeasible   51      7841.00000 7306.93562  6.81%   283 8921s
 362092 152292     cutoff   52      7841.00000 7318.48196  6.66%   284 8941s
 362779 152456 7458.45517   51  264 7841.00000 7318.83427  6.66%   284 8958s
 363604 152407 7506.80539   52  338 7841.00000 7323.42121  6.60%   285 8974s
 364215 152422     cutoff   54      7841.00000 7328.48481  6.54%   285 8990s
 364828 152417 7477.82023   50  314 7841.00000 7330.23992  6.51%   285 9007s
 365446 152359 7384.94980   50  324 7841.00000 7331.97033  6.49%   286 9023s
 366107 152525 7469.99978   49  270 7841.00000 7338.96143  6.40%   287 9041s
 366929 152555 7527.85075   68  303 7841.00000 7341.91069  6.37%   287 9059s
 367851 152479     cutoff   50      7841.00000 7344.98957  6.33%   287 9076s
 368564 152443 7429.77037   49  368 7841.00000 7347.97519  6.29%   288 9094s
 369088 152445 7466.45671   51  390 7841.00000 7351.11161  6.25%   289 9113s
 369740 152373 7430.27423   46  367 7841.00000 7354.46217  6.21%   289 9133s
 370372 152378 7498.57787   50  336 7841.00000 7357.68909  6.16%   290 9154s
 371233 152378 7529.77100   56  358 7841.00000 7364.13824  6.08%   291 9175s
 372215 152375 7510.71863   54  287 7841.00000 7367.41073  6.04%   291 9197s
 373253 152261 7474.62448   58  343 7841.00000 7372.36886  5.98%   292 9220s
 374219 152229 7464.27318   50  323 7841.00000 7375.77012  5.93%   293 9243s
 375251 152372 7497.25441   78  315 7841.00000 7382.39497  5.85%   294 9267s
 376526 152204 7486.20749   55  318 7841.00000 7391.09565  5.74%   294 9292s
 377569 152216 7523.20763   54  293 7841.00000 7396.65526  5.67%   295 9318s
 378774 152343 7503.34943   52  280 7841.00000 7402.36783  5.59%   296 9344s
 380378 152328     cutoff   77      7841.00000 7408.07609  5.52%   297 9386s
 382076 152364     cutoff   74      7841.00000 7417.00168  5.41%   298 9395s
 384164 151921 7424.80043   89  248 7841.00000 7418.49063  5.39%   297 9401s
 385548 151690     cutoff  107      7841.00000 7419.15131  5.38%   296 9407s
 386806 151590     cutoff  167      7841.00000 7419.48483  5.38%   295 9412s
 388307 151154 7426.40386   85  182 7841.00000 7420.62761  5.36%   295 9418s
 389521 151002     cutoff   84      7841.00000 7421.19803  5.35%   294 9424s
 391335 150587 7434.12483  138  224 7841.00000 7422.36083  5.34%   293 9431s
 393043 150021 7430.54267   96  276 7841.00000 7422.92439  5.33%   292 9438s
 394079 149654     cutoff  117      7841.00000 7424.34969  5.31%   292 9445s
 396233 148814     cutoff   93      7841.00000 7425.83916  5.29%   291 9453s
 398589 147590 7437.39121   74   85 7841.00000 7427.20699  5.28%   290 9461s
 400875 146065 7438.74727  118  218 7841.00000 7428.74082  5.26%   289 9469s
 403393 144071 7448.22875  122   98 7841.00000 7430.80419  5.23%   288 9476s
 406303 141415     cutoff   63      7841.00000 7432.74194  5.21%   286 9483s
 409313 141279 7489.58601   92  144 7841.00000 7434.87440  5.18%   285 9504s
 413149 142336     cutoff   66      7841.00000 7437.08490  5.15%   283 9520s
 417310 143176 7454.52335   59  340 7841.00000 7438.62919  5.13%   282 9534s
 421077 143893 infeasible  121      7841.00000 7440.22828  5.11%   281 9548s
 424347 144663 7459.87123   96  172 7841.00000 7440.76819  5.10%   280 9561s
 428075 145330 7487.76138   86  207 7841.00000 7442.59879  5.08%   278 9575s
 431428 146353 7491.08558  114  215 7841.00000 7444.49670  5.06%   277 9588s
 435039 148439 7499.48478  202  424 7841.00000 7445.42532  5.04%   276 9612s
 437200 150515 7523.08308  212  365 7841.00000 7445.42532  5.04%   276 9640s
 440269 150349 7558.28163  225  365 7841.00000 7446.84195  5.03%   275 9652s
 441279 150045 7573.68690  232  282 7841.00000 7446.84195  5.03%   275 9666s
 441311 150066 7583.73951  232  264 7841.00000 7446.84195  5.03%   275 9692s
 441343 150087 7574.43060  233  288 7841.00000 7446.84195  5.03%   275 9706s
 441375 150109 7619.48748  233  272 7841.00000 7446.84195  5.03%   275 9723s
 441407 150130 7574.66802  234  290 7841.00000 7446.84195  5.03%   275 9742s
 441439 150149     cutoff  234      7841.00000 7446.84195  5.03%   275 9761s
 441473 150169     cutoff  235      7841.00000 7446.84195  5.03%   275 9776s
 441506 150190 7599.77402  236  283 7841.00000 7446.84195  5.03%   275 9792s
 441538 150211 7577.74474  237  320 7841.00000 7446.84195  5.03%   275 9808s
 441570 150237 7597.84671  237  235 7841.00000 7446.84195  5.03%   275 9825s
 441606 150313 7577.93378  238  311 7841.00000 7446.84195  5.03%   275 9842s
 441708 150687 7587.65936  238  220 7841.00000 7446.84195  5.03%   275 9862s
 442146 151277 7577.93378  239  312 7841.00000 7446.84195  5.03%   275 9883s
 443052 152051 7579.32000  241  305 7841.00000 7446.84195  5.03%   275 9905s
 444294 153118 7591.02560  270  212 7841.00000 7446.84195  5.03%   275 9927s
 445890 154366 7598.94476  304  163 7841.00000 7446.84195  5.03%   274 9951s
 447817 154293 7612.34610  333  202 7841.00000 7446.84195  5.03%   274 9979s
 448462 156121 7612.74338  339  166 7841.00000 7446.84195  5.03%   274 10005s
 450780 157844 7631.54313  402  216 7841.00000 7449.04603  5.00%   274 10031s
 453899 159380 7506.67555   59  435 7841.00000 7449.71621  4.99%   273 10055s
 456724 160619 7604.67794  144  345 7841.00000 7449.96958  4.99%   272 10079s
 459260 162514 7566.04490   87  351 7841.00000 7449.96958  4.99%   272 10103s
 462345 162217 7533.30012   52  359 7841.00000 7449.96958  4.99%   271 10143s
 464760 161948 7513.06444   52  194 7841.00000 7458.34596  4.88%   272 10167s
 466419 162201 7501.52905   52  279 7841.00000 7467.49796  4.76%   273 10190s
 468241 162743 7523.67128   57  348 7841.00000 7470.64699  4.72%   273 10213s
 470473 162765 7557.67139   61  355 7841.00000 7480.24169  4.60%   273 10235s
 471956 163613 7519.05481   60  320 7841.00000 7480.56274  4.60%   273 10258s
 474470 164389 7536.99603   51  319 7841.00000 7486.33464  4.52%   273 10280s
 477086 165267 7507.69886   60  308 7841.00000 7491.40307  4.46%   273 10301s
 479901 165890 7533.20082   53  285 7841.00000 7493.73451  4.43%   272 10323s
 482821 166459 7543.66761   64  333 7841.00000 7495.35948  4.41%   272 10343s
 485320 167445 7552.40174   69  284 7841.00000 7496.21195  4.40%   272 10364s
 488100 163923 7499.76945  152  188 7841.00000 7498.36943  4.37%   271 10373s
 492085 159976     cutoff  133      7841.00000 7502.24894  4.32%   270 10378s
 495223 155827     cutoff  123      7841.00000 7503.69828  4.30%   268 10382s
 499888 154173     cutoff  136      7841.00000 7512.82927  4.19%   266 10400s
 504301 155571 infeasible   81      7841.00000 7514.87543  4.16%   265 10419s
 509064 156451 7552.32033   54  247 7841.00000 7516.10850  4.14%   264 10430s
 512158 157054 7557.23898   64  115 7841.00000 7516.88451  4.13%   263 10442s
 515530 157758 7552.14239   78  148 7841.00000 7518.76977  4.11%   262 10453s
 518729 158158     cutoff   62      7841.00000 7519.77661  4.10%   261 10465s
 521994 158909 7551.24500  104  259 7841.00000 7520.95495  4.08%   260 10476s
 525480 159423 7557.80070  166  298 7841.00000 7521.56639  4.07%   259 10488s
 528853 159753 7551.88880   73  230 7841.00000 7523.35877  4.05%   259 10500s
 532035 159954 7548.91398   64  156 7841.00000 7524.43490  4.04%   258 10513s
 534065 164303 7685.51079  210  368 7841.00000 7524.67847  4.03%   257 10554s
 539128 169356 7632.56199   92  394 7841.00000 7525.43399  4.02%   256 10600s
 546331 168898 7627.20831   80  272 7841.00000 7526.25394  4.01%   255 10618s
 548480 170121 7687.94070  171  341 7841.00000 7526.25394  4.01%   254 10638s
 550749 169800 7586.44776   50  339 7841.00000 7526.25394  4.01%   254 10660s
 551242 169974 7596.13920   57  341 7841.00000 7526.25394  4.01%   255 10682s
 551592 170272 7601.72051   70  353 7841.00000 7526.25394  4.01%   255 10705s
 552048 170491 7608.97724   87  388 7841.00000 7526.25394  4.01%   255 10731s
 552528 172041 7619.80451  103  213 7841.00000 7526.25394  4.01%   255 10760s
 554448 173910 7643.07497  135  237 7841.00000 7526.25394  4.01%   256 10791s
 557232 175135 7582.93412   61  396 7841.00000 7526.25394  4.01%   256 10823s
 559707 177377 7628.94018  178  307 7841.00000 7526.25394  4.01%   256 10858s
 563403 179040 7602.55464   61  390 7841.00000 7526.25394  4.01%   256 10894s
 567233 182867 7606.68188   77  355 7841.00000 7527.96261  3.99%   256 10927s
 572670 183757 7590.79998   86  348 7841.00000 7527.96261  3.99%   255 10978s
 577177 187542 7577.46198  100  293 7841.00000 7529.38883  3.97%   254 11033s
 585161 189028 7579.49559   69  280 7841.00000 7532.59771  3.93%   253 11052s
 587805 190835 7575.24301  101  257 7841.00000 7533.60056  3.92%   253 11073s
 590773 192459     cutoff   52      7841.00000 7534.51137  3.91%   253 11093s
 593642 194168 7554.48578   73  293 7841.00000 7535.43595  3.90%   253 11115s
 596884 196083 7576.91540   92  320 7841.00000 7536.18856  3.89%   252 11138s
 600301 197904 7549.81633   80  409 7841.00000 7536.87800  3.88%   252 11161s
 603692 199950 7568.73304   66  297 7841.00000 7537.72050  3.87%   252 11183s
 607206 200346 7565.63966  139  458 7841.00000 7538.51592  3.86%   251 11202s
 610799 200500 7553.40651  155  269 7841.00000 7539.15521  3.85%   251 11216s
 615213 200766     cutoff   88      7841.00000 7541.00613  3.83%   250 11228s
 619137 200958 7557.73771   64  174 7841.00000 7541.95986  3.81%   249 11239s
 622625 201432 7561.54309   95  106 7841.00000 7543.16674  3.80%   248 11251s
 626205 201675     cutoff   83      7841.00000 7543.91848  3.79%   248 11261s
 629815 201812     cutoff  130      7841.00000 7544.57642  3.78%   247 11272s
 632095 202058     cutoff  112      7841.00000 7544.80231  3.78%   246 11283s
 635734 202163     cutoff   82      7841.00000 7545.93366  3.76%   246 11294s
 639362 202307     cutoff   85      7841.00000 7547.06092  3.75%   245 11311s
 644398 202224 7569.59592  106  274 7841.00000 7548.20369  3.73%   244 11320s
 647797 202317 7577.86637   74  260 7841.00000 7549.14465  3.72%   243 11330s
 650970 208170 7709.89205  309  295 7841.00000 7549.79318  3.71%   243 11382s
 657690 208255 7665.44990   96  334 7841.00000 7549.79318  3.71%   242 11407s
 660155 211181 7735.59975  214  271 7841.00000 7549.79318  3.71%   242 11433s
 664285 213333 7590.32039  152  391 7841.00000 7549.79318  3.71%   241 11457s
 668112 215543 7628.26383  274  397 7841.00000 7551.66232  3.69%   241 11482s
 672147 215051 7680.87977  392  302 7841.00000 7551.81142  3.69%   240 11505s
 673243 216860 7700.30768  442  268 7841.00000 7551.81142  3.69%   240 11529s
 675749 219851 7602.68587   66  492 7841.00000 7552.62192  3.68%   240 11555s
 679824 226230 7640.38407  156  308 7841.00000 7552.64477  3.68%   239 11602s
 688382 224930 7715.67001  200  288 7841.00000 7553.12369  3.67%   238 11620s
 690353 226184 7607.78464   71  432 7841.00000 7553.22977  3.67%   238 11640s
 692510 228423 7656.27931  115  418 7841.00000 7553.22977  3.67%   238 11660s
 695755 232317 7594.13385   80  333 7841.00000 7553.44176  3.67%   237 11716s
 703768 234487 7596.16780   79  252 7841.00000 7554.64308  3.65%   237 11738s
 707225 236808 7605.52575   72  328 7841.00000 7555.37150  3.64%   237 11760s
 710770 238940 7583.84312   76  290 7841.00000 7555.95373  3.64%   236 11782s
 714112 240930 7588.68030   82  265 7841.00000 7556.53895  3.63%   236 11804s
 717465 243055 7581.26151   63  301 7841.00000 7557.00161  3.62%   236 11826s
 721005 243081 7595.48242   89  324 7841.00000 7557.47551  3.62%   236 11844s
 721043 243263 7595.55437   90  332 7841.00000 7557.50268  3.62%   236 11863s
 721330 244829 7595.94506   91  281 7841.00000 7557.50268  3.62%   236 11885s
 723870 246960 7593.81364   99  244 7841.00000 7557.50268  3.62%   236 11909s
 727722 251766 7581.22911   82  408 7841.00000 7558.31348  3.61%   235 11958s
 735489 253763 7579.62533   65  309 7841.00000 7559.14987  3.59%   235 11979s
 738900 254968 7583.97588   62  363 7841.00000 7559.49603  3.59%   234 11998s
 740823 254771 7568.37992   72  202 7841.00000 7559.83709  3.59%   234 12012s
 745856 254680     cutoff   80      7841.00000 7560.65470  3.58%   233 12022s
 749232 254547 7582.53127   83  240 7841.00000 7561.54426  3.56%   233 12032s
 752619 254194 infeasible  103      7841.00000 7562.18028  3.56%   232 12041s
 756166 253777 infeasible  100      7841.00000 7562.89282  3.55%   232 12050s
 759701 253199 7577.45975  147  190 7841.00000 7563.89474  3.53%   231 12060s
 763263 252608 infeasible  145      7841.00000 7564.64893  3.52%   231 12068s
 766732 251964 infeasible   88      7841.00000 7565.34213  3.52%   230 12078s
 770126 251244 7587.76821  161  217 7841.00000 7566.19921  3.50%   229 12086s
 773494 250419 infeasible  107      7841.00000 7567.02157  3.49%   229 12095s
 776931 249334     cutoff   52      7841.00000 7567.82316  3.48%   228 12104s
 780381 248223 7579.24618  122  132 7841.00000 7568.42033  3.48%   228 12112s
 783989 246814 7585.45477   96  303 7841.00000 7569.24647  3.47%   227 12121s
 787733 245440 7585.63522  146  170 7841.00000 7570.05774  3.46%   226 12128s
 791448 251054 7722.69872  199  486 7841.00000 7571.00422  3.44%   226 12169s
 797478 253872 7609.55152  113  313 7841.00000 7571.05843  3.44%   225 12192s
 800584 257727 7654.83611  223  226 7841.00000 7571.05843  3.44%   225 12216s
 804808 262921 7742.64305  433  199 7841.00000 7571.05843  3.44%   225 12260s
 811003 265191 7734.74970  175  383 7841.00000 7571.05843  3.44%   224 12282s
 813650 267952 7625.47410   70  221 7841.00000 7572.68368  3.42%   224 12306s
 817003 270108 7652.69181   74  305 7841.00000 7573.33359  3.41%   224 12330s
 819685 272984 7671.80775   86  344 7841.00000 7573.45474  3.41%   224 12355s
 823002 275380 7750.57983   81  175 7841.00000 7573.51330  3.41%   224 12379s
 825895 276592 7628.99787   67  323 7841.00000 7573.51330  3.41%   223 12405s
 827385 279632 7658.64863  129  280 7841.00000 7573.51330  3.41%   223 12432s
 830829 283025 7651.86497   89  361 7841.00000 7574.32748  3.40%   223 12459s
 834726 285594 7616.46633  108  477 7841.00000 7574.53484  3.40%   223 12499s
 837789 287289 7694.73486   66  275 7841.00000 7574.85875  3.39%   223 12539s
 840168 289717 7603.83381   78  416 7841.00000 7574.85875  3.39%   224 12585s
 843794 291915 7606.55196   76  173 7841.00000 7574.85875  3.39%   225 12628s
 847842 293048 7589.20322   62  263 7841.00000 7575.15600  3.39%   225 12663s
 849696 297218 7614.70407   85  306 7841.00000 7575.29529  3.39%   224 12705s
 856372 300178 7603.11225   74  256 7841.00000 7576.22602  3.38%   224 12734s
 861573 304378 7616.82144   61  265 7841.00000 7576.71543  3.37%   224 12779s
 868750 306239 7613.64103   89  341 7841.00000 7577.29853  3.36%   223 12799s
 871935 307882     cutoff  103      7841.00000 7577.64412  3.36%   223 12818s
 875099 309603 7609.90501   68  275 7841.00000 7577.95196  3.35%   223 12838s
 878448 311267 7594.76784   73  300 7841.00000 7578.22307  3.35%   223 12858s
 881592 312647 infeasible   78      7841.00000 7578.52931  3.35%   223 12879s
 884806 314465 7612.25249  109  215 7841.00000 7578.76392  3.34%   223 12899s
 888337 316370 7617.73719   84  236 7841.00000 7579.09417  3.34%   223 12919s
 891611 319592 7606.95941   57  309 7841.00000 7579.37474  3.34%   223 12960s
 898020 317297     cutoff   91      7841.00000 7579.71075  3.33%   222 12974s
 903190 315325     cutoff   88      7841.00000 7580.19819  3.33%   222 12982s
 907470 313474     cutoff  216      7841.00000 7581.55375  3.31%   221 12989s
 911373 311595 7585.94444  114  271 7841.00000 7582.68022  3.29%   220 12996s
 915010 309144     cutoff   75      7841.00000 7583.32413  3.29%   220 13003s
 919146 306667 infeasible   55      7841.00000 7584.16890  3.28%   219 13010s
 923179 303872     cutoff  160      7841.00000 7585.16990  3.26%   218 13015s
 927385 300785     cutoff  127      7841.00000 7586.08635  3.25%   218 13021s
 931696 297659     cutoff  125      7841.00000 7587.08559  3.24%   217 13027s
 935776 294147 infeasible   91      7841.00000 7587.42009  3.23%   216 13032s
 940103 289849 7592.98099   57   80 7841.00000 7588.78674  3.22%   215 13036s
 945042 284896     cutoff  108      7841.00000 7590.37494  3.20%   214 13040s
 950414 286935 7649.04927   93  383 7841.00000 7591.59358  3.18%   213 13078s
 953492 289038 7654.23301  108  434 7841.00000 7591.79626  3.18%   214 13118s
 956861 292147 7657.24371  128  403 7841.00000 7591.79626  3.18%   214 13157s
 961034 294938 7682.96887  157  245 7841.00000 7591.90797  3.18%   214 13194s
 964394 298481 7718.50522  220  217 7841.00000 7591.91620  3.18%   214 13229s
 966287 298481 7656.01238  221  379 7841.00000 7591.91620  3.18%   214 13230s
 968591 303064 7671.45667   53  329 7841.00000 7591.91620  3.18%   214 13262s
 973767 307128 7630.99457   81  428 7841.00000 7591.91620  3.18%   214 13302s
 978647 308252 7750.96385  322  276 7841.00000 7592.63748  3.17%   214 13328s
 980072 311794 7659.70872   61  381 7841.00000 7592.63748  3.17%   214 13358s
 983927 315962 7740.39742  210  312 7841.00000 7592.63748  3.17%   213 13386s
 988627 319674 7750.03287  133  319 7841.00000 7592.63748  3.17%   213 13413s
 992819 321558 7634.88003   78  411 7841.00000 7592.63748  3.17%   213 13437s
 995368 323160 7643.09653   86  466 7841.00000 7592.63748  3.17%   213 13463s
 997636 325578 7664.74685   96  426 7841.00000 7592.63748  3.17%   213 13491s
 1001164 328870 7632.18294   77  245 7841.00000 7593.44224  3.16%   213 13529s
 1007589 330749 7622.07115   84  326 7841.00000 7593.92514  3.15%   213 13548s
 1010836 332688 7633.76780   86  238 7841.00000 7594.19680  3.15%   213 13567s
 1014109 334546     cutoff   91      7841.00000 7594.42813  3.14%   213 13587s
 1017505 336620 7622.96506   66  303 7841.00000 7594.64452  3.14%   213 13606s
 1020961 338187 7625.07575   60  263 7841.00000 7594.90520  3.14%   213 13626s
 1024267 341458 7630.95898   86  285 7841.00000 7595.12391  3.14%   212 13665s
 1030848 343086 7619.65305   71  165 7841.00000 7595.50320  3.13%   212 13683s
 1033961 344715 7623.85733   81  264 7841.00000 7595.68255  3.13%   212 13702s
 1037306 346487 7616.29374   65  307 7841.00000 7595.83541  3.13%   212 13720s
 1040479 348187 7613.95134   76  340 7841.00000 7596.08201  3.12%   212 13739s
 1043665 349883 7620.09999   83  230 7841.00000 7596.23835  3.12%   212 13757s
 1047105 351744 7626.67593   68  314 7841.00000 7596.42983  3.12%   212 13776s
 1050413 353492 7600.72306   84  352 7841.00000 7596.55818  3.12%   212 13794s
 1053596 347152     cutoff   68      7841.00000 7596.78223  3.11%   211 13798s
 1060155 348444 7682.73029  112  366 7841.00000 7603.99306  3.02%   210 13834s
 1061869 351582 7686.50681  122  330 7841.00000 7604.11702  3.02%   210 13872s
 1065615 356202 7692.73650  150  307 7841.00000 7604.12260  3.02%   210 13905s
 1070900 359465 7708.14429  172  430 7841.00000 7604.12260  3.02%   210 13929s
 1074426 362782 7721.42955  193  385 7841.00000 7604.12260  3.02%   210 13953s
 1078266 364201 7729.98244  214  346 7841.00000 7604.12260  3.02%   210 13977s
 1080403 366258 7735.91199  235  373 7841.00000 7604.48187  3.02%   210 14003s
 1082876 369457     cutoff  267      7841.00000 7604.48187  3.02%   210 14029s
 1086589 371222 7771.64416  313  282 7841.00000 7604.48187  3.02%   210 14054s
 1089006 374575 7732.91997  123  327 7841.00000 7605.02101  3.01%   210 14082s
 1093005 377766 7735.10838   85  353 7841.00000 7605.18697  3.01%   210 14118s
 1096918 380728 7712.30557   75  352 7841.00000 7605.27135  3.01%   210 14150s
 1100766 381846 7608.36474   56  402 7841.00000 7605.59777  3.00%   210 14178s
 1103090 383174 7693.18292   61  401 7841.00000 7605.64656  3.00%   210 14208s
 1105209 384886 7710.96846   80  336 7841.00000 7605.78354  3.00%   210 14241s
 1108085 387703 7745.97307  111  287 7841.00000 7606.09022  3.00%   210 14273s
 1111598 390665 7634.26125   58  243 7841.00000 7606.11854  3.00%   211 14309s
 1117610 390691 7626.92311   66  346 7841.00000 7606.39105  2.99%   210 14331s
 1117646 390711 7629.01344   67  237 7841.00000 7606.39105  2.99%   210 14352s
 1117690 390733 7639.81411   68  239 7841.00000 7606.39105  2.99%   210 14370s
 1117730 390757 7644.77607   69  223 7841.00000 7606.39105  2.99%   210 14394s
 1117770 390772     cutoff   70      7841.00000 7606.39105  2.99%   210 14419s
 1117818 390793 7642.31260   70  204 7841.00000 7606.39105  2.99%   210 14441s
 1117860 390820     cutoff   71      7841.00000 7606.39105  2.99%   210 14462s
 1117897 390867 7642.94694   72  273 7841.00000 7606.39105  2.99%   210 14486s
 1117988 390983     cutoff   73      7841.00000 7606.39105  2.99%   210 14509s
 1118280 391381 7645.30888   73  111 7841.00000 7606.39105  2.99%   210 14535s
 1119008 392611     cutoff   74      7841.00000 7606.39105  2.99%   210 14567s
 1121372 394786     cutoff   76      7841.00000 7606.42915  2.99%   210 14599s
 1125745 397690 7630.77603   71  245 7841.00000 7606.51057  2.99%   210 14627s
 1131200 400134 7641.22804   80  206 7841.00000 7607.05091  2.98%   210 14652s
 1135741 402259 7638.12900   93  236 7841.00000 7607.26919  2.98%   210 14674s
 1139876 403881 7643.33081   70  172 7841.00000 7607.53146  2.98%   210 14695s
 1143697 406990 7640.77515   73  248 7841.00000 7607.65391  2.98%   210 14733s
 1150092 408547 7636.89221   66  189 7841.00000 7607.92207  2.97%   209 14750s
 1153303 410094 7641.75009   68  263 7841.00000 7608.10751  2.97%   209 14769s
 1156517 411948 7614.36500   79  318 7841.00000 7608.25438  2.97%   209 14787s
 1159690 413417 7615.42629   75  342 7841.00000 7608.40539  2.97%   209 14805s
 1163151 415540 7659.43843   83  271 7841.00000 7608.57825  2.96%   209 14839s
 1165864 418788 7694.47904   60  321 7841.00000 7608.57825  2.96%   209 14880s
 1170070 420214 7679.12297   72  463 7841.00000 7608.84686  2.96%   209 14917s
 1172657 422758 7672.24580  117  341 7841.00000 7608.84686  2.96%   210 14955s
 1176327 425575 7787.34607   90  400 7841.00000 7608.89750  2.96%   210 14991s
 1179763 429369 7764.87278  139  344 7841.00000 7609.05159  2.96%   210 15025s
 1184160 431886 7745.21935  184  395 7841.00000 7609.15444  2.96%   210 15054s
 1187298 434720 7796.25491   81  309 7841.00000 7609.15444  2.96%   210 15083s
 1190724 439042 7718.16615  153  425 7841.00000 7609.15444  2.96%   210 15112s
 1195623 441180 7754.77501  115  273 7841.00000 7609.15444  2.96%   210 15137s
 1198329 445206 7704.50485  102  319 7841.00000 7609.53514  2.95%   210 15164s
 1203100 447552 7649.26864   67  478 7841.00000 7609.80880  2.95%   210 15188s
 1205967 451335 7738.35994  168  364 7841.00000 7609.80880  2.95%   210 15224s
 1210163 454939 7664.16910  109  375 7841.00000 7609.80880  2.95%   209 15252s
 1214439 457838 7648.14695   88  154 7841.00000 7609.99966  2.95%   209 15285s
 1220601 459078 7630.97557   70  249 7841.00000 7610.27538  2.94%   209 15303s
 1224111 462026 7635.69083   90  301 7841.00000 7610.42206  2.94%   209 15338s
 1230149 463714 7643.71190   86  228 7841.00000 7610.66512  2.94%   209 15356s
 1233322 465423 7644.87068   59  350 7841.00000 7610.81146  2.94%   209 15374s
 1236515 466906 7646.76536   77  283 7841.00000 7610.95556  2.93%   209 15392s
 1239821 468378 7638.41779   60  187 7841.00000 7611.05997  2.93%   209 15410s
 1243076 469745 7634.06305   74  343 7841.00000 7611.18962  2.93%   208 15428s
 1246395 471108 7643.89758   87  247 7841.00000 7611.32585  2.93%   208 15445s
 1249778 472467 7632.03472   58  310 7841.00000 7611.46308  2.93%   208 15463s
 1253059 474930 7646.83082   78  197 7841.00000 7611.55402  2.93%   208 15497s
 1259097 476423 7631.99582   74  363 7841.00000 7611.82481  2.92%   208 15514s
 1262313 478003 7642.89895   73  221 7841.00000 7611.94475  2.92%   208 15532s
 1265655 481737 7697.10134   84  435 7841.00000 7612.07387  2.92%   208 15566s
 1270070 485113 7731.35488   61  220 7841.00000 7612.21733  2.92%   208 15592s
 1273758 487595 7780.94428  163  288 7841.00000 7612.21733  2.92%   208 15616s
 1276744 488920 7738.21493  109  341 7841.00000 7612.26587  2.92%   208 15641s
 1278291 491183 7749.48950  166  382 7841.00000 7612.26587  2.92%   207 15668s
 1281176 494737 7732.04101   91  389 7841.00000 7612.61262  2.91%   207 15696s
 1285293 498294 7621.94077   65  446 7841.00000 7612.90372  2.91%   207 15723s
 1289329 502051 7631.67956   74  454 7841.00000 7612.90372  2.91%   207 15757s
 1293597 506081 7642.81195   87  265 7841.00000 7613.03219  2.91%   207 15784s
 1298161 508004 7664.33028  106  335 7841.00000 7613.10550  2.91%   207 15807s
 1300881 509715 7694.50904  121  263 7841.00000 7613.25582  2.90%   207 15831s
 1303188 511178 7746.47460  137  167 7841.00000 7613.25862  2.90%   207 15855s
 1305616 515528 7708.56621  166  286 7841.00000 7613.25862  2.90%   207 15881s
 1310593 518204 7720.65321  216  361 7841.00000 7613.25862  2.90%   207 15905s
 1313686 521514 7727.49947  251  264 7841.00000 7613.46362  2.90%   207 15928s
 1317541 524285     cutoff   93      7841.00000 7613.46362  2.90%   207 15959s
 1323111 525838 7641.96337   69  124 7841.00000 7613.64331  2.90%   206 15978s
 1326516 527376 7635.17162   55  305 7841.00000 7613.78804  2.90%   206 15997s
 1329866 528967 7647.68469   76  319 7841.00000 7613.91709  2.90%   206 16014s
 1333200 530620 7645.60337   60  185 7841.00000 7614.03177  2.89%   206 16032s
 1336441 533251 7636.71707   72  294 7841.00000 7614.13817  2.89%   206 16064s
 1342165 534655     cutoff   74      7841.00000 7614.32196  2.89%   206 16081s
 1345506 536192 7636.99647  105  276 7841.00000 7614.46556  2.89%   206 16099s
 1348635 537453 7629.14954   75  343 7841.00000 7614.58419  2.89%   206 16117s
 1352027 538823 7627.57374   67  235 7841.00000 7614.69989  2.89%   206 16134s
 1355383 540374 7632.08934   63  276 7841.00000 7614.76852  2.89%   206 16151s
 1358512 541831 7635.69533   71  316 7841.00000 7614.92483  2.88%   206 16169s
 1361876 543064 7629.66779   68  269 7841.00000 7615.02424  2.88%   205 16187s
 1365159 544642 7637.64496   90  300 7841.00000 7615.10963  2.88%   205 16204s
 1368310 548012 7742.37534  296  309 7841.00000 7615.21801  2.88%   205 16236s
 1372194 552746 7762.81265  363  323 7841.00000 7615.21801  2.88%   205 16274s
 1377465 554798 7704.54497   88  314 7841.00000 7615.67807  2.87%   205 16295s
 1379964 557561 7713.05646   80  276 7841.00000 7615.68954  2.87%   205 16319s
 1383188 559339 7767.58885   64  184 7841.00000 7615.70007  2.87%   205 16342s
 1385773 561844 7638.36618   61  285 7841.00000 7615.91171  2.87%   205 16365s
 1388576 565482 7781.42619  104  307 7841.00000 7616.02460  2.87%   205 16390s
 1392499 569161 7771.05485  125  296 7841.00000 7616.02460  2.87%   205 16414s
 1396542 572308 7793.96789  161  265 7841.00000 7616.02460  2.87%   205 16438s
 1400085 573811 7769.84887   58  232 7841.00000 7616.02460  2.87%   204 16461s
 1402356 576561 7707.23680   74  309 7841.00000 7616.42728  2.86%   204 16494s
 1405877 578613 7647.79159   67  559 7841.00000 7616.49293  2.86%   205 16525s
 1408989 581162 7724.71881   90  393 7841.00000 7616.75751  2.86%   205 16554s
 1412341 585485 7707.12028  107  286 7841.00000 7616.86035  2.86%   205 16586s
 1417400 588417 7639.15910   68  424 7841.00000 7616.86035  2.86%   204 16612s
 1420708 590982 7632.30365   83  343 7841.00000 7616.86035  2.86%   204 16643s
 1426251 592284     cutoff   79      7841.00000 7617.02359  2.86%   204 16660s
 1429567 593539     cutoff  105      7841.00000 7617.08692  2.86%   204 16678s
 1432649 595050 7644.50595   96  202 7841.00000 7617.24047  2.85%   204 16696s
 1435889 596561     cutoff   79      7841.00000 7617.33721  2.85%   204 16714s
 1439215 597908 7634.94080   55  251 7841.00000 7617.45113  2.85%   204 16732s
 1442441 599429     cutoff   76      7841.00000 7617.54006  2.85%   204 16750s
 1445508 600883     cutoff   72      7841.00000 7617.64629  2.85%   204 16768s
 1448774 602187     cutoff   68      7841.00000 7617.76128  2.85%   204 16787s
 1452044 604469 7626.37505   60  286 7841.00000 7617.86372  2.85%   204 16817s
 1457411 605576 7640.63738   69  198 7841.00000 7618.01059  2.84%   204 16834s
 1459779 606727 7636.79820   73  289 7841.00000 7618.10562  2.84%   204 16854s
 1462651 608486 7630.29164   83  400 7841.00000 7618.19382  2.84%   203 16873s
 1466324 609744 7629.77461   73  335 7841.00000 7618.30277  2.84%   203 16892s
 1470231 611047 7646.41101   92  334 7841.00000 7618.38832  2.84%   203 16911s
 1473651 614641 7732.10810  123  443 7841.00000 7618.52241  2.84%   203 16943s
 1477785 617985 7688.76059   65  407 7841.00000 7618.52241  2.84%   203 16968s
 1481616 620607 7712.13613   64  412 7841.00000 7619.01325  2.83%   203 16993s
 1484732 621321 7634.27659   99  483 7841.00000 7619.03589  2.83%   203 17026s
 1485864 631569 7714.95173  101  322 7841.00000 7619.03589  2.83%   203 17111s
 1497535 635975 7692.85146   89  265 7841.00000 7619.31124  2.83%   203 17141s
 1502415 638931 7798.19839  118  300 7841.00000 7619.37772  2.83%   203 17167s
 1505819 639135 7755.21787  157  319 7841.00000 7619.40348  2.83%   203 17193s
 1506046 639917 7755.33583  158  323 7841.00000 7619.40348  2.83%   203 17219s
 1506955 644408 7755.42547  159  330 7841.00000 7619.41081  2.83%   203 17248s
 1511904 646846 7645.73674   59  280 7841.00000 7619.48291  2.83%   202 17275s
 1515151 649392 7722.76220  195  325 7841.00000 7619.56736  2.82%   202 17309s
 1519013 651954 infeasible   86      7841.00000 7619.72740  2.82%   202 17337s
 1522193 655691 7693.29335   77  421 7841.00000 7619.81808  2.82%   202 17365s
 1526465 657831     cutoff   61      7841.00000 7619.81808  2.82%   202 17393s
 1531817 659184 7634.98321   82  344 7841.00000 7619.96463  2.82%   202 17410s
 1535028 661439 7633.21404   67  256 7841.00000 7620.06930  2.82%   202 17441s
 1540538 662631     cutoff   90      7841.00000 7620.22249  2.82%   202 17458s
 1543897 664046 7645.52679   79  342 7841.00000 7620.31400  2.81%   202 17475s
 1546947 665559 7625.05306   76  343 7841.00000 7620.39866  2.81%   202 17491s
 1550184 666785     cutoff   80      7841.00000 7620.47472  2.81%   202 17508s
 1553328 668034 7642.47476   82  332 7841.00000 7620.59080  2.81%   202 17525s
 1556625 669277 7644.85410   75  277 7841.00000 7620.68401  2.81%   202 17542s
 1559923 670602 7633.17148   71  343 7841.00000 7620.76764  2.81%   202 17558s
 1563343 671914 7631.27496   63  248 7841.00000 7620.88440  2.81%   201 17574s
 1565444 671914 7635.81927   58  350 7841.00000 7620.90859  2.81%   201 17575s
 1566585 674174 7649.12118   74  267 7841.00000 7620.97413  2.81%   201 17605s
 1571723 675436 7644.76518   75  321 7841.00000 7621.10875  2.80%   201 17622s
 1574969 676946 7646.69454   84  342 7841.00000 7621.20851  2.80%   201 17639s
 1578295 679179 7784.82535  214  445 7841.00000 7621.31457  2.80%   201 17670s
 1581470 682410 7655.91822   65  357 7841.00000 7621.31457  2.80%   201 17701s
 1585140 686973 7712.93008  153  330 7841.00000 7621.31457  2.80%   201 17731s
 1590102 691016 7772.09691  262  241 7841.00000 7621.56321  2.80%   201 17757s
 1594495 694270 7714.60297  141  305 7841.00000 7621.58843  2.80%   201 17781s
 1598116 697469 7757.07589  303  464 7841.00000 7621.62565  2.80%   201 17814s
 1601578 702873 7686.43216  131  178 7841.00000 7621.62565  2.80%   201 17843s
 1607354 706018 7758.28668  300  179 7841.00000 7621.62565  2.80%   200 17865s
 1611013 707931 7659.07404  103  363 7841.00000 7621.62565  2.80%   200 17885s
 1613264 709766 7771.91756  166  332 7841.00000 7621.62565  2.80%   200 17907s
 1615840 711576 7766.31098  103  306 7841.00000 7621.62565  2.80%   200 17930s
 1618414 715176 7787.25572  143  395 7841.00000 7622.14302  2.79%   200 17955s
 1622563 717508 7723.06201   65  323 7841.00000 7622.16085  2.79%   200 17977s
 1625313 720676 7670.89957   86  429 7841.00000 7622.22347  2.79%   200 18001s
 1628709 722716 7651.05816   73  267 7841.00000 7622.22347  2.79%   200 18028s
 1633761 724249 7633.42292   89  265 7841.00000 7622.34083  2.79%   200 18046s
 1637012 725548 7631.07636   94  346 7841.00000 7622.43052  2.79%   200 18064s
 1640414 726944 7647.23850   73  225 7841.00000 7622.53686  2.79%   200 18082s
 1643501 728215 7636.70187   74  314 7841.00000 7622.59890  2.79%   200 18099s
 1646823 730147 7631.70822   72  221 7841.00000 7622.65494  2.78%   200 18129s
 1651807 731347 7648.26397   66  266 7841.00000 7622.80607  2.78%   200 18146s
 1655151 732446 7635.48513   63  172 7841.00000 7622.88977  2.78%   199 18164s
 1658425 733651 7641.98733   94  294 7841.00000 7622.97175  2.78%   199 18181s
 1661575 734996 7652.63613   83  391 7841.00000 7623.04266  2.78%   199 18199s
 1664971 736305 7638.15028   63  271 7841.00000 7623.15079  2.78%   199 18218s
 1668163 737415 7650.49583   96  320 7841.00000 7623.21695  2.78%   199 18235s
 1671435 738723 7638.51446   62  331 7841.00000 7623.31028  2.78%   199 18252s
 1674754 739805 7646.19829   64  291 7841.00000 7623.39188  2.78%   199 18270s
 1678018 741605     cutoff   69      7841.00000 7623.47966  2.77%   199 18300s
 1682947 745229 7758.01006  183  441 7841.00000 7623.60791  2.77%   199 18333s
 1687185 746736 7752.04534   82  305 7841.00000 7623.60791  2.77%   199 18357s
 1689497 748166 7688.81051  127  317 7841.00000 7623.60791  2.77%   199 18385s
 1691981 749371 7769.45448  233  308 7841.00000 7623.71087  2.77%   199 18414s
 1694500 751382 7692.90223  125  447 7841.00000 7623.93258  2.77%   199 18444s
 1697364 753919 7787.98230  116  472 7841.00000 7624.03239  2.77%   199 18476s
 1700808 756485 7707.36782  189  257 7841.00000 7624.03545  2.77%   200 18508s
 1704466 757839 7802.52397  461  315 7841.00000 7624.03545  2.77%   200 18539s
 1707262 759077 7769.87036   75  333 7841.00000 7624.03545  2.77%   200 18571s
 1709747 760875 7760.68991  111  268 7841.00000 7624.16539  2.77%   200 18605s
 1712886 762726 7782.01472  119  237 7841.00000 7624.16539  2.77%   200 18638s
 1715732 764974     cutoff  102      7841.00000 7624.32907  2.76%   200 18673s
 1719438 767963 7804.96266  108  248 7841.00000 7624.37561  2.76%   201 18706s
 1723159 770312 7734.90907  158  343 7841.00000 7624.39911  2.76%   201 18736s
 1726451 773876 7751.96464   70  347 7841.00000 7624.39911  2.76%   201 18768s
 1730749 776802 7792.98447  133  304 7841.00000 7624.53084  2.76%   201 18797s
 1734191 778491 7641.79476   60  383 7841.00000 7624.58051  2.76%   201 18823s
 1739010 779492 7636.48245   82  325 7841.00000 7624.74507  2.76%   201 18841s
 1742322 779513     cutoff   98      7841.00000 7624.82408  2.76%   200 18856s
 1742364 779600 7637.57509   68  366 7841.00000 7624.82408  2.76%   200 18873s
 1742649 780035 7638.50858   69  368 7841.00000 7624.82408  2.76%   200 18891s
 1743854 781016     cutoff   87      7841.00000 7624.86147  2.76%   200 18913s
 1746576 782039 7632.54052   73  276 7841.00000 7624.89293  2.76%   200 18936s
 1749561 783225     cutoff   73      7841.00000 7624.89688  2.76%   200 18959s
 1752522 784848     cutoff   74      7841.00000 7624.93695  2.76%   200 18982s
 1756675 786387 7649.02683   69  221 7841.00000 7625.10312  2.75%   200 19004s
 1760893 787981 7644.46247  100  337 7841.00000 7625.26741  2.75%   200 19033s
 1765861 788948 7649.50455   78  320 7841.00000 7625.39115  2.75%   200 19051s
 1769071 790094 7642.17613   87  441 7841.00000 7625.48400  2.75%   200 19068s
 1772271 791286 7642.97695   72  361 7841.00000 7625.56950  2.75%   200 19085s
 1775621 792372     cutoff   79      7841.00000 7625.65695  2.75%   200 19102s
 1778925 793334     cutoff   76      7841.00000 7625.72851  2.75%   200 19119s
 1782197 794442 7643.57233   82  351 7841.00000 7625.80075  2.74%   200 19137s
 1785554 797709 7708.63214   82  369 7841.00000 7625.90533  2.74%   200 19167s
 1789433 800182 7777.14085   86  370 7841.00000 7625.90533  2.74%   200 19193s
 1792436 802329 7772.26181   88  310 7841.00000 7625.99594  2.74%   200 19221s
 1795212 805497 7791.75707  153  265 7841.00000 7626.17029  2.74%   200 19252s
 1799059 808071 7745.96260  106  353 7841.00000 7626.19771  2.74%   200 19278s
 1802105 810889 7759.42727   89  216 7841.00000 7626.19771  2.74%   200 19305s
 1805279 815099 7802.29599   77  228 7841.00000 7626.19771  2.74%   200 19333s
 1809907 817898 7694.40620   81  369 7841.00000 7626.34562  2.74%   200 19358s
 1813118 820955 7786.13006  164  330 7841.00000 7626.34562  2.74%   199 19384s
 1816797 823032 7705.59352   95  250 7841.00000 7626.51925  2.74%   199 19409s
 1819487 824883 7755.84231  228  311 7841.00000 7626.62710  2.73%   199 19435s
 1821934 828541 7646.19955   97  465 7841.00000 7626.70942  2.73%   200 19462s
 1826216 830919 7686.75921  231  395 7841.00000 7626.70988  2.73%   199 19495s
 1829196 833109 7772.59265  348  511 7841.00000 7626.77292  2.73%   199 19530s
 1832628 834449 7664.38151   67  293 7841.00000 7626.77292  2.73%   200 19564s
 1835113 836608 7762.60605  113  315 7841.00000 7626.88248  2.73%   200 19600s
 1838545 838163 infeasible   99      7841.00000 7626.88248  2.73%   200 19625s
 1843533 839789 7647.66336   82  262 7841.00000 7626.99265  2.73%   200 19653s
 1848449 840886 7635.88296   80  319 7841.00000 7627.10288  2.73%   200 19669s
 1851589 842100 7649.19853   99  393 7841.00000 7627.18544  2.73%   200 19687s
 1854819 843366 7651.52280   82  289 7841.00000 7627.26429  2.73%   200 19703s
 1858030 844443 7649.02122   68  294 7841.00000 7627.33573  2.72%   200 19720s
 1861411 845465 7648.96117   89  324 7841.00000 7627.42541  2.72%   200 19738s
 1864752 846515 7643.81280   68  360 7841.00000 7627.48832  2.72%   200 19755s
 1868045 847687 7638.55145   70  391 7841.00000 7627.57142  2.72%   200 19772s
 1871233 848825     cutoff   81      7841.00000 7627.64894  2.72%   200 19790s
 1874496 850528 7650.83574   82  287 7841.00000 7627.71140  2.72%   200 19818s
 1879229 851658 7639.71171   84  394 7841.00000 7627.79722  2.72%   199 19835s
 1882651 852710 7648.55577   78  322 7841.00000 7627.88006  2.72%   199 19851s
 1885907 853739 7652.07124   74  305 7841.00000 7627.94728  2.72%   199 19868s
 1889158 855592 7748.11171  124  336 7841.00000 7628.01763  2.72%   199 19898s
 1891643 858748 7746.12671   73  269 7841.00000 7628.13096  2.71%   199 19937s
 1895511 862520 7766.40949  174  348 7841.00000 7628.13096  2.71%   200 19973s
 1900096 864592 7693.60545   79  371 7841.00000 7628.13096  2.71%   200 20005s
 1902974 868033 7734.21157   97  453 7841.00000 7628.17717  2.71%   200 20038s
 1907294 870611 7757.61390  139  357 7841.00000 7628.17717  2.71%   200 20070s
 1910478 872645 7769.96590  193  337 7841.00000 7628.17717  2.71%   200 20102s
 1913327 874990 7689.04153   65  313 7841.00000 7628.17717  2.71%   200 20136s
 1916848 877230 7668.65991   66  366 7841.00000 7628.42841  2.71%   200 20169s
 1919894 879603 7705.30417  118  323 7841.00000 7628.64916  2.71%   200 20202s
 1922908 883714 infeasible   96      7841.00000 7628.68269  2.71%   200 20236s
 1927674 886309 7701.21052  101  286 7841.00000 7628.69014  2.71%   200 20268s
 1931088 889318 infeasible  137      7841.00000 7628.88125  2.71%   200 20297s
 1934579 894076 7666.95844  129  303 7841.00000 7628.88125  2.71%   200 20326s
 1939765 895541 7651.16078   67  237 7841.00000 7628.89776  2.71%   200 20351s
 1944367 896534 7652.27530   93  297 7841.00000 7628.98336  2.70%   200 20369s
 1947862 897620 7650.82642   54  153 7841.00000 7629.07252  2.70%   200 20385s
 1951177 898691 7641.91124  101  385 7841.00000 7629.15611  2.70%   200 20402s
 1954362 900184 7655.38309   67   84 7841.00000 7629.23756  2.70%   199 20429s
 1959302 901202 7645.99545   71  296 7841.00000 7629.32648  2.70%   199 20445s
 1962442 902135 7640.95143   84  364 7841.00000 7629.40493  2.70%   199 20462s
 1965835 903156 7651.06529   99  328 7841.00000 7629.48201  2.70%   199 20478s
 1969082 904080 7643.90976   62  226 7841.00000 7629.53792  2.70%   199 20494s
 1972259 905137 7652.67449   93  303 7841.00000 7629.59134  2.70%   199 20510s
 1975516 906105 7648.12937   77  290 7841.00000 7629.66172  2.70%   199 20527s
 1978759 907097 7639.55566   69  278 7841.00000 7629.72309  2.69%   199 20544s
 1981914 908042 7652.08702   99  400 7841.00000 7629.78502  2.69%   199 20560s
 1985109 909506 7651.38953   96  282 7841.00000 7629.85929  2.69%   199 20588s
 1989856 912124     cutoff  242      7841.00000 7629.94897  2.69%   199 20621s
 1992907 916135 7659.09123   76  324 7841.00000 7629.94897  2.69%   199 20654s
 1997504 918384 7762.04493  252  331 7841.00000 7629.94897  2.69%   199 20681s
 2000261 921217 7648.63777  105  466 7841.00000 7630.31565  2.69%   199 20709s
 2003467 925780 7697.52318  171  417 7841.00000 7630.31756  2.69%   199 20738s
 2008508 928883 7757.59291  383  453 7841.00000 7630.33077  2.69%   199 20764s
 2012262 930359 7754.05291  110  212 7841.00000 7630.38864  2.69%   199 20789s
 2014699 932495 7687.64563   74  266 7841.00000 7630.41266  2.69%   199 20815s
 2017538 934517 7665.17242  103  361 7841.00000 7630.41266  2.69%   199 20843s
 2020169 937604 7722.67736  204  420 7841.00000 7630.41266  2.69%   199 20876s
 2024275 939705 7789.24347  375  389 7841.00000 7630.41266  2.69%   199 20902s
 2026913 943279 7684.22626   97  422 7841.00000 7630.41266  2.69%   199 20929s
 2031117 945442 7730.77778  225  485 7841.00000 7630.65286  2.68%   199 20953s
 2033818 948276 7767.52772  338  455 7841.00000 7630.66439  2.68%   199 20980s
 2037038 950865 7733.66727   55  398 7841.00000 7630.74678  2.68%   199 21005s
 2040093 952280 7641.79879   88  431 7841.00000 7630.84469  2.68%   199 21029s
 2044583 953432 7656.84194   75  232 7841.00000 7630.94371  2.68%   199 21047s
 2048025 954359 7656.56170   95  341 7841.00000 7631.02046  2.68%   199 21064s
 2051469 955364 7645.11330   69  224 7841.00000 7631.08562  2.68%   199 21081s
 2054790 956121 7651.16465   95  386 7841.00000 7631.13419  2.68%   198 21098s
 2058167 957026 7644.02682   67  229 7841.00000 7631.22034  2.68%   198 21115s
 2061450 957980 7641.21043   71  220 7841.00000 7631.27873  2.67%   198 21132s
 2064701 959458 7641.63288   75  351 7841.00000 7631.34941  2.67%   198 21160s
 2069201 960554 7652.49588   82  290 7841.00000 7631.43101  2.67%   198 21178s
 2072695 961524 7651.23193   88  308 7841.00000 7631.50512  2.67%   198 21195s
 2075962 962379     cutoff   79      7841.00000 7631.57659  2.67%   198 21212s
 2079246 963275     cutoff  105      7841.00000 7631.65733  2.67%   198 21229s
 2082608 964084 7638.36878   72  294 7841.00000 7631.71587  2.67%   198 21246s
 2085309 965058 7643.61452   81  404 7841.00000 7631.74146  2.67%   198 21264s
 2088807 965977 7638.28696   63  286 7841.00000 7631.84523  2.67%   198 21281s
 2092105 969391 7748.64690   68  356 7841.00000 7631.89458  2.67%   198 21312s
 2095926 972757 7670.21423  120  281 7841.00000 7631.89458  2.67%   198 21340s
 2099680 975532 7798.35684  197  320 7841.00000 7631.93980  2.67%   198 21364s
 2102786 979753 7761.05723  135  229 7841.00000 7632.08052  2.66%   198 21397s
 2107545 981232 7657.00506   82  296 7841.00000 7632.08331  2.66%   198 21420s
 2109658 983068 7664.65272   90  199 7841.00000 7632.11174  2.66%   198 21444s
 2111918 985794 7667.16483  103  258 7841.00000 7632.11174  2.66%   198 21471s
 2115229 988242 7694.22093  130  224 7841.00000 7632.11174  2.66%   198 21498s
 2118196 990141 7746.41957  162  236 7841.00000 7632.16451  2.66%   198 21526s
 2120745 991608     cutoff  201      7841.00000 7632.16451  2.66%   198 21555s
 2123076 993019 7755.55331  259  248 7841.00000 7632.16451  2.66%   198 21585s
 2125517 994914 7670.08910   77  155 7841.00000 7632.16451  2.66%   198 21616s
 2128367 997870 7761.95497  212  262 7841.00000 7632.30779  2.66%   199 21650s
 2132678 999909 7676.95640   93  325 7841.00000 7632.37170  2.66%   199 21682s
 2135629 1001197 7716.32168  196  368 7841.00000 7632.37170  2.66%   199 21715s
 2137544 1004202 7732.74577  274  356 7841.00000 7632.37170  2.66%   199 21756s
 2141855 1006695 7762.83243   58  204 7841.00000 7632.40604  2.66%   199 21791s
 2145360 1007364 7639.40490   70  317 7841.00000 7632.41161  2.66%   199 21815s
 2147619 1008604 7654.56016   81  183 7841.00000 7632.45537  2.66%   199 21841s
 2152331 1009397 7641.23802   70  311 7841.00000 7632.54652  2.66%   199 21858s
 2155432 1010410 7655.81959   72  277 7841.00000 7632.61650  2.66%   199 21875s
 2158742 1011249 infeasible   85      7841.00000 7632.68944  2.66%   199 21892s
 2162023 1012124 7655.44819   88  339 7841.00000 7632.73482  2.66%   199 21908s
 2165315 1012910     cutoff   99      7841.00000 7632.81606  2.66%   199 21925s
 2168564 1013673 7651.53771   76  382 7841.00000 7632.84436  2.65%   199 21943s
 2172008 1014451 7637.16278   89  386 7841.00000 7632.93293  2.65%   198 21960s
 2175271 1015270 7642.30068   75  346 7841.00000 7633.00069  2.65%   198 21977s
 2178542 1016279 7654.72339   88  318 7841.00000 7633.05469  2.65%   198 22002s
 2182927 1017216 7648.88265   69  380 7841.00000 7633.13253  2.65%   198 22020s
 2186254 1018271 7654.58033   90  353 7841.00000 7633.20496  2.65%   198 22037s
 2189622 1019374 7646.16201   62  276 7841.00000 7633.27670  2.65%   198 22054s
 2193075 1020184 7656.40027   72  203 7841.00000 7633.32813  2.65%   198 22071s
 2196314 1023287 7659.50223  123  371 7841.00000 7633.39967  2.65%   198 22101s
 2199913 1025807 7734.48590  223  409 7841.00000 7633.39967  2.65%   198 22129s
 2202924 1029538 7757.38601  344  443 7841.00000 7633.71751  2.64%   198 22158s
 2207005 1032347 7741.21959   60  400 7841.00000 7633.73726  2.64%   198 22185s
 2210354 1035974 7813.36040  103  181 7841.00000 7633.73726  2.64%   198 22213s
 2214532 1038680 7738.18539  107  309 7841.00000 7633.73726  2.64%   198 22244s
 2217757 1041250 7694.84641  143  320 7841.00000 7633.73726  2.64%   198 22275s
 2220869 1045616 7751.35730  196  409 7841.00000 7633.91629  2.64%   198 22307s
 2225688 1048574 7724.96817  117  303 7841.00000 7633.91629  2.64%   198 22334s
 2229209 1051525 7785.05680  204  350 7841.00000 7634.02040  2.64%   198 22361s
 2232640 1055619 7708.67275   93  365 7841.00000 7634.02887  2.64%   198 22387s
 2236993 1058217 7662.36470  100  276 7841.00000 7634.17758  2.64%   198 22412s
 2239982 1060452 7690.30404   95  354 7841.00000 7634.18293  2.64%   198 22436s
 2242664 1063692 7746.10763   73  367 7841.00000 7634.29632  2.64%   198 22463s
 2246370 1064729     cutoff   73      7841.00000 7634.29632  2.64%   198 22486s
 2250850 1065601 7655.19481   65  177 7841.00000 7634.38190  2.64%   198 22504s
 2254227 1066225 7654.75594   78  305 7841.00000 7634.45534  2.63%   197 22522s
 2257555 1067535 7651.84113   90  315 7841.00000 7634.50535  2.63%   197 22549s
 2262137 1068285 infeasible   61      7841.00000 7634.58845  2.63%   197 22566s
 2265369 1069004 7651.01041   73  197 7841.00000 7634.65007  2.63%   197 22583s
 2268749 1069861 7652.88670   77  302 7841.00000 7634.70802  2.63%   197 22600s
 2271999 1070504 7649.66576   81  235 7841.00000 7634.76120  2.63%   197 22617s
 2275301 1071331 7651.75394   87  343 7841.00000 7634.82336  2.63%   197 22634s
 2278685 1072009 7657.47581   70  218 7841.00000 7634.87329  2.63%   197 22651s
 2281967 1072665 7655.45317   72  228 7841.00000 7634.92606  2.63%   197 22668s
 2285123 1073411 7643.88252   72  274 7841.00000 7634.99384  2.63%   197 22685s
 2288489 1074465 7651.87627   72  285 7841.00000 7635.05274  2.63%   197 22711s
 2292979 1075415 7655.42692   67  229 7841.00000 7635.12864  2.63%   197 22728s
 2296283 1076348 7651.29692   62  157 7841.00000 7635.18794  2.62%   197 22746s
 2299649 1078850 7741.56412   86  438 7841.00000 7635.24913  2.62%   197 22778s
 2302533 1083231 7803.12820  173  376 7841.00000 7635.24913  2.62%   197 22813s
 2307601 1085431 7720.59055  190  325 7841.00000 7635.29473  2.62%   197 22840s
 2310245 1087355 7749.08719  285  399 7841.00000 7635.29473  2.62%   197 22868s
 2313033 1090109 7655.73280   63  477 7841.00000 7635.29473  2.62%   197 22897s
 2316380 1093256 7686.61500  144  382 7841.00000 7635.29473  2.62%   197 22926s
 2320169 1095850 7724.04895  286  418 7841.00000 7635.60340  2.62%   197 22953s
 2323739 1098341 7778.49409  446  378 7841.00000 7635.60340  2.62%   197 22980s
 2326974 1101773 7769.93776   57  317 7841.00000 7635.60340  2.62%   197 23008s
 2330978 1105172 7744.80744  190  317 7841.00000 7635.60340  2.62%   197 23040s
 2335036 1107478 7770.68965   70  365 7841.00000 7635.75938  2.62%   197 23065s
 2337848 1110248 7793.20066  125  320 7841.00000 7635.81379  2.62%   197 23090s
 2341011 1113963 7710.70096  136  323 7841.00000 7635.83569  2.62%   197 23118s
 2345323 1116319 7788.81409  358  261 7841.00000 7635.94577  2.62%   197 23143s
 2348882 1118531 7774.52921  248  281 7841.00000 7635.97139  2.61%   197 23168s
 2351639 1119631 7653.78216   59  311 7841.00000 7636.09203  2.61%   197 23192s
 2356127 1120410     cutoff   92      7841.00000 7636.14480  2.61%   197 23209s
 2359461 1120875 7649.19277  110  369 7841.00000 7636.21599  2.61%   197 23226s
 2361210 1121641 7650.10949   79  188 7841.00000 7636.25011  2.61%   197 23244s
 2364667 1122372 7657.88533  106  205 7841.00000 7636.30948  2.61%   197 23262s
 2368077 1123157     cutoff   68      7841.00000 7636.38006  2.61%   196 23279s
 2371589 1124178 7648.07220   76  288 7841.00000 7636.43510  2.61%   196 23305s
 2376109 1124924 7652.04780   63  262 7841.00000 7636.50663  2.61%   196 23321s
 2379367 1125642 7653.20504   56  294 7841.00000 7636.56373  2.61%   196 23338s
 2382730 1126434 7653.88713   68  265 7841.00000 7636.62078  2.61%   196 23354s
 2385723 1126434 7653.41857   87  318 7841.00000 7636.63732  2.61%   196 23355s
 2386016 1127161 7647.38982   61  207 7841.00000 7636.67404  2.61%   196 23371s
 2389392 1127791 7651.41812   80  326 7841.00000 7636.72513  2.61%   196 23387s
 2392764 1128449 7651.85477   67  321 7841.00000 7636.78339  2.60%   196 23403s
 2395888 1129136     cutoff   68      7841.00000 7636.83467  2.60%   196 23419s
 2399166 1129852     cutoff   77      7841.00000 7636.89965  2.60%   196 23436s
 2402559 1132286 7742.25163  134  337 7841.00000 7636.94963  2.60%   196 23466s
 2405528 1135328 7690.56363  105  371 7841.00000 7636.98366  2.60%   196 23498s
 2409271 1137359 7812.04430  334  284 7841.00000 7637.11321  2.60%   196 23528s
 2412150 1139672 7744.89274  161  342 7841.00000 7637.12627  2.60%   196 23560s
 2415529 1142714 7726.64849  108  310 7841.00000 7637.26856  2.60%   196 23589s
 2419135 1144143 7735.37479   58  386 7841.00000 7637.34298  2.60%   196 23617s
 2420684 1149127 7795.73676  110  315 7841.00000 7637.34298  2.60%   196 23649s
 2426068 1151805 7755.04920  190  409 7841.00000 7637.36198  2.60%   196 23676s
 2429350 1154044 7750.44557   56  305 7841.00000 7637.38951  2.60%   196 23703s
 2432285 1156675 7764.50199   73  343 7841.00000 7637.38951  2.60%   196 23731s
 2435589 1159781 7731.98160  118  357 7841.00000 7637.45921  2.60%   196 23759s
 2439182 1162087 infeasible  252      7841.00000 7637.51909  2.60%   196 23789s
 2442066 1165396 7677.98810   80  337 7841.00000 7637.51909  2.60%   196 23822s
 2445947 1167211 7738.06491  226  274 7841.00000 7637.60663  2.59%   196 23848s
 2448480 1168914 7674.18986  122  309 7841.00000 7637.72932  2.59%   196 23876s
 2451175 1171315 7721.41892  135  268 7841.00000 7637.72932  2.59%   196 23906s
 2454349 1172286 7652.89917   88  300 7841.00000 7637.75022  2.59%   196 23931s
 2458726 1172944 7658.07659   82  240 7841.00000 7637.81875  2.59%   196 23949s
 2462140 1173515 7654.57311   90  306 7841.00000 7637.89798  2.59%   196 23965s
 2465459 1174091 7645.69793   66  298 7841.00000 7637.94119  2.59%   196 23983s
 2468765 1174909 7656.51917   96  211 7841.00000 7637.99685  2.59%   196 24000s
 2472040 1175549 7653.91456   70  328 7841.00000 7638.06793  2.59%   196 24017s
 2475293 1176082 7651.61612   76  331 7841.00000 7638.12491  2.59%   196 24034s
 2478620 1176741 7653.57320   75  315 7841.00000 7638.17938  2.59%   196 24050s
 2481680 1177430 7656.67373   69  263 7841.00000 7638.23436  2.59%   196 24067s
 2485038 1178291 7655.22741   93  292 7841.00000 7638.30133  2.59%   196 24092s
 2489494 1178842 7655.09195   76  291 7841.00000 7638.36366  2.58%   196 24109s
 2492674 1179545 7650.20707   66  174 7841.00000 7638.42738  2.58%   196 24125s
 2496059 1180130 7658.47162   77  322 7841.00000 7638.46980  2.58%   196 24142s
 2499334 1180736 7651.52906   90  245 7841.00000 7638.52220  2.58%   196 24159s
 2502518 1181388 7650.05866   93  294 7841.00000 7638.58968  2.58%   195 24175s
 2505833 1183401 7760.91837  174  325 7841.00000 7638.63207  2.58%   195 24205s
 2508445 1187209 7768.26418   91  351 7841.00000 7638.63207  2.58%   195 24242s
 2513019 1189843 7732.97163  197  334 7841.00000 7638.63207  2.58%   195 24272s
 2516377 1192416 7791.50503  404  282 7841.00000 7638.87356  2.58%   195 24301s
 2519555 1196394 7772.92319  159  173 7841.00000 7638.87356  2.58%   195 24333s
 2524028 1199211 7796.58100  243  319 7841.00000 7638.87356  2.58%   195 24365s
 2527469 1201763 7745.38976  143  389 7841.00000 7639.02923  2.58%   195 24394s
 2530659 1204177 7746.96579   50  286 7841.00000 7639.10950  2.57%   195 24424s
 2533672 1207147 7739.55031   91  338 7841.00000 7639.16406  2.57%   195 24455s
 2537711 1208637 7649.37249   54  210 7841.00000 7639.22865  2.57%   195 24483s
 2540135 1210372 7695.52982  103  369 7841.00000 7639.31103  2.57%   195 24513s
 2543037 1212258 7751.69064  131  409 7841.00000 7639.31103  2.57%   196 24543s
 2545851 1212988 7798.28427  122  328 7841.00000 7639.38094  2.57%   196 24575s
 2546881 1215613 7717.56879  142  370 7841.00000 7639.44073  2.57%   196 24610s
 2550431 1218904 7793.05376  294  427 7841.00000 7639.47049  2.57%   196 24645s
 2554535 1221295 7807.77840  287  245 7841.00000 7639.47049  2.57%   196 24678s
 2557565 1222165 7659.55969   63  244 7841.00000 7639.47049  2.57%   196 24700s
 2561889 1222655     cutoff   89      7841.00000 7639.54021  2.57%   196 24717s
 2565265 1223264 7654.67845   83  253 7841.00000 7639.59782  2.57%   196 24734s
 2568620 1223886 7659.44762   82  302 7841.00000 7639.64922  2.57%   196 24759s
 2572952 1224415     cutoff   75      7841.00000 7639.72237  2.57%   196 24777s
 2576106 1224918     cutoff   78      7841.00000 7639.77939  2.57%   196 24794s
 2579463 1225530 7658.54653   76  259 7841.00000 7639.83176  2.57%   196 24812s
 2582749 1226007     cutoff   76      7841.00000 7639.87784  2.57%   196 24829s
 2585993 1226475 7647.96146   79  302 7841.00000 7639.93905  2.56%   196 24847s
 2589421 1226932 infeasible  103      7841.00000 7639.99153  2.56%   195 24864s
 2592779 1227525 7646.31421   70  328 7841.00000 7640.03998  2.56%   195 24881s
 2596107 1228154 7659.59576   74  307 7841.00000 7640.09719  2.56%   195 24899s
 2599361 1228921 7651.76468   70  333 7841.00000 7640.14817  2.56%   195 24924s
 2603726 1229348     cutoff   86      7841.00000 7640.21435  2.56%   195 24940s
 2606924 1229857 7656.69549   79  207 7841.00000 7640.26906  2.56%   195 24957s
 2610198 1231823 7700.26673  132  367 7841.00000 7640.32498  2.56%   195 24986s
 2612690 1235162 7723.59888  221  405 7841.00000 7640.44860  2.56%   195 25023s
 2616738 1240236 7751.82327  355  373 7841.00000 7640.55594  2.56%   195 25058s
 2622415 1243776 7710.12285  137  313 7841.00000 7640.56604  2.56%   195 25085s
 2626426 1247280 7702.90779   55  319 7841.00000 7640.60583  2.56%   195 25110s
 2630306 1249654 7770.44829  155  409 7841.00000 7640.60583  2.56%   195 25135s
 2633051 1251919 7810.05550  121  310 7841.00000 7640.71051  2.55%   195 25160s
 2635743 1255545 7817.81582  144  297 7841.00000 7640.78126  2.55%   195 25187s
 2639770 1257899 7789.64476  169  400 7841.00000 7640.80690  2.55%   195 25219s
 2642946 1260125 7814.47747  174  344 7841.00000 7640.88100  2.55%   195 25250s
 2646193 1261258 7706.30233  140  417 7841.00000 7640.89624  2.55%   195 25281s
 2647770 1264379 7771.26349  189  400 7841.00000 7640.89624  2.55%   195 25316s
 2651518 1268270 7790.80727  106  290 7841.00000 7641.02047  2.55%   195 25351s
 2656203 1270098 7802.84117  138  314 7841.00000 7641.09963  2.55%   195 25383s
 2658984 1272088 7671.58030  114  371 7841.00000 7641.15540  2.55%   195 25415s
 2662027 1272637 7659.19313   81  315 7841.00000 7641.22348  2.55%   195 25437s
 2666256 1273110 7648.72425   92  401 7841.00000 7641.29405  2.55%   195 25453s
 2669590 1273538 7647.63589   87  264 7841.00000 7641.35105  2.55%   195 25470s
 2672854 1274010 7656.51311   70  232 7841.00000 7641.41297  2.55%   195 25487s
 2676107 1274630 7652.94789   75  297 7841.00000 7641.46549  2.54%   195 25504s
 2679427 1275204 7658.52732   67  241 7841.00000 7641.51694  2.54%   195 25520s
 2682712 1275833     cutoff   89      7841.00000 7641.56634  2.54%   195 25546s
 2686888 1276298 7657.41602   91  421 7841.00000 7641.61920  2.54%   195 25562s
 2690238 1276713 7655.58080   70  273 7841.00000 7641.67756  2.54%   195 25579s
 2693652 1277191 7650.79601   84  302 7841.00000 7641.73349  2.54%   195 25596s
 2697009 1277516     cutoff   69      7841.00000 7641.79053  2.54%   195 25613s
 2699699 1277532 7651.49478   87  264 7841.00000 7641.81293  2.54%   195 25629s
 2699742 1277549 7653.53285   88  257 7841.00000 7641.81293  2.54%   195 25645s
 2700118 1277882 7653.90020   89  220 7841.00000 7641.81824  2.54%   195 25664s
 2702283 1278479 7655.26085   89  288 7841.00000 7641.82028  2.54%   195 25684s
 2706372 1278962 7652.31754   76  217 7841.00000 7641.91563  2.54%   195 25704s
 2710235 1279497     cutoff  112      7841.00000 7641.98181  2.54%   195 25722s
 2714057 1281419 7715.17318  113  413 7841.00000 7642.03758  2.54%   195 25752s
 2716570 1286298 7777.10049  189  520 7841.00000 7642.03758  2.54%   195 25790s
 2722333 1288671 7800.49909  160  354 7841.00000 7642.10085  2.54%   195 25822s
 2725336 1291060 7754.70385  106  248 7841.00000 7642.14576  2.54%   195 25854s
 2728503 1292696 7674.28606   82  315 7841.00000 7642.20754  2.54%   195 25888s
 2731056 1295043 7682.12137   93  333 7841.00000 7642.20754  2.54%   195 25924s
 2734545 1297594 7689.24904  109  294 7841.00000 7642.26112  2.53%   195 25959s
 2738359 1301127 7699.31302  124  342 7841.00000 7642.30121  2.53%   195 25994s
 2743116 1303271 7733.67798  161  362 7841.00000 7642.30121  2.53%   195 26024s
 2746125 1307099 7802.35662  248  310 7841.00000 7642.32891  2.53%   195 26055s
 2750698 1309012 7762.13118  105  377 7841.00000 7642.39361  2.53%   195 26083s
 2753386 1310220 7668.93786   81  349 7841.00000 7642.39361  2.53%   195 26116s
 2755306 1313514 7677.33564   92  353 7841.00000 7642.39361  2.53%   195 26165s
 2759662 1317630 7690.14918  112  389 7841.00000 7642.58421  2.53%   195 26206s
 2764653 1318232     cutoff   94      7841.00000 7642.58421  2.53%   195 26231s
 2769060 1318808 7654.17981   74  284 7841.00000 7642.64833  2.53%   195 26247s
 2772333 1319293     cutoff   72      7841.00000 7642.69766  2.53%   195 26265s
 2775590 1319732 7657.76934   78  232 7841.00000 7642.74895  2.53%   195 26280s
 2778861 1320190     cutoff   85      7841.00000 7642.79624  2.53%   195 26297s
 2782284 1320842 7654.73395   89  258 7841.00000 7642.83892  2.53%   195 26313s
 2785741 1321271 7657.97395   70  115 7841.00000 7642.89354  2.53%   195 26329s
 2785981 1321271 7643.26064   67  319 7841.00000 7642.89667  2.53%   195 26330s
 2788890 1321826 7656.65073   77  351 7841.00000 7642.93175  2.53%   195 26346s
 2792300 1322356     cutoff   57      7841.00000 7642.98162  2.53%   195 26362s
 2795685 1322914     cutoff   94      7841.00000 7643.01634  2.52%   195 26386s
 2800103 1323346     cutoff   86      7841.00000 7643.08925  2.52%   195 26402s
 2803452 1323663 7651.09671   74  363 7841.00000 7643.13726  2.52%   195 26418s
 2806648 1324120 7650.01345   73  286 7841.00000 7643.19103  2.52%   195 26435s
 2809856 1324508 7659.91142   90  349 7841.00000 7643.23421  2.52%   195 26450s
 2812996 1324673 7659.31241   84  327 7841.00000 7643.27587  2.52%   195 26467s
 2816264 1326076     cutoff  134      7841.00000 7643.32899  2.52%   195 26496s
 2818107 1328471 7706.20554  143  409 7841.00000 7643.32899  2.52%   195 26547s
 2822246 1331870 7720.24346  168  404 7841.00000 7643.49511  2.52%   195 26590s
 2826884 1335345 infeasible  205      7841.00000 7643.49511  2.52%   195 26630s
 2831574 1337117 7754.09248  240  428 7841.00000 7643.56165  2.52%   195 26664s
 2834470 1338999 7775.25212  290  307 7841.00000 7643.62080  2.52%   195 26697s
 2837231 1342090 7697.38245   82  439 7841.00000 7643.67696  2.52%   195 26731s
 2841051 1346605 7749.81426  185  371 7841.00000 7643.67696  2.52%   195 26764s
 2846072 1349543 7741.94155  187  373 7841.00000 7643.77683  2.52%   195 26791s
 2849458 1351713 7748.65278  148  367 7841.00000 7643.77683  2.52%   195 26818s
 2852064 1355511 7771.13603  153  313 7841.00000 7643.81043  2.51%   195 26846s
 2856464 1357766 7806.86171  149  375 7841.00000 7643.90301  2.51%   195 26873s
 2859143 1358783 7762.08167  142  366 7841.00000 7643.96753  2.51%   195 26900s
 2860290 1362329 7799.80325  217  373 7841.00000 7643.96753  2.51%   195 26930s
 2864219 1365847     cutoff  154      7841.00000 7643.96753  2.51%   195 26964s
 2868430 1366505 7657.77783   81  384 7841.00000 7644.03220  2.51%   195 26986s
 2872835 1366878 7661.74660   65  184 7841.00000 7644.09509  2.51%   195 27003s
 2876024 1367267     cutoff   81      7841.00000 7644.14620  2.51%   195 27020s
 2879234 1367689     cutoff   79      7841.00000 7644.19059  2.51%   195 27045s
 2883531 1368103 7653.23787   87  285 7841.00000 7644.25127  2.51%   195 27062s
 2886948 1368345     cutoff   80      7841.00000 7644.30791  2.51%   195 27079s
 2888845 1368523 7657.35360   85  352 7841.00000 7644.31049  2.51%   195 27097s
 2890853 1368754 7658.05638   86  340 7841.00000 7644.31961  2.51%   195 27117s
 2893079 1369099 7658.95723   87  329 7841.00000 7644.32676  2.51%   195 27140s
 2895432 1369414     cutoff   88      7841.00000 7644.33632  2.51%   195 27163s
 2897886 1369833     cutoff   89      7841.00000 7644.35387  2.51%   195 27187s
 2902006 1370393     cutoff   91      7841.00000 7644.48957  2.51%   195 27209s
 2906572 1370854 7660.46311   94  361 7841.00000 7644.57228  2.51%   194 27230s
 2910697 1371374     cutoff   82      7841.00000 7644.64129  2.50%   194 27254s
 2915200 1371617     cutoff   70      7841.00000 7644.70625  2.50%   194 27271s
 2918430 1374028 7809.18672  179  471 7841.00000 7644.74481  2.50%   194 27301s
 2921323 1377165 7693.89745  118  455 7841.00000 7644.74481  2.50%   194 27334s
 2924867 1380991 7731.32916  215  412 7841.00000 7644.74481  2.50%   194 27367s
 2929405 1383805 7805.57579  428  373 7841.00000 7644.91209  2.50%   194 27395s
 2932750 1386441 7772.58026   65  293 7841.00000 7644.91796  2.50%   194 27423s
 2936005 1390253 7734.79276  158  324 7841.00000 7645.06797  2.50%   194 27452s
 2940164 1392983 7725.85407  118  267 7841.00000 7645.07826  2.50%   194 27478s
 2943295 1396707 7720.07256   85  343 7841.00000 7645.08525  2.50%   194 27511s
 2947484 1398685 7715.61670  133  329 7841.00000 7645.08525  2.50%   194 27535s
 2949874 1400864 7750.93320  200  546 7841.00000 7645.08525  2.50%   194 27563s
 2952485 1404115 7787.73938  124  361 7841.00000 7645.16637  2.50%   194 27592s
 2956514 1406265 7757.70171  184  311 7841.00000 7645.22524  2.50%   194 27619s
 2959271 1407204 7665.87234   97  179 7841.00000 7645.24877  2.50%   194 27648s
 2961289 1408438 7676.15083  114  219 7841.00000 7645.24877  2.50%   194 27678s
 2963830 1410440 7682.64613  130  276 7841.00000 7645.32441  2.50%   194 27711s
 2966766 1413688 7697.15499  152  316 7841.00000 7645.32441  2.50%   195 27745s
 2970950 1414068     cutoff   84      7841.00000 7645.34248  2.50%   195 27767s
 2975151 1414428 7660.73524   78  262 7841.00000 7645.41148  2.49%   195 27785s
 2978598 1414734 7663.70221   83  314 7841.00000 7645.46480  2.49%   195 27802s
 2982177 1415180 7658.78611   71  323 7841.00000 7645.51110  2.49%   194 27819s
 2985561 1415482 7659.73986   68  233 7841.00000 7645.54837  2.49%   194 27835s
 2988854 1415700 7661.19340   95  283 7841.00000 7645.59650  2.49%   194 27851s
 2992138 1416117     cutoff   80      7841.00000 7645.65186  2.49%   194 27875s
 2996535 1416517 7657.16158   56  296 7841.00000 7645.70359  2.49%   194 27891s
 2999886 1416735     cutoff   75      7841.00000 7645.75589  2.49%   194 27906s
 3003273 1417041     cutoff   62      7841.00000 7645.80842  2.49%   194 27922s
 3006562 1417229 7658.36561   82  345 7841.00000 7645.85541  2.49%   194 27937s
 3009866 1417505 7653.74667   68  258 7841.00000 7645.90007  2.49%   194 27953s
 3013244 1417818 7663.51463   77  257 7841.00000 7645.94360  2.49%   194 27968s
 3016593 1418039 7660.48137   79  209 7841.00000 7645.98140  2.49%   194 27984s
 3019821 1418327 7661.52308   66  288 7841.00000 7646.02947  2.49%   194 27999s
 3023123 1419903 7708.69787  187  261 7841.00000 7646.07211  2.49%   194 28030s
 3025282 1421965 7741.52469  212  284 7841.00000 7646.08370  2.49%   194 28062s
 3027930 1425180 7730.72933  233  305 7841.00000 7646.08370  2.49%   194 28098s
 3031836 1428004 7737.04914  274  266 7841.00000 7646.08370  2.49%   194 28132s
 3035162 1431656 infeasible  345      7841.00000 7646.14713  2.49%   194 28166s
 3039704 1434460 7780.01566  179  426 7841.00000 7646.23592  2.48%   194 28197s
 3043450 1436040 7807.68032  100  321 7841.00000 7646.29093  2.48%   194 28227s
 3045954 1438122     cutoff  121      7841.00000 7646.29093  2.48%   194 28258s
 3048919 1441022 infeasible  147      7841.00000 7646.37470  2.48%   194 28290s
 3052144 1445107 7760.90644  181  379 7841.00000 7646.41235  2.48%   194 28322s
 3056733 1448219 7738.59309  161  267 7841.00000 7646.44315  2.48%   194 28354s
 3060393 1451030 7694.06858  169  461 7841.00000 7646.44315  2.48%   194 28381s
 3063465 1454153 7713.16292  235  534 7841.00000 7646.44315  2.48%   194 28408s
 3067116 1456410 7783.32616  347  467 7841.00000 7646.54303  2.48%   194 28436s
 3069951 1458933 7705.29599  105  237 7841.00000 7646.56462  2.48%   194 28464s
 3072945 1461640 7820.10424  228  230 7841.00000 7646.60778  2.48%   194 28494s
 3076319 1461993 7663.12245   62  207 7841.00000 7646.63027  2.48%   194 28517s
 3080693 1462359 7662.24226   79  268 7841.00000 7646.68714  2.48%   194 28533s
 3084163 1462614 7654.66631   72  133 7841.00000 7646.72929  2.48%   194 28549s
 3087506 1462790     cutoff   63      7841.00000 7646.76862  2.48%   194 28565s
 3090805 1463072     cutoff   73      7841.00000 7646.81509  2.48%   194 28580s
 3094140 1463213 7659.81735   74  239 7841.00000 7646.86114  2.48%   194 28595s
 3097414 1463455 7658.10508   75  344 7841.00000 7646.90596  2.48%   194 28611s
 3100679 1463704 7654.58121   74  336 7841.00000 7646.95509  2.47%   194 28627s
 3103888 1463941 7659.84679   73  322 7841.00000 7646.99777  2.47%   194 28643s
 3107120 1464259 7655.64932   76  345 7841.00000 7647.03715  2.47%   194 28667s
 3111609 1464447 7656.94836   86  193 7841.00000 7647.09600  2.47%   194 28683s
 3114848 1464741 7664.21712   75  249 7841.00000 7647.14280  2.47%   194 28699s
 3118151 1464843 7653.44409   73  172 7841.00000 7647.18222  2.47%   194 28715s
 3121523 1465014 7664.26631   74  170 7841.00000 7647.23030  2.47%   194 28731s
 3124947 1465204 7659.15374   84  124 7841.00000 7647.26448  2.47%   194 28746s
 3128173 1467391     cutoff  137      7841.00000 7647.35017  2.47%   194 28776s
 3130914 1467587 7674.67820   94  251 7841.00000 7647.35017  2.47%   194 28812s
 3131182 1469741 7675.56605   95  324 7841.00000 7647.35017  2.47%   194 28856s
 3134031 1472398 7743.10829  172  349 7841.00000 7647.44138  2.47%   194 28903s
 3137934 1474725 7748.80071   92  416 7841.00000 7647.44913  2.47%   194 28934s
 3140870 1477070 7793.65709  188  415 7841.00000 7647.44913  2.47%   194 28968s
 3143907 1479546 7804.99809  161  339 7841.00000 7647.53455  2.47%   194 29003s
 3147158 1482767 7769.46666   75  234 7841.00000 7647.61378  2.47%   194 29037s
 3151035 1486307 7673.43818   93  314 7841.00000 7647.61435  2.47%   194 29071s
 3155211 1489203 7762.24194   74  335 7841.00000 7647.62261  2.47%   194 29101s
 3158547 1492604 7721.56622  136  351 7841.00000 7647.69532  2.47%   194 29133s
 3162676 1494790 7787.79421  246  398 7841.00000 7647.70984  2.47%   194 29163s
 3165734 1496889 7736.44730  127  278 7841.00000 7647.76154  2.46%   194 29193s
 3168520 1499447 7766.85604  104  357 7841.00000 7647.77740  2.46%   194 29225s
 3171744 1502559 infeasible  106      7841.00000 7647.79042  2.46%   194 29257s
 3175747 1504983 7776.31973  171  267 7841.00000 7647.84447  2.46%   194 29285s
 3178682 1505176 7654.24113   85  392 7841.00000 7647.84447  2.46%   194 29306s
 3183076 1505297 7659.10610   70  358 7841.00000 7647.89697  2.46%   194 29324s
 3186048 1505437 7662.38013   88  273 7841.00000 7647.94478  2.46%   194 29340s
 3189568 1505635 7661.02468   88  269 7841.00000 7647.98393  2.46%   194 29365s
 3193911 1505697 7658.44661   74  327 7841.00000 7648.04691  2.46%   194 29382s
 3197258 1505823     cutoff   75      7841.00000 7648.08954  2.46%   194 29399s
 3200684 1505897     cutoff   74      7841.00000 7648.13854  2.46%   194 29415s
 3204012 1506058 7663.55774   70  275 7841.00000 7648.19289  2.46%   194 29431s
 3207365 1506066 7661.88349   71  242 7841.00000 7648.22728  2.46%   194 29447s
 3210659 1506159 7658.88574   79  279 7841.00000 7648.27912  2.46%   194 29463s
 3213931 1506158     cutoff  104      7841.00000 7648.32776  2.46%   194 29480s
 3217115 1506208 7658.96430   62  335 7841.00000 7648.36913  2.46%   194 29496s
 3220411 1506406     cutoff   62      7841.00000 7648.41740  2.46%   194 29520s
 3224892 1506481 7661.80557   87  249 7841.00000 7648.48172  2.46%   194 29536s
 3228200 1506649 7663.60784   68  242 7841.00000 7648.52568  2.45%   194 29551s
 3231481 1509510 7677.47414  169  434 7841.00000 7648.56509  2.45%   194 29580s
 3234793 1512043 7732.63978  271  468 7841.00000 7648.61488  2.45%   194 29611s
 3238002 1514386 7776.40605  383  481 7841.00000 7648.66247  2.45%   194 29641s
 3241011 1517051 7803.13160   91  191 7841.00000 7648.70441  2.45%   194 29672s
 3244158 1521196 7732.83792  181  255 7841.00000 7648.70441  2.45%   194 29704s
 3248801 1523502 7797.98871  117  280 7841.00000 7648.80492  2.45%   194 29733s
 3251754 1526156 7678.86639   84  330 7841.00000 7648.84798  2.45%   194 29764s
 3254714 1529785 7702.32355  160  453 7841.00000 7648.91045  2.45%   194 29798s
 3258697 1531840 7739.47802  325  372 7841.00000 7648.91390  2.45%   193 29827s
 3261372 1534103 7789.19619  462  326 7841.00000 7648.96153  2.45%   193 29858s
 3264479 1537772 7781.90555  158  380 7841.00000 7649.06546  2.45%   194 29890s
 3268567 1540908 7709.86385   85  427 7841.00000 7649.07347  2.45%   193 29921s
 3272174 1543785 7756.09583  193  230 7841.00000 7649.12177  2.45%   193 29951s
 3275808 1546393 7766.44787  189  320 7841.00000 7649.13823  2.45%   193 29980s
 3278843 1549354     cutoff   76      7841.00000 7649.14550  2.45%   193 30010s
 3282354 1549345 7659.40438   77  292 7841.00000 7649.19123  2.45%   193 30032s
 3286534 1549364 7657.23218   86  198 7841.00000 7649.25003  2.45%   193 30048s
 3286591 1549373 7657.37769   87  204 7841.00000 7649.25003  2.45%   193 30064s
 3286982 1549356     cutoff   81      7841.00000 7649.25003  2.45%   193 30083s
 3289216 1549358 7658.97531   90  307 7841.00000 7649.25844  2.45%   193 30106s
 3294150 1549559     cutoff   92      7841.00000 7649.35184  2.44%   193 30126s
 3298405 1549596 7660.58574   96  341 7841.00000 7649.39773  2.44%   193 30144s
 3302194 1549673 7653.77201   80  302 7841.00000 7649.45539  2.44%   193 30162s
 3305970 1549756 7663.10525  102  268 7841.00000 7649.50013  2.44%   193 30178s
 3309519 1549863 7658.74893   75  359 7841.00000 7649.54560  2.44%   193 30203s
 3314056 1549895     cutoff   67      7841.00000 7649.60308  2.44%   193 30218s
 3317237 1549924 7663.11119  105  265 7841.00000 7649.65033  2.44%   193 30233s
 3320511 1550111 7664.20367   76  275 7841.00000 7649.68970  2.44%   193 30248s
 3323847 1550177 7660.75931   98  361 7841.00000 7649.73624  2.44%   193 30264s
 3327102 1550387     cutoff   69      7841.00000 7649.77470  2.44%   193 30279s
 3330446 1550302 7664.57654   77  238 7841.00000 7649.81394  2.44%   193 30295s
 3333588 1552534 7778.14619   58  331 7841.00000 7649.87910  2.44%   193 30327s
 3336203 1556411 7795.32827  181  297 7841.00000 7649.87910  2.44%   193 30363s
 3340532 1560238 7723.02986  240  318 7841.00000 7649.93801  2.44%   193 30396s
 3345032 1562128 7794.08244  427  204 7841.00000 7649.97787  2.44%   193 30425s
 3347654 1564800 7684.99900  136  405 7841.00000 7649.98333  2.44%   193 30454s
 3350843 1567941 7770.06189  225  467 7841.00000 7649.98333  2.44%   193 30485s
 3354326 1570223 7802.47176  316  446 7841.00000 7650.07783  2.43%   193 30515s
 3357374 1571879 7715.21835   86  278 7841.00000 7650.07783  2.43%   193 30545s
 3359942 1573945 infeasible  126      7841.00000 7650.07783  2.43%   193 30576s
 3362954 1575670 7797.99556   55  291 7841.00000 7650.24741  2.43%   193 30608s
 3365346 1578013 7818.70950   79  223 7841.00000 7650.26118  2.43%   193 30649s
 3368809 1580965 7733.33271  180  522 7841.00000 7650.29285  2.43%   193 30688s
 3372620 1584884 7814.64758   82  260 7841.00000 7650.29285  2.43%   193 30727s
 3377309 1587003 7815.50891  104  274 7841.00000 7650.29285  2.43%   193 30761s
 3380755 1588372 7750.24358   91  329 7841.00000 7650.32233  2.43%   193 30796s
 3383390 1590324 7801.47061  207  442 7841.00000 7650.32233  2.43%   193 30831s
 3386460 1590355 infeasible  104      7841.00000 7650.46182  2.43%   194 30852s
 3390926 1590398 7660.20117   62  232 7841.00000 7650.50658  2.43%   194 30867s
 3394200 1590336 7664.50688  107  303 7841.00000 7650.56237  2.43%   193 30882s
 3397463 1590342     cutoff   91      7841.00000 7650.60165  2.43%   193 30906s
 3401980 1590216 7663.66237   83  290 7841.00000 7650.64782  2.43%   193 30921s
 3405165 1590226 7663.98392   91  308 7841.00000 7650.69645  2.43%   193 30936s
 3408464 1590287     cutoff   77      7841.00000 7650.74575  2.43%   193 30952s
 3411883 1590342 7662.29034   76  227 7841.00000 7650.77166  2.43%   193 30967s
 3415227 1590358 7654.00347   72  199 7841.00000 7650.81561  2.43%   193 30982s
 3418556 1590323     cutoff   85      7841.00000 7650.85369  2.43%   193 30997s
 3421815 1590261 7663.68543   76  234 7841.00000 7650.89105  2.42%   193 31013s
 3424989 1590252 7663.23468   73  345 7841.00000 7650.92902  2.42%   193 31028s
 3428248 1590192 7664.78677   82  299 7841.00000 7650.97346  2.42%   193 31052s
 3432515 1590227     cutoff   89      7841.00000 7651.01188  2.42%   193 31068s
 3435869 1590162 7661.75163   72  206 7841.00000 7651.06676  2.42%   193 31085s
 3438810 1591786 7776.35389  141  497 7841.00000 7651.09433  2.42%   193 31114s
 3441033 1594582 7792.48307   76  303 7841.00000 7651.10781  2.42%   193 31158s
 3444620 1597711 7709.40739   71  425 7841.00000 7651.10781  2.42%   193 31191s
 3448237 1599734 7757.10959  200  417 7841.00000 7651.10781  2.42%   193 31219s
 3450747 1602302 7737.40520  107  407 7841.00000 7651.21162  2.42%   193 31249s
 3453887 1605146 7799.36511  128  209 7841.00000 7651.21162  2.42%   193 31280s
 3457435 1607652 7751.49851  142  385 7841.00000 7651.25449  2.42%   193 31310s
 3460505 1610487 7794.05301   66  373 7841.00000 7651.25449  2.42%   193 31341s
 3463820 1614097 7691.02327   95  333 7841.00000 7651.25449  2.42%   193 31373s
 3468130 1616835 7741.71428   93  307 7841.00000 7651.41439  2.42%   193 31400s
 3471339 1619510 7709.37828   95  375 7841.00000 7651.41537  2.42%   193 31430s
 3474659 1623335 infeasible  170      7841.00000 7651.41537  2.42%   193 31464s
 3479097 1625492 7778.15454  126  375 7841.00000 7651.42541  2.42%   193 31486s
 3481628 1627857 7704.33333  128  342 7841.00000 7651.42541  2.42%   193 31512s
 3484335 1630551 7766.95093  165  319 7841.00000 7651.53414  2.42%   193 31539s
 3487626 1632531 7820.59840  327  235 7841.00000 7651.56090  2.42%   193 31566s
 3490090 1632442 7662.07357   64  194 7841.00000 7651.56090  2.42%   193 31586s
 3494167 1632454     cutoff   76      7841.00000 7651.61691  2.42%   193 31603s
 3497774 1632339     cutoff   90      7841.00000 7651.67170  2.41%   193 31618s
 3501200 1632282     cutoff   77      7841.00000 7651.70829  2.41%   193 31634s
 3504776 1632277 7665.76099   76  202 7841.00000 7651.75008  2.41%   193 31650s
 3508231 1632266     cutoff   65      7841.00000 7651.78929  2.41%   193 31665s
 3511732 1632207 7662.40989   74  335 7841.00000 7651.82806  2.41%   193 31680s
 3514960 1632082 7665.11026   76  262 7841.00000 7651.87164  2.41%   193 31695s
 3518120 1632135 7661.81621   88  317 7841.00000 7651.90927  2.41%   193 31709s
 3521500 1632004     cutoff   94      7841.00000 7651.94972  2.41%   193 31724s
 3523391 1632004 7659.77737   81  323 7841.00000 7651.94972  2.41%   193 31725s
 3524864 1631887 7665.78262   93  319 7841.00000 7651.98942  2.41%   193 31739s
 3527758 1631752 7663.98184   88  257 7841.00000 7652.00900  2.41%   193 31755s
 3531116 1631554     cutoff   86      7841.00000 7652.06950  2.41%   193 31770s
 3534369 1631484 7661.04749   64  349 7841.00000 7652.11084  2.41%   193 31786s
 3537718 1631308     cutoff   83      7841.00000 7652.15018  2.41%   193 31801s
 3540990 1633441 7795.35472  138  272 7841.00000 7652.19005  2.41%   193 31830s
 3543593 1635199 7676.13447   74  295 7841.00000 7652.23804  2.41%   193 31868s
 3545686 1638950 7716.98788   64  369 7841.00000 7652.30059  2.41%   193 31912s
 3550146 1644419 7729.62269  114  276 7841.00000 7652.33964  2.41%   193 31952s
 3556119 1647600 7688.83156   73  288 7841.00000 7652.41020  2.41%   192 31984s
 3559699 1650713 7777.96269   65  312 7841.00000 7652.42239  2.41%   192 32012s
 3563217 1653624 7773.95386  178  339 7841.00000 7652.45428  2.40%   192 32040s
 3566618 1656314 7733.33137  119  259 7841.00000 7652.45428  2.40%   192 32066s
 3569657 1659143 7807.85830  274  350 7841.00000 7652.45428  2.40%   192 32096s
 3572971 1661767 7818.06051  156  343 7841.00000 7652.50157  2.40%   192 32124s
 3576228 1663880 7797.86117  241  279 7841.00000 7652.54667  2.40%   192 32151s
 3578943 1666594 7748.80435  107  271 7841.00000 7652.64425  2.40%   192 32181s
 3582176 1668803 7757.34739  129  419 7841.00000 7652.66039  2.40%   192 32210s
 3584938 1672032 7721.06213  142  315 7841.00000 7652.69651  2.40%   192 32239s
 3588809 1674706 7797.24094   98  284 7841.00000 7652.73089  2.40%   192 32273s
 3592102 1674529     cutoff   73      7841.00000 7652.77042  2.40%   192 32293s
 3596584 1674340 7661.26773   67  272 7841.00000 7652.81864  2.40%   192 32309s
 3599870 1674125 7665.33085   67  188 7841.00000 7652.86920  2.40%   192 32323s
 3603074 1673803 7661.63392   80  276 7841.00000 7652.90416  2.40%   192 32338s
 3606240 1673672 7666.27317   95  169 7841.00000 7652.94546  2.40%   192 32353s
 3609549 1673436     cutoff   87      7841.00000 7652.97572  2.40%   192 32377s
 3614007 1673206 7661.97409   74  349 7841.00000 7653.03808  2.40%   192 32392s
 3617323 1672903 7661.38951   76  319 7841.00000 7653.08237  2.40%   192 32408s
 3620469 1672740 7663.22140   56  336 7841.00000 7653.12354  2.40%   192 32423s
 3623859 1672496 7664.54189   77  153 7841.00000 7653.16498  2.40%   192 32438s
 3627245 1672261 7659.65325   89  299 7841.00000 7653.20025  2.40%   192 32453s
 3630461 1671960     cutoff   90      7841.00000 7653.24444  2.39%   192 32468s
 3633741 1671789 7663.13660   90  292 7841.00000 7653.29023  2.39%   192 32483s
 3636965 1671483     cutoff   81      7841.00000 7653.32852  2.39%   192 32498s
 3640277 1671225 7662.82268   81  338 7841.00000 7653.36141  2.39%   192 32513s
 3643663 1673346 7663.10652  116  334 7841.00000 7653.40243  2.39%   192 32542s
 3646161 1676440 7701.48650  135  450 7841.00000 7653.40243  2.39%   192 32580s
 3649906 1679593 7745.49661  147  407 7841.00000 7653.40243  2.39%   192 32615s
 3653733 1682470 7744.87622  113  308 7841.00000 7653.40243  2.39%   192 32649s
 3657269 1685788 infeasible  193      7841.00000 7653.40243  2.39%   192 32682s
 3661390 1688732 7790.54742  163  420 7841.00000 7653.56372  2.39%   192 32713s
 3664815 1691579 7821.71266  256  374 7841.00000 7653.56372  2.39%   192 32744s
 3668130 1693882 7779.71633  229  366 7841.00000 7653.56372  2.39%   192 32774s
 3670862 1696296 7813.38224  101  390 7841.00000 7653.61946  2.39%   192 32806s
 3673934 1698567 7769.71399  151  341 7841.00000 7653.72129  2.39%   192 32840s
 3677208 1701102     cutoff   79      7841.00000 7653.72164  2.39%   192 32871s
 3680163 1704285 7666.36107   73  339 7841.00000 7653.75195  2.39%   192 32906s
 3684052 1706389 7773.80337  188  438 7841.00000 7653.75195  2.39%   192 32937s
 3686754 1709325     cutoff  159      7841.00000 7653.83907  2.39%   192 32970s
 3690121 1712901 7798.92172  132  380 7841.00000 7653.83907  2.39%   192 33003s
 3694257 1712541     cutoff   83      7841.00000 7653.84987  2.39%   192 33024s
 3698636 1712342 7667.11528   63  227 7841.00000 7653.90173  2.39%   192 33040s
 3701960 1712104 7664.48393   90  228 7841.00000 7653.94504  2.39%   192 33056s
 3705411 1711863     cutoff   81      7841.00000 7653.98377  2.39%   192 33071s
 3708698 1711672     cutoff   75      7841.00000 7654.02145  2.38%   192 33086s
 3712065 1711398     cutoff   91      7841.00000 7654.06789  2.38%   192 33101s
 3715417 1711042     cutoff   77      7841.00000 7654.10345  2.38%   192 33116s
 3718764 1710731     cutoff   79      7841.00000 7654.14275  2.38%   192 33132s
 3721839 1710509 7662.05658   81  105 7841.00000 7654.17600  2.38%   192 33146s
 3725375 1710235     cutoff   81      7841.00000 7654.21260  2.38%   192 33160s
 3728661 1710088 7663.77714   85  309 7841.00000 7654.25413  2.38%   192 33175s
 3731895 1709795     cutoff  101      7841.00000 7654.29261  2.38%   192 33190s
 3735160 1709465 7659.42042   66  317 7841.00000 7654.33666  2.38%   192 33205s
 3738443 1709115     cutoff   82      7841.00000 7654.37422  2.38%   192 33220s
 3741767 1709111 7665.72800   73  319 7841.00000 7654.41262  2.38%   192 33233s
 3741831 1709068     cutoff   74      7841.00000 7654.41448  2.38%   192 33247s
 3742556 1708846     cutoff   72      7841.00000 7654.41967  2.38%   192 33263s
 3745170 1710742     cutoff  237      7841.00000 7654.42519  2.38%   192 33293s
 3747635 1712869 7749.45382  109  286 7841.00000 7654.43317  2.38%   192 33332s
 3750225 1716890 7707.98100  112  340 7841.00000 7654.48552  2.38%   192 33377s
 3755002 1718960 7797.07586  242  447 7841.00000 7654.55756  2.38%   192 33409s
 3755172 1718960 7774.19511   57  263 7841.00000 7654.56217  2.38%   192 33410s
 3757743 1721962 7707.31763  121  372 7841.00000 7654.57851  2.38%   192 33445s
 3761484 1726035     cutoff   72      7841.00000 7654.58160  2.38%   192 33479s
 3766125 1728577 7744.65271  144  411 7841.00000 7654.62938  2.38%   192 33508s
 3769204 1730648 7801.08071  269  498 7841.00000 7654.63787  2.38%   192 33538s
 3771803 1733363 7815.57546   67  220 7841.00000 7654.70354  2.38%   192 33570s
 3775086 1735779 7746.37485  168  266 7841.00000 7654.70354  2.38%   192 33601s
 3778245 1738778 7737.40321   88  316 7841.00000 7654.79394  2.37%   192 33633s
 3781776 1741581 7822.73348  276  389 7841.00000 7654.83642  2.37%   192 33665s
 3785204 1744948 7796.50127   69  366 7841.00000 7654.87841  2.37%   192 33698s
 3789134 1747515 7795.76146  233  362 7841.00000 7654.87841  2.37%   192 33724s
 3792087 1749563 7813.37718  176  422 7841.00000 7654.93899  2.37%   192 33752s
 3794787 1751746 7800.94802  164  206 7841.00000 7654.97040  2.37%   192 33781s
 3797518 1751482     cutoff   76      7841.00000 7655.00604  2.37%   192 33802s
 3800490 1751273 7663.91697  107  243 7841.00000 7655.05150  2.37%   192 33824s
 3803845 1750873     cutoff   59      7841.00000 7655.08115  2.37%   192 33846s
 3808836 1750479     cutoff   94      7841.00000 7655.16374  2.37%   192 33864s
 3812941 1750081 7664.37589   77  126 7841.00000 7655.21226  2.37%   191 33880s
 3816882 1749621 7660.00923   81  175 7841.00000 7655.26114  2.37%   191 33897s
 3820523 1749281     cutoff   88      7841.00000 7655.29900  2.37%   191 33912s
 3824158 1748897 7663.92589   78  190 7841.00000 7655.34261  2.37%   191 33927s
 3827640 1748500     cutoff   81      7841.00000 7655.38145  2.37%   191 33942s
 3831016 1748090 7661.08032   79  305 7841.00000 7655.42920  2.37%   191 33957s
 3834541 1747777 7664.96579   77  224 7841.00000 7655.46524  2.37%   191 33972s
 3837904 1747371 7665.42179   80  166 7841.00000 7655.50916  2.37%   191 33986s
 3841245 1746903 7658.65760   89  236 7841.00000 7655.55060  2.37%   191 34000s
 3844690 1746567     cutoff   80      7841.00000 7655.59406  2.36%   191 34015s
 3847433 1746136     cutoff   64      7841.00000 7655.61468  2.36%   191 34030s
 3850407 1748149 7774.24452  129  354 7841.00000 7655.65428  2.36%   191 34059s
 3852704 1752174 7756.34909   76  346 7841.00000 7655.69476  2.36%   191 34101s
 3857253 1754782 7768.86128   91  267 7841.00000 7655.70932  2.36%   191 34135s
 3860915 1757216 7748.46910  102  248 7841.00000 7655.71829  2.36%   191 34168s
 3864324 1759743 7787.68767  200  275 7841.00000 7655.74139  2.36%   191 34201s
 3867682 1762881 7821.79240   55  269 7841.00000 7655.84636  2.36%   191 34235s
 3871401 1765213 7740.84075   90  344 7841.00000 7655.84920  2.36%   191 34263s
 3874222 1767388 7762.92909  135  418 7841.00000 7655.92217  2.36%   191 34292s
 3876901 1769949 7722.98796   74  345 7841.00000 7655.93694  2.36%   191 34323s
 3880151 1771974 7806.46956  200  418 7841.00000 7655.93794  2.36%   191 34354s
 3883194 1774036 7812.36157   90  250 7841.00000 7655.97151  2.36%   191 34385s
 3885904 1777320 7682.98180  139  282 7841.00000 7655.98433  2.36%   191 34419s
 3890024 1779564 7715.56320  141  282 7841.00000 7656.02134  2.36%   191 34450s
 3893160 1781732 7766.78319   87  334 7841.00000 7656.05058  2.36%   191 34481s
 3896259 1784201 7692.63026   59  343 7841.00000 7656.11004  2.36%   191 34512s
 3899383 1787705 7731.11178  143  306 7841.00000 7656.11421  2.36%   191 34546s
 3903447 1787098     cutoff   83      7841.00000 7656.11632  2.36%   191 34565s
 3907835 1786565 7668.25859   91  271 7841.00000 7656.17115  2.36%   191 34580s
 3911361 1786083 7664.57087   84  226 7841.00000 7656.21652  2.36%   191 34595s
 3914732 1785547 7667.67497   69  162 7841.00000 7656.25060  2.36%   191 34609s
 3918018 1785044 7667.93739   89  354 7841.00000 7656.29223  2.36%   191 34624s
 3921401 1784623 7667.29865   83  189 7841.00000 7656.34023  2.36%   191 34637s
 3924757 1784151 7667.69516   78  345 7841.00000 7656.37483  2.35%   191 34652s
 3928122 1783703     cutoff   91      7841.00000 7656.42236  2.35%   191 34666s
 3931524 1783335 7667.03709   79  233 7841.00000 7656.45780  2.35%   191 34680s
 3934777 1782973     cutoff   74      7841.00000 7656.49334  2.35%   191 34695s
 3938079 1782860 7664.71201   98  213 7841.00000 7656.52899  2.35%   191 34709s
 3939107 1782393 7664.46605   78  210 7841.00000 7656.53983  2.35%   191 34724s
 3943037 1781937 7663.90470   93  341 7841.00000 7656.57648  2.35%   191 34739s
 3946617 1781459 7668.63793   95  231 7841.00000 7656.62274  2.35%   191 34754s
 3949991 1780966     cutoff   85      7841.00000 7656.65771  2.35%   191 34769s
 3953470 1781993 7804.53640  331  281 7841.00000 7656.69832  2.35%   191 34799s
 3954686 1788515 7795.36730   86  272 7841.00000 7656.73942  2.35%   191 34875s
 3962705 1792930 7763.76445  180  285 7841.00000 7656.79328  2.35%   191 34913s
 3968090 1796677 7779.56953  149  249 7841.00000 7656.81600  2.35%   191 34944s
 3972405 1799139 7799.49889  134  334 7841.00000 7656.83555  2.35%   191 34973s
 3975467 1801445 7792.72118   76  304 7841.00000 7656.83555  2.35%   191 35003s
 3978369 1804116 7691.33134  114  349 7841.00000 7656.94733  2.35%   191 35036s
 3981579 1807565 7724.16590  205  366 7841.00000 7657.00883  2.35%   191 35067s
 3985581 1809215 7779.12532  378  443 7841.00000 7657.00883  2.35%   191 35096s
 3988023 1810765 7740.73171   98  307 7841.00000 7657.06498  2.35%   191 35128s
 3990501 1812694 7740.38171   73  467 7841.00000 7657.06498  2.35%   191 35160s
 3993363 1814379 7811.82912  169  384 7841.00000 7657.10431  2.35%   191 35194s
 3996054 1816371 7697.57359   69  403 7841.00000 7657.16523  2.34%   191 35229s
 3999310 1818431 7711.68736   83  373 7841.00000 7657.17131  2.34%   191 35265s
 4002609 1820341     cutoff  118      7841.00000 7657.18103  2.34%   191 35299s
 4005726 1819625 7667.09366   68  280 7841.00000 7657.22548  2.34%   191 35318s
 4010408 1819133     cutoff   72      7841.00000 7657.27450  2.34%   191 35333s
 4013804 1818679 7666.88839   77  189 7841.00000 7657.31509  2.34%   191 35346s
 4017170 1818127 7666.31345  100  353 7841.00000 7657.35379  2.34%   191 35360s
 4020258 1817589 7661.28091   78  435 7841.00000 7657.38354  2.34%   191 35374s
 4023484 1817182 7667.77447   84  217 7841.00000 7657.42339  2.34%   191 35387s
 4026739 1816531     cutoff   86      7841.00000 7657.46183  2.34%   191 35401s
 4030175 1815960 7663.93036   79  299 7841.00000 7657.49569  2.34%   191 35415s
 4033491 1815331 7666.19430   80  243 7841.00000 7657.53933  2.34%   191 35429s
 4036800 1814791 7668.14237   90  225 7841.00000 7657.57462  2.34%   191 35442s
 4040086 1814201 7668.75259   76  160 7841.00000 7657.60907  2.34%   191 35457s
 4043432 1813616     cutoff   66      7841.00000 7657.65321  2.34%   191 35470s
 4046701 1813050     cutoff  115      7841.00000 7657.68963  2.34%   191 35484s
 4050060 1812526     cutoff   83      7841.00000 7657.72972  2.34%   191 35497s
 4053397 1812015     cutoff   92      7841.00000 7657.76803  2.34%   191 35511s
 4056791 1813555 7774.95611  176  412 7841.00000 7657.79823  2.34%   191 35541s
 4058734 1815502     cutoff  208      7841.00000 7657.83366  2.34%   191 35573s
 4061224 1817994 7689.64813  153  534 7841.00000 7657.83366  2.34%   191 35612s
 4064481 1820344 7753.79523  282  459 7841.00000 7657.86907  2.34%   191 35652s
 4067762 1822592 7771.59006   71  392 7841.00000 7657.91495  2.33%   191 35691s
 4071073 1825319 7677.05215  145  303 7841.00000 7657.94320  2.33%   191 35730s
 4074710 1828174 7728.31265  257  420 7841.00000 7657.95329  2.33%   191 35768s
 4078172 1832168 7777.98893  440  445 7841.00000 7658.01051  2.33%   191 35808s
 4082731 1834604 7773.34305  101  390 7841.00000 7658.05505  2.33%   191 35842s
 4085810 1837182 7802.51556  144  341 7841.00000 7658.08713  2.33%   191 35878s
 4089191 1839406 7772.56357  133  290 7841.00000 7658.09397  2.33%   191 35911s
 4091948 1840358 7685.80655   89  251 7841.00000 7658.09397  2.33%   191 35948s
 4093165 1844520 7723.36301   91  260 7841.00000 7658.09397  2.33%   191 35996s
 4098167 1846963 7741.54158   96  461 7841.00000 7658.20161  2.33%   191 36035s
 4101786 1849475 7785.37836  139  360 7841.00000 7658.24897  2.33%   191 36073s
 4105480 1852701 7797.60330  122  329 7841.00000 7658.25303  2.33%   191 36109s
 4109442 1851806     cutoff   77      7841.00000 7658.33711  2.33%   191 36128s
 4114168 1851240 7663.34243   70  178 7841.00000 7658.39397  2.33%   191 36142s
 4117429 1850608     cutoff   76      7841.00000 7658.42854  2.33%   191 36155s
 4120823 1850052 7668.08979   86  221 7841.00000 7658.46920  2.33%   191 36170s
 4124119 1849346     cutoff   74      7841.00000 7658.50626  2.33%   191 36183s
 4127398 1848712     cutoff   74      7841.00000 7658.54606  2.33%   191 36197s
 4130665 1848039     cutoff   81      7841.00000 7658.57881  2.33%   191 36211s
 4133939 1847315     cutoff   77      7841.00000 7658.61854  2.33%   191 36225s
 4137271 1846716     cutoff   85      7841.00000 7658.65901  2.33%   191 36238s
 4140386 1846301 7666.99861   92  227 7841.00000 7658.69731  2.32%   191 36253s
 4142560 1845484     cutoff   80      7841.00000 7658.70434  2.32%   191 36267s
 4146150 1844669 7661.87941   83  266 7841.00000 7658.75311  2.32%   191 36282s
 4149643 1843892 7666.03880   71  305 7841.00000 7658.80018  2.32%   191 36297s
 4153057 1843156     cutoff   71      7841.00000 7658.84195  2.32%   191 36311s
 4156519 1842406 7667.06357   73  248 7841.00000 7658.87948  2.32%   191 36325s
 4159951 1845193 7774.36792   86  350 7841.00000 7658.92330  2.32%   190 36356s
 4163234 1847530 7687.38835  113  426 7841.00000 7658.92330  2.32%   190 36387s
 4166133 1850842 7724.36194  188  428 7841.00000 7658.97937  2.32%   190 36419s
 4169818 1852934 7771.78412  311  359 7841.00000 7659.01732  2.32%   190 36454s
 4172713 1855472 7760.76160   82  217 7841.00000 7659.02546  2.32%   190 36489s
 4176159 1859905 7780.41737   98  323 7841.00000 7659.07294  2.32%   191 36526s
 4181162 1862030 7677.74265  138  234 7841.00000 7659.07305  2.32%   190 36556s
 4183930 1864707 7748.89794  211  328 7841.00000 7659.12825  2.32%   190 36586s
 4187201 1867038     cutoff   73      7841.00000 7659.18995  2.32%   190 36618s
 4190496 1868262     cutoff  106      7841.00000 7659.19055  2.32%   191 36648s
 4193051 1869570 7703.75651   70  362 7841.00000 7659.22291  2.32%   191 36681s
 4195519 1871461     cutoff   66      7841.00000 7659.27718  2.32%   191 36715s
 4198431 1873231 7826.12093  185  267 7841.00000 7659.27718  2.32%   191 36750s
 4201478 1874605 7802.72240   63  331 7841.00000 7659.33472  2.32%   191 36783s
 4204374 1876798 7714.25402   70  356 7841.00000 7659.38156  2.32%   191 36818s
 4207661 1879322 7808.86410  215  256 7841.00000 7659.43153  2.32%   191 36852s
 4210768 1878369     cutoff   82      7841.00000 7659.44273  2.32%   191 36872s
 4215646 1877682 7666.26009   77  309 7841.00000 7659.47907  2.32%   191 36886s
 4219005 1877013     cutoff   68      7841.00000 7659.53051  2.31%   191 36899s
 4222243 1876167 7669.69829   81  250 7841.00000 7659.56061  2.31%   191 36913s
 4225525 1875349 7665.52682   86  243 7841.00000 7659.60432  2.31%   191 36926s
 4228849 1874615 7664.12035   63  255 7841.00000 7659.63814  2.31%   191 36939s
 4232102 1873910 7665.29441   96  336 7841.00000 7659.68214  2.31%   191 36952s
 4235368 1873096 7668.80012   97  210 7841.00000 7659.71874  2.31%   191 36965s
 4238707 1872375     cutoff   68      7841.00000 7659.75067  2.31%   191 36978s
 4242117 1871543 7669.77489   85  235 7841.00000 7659.78569  2.31%   191 36991s
 4245321 1870711 7667.18380   77  176 7841.00000 7659.82727  2.31%   190 37005s
 4248630 1869874     cutoff   78      7841.00000 7659.86304  2.31%   190 37018s
 4251953 1869149     cutoff   89      7841.00000 7659.89709  2.31%   190 37031s
 4255233 1868352 7668.19767   74  317 7841.00000 7659.93283  2.31%   190 37044s
 4257272 1868352     cutoff   67      7841.00000 7659.93828  2.31%   190 37045s
 4258440 1867558     cutoff   87      7841.00000 7659.94390  2.31%   190 37057s
 4261738 1869758 7753.59621  221  383 7841.00000 7660.00925  2.31%   190 37087s
 4264459 1872506 7817.38274  335  304 7841.00000 7660.01513  2.31%   190 37123s
 4267903 1875468 7757.56754  114  352 7841.00000 7660.07017  2.31%   190 37159s
 4271640 1877684 7709.39267   77  353 7841.00000 7660.10816  2.31%   190 37195s
 4274293 1880990 7746.54340  161  373 7841.00000 7660.10816  2.31%   190 37230s
 4278282 1883447 infeasible  365      7841.00000 7660.12834  2.31%   190 37265s
 4281719 1884799 7783.83813  147  296 7841.00000 7660.22024  2.31%   190 37299s
 4284084 1887268 7814.75606  176  327 7841.00000 7660.25896  2.31%   190 37341s
 4288108 1889646 7678.41324  201  326 7841.00000 7660.25896  2.31%   190 37379s
 4291383 1892809 7724.58024  300  394 7841.00000 7660.25896  2.31%   191 37417s
 4295357 1895930 7768.14832  451  403 7841.00000 7660.32929  2.30%   191 37453s
 4299144 1898569 7821.28154   93  377 7841.00000 7660.32929  2.30%   191 37488s
 4302600 1901293 7790.10452  123  321 7841.00000 7660.32929  2.30%   191 37522s
 4306049 1904888 7775.37884  229  444 7841.00000 7660.42348  2.30%   191 37556s
 4310215 1907520 7678.63848   82  457 7841.00000 7660.47011  2.30%   191 37587s
 4313344 1906294 7668.99657  110  273 7841.00000 7660.50771  2.30%   191 37606s
 4318171 1905496 7669.64595   88  319 7841.00000 7660.55750  2.30%   191 37620s
 4321316 1904868     cutoff   79      7841.00000 7660.57379  2.30%   190 37633s
 4323808 1904101     cutoff   76      7841.00000 7660.61005  2.30%   190 37648s
 4326526 1902987     cutoff   70      7841.00000 7660.63570  2.30%   190 37663s
 4330276 1902049 7665.61462   81  250 7841.00000 7660.69002  2.30%   190 37677s
 4333975 1901102     cutoff   89      7841.00000 7660.73655  2.30%   190 37690s
 4337432 1900120 7666.90330   82  398 7841.00000 7660.77014  2.30%   190 37703s
 4340988 1899139 7664.83270   79  252 7841.00000 7660.81740  2.30%   190 37716s
 4344455 1898198 7669.89240   71  137 7841.00000 7660.85733  2.30%   190 37729s
 4347870 1897231     cutoff   81      7841.00000 7660.89240  2.30%   190 37742s
 4351220 1896251 7670.28593   82  245 7841.00000 7660.93526  2.30%   190 37755s
 4354513 1895283 7670.29630   78  320 7841.00000 7660.97573  2.30%   190 37769s
 4357897 1894290     cutoff   85      7841.00000 7661.00601  2.30%   190 37782s
 4361289 1893277 7669.83991   92  275 7841.00000 7661.04538  2.30%   190 37796s
 4364577 1895532 7815.30928   76  292 7841.00000 7661.08730  2.29%   190 37830s
 4367386 1897169 7782.11460  115  360 7841.00000 7661.09390  2.29%   190 37866s
 4370464 1899572 7770.94283   99  304 7841.00000 7661.12004  2.29%   190 37904s
 4374323 1902446     cutoff   70      7841.00000 7661.18990  2.29%   190 37939s
 4377877 1905283 7743.94755   56  317 7841.00000 7661.19025  2.29%   190 37975s
 4381397 1908106 7782.87430  116  296 7841.00000 7661.23005  2.29%   190 38009s
 4384784 1910801 7801.84078   61  296 7841.00000 7661.26774  2.29%   190 38042s
 4388268 1914027     cutoff  189      7841.00000 7661.26774  2.29%   190 38076s
 4391994 1915617 7734.28394  128  445 7841.00000 7661.34383  2.29%   190 38109s
 4394047 1917168 7747.86220  168  373 7841.00000 7661.34959  2.29%   190 38143s
 4396657 1919115 7785.39338  313  396 7841.00000 7661.36277  2.29%   190 38186s
 4399888 1921908 infeasible   68      7841.00000 7661.36277  2.29%   190 38224s
 4404061 1926054 7741.80396  111  359 7841.00000 7661.40873  2.29%   190 38261s
 4409228 1928066 7790.12895   60  290 7841.00000 7661.44434  2.29%   190 38292s
 4412099 1930902 7780.08188   85  332 7841.00000 7661.46746  2.29%   190 38324s
 4415558 1929445 7668.49174   80  432 7841.00000 7661.50325  2.29%   190 38342s
 4420351 1928283 7667.02936   84  311 7841.00000 7661.55272  2.29%   190 38355s
 4423546 1927095 infeasible   91      7841.00000 7661.59730  2.29%   190 38368s
 4426848 1925880 7669.50930  101  196 7841.00000 7661.64104  2.29%   190 38381s
 4430083 1924656     cutoff   86      7841.00000 7661.68243  2.29%   190 38394s
 4433346 1923434 7667.01802   66  332 7841.00000 7661.72474  2.29%   190 38407s
 4436696 1922176     cutoff   93      7841.00000 7661.76922  2.29%   190 38420s
 4439974 1920903     cutoff  110      7841.00000 7661.80548  2.29%   190 38433s
 4443262 1919650 7667.00047   79  290 7841.00000 7661.84715  2.28%   190 38447s
 4446584 1918299     cutoff   95      7841.00000 7661.89057  2.28%   190 38460s
 4449838 1917057 infeasible   74      7841.00000 7661.93269  2.28%   190 38473s
 4453065 1915818     cutoff   69      7841.00000 7661.97564  2.28%   190 38487s
 4456441 1914509 7666.86578   91  293 7841.00000 7662.01139  2.28%   190 38499s
 4459797 1913411     cutoff   69      7841.00000 7662.05395  2.28%   190 38513s
 4462611 1912268     cutoff   79      7841.00000 7662.08058  2.28%   190 38526s
 4465573 1913867 7804.27535   97  364 7841.00000 7662.11577  2.28%   190 38558s
 4467883 1916983 7746.30348  137  364 7841.00000 7662.11633  2.28%   190 38602s
 4472055 1920587 7811.41668   83  340 7841.00000 7662.19403  2.28%   190 38640s
 4476172 1924582 7756.67117  142  331 7841.00000 7662.21449  2.28%   190 38673s
 4480531 1926756 7775.73155  132  253 7841.00000 7662.21449  2.28%   190 38697s
 4482968 1927403 7822.21767   91  421 7841.00000 7662.22223  2.28%   190 38723s
 4483723 1929210 7700.11342   71  363 7841.00000 7662.22223  2.28%   190 38753s
 4486417 1930663 7774.33154   99  349 7841.00000 7662.22223  2.28%   190 38785s
 4489188 1933114 7809.00934  189  305 7841.00000 7662.22223  2.28%   190 38819s
 4492806 1934961 7780.17710  118  513 7841.00000 7662.31527  2.28%   190 38851s
 4495790 1937527 7763.97022  106  318 7841.00000 7662.33598  2.28%   190 38883s
 4499170 1941291 7707.27023  174  375 7841.00000 7662.36856  2.28%   190 38917s
 4503516 1943544 7818.26298  120  353 7841.00000 7662.41451  2.28%   190 38947s
 4506470 1946206 7689.40110   99  233 7841.00000 7662.41522  2.28%   190 38981s
 4509508 1950062 7771.38092  219  344 7841.00000 7662.41522  2.28%   190 39015s
 4513996 1952647 7809.78132  139  255 7841.00000 7662.44630  2.28%   190 39043s
 4516994 1950719     cutoff   74      7841.00000 7662.48594  2.28%   190 39062s
 4521818 1949381     cutoff   62      7841.00000 7662.55028  2.28%   190 39075s
 4525169 1948002     cutoff   89      7841.00000 7662.59834  2.28%   190 39088s
 4528412 1946680 7670.96029   89  241 7841.00000 7662.63522  2.27%   190 39101s
 4531720 1945368     cutoff   68      7841.00000 7662.67800  2.27%   190 39114s
 4535114 1944037     cutoff  105      7841.00000 7662.71858  2.27%   190 39126s
 4538491 1942688 7667.92069  101  389 7841.00000 7662.75462  2.27%   190 39139s
 4541639 1941447 7668.47558   98  236 7841.00000 7662.79893  2.27%   189 39154s
 4544789 1940581 infeasible   78      7841.00000 7662.83174  2.27%   189 39167s
 4547156 1939467     cutoff   72      7841.00000 7662.84036  2.27%   189 39180s
 4549779 1938287     cutoff   76      7841.00000 7662.84838  2.27%   189 39194s
 4552469 1937184 7669.01505   70  183 7841.00000 7662.85524  2.27%   189 39209s
 4555228 1935935 7667.13904   76  334 7841.00000 7662.88083  2.27%   189 39225s
 4558138 1934592 7668.80997   94  200 7841.00000 7662.89425  2.27%   189 39241s
 4561219 1933214     cutoff   66      7841.00000 7662.93484  2.27%   189 39258s
 4564446 1931454     cutoff   75      7841.00000 7662.97487  2.27%   189 39275s
 4568521 1933329 7689.94187   61  403 7841.00000 7663.06401  2.27%   189 39305s
 4570743 1938389 7726.51549  122  436 7841.00000 7663.06401  2.27%   189 39350s
 4576443 1940658 7789.07274  304  442 7841.00000 7663.12463  2.27%   189 39381s
 4579376 1942921 7672.47676   84  354 7841.00000 7663.12463  2.27%   189 39412s
 4582231 1944264 infeasible  203      7841.00000 7663.12463  2.27%   189 39445s
 4584119 1947312 7716.76036  116  357 7841.00000 7663.12463  2.27%   189 39481s
 4587979 1951035 7758.54528  242  292 7841.00000 7663.25715  2.27%   189 39514s
 4592299 1952843 7714.00243   69  290 7841.00000 7663.27217  2.27%   189 39538s
 4594392 1955797 7738.67569  129  416 7841.00000 7663.27217  2.27%   189 39566s
 4597893 1957585 7785.77463  258  379 7841.00000 7663.30259  2.27%   189 39593s
 4600136 1959897 7743.20445  203  265 7841.00000 7663.31701  2.27%   189 39622s
 4603020 1962929 7738.69529   74  344 7841.00000 7663.31961  2.27%   189 39653s
 4606619 1965321 7826.55686  206  295 7841.00000 7663.37495  2.27%   189 39682s
 4609528 1967459 7718.38500  115  342 7841.00000 7663.41265  2.26%   189 39712s
 4612375 1969828 7816.81430  221  313 7841.00000 7663.41265  2.26%   189 39744s
 4615591 1971167 7709.25749  107  292 7841.00000 7663.41265  2.26%   189 39776s
 4618113 1973016 7767.56771  187  249 7841.00000 7663.49163  2.26%   189 39810s
 4621013 1970825 7671.13929   79  286 7841.00000 7663.51713  2.26%   189 39829s
 4626016 1969307     cutoff   67      7841.00000 7663.63014  2.26%   189 39841s
 4629414 1967843     cutoff   71      7841.00000 7663.67517  2.26%   189 39854s
 4632900 1966390     cutoff   80      7841.00000 7663.71527  2.26%   189 39866s
 4636335 1965027     cutoff   86      7841.00000 7663.75150  2.26%   189 39878s
 4639582 1963558     cutoff   78      7841.00000 7663.79254  2.26%   189 39890s
 4642878 1962082 7670.63483   87  218 7841.00000 7663.83053  2.26%   189 39902s
 4646162 1960505 7667.28635   87  221 7841.00000 7663.87186  2.26%   189 39915s
 4649424 1958916     cutoff   90      7841.00000 7663.91228  2.26%   189 39927s
 4652841 1957366     cutoff  103      7841.00000 7663.95221  2.26%   189 39939s
 4656166 1955833 7671.67786   97  328 7841.00000 7663.99542  2.26%   189 39951s
 4659417 1954215 7671.13042   74  277 7841.00000 7664.03287  2.26%   189 39965s
 4662824 1952522     cutoff   73      7841.00000 7664.07249  2.26%   189 39976s
 4666092 1950977 7671.75388   88  311 7841.00000 7664.11596  2.26%   189 39988s
 4669412 1949348 7667.96816   86  121 7841.00000 7664.16011  2.26%   189 40000s
 4672823 1950839 7825.91315   93  329 7841.00000 7664.21190  2.25%   189 40031s
 4674925 1954117 7791.67553  121  312 7841.00000 7664.23160  2.25%   189 40078s
 4679110 1956700 7812.28887  118  353 7841.00000 7664.23191  2.25%   189 40120s
 4682565 1959113 7793.65802  106  352 7841.00000 7664.23191  2.25%   189 40162s
 4685927 1960240     cutoff   82      7841.00000 7664.32563  2.25%   189 40202s
 4688413 1961976 7770.15897   84  392 7841.00000 7664.33314  2.25%   189 40243s
 4691503 1964097     cutoff  186      7841.00000 7664.33314  2.25%   189 40285s
 4694496 1966603 7789.31265  148  488 7841.00000 7664.33314  2.25%   189 40328s
 4698157 1968833 7674.36241   71  291 7841.00000 7664.33314  2.25%   189 40370s
 4701803 1970941 7679.45026   82  331 7841.00000 7664.41889  2.25%   189 40402s
 4704795 1972958 7688.17682   91  314 7841.00000 7664.42768  2.25%   189 40436s
 4707961 1973652 7693.31131  106  372 7841.00000 7664.45831  2.25%   189 40470s
 4709642 1975448 7699.31737  116  346 7841.00000 7664.48502  2.25%   189 40510s
 4713262 1977959 7708.55225  133  321 7841.00000 7664.48502  2.25%   189 40547s
 4716505 1980582 7711.77304  150  288 7841.00000 7664.54583  2.25%   189 40585s
 4720014 1983657 7724.80304  172  368 7841.00000 7664.54583  2.25%   189 40623s
 4723667 1981007 7670.31982   75  226 7841.00000 7664.59084  2.25%   189 40642s
 4728889 1979107     cutoff   76      7841.00000 7664.65284  2.25%   189 40654s
 4732610 1977287     cutoff   78      7841.00000 7664.70292  2.25%   189 40666s
 4736199 1975451 7671.33619   90  255 7841.00000 7664.74946  2.25%   189 40678s
 4739846 1973636     cutoff   83      7841.00000 7664.79111  2.25%   189 40691s
 4743484 1971744 7669.57282   76  263 7841.00000 7664.83877  2.25%   189 40703s
 4747238 1971669     cutoff   82      7841.00000 7664.87832  2.25%   189 40714s
 4747369 1971553 7671.51455   72  322 7841.00000 7664.88039  2.25%   189 40726s
 4747587 1970986 7671.80645   73  322 7841.00000 7664.88934  2.25%   189 40738s
 4748617 1969399 infeasible   74      7841.00000 7664.89402  2.25%   189 40753s
 4751828 1967064     cutoff   72      7841.00000 7664.90065  2.25%   189 40768s
 4756310 1964875 7670.42420   90  306 7841.00000 7664.98783  2.24%   189 40782s
 4760534 1962720     cutoff   73      7841.00000 7665.05172  2.24%   189 40796s
 4764622 1960668     cutoff   94      7841.00000 7665.10519  2.24%   189 40810s
 4768729 1958706     cutoff   86      7841.00000 7665.14565  2.24%   189 40822s
 4772507 1956627 7670.23810   77  228 7841.00000 7665.19427  2.24%   189 40834s
 4776216 1959272 7798.43765  206  285 7841.00000 7665.24473  2.24%   189 40866s
 4779313 1962985 7794.71562  242  200 7841.00000 7665.26627  2.24%   189 40899s
 4783502 1965034 7756.70637   96  340 7841.00000 7665.27772  2.24%   189 40933s
 4786305 1967212 7756.20001   79  303 7841.00000 7665.31300  2.24%   189 40970s
 4789607 1968563 7826.76043   72  186 7841.00000 7665.34126  2.24%   189 41006s
 4792140 1970434 7754.88638   71  337 7841.00000 7665.35314  2.24%   189 41045s
 4795272 1972441 7767.61323  141  345 7841.00000 7665.38908  2.24%   189 41085s
 4798736 1974843 infeasible  216      7841.00000 7665.40472  2.24%   189 41125s
 4802380 1976894 7819.20192   85  341 7841.00000 7665.40526  2.24%   189 41163s
 4805992 1979480 7718.82898  119  395 7841.00000 7665.40526  2.24%   189 41201s
 4809724 1982559 7771.62855  241  347 7841.00000 7665.48094  2.24%   189 41238s
 4813546 1985379 7815.57462   63  293 7841.00000 7665.50181  2.24%   189 41273s
 4817340 1987216 7738.12080  123  433 7841.00000 7665.52834  2.24%   189 41301s
 4820308 1989741 7817.29262  161  319 7841.00000 7665.58004  2.24%   189 41330s
 4823573 1992075 7790.59032  128  336 7841.00000 7665.59032  2.24%   189 41359s
 4826466 1988881     cutoff   80      7841.00000 7665.64770  2.24%   189 41379s
 4832426 1986897     cutoff   78      7841.00000 7665.72343  2.24%   189 41392s
 4836341 1984753     cutoff   82      7841.00000 7665.76311  2.23%   189 41404s
 4840078 1982539 7669.85007   79  226 7841.00000 7665.81609  2.23%   189 41416s
 4844032 1980410 7671.11456   90  316 7841.00000 7665.85868  2.23%   189 41429s
 4847913 1978073 7671.42978   72  172 7841.00000 7665.91700  2.23%   189 41441s
 4851942 1975701     cutoff   76      7841.00000 7665.95553  2.23%   189 41454s
 4856232 1973220 7670.48117   82  257 7841.00000 7666.01472  2.23%   189 41467s
 4860499 1970714     cutoff   70      7841.00000 7666.06121  2.23%   189 41481s
 4864766 1968337     cutoff   78      7841.00000 7666.11795  2.23%   188 41495s
 4869057 1965851 7670.58628   78  254 7841.00000 7666.17407  2.23%   188 41509s
 4873353 1963328     cutoff   73      7841.00000 7666.22392  2.23%   188 41523s
 4877860 1965091 7680.38912   61  326 7841.00000 7666.27630  2.23%   188 41553s
 4880153 1967749 7808.26512   66  275 7841.00000 7666.29730  2.23%   188 41596s
 4883736 1970430 7689.66020   73  443 7841.00000 7666.31209  2.23%   188 41637s
 4887523 1972163 7797.92100   80  326 7841.00000 7666.31306  2.23%   188 41676s
 4889996 1975358 7694.81949   84  434 7841.00000 7666.31306  2.23%   188 41717s
 4894094 1977673 7700.17551   93  471 7841.00000 7666.34483  2.23%   188 41751s
 4896902 1980936 7703.85197   99  499 7841.00000 7666.34483  2.23%   188 41788s
 4901090 1983572 7758.75298  107  350 7841.00000 7666.38674  2.23%   188 41820s
 4904183 1986001 7709.58362  117  474 7841.00000 7666.38674  2.23%   188 41852s
 4907062 1988518 7712.50587  124  489 7841.00000 7666.38674  2.23%   188 41886s
 4910399 1990737 7715.39536  134  459 7841.00000 7666.50459  2.23%   188 41918s
 4913213 1995285 7720.31798  142  424 7841.00000 7666.53321  2.23%   188 41954s
 4918079 1998314 7723.43100  152  486 7841.00000 7666.53321  2.23%   188 41987s
 4921643 2000536 7727.08451  159  527 7841.00000 7666.55725  2.22%   188 42017s
 4924519 2003174 7730.24040  172  454 7841.00000 7666.58898  2.22%   188 42049s
 4927524 2007013 7733.09506  180  495 7841.00000 7666.62327  2.22%   188 42083s
 4931836 2002845     cutoff   76      7841.00000 7666.63509  2.22%   188 42105s
 4938669 2000039 infeasible   84      7841.00000 7666.73009  2.22%   188 42119s
 4943140 1996972     cutoff   63      7841.00000 7666.77341  2.22%   188 42134s
 4947792 1993797     cutoff   72      7841.00000 7666.83384  2.22%   188 42149s
 4952571 1990814 7672.56635   95  194 7841.00000 7666.89501  2.22%   188 42162s
 4957259 1987813 7672.85141   69  211 7841.00000 7666.95880  2.22%   188 42176s
 4961931 1984669     cutoff   87      7841.00000 7667.01382  2.22%   188 42190s
 4966709 1981428     cutoff   71      7841.00000 7667.07532  2.22%   188 42204s
 4971508 1978400 7672.05954   75  334 7841.00000 7667.14571  2.22%   188 42217s
 4976193 1975321     cutoff   91      7841.00000 7667.20003  2.22%   188 42232s
 4980867 1972108     cutoff   83      7841.00000 7667.26613  2.22%   188 42247s
 4985725 1974504 7744.79789  191  466 7841.00000 7667.32883  2.21%   187 42278s
 4988638 1977747 7751.29725  203  335 7841.00000 7667.36387  2.21%   187 42312s
 4992351 1981412 7756.14261  221  373 7841.00000 7667.37448  2.21%   187 42347s
 4996625 1983512 7759.91022  238  319 7841.00000 7667.41207  2.21%   187 42377s
 4999556 1985585 7765.71429  252  335 7841.00000 7667.44485  2.21%   187 42407s
 5002226 1988880 7773.50814  267  411 7841.00000 7667.44485  2.21%   187 42438s
 5006150 1991096 7778.05412  287  474 7841.00000 7667.49211  2.21%   187 42469s
 5009108 1992517 7785.41951  307  413 7841.00000 7667.49843  2.21%   187 42505s
 5012002 1994754 7820.18621  339  288 7841.00000 7667.54367  2.21%   188 42541s
 5015176 1997124 7707.21167   77  408 7841.00000 7667.55114  2.21%   188 42579s
 5018513 1998962 7755.53878  168  453 7841.00000 7667.55114  2.21%   188 42616s
 5020777 2001792 7784.49974  256  498 7841.00000 7667.60718  2.21%   188 42655s
 5024224 2005725 7766.60238  105  302 7841.00000 7667.61904  2.21%   188 42695s
 5028958 2008414 7727.45460   78  303 7841.00000 7667.67326  2.21%   188 42730s
 5032397 2011080 7783.26059  223  425 7841.00000 7667.67605  2.21%   188 42764s
 5035687 2014548 7786.39027   88  332 7841.00000 7667.67605  2.21%   188 42799s
 5039784 2009981     cutoff   89      7841.00000 7667.73546  2.21%   188 42819s
 5046578 2006662 7670.56091   74  299 7841.00000 7667.83507  2.21%   188 42832s
 5051525 2002989 7673.02853   88   60 7841.00000 7667.88407  2.21%   187 42846s
 5056722 1999406     cutoff   78      7841.00000 7667.95343  2.21%   187 42860s
 5061984 1995393     cutoff   72      7841.00000 7668.02173  2.21%   187 42875s
 5067715 1991271 7669.90912   79  204 7841.00000 7668.10353  2.21%   187 42890s
 5073463 1987017     cutoff   65      7841.00000 7668.17501  2.20%   187 42905s
 5079223 1982313     cutoff   66      7841.00000 7668.25369  2.20%   187 42921s
 5085500 1977512     cutoff   78      7841.00000 7668.33977  2.20%   187 42937s
 5091800 1978927 7775.44811  120  441 7841.00000 7668.43017  2.20%   187 42971s
 5093744 1982582 7749.72656  132  389 7841.00000 7668.48242  2.20%   187 43021s
 5098078 1985999 7721.12651   91  291 7841.00000 7668.49757  2.20%   187 43064s
 5102800 1987842     cutoff  143      7841.00000 7668.51019  2.20%   187 43101s
 5105920 1990655 7829.88284   75  307 7841.00000 7668.58966  2.20%   187 43139s
 5109425 1993281 7739.77715   71  357 7841.00000 7668.58966  2.20%   187 43176s
 5112877 1994767 7720.11919   74  296 7841.00000 7668.58966  2.20%   187 43200s

Cutting planes:
  Learned: 1
  Gomory: 21
  Cover: 842
  Implied bound: 3
  Clique: 176
  MIR: 284
  StrongCG: 1
  GUB cover: 3
  Zero half: 137
  RLT: 1092
  Relax-and-lift: 4
  BQP: 13

Explored 5115199 nodes (955908875 simplex iterations) in 43207.60 seconds (22093.73 work units)
Thread count was 32 (of 128 available processors)

Solution count 10: 7841 7843 7850 ... 7929

Time limit reached
Best objective 7.841000000000e+03, best bound 7.669000000000e+03, gap 2.1936%
Solved c201_Random2 -> /project2/ssuen_1733/output/v3/c201_Random2.pkl / .json
[Tue Dec 16 04:47:59 PST 2025] Finished run_single_instance for c201_Random2
