==========================================
SLURM_JOB_ID = 5298002
SLURM_JOB_NODELIST = d06-17
TMPDIR = /tmp/SLURM_5298002
==========================================
Using Python:
Python 3.10.18
Checking core dependencies:
numpy: 2.2.6
gurobi: (12, 0, 3)
[Mon Dec 15 16:47:19 PST 2025] Starting run_single_instance on d06-17.hpc.usc.edu for c101_Random1
Set parameter TokenServer to value "hpc-licenses.hpcc.usc.edu"
Set parameter TimeLimit to value 43200
Set parameter Seed to value 42
Set parameter OutputFlag to value 1
Gurobi Optimizer version 12.0.3 build v12.0.3rc0 (linux64 - "Rocky Linux 8.10 (Green Obsidian)")

CPU model: Intel(R) Xeon(R) Silver 4116 CPU @ 2.10GHz, instruction set [SSE2|AVX|AVX2|AVX512]
Thread count: 24 physical cores, 24 logical processors, using up to 24 threads

Non-default parameters:
TimeLimit  43200
Seed  42

Optimize a model with 703550 rows, 728000 columns and 5954600 nonzeros
Model fingerprint: 0x4af2bd1d
Variable types: 0 continuous, 728000 integer (727500 binary)
Coefficient statistics:
  Matrix range     [1e+00, 1e+03]
  Objective range  [1e+00, 1e+02]
  Bounds range     [1e+00, 5e+01]
  RHS range        [1e+00, 1e+03]
Presolve removed 678700 rows and 699056 columns
Presolve time: 2.29s
Presolved: 24850 rows, 28944 columns, 174350 nonzeros
Variable types: 0 continuous, 28944 integer (28900 binary)
Performing another presolve...
Presolve removed 630 rows and 300 columns (presolve time = 11s)...
Presolve removed 630 rows and 300 columns
Presolve time: 11.11s
Deterministic concurrent LP optimizer: primal and dual simplex
Showing primal log only...


Root simplex log...

Iteration    Objective       Primal Inf.    Dual Inf.      Time
       0    8.2200000e+02   3.185000e+02   1.496046e+10     16s
Concurrent spin time: 0.03s

Solved with dual simplex

Root simplex log...

Iteration    Objective       Primal Inf.    Dual Inf.      Time
   13352    4.2295697e+03   0.000000e+00   0.000000e+00     17s

Root relaxation: objective 4.229570e+03, 13352 iterations, 2.20 seconds (0.78 work units)
Total elapsed time = 17.50s (DegenMoves)

    Nodes    |    Current Node    |     Objective Bounds      |     Work
 Expl Unexpl |  Obj  Depth IntInf | Incumbent    BestBd   Gap | It/Node Time

     0     0 4229.56965    0  742          - 4229.56965      -     -   18s
     0     0 4306.14781    0  896          - 4306.14781      -     -   20s
     0     0 4306.14781    0  899          - 4306.14781      -     -   20s
     0     0 4306.14781    0  899          - 4306.14781      -     -   20s
     0     0 4308.25915    0  925          - 4308.25915      -     -   21s
     0     0 4319.40836    0  959          - 4319.40836      -     -   22s
     0     0 4320.22742    0  986          - 4320.22742      -     -   22s
     0     0 4320.44507    0  997          - 4320.44507      -     -   22s
     0     0 4320.96313    0  977          - 4320.96313      -     -   22s
     0     0 4321.11190    0  997          - 4321.11190      -     -   22s
     0     0 4321.11190    0 1003          - 4321.11190      -     -   22s
H    0     0                    21591.000000 4321.11190  80.0%     -   23s
     0     0 4368.71914    0 1149 21591.0000 4368.71914  79.8%     -   23s
H    0     0                    21417.000000 4369.82914  79.6%     -   24s
H    0     0                    20202.000000 4369.82914  78.4%     -   24s
H    0     0                    19753.000000 4369.82914  77.9%     -   24s
H    0     0                    17701.000000 4369.82914  75.3%     -   24s
H    0     0                    17320.000000 4369.82914  74.8%     -   24s
H    0     0                    17300.000000 4369.82914  74.7%     -   24s
H    0     0                    17218.000000 4369.82914  74.6%     -   24s
     0     0 4372.56646    0 1178 17218.0000 4372.56646  74.6%     -   24s
     0     0 4373.65231    0 1184 17218.0000 4373.65231  74.6%     -   24s
     0     0 4374.12481    0 1213 17218.0000 4374.12481  74.6%     -   24s
     0     0 4374.14059    0 1222 17218.0000 4374.14059  74.6%     -   24s
     0     0 4424.18696    0 1010 17218.0000 4424.18696  74.3%     -   26s
H    0     0                    14069.000000 4424.34124  68.6%     -   26s
H    0     0                    14048.000000 4424.34124  68.5%     -   26s
H    0     0                    14046.000000 4424.34124  68.5%     -   26s
H    0     0                    13734.000000 4424.34124  67.8%     -   26s
H    0     0                    13630.000000 4424.34124  67.5%     -   26s
H    0     0                    13410.000000 4424.34124  67.0%     -   26s
H    0     0                    13372.000000 4424.34124  66.9%     -   26s
     0     0 4432.50418    0 1024 13372.0000 4432.50418  66.9%     -   27s
     0     0 4432.75258    0 1100 13372.0000 4432.75258  66.9%     -   27s
     0     0 4432.78830    0 1091 13372.0000 4432.78830  66.9%     -   27s
     0     0 4541.15878    0 1124 13372.0000 4541.15878  66.0%     -   28s
H    0     0                    13072.000000 4541.39765  65.3%     -   28s
H    0     0                    13010.000000 4541.39765  65.1%     -   28s
H    0     0                    12980.000000 4541.39765  65.0%     -   28s
     0     0 4550.39523    0 1112 12980.0000 4550.39523  64.9%     -   29s
     0     0 4550.87308    0 1204 12980.0000 4550.87308  64.9%     -   29s
     0     0 4550.94797    0 1195 12980.0000 4550.94797  64.9%     -   29s
     0     0 4550.95619    0 1196 12980.0000 4550.95619  64.9%     -   29s
     0     0 4696.77616    0 1181 12980.0000 4696.77616  63.8%     -   30s
H    0     0                    12222.000000 4696.95116  61.6%     -   30s
H    0     0                    12077.000000 4696.95116  61.1%     -   30s
H    0     0                    12076.000000 4696.95116  61.1%     -   30s
H    0     0                    11966.000000 4696.95116  60.7%     -   30s
     0     0 4713.96363    0 1185 11966.0000 4713.96363  60.6%     -   30s
     0     0 4714.33789    0 1181 11966.0000 4714.33789  60.6%     -   31s
     0     0 4714.35307    0 1198 11966.0000 4714.35307  60.6%     -   31s
     0     0 4748.92827    0 1242 11966.0000 4748.92827  60.3%     -   32s
H    0     0                    11964.000000 4749.02922  60.3%     -   32s
H    0     0                    11862.000000 4749.02922  60.0%     -   32s
H    0     0                    11853.000000 4749.02922  59.9%     -   32s
     0     0 4750.43116    0 1290 11853.0000 4750.43116  59.9%     -   32s
     0     0 4750.66413    0 1285 11853.0000 4750.66413  59.9%     -   32s
     0     0 4750.69717    0 1244 11853.0000 4750.69717  59.9%     -   32s
     0     0 4775.15221    0 1276 11853.0000 4775.15221  59.7%     -   33s
H    0     0                    11416.000000 4775.16782  58.2%     -   34s
H    0     0                    10841.000000 4775.16782  56.0%     -   34s
H    0     0                    10825.000000 4775.16782  55.9%     -   34s
     0     0 4778.76615    0 1239 10825.0000 4778.76615  55.9%     -   34s
     0     0 4778.91064    0 1250 10825.0000 4778.91064  55.9%     -   34s
     0     0 4778.91610    0 1255 10825.0000 4778.91610  55.9%     -   34s
     0     0 4790.66820    0 1159 10825.0000 4790.66820  55.7%     -   35s
H    0     0                    10430.000000 4790.66857  54.1%     -   35s
H    0     0                    10426.000000 4790.66857  54.1%     -   35s
H    0     0                    10402.000000 4790.66857  53.9%     -   35s
     0     0 4792.52449    0 1222 10402.0000 4792.52449  53.9%     -   35s
     0     0 4793.26338    0 1230 10402.0000 4793.26338  53.9%     -   35s
     0     0 4793.46158    0 1226 10402.0000 4793.46158  53.9%     -   35s
     0     0 4793.48296    0 1232 10402.0000 4793.48296  53.9%     -   35s
     0     0 4816.72282    0 1292 10402.0000 4816.72282  53.7%     -   36s
H    0     0                    10250.000000 4816.74196  53.0%     -   38s
H    0     0                    10187.000000 4816.74196  52.7%     -   38s
H    0     0                    10090.000000 4816.74196  52.3%     -   38s
H    0     0                    10043.000000 4816.74196  52.0%     -   38s
H    0     0                    10031.000000 4816.74196  52.0%     -   39s
H    0     0                    10002.000000 4816.74196  51.8%     -   39s
H    0     0                    9966.0000000 4816.74196  51.7%     -   39s
H    0     0                    9925.0000000 4816.74196  51.5%     -   39s
H    0     0                    9881.0000000 4816.74196  51.3%     -   39s
H    0     0                    9874.0000000 4816.74196  51.2%     -   39s
H    0     0                    9862.0000000 4816.74196  51.2%     -   39s
H    0     0                    9854.0000000 4816.74196  51.1%     -   40s
H    0     0                    9849.0000000 4816.74196  51.1%     -   40s
H    0     0                    9832.0000000 4816.74196  51.0%     -   40s
H    0     0                    9814.0000000 4816.74196  50.9%     -   40s
     0     0 4837.54024    0 1320 9814.00000 4837.54024  50.7%     -   41s
     0     0 4838.43267    0 1335 9814.00000 4838.43267  50.7%     -   42s
     0     0 4838.63275    0 1336 9814.00000 4838.63275  50.7%     -   42s
     0     0 4838.66425    0 1358 9814.00000 4838.66425  50.7%     -   42s
     0     0 4887.29808    0 1288 9814.00000 4887.29808  50.2%     -   45s
H    0     0                    9706.0000000 4887.94912  49.6%     -   45s
     0     0 4893.81044    0 1397 9706.00000 4893.81044  49.6%     -   45s
     0     0 4895.42216    0 1380 9706.00000 4895.42216  49.6%     -   46s
     0     0 4895.51077    0 1347 9706.00000 4895.51077  49.6%     -   46s
     0     0 4911.30705    0 1356 9706.00000 4911.30705  49.4%     -   47s
     0     0 4913.65468    0 1391 9706.00000 4913.65468  49.4%     -   47s
     0     0 4913.70717    0 1393 9706.00000 4913.70717  49.4%     -   48s
     0     0 4923.37301    0 1383 9706.00000 4923.37301  49.3%     -   48s
H    0     0                    9704.0000000 4924.35631  49.3%     -   49s
     0     0 4924.59260    0 1446 9704.00000 4924.59260  49.3%     -   49s
     0     0 4924.71794    0 1449 9704.00000 4924.71794  49.3%     -   49s
     0     0 4927.16666    0 1383 9704.00000 4927.16666  49.2%     -   50s
     0     0 4927.66931    0 1406 9704.00000 4927.66931  49.2%     -   50s
     0     0 4927.71793    0 1400 9704.00000 4927.71793  49.2%     -   50s
     0     0 4930.82569    0 1423 9704.00000 4930.82569  49.2%     -   51s
H    0     0                    9703.0000000 4930.83202  49.2%     -   51s
     0     0 4930.99793    0 1412 9703.00000 4930.99793  49.2%     -   51s
     0     0 4932.07201    0 1383 9703.00000 4932.07201  49.2%     -   51s
     0     0 4932.33939    0 1431 9703.00000 4932.33939  49.2%     -   52s
     0     0 4932.34302    0 1439 9703.00000 4932.34302  49.2%     -   52s
     0     0 4934.15652    0 1426 9703.00000 4934.15652  49.1%     -   53s
H    0     0                    9700.0000000 4934.18334  49.1%     -   53s
     0     0 4934.60272    0 1389 9700.00000 4934.60272  49.1%     -   54s
     0     0 4934.92475    0 1439 9700.00000 4934.92475  49.1%     -   54s
     0     0 4934.98815    0 1469 9700.00000 4934.98815  49.1%     -   54s
     0     0 4936.88864    0 1466 9700.00000 4936.88864  49.1%     -   55s
     0     0 4937.06698    0 1445 9700.00000 4937.06698  49.1%     -   56s
     0     0 4945.04566    0 1402 9700.00000 4945.04566  49.0%     -   56s
H    0     0                    9585.0000000 4945.14141  48.4%     -   56s
H    0     0                    9583.0000000 4945.14141  48.4%     -   56s
     0     0 4945.42485    0 1397 9583.00000 4945.42485  48.4%     -   57s
     0     0 4945.50631    0 1395 9583.00000 4945.50631  48.4%     -   57s
     0     0 4951.07971    0 1406 9583.00000 4951.07971  48.3%     -   58s
     0     0 4951.49073    0 1429 9583.00000 4951.49073  48.3%     -   58s
     0     0 4951.59104    0 1411 9583.00000 4951.59104  48.3%     -   58s
     0     0 4954.62855    0 1406 9583.00000 4954.62855  48.3%     -   58s
H    0     0                    9578.0000000 4954.68786  48.3%     -   59s
     0     0 4955.30973    0 1443 9578.00000 4955.30973  48.3%     -   59s
     0     0 4955.37372    0 1423 9578.00000 4955.37372  48.3%     -   59s
     0     0 4956.29585    0 1389 9578.00000 4956.29585  48.3%     -   59s
     0     0 4956.50513    0 1396 9578.00000 4956.50513  48.3%     -   60s
     0     0 4956.58328    0 1406 9578.00000 4956.58328  48.3%     -   60s
     0     0 4957.19617    0 1408 9578.00000 4957.19617  48.2%     -   60s
     0     0 4957.31643    0 1336 9578.00000 4957.31643  48.2%     -   62s
H    0     0                    9556.0000000 4957.32025  48.1%     -   64s
H    0     0                    9516.0000000 4957.32025  47.9%     -   70s
H    0     0                    9464.0000000 4957.32025  47.6%     -   73s
H    0     0                    9334.0000000 4957.32025  46.9%     -   75s
H    0     0                    9242.0000000 4957.32025  46.4%     -   77s
     6     4 4983.27717    2  212 9242.00000 4983.19523  46.1%  40.8   84s
    12    14 4985.61452    4  201 9242.00000 4984.63620  46.1%   149   85s
   506   283 5063.57036    2  159 9242.00000 5063.57036  45.2%   135   96s
   633   438 5072.44536    9  198 9242.00000 5071.86497  45.1%   156  100s
H 1013   746                    8941.0000000 5072.06127  43.3%   180  104s
  1014   750 5162.94717    2  367 8941.00000 5162.65847  42.3%   180  124s
  1016   754 5163.06135    3  316 8941.00000 5162.94717  42.3%   185  125s
  1044   802 5164.85298    6  319 8941.00000 5164.85298  42.2%   196  130s
  1175   939 5166.17857   10  340 8941.00000 5164.96304  42.2%   211  136s
  1327  1079 5168.82241   13  335 8941.00000 5164.96304  42.2%   211  140s
  1494  1249 5170.30807   18  320 8941.00000 5164.96304  42.2%   207  145s
H 1529  1249                    8740.0000000 5164.96304  40.9%   219  145s
  1530  1253 5164.96304    2  354 8740.00000 5164.96304  40.9%   219  156s
  1560  1301 5164.96304    6  367 8740.00000 5164.96304  40.9%   228  161s
  1584  1348 5164.96304    7  383 8740.00000 5164.96304  40.9%   231  165s
  1757  1547 5172.81320   12  385 8740.00000 5164.96304  40.9%   236  170s
  1969  1749 5180.66296   18  416 8740.00000 5164.96304  40.9%   247  175s
H 2038  1749                    8344.0000000 5164.96304  38.1%   259  175s
  2039  1753 5272.23097    2  303 8344.00000 5271.65199  36.8%   259  194s
  2045  1765 5272.66307    4  264 8344.00000 5272.44671  36.8%   260  195s
  2174  1902 5273.75216   11  299 8344.00000 5272.95294  36.8%   260  200s
  2308  2032 5275.90278   15  322 8344.00000 5272.95294  36.8%   259  205s
  2488  2273 5278.40426   21  280 8344.00000 5272.95294  36.8%   251  210s
H 2579  2273                    7973.0000000 5272.95294  33.9%   253  210s
  3016  2589 5290.75453   25  186 7973.00000 5275.79592  33.8%   234  215s
  3606  3065 5306.07732   27  187 7973.00000 5277.11106  33.8%   221  220s
H 3929  3267                    7903.0000000 5277.11106  33.2%   221  223s
  3959  3341 5283.30682   21  277 7903.00000 5277.11106  33.2%   216  225s
  4103  3473 5286.96621   26  272 7903.00000 5277.11106  33.2%   213  230s
  4339  3717 5296.23544   35  356 7903.00000 5277.11106  33.2%   209  235s
  4688  4056 5299.59435   21  368 7903.00000 5277.11106  33.2%   206  241s
  4903  4249 5317.79556   26  340 7903.00000 5277.11106  33.2%   209  245s
  5116  4526 5338.30287   32  325 7903.00000 5277.11106  33.2%   211  251s
H 5397  4719                    7860.0000000 5277.11106  32.9%   215  253s
  5462  4805 5285.34401   25  325 7860.00000 5277.11106  32.9%   211  256s
  5586  4954 5286.51869   28  300 7860.00000 5277.11106  32.9%   209  260s
  5766  5139 5288.41427   35  318 7860.00000 5277.11106  32.9%   206  265s
H 6078  5364                    7859.0000000 5277.11106  32.9%   205  268s
  6321  5521 5302.22932   30  165 7859.00000 5280.21192  32.8%   199  270s
  7035  5917 5308.84367   33  188 7859.00000 5281.77887  32.8%   190  275s
  7509  6406 5338.80615   45  126 7859.00000 5282.67673  32.8%   188  280s
  8087  6944 5306.89484   46  381 7859.00000 5282.67673  32.8%   183  285s
  8307  7183 5464.10230   50  302 7859.00000 5282.67673  32.8%   181  290s
  8563  7420 5321.51008   59  318 7859.00000 5283.70055  32.8%   180  295s
  8876  7662 5367.47781   38  288 7859.00000 5283.70055  32.8%   178  300s
  8935  7817 5375.97391   40  308 7859.00000 5283.70055  32.8%   178  308s
  9055  8009 5383.23412   46  305 7859.00000 5283.70055  32.8%   179  311s
  9420  8313 5400.20234   53  345 7859.00000 5283.70055  32.8%   179  315s
H 9730  8481                    7851.0000000 5283.70055  32.7%   180  319s
  9730  8570 5357.99076   42  288 7851.00000 5283.70055  32.7%   178  321s
  9844  8617 5299.77515   43  371 7851.00000 5283.70055  32.7%   178  327s
 10044  8870 5304.07699   49  363 7851.00000 5283.70055  32.7%   177  331s
 10243  9057 5304.23289   52  367 7851.00000 5283.70055  32.7%   177  336s
H10621  9298                    7848.0000000 5283.70055  32.7%   178  339s
 10621  9361 5322.92781   48  168 7848.00000 5283.70055  32.7%   176  340s
 12264 10439 5346.65520   56  166 7848.00000 5291.00331  32.6%   168  345s
 13201 11268 5342.35399   73  347 7848.00000 5291.00331  32.6%   163  350s
 13555 11617 5356.33905   86  299 7848.00000 5291.00331  32.6%   163  355s
 13831 11892 5358.61339   93  373 7848.00000 5291.00331  32.6%   162  360s
 14368 12419 5417.95467   68  329 7848.00000 5291.00331  32.6%   162  365s
 15004 13001 5625.04948   81  255 7848.00000 5291.00331  32.6%   160  370s
 15595 13469 5314.47839   69  296 7848.00000 5291.00331  32.6%   158  375s
 15890 13673 5317.32293   75  287 7848.00000 5291.10105  32.6%   157  380s
 16037 13832 5319.75968   79  291 7848.00000 5291.10105  32.6%   156  385s
 16595 14268 5306.45650   17  287 7848.00000 5291.10105  32.6%   155  390s
 17033 14645 5384.00019   71  230 7848.00000 5334.63550  32.0%   154  408s
 17438 15041 5386.91115   78  221 7848.00000 5334.63550  32.0%   153  410s
H18599 15893                    7842.0000000 5335.56492  32.0%   149  414s
 18599 16146 5405.58161  102  291 7842.00000 5335.56492  32.0%   148  416s
 19252 16756 5414.08717  134  321 7842.00000 5337.30236  31.9%   147  420s
 19937 17314 5426.49606  153  294 7842.00000 5337.30236  31.9%   145  425s
 20869 18158 5484.25708   98  300 7842.00000 5338.46820  31.9%   143  431s
 21074 18434 5486.39364  102  312 7842.00000 5338.46820  31.9%   143  435s
H21553 18680                    7833.0000000 5338.46820  31.8%   144  437s
 21746 18973 5369.50489   83  320 7833.00000 5338.46820  31.8%   142  440s
 22285 19597 5372.64053   85  302 7833.00000 5338.46820  31.8%   141  445s
 23682 20348 5445.96267   32  317 7833.00000 5445.94380  30.5%   140  505s
 23696 20371 5446.45351   35  329 7833.00000 5446.39736  30.5%   141  511s
 23736 20440 5446.62027   37  324 7833.00000 5446.58294  30.5%   141  517s
 23828 20462 5449.44194   39  304 7833.00000 5446.58294  30.5%   141  521s
 23898 20475 5503.04393   40  220 7833.00000 5446.62115  30.5%   142  528s
 23926 20482 5449.96105   41  276 7833.00000 5446.62115  30.5%   142  530s
 24002 20517 5486.72492   42  138 7833.00000 5446.62115  30.5%   142  536s
 24026 20530 5496.07482   43  157 7833.00000 5446.62115  30.5%   143  540s
 24105 20558 5468.39340   44  292 7833.00000 5446.62115  30.5%   143  545s
 24187 20580 5467.71088   46  403 7833.00000 5446.78256  30.5%   143  551s
 24242 20605 5468.26416   47  324 7833.00000 5446.78256  30.5%   144  555s
 24316 20646 5486.66224   48  319 7833.00000 5446.78256  30.5%   144  560s
 24397 20686 5468.53239   50  326 7833.00000 5446.78256  30.5%   144  567s
 24450 20713 5468.59527   51  343 7833.00000 5446.78256  30.5%   145  571s
 24516 20750 5469.73623   52  320 7833.00000 5446.78256  30.5%   145  575s
 24690 20856 5476.61206   53  283 7833.00000 5446.78256  30.5%   145  581s
H24943 20843                    7829.0000000 5448.71297  30.4%   145  583s
 24943 21089 5595.47231  161  299 7829.00000 5448.71297  30.4%   145  585s
 25417 21567 infeasible  167      7829.00000 5448.71297  30.4%   145  590s
 26392 22501 5817.46240  199  220 7829.00000 5448.71297  30.4%   144  597s
 27019 23108 5600.94808  115  321 7829.00000 5448.71297  30.4%   144  601s
 27783 23676 5614.12729  128  309 7829.00000 5448.71297  30.4%   143  606s
 28830 24527 5641.69849  162  336 7829.00000 5448.71297  30.4%   141  611s
H29061 24479                    7757.0000000 5448.71297  29.8%   141  611s
 29350 24955 5491.15922  103  281 7757.00000 5448.71297  29.8%   140  615s
 30164 25786 5496.84605  125  309 7757.00000 5448.71297  29.8%   139  621s
 31145 26517 infeasible   54      7757.00000 5448.71297  29.8%   138  627s
 31308 26493 5509.65306   55  192 7757.00000 5448.71297  29.8%   138  631s
 31480 26557 5473.26536   57  325 7757.00000 5449.40092  29.7%   138  636s
 31842 26613 5493.22239   59  270 7757.00000 5449.96850  29.7%   139  641s
 32074 26665 5487.55504   61  186 7757.00000 5452.07836  29.7%   139  645s
 32484 26767 5506.85210   63  265 7757.00000 5452.07836  29.7%   139  652s
 32821 26856     cutoff   65      7757.00000 5452.07836  29.7%   140  656s
 33211 26946 5527.57884   69  135 7757.00000 5452.93573  29.7%   140  661s
 33964 25948 5787.80404   22  513 7757.00000 5787.80404  25.4%   143  837s
 33970 25958 5788.67648   24  602 7757.00000 5788.60408  25.4%   143  842s
 33978 25969 5788.70233   25  604 7757.00000 5788.70233  25.4%   143  845s
 34018 26062 5788.82034   27  619 7757.00000 5788.82034  25.4%   144  852s
 34132 26087 5802.59615   29  390 7757.00000 5788.95420  25.4%   145  856s
 34205 26109 5795.36107   30  734 7757.00000 5789.06056  25.4%   145  860s
 34255 26139 5791.12836   32  581 7757.00000 5789.06056  25.4%   146  865s
 34304 26168 5796.53932   33  648 7757.00000 5789.06056  25.4%   146  871s
 34353 26191 5795.48454   34  469 7757.00000 5789.06056  25.4%   147  876s
 34432 26236 5824.63902   35  349 7757.00000 5789.06056  25.4%   148  881s
 34490 26264 5804.89023   36  450 7757.00000 5789.06056  25.4%   148  885s
 34548 26287 5868.22010   37  313 7757.00000 5789.06056  25.4%   149  890s
 34653 26345 5797.90965   39  489 7757.00000 5791.13384  25.3%   149  896s
 34747 26376 5798.49997   40  513 7757.00000 5791.73390  25.3%   150  901s
 34795 26386 5824.69470   40  418 7757.00000 5791.73774  25.3%   150  905s
 34906 26414 5868.62913   41  322 7757.00000 5791.73774  25.3%   151  912s
 35029 26472 5804.02199   42  482 7757.00000 5792.83592  25.3%   153  918s
 35110 26483 5842.67113   43  364 7757.00000 5792.83592  25.3%   153  922s
 35189 26494 5804.93159   43  452 7757.00000 5792.83592  25.3%   153  925s
 35348 26532 5866.03055   44  300 7757.00000 5794.42216  25.3%   155  933s
 35405 26571 5902.93131   45  309 7757.00000 5794.42216  25.3%   156  936s
 35487 26618 5938.32488   45  294 7757.00000 5794.42216  25.3%   157  941s
 35603 26661 5904.32790   46  313 7757.00000 5796.05728  25.3%   158  945s
 35819 26709 5914.30948   47  347 7757.00000 5796.55865  25.3%   159  954s
 35987 26703 5918.24551   48  306 7757.00000 5796.55865  25.3%   160  959s
H36110 26662                    7736.0000000 5798.31820  25.0%   161  959s
 36110 26689 5992.88161  169  344 7736.00000 5798.31820  25.0%   161  962s
 36168 27873 5992.95652  170  346 7736.00000 5798.31820  25.0%   161  970s
 38361 29091 6130.67413  246  221 7736.00000 5798.31820  25.0%   158  980s
H38739 29091                    7706.0000000 5798.31820  24.8%   158  981s
 39310 29955 5864.58482  167  267 7706.00000 5798.31820  24.8%   156  986s
 39977 30576 5866.40910  190  249 7706.00000 5798.31820  24.8%   155  992s
 40314 30901 5868.61089  203  244 7706.00000 5798.31820  24.8%   154  995s
 41064 31732 5875.32913  227  285 7706.00000 5798.31820  24.8%   153 1001s
 41530 31966 5899.54797   80  106 7706.00000 5798.31820  24.8%   152 1006s
 41832 32038 5851.17563   49  186 7706.00000 5800.65511  24.7%   152 1010s
 42545 32261     cutoff   75      7706.00000 5800.65511  24.7%   152 1017s
 43041 32468 5878.94015   54  235 7706.00000 5802.38380  24.7%   152 1022s
 43272 32532     cutoff   47      7706.00000 5802.95754  24.7%   152 1025s
 43831 32749 5855.64106   53  164 7706.00000 5802.95754  24.7%   152 1030s
 44485 32802     cutoff   76      7706.00000 5804.70376  24.7%   152 1036s
 44674 32781 5926.50549   48  331 7706.00000 5805.38682  24.7%   152 1041s
 44758 32822 5927.65544   49  322 7706.00000 5805.38682  24.7%   154 1048s
 44929 32844 5927.84034   49  311 7706.00000 5805.38682  24.7%   155 1054s
 45064 32907 5928.40969   50  330 7706.00000 5811.64809  24.6%   157 1059s
 45262 32946 5934.16222   50  243 7706.00000 5814.54583  24.5%   158 1065s
 45448 33011 infeasible   52      7706.00000 5817.92358  24.5%   159 1071s
 45662 33066 5955.76148   56  280 7706.00000 5817.92358  24.5%   160 1075s
 45875 33105 5982.22739   60  263 7706.00000 5821.84361  24.5%   161 1080s
 46323 33135 5999.12244   81  268 7706.00000 5824.98455  24.4%   162 1089s
 46525 33141 6000.43825   82  257 7706.00000 5824.98455  24.4%   163 1096s
 46696 33223 5954.23394   42  293 7706.00000 5826.80616  24.4%   165 1101s
 46938 33238     cutoff   45      7706.00000 5829.22966  24.4%   166 1106s
 47232 33282     cutoff   42      7706.00000 5830.61644  24.3%   167 1111s
 47561 33252 5933.19207   35  327 7706.00000 5830.61644  24.3%   168 1118s
 47815 33191 6166.89212  282  186 7706.00000 5836.18697  24.3%   170 1121s
 47840 34977 6167.18103  283  186 7706.00000 5836.18697  24.3%   170 1137s
 49736 34992 6222.65403  357  136 7706.00000 5836.18697  24.3%   168 1142s
 49767 36009 6222.65403  358  142 7706.00000 5840.36949  24.2%   168 1145s
H50953 36070                    7700.0000000 6046.15923  21.5%   167 1188s
 51844 36670 6379.68588   38  749 7700.00000 6377.14776  17.2%   169 1740s
 51846 36674 6379.95576   39  672 7700.00000 6379.95576  17.1%   170 1746s
 51850 36680 6380.54447   40  751 7700.00000 6380.54447  17.1%   170 1751s
 51858 36694 6380.82340   41  771 7700.00000 6380.54809  17.1%   170 1757s
 51874 36712 6381.11638   42  808 7700.00000 6380.95441  17.1%   170 1765s
 51898 36779 6381.17891   43  802 7700.00000 6381.12579  17.1%   171 1773s
 51979 36776 6452.23929   44  488 7700.00000 6381.12579  17.1%   171 1779s
 52003 36790 6381.26940   45  723 7700.00000 6381.12579  17.1%   171 1786s
 52027 36805 6446.94283   45  406 7700.00000 6381.12579  17.1%   172 1793s
 52051 36822 6381.34304   46  726 7700.00000 6381.12579  17.1%   172 1798s
 52079 36841 6447.15676   46  450 7700.00000 6381.12579  17.1%   172 1804s
 52110 36854 6381.42813   47  653 7700.00000 6381.12579  17.1%   172 1809s
 52134 36869 6450.83718   47  403 7700.00000 6381.12579  17.1%   173 1816s
 52159 36886 6381.47872   48  697 7700.00000 6381.12579  17.1%   173 1822s
 52187 36907 6450.78744   48  446 7700.00000 6381.12579  17.1%   173 1828s
 52217 36926 6381.63710   49  694 7700.00000 6381.12579  17.1%   173 1833s
 52248 36949 6445.69342   49  508 7700.00000 6381.12579  17.1%   174 1839s
 52281 36969 6381.86707   50  782 7700.00000 6381.12579  17.1%   174 1845s
 52315 36995 6478.23664   50  376 7700.00000 6381.12579  17.1%   174 1852s
 52357 37024 6381.96369   51  748 7700.00000 6381.12579  17.1%   174 1858s
 52400 37047 6401.58355   51  438 7700.00000 6381.12579  17.1%   175 1864s
 52442 37073 6382.42765   52  676 7700.00000 6381.12579  17.1%   175 1870s
 52487 37105 6484.53780   52  434 7700.00000 6381.12579  17.1%   175 1876s
 52544 37140 6383.17768   53  655 7700.00000 6381.12579  17.1%   175 1881s
 52606 37180 6409.42439   53  399 7700.00000 6381.12579  17.1%   176 1887s
 52672 37216 6383.39007   54  684 7700.00000 6381.12579  17.1%   176 1891s
 52743 37255 6437.45438   54  462 7700.00000 6381.12579  17.1%   176 1898s
 52819 37300 6383.57857   55  782 7700.00000 6381.12579  17.1%   176 1906s
 52897 37346 6391.41259   55  637 7700.00000 6383.58579  17.1%   177 1912s
 52982 37383 6384.08457   56  744 7700.00000 6383.59732  17.1%   177 1920s
 53065 37437 6468.09244   56  392 7700.00000 6384.08461  17.1%   178 1927s
 53157 37480 6384.16198   57  797 7700.00000 6384.16198  17.1%   178 1935s
 53252 37517 6384.52387   58  884 7700.00000 6384.52387  17.1%   179 1943s
 53346 37568 6384.58181   59  893 7700.00000 6384.58181  17.1%   179 1951s
 53449 37619 6384.82004   60  820 7700.00000 6384.82004  17.1%   180 1959s
 53552 37670 6384.84704   61  822 7700.00000 6384.84704  17.1%   180 1965s
 53657 37730 6385.05505   62  877 7700.00000 6385.05505  17.1%   181 1974s
 53770 37230 6385.26693   63  861 7700.00000 6385.05757  17.1%   181 1981s
 53798 37309 6475.92922   63  395 7700.00000 6385.26697  17.1%   181 1989s
 53934 37375 6385.44183   64  768 7700.00000 6385.44183  17.1%   182 1999s
H54102 37319                    7699.0000000 6385.44211  17.1%   184 1999s
 54102 37731 6422.74473   53  238 7699.00000 6385.44211  17.1%   183 2004s
 54664 37783 6439.75844   66  276 7699.00000 6385.48670  17.1%   183 2008s
 54973 37975 6466.63494   73  216 7699.00000 6386.11074  17.1%   183 2010s
 55550 38217 6419.58811   52  146 7699.00000 6391.44864  17.0%   183 2016s
 55952 38445 6436.61047   67  207 7699.00000 6391.59717  17.0%   183 2020s
 56649 38874 6459.71895   99  196 7699.00000 6392.01399  17.0%   182 2026s
 57734 39137 6415.32446   46  157 7699.00000 6393.45619  17.0%   181 2033s
 58144 39380 6422.13140   63  248 7699.00000 6393.88283  17.0%   181 2036s
 58610 39374 6470.17797   34  328 7699.00000 6393.88283  17.0%   181 2043s
 58894 39424 6503.74819   37  272 7699.00000 6395.25218  16.9%   182 2050s
 59157 39439 6529.03510   45  322 7699.00000 6396.01795  16.9%   183 2057s
 59356 39613 6532.88492   46  316 7699.00000 6397.95308  16.9%   184 2063s
 59881 39576 6541.21537   58  263 7699.00000 6400.96268  16.9%   185 2068s
 60151 39697 6475.22716   30  297 7699.00000 6400.96268  16.9%   186 2075s
 60725 39761     cutoff   40      7699.00000 6405.85913  16.8%   187 2081s
 61228 39865 6551.01142   34  264 7699.00000 6406.57303  16.8%   187 2087s
 61735 39788 6520.12272   41  291 7699.00000 6408.61075  16.8%   188 2093s
 62065 39861 6547.40360   46  256 7699.00000 6415.13571  16.7%   189 2099s
 62499 39937 6541.68377   42  249 7699.00000 6417.35705  16.6%   189 2105s
 62983 39779 6427.06185   17  415 7699.00000 6426.61221  16.5%   190 2111s
 62989 39789 6428.32030   19  494 7699.00000 6427.45807  16.5%   190 2117s
 62997 39802 6428.51482   20  474 7699.00000 6428.32030  16.5%   190 2120s
 63037 39882 6429.35923   22  469 7699.00000 6428.94698  16.5%   191 2128s
 63106 39884 6430.37083   24  550 7699.00000 6428.94698  16.5%   191 2130s
 63158 39925 6430.64481   25  539 7699.00000 6428.94698  16.5%   191 2137s
 63190 39938 6527.97592   25  391 7699.00000 6428.94698  16.5%   192 2140s
 63249 39435 6577.85700   26  405 7699.00000 6428.94698  16.5%   192 2146s
 63314 39475 6432.00257   27  558 7699.00000 6428.94698  16.5%   192 2150s
 63435 39549 6454.92950   29  305 7699.00000 6428.94698  16.5%   192 2156s
 63544 39617 6455.40711   31  313 7699.00000 6428.94698  16.5%   193 2161s
 63651 39681 6457.03070   33  339 7699.00000 6428.94698  16.5%   193 2167s
 63748 39749 6538.51275   34  271 7699.00000 6428.94698  16.5%   194 2172s
 63860 39785 6540.53953   36  293 7699.00000 6428.94698  16.5%   194 2177s
 63942 39311 6542.05771   37  271 7699.00000 6428.94698  16.5%   195 2181s
 64071 39365 6545.46263   39  262 7699.00000 6428.94698  16.5%   195 2187s
 64146 39389 6557.79615   40  293 7699.00000 6428.94698  16.5%   196 2190s
 64296 38920 6749.37962   42  255 7699.00000 6428.94698  16.5%   197 2197s
 64398 38929 6774.54436   43  265 7699.00000 6432.82364  16.4%   197 2202s
 64491 38958 6775.78893   44  278 7699.00000 6432.82364  16.4%   197 2205s
 64772 38950 6799.03480   48  280 7699.00000 6433.81552  16.4%   198 2212s
 64799 38963 7061.36842   48  241 7699.00000 6433.81552  16.4%   198 2215s
 64831 38985 6799.38900   49  236 7699.00000 6433.81552  16.4%   198 2221s
 64989 39100 6824.70643   50  276 7699.00000 6433.81552  16.4%   198 2227s
 65147 39134 6964.29065   50  267 7699.00000 6445.98938  16.3%   198 2231s
 65475 38818 6830.69156   54  233 7699.00000 6445.98938  16.3%   198 2238s
 65726 38938 6842.61457   57  243 7699.00000 6530.08490  15.2%   198 2243s
 66002 39069 6850.27378   60  227 7699.00000 6530.08490  15.2%   198 2247s
 66342 39186 6953.49109   65  241 7699.00000 6541.80055  15.0%   198 2251s
 66669 39240 7166.66292   71  215 7699.00000 6541.80055  15.0%   198 2255s
 66948 39364 7112.84315   78  236 7699.00000 6541.80055  15.0%   199 2260s
H67289 39251                    7682.0000000 6544.96465  14.8%   200 2260s
 67289 39370 6545.55877   65  810 7682.00000 6545.55877  14.8%   199 2269s
 67445 39417 6545.73780   66  882 7682.00000 6545.73780  14.8%   200 2277s
 67582 39496 6545.77523   67  852 7682.00000 6545.77523  14.8%   201 2284s
 67748 39552 6546.68927   68  861 7682.00000 6546.68927  14.8%   201 2292s
 67917 39610 6546.75232   69  868 7682.00000 6546.75232  14.8%   202 2300s
 68108 39679 6547.08326   70  882 7682.00000 6546.81574  14.8%   202 2308s
 68293 39745 6547.09978   71  878 7682.00000 6547.09978  14.8%   203 2317s
 68471 39818 6547.29006   72  883 7682.00000 6547.29006  14.8%   203 2324s
 68649 39894 6547.58000   73  921 7682.00000 6547.58000  14.8%   203 2332s
 68860 39959 6547.65659   74  915 7682.00000 6547.65659  14.8%   204 2339s
 69055 40015 6547.76738   75  927 7682.00000 6547.76738  14.8%   204 2346s
 69240 40113 6547.83849   76  876 7682.00000 6547.83849  14.8%   205 2354s
 69458 40256 6547.93670   77  905 7682.00000 6547.93670  14.8%   205 2362s
 69764 40222 6548.19034   78  875 7682.00000 6548.19034  14.8%   206 2372s
 69883 40369 6557.82020   79  485 7682.00000 6548.19034  14.8%   207 2380s
 70133 40390 6644.75653   80  358 7682.00000 6548.28061  14.8%   207 2389s
 70260 40596 6548.88061   81  880 7682.00000 6548.88061  14.8%   208 2397s
 70549 40753 6548.98744   82  903 7682.00000 6548.98744  14.7%   208 2405s
 70884 40764 6667.77498   83  424 7682.00000 6549.18671  14.7%   209 2412s
 71064 40993 6549.27129   84  852 7682.00000 6549.27129  14.7%   209 2421s
 71422 41371 6618.77328   79  144 7682.00000 6549.27129  14.7%   209 2425s
 72745 41790 6615.84061   61  221 7682.00000 6549.27129  14.7%   208 2432s
 73388 41652 6598.18602   52  159 7682.00000 6549.27129  14.7%   208 2436s
 73506 42002 6610.36409   60  199 7682.00000 6549.27129  14.7%   208 2440s
 74797 42857 6607.77000   61  220 7682.00000 6549.27129  14.7%   207 2447s
 75448 43415 6576.99094   43  149 7682.00000 6551.09571  14.7%   206 2451s
 76171 43676 6573.55987   39  158 7682.00000 6551.09571  14.7%   205 2455s
 76665 44219 6625.35187   73  190 7682.00000 6551.09571  14.7%   205 2464s
 77299 44420     cutoff   38      7682.00000 6553.64473  14.7%   204 2472s
 77798 44469 6678.45921   53  269 7682.00000 6557.48130  14.6%   206 2479s
 78371 44462     cutoff   42      7682.00000 6561.58504  14.6%   206 2486s
 78848 44589     cutoff   52      7682.00000 6564.95290  14.5%   207 2493s
 79490 44565 6646.69327   53  256 7682.00000 6567.17706  14.5%   208 2500s
 80024 44519 6681.74032   46  268 7682.00000 6569.95316  14.5%   209 2507s
 80470 44430 6647.33773   42  319 7682.00000 6573.04666  14.4%   210 2516s
 80590 44529 6680.84613   44  285 7682.00000 6573.04666  14.4%   210 2523s
 81043 44569 6665.95442   33  295 7682.00000 6575.86952  14.4%   211 2531s
 81640 44641 6665.65564   58  233 7682.00000 6581.52260  14.3%   212 2539s
 82394 44693     cutoff   40      7682.00000 6585.45105  14.3%   213 2548s
 83125 44767 7064.84734   87  242 7682.00000 6587.93890  14.2%   214 2554s
 83564 44737 7165.47667  100  223 7682.00000 6587.93890  14.2%   214 2558s
 83791 44834 infeasible  107      7682.00000 6587.93890  14.2%   214 2562s
 84041 45022 7211.83693  117  213 7682.00000 6587.93890  14.2%   214 2565s
 84742 45181 7239.40166  145  181 7682.00000 6587.93890  14.2%   213 2572s
 85031 45131 6637.29220   27  341 7682.00000 6587.93890  14.2%   213 2575s
 85377 45268 6938.71822   34  385 7682.00000 6588.02676  14.2%   214 2582s
 85502 45442 7204.27466   37  313 7682.00000 6588.02676  14.2%   214 2585s
 86035 45771 7002.87364   38  269 7682.00000 6596.56168  14.1%   214 2592s
 86504 45979 7219.75382   60  338 7682.00000 6596.56168  14.1%   214 2596s
 86967 45928 7068.96668   33  214 7682.00000 6596.56168  14.1%   214 2600s
 87120 45926 7075.22341   39  177 7682.00000 6596.56168  14.1%   214 2606s
 87163 45951 7075.92929   40  175 7682.00000 6596.56168  14.1%   214 2610s
 87635 46525 7110.09061   83  253 7682.00000 6605.84115  14.0%   213 2618s
 88171 46743 7121.22481  120  279 7682.00000 6620.30721  13.8%   213 2623s
 88652 47129 6620.30721   85  851 7682.00000 6620.30721  13.8%   213 2636s
 89241 47040 6620.72942   88  791 7682.00000 6620.72942  13.8%   213 2646s
 89376 47167 6620.92746   89  676 7682.00000 6620.92746  13.8%   214 2656s
 89618 47487 6621.09085   90  768 7682.00000 6621.09085  13.8%   214 2666s
 90077 47606 6621.45694   92  716 7682.00000 6621.45694  13.8%   214 2676s
 90390 47790 6621.64967   93  808 7682.00000 6621.64967  13.8%   215 2687s
 90751 47952 6622.07427   94  783 7682.00000 6622.07427  13.8%   215 2697s
 91100 48297 6713.60086   95  382 7682.00000 6622.51806  13.8%   215 2708s
 91669 48392 6622.67074   97  671 7682.00000 6622.67074  13.8%   215 2720s
 92124 48688 6680.17734   98  507 7682.00000 6623.37966  13.8%   216 2731s
 92693 48813 6624.22457  100  773 7682.00000 6624.22457  13.8%   216 2743s
 93136 48997 6624.49015  101  695 7682.00000 6624.49015  13.8%   216 2755s
 93620 49150 6624.64563  102  718 7682.00000 6624.64563  13.8%   217 2767s
 94136 49346 6654.54257   50  198 7682.00000 6624.64878  13.8%   218 2775s
 94649 50505 6681.69622   79  125 7682.00000 6624.86673  13.8%   217 2785s
 96424 51263 6700.45845   56  157 7682.00000 6625.31398  13.8%   216 2795s
 97630 51946 6634.93533   40  240 7682.00000 6626.82087  13.7%   215 2802s
 98557 52460 6655.10081   56  224 7682.00000 6627.20988  13.7%   214 2809s
 99357 53133 infeasible   97      7682.00000 6627.89045  13.7%   214 2816s
 100295 53843 6648.45801   46  161 7682.00000 6627.89045  13.7%   213 2823s
 101232 54194 infeasible   35      7682.00000 6627.89045  13.7%   212 2835s
 102258 54123 6700.00859   42  302 7682.00000 6632.21438  13.7%   213 2844s
 102963 54362 6718.84757   33  262 7682.00000 6635.70608  13.6%   214 2853s
 103653 54765 6695.26138   43  341 7682.00000 6637.97070  13.6%   214 2871s
 104809 55092 6709.88833   40  221 7682.00000 6641.83609  13.5%   215 2881s
 105754 55540 6713.66751   35  324 7682.00000 6642.92529  13.5%   215 2891s
 106679 55945 6716.68452   50  261 7682.00000 6647.59444  13.5%   216 2900s
 107719 56332 6689.31562   47  322 7682.00000 6649.83418  13.4%   216 2910s
 108680 57146 7172.22714  155  266 7682.00000 6651.61012  13.4%   216 2918s
 109733 57127 7202.14342  208  174 7682.00000 6652.58838  13.4%   215 2923s
 110256 57258 6917.48793   28  322 7682.00000 6652.58838  13.4%   215 2928s
 110747 57228 7269.47733   37  271 7682.00000 6652.58838  13.4%   215 2933s
 111000 57389 6988.09735   39  292 7682.00000 6652.58838  13.4%   216 2938s
 111348 57800 7061.73350   54  264 7682.00000 6652.58838  13.4%   216 2951s
 112312 57718 7099.54070   50  165 7682.00000 6673.31602  13.1%   216 2957s
 112812 57852 7007.61933   25  272 7682.00000 6675.76883  13.1%   217 2963s
 113348 57981 6900.94355   29  345 7682.00000 6675.76883  13.1%   217 2971s
 113888 58148 7238.58812   34  282 7682.00000 6686.66286  13.0%   217 2978s
 114399 58452 7278.87813   34  293 7682.00000 6691.29910  12.9%   218 2986s
 115033 58741 7058.49521   36  360 7682.00000 6691.29910  12.9%   218 2994s
 115772 59016 6765.53659  103  367 7682.00000 6697.84611  12.8%   218 3012s
 116545 59256 6698.06696  105  769 7682.00000 6698.06696  12.8%   219 3025s
 117122 59682 6698.68334  107  845 7682.00000 6698.66469  12.8%   219 3037s
 117820 60049 6699.26070  109  799 7682.00000 6698.66469  12.8%   219 3050s
 118508 60635 6699.57237  111  836 7682.00000 6698.66469  12.8%   220 3073s
 119456 60441 6787.72975  113  410 7682.00000 6699.68514  12.8%   220 3089s
 119635 61261 6701.44381  115  774 7682.00000 6699.68514  12.8%   220 3107s
 120574 61167 6701.92239  118  659 7682.00000 6699.68514  12.8%   221 3123s
 120893 61628 6713.40908  121  494 7682.00000 6699.68514  12.8%   221 3140s
 121617 62245 6703.67129  124  679 7682.00000 6701.51279  12.8%   221 3158s
 122530 62119 6704.09748  127  654 7682.00000 6701.51279  12.8%   222 3176s
 122751 62763 6724.66032   41  205 7682.00000 6701.51279  12.8%   222 3186s
 123842 63747 6729.32607   51  186 7682.00000 6703.01658  12.7%   222 3195s
 125227 64772 6736.12390   67  282 7682.00000 6703.01658  12.7%   221 3204s
 126495 65664 6755.97562  104  286 7682.00000 6704.43032  12.7%   220 3212s
 127704 66616 6725.08253   48  208 7682.00000 6705.21092  12.7%   219 3221s
 128977 67051 6754.88626   73  192 7682.00000 6705.65148  12.7%   219 3229s
 129773 68170 6710.41658   44  234 7682.00000 6705.65148  12.7%   218 3239s
 131276 69313 6763.57731   82  256 7682.00000 6706.29129  12.7%   217 3249s
 132942 70087 infeasible   44      7682.00000 6706.92999  12.7%   216 3262s
 134624 70517 6776.89685   43  226 7682.00000 6710.90731  12.6%   217 3272s
 135584 71089 6788.27739   94  307 7682.00000 6714.39032  12.6%   216 3282s
 136846 71555 6767.77857   50  153 7682.00000 6716.25212  12.6%   216 3292s
 137968 72137 6761.93194   49  325 7682.00000 6718.57470  12.5%   216 3302s
 139326 72883 6788.05105   39  289 7682.00000 6720.75487  12.5%   216 3312s
 140951 73539 6749.53700   39  323 7682.00000 6721.98198  12.5%   216 3321s
 142408 73898 7165.65076   46  342 7682.00000 6724.73634  12.5%   216 3332s
 143024 74655 7218.67770   63  359 7682.00000 6727.27917  12.4%   216 3345s
 144374 74379 7290.33268  108  218 7682.00000 6740.60395  12.3%   216 3355s
 144816 74977 7297.63612  124  289 7682.00000 6741.13138  12.2%   217 3365s
 146029 74992 7220.10846   67  195 7682.00000 6753.63960  12.1%   217 3376s
 146893 75075 7101.82269   33  291 7682.00000 6757.92441  12.0%   217 3387s
 147651 75606 7130.60879   26  259 7682.00000 6761.20292  12.0%   217 3399s
 148799 75239 7035.76653   31  267 7682.00000 6767.23987  11.9%   218 3411s
 148831 75533 7081.88885   32  324 7682.00000 6767.23987  11.9%   218 3423s
 149393 76409 infeasible   32      7682.00000 6767.23987  11.9%   217 3436s
 150888 76601 7306.84891   32  276 7682.00000 6773.00336  11.8%   217 3448s
 152040 77171 6779.43088  128  655 7682.00000 6776.76525  11.8%   217 3471s
 153159 76852 6780.79193  132  645 7682.00000 6776.76525  11.8%   218 3489s
 153222 77218 6875.75202  132  380 7682.00000 6776.96346  11.8%   218 3511s
 153659 78356 6781.80121  135  695 7682.00000 6776.96346  11.8%   218 3535s
 155096 78885 6784.47092  138  717 7682.00000 6777.43836  11.8%   218 3557s
 156238 79300 6785.47241  141  681 7682.00000 6777.43836  11.8%   218 3578s
 157205 80042 6786.06032  144  716 7682.00000 6777.82598  11.8%   218 3598s
 158384 80575 6787.20869  148  795 7682.00000 6777.82598  11.8%   219 3620s
 159466 81310 6788.00795  151  665 7682.00000 6777.82598  11.8%   219 3642s
 160700 82190 6788.54826  153  672 7682.00000 6777.82598  11.8%   219 3665s
 162112 83241 6801.16024   75  314 7682.00000 6777.82598  11.8%   219 3677s
 163867 84285 6838.54415   49  135 7682.00000 6778.77488  11.8%   219 3686s
 165423 85333 6819.14674   72  262 7682.00000 6779.29934  11.8%   218 3696s
 166809 86666 6793.51689   51  271 7682.00000 6779.78885  11.7%   217 3706s
 168761 87883 6829.84878   56  250 7682.00000 6780.25658  11.7%   216 3717s
 170581 89396 6839.86861   76  246 7682.00000 6781.07084  11.7%   215 3727s
 172593 89527 6781.07084   44  500 7682.00000 6781.07084  11.7%   215 4127s
 172595 89530 6781.07084   45  525 7682.00000 6781.07084  11.7%   215 4131s
 172607 89542 6781.07084   47  544 7682.00000 6781.07084  11.7%   215 4136s
 172623 89554 6781.07084   48  545 7682.00000 6781.07084  11.7%   215 4140s
 172703 89607 6781.07084   50  391 7682.00000 6781.07084  11.7%   215 4147s
 172804 89650 6781.07084   52  410 7682.00000 6781.07084  11.7%   215 4152s
 172905 89688 6783.68345   53  294 7682.00000 6781.07084  11.7%   215 4156s
 173051 89741 6781.07084   55  420 7682.00000 6781.07084  11.7%   215 4161s
 173143 89774 6781.07084   56  419 7682.00000 6781.07084  11.7%   215 4165s
 173301 89812 6793.86508   57  356 7682.00000 6781.07084  11.7%   215 4171s
 173407 89832 6781.07084   59  426 7682.00000 6781.07084  11.7%   215 4176s
 173524 89838 6795.86878   60  303 7682.00000 6781.07084  11.7%   215 4181s
 173619 89829 6788.70182   61  201 7682.00000 6781.07084  11.7%   215 4186s
 173678 89841 6798.76735   63  254 7682.00000 6781.07084  11.7%   215 4192s
 173723 89851 6809.62322   65  133 7682.00000 6781.07084  11.7%   215 4195s
 173780 90886 6818.51026   46  251 7682.00000 6781.07084  11.7%   215 4212s
 176345 91542 6831.37391   45  224 7682.00000 6783.37142  11.7%   215 4222s
 177991 92032     cutoff   40      7682.00000 6785.48250  11.7%   214 4233s
 179373 92394     cutoff   39      7682.00000 6787.49470  11.6%   214 4246s
 180389 93156 6808.85600   49  248 7682.00000 6788.59365  11.6%   214 4258s
 182103 94020 6839.33754   63  146 7682.00000 6790.60840  11.6%   214 4272s
 183854 94900 6833.14623   51  211 7682.00000 6791.55136  11.6%   213 4284s
 185855 95919 infeasible   35      7682.00000 6792.99428  11.6%   213 4300s
 187624 95822 7161.65952   35  329 7682.00000 6792.99428  11.6%   213 4312s
 188654 96513 6954.50836   28  296 7682.00000 6803.66586  11.4%   214 4324s
 190270 97122 7311.23524   34  162 7682.00000 6803.66586  11.4%   214 4337s
 191613 97146 7189.52261   34  281 7682.00000 6816.38542  11.3%   214 4349s
 191640 97612 7110.03934   34  252 7682.00000 6816.38542  11.3%   214 4362s
 192292 98439 7222.20292   47  233 7682.00000 6816.38542  11.3%   214 4375s
 193724 99536 7055.68062   49  296 7682.00000 6818.63570  11.2%   214 4389s
 195573 99889 7275.60128   37  204 7682.00000 6821.26564  11.2%   214 4402s
 196317 100850 7054.14947   37  365 7682.00000 6827.53130  11.1%   214 4416s
 197821 102064 6843.19339  157  640 7682.00000 6831.27141  11.1%   214 4445s
 199242 103733 6844.00845  161  620 7682.00000 6831.27141  11.1%   215 4472s
 201024 104069 6947.98091  165  392 7682.00000 6831.27141  11.1%   215 4497s
 201582 105175 6861.81436  168  514 7682.00000 6831.27141  11.1%   215 4525s
 202859 106784 6852.11688  173  570 7682.00000 6834.14551  11.0%   216 4554s
 204666 107441 6853.08157  179  602 7682.00000 6834.14551  11.0%   216 4583s
 205625 108017 6854.02379  182  586 7682.00000 6834.14551  11.0%   217 4614s
 206424 109431 6867.47228  186  464 7682.00000 6834.14551  11.0%   217 4647s
 208233 111665 6871.11521  193  572 7682.00000 6835.93356  11.0%   218 4680s
 210643 111704 6884.53756   66  192 7682.00000 6835.93356  11.0%   218 4689s
 210750 111701 infeasible   69      7682.00000 6835.93356  11.0%   218 4692s
 210917 111730     cutoff   75      7682.00000 6835.93356  11.0%   218 4697s
 211001 111758 6886.65766   78   88 7682.00000 6835.93356  11.0%   218 4701s
 211181 111813 6911.08021   86   79 7682.00000 6835.93356  11.0%   218 4707s
 211293 111822 6891.19260   89  166 7682.00000 6835.93356  11.0%   218 4710s
 211483 111873 6893.23469   98  178 7682.00000 6835.93356  11.0%   218 4717s
 211602 111884 6894.44214  103  267 7682.00000 6835.93356  11.0%   218 4720s
 211839 111925 6909.44583  113   92 7682.00000 6835.93356  11.0%   218 4728s
 211968 111941 6852.87995   60  296 7682.00000 6835.93356  11.0%   218 4732s
 212107 111972 6853.38819   62  269 7682.00000 6835.93356  11.0%   218 4737s
 212270 111986 6854.77674   66  288 7682.00000 6835.93356  11.0%   218 4741s
 212441 111987 6871.14360   69  245 7682.00000 6835.93356  11.0%   218 4746s
 212610 111996 6878.01348   74  270 7682.00000 6835.93356  11.0%   217 4750s
 212945 112080 6898.23421   88  226 7682.00000 6835.93356  11.0%   217 4758s
 213145 112124 6902.22674   97  234 7682.00000 6835.93356  11.0%   217 4762s
 213406 112191 6905.73101  112  232 7682.00000 6835.93356  11.0%   217 4767s
 213718 112293 6873.59313   56  222 7682.00000 6835.93356  11.0%   217 4772s
 214108 112338 6884.53615   74  253 7682.00000 6835.93356  11.0%   217 4777s
 214435 112412 6902.17755   97  272 7682.00000 6835.93356  11.0%   217 4782s
 214853 112520 6849.63131   57  151 7682.00000 6835.93356  11.0%   217 4787s
 215281 112576 6885.27021   90   59 7682.00000 6838.24720  11.0%   217 4792s
 215758 112589 6881.89160   66  204 7682.00000 6839.88929  11.0%   217 4797s
 216165 112476 6855.92135   69  179 7682.00000 6840.32553  11.0%   217 4803s
 216189 112488 6856.33677   70  182 7682.00000 6840.32553  11.0%   217 4809s
 216216 112496 6856.33677   71  186 7682.00000 6840.39812  11.0%   217 4815s
 216247 112551 6856.42517   72  193 7682.00000 6840.39812  11.0%   217 4821s
 216339 112798 6856.62582   73  179 7682.00000 6840.39812  11.0%   217 4828s
 216730 112968 6867.17223   52  209 7682.00000 6840.39812  11.0%   216 4835s
 217173 113241 6899.10295   65  187 7682.00000 6840.39812  11.0%   216 4842s
 217812 113448 6851.27848   59  244 7682.00000 6845.52538  10.9%   216 4848s
 218507 113775 6852.07000   52  184 7682.00000 6845.81374  10.9%   216 4856s
 219242 114066 6863.81519   55  228 7682.00000 6845.81374  10.9%   215 4862s
 220151 114076 6878.02986   63  249 7682.00000 6845.81374  10.9%   215 4868s
 220808 114098 6888.58888   72  219 7682.00000 6847.64558  10.9%   215 4874s
 221428 114299 6897.21409   96  132 7682.00000 6848.48934  10.9%   215 4881s
 222023 114594 6902.42827  105  145 7682.00000 6848.48934  10.9%   214 4888s
 222896 114986 6864.96582   90  117 7682.00000 6848.48934  10.9%   214 4894s
 223751 115252 6877.88778  133  225 7682.00000 6848.48934  10.9%   214 4901s
 224526 115562 6884.86786  170  269 7682.00000 6848.48934  10.9%   213 4908s
 225248 116041 6886.64994  181  213 7682.00000 6849.45708  10.8%   213 4915s
 226413 117085 6866.45062   41  357 7682.00000 6850.14031  10.8%   213 5007s
 229710 117883 6873.78882   65  340 7682.00000 6851.69575  10.8%   212 5021s
 231609 118386 6878.76128   50  134 7682.00000 6852.96868  10.8%   212 5036s
 232898 119457 6899.08062   56  239 7682.00000 6853.34733  10.8%   211 5051s
 235150 120485 6874.73145   45  298 7682.00000 6854.88038  10.8%   211 5066s
 237755 121754 6885.00751   43  315 7682.00000 6856.10165  10.8%   210 5080s
 240616 123117 6884.51557   70  280 7682.00000 6857.19876  10.7%   210 5096s
 244043 123400 7025.00663   29  962 7682.00000 7024.90644  8.55%   210 6132s
 244045 123404 7026.50353   30  782 7682.00000 7025.00773  8.55%   210 6137s
 244049 123410 7026.60398   31  828 7682.00000 7026.51026  8.53%   210 6143s
 244057 123424 7026.89121   32  914 7682.00000 7026.60538  8.53%   210 6150s
 244073 123441 7027.52699   33  855 7682.00000 7026.89121  8.53%   210 6160s
 244097 123459 7027.65423   34  854 7682.00000 7027.54288  8.52%   210 6168s
 244127 123477 7050.83178   35  704 7682.00000 7027.54288  8.52%   210 6177s
 244158 123487 7035.57931   35  802 7682.00000 7035.57931  8.41%   210 6185s
 244183 123510 7305.74755   36  375 7682.00000 7035.58098  8.41%   211 6194s
 244216 123541 7051.41712   36  796 7682.00000 7035.58098  8.41%   211 6201s
 244262 123570 7064.55661   37  531 7682.00000 7035.58098  8.41%   211 6211s
 244318 123592 7075.59269   37  626 7682.00000 7035.58098  8.41%   211 6217s
 244371 123611 7086.66819   38  635 7682.00000 7035.58098  8.41%   211 6223s
 244423 123614 7106.33871   38  595 7682.00000 7035.58098  8.41%   211 6231s
 244486 123626 7153.31369   39  520 7682.00000 7035.58098  8.41%   211 6238s
 244541 123651 7106.90189   39  545 7682.00000 7035.58098  8.41%   211 6244s
 244609 123675     cutoff   40      7682.00000 7036.36631  8.40%   211 6249s
 244676 123696 7308.14417   41  407 7682.00000 7036.36631  8.40%   211 6255s
 244824 123741 7237.53997   42  309 7682.00000 7036.36631  8.40%   211 6265s
 244923 123750 7233.47887   42  317 7682.00000 7036.36631  8.40%   211 6273s
 245017 123747 7241.07171   43  319 7682.00000 7039.87559  8.36%   212 6281s
 245111 123757 7241.52460   44  340 7682.00000 7039.87559  8.36%   212 6289s
 245199 123746 7330.22201   46  316 7682.00000 7039.87559  8.36%   212 6295s
 245224 123751     cutoff   46      7682.00000 7039.87559  8.36%   212 6302s
 245254 123762 7159.50939   36  341 7682.00000 7039.87559  8.36%   212 6307s
 245284 123777 7340.38334   37  305 7682.00000 7039.87559  8.36%   212 6313s
 245340 123800 7342.87164   40  301 7682.00000 7039.87559  8.36%   212 6321s
 245448 123819 7348.03073   48  261 7682.00000 7064.55928  8.04%   212 6330s
 245563 123839 7110.30411   39  475 7682.00000 7064.55928  8.04%   212 6337s
 245687 123845 7225.34243   41  448 7682.00000 7064.55928  8.04%   212 6345s
 245792 123850 7340.66158   43  390 7682.00000 7064.55928  8.04%   212 6354s
 245890 123915     cutoff   45      7682.00000 7064.55928  8.04%   212 6362s
 246058 123917 7157.16395   36  393 7682.00000 7071.20529  7.95%   212 6372s
 246210 123936 7312.05980   39  349 7682.00000 7071.20529  7.95%   212 6380s
 246367 123954 7249.15778   42  378 7682.00000 7071.20529  7.95%   213 6389s
 246520 123974 7281.24924   46  343 7682.00000 7085.61170  7.76%   213 6398s
 246692 124000 7335.61807   52  299 7682.00000 7085.61170  7.76%   213 6407s
 246884 124036 7145.43468   39  463 7682.00000 7086.31664  7.75%   213 6416s
 247059 124074 7334.01886   41  376 7682.00000 7086.31664  7.75%   213 6424s
 247271 124081     cutoff   44      7682.00000 7086.31664  7.75%   213 6434s
 247478 124112 7182.32646   45  369 7682.00000 7100.04211  7.58%   213 6444s
 247687 124116     cutoff   51      7682.00000 7108.49175  7.47%   213 6455s
 247897 124128 7292.91701   61  374 7682.00000 7111.21221  7.43%   213 6465s
 248139 124122 7299.20688   75  319 7682.00000 7111.21221  7.43%   213 6475s
 248330 124154 7313.09771   90  402 7682.00000 7114.39734  7.39%   214 6487s
 248625 124141 7330.49845  105  373 7682.00000 7114.39734  7.39%   214 6500s
 248899 124110 7336.06589  124  295 7682.00000 7116.80046  7.36%   214 6512s
 249101 124152 7282.11612   46  318 7682.00000 7116.80046  7.36%   214 6525s
 249423 124251 7318.56354   66  227 7682.00000 7124.89626  7.25%   214 6537s
 249766 124417 7342.37463   97  189 7682.00000 7126.31441  7.23%   214 6550s
 250321 124540 7240.84991   37  386 7682.00000 7126.31441  7.23%   214 6564s
 250875 124732 7244.28485   56  321 7682.00000 7137.97184  7.08%   214 6576s
 251478 124885 7349.62983  109  265 7682.00000 7138.35384  7.08%   214 6590s
 252159 124916     cutoff   40      7682.00000 7142.96901  7.02%   214 6604s
 252747 125198 7338.26772   40  364 7682.00000 7148.79509  6.94%   215 6619s
 253572 125287 7331.37307   39  374 7682.00000 7153.31475  6.88%   215 6634s
 254302 125622 7321.73061   46  314 7682.00000 7153.50562  6.88%   215 6650s
 255370 125337     cutoff   58      7682.00000 7161.08838  6.78%   215 6664s
 255538 125682     cutoff   63      7682.00000 7161.08838  6.78%   215 6679s
 256273 126166 7349.07499   46  273 7682.00000 7169.76511  6.67%   215 6696s
 257426 126193 7334.57966   41  365 7682.00000 7176.36203  6.58%   215 6712s
 258385 126452 7295.20917   42  258 7682.00000 7182.40867  6.50%   215 6728s
 259826 126457 7252.64982   53 1040 7682.00000 7252.58573  5.59%   215 7865s
 259828 126460 7252.84187   54 1065 7682.00000 7252.65423  5.59%   215 7871s
 259832 126467 7252.86349   55  955 7682.00000 7252.84300  5.59%   215 7877s
 259840 126478 7253.55302   56 1072 7682.00000 7252.87097  5.59%   215 7882s
 259856 126497 7253.99916   57 1213 7682.00000 7253.55328  5.58%   215 7891s
 259880 126567 7254.11016   58 1187 7682.00000 7254.00568  5.57%   216 7900s
 259961 126563 7254.14510   60 1213 7682.00000 7254.00568  5.57%   216 7905s
 259986 126577 7309.01477   60  579 7682.00000 7254.00568  5.57%   216 7911s
 260010 126593 7254.21927   61 1221 7682.00000 7254.00568  5.57%   216 7917s
 260034 126608 7306.06110   61  550 7682.00000 7254.00568  5.57%   216 7925s
 260059 126624 7254.23143   62 1045 7682.00000 7254.00568  5.57%   216 7931s
 260083 126640 7313.49131   62  629 7682.00000 7254.00568  5.57%   216 7937s
 260107 126652 7254.26254   63 1164 7682.00000 7254.00568  5.57%   216 7942s
 260134 126664 7323.55225   63  585 7682.00000 7254.00568  5.57%   216 7949s
 260161 126677 7255.16962   64 1041 7682.00000 7254.00568  5.57%   216 7953s
 260186 126692 7256.21247   64 1178 7682.00000 7254.00568  5.57%   216 7958s
 260211 126708 7255.63770   65  925 7682.00000 7254.00568  5.57%   216 7962s
 260238 126722 7277.28183   65  660 7682.00000 7254.00568  5.57%   216 7971s
 260262 126735 7255.69314   66  903 7682.00000 7254.00568  5.57%   216 7976s
 260288 126749 7356.34795   66  508 7682.00000 7254.00568  5.57%   217 7983s
 260312 126766 7255.92323   67 1066 7682.00000 7254.00568  5.57%   217 7989s
 260348 126795 7284.03807   67  516 7682.00000 7254.00568  5.57%   217 7998s
 260397 126831 7256.17747   68 1155 7682.00000 7254.28452  5.57%   217 8005s
 260457 126867 7289.32717   68  541 7682.00000 7254.28452  5.57%   217 8014s
 260521 126899 7256.91142   69 1170 7682.00000 7254.28452  5.57%   217 8022s
 260584 126941 7293.83568   69  500 7682.00000 7254.39687  5.57%   217 8030s
 260658 126980 7258.08654   70 1100 7682.00000 7254.40060  5.57%   217 8037s
 260733 127021 7280.94848   70  677 7682.00000 7254.40060  5.57%   217 8046s
 260809 127075 7258.17321   71 1060 7682.00000 7254.40060  5.57%   218 8054s
 260906 127129 7363.13832   71  524 7682.00000 7254.40060  5.57%   218 8063s
 261014 127113 7258.48840   72 1061 7682.00000 7254.40060  5.57%   218 8069s
 261039 127121 7263.67047   72 1003 7682.00000 7254.40060  5.57%   218 8076s
 261063 127138 7263.68079   73 1103 7682.00000 7254.40060  5.57%   218 8083s
 261090 127170 7319.93122   73  603 7682.00000 7254.40060  5.57%   218 8092s
 261144 127223 7264.18082   74 1015 7682.00000 7254.40060  5.57%   218 8101s
 261226 127263 7327.05258   74  644 7682.00000 7254.40060  5.57%   218 8109s
 261332 127314 7264.18090   75 1013 7682.00000 7254.40060  5.57%   218 8118s
 261461 127373 7279.69015   75  534 7682.00000 7255.54497  5.55%   218 8127s
 261587 127438 7264.34908   76  814 7682.00000 7255.97521  5.55%   219 8135s
 261734 127497 7326.52256   76  595 7682.00000 7255.97521  5.55%   219 8145s
 261889 127557 7264.59441   77  927 7682.00000 7255.97521  5.55%   219 8153s
 262045 127620 7264.66181   78  923 7682.00000 7255.97521  5.55%   219 8164s
 262219 127687 7265.11254   79  868 7682.00000 7255.97521  5.55%   219 8174s
 262389 127751 7270.37340   80  785 7682.00000 7256.14479  5.54%   219 8184s
 262572 127825 7265.42050   80  837 7682.00000 7256.14479  5.54%   219 8196s
 262761 127882 7268.22291   82  906 7682.00000 7256.14479  5.54%   219 8208s
 262938 127964 7268.30028   83  934 7682.00000 7256.14479  5.54%   220 8219s
 263148 128024 7268.36733   84  921 7682.00000 7256.14479  5.54%   220 8230s
 263349 128103 7268.68859   85  891 7682.00000 7256.14479  5.54%   220 8242s
 263584 128186 7276.11384   86  796 7682.00000 7256.14479  5.54%   220 8255s
 263861 128251 7318.97756   87  612 7682.00000 7256.14479  5.54%   220 8268s
 264130 128337 7271.16632   89  956 7682.00000 7256.14479  5.54%   220 8282s
 264419 128381 7271.30722   90  955 7682.00000 7256.14479  5.54%   221 8297s
 264669 128457 7374.42816   91  288 7682.00000 7257.18368  5.53%   221 8311s
 264893 128538 7348.02042   92  589 7682.00000 7257.18368  5.53%   221 8326s
 265122 128626 7364.85144   93  657 7682.00000 7257.18368  5.53%   221 8342s
 265398 128715 7273.82011   95  958 7682.00000 7257.18368  5.53%   222 8357s
 265681 128793 7385.73901   96  569 7682.00000 7257.18368  5.53%   222 8374s
 265974 128921 7274.80700   98 1041 7682.00000 7258.89286  5.51%   222 8391s
 266285 128899 7275.53663  100 1005 7682.00000 7258.89286  5.51%   222 8411s
 266437 128995 7363.99057  100  551 7682.00000 7258.89286  5.51%   223 8427s
 266622 129008 7281.61091  101  759 7682.00000 7258.89286  5.51%   223 8444s
 266727 129210 7276.24083  101  913 7682.00000 7258.89286  5.51%   223 8463s
 267101 129350 7277.02907  103  850 7682.00000 7258.89286  5.51%   223 8482s
 267513 129491 7277.78400  105 1018 7682.00000 7258.89286  5.51%   223 8501s
 267877 129747 7278.49144  107 1078 7682.00000 7261.12296  5.48%   224 8521s
 268394 129948 7278.58290  109 1094 7682.00000 7261.12296  5.48%   224 8543s
 268932 130145 7279.18109  111  837 7682.00000 7261.48983  5.47%   224 8564s
 269418 130402 7280.22297  113 1130 7682.00000 7261.74579  5.47%   224 8587s
 269959 130857 7352.34490  115  609 7682.00000 7261.74579  5.47%   225 8611s
 270723 131204 7285.03761  117 1212 7682.00000 7261.74579  5.47%   225 8634s
 271554 131546 7284.52779  120 1036 7682.00000 7261.74579  5.47%   225 8659s
 272413 131798 7285.62157  123  994 7682.00000 7261.74579  5.47%   226 8683s
 273162 132091 7286.51266  126 1015 7682.00000 7261.74579  5.47%   226 8711s
 274038 132249 7287.16453  129 1033 7682.00000 7261.74579  5.47%   227 8736s
 274663 132814 infeasible  217      7682.00000 7261.74579  5.47%   227 8746s
 275595 133550 7323.74931  118  138 7682.00000 7262.69529  5.46%   227 8753s
 276865 133786 7298.76448   93  274 7682.00000 7262.69529  5.46%   226 8760s
 277873 133859 7304.02823   65  147 7682.00000 7263.37794  5.45%   226 8766s
 278674 134123 7308.90444   60  173 7682.00000 7263.37794  5.45%   226 8773s
 279617 134455 7273.95049   79  229 7682.00000 7263.37794  5.45%   225 8780s
 280537 134818 7296.21248  109  218 7682.00000 7263.37794  5.45%   225 8786s
 281449 135377 7279.89119   68  308 7682.00000 7263.37794  5.45%   225 8792s
 282669 136374 7301.13442  122  224 7682.00000 7265.18540  5.43%   224 8806s
 284671 135807 7294.32426   76  141 7682.00000 7265.43835  5.42%   224 8813s
 284795 136156 7294.52576   79  140 7682.00000 7265.43835  5.42%   224 8821s
 285345 136323 7306.86609   96  121 7682.00000 7265.43835  5.42%   223 8830s
 285996 137252 7286.11731   79  258 7682.00000 7266.43165  5.41%   223 8839s
 287640 137384 7288.80848   66  274 7682.00000 7266.81139  5.40%   223 8848s
 288841 137609 7314.27824  103  208 7682.00000 7266.81139  5.40%   222 8858s
 290242 137787 7278.49665   57  228 7682.00000 7267.20182  5.40%   222 8868s
 291559 138245 7316.75816   80  151 7682.00000 7267.27133  5.40%   222 8879s
 293005 138824 7293.83320   70  262 7682.00000 7267.93043  5.39%   221 8890s
 294703 140335 infeasible   40      7682.00000 7267.93043  5.39%   221 8912s
 299215 141629 7304.04023   38  312 7682.00000 7269.32383  5.37%   220 8926s
 301739 142719 7300.70101   60  358 7682.00000 7270.17450  5.36%   219 8939s
 304314 144687 7292.93257   47  266 7682.00000 7270.85584  5.35%   218 8964s
 308846 145866 7287.12551   45  317 7682.00000 7271.75892  5.34%   217 8976s
 311591 147043 7293.98943   41  240 7682.00000 7272.34004  5.33%   217 8989s
 313958 148211 7297.72086   56  308 7682.00000 7272.84184  5.33%   216 9002s
 316307 148788 infeasible   49      7682.00000 7273.25356  5.32%   216 9023s
 317570 148730 7323.60270   45  406 7682.00000 7277.76971  5.26%   216 9035s
 318314 149063 7369.18790   46  378 7682.00000 7283.90824  5.18%   216 9048s
 319207 149530 7368.17588   49  270 7682.00000 7285.36951  5.16%   216 9061s
 320374 149501 7428.81272  147  210 7682.00000 7285.73328  5.16%   215 9073s
 321268 149747 7428.78582   47  279 7682.00000 7293.39563  5.06%   215 9085s
 322286 150271 7422.72098   39  359 7682.00000 7295.76705  5.03%   215 9098s
 323632 150353 7399.62537   42  443 7682.00000 7304.06060  4.92%   215 9109s
 324623 150751 7427.70371   65  297 7682.00000 7304.64345  4.91%   215 9122s
 325853 151950     cutoff   44      7682.00000 7309.00292  4.86%   215 9148s
 328586 151524     cutoff   48      7682.00000 7311.33691  4.83%   215 9160s
 329549 152180 7344.12040   44  336 7682.00000 7316.36387  4.76%   214 9172s
 331007 152572 7346.21461   44  279 7682.00000 7319.01470  4.73%   214 9185s
 332436 153425 7433.54768   46  318 7682.00000 7321.31167  4.70%   214 9197s
 334340 154207 7352.27545   86  264 7682.00000 7324.32841  4.66%   213 9210s
 336290 154049 7443.14027  131  578 7682.00000 7326.22495  4.63%   213 9241s
 337042 154379 7352.43934  134  945 7682.00000 7326.76685  4.62%   213 9269s
 337852 154660 7353.45249  139 1143 7682.00000 7326.76685  4.62%   214 9295s
 338758 154876 7354.28332  143 1046 7682.00000 7326.76685  4.62%   215 9321s
 339473 155266 7355.02306  148  987 7682.00000 7326.76685  4.62%   215 9348s
 340321 155737 7398.57721  151  648 7682.00000 7332.31449  4.55%   216 9376s
 341209 156261 7356.56053  155  956 7682.00000 7333.25309  4.54%   216 9404s
 342208 156600 7447.19042  158  479 7682.00000 7333.25309  4.54%   217 9431s
 343066 157131 7410.16273  162  389 7682.00000 7333.25309  4.54%   217 9461s
 344077 157475 7370.06556  169  797 7682.00000 7333.25309  4.54%   218 9491s
 344950 157994 7374.66368  174  784 7682.00000 7333.25309  4.54%   218 9524s
 346026 158982 7398.05038  190  323 7682.00000 7334.85378  4.52%   219 9569s
 347667 159377 7399.53622  205  483 7682.00000 7334.85378  4.52%   220 9597s
 348854 159872 7403.10569  220  501 7682.00000 7334.85378  4.52%   220 9625s
 350037 160393     cutoff  233      7682.00000 7334.85378  4.52%   220 9653s
 351256 160841 infeasible  250      7682.00000 7334.85378  4.52%   221 9684s
 352449 161349 7457.54470  269  343 7682.00000 7336.83613  4.49%   221 9716s
 353843 161708     cutoff  298      7682.00000 7337.23671  4.49%   222 9751s
 355073 161847 7445.12407  318  583 7682.00000 7339.32471  4.46%   223 9786s
 355944 162551 7433.55267  344  541 7682.00000 7339.32471  4.46%   223 9824s
 357539 163313 7371.23309   90  184 7682.00000 7339.56825  4.46%   224 9838s
 359461 163978 7387.10322  106  162 7682.00000 7340.09865  4.45%   223 9849s
 361467 164446 7355.33516   69  148 7682.00000 7340.51731  4.45%   223 9860s
 363409 164963 7384.75230   70  259 7682.00000 7341.37186  4.43%   222 9871s
 365193 165733 7362.35892   76  179 7682.00000 7341.69302  4.43%   222 9882s
 367351 166123 7353.31859   75  159 7682.00000 7342.07165  4.42%   221 9893s
 369159 166697 7351.02309   52  268 7682.00000 7342.32942  4.42%   221 9904s
 371229 167547     cutoff   96      7682.00000 7342.68890  4.42%   220 9922s
 373485 167700 7377.90637   63  187 7682.00000 7342.91302  4.41%   220 9938s
 375381 169313 7386.29218   80  176 7682.00000 7343.09718  4.41%   219 9955s
 378874 169489 7393.82811   78   97 7682.00000 7343.78713  4.40%   218 9970s
 381304 170490 7387.92350   73  143 7682.00000 7343.91620  4.40%   218 9985s
 384114 171462     cutoff   76      7682.00000 7344.26043  4.40%   217 10003s
 388421 171924 infeasible   46      7682.00000 7345.14144  4.39%   216 10014s
 389607 173226 7382.53833   55  230 7682.00000 7345.14144  4.39%   216 10026s
 392435 174542 7375.01891   46  243 7682.00000 7345.86172  4.38%   215 10038s
 395345 175615 7361.77420   52  348 7682.00000 7346.19188  4.37%   215 10049s
 398076 177335 7374.93367   48  202 7682.00000 7346.78670  4.36%   214 10070s
 402264 178373 7380.29641   47  296 7682.00000 7347.41051  4.36%   213 10080s
 404690 179003 7366.20840   52  221 7682.00000 7347.75489  4.35%   213 10092s
 406196 180114 7377.76230   50  250 7682.00000 7347.98295  4.35%   213 10103s
 408852 181168 7369.31176   50  342 7682.00000 7348.47143  4.34%   212 10114s
 411671 184748 7426.18454   44  331 7682.00000 7348.73569  4.34%   212 10141s
 416401 183830 7449.12569  120  120 7682.00000 7349.40512  4.33%   210 10150s
 417383 184731 7446.11768  144  265 7682.00000 7351.42156  4.30%   210 10160s
 419243 185223 7373.91922   43  395 7682.00000 7353.38616  4.28%   210 10171s
 420801 185667 7399.22026   86  294 7682.00000 7354.34319  4.27%   209 10186s
 422148 187042 7462.05707  143  276 7682.00000 7355.46966  4.25%   209 10198s
 424426 187924 7435.27382   66  243 7682.00000 7355.99705  4.24%   208 10210s
 426809 191204 7372.40490   49  309 7682.00000 7356.14871  4.24%   208 10242s
 432755 190812 7455.91569  163  214 7682.00000 7358.75836  4.21%   206 10254s
 435027 191901 7422.34291  116  335 7682.00000 7359.61137  4.20%   206 10267s
 437978 192352 7470.32904  387  464 7682.00000 7360.83084  4.18%   205 10318s
 439882 193367 7463.31055  149  349 7682.00000 7361.73360  4.17%   206 10362s
 441816 194299 7390.84060   84  519 7682.00000 7362.25267  4.16%   206 10403s
 443659 195340 7412.49703  126  475 7682.00000 7362.51928  4.16%   207 10446s
 445633 196150 7452.69107  207  471 7682.00000 7363.18659  4.15%   207 10488s
 447454 196975 7398.73976  124  475 7682.00000 7363.30337  4.15%   207 10532s
 449262 198102 infeasible  215      7682.00000 7363.56295  4.15%   208 10577s
 451457 199500 7424.82792  112  352 7682.00000 7364.75947  4.13%   208 10644s
 453966 200673 7386.57406   69  376 7682.00000 7365.62953  4.12%   209 10699s
 456354 201705 7393.05907  132  447 7682.00000 7365.62953  4.12%   210 10753s
 458438 202928 7476.74564  202  516 7682.00000 7365.62953  4.12%   210 10809s
 460681 205071 7427.14577  124  388 7682.00000 7365.62953  4.12%   211 10868s
 463840 205966     cutoff   80      7682.00000 7366.53256  4.11%   211 10889s
 466999 206500 7378.75876   73  246 7682.00000 7366.90301  4.10%   211 10903s
 469549 206710 7395.90797  100  143 7682.00000 7367.49328  4.09%   210 10917s
 471934 207668 7387.59910   77  227 7682.00000 7367.67678  4.09%   210 10931s
 474637 208368 7414.16205   69  214 7682.00000 7368.07952  4.09%   209 10945s
 477049 209276 7389.39569   78  333 7682.00000 7368.36074  4.08%   209 10964s
 479640 209734     cutoff   84      7682.00000 7368.57623  4.08%   208 10981s
 482364 210178 7392.99705   69  218 7682.00000 7368.88362  4.08%   208 10996s
 484602 211166 7411.62900  100  162 7682.00000 7369.08478  4.07%   208 11012s
 487794 211089 7387.42010   87  202 7682.00000 7369.49134  4.07%   207 11026s
 489821 212032 7408.64100  138  143 7682.00000 7369.62985  4.07%   207 11041s
 492407 212878 7377.81800   68  306 7682.00000 7369.93349  4.06%   206 11056s
 495493 213617 7404.26434  102  329 7682.00000 7370.05214  4.06%   206 11069s
 498087 215017     cutoff   57      7682.00000 7370.44101  4.06%   205 11085s
 501975 216121 infeasible   42      7682.00000 7370.88373  4.05%   205 11095s
 504654 217112 7397.88588   50  265 7682.00000 7371.37528  4.04%   205 11105s
 507175 217909 7403.36903   53  282 7682.00000 7371.66363  4.04%   204 11115s
 509761 219419 7399.02410   41  232 7682.00000 7372.00299  4.04%   204 11134s
 513692 220230 infeasible   51      7682.00000 7372.46639  4.03%   203 11143s
 516241 221207 7389.28028   39   94 7682.00000 7372.86207  4.02%   203 11153s
 518733 222278 7400.66299   50  371 7682.00000 7373.11901  4.02%   203 11162s
 521268 223099 7385.63277   51  305 7682.00000 7373.41259  4.02%   202 11172s
 523716 223850 7383.35026   47  148 7682.00000 7373.61471  4.01%   202 11181s
 526229 224718 7385.59817   47  190 7682.00000 7373.87051  4.01%   202 11190s
 528795 225517 7399.46084   53  299 7682.00000 7374.14555  4.01%   201 11200s
 531248 226057 7390.72735   46  176 7682.00000 7374.39022  4.00%   201 11210s
 532882 231248 7452.84189  108  227 7682.00000 7374.45122  4.00%   201 11239s
 539681 230656 7454.58536  156  335 7682.00000 7375.74374  3.99%   199 11250s
 541963 231528 7392.02748   51  279 7682.00000 7376.71828  3.97%   199 11261s
 544275 232568 7464.86960   66  177 7682.00000 7377.32770  3.97%   199 11272s
 546785 237331 7463.31924  124  303 7682.00000 7377.68729  3.96%   198 11301s
 552970 239007 7439.16879   87  337 7682.00000 7378.55106  3.95%   197 11313s
 555126 240790 7445.43217   72  182 7682.00000 7378.57809  3.95%   196 11324s
 557353 242564 7437.78807  113  280 7682.00000 7378.57809  3.95%   196 11337s
 559689 244440     cutoff   50      7682.00000 7379.52495  3.94%   196 11349s
 562083 246473 7417.38307   62  181 7682.00000 7379.76135  3.93%   195 11361s
 564574 248508 7437.47576  109  329 7682.00000 7380.04884  3.93%   195 11372s
 567310 250707     cutoff  105      7682.00000 7380.39569  3.93%   194 11443s
 569860 252475     cutoff  167      7682.00000 7380.84178  3.92%   195 11510s
 573083 252968 7485.04206  152  451 7682.00000 7380.90027  3.92%   196 11568s
 575530 254270 7401.42844  160  979 7682.00000 7381.60583  3.91%   197 11627s
 577963 255820 7486.24580  227  505 7682.00000 7381.60583  3.91%   197 11685s
 580848 257395 7444.11727  123  472 7682.00000 7382.83318  3.89%   198 11758s
 584091 258189 7444.21732  106  371 7682.00000 7383.71647  3.88%   198 11810s
 586348 259367 7482.96507  157  561 7682.00000 7383.92449  3.88%   199 11864s
 588775 260774 7428.41939   77  360 7682.00000 7383.92449  3.88%   200 11919s
 591399 262004 7493.69629  117  460 7682.00000 7384.73369  3.87%   200 11973s
 593883 262359 7437.26148  133  589 7682.00000 7384.84332  3.87%   201 12028s
 595347 263737 7465.04323  146  532 7682.00000 7384.89814  3.87%   201 12086s
 597638 264604 7452.75742  137  347 7682.00000 7384.89814  3.87%   202 12145s
 599954 265982 7437.96434  135  432 7682.00000 7385.21118  3.86%   202 12205s
 602507 266802 7414.70600   86  208 7682.00000 7385.97774  3.85%   203 12222s
 605261 268261 7405.64348   60  275 7682.00000 7386.06810  3.85%   203 12239s
 608318 270065 7393.56699   60  310 7682.00000 7386.23531  3.85%   202 12258s
 611494 271249 7422.66818   98  336 7682.00000 7386.42949  3.85%   202 12270s
 613663 272138 7417.48261   86  303 7682.00000 7386.62215  3.85%   202 12285s
 615221 273373 7390.95729   65  221 7682.00000 7386.76178  3.84%   202 12301s
 617676 275010 7430.35722  101  198 7682.00000 7386.93298  3.84%   201 12316s
 620421 276516 7423.97682   84  172 7682.00000 7387.12845  3.84%   201 12331s
 622889 278083 7420.85042   61  110 7682.00000 7387.47903  3.83%   201 12346s
 625751 279560     cutoff   84      7682.00000 7387.75787  3.83%   200 12360s
 628324 280621 7411.39412   84  166 7682.00000 7387.95551  3.83%   200 12374s
 630833 281998 7401.57518   66  135 7682.00000 7388.17751  3.82%   200 12388s
 633646 282634 7427.62223  100  165 7682.00000 7388.36706  3.82%   199 12407s
 635573 284569 7399.28979   66  284 7682.00000 7388.51487  3.82%   199 12428s
 638900 285867 7402.16226   62  246 7682.00000 7388.73311  3.82%   199 12446s
 641023 287735 7404.54542   76  129 7682.00000 7388.89150  3.82%   199 12464s
 642756 287735 7426.33741   92  158 7682.00000 7388.93570  3.81%   198 12465s
 644443 288347 7402.38955   68  165 7682.00000 7389.05816  3.81%   198 12481s
 646235 289628 7408.36298   48  317 7682.00000 7389.28256  3.81%   198 12497s
 650183 290918 7407.04814   52  341 7682.00000 7389.72352  3.80%   198 12516s
 653978 291761 7402.92182   50  273 7682.00000 7390.22153  3.80%   197 12525s
 656565 292216 7398.45127   47  205 7682.00000 7390.47643  3.79%   197 12536s
 657977 293080 7415.72182   42  286 7682.00000 7390.63289  3.79%   197 12546s
 660710 293916 7410.84545   46  162 7682.00000 7390.90379  3.79%   197 12557s
 663478 294671 7411.73588   38  100 7682.00000 7391.13712  3.79%   196 12567s
 666004 294908 7415.37074   61  283 7682.00000 7391.38705  3.78%   196 12578s
 666972 295728 7410.11424   49  138 7682.00000 7391.42447  3.78%   196 12589s
 670108 296673     cutoff   68      7682.00000 7391.64690  3.78%   196 12599s
 672804 297420 7402.43972   56  305 7682.00000 7391.90489  3.78%   195 12609s
 675606 298383 7400.25771   49  275 7682.00000 7392.08141  3.77%   195 12627s
 679439 298894 7406.67102   71  333 7682.00000 7392.30519  3.77%   195 12636s
 681909 299519 7409.94978   49  293 7682.00000 7392.60439  3.77%   195 12645s
 684304 300198 7408.93798   59  322 7682.00000 7392.76149  3.77%   194 12655s
 686720 300833 7410.53750   57  286 7682.00000 7392.97644  3.76%   194 12664s
 689110 301480     cutoff   46      7682.00000 7393.17686  3.76%   194 12673s
 691663 305316 7426.11314   63  264 7682.00000 7393.35486  3.76%   194 12696s
 696822 306557 7470.33923   47  348 7682.00000 7394.52643  3.74%   193 12723s
 698669 311871 7486.97222   72  279 7682.00000 7394.75890  3.74%   193 12752s
 705675 314084 7457.28787   55  290 7682.00000 7395.89512  3.72%   192 12765s
 708501 315905 7453.76940   63  246 7682.00000 7396.29858  3.72%   191 12777s
 711266 317752 7435.97988   72  259 7682.00000 7396.66425  3.71%   191 12789s
 713702 320050 7419.60942   58  263 7682.00000 7396.94110  3.71%   190 12801s
 716642 322095 7432.30760   60  326 7682.00000 7397.14343  3.71%   190 12813s
 719237 324537 7443.85409  115  312 7682.00000 7397.19769  3.71%   190 12825s
 722139 328635 7461.97172   58  205 7682.00000 7397.72264  3.70%   189 12849s
 727096 330673 7482.80166  150  249 7682.00000 7398.09498  3.70%   189 12858s
 729545 332533 7436.79693   50  292 7682.00000 7398.10972  3.70%   188 12869s
 731834 334823 7464.93643   97  272 7682.00000 7398.14285  3.70%   188 12880s
 734483 336302 7486.21372  117  255 7682.00000 7398.14285  3.70%   187 12891s
 736359 337966     cutoff  329      7682.00000 7398.67851  3.69%   187 12957s
 738716 339093     cutoff  104      7682.00000 7398.67851  3.69%   188 13024s
 741313 339686 7413.24338   90  487 7682.00000 7399.14619  3.68%   189 13096s
 743768 340257 7427.41029  107  328 7682.00000 7399.21582  3.68%   190 13163s
 746166 340982 7432.57205  129  421 7682.00000 7399.24472  3.68%   190 13233s
 748220 342272     cutoff  166      7682.00000 7399.78047  3.67%   191 13307s
 751375 343952 7468.16883  225  546 7682.00000 7399.90674  3.67%   192 13374s
 754416 345396 7492.23245  300  401 7682.00000 7400.33477  3.67%   193 13437s
 756615 347430 7495.02195  128  340 7682.00000 7400.38029  3.67%   194 13501s
 759068 349934 7406.69306   72  413 7682.00000 7400.38029  3.67%   194 13565s
 762070 351544 7456.87643  201  439 7682.00000 7400.38029  3.67%   195 13626s
 764787 352696 7447.29078  117  401 7682.00000 7401.43122  3.65%   195 13687s
 767029 354113 7462.65497  152  467 7682.00000 7401.43122  3.65%   196 13758s
 769512 355851 7487.60569  236  553 7682.00000 7401.67062  3.65%   197 13824s
 772522 357666 7468.27132  148  504 7682.00000 7401.93916  3.65%   197 13883s
 775214 359476 7487.61957  146  467 7682.00000 7401.93916  3.65%   198 13941s
 777555 361411 7478.26501  147  535 7682.00000 7402.51081  3.64%   198 13999s
 780058 362623 7429.33649   79  165 7682.00000 7402.63147  3.64%   199 14016s
 782721 363933 7433.76066   92  284 7682.00000 7402.81222  3.63%   199 14031s
 785486 365038 7421.98055   72  170 7682.00000 7402.97330  3.63%   199 14046s
 788093 365939 7431.60491   65  126 7682.00000 7403.14056  3.63%   198 14060s
 790618 367221 7412.78296   99  271 7682.00000 7403.29712  3.63%   198 14074s
 793114 368913 7429.87728   78  223 7682.00000 7403.46078  3.63%   198 14092s
 796273 370242 7427.84241   95  238 7682.00000 7403.67928  3.62%   198 14105s
 798685 371401 7416.08582   83  209 7682.00000 7403.79713  3.62%   197 14118s
 800886 372640 7424.06307   81  207 7682.00000 7403.90436  3.62%   197 14132s
 803242 373950 7436.10837   78  126 7682.00000 7404.16063  3.62%   197 14145s
 805799 374925 7439.36346   88  102 7682.00000 7404.30137  3.61%   197 14158s
 808071 375496 7425.23689   88  130 7682.00000 7404.42623  3.61%   197 14171s
 809777 376838 7433.66577   72  265 7682.00000 7404.57050  3.61%   196 14185s
 812127 378159 7420.41626   68  340 7682.00000 7404.73680  3.61%   196 14199s
 814742 379371 7417.90473   67  168 7682.00000 7404.81574  3.61%   196 14212s
 817276 380805 7420.78677   97  147 7682.00000 7405.06059  3.61%   196 14225s
 820060 381885 7437.73948   67  178 7682.00000 7405.25987  3.60%   196 14243s
 822965 383004 7414.02180   62  126 7682.00000 7405.42413  3.60%   195 14255s
 825386 384221 7415.14205   66  163 7682.00000 7405.53492  3.60%   195 14269s
 827840 385568 7443.08306   92   87 7682.00000 7405.65576  3.60%   195 14282s
 830258 386649     cutoff   53      7682.00000 7405.81992  3.60%   195 14295s
 833837 387282     cutoff   55      7682.00000 7406.03867  3.59%   194 14305s
 836472 387975 7427.13223   66  137 7682.00000 7406.25498  3.59%   194 14313s
 839016 388686 7422.17440   72  322 7682.00000 7406.40248  3.59%   194 14322s
 841476 389464 7412.67032   54  316 7682.00000 7406.64890  3.58%   194 14339s
 845213 390084 7420.43689   48  312 7682.00000 7406.88106  3.58%   193 14348s
 847495 390448 7430.84134   63  251 7682.00000 7407.04127  3.58%   193 14358s
 849298 391038 7426.38640   62  358 7682.00000 7407.15391  3.58%   193 14368s
 851954 391639     cutoff   54      7682.00000 7407.35751  3.58%   193 14377s
 854674 392276     cutoff   64      7682.00000 7407.54381  3.57%   193 14386s
 857333 392855 7427.21316   49  234 7682.00000 7407.74939  3.57%   193 14395s
 859866 393340     cutoff   57      7682.00000 7407.91117  3.57%   192 14404s
 862425 393873     cutoff   51      7682.00000 7408.09937  3.57%   192 14413s
 864943 394347 7427.97885   52  326 7682.00000 7408.25060  3.56%   192 14421s
 867419 395115 7422.40024   63  220 7682.00000 7408.44264  3.56%   192 14438s
 871052 395549 7426.51765   58  239 7682.00000 7408.61682  3.56%   192 14446s
 873623 395883 7425.68529   65  273 7682.00000 7408.80642  3.56%   191 14455s
 876098 396293     cutoff   52      7682.00000 7408.95372  3.55%   191 14463s
 878547 396572 7421.42687   56  326 7682.00000 7409.10659  3.55%   191 14471s
 880114 396587 7431.69335   63  290 7682.00000 7409.24473  3.55%   191 14481s
 880146 396671     cutoff   64      7682.00000 7409.24473  3.55%   191 14491s
 880527 399889 7463.46978   73  259 7682.00000 7409.25785  3.55%   191 14509s
 884599 402079 7462.25858   60  291 7682.00000 7409.36445  3.55%   190 14519s
 887429 403803 7488.59975   87  337 7682.00000 7409.59852  3.55%   190 14530s
 889973 405669 7468.47116   57  234 7682.00000 7409.78805  3.54%   190 14540s
 892439 408194 7422.38840   47  274 7682.00000 7410.20457  3.54%   189 14562s
 896940 408425 7419.56509   47  262 7682.00000 7410.37650  3.54%   189 14573s
 897228 410735 7456.99863   87  293 7682.00000 7410.37650  3.54%   189 14584s
 897492 410735 7472.30398   68  245 7682.00000 7410.37650  3.54%   189 14585s
 899950 413142 7467.49046  104  225 7682.00000 7410.64648  3.53%   189 14596s
 902915 415054 7418.44578   45  279 7682.00000 7410.81468  3.53%   188 14608s
 905299 416535 7455.30642  107  156 7682.00000 7411.00306  3.53%   188 14619s
 907479 418387 7458.89809   78  169 7682.00000 7411.08612  3.53%   188 14631s
 909954 420426 7444.33976   64  201 7682.00000 7411.30435  3.52%   187 14642s
 912655 422253 7435.95034   52  302 7682.00000 7411.45187  3.52%   187 14653s
 914899 424162 7493.44604   82  336 7682.00000 7411.63959  3.52%   187 14664s
 917367 426257 7475.39787   97  301 7682.00000 7411.86297  3.52%   187 14676s
 920070 429754 7452.05189   73  299 7682.00000 7412.26250  3.51%   186 14697s
 924389 431595 7425.67974   74  326 7682.00000 7412.49809  3.51%   186 14708s
 926830 432961 7455.72995   72  265 7682.00000 7412.80375  3.50%   186 14719s
 929006 433442 7439.29380   68  303 7682.00000 7412.85017  3.50%   185 14730s
 929808 435447 7491.11001  101  289 7682.00000 7412.98355  3.50%   185 14742s
H932334 435447                    7680.0000000 7413.22042  3.47%   185 14742s
 932334 437419 7499.35315   95  510 7680.00000 7413.22042  3.47%   185 14805s
 934831 439793 7465.48735   69  344 7680.00000 7413.52826  3.47%   186 14867s
 937744 441781 7462.31246  110  463 7680.00000 7413.60368  3.47%   186 14924s
 940252 443109 7425.24005   96  553 7680.00000 7413.60368  3.47%   187 14981s
 941771 445450 7440.89427  140  408 7680.00000 7413.80993  3.47%   187 15045s
 944579 447652 7503.11568  305  515 7680.00000 7414.02348  3.46%   187 15113s
 947364 449355     cutoff   97      7680.00000 7414.39362  3.46%   188 15171s
 949859 450772 7497.37603  160  423 7680.00000 7414.69110  3.45%   188 15226s
 952193 452533 7517.31566  108  339 7680.00000 7414.85022  3.45%   189 15284s
 954489 454685 7500.61189  176  439 7680.00000 7415.06514  3.45%   189 15342s
 957291 456568 7485.18747   77  384 7680.00000 7415.17413  3.45%   190 15399s
 959632 457589 7426.35453  180  635 7680.00000 7415.28362  3.45%   190 15456s
 960897 459805 7443.80186   72  515 7680.00000 7415.40346  3.45%   191 15518s
 963598 461721 7478.16844   74  395 7680.00000 7415.62129  3.44%   191 15579s
 966493 463647 7437.95460  130  561 7680.00000 7415.64222  3.44%   191 15637s
 969443 465594     cutoff  141      7680.00000 7415.78971  3.44%   192 15693s
 972193 467909 7444.16187  103  357 7680.00000 7415.93407  3.44%   192 15757s
 974912 470444 7504.04997  275  380 7680.00000 7416.01013  3.44%   193 15813s
 977843 472076 7453.81061  107  382 7680.00000 7416.30340  3.43%   193 15863s
 980139 473970 7490.18725  239  416 7680.00000 7416.43480  3.43%   194 15916s
 982654 475278 7454.92106  123  177 7680.00000 7416.56505  3.43%   194 15934s
 985304 476613 7423.10951   88  131 7680.00000 7416.73526  3.43%   194 15951s
 988117 477592     cutoff   67      7680.00000 7416.92605  3.43%   194 15967s
 990466 478316     cutoff   93      7680.00000 7417.01565  3.42%   194 15983s
 991984 478930     cutoff   73      7680.00000 7417.05869  3.42%   193 15999s
 993888 480144 7426.21888   82  190 7680.00000 7417.19107  3.42%   193 16017s
 996395 481475 7452.55300   65  115 7680.00000 7417.30219  3.42%   193 16033s
 999039 482958 7435.35681   81  181 7680.00000 7417.45377  3.42%   193 16053s
 1002137 483967 7450.12301   89  270 7680.00000 7417.68157  3.42%   193 16067s
 1004521 485191 7442.78083   83  102 7680.00000 7417.76654  3.41%   193 16082s
 1006691 486467 7452.38245  117  258 7680.00000 7417.92288  3.41%   192 16098s
 1009504 487394 7433.29653   77  278 7680.00000 7418.04733  3.41%   192 16112s
 1011700 488449 infeasible   73      7680.00000 7418.12425  3.41%   192 16127s
 1013803 489920     cutoff   89      7680.00000 7418.22141  3.41%   192 16143s
 1016394 491184 7456.48865  122  199 7680.00000 7418.35710  3.41%   192 16158s
 1018911 492398     cutoff   66      7680.00000 7418.51173  3.40%   192 16173s
 1021394 493572     cutoff   84      7680.00000 7418.62911  3.40%   191 16188s
 1023716 494361     cutoff  108      7680.00000 7418.75650  3.40%   191 16203s
 1025911 495321 7428.33150   82  205 7680.00000 7418.85057  3.40%   191 16223s
 1028783 496443 7442.57642   59  212 7680.00000 7418.95005  3.40%   191 16238s
 1031255 497413 infeasible  111      7680.00000 7419.17221  3.40%   191 16254s
 1033239 497926 7439.62558   65  142 7680.00000 7419.28733  3.39%   191 16269s
 1036078 498373 7439.03943   74  238 7680.00000 7419.29663  3.39%   191 16283s
 1039140 498896     cutoff   62      7680.00000 7419.64584  3.39%   190 16295s
 1041953 499307 7433.91162   45  244 7680.00000 7419.85401  3.39%   190 16307s
 1044587 499731 7427.69384   55  166 7680.00000 7420.03665  3.38%   190 16319s
 1047280 500278 7438.46490   70  284 7680.00000 7420.19199  3.38%   190 16336s
 1050937 500395 7436.09450   48  184 7680.00000 7420.38804  3.38%   190 16348s
 1051581 500719     cutoff   71      7680.00000 7420.39748  3.38%   190 16361s
 1054048 501068 7434.52254   49  312 7680.00000 7420.59709  3.38%   189 16374s
 1056925 501364 7433.01254   53  278 7680.00000 7420.78213  3.38%   189 16387s
 1059085 501621     cutoff   78      7680.00000 7420.91900  3.37%   189 16400s
 1061656 501977 7430.38721   50  220 7680.00000 7421.06162  3.37%   189 16412s
 1064344 502276 7436.22466   51  284 7680.00000 7421.26714  3.37%   189 16425s
 1067175 502582 7438.54572   60  199 7680.00000 7421.42277  3.37%   189 16437s
 1069743 502747 7441.54968   55  262 7680.00000 7421.57797  3.36%   189 16450s
 1071499 502944     cutoff   55      7680.00000 7421.62805  3.36%   189 16462s
 1073215 503176 7442.03056   38  304 7680.00000 7421.62805  3.36%   188 16479s
 1075694 503522 7432.09707   47  277 7680.00000 7421.76741  3.36%   188 16494s
 1079125 503814     cutoff   66      7680.00000 7422.07606  3.36%   188 16506s
 1081916 504021 7436.20829   43  239 7680.00000 7422.24001  3.36%   188 16519s
 1084705 506670 7467.59489   88  290 7680.00000 7422.37889  3.35%   188 16537s
 1088415 507579 7490.94194   75  348 7680.00000 7422.54175  3.35%   187 16551s
 1089850 507925 7475.95935   73  251 7680.00000 7422.54175  3.35%   187 16566s
 1090317 509440 7476.63453   74  241 7680.00000 7422.54175  3.35%   187 16583s
 1092576 512242 7473.76267   79  275 7680.00000 7422.92296  3.35%   187 16600s
 1096216 514411 7445.41266   58  311 7680.00000 7423.13357  3.34%   187 16615s
 1099291 517274     cutoff   97      7680.00000 7423.16404  3.34%   187 16637s
 1103124 519402 7492.67069   97  298 7680.00000 7423.56380  3.34%   186 16649s
 1105780 520973 7465.79128   96  248 7680.00000 7423.90058  3.33%   186 16661s
 1108019 522700 7437.65040   65  301 7680.00000 7424.08712  3.33%   186 16674s
 1110354 524630 7442.84638   50  279 7680.00000 7424.28682  3.33%   186 16686s
 1112885 526067 infeasible   63      7680.00000 7424.46166  3.33%   185 16699s
 1115120 527827 7485.39906  126  263 7680.00000 7424.48038  3.33%   185 16712s
 1117613 529640 7488.29889   75  266 7680.00000 7424.51542  3.33%   185 16725s
 1120121 531337 7495.07535   90  294 7680.00000 7424.84276  3.32%   185 16738s
 1122481 533027 7445.57798   68  324 7680.00000 7424.98071  3.32%   185 16751s
 1124987 535919 7478.98118   66  318 7680.00000 7425.06945  3.32%   184 16771s
 1128913 537820     cutoff   93      7680.00000 7425.35778  3.32%   184 16782s
 1131315 539650 7444.40735   64  297 7680.00000 7425.45507  3.31%   184 16794s
 1133607 541508 7442.42589   63  313 7680.00000 7425.58858  3.31%   184 16806s
 1136145 541690 7526.41215  158  280 7680.00000 7425.59014  3.31%   183 16868s
 1136525 556605 7531.06185  165  345 7680.00000 7425.59014  3.31%   184 17244s
 1155391 557585 7452.13433  125  350 7680.00000 7426.63625  3.30%   186 17314s
 1156767 561402 7457.07809  132  379 7680.00000 7426.63625  3.30%   186 17424s
 1161709 563519 7492.01030  212  381 7680.00000 7426.82950  3.30%   187 17488s
 1164681 565654 7516.20042  294  476 7680.00000 7426.82950  3.30%   188 17547s
 1167558 567667 7517.45915  187  417 7680.00000 7427.43888  3.29%   188 17607s
 1170241 569475     cutoff   94      7680.00000 7427.48744  3.29%   188 17665s
 1172749 571330 7508.24021  165  549 7680.00000 7427.49195  3.29%   189 17722s
 1175323 573026 7511.75142  138  450 7680.00000 7427.97866  3.28%   189 17780s
 1177879 574165 7486.75474  155  489 7680.00000 7428.10263  3.28%   190 17839s
 1180121 575320 7483.71919   69  324 7680.00000 7428.10263  3.28%   190 17895s
 1182240 576537     cutoff  104      7680.00000 7428.40573  3.28%   191 17965s
 1184855 578016 7449.95065  134  466 7680.00000 7428.41320  3.28%   191 18024s
 1187366 578451 7447.23456   94  248 7680.00000 7428.48807  3.27%   192 18039s
 1188183 581313 7448.71780   95  241 7680.00000 7428.49252  3.27%   192 18083s
 1194360 582962 7452.59022   89  244 7680.00000 7428.76316  3.27%   191 18103s
 1198250 584229 7458.74028   99  187 7680.00000 7428.95574  3.27%   191 18120s
 1201458 584975 7464.09904  104  206 7680.00000 7429.18888  3.27%   191 18136s
 1203331 586251 7446.56571   71   99 7680.00000 7429.28747  3.26%   191 18153s
 1206358 587323 7433.72675   67  234 7680.00000 7429.44695  3.26%   191 18171s
 1209425 588279 7449.25126   96  218 7680.00000 7429.62143  3.26%   190 18183s
 1211659 589459 7456.57592  134  281 7680.00000 7429.67120  3.26%   190 18197s
 1214007 590477 7462.16440   81  320 7680.00000 7429.82937  3.26%   190 18210s
 1216597 591361 7464.83935   77  146 7680.00000 7429.91238  3.26%   190 18223s
 1218968 592453 7433.36099  168  296 7680.00000 7430.02771  3.25%   190 18237s
 1221158 593754 7441.57728  186  274 7680.00000 7430.10678  3.25%   190 18250s
 1223897 594712 7436.01148   78  150 7680.00000 7430.22054  3.25%   190 18263s
 1226252 595712 7442.70418  104  327 7680.00000 7430.32718  3.25%   189 18276s
 1228629 596661 7456.34546   93  132 7680.00000 7430.45533  3.25%   189 18290s
 1231155 597632 7459.94617  119  315 7680.00000 7430.55600  3.25%   189 18303s
 1233697 598802 7448.34213   89  325 7680.00000 7430.68044  3.25%   189 18320s
 1236639 599787 7461.88415   91  181 7680.00000 7430.80052  3.24%   189 18334s
 1238991 599991 7449.95864   64  117 7680.00000 7430.95242  3.24%   189 18346s
 1242428 600166 7451.15428   52  198 7680.00000 7431.18007  3.24%   189 18355s
 1244896 600391 7449.46622   61  245 7680.00000 7431.36181  3.24%   189 18364s
 1247492 600572     cutoff   60      7680.00000 7431.49673  3.24%   188 18373s
 1249988 600787     cutoff   43      7680.00000 7431.66067  3.23%   188 18382s
 1252674 601086     cutoff   52      7680.00000 7431.75396  3.23%   188 18398s
 1256196 601310 7448.69471   48  250 7680.00000 7431.91377  3.23%   188 18407s
 1258653 601446 7444.87935   49  301 7680.00000 7432.07893  3.23%   188 18415s
 1261212 601475     cutoff   50      7680.00000 7432.20755  3.23%   188 18424s
 1263605 601579 7439.72831   47  280 7680.00000 7432.33700  3.22%   188 18433s
 1266010 601643 7451.38619   53  263 7680.00000 7432.46772  3.22%   187 18442s
 1268522 601798 7447.29543   61  245 7680.00000 7432.58230  3.22%   187 18451s
 1271141 601922 7449.73548   56  190 7680.00000 7432.73538  3.22%   187 18459s
 1273611 602057     cutoff   55      7680.00000 7432.84585  3.22%   187 18468s
 1276166 602169 7441.22671   65  176 7680.00000 7432.92935  3.22%   187 18477s
 1278754 602255 7445.58116   47  185 7680.00000 7433.09906  3.21%   187 18494s
 1281574 602210 7447.19338   63  191 7680.00000 7433.23105  3.21%   187 18504s
 1284428 602210 7445.06336   42  211 7680.00000 7433.24950  3.21%   187 18505s
 1284570 602228     cutoff   60      7680.00000 7433.40602  3.21%   187 18514s
 1287198 602274     cutoff   51      7680.00000 7433.58701  3.21%   186 18524s
 1289836 604663 7456.50502   53  312 7680.00000 7433.72107  3.21%   186 18540s
 1293244 606843 7440.92231   56  259 7680.00000 7433.96782  3.20%   186 18551s
 1296110 608803 7494.79582   70  223 7680.00000 7434.10511  3.20%   186 18561s
 1298650 610712 7454.67412   61  288 7680.00000 7434.27164  3.20%   186 18572s
 1301118 612299     cutoff  101      7680.00000 7434.41139  3.20%   186 18582s
 1303643 614303 7500.82214  120  251 7680.00000 7434.56488  3.20%   185 18593s
 1306234 617139 7483.54380   82  360 7680.00000 7434.68507  3.19%   185 18613s
 1309991 618634 7505.60560  114  213 7680.00000 7434.88788  3.19%   185 18623s
 1312080 618231 7490.88687   90  266 7680.00000 7435.04699  3.19%   185 18634s
 1313398 620109 7459.03557   55  327 7680.00000 7435.05059  3.19%   185 18646s
 1316163 622032 7466.26516   60  267 7680.00000 7435.28571  3.19%   184 18657s
 1318732 622484 7474.38091   66  243 7680.00000 7435.35952  3.19%   184 18669s
 1319334 619738 7494.54915   80  309 7680.00000 7435.35952  3.19%   184 18681s
 1322318 621185     cutoff  121      7680.00000 7435.52808  3.18%   184 18692s
 1324728 623131 7469.10693   65  255 7680.00000 7435.71349  3.18%   184 18704s
 1327627 624944 7475.46713   71  290 7680.00000 7435.88584  3.18%   184 18716s
 1330165 626711 7476.11084   69  277 7680.00000 7435.98123  3.18%   183 18727s
 1332699 629314 7442.67811   54  230 7680.00000 7436.03919  3.18%   183 18747s
 1336095 631123 7509.78471   87  200 7680.00000 7436.31923  3.17%   183 18757s
 1338453 632811 7470.25827   64  264 7680.00000 7436.41001  3.17%   183 18768s
H1340865 632811                    7677.0000000 7436.51879  3.13%   183 18768s
 1340865 634168 7519.07393  298  471 7677.00000 7436.51879  3.13%   183 18831s
 1343211 635577 7464.04826   62  587 7677.00000 7436.61926  3.13%   183 18898s
 1345292 637673 7480.03428  120  401 7677.00000 7436.64755  3.13%   183 18970s
 1348268 639511 7511.72511  144  448 7677.00000 7436.77273  3.13%   184 19037s
 1351153 641171 7531.68361  126  328 7677.00000 7436.86881  3.13%   184 19102s
 1353834 643284 7448.81122  142  643 7677.00000 7437.17941  3.12%   185 19164s
 1356961 645635 7465.76030  205  591 7677.00000 7437.39455  3.12%   185 19225s
 1359905 647739 7483.66936  279  725 7677.00000 7437.53597  3.12%   185 19282s
 1362609 649924 7501.89203  381  552 7677.00000 7437.53597  3.12%   186 19349s
 1365520 651697 7449.17936   64  446 7677.00000 7437.58969  3.12%   186 19402s
 1368095 653640 7527.37866  172  402 7677.00000 7437.58969  3.12%   186 19453s
 1370661 655799 7514.65174  192  443 7677.00000 7437.91253  3.11%   187 19504s
 1373317 657182     cutoff  106      7677.00000 7437.92664  3.11%   187 19554s
 1375548 658335     cutoff  144      7677.00000 7438.09929  3.11%   187 19605s
 1377493 659064 7510.96645   91  366 7677.00000 7438.10548  3.11%   188 19659s
 1378511 660745 7521.52972  157  352 7677.00000 7438.12771  3.11%   188 19717s
 1381055 661994 7450.06299   62  333 7677.00000 7438.32398  3.11%   188 19775s
 1382909 663972 7469.27076   84  389 7677.00000 7438.32398  3.11%   188 19834s
 1383033 663972 7503.53645  121  325 7677.00000 7438.32398  3.11%   188 19835s
 1385804 666055 7464.40104  108  409 7677.00000 7438.43735  3.11%   189 19893s
 1388455 667757 7527.77759  297  345 7677.00000 7438.58256  3.11%   189 19960s
 1391151 668844 7466.45936   88  220 7677.00000 7438.64222  3.10%   189 19976s
 1393567 669971 7462.62426  102  281 7677.00000 7438.75706  3.10%   189 19994s
 1396082 671098 7444.09509  157  274 7677.00000 7438.85617  3.10%   189 20009s
 1398842 672067 7453.45500   87  134 7677.00000 7438.96567  3.10%   189 20024s
 1401709 672882 7460.89882   65  229 7677.00000 7439.15514  3.10%   189 20038s
 1404129 674127 7471.73647   83  159 7677.00000 7439.29139  3.10%   189 20053s
 1406812 675280     cutoff   87      7677.00000 7439.40161  3.09%   189 20067s
 1409436 676328 7463.24771   76  231 7677.00000 7439.51351  3.09%   189 20081s
 1412181 677210     cutoff   76      7677.00000 7439.63731  3.09%   189 20099s
 1413616 677210 7463.99232   84  198 7677.00000 7439.63731  3.09%   188 20100s
 1414264 677927 7443.28466  153  235 7677.00000 7439.69695  3.09%   188 20118s
 1416487 679210 7455.99802  172  167 7677.00000 7439.77441  3.09%   188 20138s
 1419718 680441 7450.26101   82  128 7677.00000 7439.88701  3.09%   188 20154s
 1421682 680441 7467.46442   78  158 7677.00000 7439.88701  3.09%   188 20155s
 1422780 681682 infeasible   99      7677.00000 7440.08827  3.09%   188 20172s
 1425824 683022     cutoff  118      7677.00000 7440.17239  3.08%   188 20187s
 1428686 683951 7473.27933   85   65 7677.00000 7440.31757  3.08%   188 20202s
 1431440 684994 7460.77952   78   99 7677.00000 7440.44417  3.08%   188 20216s
 1433934 685945 7457.96980   81   81 7677.00000 7440.52916  3.08%   188 20231s
 1436542 686772 7448.42154   67  178 7677.00000 7440.68434  3.08%   187 20245s
 1439217 687819 7469.21227   81  137 7677.00000 7440.82575  3.08%   187 20262s
 1442123 687849     cutoff   57      7677.00000 7440.91689  3.08%   187 20274s
 1445380 687824 7458.35382   47  236 7677.00000 7441.09167  3.07%   187 20283s
 1447870 687708 infeasible   39      7677.00000 7441.21504  3.07%   187 20292s
 1450545 687680 7457.70720   68  195 7677.00000 7441.35933  3.07%   187 20301s
 1453105 687688     cutoff   59      7677.00000 7441.49313  3.07%   187 20310s
 1455759 687677 7456.72689   55  218 7677.00000 7441.62190  3.07%   187 20318s
 1458282 687677 7455.73006   53  269 7677.00000 7441.74251  3.06%   187 20334s
 1461910 687676 7457.66874   52  191 7677.00000 7441.90906  3.06%   186 20343s
 1461955 687665 7458.02685   53  181 7677.00000 7441.90906  3.06%   186 20352s
 1462799 687555 7446.91286   49  268 7677.00000 7441.93966  3.06%   186 20362s
 1465799 687455 infeasible   50      7677.00000 7442.11358  3.06%   186 20371s
 1468699 687295     cutoff   56      7677.00000 7442.27494  3.06%   186 20380s
 1471501 687174 7454.01631   48  192 7677.00000 7442.40816  3.06%   186 20389s
 1474210 687010     cutoff   46      7677.00000 7442.53324  3.05%   186 20398s
 1476765 686879 infeasible   58      7677.00000 7442.65072  3.05%   186 20406s
 1479317 686697 7458.10838   63  298 7677.00000 7442.77589  3.05%   186 20415s
 1481834 686524     cutoff   48      7677.00000 7442.91774  3.05%   186 20423s
 1484492 686350 7457.16874   49  191 7677.00000 7443.03809  3.05%   185 20432s
 1487119 686185 7452.02844   62  241 7677.00000 7443.16945  3.05%   185 20440s
 1489663 685994 7456.15684   48  103 7677.00000 7443.30807  3.04%   185 20448s
 1492208 688774 7457.92639   64  372 7677.00000 7443.38730  3.04%   185 20463s
 1495813 690352 7481.39767   59  160 7677.00000 7443.56447  3.04%   185 20473s
 1498097 692041 7478.80184   70  265 7677.00000 7443.63717  3.04%   185 20483s
 1500498 693801 7489.97931   85  378 7677.00000 7443.64636  3.04%   185 20494s
 1502879 695461 7483.74844   55  253 7677.00000 7443.83678  3.04%   184 20504s
 1505239 697346 7505.96178   89  309 7677.00000 7443.95543  3.04%   184 20515s
 1507675 699013 7506.17788   80  228 7677.00000 7444.03984  3.03%   184 20526s
 1510089 701397 7498.52861   98  203 7677.00000 7444.16098  3.03%   184 20545s
 1513386 703295 infeasible  134      7677.00000 7444.34154  3.03%   184 20556s
 1515971 705248 7519.17708  142  278 7677.00000 7444.42615  3.03%   184 20567s
 1518418 707062 7500.40433   82  313 7677.00000 7444.51453  3.03%   183 20578s
 1520844 708931 7471.56606   67  336 7677.00000 7444.63098  3.03%   183 20588s
 1523389 709176 7475.53962   78  326 7677.00000 7444.78304  3.02%   183 20600s
 1523705 703792 7490.61650   90  340 7677.00000 7444.78309  3.02%   183 20612s
 1526254 705771 7491.96883   69  341 7677.00000 7444.86434  3.02%   183 20623s
 1528934 707565 7486.15958   85  190 7677.00000 7444.97776  3.02%   183 20634s
 1531384 709445 7509.53526   89  319 7677.00000 7445.12671  3.02%   183 20645s
 1533867 711352 7509.03100  132   99 7677.00000 7445.26353  3.02%   182 20656s
 1536562 713793 7500.17327   74  311 7677.00000 7445.33755  3.02%   182 20674s
 1539907 715207 7508.39360   85  247 7677.00000 7445.50519  3.02%   182 20685s
H1542282 715207                    7675.0000000 7445.58113  2.99%   182 20685s
 1542282 717084 7520.72541  150  576 7675.00000 7445.58113  2.99%   182 20746s
 1544563 719268 7523.44036  134  452 7675.00000 7445.81078  2.99%   182 20813s
 1547568 721134 7514.92511  215  489 7675.00000 7445.81420  2.99%   183 20871s
 1550294 723194 7529.18073  131  334 7675.00000 7445.96624  2.98%   183 20929s
 1552958 725288 7510.32891   85  433 7675.00000 7446.05775  2.98%   183 20986s
 1555597 727174 7496.03285  161  537 7675.00000 7446.16450  2.98%   184 21041s
 1557934 729059 7528.69161  265  578 7675.00000 7446.16450  2.98%   184 21097s
 1560352 731282 7536.34649  207  620 7675.00000 7446.26091  2.98%   184 21154s
 1563100 733285 7532.41002  108  285 7675.00000 7446.37825  2.98%   184 21209s
 1565601 734974 7520.70284  157  504 7675.00000 7446.52164  2.98%   185 21277s
 1567959 736586 7488.97251  137  483 7675.00000 7446.52164  2.98%   185 21342s
 1570018 739196 7502.78697   99  371 7675.00000 7446.82496  2.97%   185 21412s
 1573302 741658 7533.61130  107  269 7675.00000 7446.93490  2.97%   185 21474s
 1576288 743117 7505.89287  197  414 7675.00000 7447.04667  2.97%   186 21534s
 1578431 744392 7490.05525  106  387 7675.00000 7447.14371  2.97%   186 21594s
 1580755 745828 7512.47208   93  362 7675.00000 7447.16876  2.97%   187 21656s
 1583164 747030 7470.09677   88  390 7675.00000 7447.28005  2.97%   187 21718s
 1585878 748675 7496.69655  120  402 7675.00000 7447.28005  2.97%   187 21778s
 1588802 750549 7520.07918  181  483 7675.00000 7447.28005  2.97%   188 21835s
 1591369 752444 7479.38251  154  457 7675.00000 7447.46246  2.96%   188 21900s
 1593985 753429 7454.47846   69  268 7675.00000 7447.69259  2.96%   188 21916s
 1596626 754535     cutoff   78      7675.00000 7447.83978  2.96%   188 21930s
 1599171 754949 7468.86805   92  118 7675.00000 7447.92111  2.96%   188 21944s
 1600493 756163 7460.21533   69  165 7675.00000 7447.94799  2.96%   188 21960s
 1603259 757057 7471.99680   87  165 7675.00000 7448.07393  2.96%   188 21975s
 1606031 758005 7455.86520   67  185 7675.00000 7448.20241  2.96%   188 21990s
 1608955 759008 7454.47756   68  196 7675.00000 7448.33853  2.95%   187 22004s
 1611593 760016 7468.89219   73  149 7675.00000 7448.47259  2.95%   187 22019s
 1614191 760925 7458.27473   84  225 7675.00000 7448.59244  2.95%   187 22033s
 1616669 762071 7471.03125  102  180 7675.00000 7448.69018  2.95%   187 22050s
 1619292 762893     cutoff   70      7675.00000 7448.77904  2.95%   187 22065s
 1621853 763904     cutoff  109      7675.00000 7448.86517  2.95%   187 22079s
 1624415 764827     cutoff   64      7675.00000 7448.99142  2.94%   187 22093s
 1627152 765472 7468.25493   82   79 7675.00000 7449.12470  2.94%   187 22108s
 1629002 766043 7453.22816  180  268 7675.00000 7449.24978  2.94%   187 22123s
 1630585 766792 7479.97257   77  147 7675.00000 7449.29533  2.94%   187 22138s
 1633071 767572 7472.76274   84  174 7675.00000 7449.44113  2.94%   187 22153s
 1635725 768446 7467.29603   84  215 7675.00000 7449.51473  2.94%   187 22168s
 1638446 769382 7478.60734   78  157 7675.00000 7449.68036  2.94%   186 22182s
 1641052 770355 7471.50233  100  155 7675.00000 7449.79702  2.93%   186 22196s
 1643712 771100 7470.07882   85  112 7675.00000 7449.91338  2.93%   186 22214s
 1646545 770763     cutoff   51      7675.00000 7449.97297  2.93%   186 22225s
 1649896 770602 7457.41766   59  228 7675.00000 7450.13551  2.93%   186 22235s
 1652235 770419     cutoff   60      7675.00000 7450.22038  2.93%   186 22244s
 1654963 770208 7461.66596   59  101 7675.00000 7450.39689  2.93%   186 22252s
 1657679 770031     cutoff   48      7675.00000 7450.52046  2.92%   186 22261s
 1660330 769804     cutoff   78      7675.00000 7450.63619  2.92%   186 22269s
 1662746 769578 7464.49929   59   66 7675.00000 7450.72624  2.92%   185 22278s
 1664608 769301 7461.43533   48  249 7675.00000 7450.78521  2.92%   185 22287s
 1667255 768965     cutoff   60      7675.00000 7450.96151  2.92%   185 22296s
 1669823 768597 7463.83262   59  135 7675.00000 7451.10650  2.92%   185 22304s
 1672427 768307 7464.99929   42   46 7675.00000 7451.21859  2.92%   185 22312s
 1675035 767935 7463.62950   50  179 7675.00000 7451.36237  2.91%   185 22320s
 1677568 767503 7464.25427   66  336 7675.00000 7451.49432  2.91%   185 22328s
 1680041 767123 7461.48725   79  265 7675.00000 7451.61040  2.91%   185 22337s
 1682633 766795 7457.20815   51  269 7675.00000 7451.72568  2.91%   185 22345s
 1685296 766460 7463.32221   65  234 7675.00000 7451.85549  2.91%   185 22353s
 1688000 766040     cutoff   48      7675.00000 7451.98257  2.91%   184 22360s
 1690391 765628 7461.06648   48  282 7675.00000 7452.09902  2.90%   184 22368s
 1693025 765081     cutoff   65      7675.00000 7452.21153  2.90%   184 22376s
 1695552 764614 7458.76892   67  260 7675.00000 7452.34566  2.90%   184 22384s
 1698030 765682 7487.42454   89  224 7675.00000 7452.45383  2.90%   184 22398s
 1699731 768973 7479.96828   71  270 7675.00000 7452.61129  2.90%   184 22418s
 1704277 770756 7494.75531   68  296 7675.00000 7452.74401  2.90%   184 22431s
 1707133 772518 7517.48861   62  257 7675.00000 7452.89921  2.89%   184 22444s
 1709963 774283 7489.80996   71  306 7675.00000 7452.95958  2.89%   183 22456s
 1712632 775958 7508.64631   73  244 7675.00000 7453.09846  2.89%   183 22468s
 1715388 777655 7489.55487   74  240 7675.00000 7453.21527  2.89%   183 22480s
 1718136 779488 7513.82238   68  265 7675.00000 7453.32327  2.89%   183 22499s
 1721000 781378 7520.58798  120  267 7675.00000 7453.49932  2.89%   183 22511s
 1723614 783045 7512.79889   91  264 7675.00000 7453.64046  2.88%   183 22523s
 1726058 784666     cutoff  110      7675.00000 7453.72384  2.88%   183 22536s
 1728559 786489 7480.61204   55  300 7675.00000 7453.89930  2.88%   183 22550s
 1731212 788460 7478.02926   70  317 7675.00000 7454.00517  2.88%   182 22561s
 1733757 790402     cutoff   93      7675.00000 7454.09054  2.88%   182 22573s
 1736458 792194 7514.69927   68  267 7675.00000 7454.18906  2.88%   182 22584s
 1739017 793663 7486.16782   55  276 7675.00000 7454.22461  2.88%   182 22595s
 1741639 795164 7474.15809   57  329 7675.00000 7454.36217  2.87%   182 22607s
 1744184 797045 7507.38056   64  170 7675.00000 7454.55037  2.87%   182 22626s
 1747034 799099 7487.65894   57  262 7675.00000 7454.67079  2.87%   182 22637s
 1749733 800932 7521.80081  112  270 7675.00000 7454.76014  2.87%   181 22697s
 1751966 802915 7509.97292  197  422 7675.00000 7454.77563  2.87%   182 22763s
 1754815 804547 7499.84411   70  371 7675.00000 7454.88085  2.87%   182 22825s
 1757646 805961 7479.55900   81  490 7675.00000 7454.93785  2.87%   182 22885s
 1760165 806453 7475.71716   97  632 7675.00000 7455.05417  2.87%   183 22946s
 1760838 808399 7551.07003  139  276 7675.00000 7455.05417  2.87%   183 23010s
 1763540 810554 7522.38885  182  452 7675.00000 7455.18162  2.86%   183 23072s
 1766161 812941 7551.31002  127  234 7675.00000 7455.32188  2.86%   183 23133s
 1769032 815116 7536.57173   92  375 7675.00000 7455.32188  2.86%   183 23192s
 1771790 816628 7546.69440  100  375 7675.00000 7455.44261  2.86%   184 23250s
 1774076 818362 7547.81643  115  447 7675.00000 7455.75983  2.86%   184 23315s
 1776538 818847 7545.05105   70  378 7675.00000 7455.82108  2.86%   184 23373s
 1777140 820999 7545.32906   71  382 7675.00000 7455.82108  2.86%   184 23451s
 1780269 822492 7504.69827  136  510 7675.00000 7455.84855  2.86%   185 23524s
 1782966 824906 7539.56498  286  476 7675.00000 7456.02689  2.85%   185 23591s
 1786137 826971 7550.47226  142  229 7675.00000 7456.02843  2.85%   185 23655s
 1789060 829008 7540.83504  151  335 7675.00000 7456.34803  2.85%   186 23715s
 1791881 831089 7553.78807  164  324 7675.00000 7456.41399  2.85%   186 23777s
 1794679 833121 7484.21916   76  466 7675.00000 7456.46129  2.85%   186 23837s
 1797169 835390 7506.90776  116  403 7675.00000 7456.62865  2.85%   186 23896s
 1799830 836146 7485.99138   94  130 7675.00000 7456.74225  2.84%   187 23911s
 1802569 836961 7486.02866   69  129 7675.00000 7456.89245  2.84%   187 23925s
 1805048 837721 7484.32052   82  205 7675.00000 7457.01458  2.84%   186 23939s
 1807563 838564 7479.84588  103  231 7675.00000 7457.09300  2.84%   186 23952s
 1809944 839279 7469.09503  150  394 7675.00000 7457.17381  2.84%   186 23967s
 1812374 840056     cutoff   91      7675.00000 7457.32788  2.84%   186 23980s
 1815087 840880 7483.47189  108  225 7675.00000 7457.37267  2.84%   186 23993s
 1817463 841491 7479.34706  104  234 7675.00000 7457.47694  2.83%   186 24007s
 1819948 842080 7478.89640   85  182 7675.00000 7457.59731  2.83%   186 24021s
 1822368 842770 7464.99134   80  111 7675.00000 7457.71747  2.83%   186 24039s
 1824879 843558     cutoff   93      7675.00000 7457.84116  2.83%   186 24053s
 1827589 844118 7485.31713  130  304 7675.00000 7457.95286  2.83%   186 24067s
 1830120 844887 7475.53554   95  198 7675.00000 7458.06000  2.83%   186 24082s
 1832511 845459 7486.59827   62  190 7675.00000 7458.15232  2.83%   186 24096s
 1834978 846158 7486.82657   81  105 7675.00000 7458.29526  2.82%   186 24110s
 1837642 846493     cutoff   83      7675.00000 7458.38505  2.82%   185 24126s
 1839158 847172     cutoff   84      7675.00000 7458.46224  2.82%   185 24140s
 1841805 847817 7467.34784   82  151 7675.00000 7458.55755  2.82%   185 24155s
 1844505 847841 7481.37596  119   80 7675.00000 7458.67221  2.82%   185 24172s
 1844544 848341 7488.10306  124  140 7675.00000 7458.67221  2.82%   185 24187s
 1846359 849006 7484.78657   75   70 7675.00000 7458.69206  2.82%   185 24202s
 1848999 849775 7472.56859   84  313 7675.00000 7458.87339  2.82%   185 24220s
 1851540 849136 7467.78184   59  252 7675.00000 7458.98042  2.81%   185 24231s
 1855125 848623 infeasible   47      7675.00000 7459.14532  2.81%   185 24239s
 1857609 848085 7466.61888   48  298 7675.00000 7459.27271  2.81%   185 24247s
 1859892 847436 infeasible   49      7675.00000 7459.33945  2.81%   185 24255s
 1862403 846791     cutoff   40      7675.00000 7459.52080  2.81%   185 24263s
 1864817 846214 7464.60921   47  128 7675.00000 7459.64371  2.81%   185 24271s
 1867335 845563 7470.10601   57  255 7675.00000 7459.78947  2.80%   184 24279s
 1869925 845084 7470.69775   35  233 7675.00000 7459.90657  2.80%   184 24287s
 1871987 844528 7471.25247   38  209 7675.00000 7459.98757  2.80%   184 24296s
 1874299 843781 7471.77587   58  101 7675.00000 7460.08921  2.80%   184 24304s
 1876946 843000     cutoff   70      7675.00000 7460.24809  2.80%   184 24312s
 1879600 842249 7469.57162   61  219 7675.00000 7460.37900  2.80%   184 24320s
 1882258 841461 7467.41731   47  323 7675.00000 7460.52587  2.79%   184 24328s
 1884882 840653 7466.59069   51  264 7675.00000 7460.65390  2.79%   184 24335s
 1887421 840047     cutoff   48      7675.00000 7460.80328  2.79%   184 24343s
 1889265 839271 7467.08416   49  311 7675.00000 7460.90573  2.79%   184 24352s
 1891941 838395     cutoff   60      7675.00000 7461.03525  2.79%   183 24359s
 1894538 837531 7466.22587   45  153 7675.00000 7461.16754  2.79%   183 24367s
 1897106 836578     cutoff   49      7675.00000 7461.29280  2.78%   183 24375s
 1899720 835644 7467.01232   52  279 7675.00000 7461.43793  2.78%   183 24383s
 1902317 836580 7520.50278   97  317 7675.00000 7461.55505  2.78%   183 24397s
 1903615 838018 7501.67928   75  275 7675.00000 7461.59793  2.78%   183 24423s
 1905789 842334 7499.67298   74  288 7675.00000 7461.65773  2.78%   183 24450s
 1912346 844701 7488.54003   55  296 7675.00000 7461.84875  2.78%   183 24465s
 1915676 846904 7495.97298   65  277 7675.00000 7461.99221  2.78%   182 24478s
 1918589 849030 7500.77629   74  290 7675.00000 7462.11660  2.77%   182 24491s
 1921589 851162 7496.70963   66  316 7675.00000 7462.22360  2.77%   182 24504s
 1924367 853362 7517.60783  120  301 7675.00000 7462.30828  2.77%   182 24523s
 1927731 854982 7523.14237   71  279 7675.00000 7462.41390  2.77%   182 24533s
 1930010 856763 7530.88718  125  204 7675.00000 7462.50032  2.77%   182 24543s
 1932495 858527 7501.31412   59  223 7675.00000 7462.57255  2.77%   182 24555s
 1934938 860205 7487.36099   65  273 7675.00000 7462.67111  2.77%   182 24566s
 1937341 862090     cutoff   93      7675.00000 7462.76302  2.77%   181 24577s
 1939867 862149     cutoff  136      7675.00000 7462.84336  2.76%   181 24588s
 1939956 862794 7471.10027   49  247 7675.00000 7462.85224  2.76%   181 24599s
 1940862 864312 7483.07406   65  317 7675.00000 7462.85224  2.76%   181 24611s
 1943443 866316 7502.25081   74  277 7675.00000 7462.95156  2.76%   181 24622s
 1946203 868195 7513.54498   70  284 7675.00000 7463.06780  2.76%   181 24633s
 1948807 869954 7520.06256   74  220 7675.00000 7463.16701  2.76%   181 24644s
 1951255 872350 7477.88229   52  344 7675.00000 7463.27844  2.76%   181 24663s
 1954507 874157 7504.97652   95  331 7675.00000 7463.38200  2.76%   181 24726s
 1956769 875880 7492.49268  126  375 7675.00000 7463.42692  2.76%   181 24789s
 1958879 878680 7510.00533  102  354 7675.00000 7463.52851  2.76%   181 24860s
 1962235 880691 7497.67146   97  337 7675.00000 7463.55823  2.75%   181 24923s
 1964819 882691 7552.98491  166  456 7675.00000 7463.55823  2.75%   182 24985s
 1967599 884766     cutoff  108      7675.00000 7463.82945  2.75%   182 25045s
 1970236 886872 7540.75234  188  483 7675.00000 7463.95223  2.75%   182 25105s
 1972862 888112 7546.53182  102  216 7675.00000 7464.03707  2.75%   182 25164s
 1975015 889533 7468.01782  116  540 7675.00000 7464.09905  2.75%   183 25222s
 1977347 891324 7496.17340  105  341 7675.00000 7464.09905  2.75%   183 25282s
 1979983 893031 7513.50049   79  323 7675.00000 7464.17721  2.75%   183 25348s
 1982533 894717 7553.68115   89  221 7675.00000 7464.33383  2.74%   183 25406s
 1985115 895549 7530.07006  114  380 7675.00000 7464.46300  2.74%   184 25463s
 1986193 896298 7544.28041  156  297 7675.00000 7464.46300  2.74%   184 25527s
 1987503 899016 7554.96036  103  300 7675.00000 7464.46300  2.74%   184 25601s
 1990846 901416 7516.47425   89  318 7675.00000 7464.46300  2.74%   184 25668s
 1994031 903657 7552.12365  142  397 7675.00000 7464.70935  2.74%   184 25729s
 1997046 905953 7539.74619   72  302 7675.00000 7464.72680  2.74%   185 25790s
 1999895 907446 7520.90948  137  430 7675.00000 7464.92974  2.74%   185 25847s
 2002057 909336 7519.84712   79  234 7675.00000 7465.04818  2.74%   185 25904s
 2004476 911506 7502.00002  168  422 7675.00000 7465.21289  2.73%   185 25963s
 2007213 912122 7490.88657   69  149 7675.00000 7465.25185  2.73%   186 25978s
 2009658 912791     cutoff   86      7675.00000 7465.36727  2.73%   186 25993s
 2012391 913230 7470.26811   66  114 7675.00000 7465.46780  2.73%   185 26008s
 2014778 913967 7474.08313   75  241 7675.00000 7465.57012  2.73%   185 26024s
 2017220 914596 7466.96933  112  161 7675.00000 7465.67351  2.73%   185 26038s
 2019784 915303 infeasible   83      7675.00000 7465.79133  2.73%   185 26053s
 2022349 915839 7489.91634   73  153 7675.00000 7465.87944  2.72%   185 26068s
 2025007 916413     cutoff   99      7675.00000 7465.97103  2.72%   185 26082s
 2027538 917037     cutoff   60      7675.00000 7466.09918  2.72%   185 26097s
 2029908 917436 7479.84825   79  209 7675.00000 7466.20232  2.72%   185 26113s
 2032480 918014 infeasible   98      7675.00000 7466.31254  2.72%   185 26128s
 2035098 918506 7486.22872   72  237 7675.00000 7466.39699  2.72%   185 26142s
 2037571 919065 7489.66973   70  181 7675.00000 7466.50119  2.72%   185 26156s
 2040051 919519 7493.66540   82  141 7675.00000 7466.58537  2.72%   185 26170s
 2042372 919985 7477.17080   69  122 7675.00000 7466.67163  2.71%   185 26184s
 2044797 920548 7481.44413   91  225 7675.00000 7466.73237  2.71%   185 26198s
 2047289 921115 7468.49072  111  481 7675.00000 7466.84113  2.71%   185 26213s
 2049934 921470 7484.92205  155  238 7675.00000 7466.86150  2.71%   185 26227s
 2051397 921975 7490.23653   82  149 7675.00000 7467.06192  2.71%   184 26242s
 2054079 922610     cutoff   87      7675.00000 7467.13639  2.71%   184 26257s
 2056738 923146     cutoff   77      7675.00000 7467.22202  2.71%   184 26274s
 2059276 921830     cutoff   50      7675.00000 7467.33152  2.71%   184 26285s
 2063079 920844     cutoff   56      7675.00000 7467.54801  2.70%   184 26292s
 2065437 919914     cutoff   55      7675.00000 7467.66620  2.70%   184 26299s
 2067928 918931 7477.31426   59  255 7675.00000 7467.80227  2.70%   184 26306s
 2070393 917857 7474.89893   55  261 7675.00000 7467.93287  2.70%   184 26312s
 2072809 916799     cutoff   59      7675.00000 7468.04251  2.70%   184 26319s
 2075399 915720     cutoff   55      7675.00000 7468.20356  2.69%   184 26326s
 2078014 914644 7477.72811   71  111 7675.00000 7468.34968  2.69%   184 26333s
 2080557 913556     cutoff   40      7675.00000 7468.46620  2.69%   183 26340s
 2083069 912447     cutoff   53      7675.00000 7468.59436  2.69%   183 26347s
 2085575 911243     cutoff   63      7675.00000 7468.74530  2.69%   183 26353s
 2088288 910061     cutoff   60      7675.00000 7468.88725  2.69%   183 26360s
 2090918 908834 7473.58385   57  158 7675.00000 7469.02176  2.68%   183 26367s
 2093416 907536 7474.61965   50  184 7675.00000 7469.17673  2.68%   183 26373s
 2096165 906186     cutoff   65      7675.00000 7469.31953  2.68%   183 26379s
 2098807 904784 7477.13287   56   60 7675.00000 7469.47968  2.68%   183 26386s
 2101365 903419 7475.65008   55  252 7675.00000 7469.64016  2.68%   183 26392s
 2103961 902001 7475.29953   40   25 7675.00000 7469.79844  2.67%   182 26398s
 2106605 900571     cutoff   50      7675.00000 7469.96064  2.67%   182 26404s
 2109262 899168 infeasible   56      7675.00000 7470.09120  2.67%   182 26410s
 2111829 901260 7530.88910   74   95 7675.00000 7470.23914  2.67%   182 26424s
 2114984 902909 7523.83026   82  243 7675.00000 7470.37150  2.67%   182 26434s
 2117418 904430 7535.79014   78  189 7675.00000 7470.45179  2.67%   182 26445s
 2119854 905999 7515.36325   56  277 7675.00000 7470.53667  2.66%   182 26456s
 2122268 907509 7498.32812   71  260 7675.00000 7470.59886  2.66%   182 26466s
 2124577 909232 7511.52278   74  329 7675.00000 7470.70466  2.66%   182 26477s
 2127003 911285 7519.63937   55  277 7675.00000 7470.78704  2.66%   181 26488s
 2129621 913053 7533.24001  131  349 7675.00000 7470.88226  2.66%   181 26500s
 2132117 914468     cutoff  127      7675.00000 7470.99424  2.66%   181 26511s
 2134574 916632 7514.61274   52  281 7675.00000 7471.05831  2.66%   181 26529s
 2137675 918101 7524.43671   83  197 7675.00000 7471.18374  2.66%   181 26540s
 2140109 919614 7505.02166   65  352 7675.00000 7471.26838  2.65%   181 26551s
 2142496 921389 7492.17892   57  322 7675.00000 7471.38239  2.65%   181 26562s
 2145038 922873 7537.90031  153  314 7675.00000 7471.38239  2.65%   181 26573s
 2147410 924675 7512.45741   48  304 7675.00000 7471.50692  2.65%   181 26584s
 2149987 926164 7535.06552   68  241 7675.00000 7471.58028  2.65%   181 26595s
 2152371 927655 7497.06315   66  291 7675.00000 7471.63793  2.65%   180 26606s
 2154853 929197 7540.29186   54  282 7675.00000 7471.74848  2.65%   180 26617s
 2157202 930707 7497.07841   72  244 7675.00000 7471.79486  2.65%   180 26628s
 2159693 932452 7490.68079   53  321 7675.00000 7471.86375  2.65%   180 26647s
 2162810 934047 7509.03199  106  443 7675.00000 7471.99286  2.65%   180 26713s
 2164863 936092 7561.50016  139  386 7675.00000 7472.00280  2.64%   180 26785s
 2167949 937903 7512.29853   79  487 7675.00000 7472.07299  2.64%   181 26849s
 2170788 939997 7534.89891  100  551 7675.00000 7472.19985  2.64%   181 26911s
 2173658 941799 7480.90799   73  423 7675.00000 7472.34904  2.64%   181 26970s
 2176052 943764 7523.67294  121  429 7675.00000 7472.34904  2.64%   181 27030s
 2178577 945929 7533.64398  138  208 7675.00000 7472.47919  2.64%   182 27089s
 2181337 947884 7549.28519  100  319 7675.00000 7472.60136  2.64%   182 27146s
 2183933 949686 7565.11721  184  404 7675.00000 7472.71466  2.64%   182 27203s
 2186293 951690 7522.31378   85  431 7675.00000 7472.78205  2.63%   182 27262s
 2188915 953974 7535.57534  146  443 7675.00000 7472.92827  2.63%   182 27327s
 2191714 956223 7533.76266  198  498 7675.00000 7472.97133  2.63%   183 27382s
 2194479 957901 7565.66340   94  388 7675.00000 7473.03903  2.63%   183 27434s
 2196641 959782 7499.00097   95  414 7675.00000 7473.06588  2.63%   183 27487s
 2199070 961801 7496.95099   99  446 7675.00000 7473.28029  2.63%   183 27541s
 2201511 963427 7536.27962  169  445 7675.00000 7473.34859  2.63%   183 27595s
 2203697 964841 7556.49512  134  372 7675.00000 7473.37971  2.63%   184 27650s
 2206071 966445 7556.87363  115  277 7675.00000 7473.51851  2.63%   184 27706s
 2208422 968099     cutoff  227      7675.00000 7473.64768  2.62%   184 27762s
 2210692 970135     cutoff  215      7675.00000 7473.70578  2.62%   184 27817s
 2213322 970769 7489.36581   69  154 7675.00000 7473.74724  2.62%   184 27832s
 2215841 971288 7493.82655   85  197 7675.00000 7473.79784  2.62%   184 27847s
 2218074 971689     cutoff   85      7675.00000 7473.90160  2.62%   184 27863s
 2220413 972082 7494.11628   81  151 7675.00000 7473.98182  2.62%   184 27879s
 2223105 972582     cutoff   63      7675.00000 7474.11065  2.62%   184 27895s
 2225735 972877 7490.75020   74  199 7675.00000 7474.19653  2.62%   184 27911s
 2227306 973229 7492.37466   77  136 7675.00000 7474.27008  2.62%   184 27927s
 2230109 973790 7497.74516   80  103 7675.00000 7474.39189  2.61%   184 27943s
 2232933 974328 7495.82439   78  204 7675.00000 7474.49222  2.61%   184 27958s
 2235721 974742 7488.06617   64  212 7675.00000 7474.60062  2.61%   184 27974s
 2238266 975262     cutoff   93      7675.00000 7474.69667  2.61%   184 27991s
 2240847 975795 7478.41622   70  122 7675.00000 7474.78511  2.61%   184 28006s
 2243393 976092 7492.35129   82  253 7675.00000 7474.89878  2.61%   184 28021s
 2245249 976346     cutoff   71      7675.00000 7474.96655  2.61%   184 28040s
 2246454 976530 7498.07224   71  162 7675.00000 7474.99557  2.61%   184 28059s
 2247732 977079 infeasible   72      7675.00000 7474.99601  2.61%   184 28078s
 2250359 977572 7493.10634   78  220 7675.00000 7475.14636  2.60%   184 28097s
 2253708 978055     cutoff   83      7675.00000 7475.29699  2.60%   183 28114s
 2256836 978485 infeasible   93      7675.00000 7475.40987  2.60%   183 28131s
 2259683 978745 7488.58707   99  316 7675.00000 7475.52864  2.60%   183 28149s
 2261420 979029 infeasible   74      7675.00000 7475.56981  2.60%   183 28166s
 2263548 976789 7476.24904   56   42 7675.00000 7475.68864  2.60%   183 28176s
 2267488 975289     cutoff   76      7675.00000 7475.94919  2.59%   183 28182s
 2269947 973689 7481.91570   65  190 7675.00000 7476.07288  2.59%   183 28187s
 2272544 972050 7479.64904   65  256 7675.00000 7476.24904  2.59%   183 28193s
 2275202 970393     cutoff   58      7675.00000 7476.41667  2.59%   183 28198s
 2277769 968695     cutoff   44      7675.00000 7476.59106  2.59%   183 28204s
 2280479 966989     cutoff   43      7675.00000 7476.75238  2.58%   182 28209s
 2283166 965036 infeasible   71      7675.00000 7476.91570  2.58%   182 28215s
 2285889 963158     cutoff   40      7675.00000 7477.09899  2.58%   182 28220s
 2288538 961156     cutoff   52      7675.00000 7477.29936  2.58%   182 28225s
 2291239 958706     cutoff   50      7675.00000 7477.51634  2.57%   182 28231s
 2294496 956118     cutoff   82      7675.00000 7477.76120  2.57%   182 28237s
 2297837 953100     cutoff   56      7675.00000 7477.99982  2.57%   182 28243s
 2301566 949628     cutoff   59      7675.00000 7478.36732  2.56%   181 28250s
 2305856 945692     cutoff   54      7675.00000 7478.74644  2.56%   181 28257s
 2310405 941366     cutoff   52      7675.00000 7479.31767  2.55%   181 28263s
 2315281 943389 7520.26571   80  224 7675.00000 7479.92190  2.54%   181 28277s
 2318246 945086 7534.14440  113  293 7675.00000 7479.98498  2.54%   180 28288s
 2320833 946949 7512.02266   64  233 7675.00000 7480.07208  2.54%   180 28300s
 2323299 948157     cutoff  195      7675.00000 7480.12522  2.54%   180 28311s
 2325806 949611 7500.16861   60  331 7675.00000 7480.17891  2.54%   180 28322s
 2328387 951465 7528.76939   70  273 7675.00000 7480.23579  2.54%   180 28333s
 2330868 952739 7522.36655   56  329 7675.00000 7480.33075  2.54%   180 28344s
 2333384 954168 7506.74888   65  283 7675.00000 7480.39518  2.54%   180 28354s
 2335787 955815 7531.66814  111  295 7675.00000 7480.47113  2.53%   180 28365s
 2338242 957775     cutoff  115      7675.00000 7480.55044  2.53%   180 28383s
 2341210 959517 7537.26173   93  242 7675.00000 7480.61746  2.53%   180 28395s
 2343822 961230     cutoff   83      7675.00000 7480.68686  2.53%   180 28406s
 2346312 962943 7532.67504   88  245 7675.00000 7480.74916  2.53%   179 28417s
 2348775 964409 7510.41996   57  288 7675.00000 7480.82292  2.53%   179 28427s
 2351181 966170 7504.41064   46  292 7675.00000 7480.89735  2.53%   179 28438s
 2353582 967944 7520.11076   72  244 7675.00000 7480.96868  2.53%   179 28449s
 2356097 969613 7535.48500   94  320 7675.00000 7481.02039  2.53%   179 28460s
 2358472 970810 7541.49702   58  186 7675.00000 7481.09587  2.53%   179 28471s
 2360890 971846 7517.23099   60  224 7675.00000 7481.16363  2.53%   179 28482s
 2363230 973241 7541.33606   69  291 7675.00000 7481.16714  2.53%   179 28499s
 2366131 975252 7492.94970  104  513 7675.00000 7481.27643  2.52%   179 28559s
 2368565 977526 7531.19293  159  663 7675.00000 7481.34873  2.52%   179 28628s
 2371357 979077 7568.22344  259  613 7675.00000 7481.34873  2.52%   179 28682s
 2373664 980635 infeasible  143      7675.00000 7481.44824  2.52%   179 28738s
 2375916 982708     cutoff  135      7675.00000 7481.57232  2.52%   180 28795s
 2378440 984504     cutoff   86      7675.00000 7481.58865  2.52%   180 28853s
 2380960 985696 7572.43175  225  418 7675.00000 7481.69591  2.52%   180 28910s
 2382698 987479     cutoff   99      7675.00000 7481.69591  2.52%   180 28970s
 2385197 989275 7567.25968   88  277 7675.00000 7481.84624  2.52%   180 29030s
 2387679 990697 7550.08244  205  370 7675.00000 7481.91464  2.52%   181 29091s
 2390196 992479 7494.78589   81  412 7675.00000 7482.02323  2.51%   181 29151s
 2392668 994486 7568.20079  119  355 7675.00000 7482.11820  2.51%   181 29212s
 2395459 996104 7547.43557   93  273 7675.00000 7482.25918  2.51%   181 29277s
 2397514 998504 7563.20501  191  512 7675.00000 7482.26806  2.51%   181 29349s
 2400637 1000813 7492.23486   83  471 7675.00000 7482.31326  2.51%   182 29411s
 2403472 1003005 7557.77589  193  526 7675.00000 7482.37878  2.51%   182 29471s
 2406205 1005077 7561.40083  110  218 7675.00000 7482.45377  2.51%   182 29530s
 2408929 1006520 7519.05022   82  461 7675.00000 7482.58414  2.51%   182 29587s
 2411246 1008306 7526.19803  102  295 7675.00000 7482.67490  2.51%   182 29645s
 2413815 1010094 7514.46335  142  424 7675.00000 7482.73030  2.51%   183 29701s
 2416461 1010351 7496.91925   87  289 7675.00000 7482.83604  2.50%   183 29718s
 2418957 1010686 7503.01531   99  305 7675.00000 7482.92965  2.50%   183 29734s
 2421636 1010963 infeasible   78      7675.00000 7483.00967  2.50%   183 29748s
 2424181 1011245 7496.87528  134   97 7675.00000 7483.12536  2.50%   183 29763s
 2426613 1011463 7494.87836   87  176 7675.00000 7483.24137  2.50%   183 29777s
 2428968 1011862     cutoff   93      7675.00000 7483.34520  2.50%   183 29792s
 2431618 1012118 7500.85054   91  231 7675.00000 7483.44068  2.50%   182 29807s
 2434118 1012476     cutoff   86      7675.00000 7483.52260  2.49%   182 29821s
 2436700 1012814 7500.52580   70  194 7675.00000 7483.64550  2.49%   182 29836s
 2439242 1013103     cutoff  146      7675.00000 7483.72068  2.49%   182 29850s
 2441479 1013297     cutoff  102      7675.00000 7483.84154  2.49%   182 29867s
 2444212 1013635 7505.94059   86  116 7675.00000 7483.93581  2.49%   182 29882s
 2446798 1013857 7489.19716   72  304 7675.00000 7484.02391  2.49%   182 29895s
 2449220 1013895     cutoff   64      7675.00000 7484.13695  2.49%   182 29909s
 2451541 1013945 7507.14572   71  106 7675.00000 7484.22676  2.49%   182 29924s
 2454040 1014296 7493.80058  105  278 7675.00000 7484.31443  2.48%   182 29938s
 2456582 1014503 7498.00558   99  381 7675.00000 7484.42109  2.48%   182 29952s
 2458904 1014670     cutoff   93      7675.00000 7484.50291  2.48%   182 29966s
 2461296 1014759 7500.22777   98  312 7675.00000 7484.59294  2.48%   182 29980s
 2463752 1014938 7505.57392   66  137 7675.00000 7484.65552  2.48%   182 29994s
 2466064 1015117     cutoff  106      7675.00000 7484.78316  2.48%   182 30008s
 2468472 1010361     cutoff   53      7675.00000 7484.86340  2.48%   182 30015s
 2478951 1006654 7509.36232   71  308 7675.00000 7489.19032  2.42%   181 30033s
 2481688 1008346 7514.10548   61  266 7675.00000 7489.27591  2.42%   181 30046s
 2484323 1009694 7505.85990   57  284 7675.00000 7489.38214  2.42%   181 30058s
 2486835 1011571 7514.45005   63  301 7675.00000 7489.44377  2.42%   181 30070s
 2489493 1013243 7547.42384  128  308 7675.00000 7489.51313  2.42%   181 30081s
 2491880 1014837 7530.57941   59  190 7675.00000 7489.57359  2.42%   181 30093s
 2494395 1014855 7537.70904   75  252 7675.00000 7489.64244  2.42%   181 30103s
 2494424 1014877 7541.27384   76  281 7675.00000 7489.64244  2.42%   181 30115s
 2494449 1014985 7550.09092   77  267 7675.00000 7489.64244  2.42%   181 30127s
 2494630 1015649 7551.34013   78  281 7675.00000 7489.64244  2.42%   181 30138s
 2495551 1017310 7556.36548   64  216 7675.00000 7489.66121  2.41%   181 30151s
 2498024 1019022 7539.60583  118  313 7675.00000 7489.69961  2.41%   180 30164s
 2500699 1020867 7541.64652   74  213 7675.00000 7489.78039  2.41%   180 30177s
 2503558 1022716 7531.18187   71  276 7675.00000 7489.86016  2.41%   180 30195s
 2506451 1024618 7510.59509   69  283 7675.00000 7489.91980  2.41%   180 30206s
 2508999 1026315 7545.84874   81  235 7675.00000 7489.98633  2.41%   180 30217s
 2511467 1028083 7530.58828   85  296 7675.00000 7490.07010  2.41%   180 30228s
 2514043 1029826 7538.01944   91  267 7675.00000 7490.12663  2.41%   180 30239s
 2516521 1031329 7533.52271  147  347 7675.00000 7490.19746  2.41%   180 30250s
 2518975 1031354 7549.05253   72  188 7675.00000 7490.26010  2.41%   180 30261s
 2519013 1031571 7549.85527   73  181 7675.00000 7490.26010  2.41%   180 30272s
 2519359 1032615 7500.28179  111  183 7675.00000 7490.26988  2.41%   180 30283s
 2521092 1034477 7541.38711   52  264 7675.00000 7490.28776  2.41%   180 30295s
 2523830 1036393 7517.93565   63  178 7675.00000 7490.38335  2.41%   180 30307s
 2526619 1038187 7549.13915   87  216 7675.00000 7490.46526  2.40%   179 30320s
 2529342 1039792 7577.20229  285  451 7675.00000 7490.53488  2.40%   179 30379s
 2531601 1040864 7534.55285  101  288 7675.00000 7490.58555  2.40%   180 30446s
 2533013 1043410 7572.57852   88  371 7675.00000 7490.64965  2.40%   180 30526s
 2536483 1045504 7522.05402  167  669 7675.00000 7490.74041  2.40%   180 30593s
 2539168 1047135 7547.20652  242  583 7675.00000 7490.78875  2.40%   180 30649s
 2541584 1048910 7570.67716  340  694 7675.00000 7490.83536  2.40%   180 30707s
 2544145 1049936 7576.46982   99  330 7675.00000 7490.90170  2.40%   181 30765s
 2545828 1051511 infeasible  130      7675.00000 7490.98122  2.40%   181 30826s
 2548163 1053696 7551.11100   89  477 7675.00000 7491.04500  2.40%   181 30887s
 2550967 1055193 7563.68557  101  276 7675.00000 7491.07616  2.40%   181 30947s
 2553543 1057086 7573.08197  170  159 7675.00000 7491.22434  2.39%   181 31007s
 2556150 1059045 7561.51774   95  449 7675.00000 7491.23405  2.39%   182 31066s
 2558835 1060446 7576.23615  118  335 7675.00000 7491.34520  2.39%   182 31123s
 2561260 1061876 7556.92598   95  399 7675.00000 7491.41228  2.39%   182 31181s
 2563563 1063683     cutoff   84      7675.00000 7491.45363  2.39%   182 31245s
 2566169 1064927 7568.98229  118  296 7675.00000 7491.54737  2.39%   182 31301s
 2568577 1066091 7526.20729   99  315 7675.00000 7491.61481  2.39%   183 31360s
 2570428 1066850 7507.77681   65  341 7675.00000 7491.67056  2.39%   183 31420s
 2571523 1068756 7557.10498  101  358 7675.00000 7491.67056  2.39%   183 31488s
 2574116 1070739 7517.00863   76  455 7675.00000 7491.75416  2.39%   183 31558s
 2576968 1072941 7545.05332   76  387 7675.00000 7491.80082  2.39%   183 31624s
 2579960 1073195 7510.30649   97  156 7675.00000 7491.90848  2.39%   183 31641s
 2582699 1073327 7512.84478   87  298 7675.00000 7491.98793  2.38%   183 31655s
 2585221 1073470 7500.70999   73  268 7675.00000 7492.05903  2.38%   183 31669s
 2587636 1073476     cutoff   85      7675.00000 7492.18833  2.38%   183 31684s
 2589022 1073649     cutoff  139      7675.00000 7492.25703  2.38%   183 31699s
 2591572 1073868 7509.56817   72  221 7675.00000 7492.32944  2.38%   183 31714s
 2594312 1073903 7495.32065  124  241 7675.00000 7492.44422  2.38%   183 31729s
 2596872 1074063 7511.28411  111  132 7675.00000 7492.54581  2.38%   183 31743s
 2599492 1074212 7511.38180   65  192 7675.00000 7492.63178  2.38%   183 31757s
 2602015 1074292     cutoff   72      7675.00000 7492.75339  2.37%   183 31773s
 2604533 1074371 7506.77510  107  112 7675.00000 7492.82182  2.37%   183 31787s
 2607062 1074638 7496.92032   72  244 7675.00000 7492.94267  2.37%   183 31804s
 2609865 1074590     cutoff  132      7675.00000 7492.99743  2.37%   183 31818s
 2612266 1074591     cutoff   64      7675.00000 7493.11311  2.37%   183 31832s
 2614670 1074660 7500.12702  107  283 7675.00000 7493.17909  2.37%   183 31845s
 2617101 1074607 7507.09187   66  159 7675.00000 7493.29232  2.37%   183 31859s
 2619547 1074732     cutoff   83      7675.00000 7493.38332  2.37%   183 31873s
 2621940 1074721     cutoff   78      7675.00000 7493.45331  2.37%   183 31887s
 2624477 1074704 infeasible   97      7675.00000 7493.57455  2.36%   182 31901s
 2627066 1074842 7500.45944   77  211 7675.00000 7493.66529  2.36%   182 31915s
 2629586 1074776 infeasible   61      7675.00000 7493.77124  2.36%   182 31929s
 2632157 1076817 7546.88514   76  187 7675.00000 7493.85384  2.36%   182 31947s
 2635143 1078566 7554.50842   81  326 7675.00000 7493.92066  2.36%   182 31958s
 2637642 1080334 7545.20194   73  128 7675.00000 7493.99770  2.36%   182 31969s
 2640131 1082058 7546.86735   66  331 7675.00000 7494.03930  2.36%   182 31979s
 2642689 1083532     cutoff  103      7675.00000 7494.11328  2.36%   182 31990s
 2645027 1085130 7536.53142   69  231 7675.00000 7494.14206  2.36%   182 32001s
 2647391 1086424 7514.97938   58  336 7675.00000 7494.22542  2.36%   182 32013s
 2649669 1087940 7527.08087   72  313 7675.00000 7494.28912  2.35%   182 32023s
 2652222 1089579 7507.07618   52  321 7675.00000 7494.36692  2.35%   182 32034s
 2654740 1091226 7537.98051   76  288 7675.00000 7494.41592  2.35%   182 32045s
 2657265 1092800 7531.23536   60  288 7675.00000 7494.47592  2.35%   182 32063s
 2660305 1094219 7511.74807   51  268 7675.00000 7494.52398  2.35%   181 32074s
 2662684 1095506 7514.61971   57  249 7675.00000 7494.58424  2.35%   181 32085s
 2664992 1097261 7530.56612   78  257 7675.00000 7494.63733  2.35%   181 32096s
 2667582 1098806     cutoff   85      7675.00000 7494.68873  2.35%   181 32107s
 2669983 1100568 7555.78953   77  260 7675.00000 7494.74638  2.35%   181 32118s
 2672541 1101976 7539.74869   65  271 7675.00000 7494.81980  2.35%   181 32129s
 2675060 1103302 7507.70485   60  314 7675.00000 7494.87045  2.35%   181 32140s
 2677355 1104500 7536.81264   66  290 7675.00000 7494.90693  2.35%   181 32151s
 2679629 1106014 7533.18979   86  338 7675.00000 7494.94872  2.35%   181 32162s
 2682202 1107629 7523.57423  150  533 7675.00000 7495.02108  2.35%   181 32222s
 2684447 1109095 7555.26056  222  793 7675.00000 7495.02108  2.35%   181 32288s
 2686518 1111492 7569.42797   84  192 7675.00000 7495.15349  2.34%   181 32359s
 2689543 1113712 7578.71629  193  403 7675.00000 7495.18056  2.34%   181 32425s
 2692388 1115797 7557.50149  104  520 7675.00000 7495.23870  2.34%   182 32489s
 2695147 1117610 7543.31368  104  248 7675.00000 7495.32883  2.34%   182 32543s
 2697495 1119191 7572.87219   94  443 7675.00000 7495.42772  2.34%   182 32598s
 2699751 1121005 7565.17384   79  392 7675.00000 7495.46135  2.34%   182 32656s
 2702342 1122645 7570.14234  136  477 7675.00000 7495.51602  2.34%   182 32712s
 2704585 1124088 7578.39587   73  259 7675.00000 7495.57969  2.34%   182 32769s
 2706805 1125815 7518.51053   77  534 7675.00000 7495.65468  2.34%   183 32828s
 2709218 1127577 7545.65786   92  388 7675.00000 7495.66819  2.34%   183 32886s
 2711891 1128986 7530.26141   82  359 7675.00000 7495.79654  2.33%   183 32944s
 2714146 1130561 7511.01168   86  533 7675.00000 7495.88062  2.33%   183 33003s
 2716833 1131580 7522.53687  101  455 7675.00000 7495.89040  2.33%   183 33059s
 2718803 1132837 7531.65316  119  410 7675.00000 7495.93700  2.33%   184 33125s
 2721252 1134441 7557.68488  154  459 7675.00000 7495.98274  2.33%   184 33185s
 2723956 1135580 7565.06206   83  378 7675.00000 7496.06984  2.33%   184 33243s
 2726581 1136465     cutoff   98      7675.00000 7496.12813  2.33%   184 33300s
 2728980 1137574     cutoff  144      7675.00000 7496.12813  2.33%   184 33356s
 2731432 1139059 7559.91281  135  454 7675.00000 7496.27709  2.33%   185 33412s
 2733816 1139001 7512.85043  108  180 7675.00000 7496.31477  2.33%   185 33427s
 2736352 1139006 7516.90355   72  132 7675.00000 7496.39719  2.33%   185 33442s
 2738977 1138823 7510.82697   94  297 7675.00000 7496.53594  2.33%   185 33456s
 2741475 1138756 infeasible   85      7675.00000 7496.62652  2.32%   185 33470s
 2743949 1138596 7513.43182   81  257 7675.00000 7496.72451  2.32%   185 33484s
 2746446 1138281     cutoff  110      7675.00000 7496.83896  2.32%   185 33498s
 2748904 1138250     cutoff   79      7675.00000 7496.93293  2.32%   184 33512s
 2751428 1138160 7514.73637   97  242 7675.00000 7497.03013  2.32%   184 33526s
 2753899 1138050 7517.22472   65  304 7675.00000 7497.12275  2.32%   184 33540s
 2756295 1137933 7502.90224   70  118 7675.00000 7497.21891  2.32%   184 33554s
 2757732 1137604 7506.97886   70  176 7675.00000 7497.27668  2.32%   184 33569s
 2760402 1137522 7505.45352   96  187 7675.00000 7497.38677  2.31%   184 33584s
 2763073 1137279     cutoff   86      7675.00000 7497.49994  2.31%   184 33599s
 2765841 1137118 7510.65855   89  153 7675.00000 7497.60252  2.31%   184 33613s
 2768583 1136982 infeasible  102      7675.00000 7497.69600  2.31%   184 33630s
 2771159 1136797 7515.23455   75  218 7675.00000 7497.78642  2.31%   184 33644s
 2773699 1136725 7514.44476   76   96 7675.00000 7497.89384  2.31%   184 33658s
 2776481 1136552 7503.92721   89  167 7675.00000 7497.98650  2.31%   184 33671s
 2778884 1136339 7515.85689  114  135 7675.00000 7498.07490  2.31%   184 33685s
 2781334 1136043 7509.47513   78  114 7675.00000 7498.18227  2.30%   184 33698s
 2783840 1137864 7561.14168   92  244 7675.00000 7498.26493  2.30%   184 33711s
 2786734 1139853     cutoff  116      7675.00000 7498.33884  2.30%   184 33729s
 2789658 1141527 7520.42516   62  276 7675.00000 7498.41627  2.30%   184 33740s
 2792154 1143032 7507.34135   55  308 7675.00000 7498.47078  2.30%   184 33751s
 2794527 1144469     cutoff   68      7675.00000 7498.54816  2.30%   183 33762s
 2796737 1145874 7545.27079   67  219 7675.00000 7498.58269  2.30%   183 33774s
 2799476 1147256 7544.69577   84  272 7675.00000 7498.63318  2.30%   183 33785s
 2801888 1148764     cutoff   43      7675.00000 7498.69520  2.30%   183 33797s
 2804407 1150273 7534.00512   74  303 7675.00000 7498.74977  2.30%   183 33808s
 2806781 1151530 7534.03561   52  239 7675.00000 7498.79689  2.30%   183 33819s
 2808872 1152785 7562.47936  100  146 7675.00000 7498.82339  2.30%   183 33831s
 2811279 1154211 7543.43269   68  201 7675.00000 7498.88087  2.29%   183 33842s
 2813810 1156137 7528.45201   51  314 7675.00000 7498.94235  2.29%   183 33860s
 2816743 1157745 7559.56548   77  211 7675.00000 7498.98866  2.29%   183 33871s
 2819087 1159524 7527.90678  113  263 7675.00000 7499.04065  2.29%   183 33882s
 2821811 1161192 7516.38825   54  230 7675.00000 7499.09027  2.29%   183 33893s
 2824229 1162870 7543.54197   59  273 7675.00000 7499.12229  2.29%   183 33905s
 2826761 1164503 7540.33074   66  281 7675.00000 7499.18334  2.29%   182 33915s
 2829215 1165967 infeasible   59      7675.00000 7499.23111  2.29%   182 33926s
 2831602 1167335 7531.09587   54  269 7675.00000 7499.26288  2.29%   182 33937s
 2833982 1168234 7527.19434  132  570 7675.00000 7499.32691  2.29%   182 34000s
 2835864 1170055 7548.37148  203  583 7675.00000 7499.37647  2.29%   182 34077s
 2839243 1171678 7564.74790   81  446 7675.00000 7499.46234  2.29%   183 34141s
 2841813 1173310 7581.40938  177  504 7675.00000 7499.54288  2.29%   183 34205s
 2844020 1175429 7536.87332  101  565 7675.00000 7499.58896  2.29%   183 34270s
 2846763 1176616 7532.83072  160  651 7675.00000 7499.58896  2.29%   183 34324s
 2848339 1178764 7567.24991  227  501 7675.00000 7499.65651  2.28%   183 34395s
 2851145 1180327     cutoff  114      7675.00000 7499.75366  2.28%   183 34455s
 2853423 1182430 7582.25555  102  335 7675.00000 7499.78148  2.28%   184 34516s
 2856116 1183976 7585.26406  166  299 7675.00000 7499.88828  2.28%   184 34577s
 2858549 1185367 7516.11004   67  410 7675.00000 7499.93755  2.28%   184 34639s
 2860791 1186829 7573.82592  171  412 7675.00000 7500.01512  2.28%   184 34700s
 2863352 1188683 7544.74227  120  359 7675.00000 7500.05813  2.28%   184 34760s
 2865725 1190651 7513.50677  112  824 7675.00000 7500.11948  2.28%   185 34821s
 2868161 1192624 7559.48022  171  719 7675.00000 7500.11948  2.28%   185 34881s
 2870803 1194516 7513.04359   69  515 7675.00000 7500.21012  2.28%   185 34948s
 2873444 1196004 7554.20018  115  476 7675.00000 7500.29245  2.28%   185 35006s
 2875799 1197188 7513.16752   77  524 7675.00000 7500.34579  2.28%   185 35065s
 2877595 1198924 7522.34519   91  427 7675.00000 7500.36836  2.28%   185 35127s
 2880231 1200689 7555.32195  154  383 7675.00000 7500.46336  2.27%   186 35190s
 2882690 1202649 7565.94811  101  425 7675.00000 7500.49415  2.27%   186 35252s
 2885399 1202195     cutoff   76      7675.00000 7500.60974  2.27%   186 35267s
 2888056 1202057 7508.36853   84  303 7675.00000 7500.71546  2.27%   186 35281s
 2890646 1201839 7511.63699   65  133 7675.00000 7500.82745  2.27%   186 35294s
 2893114 1201640 7511.60828   79  144 7675.00000 7500.91049  2.27%   186 35308s
 2895686 1201337     cutoff   85      7675.00000 7501.00712  2.27%   186 35321s
 2898171 1201006 7509.81166   82  143 7675.00000 7501.12986  2.27%   186 35334s
 2900723 1200782 7504.05993   73  157 7675.00000 7501.23169  2.26%   186 35349s
 2902658 1200451 7514.60710  100  179 7675.00000 7501.27993  2.26%   186 35363s
 2904795 1199957 7517.25544   88  207 7675.00000 7501.38337  2.26%   186 35377s
 2907384 1199717     cutoff   79      7675.00000 7501.49297  2.26%   185 35392s
 2909053 1199279     cutoff   82      7675.00000 7501.55647  2.26%   185 35407s
 2911859 1198775 infeasible  173      7675.00000 7501.63822  2.26%   185 35422s
 2914581 1198222 7509.61782   81   76 7675.00000 7501.73118  2.26%   185 35436s
 2917208 1197723 7518.28485  105  208 7675.00000 7501.85572  2.26%   185 35450s
 2919934 1197098 7519.53624   81  231 7675.00000 7501.97309  2.25%   185 35464s
 2922486 1196818 7507.80577   76  233 7675.00000 7502.10427  2.25%   185 35477s
 2925061 1196619 infeasible   77      7675.00000 7502.18867  2.25%   185 35491s
 2926717 1196233 7516.00958   78  129 7675.00000 7502.26193  2.25%   185 35506s
 2929605 1195683 7508.45145   82  273 7675.00000 7502.33228  2.25%   185 35520s
 2932305 1195259     cutoff   68      7675.00000 7502.48257  2.25%   185 35534s
 2934958 1194702 7515.42856   83  242 7675.00000 7502.58312  2.25%   185 35547s
 2937503 1196493 7525.60975   71  312 7675.00000 7502.66298  2.25%   185 35560s
 2940394 1197840 7527.37114   90  260 7675.00000 7502.71180  2.24%   185 35571s
 2942728 1199926 7515.15898   64  250 7675.00000 7502.76414  2.24%   185 35589s
 2945765 1201264 7557.49168   78  168 7675.00000 7502.81969  2.24%   185 35600s
 2948084 1201516 7556.00051   78  245 7675.00000 7502.85931  2.24%   184 35611s
 2948506 1203196 7527.88108   50  307 7675.00000 7502.89349  2.24%   184 35623s
 2951142 1204906 7549.40210   80  258 7675.00000 7502.95395  2.24%   184 35635s
 2953860 1206311 7564.36876   74  100 7675.00000 7503.01518  2.24%   184 35647s
 2956551 1207741 7523.35913   72  324 7675.00000 7503.06819  2.24%   184 35658s
 2958906 1209544 7560.03321   92  237 7675.00000 7503.11068  2.24%   184 35670s
 2961643 1211084 7562.74938  114  314 7675.00000 7503.16858  2.24%   184 35681s
 2964129 1212935 7520.27762   60  341 7675.00000 7503.21564  2.24%   184 35692s
 2966766 1214729 7538.28725   52  248 7675.00000 7503.25887  2.24%   184 35704s
 2969352 1216495 7519.92927   60  243 7675.00000 7503.31445  2.24%   184 35722s
 2972376 1217780 7530.27688   60  276 7675.00000 7503.35827  2.24%   184 35732s
 2974797 1219603 7554.68531   49  228 7675.00000 7503.43912  2.24%   184 35743s
 2977290 1221062 7529.44773   50  268 7675.00000 7503.46278  2.24%   184 35753s
 2979536 1222467 7547.87432   77  189 7675.00000 7503.51360  2.23%   184 35764s
 2982018 1223981 7554.19536   77  212 7675.00000 7503.52544  2.23%   183 35774s
 2984146 1223981 7552.35858   75  203 7675.00000 7503.55099  2.23%   183 35775s
 2984520 1225757 7543.50361   76  230 7675.00000 7503.60515  2.23%   183 35785s
 2986997 1227033 7536.75221   67  340 7675.00000 7503.65522  2.23%   183 35796s
 2989496 1228154     cutoff  115      7675.00000 7503.68803  2.23%   183 35855s
 2991413 1230074 7577.34896  114  251 7675.00000 7503.75138  2.23%   183 35930s
 2994225 1232206     cutoff   76      7675.00000 7503.80187  2.23%   184 36001s
 2997084 1233164 7572.47971  162  450 7675.00000 7503.83437  2.23%   184 36069s
 2998428 1235500     cutoff  110      7675.00000 7503.89830  2.23%   184 36141s
 3001536 1237380 7521.42036   79  362 7675.00000 7503.98454  2.23%   184 36208s
 3004008 1239104 7526.91877   81  350 7675.00000 7504.02765  2.23%   184 36270s
 3006391 1240863 7580.71017   95  335 7675.00000 7504.06589  2.23%   184 36331s
 3008766 1242391 7520.29163  143  507 7675.00000 7504.19607  2.23%   185 36395s
 3010764 1244035 7583.01908  101  354 7675.00000 7504.25303  2.22%   185 36462s
 3012955 1246004 infeasible  176      7675.00000 7504.31498  2.22%   185 36528s
 3015655 1247815 7526.11588  167  382 7675.00000 7504.34384  2.22%   185 36594s
 3018337 1249190 7540.20552  202  346 7675.00000 7504.38948  2.22%   185 36656s
 3020833 1251119     cutoff  257      7675.00000 7504.38948  2.22%   185 36722s
 3023786 1252915 7582.45465   71  397 7675.00000 7504.50252  2.22%   186 36784s
 3026292 1255145 7533.95685   82  494 7675.00000 7504.55597  2.22%   186 36845s
 3029052 1257029 7581.31839  156  377 7675.00000 7504.65653  2.22%   186 36911s
 3031563 1258281 7584.69236  189  598 7675.00000 7504.67598  2.22%   186 36972s
 3033414 1260353 7572.22625  151  328 7675.00000 7504.76459  2.22%   186 37039s
 3036217 1262087 7532.96809   78  424 7675.00000 7504.82341  2.22%   186 37103s
 3038521 1263912 7554.14513  198  535 7675.00000 7504.85609  2.22%   187 37166s
 3040956 1263318     cutoff   81      7675.00000 7504.91498  2.22%   187 37181s
 3043742 1262884     cutoff   91      7675.00000 7505.03137  2.21%   187 37195s
 3046424 1262424     cutoff   72      7675.00000 7505.15162  2.21%   187 37207s
 3048747 1262002     cutoff   69      7675.00000 7505.23999  2.21%   187 37221s
 3050636 1261502 7520.34696   97  178 7675.00000 7505.29182  2.21%   186 37235s
 3053440 1260936 7518.10660  111  154 7675.00000 7505.41873  2.21%   186 37249s
 3056109 1260384     cutoff  109      7675.00000 7505.52090  2.21%   186 37262s
 3058742 1259710 7519.22131   87  249 7675.00000 7505.61961  2.21%   186 37275s
 3061440 1258896     cutoff   76      7675.00000 7505.71840  2.21%   186 37288s
 3063850 1258230 7520.50773   91  304 7675.00000 7505.83613  2.20%   186 37301s
 3066604 1257494     cutoff   79      7675.00000 7505.94386  2.20%   186 37313s
 3069182 1256744 7521.66542   68  222 7675.00000 7506.05517  2.20%   186 37326s
 3071575 1256037     cutoff   77      7675.00000 7506.15678  2.20%   186 37338s
 3074034 1255001 7516.21893   89  248 7675.00000 7506.25111  2.20%   186 37351s
 3076499 1254269     cutoff   86      7675.00000 7506.38185  2.20%   186 37364s
 3078843 1253434     cutoff   93      7675.00000 7506.42439  2.20%   186 37376s
 3081378 1252713 7517.52203  121  178 7675.00000 7506.55645  2.19%   186 37390s
 3083736 1251644     cutoff  112      7675.00000 7506.62242  2.19%   186 37402s
 3086461 1250743 7513.29944   90  188 7675.00000 7506.75461  2.19%   186 37416s
 3088932 1249836 7519.54769  106  202 7675.00000 7506.85486  2.19%   186 37429s
 3091572 1251586 7551.49604   56  290 7675.00000 7506.97236  2.19%   186 37442s
 3094294 1253216 7550.14814   76  331 7675.00000 7507.03298  2.19%   185 37454s
 3096731 1255216 7534.82887   68  324 7675.00000 7507.09545  2.19%   185 37471s
 3099741 1256867 7531.75590   52  340 7675.00000 7507.15517  2.19%   185 37482s
 3102181 1258308 7553.93444   93  297 7675.00000 7507.20802  2.19%   185 37492s
 3104520 1259716     cutoff   62      7675.00000 7507.24525  2.19%   185 37503s
 3106965 1261495 7556.41809   80  270 7675.00000 7507.30337  2.18%   185 37513s
 3109545 1262941 7529.90709   59  267 7675.00000 7507.33927  2.18%   185 37523s
 3111859 1264365 7551.26829   73  248 7675.00000 7507.38805  2.18%   185 37534s
 3114342 1265783 7550.91142   67  249 7675.00000 7507.42659  2.18%   185 37545s
 3116645 1267040     cutoff   60      7675.00000 7507.49145  2.18%   185 37555s
 3119069 1268723 7549.54224  102  331 7675.00000 7507.52682  2.18%   185 37566s
 3121588 1270088 7565.70374   89  256 7675.00000 7507.57165  2.18%   185 37577s
 3124003 1272259 7557.95955  106  283 7675.00000 7507.61657  2.18%   185 37594s
 3127106 1273519 7530.96266   82  290 7675.00000 7507.68269  2.18%   184 37605s
 3129411 1275004 7559.91539   70  213 7675.00000 7507.70309  2.18%   184 37615s
 3131832 1276586 7560.22824   55  330 7675.00000 7507.75587  2.18%   184 37626s
 3134339 1278162 7561.34128   79  221 7675.00000 7507.79226  2.18%   184 37636s
 3136660 1279564 7531.83642   60  219 7675.00000 7507.84747  2.18%   184 37647s
 3139098 1281210 7539.75721   50  263 7675.00000 7507.89197  2.18%   184 37657s
 3141538 1282700 7561.11668   78  224 7675.00000 7507.92802  2.18%   184 37668s
 3143995 1284057 7588.42421  130  495 7675.00000 7507.99227  2.18%   184 37726s
 3145728 1286420 7568.43286  168  494 7675.00000 7508.05051  2.18%   184 37808s
 3148841 1288588 7545.19864   75  440 7675.00000 7508.10246  2.17%   184 37880s
 3151702 1290584 7551.89368  116  527 7675.00000 7508.17154  2.17%   185 37947s
 3154695 1292174 7531.58097   87  419 7675.00000 7508.23316  2.17%   185 38012s
 3157378 1293399 7553.40946  140  454 7675.00000 7508.26851  2.17%   185 38079s
 3159710 1295069 infeasible  128      7675.00000 7508.39671  2.17%   185 38143s
 3162077 1296459 7537.76103  109  347 7675.00000 7508.47405  2.17%   185 38207s
 3164427 1298018 7585.86372   94  298 7675.00000 7508.51724  2.17%   185 38273s
 3167512 1299603 7566.20370   80  399 7675.00000 7508.55990  2.17%   186 38335s
 3169932 1301297 7564.23939  135  359 7675.00000 7508.56753  2.17%   186 38397s
 3172582 1302781     cutoff  266      7675.00000 7508.71076  2.17%   186 38458s
 3174725 1304319 7528.72943   97  559 7675.00000 7508.74946  2.17%   186 38522s
 3176784 1306380 7577.16130  206  432 7675.00000 7508.77926  2.17%   186 38588s
 3179652 1308428 7591.93553  158  331 7675.00000 7508.86349  2.16%   186 38651s
 3182385 1310352 7562.17716  172  443 7675.00000 7508.90949  2.16%   187 38716s
 3185076 1311657 7516.09754   93  447 7675.00000 7508.98174  2.16%   187 38772s
 3187146 1313464     cutoff  241      7675.00000 7509.01548  2.16%   187 38833s
 3189878 1314872 7571.85110  149  367 7675.00000 7509.09001  2.16%   187 38891s
 3191969 1316226 7590.34273  111  276 7675.00000 7509.13155  2.16%   187 38951s
 3194251 1315046     cutoff   75      7675.00000 7509.23479  2.16%   187 38967s
 3197468 1314345     cutoff   75      7675.00000 7509.39132  2.16%   187 38978s
 3199890 1313895 7521.45744   92  164 7675.00000 7509.48892  2.16%   187 38990s
 3201000 1312726     cutoff   90      7675.00000 7509.53220  2.16%   187 39003s
 3203694 1311831     cutoff   74      7675.00000 7509.60859  2.15%   187 39016s
 3206393 1310722     cutoff   79      7675.00000 7509.73635  2.15%   187 39028s
 3209239 1309631 infeasible   83      7675.00000 7509.84613  2.15%   187 39041s
 3211967 1309223 infeasible   75      7675.00000 7509.96120  2.15%   187 39055s
 3213186 1308125 7520.41143   70  234 7675.00000 7509.98788  2.15%   187 39067s
 3216026 1307203     cutoff  120      7675.00000 7510.11582  2.15%   187 39082s
 3218226 1305877     cutoff   69      7675.00000 7510.17726  2.15%   187 39095s
 3221082 1304760 7523.27752  107  139 7675.00000 7510.32754  2.15%   187 39107s
 3223856 1303909     cutoff   77      7675.00000 7510.43079  2.14%   187 39120s
 3225845 1302871     cutoff   98      7675.00000 7510.52150  2.14%   187 39133s
 3228563 1301604 7517.49659   91  243 7675.00000 7510.65908  2.14%   186 39146s
 3231284 1300382 infeasible   84      7675.00000 7510.75957  2.14%   186 39158s
 3234111 1299047     cutoff  119      7675.00000 7510.85033  2.14%   186 39170s
 3236740 1297883     cutoff   78      7675.00000 7510.98504  2.14%   186 39181s
 3239344 1296661 7523.46407  112  158 7675.00000 7511.07021  2.14%   186 39193s
 3241897 1295246     cutoff  102      7675.00000 7511.19470  2.13%   186 39204s
 3244566 1297118     cutoff  131      7675.00000 7511.31033  2.13%   186 39217s
 3247413 1298808 7557.38939   77  240 7675.00000 7511.35126  2.13%   186 39228s
 3249921 1300694 7525.09698   70  274 7675.00000 7511.40064  2.13%   186 39245s
 3252783 1302367 7569.56012  109  228 7675.00000 7511.44139  2.13%   186 39256s
 3255350 1303748 7548.04541   78  302 7675.00000 7511.48356  2.13%   186 39267s
 3257800 1305344 7555.78393   74  253 7675.00000 7511.54147  2.13%   186 39277s
 3260258 1307073 7561.87926   86  251 7675.00000 7511.61374  2.13%   186 39288s
 3262724 1308559 7550.96036   68  283 7675.00000 7511.65408  2.13%   186 39299s
 3265227 1309880 7542.99823   76  261 7675.00000 7511.68894  2.13%   185 39310s
 3267674 1311262 7529.98316   63  275 7675.00000 7511.73557  2.13%   185 39321s
 3269841 1312977 7567.11781  102   86 7675.00000 7511.75990  2.13%   185 39331s
 3272420 1314470 7548.64923   78  261 7675.00000 7511.80497  2.13%   185 39342s
 3274864 1316289 7570.42238   60  303 7675.00000 7511.84887  2.13%   185 39353s
 3277462 1318052 7548.63895   75  283 7675.00000 7511.89108  2.13%   185 39370s
 3280290 1319671 7566.39631   56  293 7675.00000 7511.96202  2.12%   185 39381s
 3282755 1321018 7531.07014   76  238 7675.00000 7512.00260  2.12%   185 39392s
 3285237 1322443 7562.21678   84  220 7675.00000 7512.04344  2.12%   185 39402s
 3287680 1323753 7541.34495   78  287 7675.00000 7512.10591  2.12%   185 39414s
 3290244 1324119 7534.09654   53  245 7675.00000 7512.13856  2.12%   185 39425s
 3290826 1325702 7537.07447   78  301 7675.00000 7512.13856  2.12%   185 39437s
 3293495 1327350 7562.66698   64  168 7675.00000 7512.19239  2.12%   185 39448s
 3296028 1328641 7569.51960  122  309 7675.00000 7512.27250  2.12%   185 39509s
 3297899 1330542 7530.87780   72  368 7675.00000 7512.29809  2.12%   185 39588s
 3300910 1332009 7532.89698   95  810 7675.00000 7512.31790  2.12%   185 39661s
 3303554 1333741     cutoff  121      7675.00000 7512.43740  2.12%   185 39734s
 3306234 1335236 7582.97566  130  529 7675.00000 7512.49052  2.12%   185 39803s
 3308362 1337126 7583.76164  137  333 7675.00000 7512.51186  2.12%   186 39873s
 3311182 1338593 7583.67419  242  547 7675.00000 7512.58690  2.12%   186 39943s
 3313450 1340414 7564.89707  177  529 7675.00000 7512.67735  2.11%   186 40010s
 3316209 1341938 7575.98665  103  341 7675.00000 7512.75627  2.11%   186 40074s
 3318661 1343348 7577.72542  123  434 7675.00000 7512.79938  2.11%   186 40135s
 3321322 1344770 7577.60575   81  283 7675.00000 7512.79938  2.11%   186 40201s
 3323346 1346521 7553.62370  140  390 7675.00000 7512.79938  2.11%   186 40266s
 3325808 1348204     cutoff   96      7675.00000 7512.97006  2.11%   187 40332s
 3328402 1349934 7572.61780  106  437 7675.00000 7512.97006  2.11%   187 40396s
 3330942 1351000 7590.37780  105  335 7675.00000 7513.03455  2.11%   187 40460s
 3332685 1352746 7546.20162  106  537 7675.00000 7513.08767  2.11%   187 40526s
 3335096 1354819 7533.73148   82  452 7675.00000 7513.13659  2.11%   187 40594s
 3337894 1356796 7581.69705   78  260 7675.00000 7513.24393  2.11%   187 40661s
 3340552 1358057 7588.97057  141  286 7675.00000 7513.25664  2.11%   188 40719s
 3342577 1359521 7525.87914  123  528 7675.00000 7513.30834  2.11%   188 40784s
 3345149 1361084 7541.26712  171  507 7675.00000 7513.37580  2.11%   188 40849s
 3347622 1359501     cutoff   77      7675.00000 7513.42591  2.11%   188 40863s
 3350847 1358023     cutoff   76      7675.00000 7513.55303  2.10%   188 40876s
 3353699 1356553 7521.26190   85   97 7675.00000 7513.65867  2.10%   188 40888s
 3356442 1355675     cutoff   80      7675.00000 7513.75577  2.10%   188 40900s
 3358326 1354267 7518.68764   91  197 7675.00000 7513.76930  2.10%   188 40912s
 3361233 1352743 infeasible   71      7675.00000 7513.97083  2.10%   188 40924s
 3364116 1351290 7525.36419   87  242 7675.00000 7514.08994  2.10%   188 40935s
 3366971 1349751     cutoff   78      7675.00000 7514.18255  2.10%   187 40946s
 3369884 1348025 7524.82596   77  196 7675.00000 7514.28749  2.09%   187 40958s
 3372623 1346487 7523.70879   85  166 7675.00000 7514.42747  2.09%   187 40970s
 3375771 1344544 7523.56726   88  185 7675.00000 7514.52248  2.09%   187 40983s
 3379291 1342656     cutoff   86      7675.00000 7514.69822  2.09%   187 40996s
 3382580 1340707     cutoff   72      7675.00000 7514.81735  2.09%   187 41009s
 3385966 1338624 infeasible   94      7675.00000 7514.96676  2.09%   187 41023s
 3389538 1336257     cutoff   80      7675.00000 7515.08035  2.08%   187 41038s
 3393609 1334537     cutoff   68      7675.00000 7515.24685  2.08%   187 41055s
 3396644 1331993 7523.20084   78  262 7675.00000 7515.33837  2.08%   187 41072s
 3401148 1333485     cutoff   60      7675.00000 7515.49972  2.08%   186 41085s
 3403824 1335112 7556.27035   70  158 7675.00000 7515.54037  2.08%   186 41097s
 3406510 1336809 7563.48868   65  282 7675.00000 7515.58609  2.08%   186 41108s
 3409175 1338579 7544.31268   98  276 7675.00000 7515.63910  2.08%   186 41125s
 3412056 1339866 7574.68069   64  283 7675.00000 7515.70054  2.08%   186 41137s
 3414414 1341381 7556.07753   72  247 7675.00000 7515.73721  2.08%   186 41148s
 3416813 1342952 7571.51458   97  222 7675.00000 7515.77938  2.07%   186 41159s
 3419265 1344613 7569.64598  111  335 7675.00000 7515.82714  2.07%   186 41170s
 3421791 1346233 7544.15909   88  319 7675.00000 7515.85884  2.07%   186 41181s
 3424306 1347876 7551.90952   57  259 7675.00000 7515.90482  2.07%   186 41192s
 3426950 1349515 7574.16774   82  259 7675.00000 7515.92869  2.07%   186 41203s
 3429509 1351226 7549.05369   81  137 7675.00000 7515.98788  2.07%   186 41214s
 3432115 1352640 7573.76994   72  318 7675.00000 7516.03075  2.07%   186 41224s
 3434561 1354514 7553.16960   78  224 7675.00000 7516.07452  2.07%   186 41241s
 3437374 1356336 7551.79974  130  302 7675.00000 7516.12142  2.07%   186 41253s
 3440057 1358094 7572.04615   70  289 7675.00000 7516.14955  2.07%   185 41264s
 3442580 1359214 7534.34788   74  286 7675.00000 7516.18632  2.07%   185 41274s
 3444879 1360847 7572.65277   87  259 7675.00000 7516.23424  2.07%   185 41285s
 3447436 1362311 7561.37512   94  233 7675.00000 7516.27198  2.07%   185 41299s
 3449796 1363834 7529.94613   69  348 7675.00000 7516.30609  2.07%   185 41310s
 3452172 1364883 7565.30780  100  283 7675.00000 7516.34005  2.07%   185 41372s
 3453794 1366711 7569.42450   94  529 7675.00000 7516.36223  2.07%   185 41466s
 3456633 1368818 7554.92884   88  327 7675.00000 7516.41295  2.07%   185 41550s
 3459790 1370567 infeasible   90      7675.00000 7516.50072  2.07%   186 41627s
 3462559 1372409 7522.63807   79  582 7675.00000 7516.61160  2.06%   186 41703s
 3465417 1373691 7583.11349   72  393 7675.00000 7516.70535  2.06%   186 41776s
 3467947 1375035 7596.97454   68  215 7675.00000 7516.73088  2.06%   186 41844s
 3470419 1375511 7535.08434  152  651 7675.00000 7516.80240  2.06%   186 41909s
 3471261 1377343 7542.80663  170  620 7675.00000 7516.80240  2.06%   186 41991s
 3474493 1377560 7576.27756  275  637 7675.00000 7516.87637  2.06%   187 42062s
 3475004 1378768 7576.79563  277  555 7675.00000 7516.87637  2.06%   187 42142s
 3476798 1381196     cutoff   97      7675.00000 7516.90920  2.06%   187 42225s
 3480229 1383232 7577.92342   97  388 7675.00000 7516.95828  2.06%   187 42302s
 3483006 1385045 7554.75679   83  401 7675.00000 7517.06611  2.06%   187 42379s
 3485553 1387237 7587.77704  144  394 7675.00000 7517.12041  2.06%   187 42454s
 3488454 1388999 7549.97543   80  264 7675.00000 7517.14083  2.06%   187 42525s
 3491094 1390624 7584.87747  129  359 7675.00000 7517.27316  2.06%   188 42596s
 3493763 1392140 7546.06867   95  299 7675.00000 7517.35364  2.05%   188 42664s
 3496600 1393314 7556.47526  115  379 7675.00000 7517.39581  2.05%   188 42718s
 3498823 1394420 7543.03908   83  323 7675.00000 7517.44028  2.05%   188 42775s
 3500791 1396077 7527.54734   78  383 7675.00000 7517.47968  2.05%   188 42836s
 3503168 1391896     cutoff   92      7675.00000 7517.51039  2.05%   188 42863s
 3509942 1388494 7528.28995  125  283 7675.00000 7517.79544  2.05%   188 42881s
 3515330 1385036     cutoff  212      7675.00000 7517.99522  2.05%   188 42900s
 3520564 1381826     cutoff  108      7675.00000 7518.20511  2.04%   188 42918s
 3525472 1378269 7525.21039   80  107 7675.00000 7518.22500  2.04%   188 42938s
 3530950 1373720     cutoff   71      7675.00000 7518.27307  2.04%   187 42960s
 3537524 1368354     cutoff   90      7675.00000 7518.82619  2.03%   187 42984s
 3545183 1362711     cutoff   83      7675.00000 7519.22697  2.03%   187 43007s
 3552745 1356923     cutoff   88      7675.00000 7519.51118  2.03%   187 43031s
 3560715 1358300 7556.94456   68  329 7675.00000 7519.82464  2.02%   187 43044s
 3563416 1360118 7570.41558   69  169 7675.00000 7519.88208  2.02%   186 43056s
 3566185 1361607 7555.01330   87  261 7675.00000 7519.91274  2.02%   186 43067s
 3568661 1363323 7564.72503   65  208 7675.00000 7519.94865  2.02%   186 43084s
 3571689 1364339     cutoff   72      7675.00000 7520.01138  2.02%   186 43095s
 3573929 1365523 7577.98840   86  279 7675.00000 7520.03840  2.02%   186 43106s
 3576205 1366661     cutoff   65      7675.00000 7520.08225  2.02%   186 43116s
 3578808 1368069 7576.54382   87  208 7675.00000 7520.09213  2.02%   186 43127s
 3581192 1369572 7557.30091   62  293 7675.00000 7520.14811  2.02%   186 43138s
 3583728 1370982 7545.53582   52  260 7675.00000 7520.18392  2.02%   186 43149s
 3586130 1372624 7547.48020   67  346 7675.00000 7520.22672  2.02%   186 43160s
 3588580 1374271 7577.69221   84  296 7675.00000 7520.26338  2.02%   186 43171s
 3591098 1375777 7565.76555   50  179 7675.00000 7520.29722  2.02%   186 43182s
 3593497 1377507 7540.79502   75  319 7675.00000 7520.33977  2.02%   186 43193s
 3596038 1377829     cutoff   63      7675.00000 7520.37964  2.01%   186 43200s

Cutting planes:
  Learned: 1
  Gomory: 11
  Cover: 1120
  Implied bound: 3
  Clique: 192
  MIR: 257
  StrongCG: 3
  GUB cover: 4
  Zero half: 63
  RLT: 708
  Relax-and-lift: 3
  BQP: 15

Explored 3596575 nodes (667578469 simplex iterations) in 43207.49 seconds (19619.62 work units)
Thread count was 24 (of 24 available processors)

Solution count 10: 7675 7677 7680 ... 7829

Time limit reached
Best objective 7.675000000000e+03, best bound 7.521000000000e+03, gap 2.0065%
Solved c101_Random1 -> /project2/ssuen_1733/output/v3/c101_Random1.pkl / .json
[Tue Dec 16 04:48:10 PST 2025] Finished run_single_instance for c101_Random1
