==========================================
SLURM_JOB_ID = 5298016
SLURM_JOB_NODELIST = b22-26
TMPDIR = /tmp/SLURM_5298016
==========================================
Using Python:
Python 3.10.18
Checking core dependencies:
numpy: 2.2.6
gurobi: (12, 0, 3)
[Mon Dec 15 16:51:14 PST 2025] Starting run_single_instance on b22-26.hpc.usc.edu for rc101_Skewed2
Set parameter TokenServer to value "hpc-licenses.hpcc.usc.edu"
Set parameter TimeLimit to value 43200
Set parameter Seed to value 42
Set parameter OutputFlag to value 1
Gurobi Optimizer version 12.0.3 build v12.0.3rc0 (linux64 - "Rocky Linux 8.10 (Green Obsidian)")

CPU model: AMD EPYC 7542 32-Core Processor, instruction set [SSE2|AVX|AVX2]
Thread count: 64 physical cores, 128 logical processors, using up to 32 threads

Non-default parameters:
TimeLimit  43200
Seed  42

Optimize a model with 703550 rows, 728000 columns and 5954600 nonzeros
Model fingerprint: 0x01c19b32
Variable types: 0 continuous, 728000 integer (727500 binary)
Coefficient statistics:
  Matrix range     [1e+00, 1e+03]
  Objective range  [1e+00, 1e+02]
  Bounds range     [1e+00, 5e+01]
  RHS range        [1e+00, 1e+03]
Presolve removed 677800 rows and 698154 columns
Presolve time: 1.45s
Presolved: 25750 rows, 29846 columns, 182450 nonzeros
Variable types: 0 continuous, 29846 integer (29800 binary)
Performing another presolve...
Presolve removed 630 rows and 200 columns (presolve time = 8s)...
Presolve removed 630 rows and 200 columns
Presolve time: 7.78s
Deterministic concurrent LP optimizer: primal and dual simplex
Showing primal log only...


Root simplex log...

Iteration    Objective       Primal Inf.    Dual Inf.      Time
       0    5.1000000e+02   3.440000e+02   1.597336e+10     12s
Concurrent spin time: 0.13s

Solved with dual simplex

Root simplex log...

Iteration    Objective       Primal Inf.    Dual Inf.      Time
   13018    5.6328755e+03   0.000000e+00   0.000000e+00     13s

Root relaxation: objective 5.632875e+03, 13018 iterations, 1.98 seconds (0.98 work units)
Total elapsed time = 13.46s (DegenMoves)

    Nodes    |    Current Node    |     Objective Bounds      |     Work
 Expl Unexpl |  Obj  Depth IntInf | Incumbent    BestBd   Gap | It/Node Time

     0     0 5632.87549    0  649          - 5632.87549      -     -   13s
     0     0 5675.13170    0  761          - 5675.13170      -     -   14s
     0     0 5678.17191    0  745          - 5678.17191      -     -   14s
     0     0 5678.26858    0  725          - 5678.26858      -     -   14s
     0     0 5679.28607    0  739          - 5679.28607      -     -   15s
     0     0 5679.28607    0  739          - 5679.28607      -     -   15s
     0     0 5721.37994    0  887          - 5721.37994      -     -   15s
     0     0 5729.32517    0  860          - 5729.32517      -     -   15s
     0     0 5729.37101    0  854          - 5729.37101      -     -   16s
     0     0 5729.37101    0  854          - 5729.37101      -     -   16s
     0     0 5759.19608    0  816          - 5759.19608      -     -   16s
     0     0 5760.05747    0  857          - 5760.05747      -     -   17s
     0     0 5760.05747    0  859          - 5760.05747      -     -   17s
     0     0 5804.28922    0  903          - 5804.28922      -     -   17s
     0     0 5804.89311    0  871          - 5804.89311      -     -   18s
     0     0 5804.97307    0  876          - 5804.97307      -     -   18s
     0     0 5804.97307    0  878          - 5804.97307      -     -   18s
     0     0 5860.10551    0 1061          - 5860.10551      -     -   19s
     0     0 5862.10529    0 1055          - 5862.10529      -     -   19s
     0     0 5862.11859    0 1061          - 5862.11859      -     -   19s
     0     0 5887.64237    0  928          - 5887.64237      -     -   20s
     0     0 5888.42726    0  955          - 5888.42726      -     -   20s
     0     0 5888.63328    0  961          - 5888.63328      -     -   20s
     0     0 5888.71782    0  981          - 5888.71782      -     -   20s
     0     0 5888.71782    0  980          - 5888.71782      -     -   20s
     0     0 5907.23157    0  943          - 5907.23157      -     -   21s
     0     0 5908.45379    0 1004          - 5908.45379      -     -   21s
     0     0 5908.45379    0  999          - 5908.45379      -     -   21s
     0     0 5908.45379    0 1002          - 5908.45379      -     -   21s
     0     0 5997.95850    0  914          - 5997.95850      -     -   22s
     0     0 6014.58376    0  931          - 6014.58376      -     -   22s
     0     0 6016.05249    0  965          - 6016.05249      -     -   22s
     0     0 6016.16796    0  910          - 6016.16796      -     -   22s
     0     0 6016.25250    0  932          - 6016.25250      -     -   22s
     0     0 6016.26109    0  933          - 6016.26109      -     -   22s
     0     0 6077.71822    0  995          - 6077.71822      -     -   23s
     0     0 6078.62842    0  988          - 6078.62842      -     -   23s
     0     0 6078.71771    0  994          - 6078.71771      -     -   23s
     0     0 6107.45723    0  926          - 6107.45723      -     -   24s
     0     0 6109.87398    0  989          - 6109.87398      -     -   24s
     0     0 6110.02418    0 1005          - 6110.02418      -     -   24s
     0     0 6110.12958    0 1014          - 6110.12958      -     -   24s
     0     0 6137.44800    0 1081          - 6137.44800      -     -   25s
     0     0 6138.11535    0 1102          - 6138.11535      -     -   25s
     0     0 6138.12602    0 1092          - 6138.12602      -     -   25s
     0     0 6146.12546    0 1056          - 6146.12546      -     -   26s
     0     0 6147.70762    0 1075          - 6147.70762      -     -   26s
     0     0 6148.21176    0 1076          - 6148.21176      -     -   26s
     0     0 6148.23337    0 1119          - 6148.23337      -     -   26s
     0     0 6173.35017    0 1098          - 6173.35017      -     -   26s
     0     0 6174.12056    0 1104          - 6174.12056      -     -   27s
     0     0 6174.31397    0 1128          - 6174.31397      -     -   27s
     0     0 6174.39272    0 1139          - 6174.39272      -     -   27s
     0     0 6185.77626    0 1057          - 6185.77626      -     -   27s
     0     0 6186.52626    0 1070          - 6186.52626      -     -   27s
     0     0 6186.52626    0 1184          - 6186.52626      -     -   27s
     0     0 6186.52626    0 1166          - 6186.52626      -     -   27s
     0     0 6189.65296    0 1098          - 6189.65296      -     -   28s
     0     0 6189.83550    0 1156          - 6189.83550      -     -   28s
     0     0 6195.06654    0 1048          - 6195.06654      -     -   28s
     0     0 6195.06999    0 1057          - 6195.06999      -     -   28s
     0     0 6202.66698    0 1051          - 6202.66698      -     -   29s
     0     0 6203.10579    0 1039          - 6203.10579      -     -   29s
     0     0 6203.16819    0 1035          - 6203.16819      -     -   29s
     0     0 6218.03539    0  956          - 6218.03539      -     -   29s
     0     0 6218.19049    0  974          - 6218.19049      -     -   29s
     0     0 6230.56415    0 1008          - 6230.56415      -     -   30s
     0     0 6230.66196    0 1067          - 6230.66196      -     -   30s
     0     0 6234.22586    0 1035          - 6234.22586      -     -   30s
     0     0 6234.38039    0 1020          - 6234.38039      -     -   30s
     0     0 6237.71056    0 1025          - 6237.71056      -     -   31s
     0     0 6237.74197    0 1047          - 6237.74197      -     -   31s
     0     0 6241.74494    0 1037          - 6241.74494      -     -   31s
     0     0 6242.38921    0 1086          - 6242.38921      -     -   31s
     0     0 6242.43385    0 1094          - 6242.43385      -     -   31s
     0     0 6245.94698    0 1085          - 6245.94698      -     -   32s
     0     0 6246.11920    0 1071          - 6246.11920      -     -   32s
     0     0 6253.10859    0 1042          - 6253.10859      -     -   32s
     0     0 6253.14430    0 1091          - 6253.14430      -     -   32s
     0     0 6254.43456    0 1123          - 6254.43456      -     -   32s
     0     0 6254.47537    0 1133          - 6254.47537      -     -   33s
     0     0 6256.68344    0 1148          - 6256.68344      -     -   33s
     0     0 6259.51677    0 1080          - 6259.51677      -     -   33s
     0     0 6259.51677    0 1095          - 6259.51677      -     -   33s
     0     0 6265.43040    0 1139          - 6265.43040      -     -   33s
     0     0 6265.47396    0 1076          - 6265.47396      -     -   33s
     0     0 6267.08926    0 1126          - 6267.08926      -     -   34s
     0     0 6267.17926    0 1130          - 6267.17926      -     -   34s
     0     0 6267.41334    0 1071          - 6267.41334      -     -   34s
     0     0 6267.41334    0 1004          - 6267.41334      -     -   34s
     6     4 6295.35334    2   87          - 6295.00934      -  20.5   52s
   538   196 6297.68140    2   75          - 6297.68140      -  51.9   59s
   651   265 6297.68140   10   83          - 6297.68140      -  55.1   60s
  1128   390 6301.48403    2  196          - 6301.48403      -  53.1   69s
  1134   400 6301.87226    4  207          - 6301.60840      -  54.8   70s
  1463   744 6328.31129   11  194          - 6304.49644      -  98.5   75s
  1675   903 6325.07833    2  423          - 6324.66896      -   111   91s
  1705   959 6327.09831    6  400          - 6325.58820      -   118   95s
  1927  1217 6332.23262    9  386          - 6325.85658      -   135  101s
  2138  1407 6417.04880   14  325          - 6325.85658      -   142  106s
  2196  1411 6335.14096    2  253          - 6335.14096      -   157  111s
  2280  1549 6335.14096    8  334          - 6335.14096      -   173  115s
  2609  1817 6335.14096   13  291          - 6335.14096      -   178  121s
  2837  2049 6349.17592   18  396          - 6335.14096      -   179  125s
  3034  2254 6352.09521   23  316          - 6335.14096      -   184  130s
  3366  2596 6433.45859   34  333          - 6335.14096      -   186  135s
  3837  3069 6361.50420   45  379          - 6335.14096      -   183  140s
  4198  3390 6361.15506   52  387          - 6335.14096      -   185  147s
  4420  3678 6362.78834   57  394          - 6335.14096      -   183  151s
  4802  4071 6364.16548   64  339          - 6335.14096      -   183  155s
  5406  4706 6370.06732   81  313          - 6335.14096      -   183  161s
  5956  5259 6371.87193   96  343          - 6335.14096      -   181  165s
  6480  5774 6408.90448  105  235          - 6335.14096      -   181  171s
  6881  6202 6417.61901  114  251          - 6335.14096      -   183  175s
  7389  6738 6429.07664  124  305          - 6335.14096      -   183  181s
  8208  7621 6442.16107  137  321          - 6335.14096      -   181  187s
  8906  8285 6451.45358  156  299          - 6335.14096      -   178  191s
 10085  9379 6463.98896  177  314          - 6335.14096      -   173  196s
 10874 10180 6473.31255  195  311          - 6335.14096      -   169  201s
 11755 11108 6479.14886  197  331          - 6335.14096      -   166  208s
 12377 11557 6487.99984  210  294          - 6335.14096      -   164  210s
 13366 12394 6503.81372  235  281          - 6338.52609      -   161  215s
 14206 13167 6509.86061  278  271          - 6338.90993      -   160  221s
 15122 14043 6530.03368  335  266          - 6338.90993      -   160  229s
 15632 14713 6549.08057  373  230          - 6338.90993      -   161  233s
 16344 15350 6573.66382  425  239          - 6338.90993      -   160  236s
 17512  2338 6630.30748   20 1002          - 6630.30748      -   170  536s
 17514  2341 6630.30748   21 1029          - 6630.30748      -   171  541s
 17518  2348 6630.32686   22 1077          - 6630.30748      -   171  545s
 17526  2361 6630.57427   23 1083          - 6630.33257      -   172  550s
 17542  2387 6630.76711   24 1035          - 6630.58028      -   173  560s
 17606  2333 6631.20918   26 1121          - 6630.76804      -   179  571s
 17638  2378 6631.29491   27 1127          - 6630.76804      -   179  581s
 17739  2376 6634.34227   28 1095          - 6630.76804      -   181  588s
 17771  2398 6640.08031   28  907          - 6630.76804      -   182  595s
 17804  2419 6634.56177   29 1074          - 6630.76804      -   183  601s
 17837  2440 6645.97779   29  881          - 6630.76804      -   185  609s
 17871  2473 6634.66253   30  996          - 6630.76804      -   186  617s
 17957  2529 6634.78220   31 1024          - 6630.76804      -   189  625s
 18042  2583 6634.88181   32 1010          - 6630.76804      -   191  632s
 18127  2636 6634.88590   33 1005          - 6630.76804      -   194  640s
 18209  2679 6634.99584   34 1009          - 6630.76804      -   196  648s
 18288  2683 6635.28650   35  982          - 6630.76804      -   198  653s
 18320  2669 6711.99453   35  660          - 6630.76804      -   199  661s
 18360  2692 6635.62865   36 1045          - 6630.76804      -   199  669s
 18445  2740 6635.79070   37 1079          - 6630.76804      -   201  678s
 18530  2797 6635.86165   38 1075          - 6635.86165      -   204  687s
 18618  2857 6636.62611   39 1100          - 6636.62611      -   207  695s
 18709  2915 6640.12390   40  954          - 6636.62621      -   209  703s
 18800  2967 6640.16122   41 1044          - 6636.62621      -   212  712s
 18888  3023 6640.35639   42 1103          - 6636.62621      -   215  721s
 18993  3072 6640.54000   43 1032          - 6636.62621      -   217  730s
 19096  3132 6641.09175   44 1087          - 6636.62621      -   221  740s
 19200  3194 6641.22282   45 1027          - 6636.68178      -   225  750s
H19311  3156                    8571.0000000 6636.68178  22.6%   229  750s
 19577  3484 6636.68178   27  310 8571.00000 6636.68178  22.6%   228  755s
 20114  4028 6636.68178   39  308 8571.00000 6636.68178  22.6%   226  760s
 20715  4637 6636.68178   62  239 8571.00000 6636.68178  22.6%   223  765s
 21329  5270 6636.68178   76  265 8571.00000 6636.68178  22.6%   220  770s
 22129  6091 6636.68178   88  236 8571.00000 6636.68178  22.6%   215  775s
 23377  7291 6637.86191  117  278 8571.00000 6636.68178  22.6%   209  780s
H23660  7291                    8472.0000000 6636.68178  21.7%   208  780s
 29758  9049 6673.32948   23   63 8472.00000 6669.92038  21.3%   172  785s
 32752 10753 6691.12947   11  155 8472.00000 6691.12947  21.0%   160  793s
 32858 10741 6712.82948   22   47 8472.00000 6693.47098  21.0%   159  795s
 34630 10480 6723.79614   15  164 8472.00000 6703.62948  20.9%   153  800s
 35198 11022 6728.26949   33  254 8472.00000 6705.62948  20.8%   152  805s
 36094 11847 infeasible   49      8472.00000 6723.70606  20.6%   152  810s
 37435 13097 6798.08497  109  164 8472.00000 6723.70606  20.6%   150  815s
 38789 13472 6866.36203   20  487 8472.00000 6866.25998  19.0%   149  878s
 38795 13482 6867.00515   22  497 8472.00000 6866.85470  18.9%   149  881s
 38819 13511 6867.37088   24  521 8472.00000 6867.25537  18.9%   150  886s
 38918 13601 6867.43887   27  513 8472.00000 6867.43887  18.9%   150  890s
 39052 13651 6867.43887   28  510 8472.00000 6867.43887  18.9%   151  895s
 39186 13720 6869.50208   30  545 8472.00000 6867.44877  18.9%   151  900s
 39328 13801 7027.10750   32  223 8472.00000 6867.44877  18.9%   152  905s
 39521 13879 6960.14036   34  166 8472.00000 6867.86947  18.9%   152  911s
 39656 13948 6878.21751   36  498 8472.00000 6868.51379  18.9%   152  915s
 39864 14093 6878.43447   37  401 8472.00000 6868.51379  18.9%   153  920s
H39971 14057                    8440.0000000 6868.51379  18.6%   153  920s
 39971 14162 6916.07230   46  772 8440.00000 6868.51379  18.6%   152  929s
 40089 14162 6873.05483   46 1026 8440.00000 6868.51379  18.6%   154  939s
 40132 14241 6904.14528   47  809 8440.00000 6868.51379  18.6%   155  950s
 40282 14369 6873.28846   47 1062 8440.00000 6868.78832  18.6%   157  959s
 40421 14497 6873.79730   49  958 8440.00000 6868.78832  18.6%   159  968s
 40559 14625 6873.93938   50  964 8440.00000 6868.78832  18.6%   160  977s
 40706 14762 6880.20009   51  691 8440.00000 6868.78832  18.6%   161  986s
 40862 14793 6883.08496   51  841 8440.00000 6870.74741  18.6%   163  995s
 40894 14824 6907.04145   52  701 8440.00000 6870.74741  18.6%   163 1003s
 40931 14972 6955.84459   52  664 8440.00000 6870.74741  18.6%   164 1013s
 41090 15075 6921.96445   53  758 8440.00000 6871.68542  18.6%   165 1023s
 41200 15241 7010.43777   53  714 8440.00000 6871.68542  18.6%   166 1033s
 41374 15432 6922.76979   54  772 8440.00000 6871.91648  18.6%   167 1044s
 41569 15623 6923.18683   55  739 8440.00000 6871.91648  18.6%   169 1054s
 41768 15841 7099.44894   56  569 8440.00000 6871.91648  18.6%   170 1066s
 41991 15931 6923.88223   57  754 8440.00000 6871.91648  18.6%   171 1077s
 42086 16090 6998.71993   57  641 8440.00000 6871.91648  18.6%   172 1088s
 42256 16300 6924.16857   58  820 8440.00000 6871.91648  18.6%   172 1100s
 42487 16449 7017.63149   58  720 8440.00000 6871.91648  18.6%   173 1114s
 42645 16868 6924.94778   59  836 8440.00000 6871.91648  18.6%   174 1126s
 43075 17385 7026.23197   59  630 8440.00000 6871.91648  18.6%   175 1138s
 43629 17872 7019.61296   60  630 8440.00000 6871.91648  18.6%   177 1149s
 44138 17900 6926.19071   62  805 8440.00000 6871.91648  18.6%   179 1160s
 44170 17926 7018.79795   62  576 8440.00000 6871.91648  18.6%   179 1171s
 44203 17965 6926.27862   63  829 8440.00000 6871.91648  18.6%   179 1182s
 44244 18040 6994.56786   63  617 8440.00000 6871.91648  18.6%   180 1195s
 44327 18256 6926.63338   64  781 8440.00000 6871.91648  18.6%   180 1207s
 44566 18751 6927.27970   65  794 8440.00000 6871.91648  18.6%   181 1220s
 45111 19215 6928.29340   67  875 8440.00000 6874.12074  18.6%   183 1237s
H45596 19215                    8438.0000000 6874.12074  18.5%   186 1237s
 45932 19545 6880.47571  127  294 8438.00000 6874.12074  18.5%   185 1240s
 46553 20279 6879.81753  145  300 8438.00000 6874.12074  18.5%   184 1245s
 47283 20983 6882.82959  155  257 8438.00000 6874.12074  18.5%   182 1250s
 48449 22149 6902.05076  183  232 8438.00000 6874.12074  18.5%   180 1256s
 49307 22906 6926.03086  196  218 8438.00000 6874.12074  18.5%   179 1260s
 50224 23875 6951.93264  222  198 8438.00000 6874.12074  18.5%   178 1266s
H51364 24395                    8380.0000000 6874.12074  18.0%   176 1267s
 54852 22611 6915.65408   52   48 8380.00000 6892.91823  17.7%   166 1270s
 57262 21525 6946.83343   38  503 8380.00000 6938.65408  17.2%   160 1275s
 57537 21612 7091.94387   39  150 8380.00000 6939.21316  17.2%   161 1280s
 57814 21705 6966.23282   41  393 8380.00000 6943.81950  17.1%   161 1287s
 57899 21747 6968.12464   42  345 8380.00000 6943.81950  17.1%   161 1290s
 58083 21844 6970.01006   44  343 8380.00000 6943.81950  17.1%   161 1295s
 58292 21979 6971.72336   46  323 8380.00000 6943.81950  17.1%   161 1300s
 58780 22237 6972.26328   49  415 8380.00000 6943.81950  17.1%   162 1306s
 59226 22378 7059.54486   51  247 8380.00000 6946.83467  17.1%   161 1310s
 59892 22583 6985.32137   57  361 8380.00000 6949.53551  17.1%   162 1316s
 60263 22844 6986.32518   59  413 8380.00000 6950.77632  17.1%   162 1321s
 60792 23183 6987.55171   62  407 8380.00000 6950.77632  17.1%   162 1327s
 61384 23493 6988.31012   67  351 8380.00000 6950.77632  17.1%   162 1332s
 61697 23758 6988.61857   69  384 8380.00000 6951.63842  17.0%   162 1335s
 62411 23979 6988.98746   73  380 8380.00000 6951.77751  17.0%   162 1340s
 63175 24391 6989.69518   76  372 8380.00000 6951.77751  17.0%   162 1347s
 63604 24518 6989.78936   78  350 8380.00000 6951.77751  17.0%   162 1350s
 64428 25471 7008.27710   69  856 8380.00000 6953.08307  17.0%   161 1373s
 65295 25503 7009.83245   71  925 8380.00000 6953.32180  17.0%   164 1381s
 65327 25533 7146.03527   71  616 8380.00000 6953.32180  17.0%   164 1389s
 65361 25565 7009.95578   72  892 8380.00000 6953.32180  17.0%   164 1398s
 65393 25605 7186.51033   72  599 8380.00000 6953.32180  17.0%   164 1408s
 65433 25696 7010.03137   73  886 8380.00000 6953.32180  17.0%   165 1420s
 65528 25985 7010.23325   74  913 8380.00000 6953.32180  17.0%   165 1433s
 65844 26510 7010.80168   76  901 8380.00000 6953.32180  17.0%   166 1448s
 66434 26944 7011.72864   78  929 8380.00000 6953.32180  17.0%   167 1461s
 66896 27579 7012.61807   80  901 8380.00000 6953.32180  17.0%   168 1475s
 67558 28063 7013.39078   82  959 8380.00000 6953.32180  17.0%   170 1489s
 68150 28602 7014.25335   84  871 8380.00000 6953.32180  17.0%   172 1503s
 68756 29050 7014.61172   86  839 8380.00000 6953.32180  17.0%   174 1517s
 69278 29719 7015.28369   88  875 8380.00000 6953.32180  17.0%   176 1530s
 70003 30368 7015.80694   90  921 8380.00000 6953.32180  17.0%   177 1545s
 70766 30835 7016.08735   92  833 8380.00000 6953.32180  17.0%   179 1560s
 71357 30849 6953.32180   16  317 8380.00000 6953.32180  17.0%   181 1567s
 71370 30863 6953.32180   19  272 8380.00000 6953.32180  17.0%   181 1570s
 71438 30929 6953.32180   22  314 8380.00000 6953.32180  17.0%   181 1575s
 71583 30497 6953.32180   25  295 8380.00000 6953.32180  17.0%   182 1581s
 71651 30064 6953.32180   26  296 8380.00000 6953.32180  17.0%   182 1585s
 71886 30220 6953.32180   29  310 8380.00000 6953.32180  17.0%   182 1590s
 72087 30332 6986.38186   31  285 8380.00000 6953.32180  17.0%   182 1596s
 72235 29538 6953.32180   33  312 8380.00000 6953.32180  17.0%   182 1600s
 72405 29613 6953.32180   35  320 8380.00000 6953.32180  17.0%   183 1606s
 72536 29671 7036.89392   37  318 8380.00000 6953.32180  17.0%   183 1610s
 72750 29777 6973.95588   40  353 8380.00000 6953.32180  17.0%   183 1615s
 72909 29870 7055.33808   42  342 8380.00000 6953.32180  17.0%   184 1620s
 73150 29637 7318.95074   45  315 8380.00000 6953.32180  17.0%   184 1627s
 73282 29727 7076.64855   45  318 8380.00000 6953.32180  17.0%   184 1630s
 73639 30006 7165.38631   49  290 8380.00000 6953.32180  17.0%   184 1635s
 74185 30209 7150.61914   55  211 8380.00000 6953.32180  17.0%   184 1640s
 74689 30559 7156.53934   64  230 8380.00000 6953.32180  17.0%   185 1645s
 75305 30698 7161.68507   70  268 8380.00000 6966.38860  16.9%   184 1650s
 75535 31058 7164.17577   73  276 8380.00000 6966.38860  16.9%   184 1656s
 76371 31473 7408.59485   80  297 8380.00000 6966.38860  16.9%   184 1661s
 77304 31983 7465.10904   85  279 8380.00000 6972.05883  16.8%   183 1666s
H78353 32132                    8328.0000000 6972.05883  16.3%   183 1669s
 78353 32553 7009.45925   83  357 8328.00000 6972.05883  16.3%   183 1672s
 78857 32685 7009.96817   85  348 8328.00000 6972.05883  16.3%   183 1676s
 79239 32953 7010.71048   87  322 8328.00000 6972.05883  16.3%   182 1681s
 79709 33244 7012.65760   91  353 8328.00000 6972.18634  16.3%   182 1685s
 80673 33803 7027.15383   96  386 8328.00000 6972.18634  16.3%   182 1692s
 81183 34252 7015.89510  100  303 8328.00000 6972.18634  16.3%   181 1696s
 81708 34805 7016.41432  102  246 8328.00000 6972.18634  16.3%   181 1700s
 83165 35672 7018.73585  110  366 8328.00000 6972.18634  16.3%   180 1707s
 83369 36224 7018.78753  112  349 8328.00000 6972.18634  16.3%   180 1712s
 84085 36272 7018.93379  115  296 8328.00000 6972.18634  16.3%   180 1715s
 84420 37101 7019.12488  117  156 8328.00000 6972.18634  16.3%   180 1724s
 85148 37724 7019.54898  122  231 8328.00000 6972.18634  16.3%   179 1729s
 85975 38348 7136.87241  126  155 8328.00000 6972.18634  16.3%   179 1734s
 86818 38626 7032.56593  131  338 8328.00000 6972.18634  16.3%   179 1738s
 87300 39209 7103.58809  134  349 8328.00000 6972.18634  16.3%   178 1743s
H88098 39209                    8327.0000000 6976.73657  16.2%   178 1744s
 88098 40328 7039.68777   94  732 8327.00000 6976.73657  16.2%   178 1772s
 89399 40542 7041.42863   98  844 8327.00000 6976.73657  16.2%   180 1787s
 89662 40784 7042.15524  100  884 8327.00000 6976.73657  16.2%   181 1805s
 89932 41247 7042.65403  102  866 8327.00000 6976.73657  16.2%   182 1824s
 90540 42093 7042.95074  104  878 8327.00000 6976.73657  16.2%   184 1844s
 91541 42445 7044.19626  107  848 8327.00000 6976.73657  16.2%   185 1865s
 92019 43212 7061.44127  109  777 8327.00000 6976.73657  16.2%   187 1885s
 92899 44469 7062.54865  113  850 8327.00000 6976.73657  16.2%   189 1906s
 94191 45505 7063.70407  117  806 8327.00000 6976.73657  16.2%   190 1927s
 95305 46423 7065.08542  120  817 8327.00000 6976.73657  16.2%   191 1949s
 96279 47401 7238.54455  123  563 8327.00000 6976.73657  16.2%   193 1971s
 98015 47940 7428.42760   96  262 8327.00000 6976.73657  16.2%   194 1977s
 98363 48103 7434.53691   98  235 8327.00000 6976.73657  16.2%   194 1980s
 99116 48550 7453.04084  108  224 8327.00000 6976.73657  16.2%   194 1987s
 100009 48789 7477.77219  117  258 8327.00000 6976.73657  16.2%   193 1992s
 100433 48993     cutoff  120      8327.00000 6976.73657  16.2%   193 1995s
 101389 49428 7493.60871  128  264 8327.00000 6990.05433  16.1%   192 2000s
 102385 49898 7503.61585  136  273 8327.00000 6990.05433  16.1%   192 2006s
 102937 50178 7511.85869  142  256 8327.00000 6990.05433  16.1%   192 2010s
 104099 50806 7561.17622  156  267 8327.00000 6990.05433  16.1%   191 2016s
 105424 51232 7586.77972  175  175 8327.00000 7033.98863  15.5%   191 2023s
 105842 51119 7586.85207  188  224 8327.00000 7033.98863  15.5%   191 2026s
 105874 51131 7595.65341  188  196 8327.00000 7033.98863  15.5%   191 2030s
 105942 51331 7604.66920  190  212 8327.00000 7033.98863  15.5%   191 2037s
 106224 51420 7223.35620   42  337 8327.00000 7048.48969  15.4%   191 2040s
 106426 52053 7120.42013  139  198 8327.00000 7048.48969  15.4%   191 2046s
 107337 52743 7102.60794  147  286 8327.00000 7049.33619  15.3%   191 2050s
 108070 53673 7164.48277  154  247 8327.00000 7049.33619  15.3%   190 2057s
 109093 54841 7106.76925  162  280 8327.00000 7049.33619  15.3%   190 2062s
 110351 55805 7109.84926  168  312 8327.00000 7049.33619  15.3%   189 2067s
 111497 56441 7159.91571  175  180 8327.00000 7050.47261  15.3%   188 2073s
 112223 57719 7154.89548  184  252 8327.00000 7050.47261  15.3%   187 2079s
 113616 58964 7164.04351  192  240 8327.00000 7050.47261  15.3%   186 2089s
 115016 60055 7179.72246  208  174 8327.00000 7052.26549  15.3%   186 2094s
 116198 60705 7185.39764  228  232 8327.00000 7052.26549  15.3%   185 2100s
 116921 61813 7191.00701  246  233 8327.00000 7052.26549  15.3%   184 2107s
 118340 63205 7142.98822  127  775 8327.00000 7052.26549  15.3%   183 2141s
 120191 63946 7144.98341  133  851 8327.00000 7063.00582  15.2%   186 2161s
 121092 65131 7145.86041  136  899 8327.00000 7063.00582  15.2%   187 2183s
 122401 66432 7146.96152  139  885 8327.00000 7063.00582  15.2%   188 2205s
 123805 67428 7147.77622  141  820 8327.00000 7063.50543  15.2%   189 2226s
 124899 68390 7148.61681  144  770 8327.00000 7063.50543  15.2%   190 2250s
 125883 69405 7149.70311  148  845 8327.00000 7063.50543  15.2%   191 2275s
 126916 71433 7340.30379  151  558 8327.00000 7063.50543  15.2%   192 2301s
 128989 72955 7152.46722  155  778 8327.00000 7063.50543  15.2%   192 2327s
 130666 73848 7239.77261   44  342 8327.00000 7063.84155  15.2%   194 2333s
 131749 74148 7501.59622   63  347 8327.00000 7063.84155  15.2%   193 2337s
 132473 73958 7537.06323   85  348 8327.00000 7063.84155  15.2%   193 2342s
 132543 73973 7537.24527   87  348 8327.00000 7063.84155  15.2%   193 2346s
 132584 74013 7537.88189   88  304 8327.00000 7063.84155  15.2%   193 2351s
 132637 74048 7539.57871   89  357 8327.00000 7063.84155  15.2%   193 2358s
 132691 74113 7539.90523   90  355 8327.00000 7063.84155  15.2%   193 2364s
 132783 74152 7540.02098   91  337 8327.00000 7063.84155  15.2%   193 2370s
 132862 74764 7550.15074  110  369 8327.00000 7065.83090  15.1%   193 2380s
 133637 74916 7581.11963  144  395 8327.00000 7067.33431  15.1%   193 2387s
 134152 76323 7589.82893  157  391 8327.00000 7069.94947  15.1%   193 2396s
 136151 76681 7344.89544   36  275 8327.00000 7069.94947  15.1%   192 2402s
 137472 76930 7578.02949   76  325 8327.00000 7069.94947  15.1%   192 2408s
 138473 77869 7166.13803   41  271 8327.00000 7072.62588  15.1%   191 2413s
 139586 78890 7394.02430   56  354 8327.00000 7075.45465  15.0%   191 2418s
 140855 79860 7479.65394  106  314 8327.00000 7075.45465  15.0%   190 2424s
 142126 81012 7504.17290  143  319 8327.00000 7079.36712  15.0%   190 2430s
 143536 82177 7238.18970  287  130 8327.00000 7081.83166  15.0%   189 2438s
 145086 82662 7223.45089   73  140 8327.00000 7083.27991  14.9%   189 2444s
 145765 83753 7173.67267   57  469 8327.00000 7083.27991  14.9%   188 2452s
 147059 85811 7200.20102   95  468 8327.00000 7084.05992  14.9%   188 2461s
 149268 86879 7227.38267  167  429 8327.00000 7084.05992  14.9%   187 2469s
 150652 88172 7240.08695  206  306 8327.00000 7084.05992  14.9%   187 2476s
 152275 89946 7118.20004   72  308 8327.00000 7085.64461  14.9%   186 2486s
 154307 91551 7141.84169  138  264 8327.00000 7085.64461  14.9%   185 2494s
 156222 93739 7165.63977  193  295 8327.00000 7085.64461  14.9%   185 2504s
 158622 95046 7220.10684  315  229 8327.00000 7086.09041  14.9%   183 2513s
 160205 95715 7355.74454  159  582 8327.00000 7086.09041  14.9%   183 2555s
 160988 98392 7178.30740  165  816 8327.00000 7086.09041  14.9%   185 2632s
 164054 98745 7181.97771  178  779 8327.00000 7086.09041  14.9%   190 2681s
 164483 100244 7182.05746  180  801 8327.00000 7086.09041  14.9%   191 2738s
 166650 102142 7186.09566  189  931 8327.00000 7086.09041  14.9%   195 2790s
 169388 102393 7121.81963   34 1111 8327.00000 7121.47232  14.5%   199 3862s
 169390 102396 7122.12340   35 1185 8327.00000 7121.81963  14.5%   199 3867s
 169394 102403 7123.23981   36 1075 8327.00000 7122.13201  14.5%   199 3872s
 169402 102416 7123.25975   37 1197 8327.00000 7123.24424  14.5%   199 3880s
 169418 102443 7123.59341   38 1463 8327.00000 7123.59341  14.5%   200 3894s
 169450 102461 7123.90506   39 1320 8327.00000 7123.59595  14.5%   200 3902s
 169482 102481 7124.27229   40 1311 8327.00000 7123.59595  14.5%   200 3914s
 169514 102510 7124.35957   41 1274 8327.00000 7123.59595  14.5%   200 3926s
 169553 102528 7211.25666   41  845 8327.00000 7123.59595  14.5%   201 3938s
 169585 100639 7128.27021   42 1206 8327.00000 7123.59595  14.5%   201 3949s
 169713 100627 7131.11821   43 1040 8327.00000 7123.59595  14.5%   201 3956s
 169746 98810 7213.16010   43  843 8327.00000 7123.59595  14.5%   201 3967s
 169842 98806 7131.83525   44 1067 8327.00000 7123.59595  14.5%   202 3976s
 169875 98826 7204.87389   44  719 8327.00000 7123.59595  14.5%   202 3988s
 169908 98843 7138.87782   45 1053 8327.00000 7123.59595  14.5%   202 3995s
 169940 98864 7184.35098   45  992 8327.00000 7123.59595  14.5%   202 4005s
 169973 98881 7143.40294   46  948 8327.00000 7128.27025  14.4%   203 4012s
 170006 98895 7188.69266   46  773 8327.00000 7128.27025  14.4%   203 4021s
 170041 98913 7175.14076   47  927 8327.00000 7128.27025  14.4%   204 4029s
 170074 98929 7143.94502   47  911 8327.00000 7128.27490  14.4%   204 4040s
 170110 98947 7185.23570   48  850 8327.00000 7129.13107  14.4%   204 4048s
 170143 98967 7147.41274   48  969 8327.00000 7129.13107  14.4%   205 4058s
 170177 98987 7147.78390   49  848 8327.00000 7129.13107  14.4%   205 4065s
 170210 99010 7279.69329   49  561 8327.00000 7129.13107  14.4%   205 4074s
 170245 99028 7148.67260   50  829 8327.00000 7129.13107  14.4%   205 4082s
 170278 99048 7185.95050   50  563 8327.00000 7129.13107  14.4%   205 4090s
 170312 97368 7148.86185   51  824 8327.00000 7129.13107  14.4%   205 4098s
 170448 97441 7148.86185   52  827 8327.00000 7129.13107  14.4%   206 4108s
 170596 97521 7152.55393   53  864 8327.00000 7129.25419  14.4%   206 4117s
 170744 97584 7152.55393   54  864 8327.00000 7132.09548  14.3%   207 4126s
 170888 97655 7161.20108   55  773 8327.00000 7132.82795  14.3%   207 4136s
 171025 97724 7154.59034   56  921 8327.00000 7134.97215  14.3%   207 4146s
 171171 97811 7155.02639   57  922 8327.00000 7134.97215  14.3%   208 4157s
 171323 97857 7155.77744   58  904 8327.00000 7134.97215  14.3%   208 4169s
 171437 97963 7156.99213   59  978 8327.00000 7134.97215  14.3%   208 4180s
 171598 98079 7157.21992   60 1028 8327.00000 7138.10359  14.3%   209 4192s
 171784 98182 7157.96217   61 1016 8327.00000 7138.10359  14.3%   209 4203s
 171972 98307 7165.88262   62  843 8327.00000 7138.10359  14.3%   210 4215s
 172189 98436 7158.60291   64  986 8327.00000 7138.10359  14.3%   210 4227s
 172432 98576 7215.35432   66  718 8327.00000 7138.10359  14.3%   211 4239s
 172686 98702 7364.60528   67  657 8327.00000 7138.10359  14.3%   211 4251s
 172937 98814 7255.73916   68  596 8327.00000 7138.17620  14.3%   211 4263s
 173201 98927 7260.29012   70  625 8327.00000 7138.17620  14.3%   212 4276s
 173484 99026 7261.27278   72  659 8327.00000 7138.17620  14.3%   212 4289s
 173745 99147 7261.45610   74  649 8327.00000 7138.17620  14.3%   212 4302s
 174024 99276 7262.43288   76  659 8327.00000 7138.17620  14.3%   213 4317s
 174347 99375 7264.67261   78  711 8327.00000 7138.78035  14.3%   213 4333s
 174652 99498 7402.89431   80  543 8327.00000 7138.78035  14.3%   214 4348s
 174968 99609 7428.21293   82  613 8327.00000 7140.68503  14.2%   214 4363s
 175290 99760 7300.40529   84  693 8327.00000 7141.50543  14.2%   215 4379s
H175626 99648                    8320.0000000 7141.50543  14.2%   216 4379s
 175626 100980 7613.29649  195  337 8320.00000 7141.50543  14.2%   216 4388s
 177484 101867 7352.26686   34  219 8320.00000 7141.50543  14.2%   215 4394s
 178803 103233 7529.97626   53  307 8320.00000 7141.50543  14.2%   215 4401s
 180520 104185 7689.11678   90  267 8320.00000 7158.09808  14.0%   214 4407s
 181776 105550 7354.03657   39  267 8320.00000 7158.09808  14.0%   213 4413s
 183310 106827 7543.63381   59  296 8320.00000 7158.09808  14.0%   213 4420s
 184763 108599 7600.74181  115  248 8320.00000 7170.35578  13.8%   212 4427s
 186844 110279 7683.42994  190  110 8320.00000 7197.97016  13.5%   211 4434s
 188909 111878 7678.62759   61  288 8320.00000 7200.53114  13.5%   210 4441s
 190942 113669 7382.18463   56  138 8320.00000 7208.62005  13.4%   209 4452s
 193047 114915 7315.38016   87  240 8320.00000 7208.62005  13.4%   208 4463s
 194489 115695 7344.51142  126  343 8320.00000 7208.62005  13.4%   208 4476s
 195454 118300 7356.14737  171  307 8320.00000 7208.62005  13.4%   207 4489s
 198769 118469 7233.76699   33  725 8320.00000 7233.75675  13.1%   206 4978s
 198771 118473 7233.82009   34  661 8320.00000 7233.76699  13.1%   206 4981s
 198783 118491 7234.05262   36  591 8320.00000 7233.90289  13.1%   206 4986s
 198799 118510 7234.10635   37  679 8320.00000 7234.05515  13.1%   206 4990s
 198861 118549 7236.54485   39  601 8320.00000 7234.35958  13.0%   206 4996s
 198893 118579 7237.73469   40  523 8320.00000 7234.35958  13.0%   206 5000s
 198982 118617 7239.35049   41  545 8320.00000 7234.35958  13.0%   206 5007s
 199035 118631 7239.46067   42  525 8320.00000 7234.35958  13.0%   206 5010s
 199119 118656 7239.64205   43  569 8320.00000 7234.35958  13.0%   206 5017s
 199159 118676 7252.17123   43  442 8320.00000 7234.35958  13.0%   206 5020s
 199258 118714 7256.48222   44  473 8320.00000 7234.35958  13.0%   206 5027s
 199327 118716 7257.34419   45  470 8320.00000 7234.35958  13.0%   206 5030s
 199458 118733 7258.25366   46  428 8320.00000 7234.35958  13.0%   206 5037s
 199523 118738 7321.56502   46  329 8320.00000 7234.35958  13.0%   206 5040s
 199627 118734 7338.87365   47  268 8320.00000 7234.35958  13.0%   206 5046s
 199708 118756 7366.58552   48  278 8320.00000 7234.35958  13.0%   207 5051s
 199756 118772 7260.53151   49  507 8320.00000 7234.35958  13.0%   207 5055s
 199905 118836 7260.80119   50  438 8320.00000 7234.35958  13.0%   207 5063s
 200006 118880 7307.91189   50  465 8320.00000 7240.76934  13.0%   207 5067s
 200114 118919 7262.28354   51  501 8320.00000 7240.76934  13.0%   207 5070s
 200356 118994 7262.98472   52  514 8320.00000 7241.11041  13.0%   207 5078s
 200495 119038 7275.37421   53  437 8320.00000 7242.66520  12.9%   207 5082s
 200652 119075 7263.89761   54  516 8320.00000 7242.66520  12.9%   207 5085s
 201018 119162 7264.16613   56  531 8320.00000 7243.86100  12.9%   207 5092s
 201193 119216 7264.72024   57  498 8320.00000 7243.86100  12.9%   207 5097s
 201399 119255 7265.29093   58  578 8320.00000 7249.09339  12.9%   207 5100s
 201601 119284 7269.23747   59  619 8320.00000 7250.18593  12.9%   207 5105s
 202005 119390 7275.40763   60  445 8320.00000 7250.66829  12.9%   207 5113s
 202237 119429 7282.62873   61  409 8320.00000 7251.50519  12.8%   207 5117s
 202458 119501 7286.96588   63  258 8320.00000 7251.50519  12.8%   207 5123s
 202705 119435 7294.98887   65  318 8320.00000 7251.50519  12.8%   207 5127s
 202741 119449 7320.33489   65  228 8320.00000 7251.50519  12.8%   207 5131s
 202778 119511 7327.57845   66  247 8320.00000 7251.50519  12.8%   207 5136s
 202918 119746 7304.18573   66  207 8320.00000 7253.45003  12.8%   207 5141s
 203334 119838 7379.77361   70  106 8320.00000 7254.26854  12.8%   207 5146s
 203674 120105     cutoff   76      8320.00000 7254.78995  12.8%   207 5151s
 204219 120344 7315.94738   81  163 8320.00000 7254.79058  12.8%   207 5155s
 204821 120516 7327.36178   93  154 8320.00000 7255.54055  12.8%   206 5161s
 205420 120783 7338.08591  101  191 8320.00000 7256.35188  12.8%   206 5167s
 206194 120867 7341.86864  114  161 8320.00000 7256.58372  12.8%   206 5173s
 206820 121010 7354.20878   62  308 8320.00000 7257.37423  12.8%   206 5179s
 207484 121268 7287.68009   61  166 8320.00000 7257.37423  12.8%   206 5185s
 208282 121517 7358.60457   58  262 8320.00000 7258.49716  12.8%   206 5191s
 209084 121684 7377.30813   78  317 8320.00000 7259.16558  12.8%   206 5197s
 209909 122059 7288.66183   63  274 8320.00000 7259.16558  12.8%   206 5203s
 210795 122047 7410.31043   87  550 8320.00000 7260.49656  12.7%   206 5223s
 211178 122169 7458.32853   91  535 8320.00000 7263.57124  12.7%   207 5239s
 211485 122330 7470.80132   96  491 8320.00000 7263.57124  12.7%   207 5255s
 211814 122503 7485.82628   99  528 8320.00000 7263.57124  12.7%   208 5270s
 212151 122718 7492.28939  102  513 8320.00000 7264.50825  12.7%   208 5286s
 212539 122903 7496.92768  107  534 8320.00000 7264.50825  12.7%   209 5304s
 212943 122946 7508.66889  112  535 8320.00000 7271.89793  12.6%   209 5322s
 213174 123205 7512.85186  115  537 8320.00000 7271.89793  12.6%   210 5340s
 213594 123372 infeasible  119      8320.00000 7271.89793  12.6%   210 5359s
 214022 123581 7540.95411  125  517 8320.00000 7272.98456  12.6%   211 5378s
 214450 123808 7645.22948  131  501 8320.00000 7274.98485  12.6%   212 5398s
 214934 124019 7611.03173  137  567 8320.00000 7274.98485  12.6%   212 5418s
 215476 124346 7628.50495  149  504 8320.00000 7274.98485  12.6%   213 5438s
 216179 124710     cutoff  162      8320.00000 7280.27294  12.5%   214 5459s
 216954 125087 7534.11033   59  532 8320.00000 7280.27294  12.5%   215 5481s
 217786 125437 7630.09629   73  499 8320.00000 7283.32950  12.5%   216 5503s
 218581 125715 7541.52959   64  472 8320.00000 7283.32950  12.5%   217 5525s
 219390 125471 7666.79302   87  360 8320.00000 7283.32950  12.5%   218 5546s
 219426 125524 7666.81707   88  365 8320.00000 7283.32950  12.5%   218 5567s
 219511 125987 7667.00548   89  342 8320.00000 7284.89305  12.4%   219 5590s
 220089 126597 7335.93295   55  522 8320.00000 7286.50357  12.4%   219 5614s
 221017 127158 7433.78419   72  423 8320.00000 7286.50357  12.4%   220 5638s
 222149 127438 7479.27562  118  467 8320.00000 7286.50357  12.4%   222 5663s
 223026 127980 7619.61281  165  485 8320.00000 7286.50357  12.4%   223 5689s
 224144 128412 7342.46878   50  719 8320.00000 7295.48277  12.3%   224 5717s
 225242 128803 7601.69875   63  572 8320.00000 7295.48277  12.3%   226 5744s
 226218 129339 7360.67696   56  436 8320.00000 7296.31726  12.3%   227 5772s
 227383 129756 7561.38988  101  491 8320.00000 7296.31726  12.3%   228 5801s
 228510 130331 7565.58100   48  480 8320.00000 7302.12189  12.2%   230 5831s
 229717 130844 7431.56326   48  417 8320.00000 7302.12189  12.2%   231 5862s
 230966 131042 7737.37227   65  353 8320.00000 7302.12189  12.2%   233 5874s
 231704 136419 7757.96150   87  379 8320.00000 7302.12189  12.2%   233 5900s
 238507 136571 7383.16449   31  806 8320.00000 7383.02760  11.3%   230 6429s
 238509 136574 7383.24252   32  818 8320.00000 7383.16797  11.3%   230 6432s
 238513 136580 7383.25860   33  788 8320.00000 7383.24273  11.3%   230 6436s
 238521 136592 7383.38946   34  741 8320.00000 7383.25883  11.3%   230 6440s
 238536 136616 7404.32201   35  610 8320.00000 7383.38946  11.3%   230 6446s
 238566 136636 7424.72050   36  469 8320.00000 7401.40232  11.0%   230 6452s
 238598 136658 7531.91256   37  399 8320.00000 7404.35834  11.0%   230 6458s
 238630 136680 7531.91410   38  398 8320.00000 7409.63290  10.9%   230 6466s
 238663 136720 7531.98183   38  398 8320.00000 7409.63290  10.9%   230 6473s
 238715 136734 7538.33954   40  367 8320.00000 7409.63290  10.9%   230 6480s
 238747 136764 7714.48008   40  369 8320.00000 7409.63290  10.9%   231 6485s
 238791 136799 7614.75543   41  445 8320.00000 7409.63290  10.9%   231 6491s
 238844 136838 7622.93184   41  426 8320.00000 7409.63290  10.9%   231 6498s
 238912 136869 7614.92037   42  481 8320.00000 7409.63290  10.9%   231 6504s
 238983 136901 7737.36418   42  324 8320.00000 7419.13938  10.8%   231 6509s
 239045 136940 7674.28236   43  381 8320.00000 7419.13938  10.8%   231 6514s
 239118 136972 7627.77250   43  327 8320.00000 7419.35070  10.8%   231 6520s
 239257 137045 7683.20816   44  360 8320.00000 7419.35070  10.8%   231 6529s
 239333 137073 7680.20131   45  400 8320.00000 7428.47249  10.7%   231 6535s
 239410 137099 7709.44147   45  311 8320.00000 7428.47249  10.7%   231 6540s
 239486 137133 7711.24147   46  308 8320.00000 7428.47249  10.7%   231 6545s
 239567 137179 7725.33807   46  362 8320.00000 7432.37734  10.7%   232 6551s
 239660 137227 7731.41488   47  283 8320.00000 7432.37734  10.7%   232 6558s
 239771 137275 7723.25958   47  324 8320.00000 7432.37734  10.7%   232 6563s
 239892 137332 7730.26884   48  310 8320.00000 7432.37734  10.7%   232 6569s
 240027 137378 7767.21361   51  195 8320.00000 7432.37734  10.7%   232 6576s
 240172 137429 7794.15867   55  232 8320.00000 7432.37734  10.7%   232 6581s
 240327 137473 7790.95802   60  239 8320.00000 7432.37734  10.7%   232 6586s
 240475 137532     cutoff   66      8320.00000 7432.37734  10.7%   232 6593s
 240639 137588 7539.48878   41  385 8320.00000 7432.37734  10.7%   232 6599s
 240805 137650 7627.96385   44  352 8320.00000 7454.74725  10.4%   232 6605s
 240981 137704 7631.95968   48  354 8320.00000 7454.74725  10.4%   232 6611s
 241170 137761 7640.94081   54  356 8320.00000 7454.74725  10.4%   232 6618s
 241368 137833 7715.00381   58  373 8320.00000 7454.74725  10.4%   232 6625s
 241554 137928 7719.74797   65  377 8320.00000 7461.47182  10.3%   232 6631s
 241745 138039 7729.14164   71  371 8320.00000 7474.46511  10.2%   232 6637s
 241952 138159 7734.06116   78  391 8320.00000 7474.46511  10.2%   232 6644s
 242198 138247 7738.32675   85  361 8320.00000 7480.03516  10.1%   232 6650s
 242460 138364 7741.34773   94  360 8320.00000 7480.03516  10.1%   232 6657s
 242747 138435 7791.30539  102  281 8320.00000 7480.03516  10.1%   232 6666s
 243050 138530 7801.45340  113  205 8320.00000 7490.84288  10.0%   232 6674s
 243376 138607 7591.49805   38  454 8320.00000 7491.32523  10.0%   232 6682s
 243639 138732 7679.01316   39  423 8320.00000 7493.59140  9.93%   232 6690s
 243959 138953 7712.15961   43  342 8320.00000 7501.93319  9.83%   232 6700s
 244431 139216 7739.01643   62  419 8320.00000 7501.93319  9.83%   232 6709s
 245033 139386 7758.54152   78  353 8320.00000 7501.93319  9.83%   232 6719s
 245603 139634 7689.01264   41  395 8320.00000 7504.69513  9.80%   232 6728s
 246197 139960 7776.82045   49  356 8320.00000 7504.69513  9.80%   232 6738s
 246924 140159 7656.39302   39  514 8320.00000 7504.69513  9.80%   232 6748s
 247562 140384 7726.91990   47  372 8320.00000 7504.69513  9.80%   232 6758s
 248298 140544 7740.41383   54  330 8320.00000 7509.93197  9.74%   232 6769s
 248986 140803 7616.16553   39  394 8320.00000 7511.10846  9.72%   232 6780s
 249708 140887 7753.10582   45  355 8320.00000 7511.10846  9.72%   233 6790s
 250377 141178 7644.02307   50  286 8320.00000 7511.10846  9.72%   233 6802s
 251212 141721 7575.17160   83  237 8320.00000 7530.50236  9.49%   233 6811s
 252280 141870 7639.50317  118  301 8320.00000 7530.50236  9.49%   233 6817s
 252885 142211 7572.68098   67  368 8320.00000 7530.50236  9.49%   233 6823s
 253565 142507 7584.00379   86  377 8320.00000 7530.50236  9.49%   232 6827s
 254191 142794 7593.50154  102  361 8320.00000 7530.50236  9.49%   232 6832s
 254870 143098 7602.68802  121  357 8320.00000 7534.74856  9.44%   232 6838s
 255519 143454 7616.14181  143  338 8320.00000 7534.74856  9.44%   232 6843s
 256274 143680 7625.39907  168  337 8320.00000 7536.33983  9.42%   232 6849s
 256964 144039 7653.96307  202  350 8320.00000 7536.47808  9.42%   232 6856s
 257717 144341 7629.37656   64  312 8320.00000 7536.47808  9.42%   232 6862s
 258529 144651 7583.41554   62  226 8320.00000 7536.47808  9.42%   231 6867s
 259365 144875 7597.13351   87  351 8320.00000 7536.47808  9.42%   231 6874s
 260188 145287 7615.80869  122  382 8320.00000 7536.54900  9.42%   231 6880s
 261090 145668 7653.05167  177  312 8320.00000 7536.88483  9.41%   231 6887s
 262006 146216 7586.90750   63  309 8320.00000 7536.88483  9.41%   231 6894s
 263222 146543 7552.09466   55  307 8320.00000 7536.92454  9.41%   231 6902s
 264391 147027 7575.71847   73  443 8320.00000 7538.81302  9.39%   230 6910s
 265534 147537 7556.27908   54  252 8320.00000 7539.48695  9.38%   230 6918s
 266895 147713 7654.17982   93  205 8320.00000 7539.56081  9.38%   230 6926s
 268089 148021 7606.29637  103  243 8320.00000 7540.83599  9.36%   230 6940s
 269122 149696 7626.35825  137  259 8320.00000 7541.05549  9.36%   229 6954s
 271763 150144 7563.77327  104  379 8320.00000 7541.45090  9.36%   229 6963s
 273293 150762 7594.83809  151  294 8320.00000 7541.45090  9.36%   228 6973s
 274681 151261 7609.03931  196  293 8320.00000 7541.45090  9.36%   228 6984s
 275905 152280 7624.19113  229  251 8320.00000 7541.45090  9.36%   227 6994s
 277704 152671     cutoff   55      8320.00000 7543.18625  9.34%   227 7037s
 279146 153198 7617.79384   51  679 8320.00000 7545.81862  9.31%   229 7071s
 280581 154189 7885.93839   58  475 8320.00000 7545.81862  9.31%   231 7119s
 282533 154412 7803.74466   58  566 8320.00000 7545.81862  9.31%   232 7151s
 283662 155121 7867.74842  100  492 8320.00000 7554.79638  9.20%   233 7185s
 285169 155998 7745.35188   54  425 8320.00000 7558.31781  9.15%   234 7220s
 286799 156579 7908.57417  121  461 8320.00000 7559.01372  9.15%   235 7255s
 288312 157202 7908.72135  122  467 8320.00000 7560.72089  9.13%   236 7292s
 289852 158004 7643.23176   55  483 8320.00000 7560.72089  9.13%   237 7329s
 291479 158830 7658.71406   82  528 8320.00000 7563.28751  9.10%   239 7369s
 293460 159208 7708.37673  147  580 8320.00000 7564.46145  9.08%   240 7408s
 295281 159768 7752.71863  205  544 8320.00000 7565.55518  9.07%   242 7450s
 297038 160448 7815.92804  281  574 8320.00000 7567.47917  9.04%   243 7493s
 298791 160858 7888.19451  333  596 8320.00000 7568.94562  9.03%   245 7536s
 300356 161810 7693.25587   47  718 8320.00000 7568.94562  9.03%   247 7585s
 302346 163023     cutoff   81      8320.00000 7569.71592  9.02%   248 7634s
 304712 162905 7789.45405   44  459 8320.00000 7573.89765  8.97%   250 7648s
 305701 163141 7712.44441   43  364 8320.00000 7583.34529  8.85%   250 7657s
 306465 163410 7836.06392   47  339 8320.00000 7583.34529  8.85%   249 7665s
 307177 163581 7827.17364   49  393 8320.00000 7613.51526  8.49%   249 7675s
 307840 163837 7763.05029   46  328 8320.00000 7627.48183  8.32%   249 7683s
 308556 164060 7672.15306   46  403 8320.00000 7627.48183  8.32%   249 7693s
 309262 164345 7761.29941   52  339 8320.00000 7628.79375  8.31%   249 7702s
 310026 164696 7844.66633   94  366 8320.00000 7629.88329  8.29%   249 7712s
 310925 164985 7815.00353   43  323 8320.00000 7633.83065  8.25%   249 7722s
 311637 165715 7792.50178   57  342 8320.00000 7635.95266  8.22%   250 7731s
 312797 166075 7840.79371   99  346 8320.00000 7635.95266  8.22%   249 7742s
 313866 166672 7698.66027   51  270 8320.00000 7642.11470  8.15%   249 7753s
 315054 167078 7693.47172   41  447 8320.00000 7644.20417  8.12%   249 7763s
 316238 167173 7774.06604   44  454 8320.00000 7644.20417  8.12%   249 7775s
 317070 167206     cutoff   69      8320.00000 7644.20417  8.12%   249 7787s
 317473 168079 7813.33052   46  381 8320.00000 7644.20417  8.12%   249 7800s
 318674 168720 7674.84010   45  458 8320.00000 7644.20417  8.12%   249 7812s
 319980 169189 7723.16604   52  433 8320.00000 7644.20417  8.12%   249 7824s
 321218 169461 7799.58520   61  426 8320.00000 7644.20417  8.12%   249 7848s
 322453 170892 7843.01188   80  359 8320.00000 7644.20417  8.12%   248 7867s
 324913 171105 7715.73743   45  420 8320.00000 7654.93169  7.99%   248 7881s
 326375 171647 7781.65061   72  345 8320.00000 7654.93169  7.99%   248 7896s
 327919 171296 7838.81129   58  264 8320.00000 7656.54430  7.97%   248 7913s
 328145 167254 7841.99118   59  296 8320.00000 7656.54430  7.97%   248 7928s
 329798 166733     cutoff   67      8320.00000 7660.90168  7.92%   247 7943s
 329835 166952 7759.88534   61  472 8320.00000 7660.90168  7.92%   247 7960s
 330141 168416 7774.59211   74  432 8320.00000 7660.90168  7.92%   247 7977s
H332091 167766                    8313.0000000 7661.06525  7.84%   247 7977s
 332091 169051     cutoff   75      8313.00000 7661.06525  7.84%   247 7991s
 333958 169950 7738.27467   91  243 8313.00000 7661.06525  7.84%   247 8004s
 336058 170628 7730.73485  132  243 8313.00000 7661.54653  7.84%   246 8016s
 338021 171139 7688.03676   52  299 8313.00000 7661.54653  7.84%   246 8028s
 339797 171792 7720.92072   72  196 8313.00000 7664.47777  7.80%   246 8042s
 341747 172378 7706.60130   53  354 8313.00000 7664.51053  7.80%   245 8055s
 343742 173310 7752.28650   64  177 8313.00000 7666.22561  7.78%   245 8068s
 345930 174570 7754.76036  109  341 8313.00000 7666.76666  7.77%   245 8082s
 348503 175188 7716.99078  113  275 8313.00000 7666.96753  7.77%   244 8095s
 350683 176151 7774.24543   67  269 8313.00000 7666.96753  7.77%   244 8110s
 353148 177100     cutoff   57      8313.00000 7667.84727  7.76%   243 8132s
 355609 179118 7726.10444   61  248 8313.00000 7668.25542  7.76%   243 8151s
 359475 179664 7771.85346  114  315 8313.00000 7669.39999  7.74%   242 8167s
 362550 180817 7745.20474   98  184 8313.00000 7669.67105  7.74%   241 8185s
 365667 181491 7974.37872   53  384 8313.00000 7670.38499  7.73%   240 8253s
 367997 183270 7984.71339   69  593 8313.00000 7670.61353  7.73%   242 8319s
 371150 185845 7774.61369   65  542 8313.00000 7674.91705  7.68%   243 8395s
 375377 185868 7877.46110  124  586 8313.00000 7674.91705  7.68%   245 8440s
 377385 187275 7745.02211   60  487 8313.00000 7677.16237  7.65%   246 8491s
 379880 188943 7794.18480   71  484 8313.00000 7677.57626  7.64%   247 8545s
 382976 190072 7889.06801   76  476 8313.00000 7679.35154  7.62%   248 8599s
 385746 191108 7971.76375   49  487 8313.00000 7680.02062  7.61%   249 8655s
 388450 191662 7841.00478   47  397 8313.00000 7682.18508  7.59%   250 8716s
 390300 193461 7794.79165   46  681 8313.00000 7683.72820  7.57%   251 8782s
 393346 193634 7961.06858  102  493 8313.00000 7685.14063  7.55%   253 8853s
 395002 195991 7780.82778   52  696 8313.00000 7687.11792  7.53%   254 8929s
 398755 197459 7956.19509  119  549 8313.00000 7688.45931  7.51%   255 9005s
 402559 198807 7837.67616  108  461 8313.00000 7690.61685  7.49%   257 9029s
 405821 199002 7762.41907   43  397 8313.00000 7694.09114  7.45%   256 9044s
 407561 199753 7849.87485   63  278 8313.00000 7695.68648  7.43%   256 9059s
 409316 200564 7757.99147   57  445 8313.00000 7696.53799  7.42%   256 9075s
 411068 201727 7715.03695   67  398 8313.00000 7697.19083  7.41%   256 9091s
 413254 203014 7835.24669   48  399 8313.00000 7697.82852  7.40%   255 9108s
 415718 203782 7819.32127   81  346 8313.00000 7700.18395  7.37%   255 9125s
 417815 204280 7739.51067   53  410 8313.00000 7701.22789  7.36%   254 9143s
 419556 204162 7847.00464  123  395 8313.00000 7701.58856  7.35%   254 9162s
 420484 205757 7868.29653   49  313 8313.00000 7701.78790  7.35%   254 9183s
 423163 207574     cutoff   55      8313.00000 7702.53542  7.34%   254 9217s
 426960 208325 7766.05783   62  424 8313.00000 7703.90893  7.33%   253 9239s
 429811 209708 7819.22227   61  294 8313.00000 7704.90919  7.31%   253 9261s
 432999 210455 7751.25909   56  369 8313.00000 7705.52815  7.31%   253 9284s
 435451 212297 7793.59671   88  322 8313.00000 7705.69740  7.31%   252 9307s
 438843 214078     cutoff  112      8313.00000 7706.66192  7.29%   251 9328s
 442636 215081 7770.10568   91  354 8313.00000 7707.56298  7.28%   251 9346s
 445718 216420     cutoff   99      8313.00000 7708.21862  7.28%   250 9364s
 449105 217633 7742.08369  121  383 8313.00000 7708.81523  7.27%   250 9383s
 452408 217588 7778.67366   75  267 8313.00000 7709.49545  7.26%   249 9402s
 454587 218701 7732.47387   58  286 8313.00000 7709.72453  7.26%   249 9421s
 458243 220644 7795.18019   71  271 8313.00000 7711.03719  7.24%   248 9446s
 462439 221533 7793.57468   72  283 8313.00000 7711.38702  7.24%   247 9464s
 465573 222646 7783.68702  201  344 8313.00000 7711.73362  7.23%   247 9483s
 468769 223800 7813.80144   92  281 8313.00000 7712.15525  7.23%   246 9502s
 472099 224999 7809.13344   90  312 8313.00000 7712.83979  7.22%   246 9520s
 475474 225962 7772.48769  110  402 8313.00000 7713.06845  7.22%   245 9539s
 478602 227020 7794.28086   82  209 8313.00000 7713.77216  7.21%   245 9558s
 481695 227906     cutoff  105      8313.00000 7714.05359  7.20%   244 9577s
 484991 229679 7750.91601   47  542 8313.00000 7714.50392  7.20%   244 9667s
 488809 230986     cutoff   68      8313.00000 7716.44383  7.18%   246 9745s
 492601 231994 7876.03270  137  559 8313.00000 7717.46591  7.16%   247 9817s
 496109 233419 7822.18903   53  370 8313.00000 7718.74739  7.15%   249 9888s
 499597 234918 7986.71414   73  372 8313.00000 7719.90477  7.13%   251 9957s
 502349 236789 7964.79345   87  457 8313.00000 7720.38779  7.13%   253 10028s
 505385 237145 7832.06793   76  534 8313.00000 7722.21019  7.11%   255 10101s
 505938 240183 7833.49865   77  524 8313.00000 7722.26727  7.11%   255 10180s
 510073 242196 7828.51710   58  389 8313.00000 7722.66622  7.10%   257 10255s
 513020 245247 7762.93310   49  586 8313.00000 7722.66622  7.10%   258 10331s
 516755 248366 7980.55346  159  544 8313.00000 7722.66622  7.10%   260 10419s
 521165 247827 7872.95361  120  518 8313.00000 7726.03578  7.06%   261 10483s
 524507 243477 7890.30750   86  480 8313.00000 7726.03578  7.06%   262 10545s
 527310 244983 7999.20482   65  494 8313.00000 7727.95500  7.04%   263 10612s
H530434 243393                    8284.0000000 7728.30681  6.71%   265 10612s
 530434 247305 7853.11964  102  443 8284.00000 7728.30681  6.71%   265 10649s
 535642 247689 7732.16594   55  496 8284.00000 7729.31851  6.70%   264 10671s
 538845 248678 7768.97067   64  495 8284.00000 7730.54713  6.68%   263 10694s
 541781 249732 7818.08675   51  399 8284.00000 7731.06392  6.67%   263 10717s
 544664 252595 7859.38733   99  417 8284.00000 7731.59591  6.67%   262 10755s
 549424 253675 7834.51832   65  426 8284.00000 7732.98040  6.65%   262 10781s
 553031 254943     cutoff   59      8284.00000 7733.45722  6.65%   261 10805s
 556384 256585 7840.66631   67  392 8284.00000 7734.62091  6.63%   260 10828s
 559919 256229 7754.06857   59  452 8284.00000 7734.90528  6.63%   260 10852s
 561260 258691 7843.53770   94  306 8284.00000 7734.90528  6.63%   260 10877s
 564965 260272 7833.21978  153  440 8284.00000 7735.46723  6.62%   259 10901s
 568605 261826 7793.03374   63  396 8284.00000 7736.72560  6.61%   258 10925s
 571721 264395 7783.80103   73  387 8284.00000 7737.58549  6.60%   258 10949s
 575251 266350 7798.70846  129  329 8284.00000 7738.15578  6.59%   257 10971s
 578557 266273 7802.00650  120  354 8284.00000 7738.72694  6.58%   257 10996s
 580793 266469 7779.92217  102  248 8284.00000 7739.43937  6.57%   257 11027s
 582083 270691 7802.70971  134  258 8284.00000 7739.50130  6.57%   257 11070s
 589805 270878 7825.71294   83  339 8284.00000 7740.31235  6.56%   256 11094s
 592311 270043     cutoff   68      8284.00000 7740.31235  6.56%   255 11095s
 594363 270265 7799.78076   96  298 8284.00000 7741.02454  6.55%   255 11116s
 595866 270968     cutoff  103      8284.00000 7741.12046  6.55%   255 11142s
 597299 272863 7827.61660  104   88 8284.00000 7741.27944  6.55%   255 11170s
 600377 275092 7798.04109  119  366 8284.00000 7741.31492  6.55%   254 11197s
 604633 277364 7748.21946  118  528 8284.00000 7741.90872  6.54%   254 11222s
 609138 280027 infeasible  168      8284.00000 7742.56401  6.54%   254 11248s
 613277 281637 7834.92436  137  240 8284.00000 7743.32668  6.53%   253 11266s
 616440 282723 infeasible  133      8284.00000 7743.70520  6.52%   253 11285s
 618546 284739 7766.20509  116  526 8284.00000 7744.20802  6.52%   253 11304s
 621799 286981 7828.63432   60  229 8284.00000 7744.63749  6.51%   252 11325s
 625529 289105     cutoff   61      8284.00000 7745.03626  6.51%   252 11408s
 629314 291907 7776.94982   53  516 8284.00000 7746.07629  6.49%   253 11480s
 633023 292805 7829.39364  174  560 8284.00000 7746.64253  6.49%   255 11547s
 636404 295705 7968.73000  230  475 8284.00000 7748.26339  6.47%   256 11614s
 640125 298294 7787.06627  106  651 8284.00000 7748.41658  6.47%   257 11679s
 643567 300544 7894.80005  239  509 8284.00000 7748.87493  6.46%   257 11763s
 646674 303358 7778.42867   92  661 8284.00000 7750.17321  6.44%   259 11847s
 650716 305204 7939.44070  239  545 8284.00000 7751.67034  6.43%   260 11922s
 654513 305544 7931.57426   90  457 8284.00000 7752.26237  6.42%   261 11994s
 655787 306041 7995.05858   62  401 8284.00000 7753.72000  6.40%   261 12074s
 659394 307839     cutoff  135      8284.00000 7754.81090  6.39%   263 12152s
 663357 309823 7887.82115   88  470 8284.00000 7755.74863  6.38%   264 12227s
 667069 312000 7946.96442  158  439 8284.00000 7756.52478  6.37%   265 12297s
 670465 314574 7794.37359   52  667 8284.00000 7757.73550  6.35%   266 12367s
 674152 317373 7861.56768  108  548 8284.00000 7758.50424  6.34%   267 12450s
H678316 317373                    8276.0000000 7759.27834  6.24%   268 12451s
 678316 320991 7812.04891   78  414 8276.00000 7759.27834  6.24%   268 12485s
 682961 323799 7821.07852   50  355 8276.00000 7759.92947  6.24%   268 12509s
 686480 326588 7857.59903   89  421 8276.00000 7760.24077  6.23%   267 12532s
 689977 328519 7856.48234   94  365 8276.00000 7760.82793  6.22%   267 12555s
 693312 330525 7860.00552   53  352 8276.00000 7761.52071  6.22%   266 12577s
 696057 332887 7862.75802   96  422 8276.00000 7761.97132  6.21%   266 12600s
 699173 335939 7881.22274   83  374 8276.00000 7762.13155  6.21%   265 12623s
 703107 338463 7823.77690   47  340 8276.00000 7762.84231  6.20%   265 12645s
 706268 340616 7873.86518  101  336 8276.00000 7762.85798  6.20%   264 12667s
 709423 343478 7789.76441   68  481 8276.00000 7763.34284  6.19%   264 12700s
 713910 343715 7885.68133   49  377 8276.00000 7763.50554  6.19%   263 12724s
 714203 343834 7892.57173   54  388 8276.00000 7763.50554  6.19%   263 12748s
 714375 343968 7894.01276   55  347 8276.00000 7763.50554  6.19%   263 12776s
 714537 344728 7894.48787   56  334 8276.00000 7763.50554  6.19%   263 12806s
 715647 349282 7836.86758   63  358 8276.00000 7763.84834  6.19%   263 12844s
 721738 352546 7823.64857   58  335 8276.00000 7764.21463  6.18%   262 12873s
 726149 353531 7857.50406   68  406 8276.00000 7765.11683  6.17%   262 12899s
 727834 356539 7805.69278   70  467 8276.00000 7765.23350  6.17%   261 12926s
 732079 358461 7852.14217  123  414 8276.00000 7765.58059  6.17%   261 12948s
 735591 360773 7849.59880   93  298 8276.00000 7765.90450  6.16%   261 12970s
 739376 362395 7795.77076  151  384 8276.00000 7766.54414  6.16%   260 12989s
 742616 364381 7854.71661  244  349 8276.00000 7766.78831  6.15%   260 13009s
 746141 366051 7805.83064   92  379 8276.00000 7767.36666  6.15%   259 13033s
 749559 368226 7847.48275   53  238 8276.00000 7767.55626  6.14%   259 13055s
 753112 370330 7782.71321   82  330 8276.00000 7768.17424  6.14%   259 13076s
 756462 371984 7851.71081  143  359 8276.00000 7768.17424  6.14%   259 13096s
 759733 373723 7802.87111   73  337 8276.00000 7768.85731  6.13%   258 13117s
 762984 375725 7820.43189   81  266 8276.00000 7769.11603  6.12%   258 13138s
 766418 377464 7848.73501   83  147 8276.00000 7769.46059  6.12%   258 13159s
 769746 379355     cutoff   53      8276.00000 7769.80191  6.12%   258 13179s
 773094 380908 7806.93511   46  242 8276.00000 7770.26812  6.11%   257 13199s
 776470 383025 7812.20907  111  233 8276.00000 7770.59399  6.11%   257 13224s
 780129 384476 7849.13960   70  279 8276.00000 7770.99786  6.10%   257 13244s
 783301 386935 7880.13144   51  697 8276.00000 7771.55473  6.10%   257 13323s
 786920 388386 7992.81166   53  408 8276.00000 7772.20872  6.09%   258 13396s
 789365 390986 7896.45589   57  406 8276.00000 7772.28108  6.09%   259 13477s
 793451 393001 8016.44521  113  387 8276.00000 7773.14493  6.08%   260 13550s
 797098 394773 7951.68858  117  483 8276.00000 7773.21312  6.08%   261 13621s
 800749 396756 7805.13816  107  613 8276.00000 7773.26307  6.07%   262 13690s
 804208 399118 7909.26022  211  565 8276.00000 7773.80984  6.07%   263 13758s
 807887 401370 7972.05580   91  440 8276.00000 7774.40969  6.06%   264 13825s
 811233 404435 7987.49509   80  442 8276.00000 7775.01490  6.05%   264 13905s
 815432 405789 8005.04895  100  425 8276.00000 7776.07798  6.04%   265 13968s
 817577 407950     cutoff   65      8276.00000 7776.07798  6.04%   266 14038s
 821464 409833 7818.26283   69  536 8276.00000 7776.82383  6.03%   266 14104s
 825232 411866 7956.51898  180  563 8276.00000 7777.78866  6.02%   267 14168s
 828500 414189 8019.31840   63  484 8276.00000 7778.12577  6.02%   268 14231s
 831828 416473 8024.66234  105  487 8276.00000 7778.12619  6.02%   269 14296s
 835315 420042 7931.72864   72  348 8276.00000 7779.49445  6.00%   269 14327s
 840032 422528 7835.15802   91  472 8276.00000 7780.13780  5.99%   269 14349s
 843313 426219 7864.47073   94  333 8276.00000 7780.45727  5.99%   268 14383s
 848314 428498 7805.13358   69  470 8276.00000 7780.75408  5.98%   268 14404s
 851302 430904 7837.73533   69  438 8276.00000 7781.00425  5.98%   268 14425s
 854684 433315 7921.82349   60  359 8276.00000 7781.22560  5.98%   267 14446s
 857859 436005 7812.96768   96  452 8276.00000 7781.51465  5.97%   267 14467s
 861272 438663 7866.75943   83  391 8276.00000 7781.87954  5.97%   266 14488s
 864546 441012 7830.96206   45  384 8276.00000 7782.15445  5.97%   266 14508s
 867579 443090 7826.06353   87  420 8276.00000 7782.34090  5.96%   265 14530s
 870628 443121 7900.48373  157  396 8276.00000 7782.39885  5.96%   265 14553s
 870661 443374 7902.06349  155  238 8276.00000 7782.39885  5.96%   265 14577s
 870978 445036 7902.06764  156  232 8276.00000 7782.39885  5.96%   265 14600s
 873513 448689 7858.15917  111  389 8276.00000 7782.66182  5.96%   265 14633s
 878295 451095 7908.11921  161  364 8276.00000 7782.89461  5.96%   264 14654s
 881557 453476 7815.47159   65  388 8276.00000 7783.16098  5.96%   264 14674s
 884572 453476 infeasible   51      8276.00000 7783.27740  5.95%   264 14675s
 884790 455735 7854.51496   80  395 8276.00000 7783.52535  5.95%   264 14695s
 887862 457199 7790.63626   70  357 8276.00000 7783.77431  5.95%   263 14717s
 891144 458926 7862.60165   68  292 8276.00000 7784.05041  5.94%   263 14738s
 894678 460626 7870.41120  142  404 8276.00000 7784.44565  5.94%   263 14760s
 897933 462101     cutoff  102      8276.00000 7784.58826  5.94%   263 14781s
 901374 463996 7841.24261  122  307 8276.00000 7784.96288  5.93%   262 14802s
 904935 465523     cutoff  194      8276.00000 7785.13928  5.93%   262 14822s
 907975 466920 7832.18712  109  398 8276.00000 7785.34996  5.93%   262 14843s
 911257 468808 7855.55764   72  293 8276.00000 7785.65459  5.92%   262 14867s
 914744 470550 7849.54720  118  204 8276.00000 7786.06050  5.92%   262 14888s
 917921 472470 7823.62028   69  415 8276.00000 7786.19921  5.92%   261 14909s
 921320 474316 7851.64283  145  339 8276.00000 7786.35496  5.92%   261 14930s
 924738 474394     cutoff   77      8276.00000 7786.82443  5.91%   261 14952s
 924886 475867 infeasible   81      8276.00000 7786.89167  5.91%   261 14973s
 928113 477515 7803.20310  102  479 8276.00000 7787.23485  5.91%   261 14995s
 931507 479302 7813.57349  122  414 8276.00000 7787.33333  5.90%   261 15016s
 934579 480926     cutoff  152      8276.00000 7787.56018  5.90%   260 15037s
 938027 483587 8000.01253   53  531 8276.00000 7787.85879  5.90%   260 15113s
 941718 485703 8025.88901   65  415 8276.00000 7788.34986  5.89%   261 15181s
 945428 488209 7902.39422  115  436 8276.00000 7788.75504  5.89%   262 15260s
 949338 490711 8027.54729  158  330 8276.00000 7789.25638  5.88%   263 15323s
 952917 492806 7946.50373   65  448 8276.00000 7790.15018  5.87%   263 15384s
 956104 495319 7883.90547   56  586 8276.00000 7790.24722  5.87%   264 15445s
 959361 497550 7983.07436  136  439 8276.00000 7790.90412  5.86%   264 15507s
 962598 499191 8002.70711  122  515 8276.00000 7791.36849  5.86%   265 15570s
 965835 501673 7980.96683   87  448 8276.00000 7792.07730  5.85%   265 15632s
 969493 503942 7885.12356  120  618 8276.00000 7792.92830  5.84%   266 15692s
 973078 505937 7958.04688   94  363 8276.00000 7792.92830  5.84%   266 15752s
 976203 508743 7984.73964  162  425 8276.00000 7792.92830  5.84%   267 15829s
 980460 510859 8011.58492  121  425 8276.00000 7794.20640  5.82%   268 15887s
 983625 512768 8027.23367  165  467 8276.00000 7794.80753  5.81%   268 15945s
 986462 515350 8019.97733  155  541 8276.00000 7795.05106  5.81%   269 16007s
 990071 518908     cutoff  118      8276.00000 7795.62760  5.80%   269 16036s
 994836 519089 7855.67999   62  400 8276.00000 7796.02308  5.80%   269 16058s
 995062 521398 7858.93744   63  397 8276.00000 7796.02308  5.80%   269 16081s
 998059 524277 7846.00126   44  380 8276.00000 7796.29245  5.80%   268 16105s
 1001895 525329 7902.64521   67  363 8276.00000 7796.54409  5.79%   268 16129s
 1003567 528265 7881.12337   82  376 8276.00000 7796.61005  5.79%   268 16153s
 1007661 531985 7937.07605  129  376 8276.00000 7796.91046  5.79%   267 16186s
 1012654 533731 7885.64001   61  318 8276.00000 7797.38817  5.78%   267 16206s
 1015316 536165 7878.36098   93  453 8276.00000 7797.49269  5.78%   266 16227s
 1018743 538553 7918.99874   54  444 8276.00000 7797.70596  5.78%   266 16247s
 1021997 540733 7895.05849   80  405 8276.00000 7797.92588  5.78%   266 16268s
 1025178 542801 7813.23952   75  436 8276.00000 7797.95848  5.78%   265 16289s
 1028450 544794 7821.37754   45  408 8276.00000 7798.26148  5.77%   265 16310s
 1031594 547201 7863.89458   62  393 8276.00000 7798.51055  5.77%   265 16331s
 1034913 549271 7892.45022   63  340 8276.00000 7798.71109  5.77%   264 16351s
 1038264 552861 7867.79254   86  421 8276.00000 7798.92612  5.76%   264 16384s
 1043063 554395 7848.89008   60  205 8276.00000 7799.21682  5.76%   264 16405s
 1046323 555979 7870.49023   79   96 8276.00000 7799.72403  5.75%   263 16428s
 1049389 557958 7872.74023   84   74 8276.00000 7799.85980  5.75%   263 16452s
 1053028 559605 7858.52502   58  281 8276.00000 7800.28679  5.75%   263 16474s
 1056257 559605 7829.93683  113  411 8276.00000 7800.38734  5.75%   263 16475s
 1056583 561127 7838.11323   82  301 8276.00000 7800.54167  5.75%   263 16497s
 1059828 562831 7845.91086   61  350 8276.00000 7800.79218  5.74%   263 16518s
 1063040 564526 7870.15163   69  129 8276.00000 7801.11476  5.74%   263 16540s
 1066547 566128 7862.72818  100  225 8276.00000 7801.31776  5.74%   262 16562s
 1069816 568050 7868.42356   80  139 8276.00000 7801.61408  5.73%   262 16583s
 1073160 569612 7808.83176   94  205 8276.00000 7801.87031  5.73%   262 16605s
 1076436 571556 7836.87432   84  286 8276.00000 7801.93224  5.73%   262 16630s
 1080056 572725 7880.29856  108  213 8276.00000 7802.39121  5.72%   262 16649s
 1082853 574315     cutoff   83      8276.00000 7802.67172  5.72%   262 16671s
 1086061 576023 7852.57276   76  245 8276.00000 7803.03133  5.71%   261 16693s
 1089394 577581 7877.88830   78  204 8276.00000 7803.09099  5.71%   261 16714s
 1092710 577900 7845.82586  126  276 8276.00000 7803.42003  5.71%   261 16738s
 1093545 580726 8002.69027   55  388 8276.00000 7803.44583  5.71%   261 16812s
 1097406 570339 8003.46347  118  500 8276.00000 7803.99426  5.70%   262 16875s
 1100363 572642 7984.60956  149  426 8276.00000 7804.29865  5.70%   262 16942s
 1103727 575037 7962.84218   51  425 8276.00000 7805.14000  5.69%   263 17008s
 1107265 573023 7922.93066   48  601 8276.00000 7805.42819  5.69%   263 17071s
 1110493 575153 7955.03973   84  558 8276.00000 7805.59142  5.68%   264 17146s
 1113499 578573 7974.45313  110  444 8276.00000 7805.77794  5.68%   264 17225s
 1118460 581005 7993.28326  159  387 8276.00000 7806.58103  5.67%   265 17286s
 1121851 582973 7956.54654  151  502 8276.00000 7806.70527  5.67%   265 17347s
 1124351 585110 8017.16175   89  471 8276.00000 7807.16572  5.66%   266 17413s
 1127447 587419 8020.52991  125  480 8276.00000 7807.71906  5.66%   266 17478s
 1131013 589815 7978.34467   99  477 8276.00000 7808.02571  5.65%   266 17541s
 1134630 591607 7998.87549   87  504 8276.00000 7808.19166  5.65%   267 17603s
 1137525 593961 7987.13731   73  430 8276.00000 7809.33719  5.64%   267 17666s
 1140916 596542 7851.22385   46  488 8276.00000 7809.78166  5.63%   268 17741s
H1144563 596542                    8261.0000000 7809.78166  5.46%   269 17741s
 1144563 600148 7898.09160  107  398 8261.00000 7809.78166  5.46%   269 17769s
 1149148 602696 7950.67981  130  346 8261.00000 7809.81185  5.46%   268 17789s
 1150862 602696 7894.27544   73  166 8261.00000 7810.04307  5.46%   268 17790s
 1152382 605104 7851.86779   80  423 8261.00000 7810.04307  5.46%   268 17810s
 1155572 607585     cutoff  146      8261.00000 7810.30451  5.46%   267 17831s
 1158955 609877 7957.74775   74  411 8261.00000 7810.35393  5.46%   267 17851s
 1162112 612781 7913.96418   55  283 8261.00000 7810.74471  5.45%   267 17872s
 1165668 614768 7890.07445   43  359 8261.00000 7810.86218  5.45%   266 17892s
 1168629 618400 7834.72679   96  331 8261.00000 7811.00157  5.45%   266 17923s
 1173392 621193 7913.37733   81  288 8261.00000 7811.20212  5.44%   266 17942s
 1176823 623783 7895.92292  122  486 8261.00000 7811.34917  5.44%   265 17961s
 1180086 625919 7919.23366  133  373 8261.00000 7811.51082  5.44%   265 17981s
 1183078 626951 7863.31222   93  367 8261.00000 7811.55187  5.44%   265 18000s
 1184548 629420 7864.52412   81  391 8261.00000 7811.70976  5.44%   264 18021s
 1187930 631876 7945.34336   59  295 8261.00000 7811.70976  5.44%   264 18042s
 1191174 633721 7897.76996  124  384 8261.00000 7812.11366  5.43%   264 18066s
 1193990 636227 7884.86678   98  372 8261.00000 7812.22196  5.43%   264 18088s
 1197534 637556     cutoff   72      8261.00000 7812.37608  5.43%   263 18110s
 1200357 639356 7876.75213  122  264 8261.00000 7812.66954  5.43%   263 18136s
 1204148 641168 7829.19045   65  268 8261.00000 7812.95609  5.42%   263 18160s
 1207780 642620     cutoff   83      8261.00000 7813.19656  5.42%   263 18183s
 1210873 644229 7881.91972  140  403 8261.00000 7813.43307  5.42%   263 18207s
 1214296 645821 7891.79108  113  241 8261.00000 7813.68445  5.41%   263 18229s
 1217303 647589 7867.23187   76  282 8261.00000 7813.71824  5.41%   263 18251s
 1220722 649217 7884.65366   60  208 8261.00000 7814.21642  5.41%   262 18274s
 1223810 650718 7880.96511   92   60 8261.00000 7814.47552  5.41%   262 18295s
 1226718 652035 7887.42103  109  222 8261.00000 7814.69292  5.40%   262 18318s
 1229640 653369 7871.17400  101  302 8261.00000 7814.98090  5.40%   262 18342s
 1232939 653675 7888.82351  123  320 8261.00000 7815.18143  5.40%   262 18367s
 1233735 655117     cutoff  124      8261.00000 7815.24008  5.40%   262 18392s
 1236990 656715 7821.08736   74  315 8261.00000 7815.50669  5.39%   262 18417s
 1240833 658532 7875.20014   93  196 8261.00000 7815.80808  5.39%   262 18443s
 1244339 659952 7831.49440  100  278 8261.00000 7815.98874  5.39%   262 18464s
 1247673 661624 7959.45584  133  451 8261.00000 7816.12793  5.39%   261 18537s
 1251009 663896 7932.18238   87  511 8261.00000 7816.40821  5.38%   262 18608s
 1254793 666141 infeasible  105      8261.00000 7817.49827  5.37%   263 18674s
 1258177 668500 7953.08240   83  465 8261.00000 7817.60293  5.37%   263 18740s
 1261761 670731 7976.86113   56  519 8261.00000 7818.34977  5.36%   264 18803s
 1265014 672484 7950.55601   72  435 8261.00000 7818.43709  5.36%   264 18869s
 1268348 673858 8016.51788  109  442 8261.00000 7819.02779  5.35%   265 18934s
 1271216 674840 7944.66336  128  482 8261.00000 7819.37071  5.35%   265 19000s
 1273892 677073 8016.80354   96  272 8261.00000 7819.77224  5.34%   266 19075s
 1277702 679205 7921.62523   59  473 8261.00000 7820.49301  5.33%   266 19137s
 1280954 680913 7945.34484   59  683 8261.00000 7820.86027  5.33%   267 19199s
 1281149 680913 8008.16027   94  478 8261.00000 7820.86027  5.33%   267 19200s
 1284574 682835 7866.83764   70  437 8261.00000 7821.41801  5.32%   267 19260s
 1287742 684461 8000.36792   64  444 8261.00000 7821.52286  5.32%   267 19321s
 1290847 685471 7928.06260  100  457 8261.00000 7821.85377  5.32%   268 19384s
 1293312 686447 7961.97777   97  419 8261.00000 7821.88077  5.32%   268 19454s
 1295230 687322 7962.96450   98  462 8261.00000 7822.51982  5.31%   268 19526s
 1296768 688684 7964.40660   99  466 8261.00000 7822.66045  5.31%   269 19605s
 1299714 691143 7939.53322  116  429 8261.00000 7822.83844  5.30%   269 19635s
 1303694 693871 7915.73844   86  399 8261.00000 7823.01295  5.30%   269 19657s
 1307351 696109 7838.46187   60  412 8261.00000 7823.21973  5.30%   269 19678s
 1310275 699164 7850.18369   97  388 8261.00000 7823.33737  5.30%   268 19700s
 1314228 701713 7860.11622   75  409 8261.00000 7823.35976  5.30%   268 19721s
 1317642 704627 7922.11298   54  277 8261.00000 7823.51195  5.30%   268 19742s
 1321219 707101 7936.38636  150  319 8261.00000 7823.71721  5.29%   267 19762s
 1324530 709082 7952.20377   69  372 8261.00000 7823.86432  5.29%   267 19782s
 1327724 711284 7866.93566   78  399 8261.00000 7823.98197  5.29%   267 19802s
 1330921 711352 7833.81529   76  433 8261.00000 7824.12318  5.29%   266 19831s
 1330999 734652 7835.74811   77  402 8261.00000 7824.12318  5.29%   266 20025s
 1362999 736003 7857.92332  119  209 8261.00000 7825.23512  5.27%   264 20048s
 1366084 737673 7888.08370  116  244 8261.00000 7825.50629  5.27%   264 20072s
 1369552 739152 7868.61566   79  294 8261.00000 7825.90616  5.27%   263 20094s
 1371198 739152 7862.30564   86  227 8261.00000 7825.91992  5.27%   263 20095s
 1372902 740482 7880.69642   91  338 8261.00000 7826.16508  5.26%   263 20118s
 1375862 742296     cutoff   67      8261.00000 7826.35653  5.26%   263 20142s
 1379288 743800 7850.34688   71  233 8261.00000 7826.60578  5.26%   263 20165s
 1382842 745227 7896.06310  200  347 8261.00000 7826.85252  5.26%   263 20188s
 1386153 746669     cutoff   75      8261.00000 7827.15056  5.25%   263 20214s
 1389457 747943 7868.34053   98  256 8261.00000 7827.38368  5.25%   263 20236s
 1392700 749219 7871.33467   86  265 8261.00000 7827.60919  5.25%   263 20259s
 1395597 750930 7888.95757   85  322 8261.00000 7827.63931  5.25%   263 20283s
 1399359 752485 7881.56151  131  272 8261.00000 7828.08707  5.24%   262 20306s
 1402675 753926 7885.76607  101  238 8261.00000 7828.26733  5.24%   262 20330s
 1405875 755207     cutoff  125      8261.00000 7828.45834  5.24%   262 20353s
 1409153 756493 7834.18459  101  306 8261.00000 7828.79869  5.23%   262 20375s
 1412367 757992 7843.99085   98  354 8261.00000 7828.98789  5.23%   262 20398s
 1415802 759935 7989.97489  105  486 8261.00000 7829.29619  5.23%   262 20477s
 1419032 762534     cutoff   54      8261.00000 7829.97892  5.22%   262 20552s
 1422918 763478 7916.76518   55  515 8261.00000 7830.29678  5.21%   263 20611s
 1424344 764686 7995.33807   94  508 8261.00000 7830.29678  5.21%   263 20689s
 1428261 767077 7858.19538   66  680 8261.00000 7831.13472  5.20%   264 20759s
 1431753 768868 7976.62432  186  606 8261.00000 7831.43146  5.20%   264 20832s
 1434484 771484 7859.58636   49  607 8261.00000 7831.88176  5.19%   264 20903s
 1438577 773235 7998.42740   65  486 8261.00000 7832.16976  5.19%   265 20971s
 1442269 775673 infeasible   77      8261.00000 7832.75667  5.18%   265 21043s
 1445554 778292 8005.75668   63  455 8261.00000 7833.01272  5.18%   266 21108s
 1449218 780671     cutoff  110      8261.00000 7833.26814  5.18%   266 21182s
 1452924 783005 7933.47758   52  544 8261.00000 7833.58098  5.17%   266 21246s
 1456401 784783 7971.99665   83  551 8261.00000 7834.13490  5.17%   267 21308s
 1459464 787037 7998.69279   83  470 8261.00000 7834.53437  5.16%   267 21371s
 1463110 787240 8019.93468   91  515 8261.00000 7835.05764  5.16%   268 21431s
 1463398 788611 8020.69743   92  501 8261.00000 7835.10699  5.16%   268 21495s
 1465557 790839 7987.74696   96  478 8261.00000 7835.10699  5.16%   268 21565s
H1469293 790839                    8260.0000000 7835.48052  5.14%   268 21565s
 1469293 794346     cutoff   81      8260.00000 7835.48052  5.14%   268 21595s
 1473696 796700 7908.24009   88  298 8260.00000 7835.84012  5.14%   268 21614s
 1476946 799098 7892.30159   50  477 8260.00000 7835.89940  5.13%   268 21634s
 1480141 801723 7916.55497   58  420 8260.00000 7836.05928  5.13%   267 21653s
 1483553 803893 7974.83230   77  272 8260.00000 7836.19092  5.13%   267 21672s
 1486660 806033 7871.71556   65  422 8260.00000 7836.29268  5.13%   267 21692s
 1489624 808582 7897.22673   89  300 8260.00000 7836.29268  5.13%   267 21713s
 1493063 811406 7944.77008  127  364 8260.00000 7836.40549  5.13%   266 21733s
 1496522 813420 7874.26694   89  339 8260.00000 7836.63309  5.13%   266 21752s
 1499413 815758 7871.91341   72  367 8260.00000 7836.75774  5.12%   266 21782s
 1503186 817766 7939.00060   60  384 8260.00000 7836.77403  5.12%   266 21805s
 1506591 820565 7947.90141   97  360 8260.00000 7836.91847  5.12%   266 21826s
 1510413 823337     cutoff  135      8260.00000 7837.00022  5.12%   265 21848s
 1514100 825764 7840.09758   53  379 8260.00000 7837.08140  5.12%   265 21868s
 1517279 828370 7965.10409  104  374 8260.00000 7837.25684  5.12%   265 21889s
 1520497 829321     cutoff  118      8260.00000 7837.29305  5.12%   264 21914s
 1523330 830619 7886.96321  129  339 8260.00000 7837.35009  5.12%   264 21940s
 1526933 832198 7900.06917   70  130 8260.00000 7837.71453  5.11%   264 21965s
 1530465 833692 7876.15650  113  330 8260.00000 7838.01503  5.11%   264 21990s
 1534117 834964 7908.18543   65  258 8260.00000 7838.21991  5.11%   264 22014s
 1537371 836154 infeasible   87      8260.00000 7838.36265  5.10%   264 22037s
 1540161 837433     cutoff   61      8260.00000 7838.69533  5.10%   264 22061s
 1543082 838797 7902.32856   72  220 8260.00000 7838.94933  5.10%   264 22086s
 1546529 840199     cutoff   98      8260.00000 7839.07716  5.10%   264 22111s
 1550073 841651 7868.55276   70  307 8260.00000 7839.35181  5.09%   264 22136s
 1553402 843028 7898.58607  103  274 8260.00000 7839.56868  5.09%   264 22159s
 1556548 844334 7877.91772  132  309 8260.00000 7839.78422  5.09%   263 22182s
 1560053 845472 7876.51583   84  147 8260.00000 7840.01947  5.08%   263 22204s
 1563400 846729 infeasible   76      8260.00000 7840.24856  5.08%   263 22227s
 1566957 847935 7870.15070  104  219 8260.00000 7840.35651  5.08%   263 22249s
 1570102 849282 7858.25763  118  214 8260.00000 7840.70122  5.08%   263 22271s
 1573445 851432 7978.95276  138  633 8260.00000 7840.87029  5.07%   263 22344s
 1577027 853563 7935.11899  130  507 8260.00000 7841.42353  5.07%   263 22410s
 1580472 855992 7910.72598  124  540 8260.00000 7841.97130  5.06%   264 22474s
 1583851 858478 7971.98686   99  547 8260.00000 7842.06550  5.06%   264 22548s
 1588026 860491     cutoff   54      8260.00000 7842.50759  5.05%   264 22604s
 1591215 862780 infeasible   77      8260.00000 7842.93839  5.05%   265 22661s
 1594551 864624 8018.79268   79  486 8260.00000 7843.10996  5.05%   265 22718s
 1598023 866395 infeasible  119      8260.00000 7843.26063  5.05%   265 22773s
 1601133 868465 7988.13625  145  650 8260.00000 7843.52884  5.04%   266 22830s
 1604341 870027 infeasible   86      8260.00000 7843.83159  5.04%   266 22887s
 1607527 871887 8040.20258   98  408 8260.00000 7844.20318  5.03%   266 22946s
 1610694 874002 7931.26865   78  495 8260.00000 7844.57633  5.03%   267 23004s
 1614069 875640     cutoff  155      8260.00000 7845.18571  5.02%   267 23078s
 1618091 876982 7940.57730   61  372 8260.00000 7845.53947  5.02%   267 23138s
 1621392 878783     cutoff   90      8260.00000 7845.62430  5.02%   268 23197s
 1624633 881716 infeasible  106      8260.00000 7845.95934  5.01%   268 23224s
 1628621 883596 7943.44746   46  345 8260.00000 7846.05980  5.01%   268 23246s
 1631777 885870 7958.77921   91  434 8260.00000 7846.13708  5.01%   267 23268s
 1635296 889247 7940.57109  101  436 8260.00000 7846.28244  5.01%   267 23296s
 1639664 889360 7889.06260   95  412 8260.00000 7846.50145  5.01%   267 23316s
 1639817 891214 7894.83506   96  390 8260.00000 7846.50407  5.01%   267 23337s
 1642297 894160 7933.76679  109  430 8260.00000 7846.51028  5.01%   267 23361s
 1646266 896953 7987.75129   82  339 8260.00000 7846.68966  5.00%   266 23382s
 1650005 899547 7987.62443   75  384 8260.00000 7846.78178  5.00%   266 23403s
 1653431 902100 7921.59747  132  407 8260.00000 7846.90049  5.00%   266 23424s
 1656772 904528 7871.67700   81  353 8260.00000 7846.98189  5.00%   266 23445s
 1659942 906384 7950.22833  130  290 8260.00000 7846.98189  5.00%   265 23466s
 1663021 908574     cutoff   60      8260.00000 7846.98790  5.00%   265 23487s
 1666236 911196 7969.73246  147  332 8260.00000 7847.18838  5.00%   265 23516s
 1669891 913917 7944.71344   73  319 8260.00000 7847.23278  5.00%   265 23538s
 1673457 916524 7867.92222   74  359 8260.00000 7847.24587  5.00%   265 23560s
 1676972 917801 7902.86503  110  206 8260.00000 7847.39672  5.00%   265 23583s
 1680132 918333 7891.47618  158  188 8260.00000 7847.61478  4.99%   264 23607s
 1681664 919097 7908.60243  147  264 8260.00000 7847.61512  4.99%   264 23635s
 1683525 919570     cutoff   84      8260.00000 7847.70829  4.99%   264 23660s
 1684698 922130 7897.80544  128  466 8260.00000 7847.75304  4.99%   264 23719s
 1691270 924206 7879.84081  139  320 8260.00000 7848.25888  4.98%   264 23753s
 1696157 926023 7895.58394   72  294 8260.00000 7848.63298  4.98%   264 23782s
 1700709 927641 7883.43978   65  366 8260.00000 7848.84633  4.98%   264 23809s
 1704636 929038 7907.07924  120  454 8260.00000 7848.92848  4.98%   264 23833s
 1707937 930496 7900.44846  173  286 8260.00000 7849.37934  4.97%   264 23858s
 1711435 932011 7883.97508   70  406 8260.00000 7849.53157  4.97%   264 23883s
 1715120 933375 7882.89734   95  386 8260.00000 7849.85803  4.97%   263 23909s
 1718469 934597 infeasible   67      8260.00000 7850.15972  4.96%   263 23932s
 1721813 935828 7873.63137   92  361 8260.00000 7850.35651  4.96%   263 23954s
 1724765 937220 7892.90892   61  260 8260.00000 7850.52697  4.96%   263 23979s
 1728361 939381 8049.32115  136  472 8260.00000 7850.71322  4.96%   263 24049s
 1732093 941045 7929.06974   44  456 8260.00000 7850.71322  4.96%   263 24111s
 1735578 943108 7991.73150  119  532 8260.00000 7851.21538  4.95%   264 24171s
 1738957 944691 7986.27229  136  470 8260.00000 7851.81204  4.94%   264 24230s
 1742092 946706 7949.27878   52  499 8260.00000 7851.81204  4.94%   264 24290s
 1745567 948667 infeasible   87      8260.00000 7852.48763  4.93%   265 24350s
 1748719 950932 8025.58892   92  434 8260.00000 7852.49095  4.93%   265 24424s
 1752368 952248 7964.24804   73  471 8260.00000 7852.90225  4.93%   265 24484s
 1754218 954293 8007.31780   85  377 8260.00000 7853.24919  4.92%   265 24560s
 1758287 956349 7968.79040   64  510 8260.00000 7853.41518  4.92%   266 24630s
 1762021 958624 8004.37921  131  499 8260.00000 7853.81835  4.92%   266 24696s
 1765543 959916 8011.89983   63  432 8260.00000 7854.08696  4.91%   267 24764s
 1767951 961958 7902.96548   60  417 8260.00000 7854.39427  4.91%   267 24833s
 1771436 963640 7990.98306   54  478 8260.00000 7854.57295  4.91%   267 24902s
 1775189 965758 7940.97364   88  570 8260.00000 7854.79091  4.91%   268 24968s
 1778695 968942     cutoff   48      8260.00000 7855.23724  4.90%   268 24993s
 1782775 971299 7942.02997  145  358 8260.00000 7855.31545  4.90%   268 25014s
 1785968 973003 7893.26190   97  452 8260.00000 7855.31545  4.90%   268 25034s
 1788777 975474 7923.07220   53  409 8260.00000 7855.48226  4.90%   267 25056s
 1792314 977943 7863.84145   70  449 8260.00000 7855.52631  4.90%   267 25077s
 1795664 980080 7915.05953   50  381 8260.00000 7855.68101  4.89%   267 25099s
 1799136 982997 7924.12858   94  417 8260.00000 7855.70698  4.89%   267 25127s
 1803289 985425 7866.24022   52  384 8260.00000 7855.89991  4.89%   267 25147s
 1806566 987743 7925.87008   72  376 8260.00000 7855.96586  4.89%   266 25166s
 1809824 990171 7901.87932   53  453 8260.00000 7856.04385  4.89%   266 25185s
 1813054 992713 7981.30226   98  354 8260.00000 7856.15334  4.89%   266 25204s
 1816368 995185     cutoff   66      8260.00000 7856.23239  4.89%   266 25223s
 1819551 996679 7990.69540   71  425 8260.00000 7856.25253  4.89%   265 25243s
 1822306 998077 7990.38805   50  276 8260.00000 7856.35238  4.89%   265 25264s
 1825208 1000432 7960.05686   81  419 8260.00000 7856.42762  4.89%   265 25284s
 1828482 1003799 7893.87983   68  357 8260.00000 7856.54864  4.88%   265 25312s
 1832761 1005119 7883.31633  107  260 8260.00000 7856.69500  4.88%   265 25336s
 1835795 1006512     cutoff   64      8260.00000 7856.88873  4.88%   265 25360s
 1839688 1007784     cutoff  127      8260.00000 7857.14833  4.88%   265 25384s
 1842834 1009332 7902.00873   89  342 8260.00000 7857.22528  4.88%   265 25408s
 1845929 1010439 7879.95337   68  320 8260.00000 7857.37865  4.87%   264 25431s
 1849327 1011716 7905.40285   68  219 8260.00000 7857.65522  4.87%   264 25457s
 1852551 1012972 7872.78716  134  247 8260.00000 7857.81738  4.87%   264 25481s
 1855798 1014523 7904.48023   62  301 8260.00000 7857.96058  4.87%   264 25505s
 1859464 1015531 7908.43670  133  386 8260.00000 7858.11050  4.87%   264 25527s
 1862632 1016845 7890.57783  127  361 8260.00000 7858.31234  4.86%   264 25550s
 1865893 1017724 7898.44092  112  264 8260.00000 7858.51688  4.86%   264 25572s
 1867917 1019411 7894.87802   74  295 8260.00000 7858.68993  4.86%   264 25597s
 1871789 1020632 7873.52575  113  148 8260.00000 7858.84321  4.86%   264 25621s
 1875119 1021848 7872.12687   58  315 8260.00000 7858.99863  4.85%   264 25645s
 1878511 1023237 7880.41245  113  270 8260.00000 7859.25077  4.85%   264 25671s
 1882097 1024466 7918.10728   79  223 8260.00000 7859.42702  4.85%   263 25692s
 1885192 1026341 7988.21569   60  458 8260.00000 7859.63231  4.85%   263 25765s
 1888405 1028562 7881.95849  111  595 8260.00000 7859.76358  4.85%   264 25837s
 1891919 1030628 7991.61526  225  612 8260.00000 7860.17113  4.84%   264 25906s
 1895325 1032681     cutoff   46      8260.00000 7860.40422  4.84%   265 25974s
 1898732 1034860 8040.73265   67  423 8260.00000 7860.83367  4.83%   265 26040s
 1902196 1037089 7936.38817  132  590 8260.00000 7861.05887  4.83%   265 26107s
 1905848 1039154 8041.07530   78  478 8260.00000 7861.49485  4.82%   266 26171s
 1909458 1041221 7966.29830  104  491 8260.00000 7862.01500  4.82%   266 26233s
 1912745 1042912 7985.96331   94  443 8260.00000 7862.32354  4.81%   266 26297s
 1916181 1044923 7876.02357   86  525 8260.00000 7862.45810  4.81%   266 26370s
 1920066 1046482 7974.71928   90  449 8260.00000 7862.94073  4.81%   267 26430s
 1923304 1048251 7966.32530  141  539 8260.00000 7863.25570  4.80%   267 26490s
 1926548 1049839 8035.48742  107  479 8260.00000 7863.51369  4.80%   267 26550s
 1929676 1051389 7982.85194   57  463 8260.00000 7863.89733  4.80%   268 26611s
 1933248 1053207 7997.06077   60  527 8260.00000 7864.06872  4.79%   268 26670s
 1936555 1056303 7923.61139   99  426 8260.00000 7864.33100  4.79%   268 26694s
 1940679 1059004 7898.51397   99  454 8260.00000 7864.38079  4.79%   268 26713s
 1944135 1061470 7909.24982   93  350 8260.00000 7864.38079  4.79%   268 26732s
 1947442 1063498 7920.43881   97  472 8260.00000 7864.58943  4.79%   267 26752s
 1950380 1065404 7907.83771   82  375 8260.00000 7864.64019  4.79%   267 26771s
 1953071 1067531 7946.49534   80  371 8260.00000 7864.70642  4.79%   267 26792s
 1956408 1069951 7901.27783   77  375 8260.00000 7864.78000  4.78%   267 26813s
 1959920 1072109 7909.11641   80  411 8260.00000 7864.87792  4.78%   267 26833s
 1963076 1075041 7917.31588  105  403 8260.00000 7864.88741  4.78%   267 26860s
 1967181 1077666 7969.02847   61  340 8260.00000 7865.02044  4.78%   266 26878s
 1970455 1080260 7974.45593  114  454 8260.00000 7865.12579  4.78%   266 26898s
 1973811 1082760     cutoff   55      8260.00000 7865.18276  4.78%   266 26918s
 1977246 1084844     cutoff  108      8260.00000 7865.23655  4.78%   266 26936s
 1980535 1086925 7981.70867  116  381 8260.00000 7865.34140  4.78%   266 26956s
 1983611 1088472 7937.01544   77  328 8260.00000 7865.42873  4.78%   265 26976s
 1986231 1090527 7964.15748   98  348 8260.00000 7865.51144  4.78%   265 26996s
 1989205 1091727 7879.89984  117  264 8260.00000 7865.51144  4.78%   265 27019s
 1992323 1093216 7904.61412   65  274 8260.00000 7865.67019  4.77%   265 27043s
 1996206 1094331     cutoff   85      8260.00000 7865.87399  4.77%   265 27065s
 1999398 1095639 7885.71385  100  411 8260.00000 7866.04848  4.77%   265 27088s
 2002805 1096970     cutoff   88      8260.00000 7866.21456  4.77%   265 27111s
 2006201 1097123 7897.06892  112  234 8260.00000 7866.29642  4.77%   265 27134s
 2006585 1098362 7889.59269   87  289 8260.00000 7866.42535  4.76%   265 27158s
 2009529 1099614     cutoff  120      8260.00000 7866.56297  4.76%   265 27183s
 2013138 1101243 7902.87247   85  268 8260.00000 7866.72480  4.76%   265 27209s
 2016854 1102293     cutoff  100      8260.00000 7866.97029  4.76%   264 27229s
 2019809 1103585 7926.47295   94  247 8260.00000 7867.09047  4.76%   264 27251s
 2023037 1104657 7908.28758  105  349 8260.00000 7867.29073  4.75%   264 27273s
 2026517 1105993 7914.88376   74  355 8260.00000 7867.43495  4.75%   264 27295s
 2029695 1107243 7922.16023   81  191 8260.00000 7867.64457  4.75%   264 27316s
 2032857 1108540 7918.05732   80  335 8260.00000 7867.82075  4.75%   264 27339s
 2036208 1109773 7888.54212   89  304 8260.00000 7867.98509  4.75%   264 27360s
 2039036 1110865 7919.38409  113  325 8260.00000 7868.06281  4.75%   264 27382s
 2042406 1112638 7937.37504   46  479 8260.00000 7868.33211  4.74%   264 27452s
 2045475 1114810 8040.95981  140  515 8260.00000 7868.60257  4.74%   264 27527s
 2049412 1116856     cutoff   63      8260.00000 7869.17376  4.73%   264 27594s
 2052832 1117731 7898.99789   50  544 8260.00000 7869.56116  4.73%   265 27665s
 2054515 1121554 8022.30922   97  412 8260.00000 7869.56896  4.73%   265 27797s
 2061641 1123322 7922.86450   46  493 8260.00000 7870.34006  4.72%   266 27868s
 2065347 1124940 8044.02833   72  374 8260.00000 7870.69306  4.71%   266 27937s
 2068942 1126562     cutoff   99      8260.00000 7870.94107  4.71%   266 28004s
 2072054 1128433     cutoff  167      8260.00000 7871.17328  4.71%   266 28073s
 2075326 1130264 7931.82014   49  356 8260.00000 7871.70302  4.70%   267 28139s
 2078989 1132227 8053.12821   99  532 8260.00000 7871.90092  4.70%   267 28205s
 2082356 1134686 8015.94025  135  547 8260.00000 7872.09563  4.70%   267 28277s
 2086216 1136494 infeasible   84      8260.00000 7872.38299  4.69%   268 28337s
 2089365 1138266 7982.61698   54  583 8260.00000 7872.87745  4.69%   268 28398s
 2092540 1141115 7944.90483   92  342 8260.00000 7873.19818  4.68%   268 28423s
 2096545 1144283 7970.87466   77  213 8260.00000 7873.28383  4.68%   268 28449s
 2100914 1146579 7948.35727   75  335 8260.00000 7873.40052  4.68%   268 28467s
 2103801 1148707 7995.85093  120  242 8260.00000 7873.43727  4.68%   267 28487s
 2106604 1151103 7973.99205   93  387 8260.00000 7873.52115  4.68%   267 28507s
 2109826 1153584 7951.23396   46  376 8260.00000 7873.58076  4.68%   267 28526s
 2113045 1155804 7975.44836   53  396 8260.00000 7873.60237  4.68%   267 28546s
 2116177 1157483 7958.17799   82  404 8260.00000 7873.70838  4.68%   267 28566s
 2119315 1159719     cutoff  104      8260.00000 7873.78338  4.68%   267 28587s
 2122833 1162131 7899.12210   63  290 8260.00000 7873.81624  4.68%   267 28607s
 2126056 1164160 8007.27444   88  360 8260.00000 7873.91403  4.67%   266 28635s
 2129648 1166509 8008.97944   79  340 8260.00000 7873.98395  4.67%   266 28656s
 2133298 1168966 7985.55354   55  472 8260.00000 7873.99357  4.67%   266 28677s
 2136812 1171429     cutoff   82      8260.00000 7874.15020  4.67%   266 28696s
 2140131 1173872 7957.41897  117  354 8260.00000 7874.23539  4.67%   266 28716s
 2143314 1174700 7909.53938  110  210 8260.00000 7874.29308  4.67%   265 28742s
 2146356 1176244 7893.24642   81  241 8260.00000 7874.41115  4.67%   265 28766s
 2150348 1177252 7895.64854  109  374 8260.00000 7874.64644  4.67%   265 28789s
 2153531 1178695     cutoff  130      8260.00000 7874.75371  4.66%   265 28812s
 2157284 1179745 7886.65214   95  234 8260.00000 7874.93396  4.66%   265 28834s
 2158861 1179745 7929.12222  107  169 8260.00000 7874.95311  4.66%   265 28835s
 2160505 1181011 7907.18539   98  281 8260.00000 7875.06795  4.66%   265 28856s
 2163404 1181663 7914.89401   70  340 8260.00000 7875.22299  4.66%   265 28879s
 2165254 1182860 7924.07234   92  139 8260.00000 7875.37130  4.66%   265 28904s
 2169145 1184121     cutoff   77      8260.00000 7875.46379  4.66%   265 28928s
 2172539 1185236 7899.07514   77  198 8260.00000 7875.68318  4.65%   265 28953s
 2175923 1186461     cutoff  114      8260.00000 7875.88069  4.65%   265 28974s
 2178900 1187925 7908.85096   66  294 8260.00000 7875.98599  4.65%   265 28998s
 2182540 1189110 7887.20160   75  344 8260.00000 7876.23651  4.65%   264 29021s
 2186052 1190302 7904.88593   46  292 8260.00000 7876.37391  4.64%   264 29043s
 2189217 1191695 7901.83385  106  296 8260.00000 7876.52767  4.64%   264 29065s
 2192644 1193051 7929.93105  134  133 8260.00000 7876.64659  4.64%   264 29087s
 2196175 1194665     cutoff   70      8260.00000 7876.84517  4.64%   264 29155s
 2198894 1197163 8053.34771   93  577 8260.00000 7877.01696  4.64%   264 29237s
 2203137 1199017 7978.83802   78  464 8260.00000 7877.40050  4.63%   265 29307s
 2206794 1199351 7966.00601  150  574 8260.00000 7877.52778  4.63%   265 29375s
 2207627 1201243 7973.16446  158  571 8260.00000 7877.78008  4.63%   265 29449s
 2211577 1203417 8054.49825   58  455 8260.00000 7878.26874  4.62%   265 29520s
 2215167 1205567 7887.70721   86  663 8260.00000 7878.37084  4.62%   266 29592s
 2218652 1207149 7976.04750  188  525 8260.00000 7878.81490  4.61%   266 29657s
 2222285 1208752 8046.97489   61  513 8260.00000 7879.40917  4.61%   266 29720s
 2225404 1210609 8029.89787   66  413 8260.00000 7879.50107  4.61%   266 29783s
 2228814 1212346 8043.53024  125  598 8260.00000 7879.81451  4.60%   267 29845s
 2232161 1213977 8008.80330  198  501 8260.00000 7879.96196  4.60%   267 29907s
 2235629 1215438 8032.79343  126  329 8260.00000 7880.23397  4.60%   267 29968s
 2238712 1216965 7921.03020   85  507 8260.00000 7880.59698  4.59%   267 30029s
 2241673 1218462 8040.22462  205  574 8260.00000 7880.81008  4.59%   268 30092s
 2244713 1220570 7923.32313   50  565 8260.00000 7881.01169  4.59%   268 30165s
 2248285 1223620 7953.55284  107  346 8260.00000 7881.03003  4.59%   268 30189s
 2252484 1225989 7997.46286  142  415 8260.00000 7881.10560  4.59%   268 30208s
 2255677 1228193 7896.87157   91  372 8260.00000 7881.20383  4.59%   268 30226s
 2258648 1230595 7911.31776   98  424 8260.00000 7881.27794  4.59%   268 30245s
 2261661 1233722 7958.59809   63  394 8260.00000 7881.35162  4.58%   268 30272s
 2265932 1235913 7917.60653   73  362 8260.00000 7881.40778  4.58%   267 30290s
 2268964 1237849 7995.03744   95  367 8260.00000 7881.47991  4.58%   267 30309s
 2271772 1239941 7942.49753   70  363 8260.00000 7881.54804  4.58%   267 30329s
 2274852 1242611 7978.78229  114  384 8260.00000 7881.56977  4.58%   267 30349s
 2278335 1245105 7895.55691   75  400 8260.00000 7881.62201  4.58%   267 30369s
 2281608 1247014 7935.61378   65  376 8260.00000 7881.63885  4.58%   267 30389s
 2284531 1249180 7893.11422   50  407 8260.00000 7881.75355  4.58%   266 30410s
 2287736 1250981 7960.19800   64  291 8260.00000 7881.75355  4.58%   266 30430s
 2290702 1254057 7973.92193   87  309 8260.00000 7881.84022  4.58%   266 30456s
 2294688 1254081 7944.97254   50  405 8260.00000 7881.93785  4.58%   266 30478s
 2294727 1254110 7977.37080   52  312 8260.00000 7881.93785  4.58%   266 30499s
 2294762 1254378 7943.99925   52  286 8260.00000 7881.93785  4.58%   266 30520s
 2295131 1256830 7977.37080   51  310 8260.00000 7881.93967  4.58%   266 30544s
 2298185 1260534 7986.30890   68  351 8260.00000 7881.95860  4.58%   266 30570s
 2302790 1261657     cutoff  105      8260.00000 7882.07260  4.58%   266 30592s
 2305990 1263073     cutoff  126      8260.00000 7882.13369  4.57%   265 30615s
 2309347 1264357 7930.79853   48  214 8260.00000 7882.29704  4.57%   265 30641s
 2312951 1265460 7914.57949   69  185 8260.00000 7882.54559  4.57%   265 30662s
 2316119 1266508 7915.75733  105  318 8260.00000 7882.71361  4.57%   265 30683s
 2319284 1267963 7902.60541   59  125 8260.00000 7882.79844  4.57%   265 30704s
 2319780 1267963 7923.31170  125  323 8260.00000 7882.81636  4.57%   265 30705s
 2322553 1269191 7916.63531  112  204 8260.00000 7882.93336  4.56%   265 30726s
 2325829 1270494 7892.65361   72  249 8260.00000 7883.06722  4.56%   265 30747s
 2329150 1271686     cutoff  114      8260.00000 7883.22162  4.56%   265 30769s
 2332242 1272750 7907.88916   53  330 8260.00000 7883.35528  4.56%   265 30791s
 2335673 1273688 7915.25915   68  244 8260.00000 7883.48908  4.56%   265 30812s
 2338947 1275171 7916.98986  105  369 8260.00000 7883.59912  4.56%   265 30838s
 2342361 1276521 7906.60251   77  281 8260.00000 7883.75294  4.56%   265 30860s
 2345798 1277794 7931.87946   99  315 8260.00000 7883.92494  4.55%   264 30882s
 2349247 1278816 infeasible   92      8260.00000 7884.04415  4.55%   264 30904s
 2352337 1279983 7917.24455   96  354 8260.00000 7884.19384  4.55%   264 30926s
 2355674 1281279 8023.81598   75  460 8260.00000 7884.58404  4.54%   264 30995s
 2358312 1283614 7940.41346   64  484 8260.00000 7884.76400  4.54%   264 31080s
 2362700 1285645 8007.17465  123  452 8260.00000 7885.10168  4.54%   265 31149s
 2366406 1288193 8049.81727  103  549 8260.00000 7885.31522  4.54%   265 31216s
 2370231 1289346 8037.82286  185  468 8260.00000 7885.49080  4.53%   265 31278s
 2372057 1291744 8041.38643  193  526 8260.00000 7885.73460  4.53%   265 31348s
 2375699 1293595 7911.24494  116  563 8260.00000 7886.15030  4.53%   265 31416s
 2379621 1295203 7935.84643   57  583 8260.00000 7886.36586  4.52%   266 31481s
 2383084 1297138 infeasible  108      8260.00000 7886.36586  4.52%   266 31552s
 2386851 1298823 8038.18887   79  552 8260.00000 7886.73818  4.52%   266 31612s
 2389929 1300632 7910.55189   59  630 8260.00000 7887.01442  4.52%   266 31673s
 2393208 1302689 8048.21666   60  519 8260.00000 7887.36732  4.51%   267 31735s
 2396400 1304313 8017.04846  170  412 8260.00000 7887.78742  4.51%   267 31797s
 2399722 1306242 7973.01288  133  640 8260.00000 7887.94884  4.50%   267 31858s
 2402858 1307926 7919.11178   50  633 8260.00000 7888.22980  4.50%   267 31919s
 2403317 1307926 8041.87159  101  487 8260.00000 7888.22980  4.50%   267 31920s
 2405519 1309929 8055.44987   93  480 8260.00000 7888.56971  4.50%   268 31985s
 2408552 1312964 7986.27096  127  400 8260.00000 7888.73830  4.49%   268 32009s
 2412413 1315299 7967.98984   95  442 8260.00000 7888.81542  4.49%   268 32029s
 2415522 1318068 7950.37154   71  408 8260.00000 7888.81542  4.49%   267 32049s
 2418980 1320471 7902.21512   72  412 8260.00000 7888.93936  4.49%   267 32069s
 2422486 1322697 7985.38311   70  424 8260.00000 7889.01217  4.49%   267 32089s
 2425620 1325864 8022.73026  110  441 8260.00000 7889.08705  4.49%   267 32115s
 2429768 1328360 7990.88290  102  318 8260.00000 7889.10592  4.49%   267 32133s
 2433097 1330721 8020.75430  118  358 8260.00000 7889.21750  4.49%   267 32151s
 2436103 1333069 8013.52326   95  319 8260.00000 7889.24469  4.49%   266 32171s
 2439249 1335094 7953.27361   55  349 8260.00000 7889.33534  4.49%   266 32190s
 2442417 1337184 7967.69243   60  391 8260.00000 7889.39079  4.49%   266 32210s
 2445453 1339584 7960.71920   97  382 8260.00000 7889.47743  4.49%   266 32229s
 2448694 1340923     cutoff   88      8260.00000 7889.54037  4.48%   266 32250s
 2450765 1342643 7976.31820   94  372 8260.00000 7889.54617  4.48%   266 32272s
 2452960 1345597 7996.92312   70  399 8260.00000 7889.62078  4.48%   266 32294s
 2454947 1345597 7954.44422  115  388 8260.00000 7889.62078  4.48%   265 32295s
 2456710 1348431 7970.18369  111  417 8260.00000 7889.68373  4.48%   265 32320s
 2460748 1349403 7917.86803   80  261 8260.00000 7889.69323  4.48%   265 32343s
 2463749 1350787 7901.09243   94  156 8260.00000 7889.78578  4.48%   265 32368s
 2467495 1352004     cutoff   94      8260.00000 7890.00604  4.48%   265 32391s
 2471081 1352633 7928.13606  154  411 8260.00000 7890.15511  4.48%   265 32414s
 2473033 1353901 7933.97538  153  171 8260.00000 7890.24905  4.48%   265 32440s
 2476636 1354997 7905.55998  140  288 8260.00000 7890.37341  4.47%   265 32461s
 2479843 1355933 7942.48780  109  193 8260.00000 7890.51586  4.47%   265 32483s
 2483160 1357264     cutoff   65      8260.00000 7890.68626  4.47%   265 32505s
 2486475 1358472 7916.32738   80  279 8260.00000 7890.79649  4.47%   265 32526s
 2489628 1359495 7918.57314  159  181 8260.00000 7890.94358  4.47%   265 32548s
 2493020 1360600 7927.58813   53  242 8260.00000 7891.05861  4.47%   264 32569s
 2496258 1361839 7935.78002   89  219 8260.00000 7891.20837  4.46%   264 32591s
 2499522 1362711 7922.14422   67  279 8260.00000 7891.30543  4.46%   264 32613s
 2502997 1363592 7916.50727   85  302 8260.00000 7891.47790  4.46%   264 32637s
 2506170 1364886 7904.79006  111  378 8260.00000 7891.63965  4.46%   264 32661s
 2509830 1365899 7923.16748   88  317 8260.00000 7891.76098  4.46%   264 32684s
 2513323 1367891 8048.56238   94  540 8260.00000 7891.84262  4.46%   264 32752s
 2516734 1369199     cutoff   73      8260.00000 7892.11935  4.45%   264 32824s
 2520434 1371104 8065.97439  145  472 8260.00000 7892.51030  4.45%   264 32885s
 2523824 1372268 8060.43261  229  485 8260.00000 7892.55047  4.45%   265 32946s
 2526562 1374108 7996.78203   67  542 8260.00000 7892.96849  4.44%   265 33008s
 2529867 1376158 7965.23909   55  533 8260.00000 7893.21067  4.44%   265 33072s
 2533369 1377954 8027.87463  105  456 8260.00000 7893.69823  4.43%   265 33134s
 2536577 1379772 8013.83813   81  503 8260.00000 7893.87234  4.43%   266 33197s
 2539741 1381685     cutoff   57      8260.00000 7894.21841  4.43%   266 33259s
 2542907 1383514 8032.75751  128  520 8260.00000 7894.45649  4.43%   266 33322s
 2546034 1384749     cutoff   52      8260.00000 7894.62872  4.42%   266 33394s
 2548596 1386795     cutoff   54      8260.00000 7894.93196  4.42%   267 33480s
 2553516 1388861 7921.72663   58  572 8260.00000 7895.18981  4.42%   267 33546s
 2557300 1390798 8054.20678  144  411 8260.00000 7895.40258  4.41%   267 33610s
 2560543 1392728 8015.18580   96  546 8260.00000 7895.92423  4.41%   267 33672s
 2563840 1395531 7969.29452   67  293 8260.00000 7896.18512  4.40%   267 33695s
 2567695 1397515 8014.90943  120  298 8260.00000 7896.28814  4.40%   267 33715s
 2570528 1399903 7930.47320   99  390 8260.00000 7896.37661  4.40%   267 33737s
 2573986 1402399 7960.26472  128  456 8260.00000 7896.37661  4.40%   267 33757s
 2577393 1404992 7907.67942   71  430 8260.00000 7896.48570  4.40%   267 33777s
 2580835 1407440 7945.73390   47  352 8260.00000 7896.55371  4.40%   267 33797s
 2584071 1410202 7938.03181   76  407 8260.00000 7896.61658  4.40%   267 33816s
 2587583 1412471 7957.51776   90  473 8260.00000 7896.61684  4.40%   266 33835s
 2590752 1415308 8018.34677  123  329 8260.00000 7896.73884  4.40%   266 33861s
 2594581 1417584 7948.97203   83  380 8260.00000 7896.76958  4.40%   266 33881s
 2598175 1419858 8004.52826   81  350 8260.00000 7896.88055  4.40%   266 33899s
 2601163 1422433 7917.86398   61  347 8260.00000 7896.96339  4.40%   266 33919s
 2604708 1424969 7919.29582   61  357 8260.00000 7896.96410  4.40%   266 33938s
 2608010 1427473 7947.97512   54  364 8260.00000 7897.05203  4.39%   266 33957s
 2611345 1429720 8022.62238   95  348 8260.00000 7897.08724  4.39%   265 33976s
 2614509 1430747     cutoff   77      8260.00000 7897.16199  4.39%   265 33998s
 2617659 1431911     cutoff  160      8260.00000 7897.34741  4.39%   265 34022s
 2621167 1432956 7921.17956   64  293 8260.00000 7897.45844  4.39%   265 34045s
 2624769 1434177 7931.58586  108  434 8260.00000 7897.59808  4.39%   265 34067s
 2628186 1435310     cutoff  104      8260.00000 7897.79001  4.39%   265 34089s
 2631553 1436442 7949.56945   74  296 8260.00000 7897.92323  4.38%   265 34113s
 2634479 1436935 7922.67357  118  334 8260.00000 7898.00961  4.38%   265 34136s
 2635929 1437994 7932.76475   58  167 8260.00000 7898.05616  4.38%   265 34184s
 2638747 1437994 7904.97218   86  223 8260.00000 7898.08293  4.38%   265 34185s
 2639482 1440021 7932.78453   89  315 8260.00000 7898.08293  4.38%   265 34230s
 2645600 1441960 7917.19619  112  355 8260.00000 7898.37270  4.38%   265 34263s
 2650655 1443154 7940.11137  135  335 8260.00000 7898.69531  4.37%   264 34296s
 2654647 1444580 7935.79744   69  313 8260.00000 7898.81823  4.37%   264 34323s
 2658921 1445247 7928.69107   84  279 8260.00000 7898.99045  4.37%   264 34349s
 2661146 1446435 7938.42834  105  296 8260.00000 7899.09696  4.37%   264 34375s
 2665192 1448297 7942.90193  113  606 8260.00000 7899.29377  4.37%   264 34443s
 2668643 1450339 8003.76948   56  548 8260.00000 7899.59847  4.36%   264 34508s
 2672191 1452724 8033.47739   85  464 8260.00000 7899.85944  4.36%   265 34571s
 2675720 1454531 8032.40946  117  550 8260.00000 7899.85944  4.36%   265 34631s
 2678830 1454678 7960.08297  120  615 8260.00000 7900.32818  4.35%   265 34702s
 2679102 1472001 7960.76670  121  597 8260.00000 7900.32818  4.35%   265 35348s
 2710314 1473902 infeasible   57      8260.00000 7901.97052  4.33%   267 35420s
 2713929 1475997 8040.74820   88  514 8260.00000 7902.54241  4.33%   267 35483s
 2717489 1478911 7985.30256  106  462 8260.00000 7902.84607  4.32%   267 35506s
 2721199 1481163 8002.92130  124  332 8260.00000 7902.92380  4.32%   267 35526s
 2724276 1483919 7990.98212  111  397 8260.00000 7902.95674  4.32%   267 35553s
 2728083 1486651 7973.30762   96  350 8260.00000 7903.02767  4.32%   267 35573s
 2731580 1488406 8017.57525   86  349 8260.00000 7903.10034  4.32%   266 35592s
 2734601 1490370 8011.58646   57  295 8260.00000 7903.15652  4.32%   266 35612s
 2737621 1492856 8001.65708   81  369 8260.00000 7903.15652  4.32%   266 35632s
 2740773 1495431 7991.19271   86  364 8260.00000 7903.25931  4.32%   266 35653s
 2743994 1497396 7960.79404  110  455 8260.00000 7903.28266  4.32%   266 35674s
 2746840 1499614 7973.37120  136  421 8260.00000 7903.33570  4.32%   266 35694s
 2750172 1500100     cutoff   99      8260.00000 7903.34027  4.32%   266 35716s
 2750870 1500659 7953.68450   83  458 8260.00000 7903.34027  4.32%   266 35739s
 2751584 1501280 7954.74445   55  371 8260.00000 7903.38670  4.32%   266 35768s
 2752433 1501951 7978.05770   63  380 8260.00000 7903.39362  4.32%   266 35798s
 2753417 1502529 7906.36460   50  334 8260.00000 7903.39362  4.32%   266 35827s
 2754157 1512299 7967.49069   51  368 8260.00000 7903.42368  4.32%   266 35927s
 2768016 1513523 7921.21785   70  360 8260.00000 7903.66712  4.31%   265 35953s
 2771273 1514721     cutoff   86      8260.00000 7903.75395  4.31%   265 35976s
 2774925 1515783     cutoff  144      8260.00000 7903.93838  4.31%   265 35998s
 2778351 1516805 7940.55476   61  103 8260.00000 7904.04986  4.31%   265 36019s
 2781637 1517965 7950.16605   63  215 8260.00000 7904.17433  4.31%   265 36042s
 2784994 1518735 7944.90474  100  287 8260.00000 7904.30418  4.31%   265 36063s
 2788365 1519626 7941.22143  115  133 8260.00000 7904.46964  4.30%   265 36084s
 2791468 1520830 7939.67967  133  348 8260.00000 7904.60294  4.30%   265 36106s
 2794803 1522012 7917.26838  145  397 8260.00000 7904.71462  4.30%   264 36128s
 2798351 1523153     cutoff   57      8260.00000 7904.83698  4.30%   264 36154s
 2802096 1524022 7934.06322   67  282 8260.00000 7904.93888  4.30%   264 36175s
 2805239 1524920     cutoff  147      8260.00000 7905.06786  4.30%   264 36196s
 2808515 1525938 7944.19481  173  383 8260.00000 7905.17173  4.30%   264 36217s
 2811756 1527090 7946.65689   72  186 8260.00000 7905.27479  4.29%   264 36238s
 2814927 1528010 7941.19671   90  158 8260.00000 7905.38262  4.29%   264 36258s
 2818195 1529647 8050.32563  100  519 8260.00000 7905.51233  4.29%   264 36326s
 2821290 1531660 8032.37868  107  494 8260.00000 7905.72343  4.29%   264 36397s
 2825201 1533534 8031.69007  115  442 8260.00000 7906.20195  4.28%   264 36463s
 2828897 1535499 infeasible  110      8260.00000 7906.43467  4.28%   265 36525s
 2832095 1537360 7939.13754  110  532 8260.00000 7906.72873  4.28%   265 36588s
 2835780 1538750 8016.75699  162  485 8260.00000 7906.87959  4.28%   265 36649s
 2839072 1540299 8072.07048  111  531 8260.00000 7907.15929  4.27%   265 36710s
 2842310 1542343     cutoff   66      8260.00000 7907.36334  4.27%   265 36780s
 2846105 1544234 8016.45035   74  541 8260.00000 7907.67274  4.27%   266 36839s
 2849533 1546565     cutoff  114      8260.00000 7907.89694  4.26%   266 36897s
 2852982 1548481 7996.83214  202  499 8260.00000 7908.05584  4.26%   266 36954s
 2856110 1549908 8011.41030   51  547 8260.00000 7908.11300  4.26%   266 37011s
 2859006 1551922     cutoff  115      8260.00000 7908.60892  4.25%   266 37071s
 2862379 1553524 8023.38110  117  571 8260.00000 7908.80416  4.25%   266 37130s
 2865375 1555028 7960.53390  106  485 8260.00000 7909.14030  4.25%   267 37189s
 2868678 1557725 7984.18421  100  324 8260.00000 7909.37528  4.24%   267 37214s
 2872435 1560175 8030.62268   86  394 8260.00000 7909.44690  4.24%   267 37235s
 2875887 1562536 7939.63829   83  447 8260.00000 7909.47346  4.24%   266 37255s
 2879182 1564785 7949.83607   69  422 8260.00000 7909.58563  4.24%   266 37275s
 2882455 1567327 8041.91812   85  321 8260.00000 7909.63475  4.24%   266 37294s
 2885987 1569936 7946.93237   81  316 8260.00000 7909.69613  4.24%   266 37320s
 2890003 1572304 7945.57638   78  318 8260.00000 7909.75068  4.24%   266 37338s
 2893186 1574789 8030.13533  102  273 8260.00000 7909.81415  4.24%   266 37357s
 2896612 1577220 7972.34210   63  320 8260.00000 7909.86768  4.24%   266 37376s
 2899907 1579013 7950.35578   72  374 8260.00000 7909.91858  4.24%   265 37394s
 2902426 1581059 7988.10069   73  303 8260.00000 7909.92907  4.24%   265 37414s
 2905570 1583676 8034.19986   67  288 8260.00000 7909.95556  4.24%   265 37434s
 2909185 1586025 7956.34991   56  435 8260.00000 7910.06188  4.24%   265 37453s
 2912394 1588679 8000.09834   71  373 8260.00000 7910.11026  4.24%   265 37473s
 2915938 1591788 8030.51683  134  387 8260.00000 7910.17298  4.24%   265 37499s
 2920127 1592944 7932.78524   67  347 8260.00000 7910.22194  4.23%   265 37522s
 2923613 1593471 7933.39756   99  260 8260.00000 7910.33371  4.23%   265 37543s
 2925396 1594906 7957.54770   84   96 8260.00000 7910.36885  4.23%   265 37569s
 2929521 1595931 7926.20144   78  214 8260.00000 7910.57005  4.23%   264 37595s
 2933033 1596963 7933.52577   66  166 8260.00000 7910.65593  4.23%   264 37617s
 2936394 1597928 7958.64770  117  204 8260.00000 7910.79270  4.23%   264 37639s
 2939660 1598959 7944.21946  106  299 8260.00000 7910.88824  4.23%   264 37660s
 2942915 1600034 7945.11241   68  179 8260.00000 7910.99384  4.23%   264 37682s
 2946261 1600977 7955.06099  109  212 8260.00000 7911.14379  4.22%   264 37704s
 2949712 1602216     cutoff   82      8260.00000 7911.25383  4.22%   264 37726s
 2953337 1603316     cutoff   59      8260.00000 7911.34981  4.22%   264 37747s
 2956717 1604105 7933.64252   75  249 8260.00000 7911.47248  4.22%   264 37766s
 2959810 1605300 7956.73554  145  222 8260.00000 7911.58478  4.22%   264 37791s
 2963573 1606302 7942.84770   88  113 8260.00000 7911.72895  4.22%   264 37811s
 2966672 1607416 7936.26012   79  208 8260.00000 7911.81803  4.22%   264 37832s
 2969845 1608363 7951.15083  104  506 8260.00000 7911.90621  4.21%   264 37853s
 2973093 1609992 8055.62239  144  457 8260.00000 7912.02701  4.21%   263 37921s
 2976784 1612144 7956.44927   57  511 8260.00000 7912.20594  4.21%   264 37989s
 2980504 1613894     cutoff   54      8260.00000 7912.55520  4.21%   264 38048s
 2983602 1615798 8071.37042  104  433 8260.00000 7912.71087  4.20%   264 38108s
 2987204 1617291 8053.92484  129  539 8260.00000 7912.82011  4.20%   264 38168s
 2990510 1618903 8073.44856   58  538 8260.00000 7912.99634  4.20%   264 38228s
 2993748 1620700 7993.37083   76  462 8260.00000 7913.36355  4.20%   265 38288s
 2997226 1622081 8017.05566  134  591 8260.00000 7913.57786  4.19%   265 38346s
 2999967 1623780 8030.71582   90  475 8260.00000 7913.90714  4.19%   265 38407s
 3003254 1625386 infeasible  101      8260.00000 7914.15386  4.19%   265 38468s
 3006498 1627222 7940.63430   57  561 8260.00000 7914.40407  4.18%   265 38539s
 3009934 1629259 7985.07865   60  471 8260.00000 7914.58935  4.18%   265 38603s
 3013448 1630895 7941.50478   59  496 8260.00000 7914.81826  4.18%   266 38664s
 3016687 1632745 8008.55269   87  506 8260.00000 7915.02466  4.18%   266 38726s
 3019978 1634344 8066.66774  105  478 8260.00000 7915.17421  4.17%   266 38789s
 3022994 1636228 8058.33319   59  383 8260.00000 7915.51280  4.17%   266 38852s
 3026417 1639165 8041.93990   94  340 8260.00000 7915.63475  4.17%   266 38876s
 3030318 1641415 8035.73423  106  351 8260.00000 7915.71273  4.17%   266 38896s
 3033619 1643925 7987.40009   75  360 8260.00000 7915.71845  4.17%   266 38916s
 3036886 1646452 8039.71718  122  445 8260.00000 7915.81433  4.17%   266 38935s
 3040259 1648474 7972.95922   72  407 8260.00000 7915.82061  4.17%   266 38953s
 3043565 1650744     cutoff   78      8260.00000 7915.86112  4.17%   266 38972s
 3046722 1653254 7975.86102  130  356 8260.00000 7915.96297  4.17%   266 38992s
 3050194 1655574 7932.99947   67  413 8260.00000 7915.99283  4.16%   265 39011s
 3053362 1658481 8044.64484   91  319 8260.00000 7916.06026  4.16%   265 39037s
 3057173 1660944 7954.23565   65  346 8260.00000 7916.12151  4.16%   265 39057s
 3060612 1663518 7920.39712   71  412 8260.00000 7916.19717  4.16%   265 39076s
 3063835 1665757 8025.35372   64  235 8260.00000 7916.22055  4.16%   265 39095s
 3067036 1667897 7951.64783   66  380 8260.00000 7916.26806  4.16%   265 39115s
 3070282 1670643 8016.78703  114  450 8260.00000 7916.33582  4.16%   265 39134s
 3073681 1672758 8015.93700  115  374 8260.00000 7916.35525  4.16%   265 39153s
 3076733 1673296 infeasible  117      8260.00000 7916.41404  4.16%   265 39177s
 3078700 1675026     cutoff   98      8260.00000 7916.48246  4.16%   264 39212s
 3084811 1676350 7951.00131  118  392 8260.00000 7916.69596  4.16%   264 39236s
 3088635 1677403 7934.77130   64  299 8260.00000 7916.85504  4.15%   264 39258s
 3092310 1678682 infeasible  108      8260.00000 7916.95841  4.15%   264 39283s
 3095927 1679609     cutoff   93      8260.00000 7917.08780  4.15%   264 39304s
 3099163 1679769     cutoff  111      8260.00000 7917.15876  4.15%   264 39327s
 3099639 1680963     cutoff  112      8260.00000 7917.16795  4.15%   264 39351s
 3103088 1682069 7961.74573  121  221 8260.00000 7917.26627  4.15%   264 39374s
 3107040 1683141 7942.60801   61  280 8260.00000 7917.40736  4.15%   264 39395s
 3110650 1684245 7930.34584   58  144 8260.00000 7917.48556  4.15%   264 39417s
 3114245 1685385 7951.44833  143  235 8260.00000 7917.57988  4.15%   264 39437s
 3117766 1686638 7922.86145   77  226 8260.00000 7917.70486  4.14%   264 39458s
 3121420 1687926 7950.80179   78  192 8260.00000 7917.79020  4.14%   263 39484s
 3125293 1689042     cutoff  155      8260.00000 7917.88518  4.14%   263 39504s
 3128664 1690726 8041.19302   66  534 8260.00000 7917.97226  4.14%   263 39571s
 3131812 1692316 7992.50981   76  626 8260.00000 7918.24085  4.14%   263 39641s
 3135376 1694083 8072.28865  118  504 8260.00000 7918.31649  4.14%   264 39708s
 3138744 1695926 8028.05171  103  605 8260.00000 7918.87407  4.13%   264 39779s
 3142403 1697632 8066.33319   70  564 8260.00000 7919.17221  4.13%   264 39840s
 3145632 1698283     cutoff   54      8260.00000 7919.35520  4.12%   264 39906s
 3147062 1700105     cutoff   69      8260.00000 7919.41107  4.12%   264 39977s
 3150789 1701944 8047.04668   63  512 8260.00000 7919.57078  4.12%   265 40046s
 3154264 1703119 8051.30787   76  538 8260.00000 7919.87102  4.12%   265 40113s
 3156550 1705036 8042.74719  177  573 8260.00000 7920.09113  4.12%   265 40185s
 3160135 1706899 7968.17708   56  446 8260.00000 7920.17785  4.11%   265 40256s
 3163854 1708955 8059.30308   63  509 8260.00000 7920.38250  4.11%   265 40323s
 3167500 1710892     cutoff  123      8260.00000 7920.69367  4.11%   265 40389s
 3170784 1712431 8011.91560   84  592 8260.00000 7921.03218  4.10%   266 40459s
 3174242 1713937 8008.29695   83  407 8260.00000 7921.33772  4.10%   266 40523s
 3177392 1715478 8071.27528  104  466 8260.00000 7921.61820  4.10%   266 40589s
 3180850 1718061 8000.56057   52  333 8260.00000 7921.86243  4.09%   266 40612s
 3184589 1720522 7948.98851   49  240 8260.00000 7921.87513  4.09%   266 40631s
 3188031 1723303 7974.41839   56  379 8260.00000 7921.93402  4.09%   266 40657s
 3191583 1725857 8006.88804   94  399 8260.00000 7921.98155  4.09%   266 40678s
 3195094 1728375 8038.66888  140  294 8260.00000 7921.98290  4.09%   266 40698s
 3198468 1731144 8022.37751   97  348 8260.00000 7922.05936  4.09%   266 40718s
 3202090 1733571 8014.75756  115  412 8260.00000 7922.09925  4.09%   265 40737s
 3205497 1736012 8017.42506   71  314 8260.00000 7922.14596  4.09%   265 40755s
 3208771 1738664 7982.17062   84  370 8260.00000 7922.20637  4.09%   265 40774s
 3212062 1741309 7993.91164   89  353 8260.00000 7922.24001  4.09%   265 40792s
 3215499 1743840 7983.86482  103  394 8260.00000 7922.29393  4.09%   265 40810s
 3218753 1746476 8046.49662  134  375 8260.00000 7922.33708  4.09%   265 40836s
 3222610 1749074 8023.94132   90  468 8260.00000 7922.38116  4.09%   265 40856s
 3226125 1751416 7978.45797   75  415 8260.00000 7922.45908  4.09%   265 40874s
 3228048 1751416 8027.08937  110  291 8260.00000 7922.46289  4.09%   264 40875s
 3229411 1751447 7964.42123  116  369 8260.00000 7922.49887  4.09%   264 40897s
 3229444 1751473 7978.41863  116  423 8260.00000 7922.49887  4.09%   264 40918s
 3229488 1751946 7980.13532  117  377 8260.00000 7922.50370  4.09%   264 40939s
 3230128 1753705 7971.80535  115  374 8260.00000 7922.50370  4.09%   264 40962s
 3232536 1754670     cutoff   78      8260.00000 7922.51438  4.09%   264 40984s
 3236081 1755786 7947.75620   66  247 8260.00000 7922.63351  4.08%   264 41005s
 3239643 1756793 7941.47515  117  234 8260.00000 7922.73616  4.08%   264 41025s
 3243146 1757840 7934.63690   79  181 8260.00000 7922.81167  4.08%   264 41045s
 3246165 1759154 7952.53616  137  154 8260.00000 7922.89119  4.08%   264 41066s
 3249626 1760136 7953.33283  117  191 8260.00000 7922.98403  4.08%   264 41085s
 3252788 1761208 7964.44199  108  347 8260.00000 7923.07473  4.08%   264 41105s
 3256247 1762413 7965.07229   68  177 8260.00000 7923.15011  4.08%   264 41130s
 3259988 1763343 7934.22286   81  281 8260.00000 7923.25143  4.08%   264 41151s
 3263281 1764135 7947.76616   91  145 8260.00000 7923.33421  4.08%   264 41171s
 3266622 1765140     cutoff   91      8260.00000 7923.42672  4.07%   264 41191s
 3269844 1766107 7964.00291  106  264 8260.00000 7923.55019  4.07%   263 41211s
 3273186 1767056 infeasible   64      8260.00000 7923.61129  4.07%   263 41231s
 3276419 1767974 7964.09950  107   89 8260.00000 7923.71756  4.07%   263 41251s
 3279617 1768915 7959.76619   94  244 8260.00000 7923.81338  4.07%   263 41271s
 3282957 1770398 8050.79951   54  467 8260.00000 7923.90461  4.07%   263 41338s
 3286244 1772348 8021.76503   55  466 8260.00000 7924.11779  4.07%   263 41404s
 3289752 1773744     cutoff  102      8260.00000 7924.29718  4.06%   264 41469s
 3292884 1775322 8038.66208  214  411 8260.00000 7924.42341  4.06%   264 41534s
 3296052 1776644 8031.33270  176  515 8260.00000 7924.80535  4.06%   264 41600s
 3299288 1778093 7962.52653   76  491 8260.00000 7925.07610  4.05%   264 41667s
 3302670 1779601 8000.66224   54  424 8260.00000 7925.13187  4.05%   264 41737s
 3306098 1781207 8068.52287  115  442 8260.00000 7925.37886  4.05%   265 41801s
 3309458 1781935 infeasible  170      8260.00000 7925.75422  4.05%   265 41863s
 3310838 1783646 8079.28835   77  296 8260.00000 7925.79874  4.05%   265 41936s
 3314375 1785503 7974.98554  172  540 8260.00000 7926.05532  4.04%   265 42007s
 3317912 1787200 8048.86428  100  545 8260.00000 7926.15167  4.04%   265 42076s
 3321350 1789180 7940.68983  121  551 8260.00000 7926.48173  4.04%   265 42144s
 3324805 1791322 8052.01252   50  447 8260.00000 7926.73215  4.03%   266 42212s
 3328508 1792832 8033.36078   78  487 8260.00000 7927.01089  4.03%   266 42277s
 3331801 1794061 8044.05246   60  473 8260.00000 7927.10051  4.03%   266 42348s
 3335241 1796304 7972.91391  117  439 8260.00000 7927.17588  4.03%   266 42372s
 3338608 1798767 7954.34955   83  369 8260.00000 7927.25267  4.03%   266 42394s
 3342138 1801495 8035.23287  118  449 8260.00000 7927.28426  4.03%   266 42415s
 3345853 1803922 8000.99361   93  326 8260.00000 7927.31412  4.03%   266 42435s
 3349241 1806501     cutoff  116      8260.00000 7927.37758  4.03%   266 42455s
 3352665 1809339 7985.63107   56  306 8260.00000 7927.40022  4.03%   266 42481s
 3356521 1811670 7995.04315   92  327 8260.00000 7927.46779  4.03%   265 42500s
 3359736 1814195 7964.09994   87  452 8260.00000 7927.53383  4.03%   265 42519s
 3362998 1816441 7980.36075   82  396 8260.00000 7927.57192  4.02%   265 42539s
 3366085 1818291 7978.43414  107  443 8260.00000 7927.61037  4.02%   265 42560s
 3368895 1820566 8046.87742  105  259 8260.00000 7927.66066  4.02%   265 42580s
 3372327 1823213 8042.90109  158  405 8260.00000 7927.66066  4.02%   265 42600s
 3375745 1825598 7959.77360   64  377 8260.00000 7927.73167  4.02%   265 42619s
 3379046 1828040 8001.70293  105  362 8260.00000 7927.76692  4.02%   265 42639s
 3382449 1831081 8043.65999   87  402 8260.00000 7927.81617  4.02%   265 42664s
 3385578 1831081 8011.07215   67  391 8260.00000 7927.84278  4.02%   265 42665s
 3386608 1832199     cutoff   96      8260.00000 7927.87792  4.02%   264 42686s
 3390299 1833596 7963.07843  111  309 8260.00000 7927.96809  4.02%   264 42712s
 3394065 1834064 7968.27781  103  261 8260.00000 7928.06269  4.02%   264 42733s
 3395953 1835444 7969.41890  121  148 8260.00000 7928.10799  4.02%   264 42757s
 3400157 1836458 7935.18325  100  358 8260.00000 7928.22294  4.02%   264 42778s
 3403691 1837506 7968.33130   99  252 8260.00000 7928.31726  4.02%   264 42799s
 3407179 1838508 7969.73101  110  368 8260.00000 7928.39083  4.01%   264 42819s
 3410678 1839493 infeasible   98      8260.00000 7928.48659  4.01%   264 42839s
 3414098 1840530 7963.82491   56  226 8260.00000 7928.57446  4.01%   264 42860s
 3417517 1841413 7959.42693   86  202 8260.00000 7928.68695  4.01%   264 42880s
 3420788 1842555 7951.12836   67  187 8260.00000 7928.75607  4.01%   264 42905s
 3424849 1843412 7950.05402   74  329 8260.00000 7928.86392  4.01%   264 42924s
 3427908 1844328 7951.92281   57  173 8260.00000 7928.96040  4.01%   263 42943s
 3431116 1845298 7953.19662   97  165 8260.00000 7929.05501  4.01%   263 42962s
 3434354 1846325 7965.27180   94  296 8260.00000 7929.13375  4.01%   263 42981s
 3437401 1847938 8057.34069   55  494 8260.00000 7929.22426  4.00%   263 43047s
 3440428 1849613     cutoff   68      8260.00000 7929.54850  4.00%   263 43118s
 3444035 1850714 8052.44338   86  378 8260.00000 7929.86793  4.00%   264 43187s
 3446291 1850742 8055.73606  114  460 8260.00000 7929.89435  4.00%   264 43200s

Cutting planes:
  Gomory: 25
  Cover: 1052
  Implied bound: 4
  Clique: 149
  MIR: 164
  GUB cover: 1
  Zero half: 145
  RLT: 962
  Relax-and-lift: 3
  BQP: 6

Explored 3446383 nodes (909050320 simplex iterations) in 43207.24 seconds (22281.63 work units)
Thread count was 32 (of 128 available processors)

Solution count 10: 8260 8261 8276 ... 8438

Time limit reached
Best objective 8.260000000000e+03, best bound 7.930000000000e+03, gap 3.9952%
Solved rc101_Skewed2 -> /project2/ssuen_1733/output/v3/rc101_Skewed2.pkl / .json
[Tue Dec 16 04:51:58 PST 2025] Finished run_single_instance for rc101_Skewed2
