==========================================
SLURM_JOB_ID = 5298009
SLURM_JOB_NODELIST = b22-22
TMPDIR = /tmp/SLURM_5298009
==========================================
Using Python:
Python 3.10.18
Checking core dependencies:
numpy: 2.2.6
gurobi: (12, 0, 3)
[Mon Dec 15 16:47:16 PST 2025] Starting run_single_instance on b22-22.hpc.usc.edu for r101_Even
Set parameter TokenServer to value "hpc-licenses.hpcc.usc.edu"
Set parameter TimeLimit to value 43200
Set parameter Seed to value 42
Set parameter OutputFlag to value 1
Gurobi Optimizer version 12.0.3 build v12.0.3rc0 (linux64 - "Rocky Linux 8.10 (Green Obsidian)")

CPU model: AMD EPYC 7542 32-Core Processor, instruction set [SSE2|AVX|AVX2]
Thread count: 64 physical cores, 128 logical processors, using up to 32 threads

Non-default parameters:
TimeLimit  43200
Seed  42

Optimize a model with 703550 rows, 728000 columns and 5954600 nonzeros
Model fingerprint: 0x38fc4429
Variable types: 0 continuous, 728000 integer (727500 binary)
Coefficient statistics:
  Matrix range     [1e+00, 1e+03]
  Objective range  [1e+00, 9e+01]
  Bounds range     [1e+00, 5e+01]
  RHS range        [1e+00, 1e+03]
Presolve removed 679500 rows and 699855 columns
Presolve time: 1.70s
Presolved: 24050 rows, 28145 columns, 167150 nonzeros
Variable types: 0 continuous, 28145 integer (28100 binary)
Performing another presolve...
Presolve removed 380 rows and 250 columns (presolve time = 9s)...
Presolve removed 380 rows and 250 columns
Presolve time: 9.36s
Deterministic concurrent LP optimizer: primal and dual simplex
Showing primal log only...


Root simplex log...

Iteration    Objective       Primal Inf.    Dual Inf.      Time
       0    3.4400000e+02   3.255000e+02   1.472052e+10     12s
Concurrent spin time: 0.07s

Solved with dual simplex

Root simplex log...

Iteration    Objective       Primal Inf.    Dual Inf.      Time
   13910    3.8865875e+03   0.000000e+00   0.000000e+00     13s

Root relaxation: objective 3.886587e+03, 13910 iterations, 0.78 seconds (0.79 work units)
Total elapsed time = 13.16s (DegenMoves)

    Nodes    |    Current Node    |     Objective Bounds      |     Work
 Expl Unexpl |  Obj  Depth IntInf | Incumbent    BestBd   Gap | It/Node Time

     0     0 3886.58745    0  641          - 3886.58745      -     -   13s
     0     0 3918.47078    0  815          - 3918.47078      -     -   14s
     0     0 3919.69584    0  833          - 3919.69584      -     -   14s
     0     0 3920.29955    0  831          - 3920.29955      -     -   14s
     0     0 3920.30425    0  816          - 3920.30425      -     -   14s
     0     0 3920.30425    0  833          - 3920.30425      -     -   14s
     0     0 3920.30425    0  838          - 3920.30425      -     -   14s
H    0     0                    19720.000000 3920.30425  80.1%     -   14s
     0     0 3965.91149    0  892 19720.0000 3965.91149  79.9%     -   15s
H    0     0                    19582.000000 3965.91149  79.7%     -   15s
H    0     0                    18677.000000 3965.91149  78.8%     -   15s
H    0     0                    17409.000000 3965.91149  77.2%     -   15s
H    0     0                    13311.000000 3965.91149  70.2%     -   15s
H    0     0                    13000.000000 3965.91149  69.5%     -   15s
H    0     0                    12928.000000 3965.91149  69.3%     -   15s
H    0     0                    12838.000000 3965.91149  69.1%     -   15s
H    0     0                    12280.000000 3965.91149  67.7%     -   15s
H    0     0                    12270.000000 3965.91149  67.7%     -   15s
H    0     0                    12208.000000 3965.91149  67.5%     -   15s
H    0     0                    12127.000000 3965.91149  67.3%     -   15s
H    0     0                    12063.000000 3965.91149  67.1%     -   15s
     0     0 3981.44161    0  923 12063.0000 3981.44161  67.0%     -   15s
     0     0 3981.92666    0  938 12063.0000 3981.92666  67.0%     -   16s
     0     0 3982.02157    0  927 12063.0000 3982.02157  67.0%     -   16s
     0     0 3982.02157    0  926 12063.0000 3982.02157  67.0%     -   16s
     0     0 4040.80275    0  941 12063.0000 4040.80275  66.5%     -   17s
H    0     0                    11777.000000 4041.00476  65.7%     -   17s
H    0     0                    11759.000000 4041.00476  65.6%     -   17s
     0     0 4042.84615    0  941 11759.0000 4042.84615  65.6%     -   17s
     0     0 4043.05559    0  959 11759.0000 4043.05559  65.6%     -   17s
     0     0 4043.05559    0  959 11759.0000 4043.05559  65.6%     -   17s
     0     0 4105.17609    0  985 11759.0000 4105.17609  65.1%     -   18s
H    0     0                    11007.000000 4106.37866  62.7%     -   19s
H    0     0                    10955.000000 4106.37866  62.5%     -   19s
H    0     0                    10934.000000 4106.37866  62.4%     -   19s
H    0     0                    10795.000000 4106.37866  62.0%     -   19s
     0     0 4107.01734    0 1019 10795.0000 4107.01734  62.0%     -   19s
     0     0 4107.13052    0 1022 10795.0000 4107.13052  62.0%     -   19s
     0     0 4107.13164    0 1021 10795.0000 4107.13164  62.0%     -   19s
     0     0 4178.75450    0 1153 10795.0000 4178.75450  61.3%     -   20s
H    0     0                    10439.000000 4178.76709  60.0%     -   20s
H    0     0                    10332.000000 4178.76709  59.6%     -   20s
     0     0 4181.21549    0 1171 10332.0000 4181.21549  59.5%     -   20s
     0     0 4181.61976    0 1196 10332.0000 4181.61976  59.5%     -   20s
     0     0 4181.62444    0 1225 10332.0000 4181.62444  59.5%     -   20s
     0     0 4216.57040    0 1157 10332.0000 4216.57040  59.2%     -   22s
H    0     0                    9996.0000000 4217.00372  57.8%     -   22s
H    0     0                    9938.0000000 4217.00372  57.6%     -   22s
H    0     0                    9850.0000000 4217.00372  57.2%     -   22s
     0     0 4220.66840    0 1114 9850.00000 4220.66840  57.2%     -   22s
     0     0 4222.11830    0 1213 9850.00000 4222.11830  57.1%     -   22s
     0     0 4222.22460    0 1225 9850.00000 4222.22460  57.1%     -   22s
     0     0 4222.22867    0 1237 9850.00000 4222.22867  57.1%     -   22s
     0     0 4251.91053    0 1133 9850.00000 4251.91053  56.8%     -   23s
H    0     0                    9399.0000000 4252.35853  54.8%     -   23s
H    0     0                    9386.0000000 4252.35853  54.7%     -   23s
     0     0 4254.81803    0 1316 9386.00000 4254.81803  54.7%     -   23s
     0     0 4255.93582    0 1271 9386.00000 4255.93582  54.7%     -   23s
     0     0 4255.98659    0 1282 9386.00000 4255.98659  54.7%     -   23s
     0     0 4281.10999    0 1289 9386.00000 4281.10999  54.4%     -   24s
H    0     0                    9015.0000000 4281.58650  52.5%     -   25s
H    0     0                    8926.0000000 4281.58650  52.0%     -   25s
H    0     0                    8815.0000000 4281.58650  51.4%     -   25s
H    0     0                    8791.0000000 4281.58650  51.3%     -   25s
H    0     0                    8768.0000000 4281.58650  51.2%     -   25s
H    0     0                    8749.0000000 4281.58650  51.1%     -   26s
H    0     0                    8748.0000000 4281.58650  51.1%     -   26s
H    0     0                    8697.0000000 4281.58650  50.8%     -   26s
H    0     0                    8649.0000000 4281.58650  50.5%     -   26s
H    0     0                    8576.0000000 4281.58650  50.1%     -   26s
H    0     0                    8546.0000000 4281.58650  49.9%     -   26s
H    0     0                    8392.0000000 4281.58650  49.0%     -   26s
H    0     0                    8388.0000000 4281.58650  49.0%     -   27s
H    0     0                    8318.0000000 4281.58650  48.5%     -   27s
H    0     0                    6891.0000000 4283.75549  37.8%     -   27s
H    0     0                    6774.0000000 4283.75549  36.8%     -   27s
H    0     0                    6681.0000000 4283.75549  35.9%     -   27s
H    0     0                    6645.0000000 4283.75549  35.5%     -   28s
H    0     0                    6635.0000000 4283.75549  35.4%     -   28s
H    0     0                    6541.0000000 4283.75549  34.5%     -   28s
H    0     0                    6514.0000000 4283.75549  34.2%     -   28s
H    0     0                    6491.0000000 4283.75549  34.0%     -   28s
H    0     0                    6478.0000000 4283.75549  33.9%     -   28s
H    0     0                    6476.0000000 4283.75549  33.9%     -   28s
H    0     0                    6470.0000000 4283.75549  33.8%     -   28s
     0     0 4283.75549    0 1353 6470.00000 4283.75549  33.8%     -   28s
     0     0 4284.14428    0 1382 6470.00000 4284.14428  33.8%     -   28s
     0     0 4284.18026    0 1383 6470.00000 4284.18026  33.8%     -   28s
     0     0 4317.36319    0 1288 6470.00000 4317.36319  33.3%     -   30s
H    0     0                    6461.0000000 4317.36501  33.2%     -   30s
H    0     0                    6407.0000000 4317.36501  32.6%     -   30s
H    0     0                    6369.0000000 4317.36501  32.2%     -   30s
H    0     0                    6363.0000000 4320.74524  32.1%     -   30s
     0     0 4320.74524    0 1295 6363.00000 4320.74524  32.1%     -   30s
     0     0 4321.94786    0 1280 6363.00000 4321.94786  32.1%     -   30s
     0     0 4322.27409    0 1316 6363.00000 4322.27409  32.1%     -   30s
     0     0 4322.27981    0 1351 6363.00000 4322.27981  32.1%     -   31s
H    0     0                    6350.0000000 4322.27981  31.9%     -   31s
H    0     0                    6340.0000000 4322.27981  31.8%     -   31s
H    0     0                    6325.0000000 4322.27981  31.7%     -   31s
H    0     0                    6222.0000000 4360.41010  29.9%     -   31s
H    0     0                    6214.0000000 4360.41010  29.8%     -   31s
H    0     0                    6212.0000000 4360.41010  29.8%     -   31s
H    0     0                    6208.0000000 4360.41010  29.8%     -   31s
H    0     0                    6206.0000000 4360.41010  29.7%     -   31s
     0     0 4360.41010    0 1336 6206.00000 4360.41010  29.7%     -   31s
H    0     0                    6180.0000000 4363.77054  29.4%     -   32s
H    0     0                    6170.0000000 4363.77054  29.3%     -   32s
     0     0 4363.77054    0 1462 6170.00000 4363.77054  29.3%     -   32s
H    0     0                    6160.0000000 4364.11249  29.2%     -   32s
H    0     0                    6157.0000000 4364.11249  29.1%     -   32s
H    0     0                    6155.0000000 4364.11249  29.1%     -   32s
     0     0 4364.11249    0 1387 6155.00000 4364.11249  29.1%     -   32s
     0     0 4364.12220    0 1385 6155.00000 4364.12220  29.1%     -   32s
H    0     0                    6127.0000000 4394.70005  28.3%     -   33s
H    0     0                    6121.0000000 4394.70005  28.2%     -   33s
H    0     0                    6115.0000000 4394.70005  28.1%     -   33s
     0     0 4394.70005    0 1331 6115.00000 4394.70005  28.1%     -   33s
H    0     0                    6113.0000000 4394.93971  28.1%     -   33s
H    0     0                    6086.0000000 4394.93971  27.8%     -   33s
     0     0 4396.80117    0 1439 6086.00000 4396.80117  27.8%     -   33s
     0     0 4397.52951    0 1409 6086.00000 4397.52951  27.7%     -   33s
     0     0 4397.81692    0 1433 6086.00000 4397.81692  27.7%     -   33s
     0     0 4397.87680    0 1434 6086.00000 4397.87680  27.7%     -   34s
     0     0 4422.03938    0 1361 6086.00000 4422.03938  27.3%     -   34s
     0     0 4425.20304    0 1386 6086.00000 4425.20304  27.3%     -   35s
     0     0 4427.18456    0 1376 6086.00000 4427.18456  27.3%     -   35s
     0     0 4427.22257    0 1368 6086.00000 4427.22257  27.3%     -   35s
     0     0 4461.59520    0 1287 6086.00000 4461.59520  26.7%     -   36s
H    0     0                    6078.0000000 4461.67662  26.6%     -   36s
     0     0 4462.86577    0 1394 6078.00000 4462.86577  26.6%     -   36s
     0     0 4463.46543    0 1442 6078.00000 4463.46543  26.6%     -   36s
     0     0 4463.58067    0 1445 6078.00000 4463.58067  26.6%     -   36s
     0     0 4483.12326    0 1241 6078.00000 4483.12326  26.2%     -   37s
     0     0 4484.17655    0 1361 6078.00000 4484.17655  26.2%     -   38s
     0     0 4485.10480    0 1338 6078.00000 4485.10480  26.2%     -   38s
     0     0 4485.44153    0 1383 6078.00000 4485.44153  26.2%     -   39s
     0     0 4485.48508    0 1369 6078.00000 4485.48508  26.2%     -   39s
     0     0 4493.39637    0 1397 6078.00000 4493.39637  26.1%     -   40s
H    0     0                    6066.0000000 4493.71605  25.9%     -   40s
     0     0 4494.11571    0 1454 6066.00000 4494.11571  25.9%     -   40s
     0     0 4494.42256    0 1448 6066.00000 4494.42256  25.9%     -   40s
     0     0 4494.50935    0 1420 6066.00000 4494.50935  25.9%     -   40s
     0     0 4502.17336    0 1279 6066.00000 4502.17336  25.8%     -   41s
     0     0 4504.97068    0 1272 6066.00000 4504.97068  25.7%     -   41s
H    0     0                    6060.0000000 4505.07158  25.7%     -   41s
H    0     0                    6045.0000000 4505.07158  25.5%     -   41s
     0     0 4505.07158    0 1350 6045.00000 4505.07158  25.5%     -   41s
H    0     0                    6039.0000000 4527.13832  25.0%     -   42s
     0     0 4527.13832    0 1281 6039.00000 4527.13832  25.0%     -   42s
H    0     0                    6021.0000000 4527.14622  24.8%     -   42s
H    0     0                    6009.0000000 4527.14622  24.7%     -   42s
H    0     0                    6004.0000000 4527.14622  24.6%     -   42s
     0     0 4527.40260    0 1341 6004.00000 4527.40260  24.6%     -   42s
     0     0 4527.45318    0 1314 6004.00000 4527.45318  24.6%     -   42s
     0     0 4538.25696    0 1386 6004.00000 4538.25696  24.4%     -   43s
     0     0 4538.91423    0 1394 6004.00000 4538.91423  24.4%     -   43s
     0     0 4539.00842    0 1388 6004.00000 4539.00842  24.4%     -   44s
     0     0 4552.27716    0 1414 6004.00000 4552.27716  24.2%     -   44s
H    0     0                    5990.0000000 4552.27716  24.0%     -   44s
H    0     0                    5976.0000000 4553.53527  23.8%     -   44s
     0     0 4553.53527    0 1465 5976.00000 4553.53527  23.8%     -   44s
     0     0 4553.68980    0 1465 5976.00000 4553.68980  23.8%     -   45s
     0     0 4558.57718    0 1379 5976.00000 4558.57718  23.7%     -   45s
     0     0 4559.38340    0 1407 5976.00000 4559.38340  23.7%     -   45s
     0     0 4559.46549    0 1425 5976.00000 4559.46549  23.7%     -   45s
H    0     0                    5968.0000000 4561.21818  23.6%     -   45s
     0     0 4561.21818    0 1457 5968.00000 4561.21818  23.6%     -   45s
H    0     0                    5958.0000000 4561.22003  23.4%     -   46s
H    0     0                    5933.0000000 4561.22003  23.1%     -   46s
     0     0 4561.25486    0 1383 5933.00000 4561.25486  23.1%     -   46s
     0     0 4562.01649    0 1420 5933.00000 4562.01649  23.1%     -   46s
     0     0 4562.02119    0 1420 5933.00000 4562.02119  23.1%     -   47s
H    0     0                    5926.0000000 4562.02119  23.0%     -   47s
H    0     0                    5904.0000000 4562.02291  22.7%     -   55s
     6     4 4562.02291    2  251 5904.00000 4562.02291  22.7%  62.8   61s
    66    88 4564.17170    7  269 5904.00000 4563.27175  22.7%   404   65s
   381   426 4568.75148   16  283 5904.00000 4564.65884  22.7%   219   70s
H  529   500                    5842.0000000 4564.65884  21.9%   231   71s
   530   504 4578.66808    2  311 5842.00000 4578.52005  21.6%   231   81s
   580   564 4583.39223    7  390 5842.00000 4581.90856  21.6%   250   85s
   977  1008 4590.65350   15  275 5842.00000 4584.27078  21.5%   243   90s
H 1061  1008                    5830.0000000 4584.27078  21.4%   252   90s
  1062  1012 4611.12062    2  263 5830.00000 4611.12062  20.9%   252  100s
  1214  1240 4616.51698   11  296 5830.00000 4614.60068  20.8%   266  105s
H 1601  1541                    5828.0000000 4614.60068  20.8%   263  109s
  1602  1545 4622.69007    2  251 5828.00000 4622.69007  20.7%   263  123s
  1616  1573 4624.99397    5  266 5828.00000 4624.64067  20.6%   265  125s
  1925  1875 4628.86396   14  254 5828.00000 4625.41827  20.6%   265  130s
H 2111  2023                    5818.0000000 4625.41827  20.5%   268  131s
  2112  2027 4651.22700    2  268 5818.00000 4651.22700  20.1%   268  142s
  2126  2051 4652.06943    5  274 5818.00000 4651.73560  20.0%   270  145s
  2307  2246 4654.37103   10  263 5818.00000 4653.09317  20.0%   273  150s
H 2662  2557                    5798.0000000 4653.09317  19.7%   269  154s
  2730  2698 4658.37561   21  292 5798.00000 4653.09317  19.7%   261  155s
  3090  2998 4663.73960   28  253 5798.00000 4653.09317  19.7%   246  160s
  3412  3307 4662.93344   18  356 5798.00000 4655.99285  19.7%   241  165s
  3890  3750 4667.76528   33  306 5798.00000 4655.99285  19.7%   229  170s
H 4055  3819                    5786.0000000 4655.99285  19.5%   229  171s
  4383  4196 4665.19013   32  269 5786.00000 4655.99285  19.5%   221  175s
  4820  4591 4662.69717   18  267 5786.00000 4656.68763  19.5%   213  180s
  5294  5055 4666.01429   27  239 5786.00000 4656.68763  19.5%   210  185s
H 5476  5132                    5783.0000000 4656.68763  19.5%   211  186s
  5734  5395 4666.90156   23  286 5783.00000 4656.68763  19.5%   207  190s
H 6130  5733                    5780.0000000 4657.47207  19.4%   206  194s
  6130  5769 4679.93593   40  279 5780.00000 4657.47207  19.4%   203  195s
  6308  5951 4672.39916   44  355 5780.00000 4657.75810  19.4%   202  200s
  6672  6328 4679.68431   57  251 5780.00000 4658.61922  19.4%   202  205s
  7394  6916 4682.64688   38  276 5780.00000 4661.64460  19.3%   197  210s
  8062  7520 4674.57553   39  287 5780.00000 4663.10884  19.3%   193  215s
  8878  8318 4672.49115   28  215 5780.00000 4663.10884  19.3%   186  220s
  9440  8773 4677.58988   42  246 5780.00000 4663.50450  19.3%   184  225s
H 9764  9026                    5776.0000000 4663.98482  19.3%   185  228s
  9864  9205 4678.46953   31  378 5776.00000 4663.98482  19.3%   183  230s
 10292  9590 4681.44686   41  358 5776.00000 4664.57926  19.2%   184  235s
 10904 10162 4704.13760   85  267 5776.00000 4664.57926  19.2%   183  241s
 11515 10692 4712.28076  106  270 5776.00000 4664.62506  19.2%   181  245s
 12341 11513 4692.27240   67  307 5776.00000 4664.62506  19.2%   178  250s
 12950 12053 4724.72658   53  280 5776.00000 4695.49873  18.7%   177  273s
 13433 12464 4727.70774   62  214 5776.00000 4696.67470  18.7%   175  275s
 14344 13267 4715.65112   61  330 5776.00000 4696.94059  18.7%   170  280s
 14777 13792 4720.48048   85  241 5776.00000 4697.40734  18.7%   169  285s
 15498 14402 4788.27034   47  295 5776.00000 4697.40734  18.7%   168  290s
 16168 15000 4733.45365   51  324 5776.00000 4697.62930  18.7%   167  295s
H16571 15201                    5768.0000000 4698.21459  18.5%   167  299s
 16571 15458 4751.37495  114  270 5768.00000 4698.21459  18.5%   166  300s
 17345 15861 4861.61703   26  603 5768.00000 4861.52698  15.7%   167  405s
 17359 15884 4862.04195   29  626 5768.00000 4861.89532  15.7%   168  411s
 17407 15930 4862.39609   31  586 5768.00000 4862.29013  15.7%   169  415s
 17518 16023 4891.42464   33  359 5768.00000 4862.44723  15.7%   170  422s
 17569 16057 4866.36488   34  459 5768.00000 4862.44723  15.7%   171  425s
 17666 16120 4868.48421   36  505 5768.00000 4862.44723  15.7%   172  431s
 17776 16187 4869.26708   38  490 5768.00000 4862.44723  15.7%   173  437s
 17894 16273 4869.31993   40  532 5768.00000 4862.44723  15.7%   174  442s
 18032 16268 4862.70146   12  408 5768.00000 4862.64826  15.7%   174  446s
 18046 16287 4863.08469   15  425 5768.00000 4863.01825  15.7%   175  450s
 18122 16351 4864.73518   18  522 5768.00000 4864.16412  15.7%   176  455s
 18367 16488 4875.29103   21  247 5768.00000 4864.91415  15.7%   177  460s
 18507 16570 4870.60370   24  460 5768.00000 4864.91415  15.7%   178  465s
 18672 16657 4971.87010   26  278 5768.00000 4864.91415  15.7%   178  471s
 18831 16726 4899.16224   28  193 5768.00000 4869.45168  15.6%   179  476s
 19075 16825 4885.28001   32  350 5768.00000 4869.45168  15.6%   179  482s
 19202 16922 4888.16172   33  269 5768.00000 4869.45168  15.6%   179  485s
 19720 17438 4909.79113   84  211 5768.00000 4869.45168  15.6%   178  490s
 20881 18348 4926.70608  111  193 5768.00000 4869.48191  15.6%   173  495s
 21555 19112 4908.08441  107  235 5768.00000 4869.48191  15.6%   172  500s
 22657 20141 4915.51754   58  341 5768.00000 4869.48191  15.6%   169  506s
 23442 20760 4916.74789   66  388 5768.00000 4869.48191  15.6%   168  510s
 23903 21030 5006.66675   41  290 5768.00000 4927.62883  14.6%   170  637s
 24012 21055 4948.56353   42  518 5768.00000 4927.62883  14.6%   170  640s
 24132 21097 4935.54867   44  387 5768.00000 4927.62883  14.6%   171  645s
 24272 21163 4956.80505   45  318 5768.00000 4927.62883  14.6%   171  650s
 24460 21223 4936.11442   47  466 5768.00000 4934.17224  14.5%   171  655s
 24687 21303 4951.61004   48  425 5768.00000 4935.77577  14.4%   171  662s
 24910 21361 4968.24271   49  297 5768.00000 4935.77577  14.4%   172  666s
 25168 21433 4957.38407   50  407 5768.00000 4936.76772  14.4%   172  671s
 25461 21517 4954.37698   51  320 5768.00000 4936.76772  14.4%   172  676s
 25776 21595 5064.06445   35  218 5768.00000 4936.76772  14.4%   172  680s
 26218 21728 4956.38596   39  261 5768.00000 4942.90481  14.3%   172  685s
 26685 21937 4980.33881   43  262 5768.00000 4943.98221  14.3%   172  690s
 27230 22066 5003.57904   46  262 5768.00000 4945.70231  14.3%   172  696s
 27798 22282 5003.47128  112  173 5768.00000 4945.70231  14.3%   171  700s
 29045 23512 5014.10841  119  256 5768.00000 4946.07713  14.2%   168  705s
 30223 24541 4997.69549  120  279 5768.00000 4948.21669  14.2%   166  711s
 31140 24835 4996.12899   32  435 5768.00000 4996.12899  13.4%   166  793s
 31142 24838 4996.19734   33  398 5768.00000 4996.19734  13.4%   166  795s
 31170 24867 4996.57101   36  378 5768.00000 4996.34737  13.4%   166  802s
 31198 24886 4996.94536   37  377 5768.00000 4996.57417  13.4%   167  805s
 31266 24941 4997.11945   39  423 5768.00000 4996.94679  13.4%   167  810s
 31354 24970 4997.13512   40  427 5768.00000 4996.94679  13.4%   168  815s
 31495 25055 5034.01087   41  206 5768.00000 4996.94679  13.4%   169  822s
 31626 25118 4997.59694   43  390 5768.00000 4996.94679  13.4%   170  827s
 31753 25159 4997.69161   45  341 5768.00000 4996.94679  13.4%   170  832s
H31812 25140                    5763.0000000 4996.94679  13.3%   171  832s
 31813 25143 4996.94679   22  514 5763.00000 4996.94679  13.3%   171  836s
 31819 25148 4996.94679   24  505 5763.00000 4996.94679  13.3%   171  841s
 31837 25165 4996.94679   26  473 5763.00000 4996.94679  13.3%   171  846s
 31888 25230 4996.94679   28  455 5763.00000 4996.94679  13.3%   172  851s
 31994 25246 4996.94679   30  487 5763.00000 4996.94679  13.3%   172  856s
 32066 25284 5002.21563   31  299 5763.00000 4996.94679  13.3%   173  862s
 32141 25313 5002.21563   32  299 5763.00000 4996.94679  13.3%   173  867s
 32221 25349 5002.56463   33  327 5763.00000 4996.94679  13.3%   173  871s
 32308 25384 5002.58379   34  312 5763.00000 4996.94679  13.3%   173  875s
 32406 25420 5003.34852   35  361 5763.00000 4996.94679  13.3%   174  880s
 32519 25455 5003.41124   36  325 5763.00000 4996.94679  13.3%   174  886s
 32647 25497 5004.03441   37  341 5763.00000 4996.94679  13.3%   175  891s
 32780 25545 5004.03441   38  344 5763.00000 4996.94679  13.3%   175  895s
 32939 25604 5004.08077   39  339 5763.00000 4996.94679  13.3%   175  901s
 33131 25679 5004.16384   40  352 5763.00000 4997.15241  13.3%   175  906s
 33398 25760 5006.84128   41  361 5763.00000 4997.15241  13.3%   176  912s
 33537 25810 5059.77924   42  274 5763.00000 4997.17072  13.3%   176  915s
 33879 25880 5007.34962   53  468 5763.00000 4997.81829  13.3%   177  921s
 34160 25948     cutoff   54      5763.00000 5000.44162  13.2%   177  926s
 34529 26019 5009.12788   56  549 5763.00000 5002.94080  13.2%   177  932s
 34726 26050     cutoff   56      5763.00000 5002.94080  13.2%   177  936s
 35159 26197 5009.54111   58  476 5763.00000 5002.94080  13.2%   177  941s
 35697 26300 5009.82088   60  488 5763.00000 5004.54658  13.2%   177  946s
 35949 26398 5010.24915   61  496 5763.00000 5005.38232  13.1%   177  950s
 36513 26527 5087.13673   52  191 5763.00000 5005.93740  13.1%   177  955s
 37180 26783 5147.78263   58  166 5763.00000 5008.46803  13.1%   177  960s
 37961 26915 5076.38143   65  221 5763.00000 5009.79883  13.1%   176  967s
 38266 27201 5079.69067   71  318 5763.00000 5009.79883  13.1%   176  971s
 39318 27954 5107.47749  151  141 5763.00000 5009.79883  13.1%   175  975s
 40237 26999 5104.72911   32  634 5763.00000 5104.69789  11.4%   175 1091s
 40243 27009 5105.10089   34  554 5763.00000 5104.96902  11.4%   176 1096s
 40267 27047 5105.52457   36  550 5763.00000 5105.37062  11.4%   176 1100s
 40363 27109 5112.60437   39  414 5763.00000 5106.08003  11.4%   176 1107s
 40427 27150 5107.81221   40  570 5763.00000 5106.08003  11.4%   177 1110s
 40523 27224 5123.30957   41  534 5763.00000 5106.08003  11.4%   177 1116s
 40606 27262 5129.05020   42  483 5763.00000 5106.08003  11.4%   177 1120s
 40738 27338 5108.86306   44  540 5763.00000 5106.08003  11.4%   178 1126s
 40846 27389 5110.36898   45  588 5763.00000 5106.08003  11.4%   178 1131s
 41028 27477 5118.42652   46  353 5763.00000 5106.08003  11.4%   179 1136s
 41183 27564 5111.50424   48  468 5763.00000 5109.07947  11.3%   179 1140s
H41382 27581                    5752.0000000 5109.56880  11.2%   180 1143s
 41382 27631 5110.77477   46  398 5752.00000 5109.56880  11.2%   180 1146s
 41504 27678 5111.29525   47  253 5752.00000 5110.78110  11.1%   180 1150s
 41690 27767 5112.19344   50  182 5752.00000 5110.78110  11.1%   181 1157s
 41828 27836 5112.49490   52  268 5752.00000 5110.78110  11.1%   182 1160s
 42066 27949 5114.48394   55  292 5752.00000 5110.78110  11.1%   182 1168s
 42149 28001 5114.50467   56  306 5752.00000 5111.09972  11.1%   183 1170s
 42445 28171 5119.40472   59  191 5752.00000 5111.09972  11.1%   184 1176s
 42659 28286 5120.43533   61  208 5752.00000 5111.09972  11.1%   184 1182s
 42807 28294 5160.05767   62  186 5752.00000 5111.54808  11.1%   184 1186s
 42882 28344 infeasible   63      5752.00000 5111.54808  11.1%   185 1191s
 42997 28462 5123.53400   65  243 5752.00000 5111.54808  11.1%   185 1196s
 43287 28600 5142.36756   66  222 5752.00000 5111.54808  11.1%   185 1201s
 43464 28668 5133.66924   67  317 5752.00000 5111.83483  11.1%   185 1205s
 43885 28826 5121.95352   43  392 5752.00000 5111.83483  11.1%   185 1212s
 44162 28915 5122.54196   45  426 5752.00000 5111.99151  11.1%   186 1217s
 44434 28950 5122.80084   47  379 5752.00000 5112.28355  11.1%   187 1221s
 44511 28991 5122.89423   48  366 5752.00000 5112.28355  11.1%   187 1226s
 44601 29059 5123.32579   49  439 5752.00000 5112.28355  11.1%   187 1232s
 44862 29167 5123.44224   50  441 5752.00000 5112.35849  11.1%   187 1237s
 45023 29235 5182.73792   50  260 5752.00000 5112.35849  11.1%   187 1241s
 45239 29297 5133.02019   51  461 5752.00000 5112.35849  11.1%   188 1245s
 45653 29486 5129.42818   53  482 5752.00000 5112.60743  11.1%   188 1251s
 45880 29603 5129.44125   54  462 5752.00000 5112.60743  11.1%   188 1255s
 46424 29873 5167.13737   62  455 5752.00000 5112.60743  11.1%   188 1262s
 47009 29902 5118.92981   65  596 5752.00000 5112.72819  11.1%   188 1267s
 47257 30047 5119.40378   66  600 5752.00000 5113.28435  11.1%   188 1270s
 47847 30264 5120.05095   70  469 5752.00000 5113.28435  11.1%   188 1277s
 48233 30345 5120.47247   71  429 5752.00000 5114.02154  11.1%   188 1281s
 48841 30641 5121.73043   73  584 5752.00000 5116.17578  11.1%   188 1288s
 49273 30697 5122.03755   74  587 5752.00000 5116.18820  11.1%   188 1291s
 50149 30939 5233.12216   89  222 5752.00000 5117.80539  11.0%   187 1297s
 50737 31040 5242.83599   96  238 5752.00000 5118.50767  11.0%   187 1301s
 51273 31489 5254.19884  106  223 5752.00000 5118.50767  11.0%   187 1307s
 51936 31837 5260.59038  119  203 5752.00000 5118.50767  11.0%   186 1311s
 52940 32191 5120.73807   50  568 5752.00000 5118.50767  11.0%   185 1317s
 53121 32257 5138.41778   51  470 5752.00000 5118.50767  11.0%   186 1320s
 53406 32380 5124.29035   53  491 5752.00000 5118.50767  11.0%   186 1326s
 53603 32485 5124.98808   55  401 5752.00000 5118.58471  11.0%   186 1331s
 53942 32649 5126.16810   58  431 5752.00000 5119.13663  11.0%   186 1336s
 54179 32740 5126.28725   60  388 5752.00000 5119.21445  11.0%   186 1340s
 54419 32858 5127.04435   62  431 5752.00000 5120.19136  11.0%   187 1346s
 54684 32984 5127.57324   64  466 5752.00000 5120.19136  11.0%   187 1350s
 55007 33144 5128.22393   66  468 5752.00000 5120.20391  11.0%   187 1355s
 55535 33325 5129.54725   69  449 5752.00000 5121.25832  11.0%   187 1362s
 55889 33465 5129.67568   71  477 5752.00000 5121.25832  11.0%   187 1367s
 56118 33653 5160.77632   71  274 5752.00000 5121.25832  11.0%   187 1371s
 56628 33816 5184.10953   75  124 5752.00000 5121.42573  11.0%   187 1375s
 57001 33988 5164.08352   80  228 5752.00000 5122.40637  10.9%   187 1381s
 57438 34216 5164.72257   84  263 5752.00000 5122.67976  10.9%   187 1385s
 57919 34419 5165.02686   88  232 5752.00000 5122.91857  10.9%   188 1390s
 58467 34640 5165.27470   92  210 5752.00000 5122.91857  10.9%   187 1396s
 58952 34844 5166.01638   96  209 5752.00000 5122.91857  10.9%   188 1402s
 59190 34985 5166.18637   98  218 5752.00000 5122.91857  10.9%   188 1405s
 59506 35156 5143.11860   57  437 5752.00000 5122.91857  10.9%   188 1411s
 60173 35267 5149.05349   60  400 5752.00000 5123.25208  10.9%   188 1417s
 60414 35349 5150.01895   61  428 5752.00000 5123.25208  10.9%   188 1420s
 60934 35537 5189.43139   63  259 5752.00000 5124.98324  10.9%   188 1426s
 61509 35821 5150.56169   66  481 5752.00000 5124.98324  10.9%   188 1432s
 61811 36049 5191.97619   67  216 5752.00000 5125.02812  10.9%   188 1435s
 62536 36112 5151.25017   71  464 5752.00000 5125.45880  10.9%   188 1441s
 62661 36374 5129.76240   75  545 5752.00000 5125.45880  10.9%   188 1446s
 63138 36331 5131.28458   77  645 5752.00000 5126.63191  10.9%   188 1450s
 63988 36728 5138.16759   81  496 5752.00000 5126.96538  10.9%   188 1459s
 64509 36826 5138.71862   83  495 5752.00000 5127.18271  10.9%   188 1463s
 64999 36858 5144.27362   85  530 5752.00000 5127.60038  10.9%   188 1467s
 65328 37179 5145.97516   86  514 5752.00000 5127.60038  10.9%   187 1471s
 65981 37348 5147.51518   89  547 5752.00000 5127.77371  10.9%   187 1476s
 66962 38082 5252.72441   19  138 5752.00000 5128.48208  10.8%   187 1482s
 67374 38550 5283.62910   48  204 5752.00000 5128.48208  10.8%   187 1486s
 68269 39125 5272.45654   38  200 5752.00000 5135.08328  10.7%   186 1492s
 68857 39672 5294.49294   67  278 5752.00000 5140.11637  10.6%   186 1495s
 70153 40626 5263.68765   42  284 5752.00000 5140.11637  10.6%   185 1501s
 71472 41259 5151.44665   72  451 5752.00000 5142.86448  10.6%   184 1507s
 71717 41356 5202.01557   73  259 5752.00000 5142.87284  10.6%   184 1510s
 72279 41546 5153.28384   77  480 5752.00000 5142.87284  10.6%   184 1516s
 72828 41878 5153.69011   79  513 5752.00000 5143.16604  10.6%   184 1522s
 73177 42021 5153.90941   81  471 5752.00000 5143.16604  10.6%   184 1525s
 73874 42206 5154.34504   84  451 5752.00000 5143.63057  10.6%   183 1531s
 74407 42730 5155.14018   86  443 5752.00000 5143.63057  10.6%   183 1537s
 74836 42970 5173.93911   87  348 5752.00000 5143.63057  10.6%   183 1541s
 75745 43366 5187.20969  101  262 5752.00000 5143.63057  10.6%   182 1548s
 76147 43377 5187.90522  104  245 5752.00000 5143.63057  10.6%   183 1552s
 76355 43339 5208.57468  106  190 5752.00000 5143.63057  10.6%   183 1556s
 76420 43378 5204.46014  107  159 5752.00000 5143.63057  10.6%   183 1564s
 76452 43410 5190.97254  108  241 5752.00000 5143.63057  10.6%   183 1568s
 76506 43681 5212.57751  108  235 5752.00000 5143.63057  10.6%   183 1574s
 76854 43874 5191.35020  109  221 5752.00000 5143.63057  10.6%   183 1580s
 77241 44402 5192.93660  114  256 5752.00000 5143.63057  10.6%   184 1586s
 78014 44608 5193.65971  121  250 5752.00000 5143.63057  10.6%   184 1590s
 78572 45022 5194.69667  127  245 5752.00000 5143.63057  10.6%   184 1595s
 79300 45079 5195.15695  133  256 5752.00000 5143.63057  10.6%   183 1600s
 79765 45348 5196.79238  143  294 5752.00000 5144.53597  10.6%   184 1610s
 80186 45762 5170.45506   72  464 5752.00000 5144.53597  10.6%   184 1615s
 81178 45776 5224.42503   76  258 5752.00000 5144.62057  10.6%   184 1622s
 81303 46039 5214.53522   77  217 5752.00000 5144.62057  10.6%   184 1626s
 81730 46228 5172.15663   79  563 5752.00000 5145.60840  10.5%   184 1631s
 82209 46177 5172.32581   81  420 5752.00000 5145.60840  10.5%   184 1636s
 82365 46548 5202.99408   82  242 5752.00000 5145.60840  10.5%   184 1641s
 83459 46753 5174.24738   88  469 5752.00000 5145.60840  10.5%   184 1648s
 83671 47133 5174.61363   89  482 5752.00000 5146.05094  10.5%   184 1653s
 84222 46972 5230.93777   91  314 5752.00000 5146.05094  10.5%   183 1657s
 84263 46989 5175.42724   92  454 5752.00000 5146.05094  10.5%   184 1661s
 84296 47500 5167.04083   92  538 5752.00000 5146.05094  10.5%   184 1668s
 85073 47988     cutoff   99      5752.00000 5146.05094  10.5%   183 1673s
 85713 48430 5170.14099  101  521 5752.00000 5146.05094  10.5%   183 1677s
 86360 48981 5171.42004  106  511 5752.00000 5147.87930  10.5%   183 1683s
 87091 49333 5173.01616  111  487 5752.00000 5147.87930  10.5%   183 1688s
 87720 49741 5174.49562  115  452 5752.00000 5148.57728  10.5%   183 1693s
 88362 50290 5175.07714  119  385 5752.00000 5150.37052  10.5%   183 1699s
 89042 50588 5176.16000  124  461 5752.00000 5150.90162  10.5%   182 1705s
 89498 51101 5177.63851  128  508 5752.00000 5150.90162  10.5%   182 1711s
 90262 51671 5310.47490   27  231 5752.00000 5150.99982  10.4%   182 1716s
 91679 52822 5282.99351   86  203 5752.00000 5152.48781  10.4%   182 1722s
 92406 53221 5300.88747  124  252 5752.00000 5152.48781  10.4%   181 1726s
 93903 54841 5290.23337   66  262 5752.00000 5152.48781  10.4%   180 1733s
 94810 55413 5291.74824   30  155 5752.00000 5152.48781  10.4%   180 1737s
 95504 56171 5280.20033   35  264 5752.00000 5152.48781  10.4%   179 1742s
 96431 56675 5167.82742   91  399 5752.00000 5152.48781  10.4%   179 1747s
 97084 56817 5168.43021   93  444 5752.00000 5152.48781  10.4%   178 1750s
 98020 57264 5168.84830   96  462 5752.00000 5152.48781  10.4%   178 1757s
 98475 57332 5169.29019   98  478 5752.00000 5152.48781  10.4%   178 1760s
 99381 57930 5182.47531  102  390 5752.00000 5152.48781  10.4%   177 1767s
 100026 58033 5241.82096  103  260 5752.00000 5152.48781  10.4%   177 1771s
 100531 58210 5178.74652  105  401 5752.00000 5152.48781  10.4%   177 1775s
 101468 58296 5201.24358  109  256 5752.00000 5152.48781  10.4%   176 1783s
 101502 58313 5179.51139  110  379 5752.00000 5152.48781  10.4%   176 1786s
 101536 58415 5262.68735  110  307 5752.00000 5152.48781  10.4%   176 1791s
 102368 59348 5205.96378  149  239 5752.00000 5153.07081  10.4%   176 1802s
 103255 59447 5206.94141  157  245 5752.00000 5153.44944  10.4%   176 1807s
 103807 59722 5207.43348  161  204 5752.00000 5154.58127  10.4%   176 1811s
 104347 59838 5207.90932  165  230 5752.00000 5154.58127  10.4%   176 1817s
 104683 60270 5236.82934  169  244 5752.00000 5154.58127  10.4%   176 1822s
 105323 60465 5248.84940  174  172 5752.00000 5154.58127  10.4%   176 1827s
 105841 60522 5208.80965  179  233 5752.00000 5154.58127  10.4%   176 1832s
 106176 60878 5209.80141  183  254 5752.00000 5154.58127  10.4%   177 1839s
 106891 61133 5210.33032  190  255 5752.00000 5154.58127  10.4%   177 1844s
 107510 61369 5210.63377  196  214 5752.00000 5154.58127  10.4%   177 1850s
 107903 61576 5204.04526   92  214 5752.00000 5154.58127  10.4%   177 1857s
 108168 62691 5184.09657   93  503 5752.00000 5156.15662  10.4%   177 1869s
 109517 62696 5243.85628   99  231 5752.00000 5156.15662  10.4%   177 1876s
 109796 63269 5186.93261  102  374 5752.00000 5157.24274  10.3%   177 1883s
 110518 64031 5213.40026  105  290 5752.00000 5157.24274  10.3%   177 1890s
 111513 64886 5188.03253  108  459 5752.00000 5157.24274  10.3%   177 1896s
 112567 65450 5188.69214  111  441 5752.00000 5157.24274  10.3%   177 1903s
 113362 66189 5187.38575  136  484 5752.00000 5159.43254  10.3%   177 1910s
 114418 66641 5188.69899  143  488 5752.00000 5159.43254  10.3%   177 1916s
 115059 67272 5191.09285  154  539 5752.00000 5161.07813  10.3%   177 1922s
 116070 67742 5206.50107  161  310 5752.00000 5161.07813  10.3%   176 1929s
 116932 68271 5195.17361  169  531 5752.00000 5161.07813  10.3%   176 1935s
 117770 68945 5197.22416  175  455 5752.00000 5162.07179  10.3%   176 1941s
 118904 69629 5212.74594  186  349 5752.00000 5162.46805  10.2%   176 1948s
 120066 70286 5207.21589  195  434 5752.00000 5162.66534  10.2%   176 1960s
 121231 70928 5315.07144   66  282 5752.00000 5163.93685  10.2%   176 1965s
 122068 71953 5266.46198   32  218 5752.00000 5163.93685  10.2%   176 1970s
 123454 72778 5213.53286   30  284 5752.00000 5163.93685  10.2%   175 1975s
 124468 73601 5266.42286   44  307 5752.00000 5163.93685  10.2%   175 1980s
 126570 75283 5262.50833   48  290 5752.00000 5168.28640  10.1%   174 1990s
 127710 76525 5292.77425   79  228 5752.00000 5168.28640  10.1%   173 1999s
 129248 77232 5199.12217  112  380 5752.00000 5170.75873  10.1%   173 2005s
 130212 77451 5200.63074  117  424 5752.00000 5170.88541  10.1%   172 2010s
 131633 78109 5203.53858  124  439 5752.00000 5170.88541  10.1%   172 2019s
 132390 78393 5204.07026  127  409 5752.00000 5170.88541  10.1%   172 2024s
 133121 78722 5206.06846  132  409 5752.00000 5170.88541  10.1%   172 2029s
 133840 79420 5207.46734  136  424 5752.00000 5170.88541  10.1%   172 2034s
 134754 79873 5209.18593  142  400 5752.00000 5170.88541  10.1%   171 2039s
 135352 81135 5210.24956  146  343 5752.00000 5170.88541  10.1%   171 2050s
 136791 81966 5265.14379  201  267 5752.00000 5171.02994  10.1%   170 2058s
 137739 82579 5229.42523  212  273 5752.00000 5174.25978  10.0%   171 2064s
 138433 83437 5230.47018  222  242 5752.00000 5174.25978  10.0%   171 2071s
 139431 84159 5232.34716  231  254 5752.00000 5174.25978  10.0%   171 2077s
 140335 84934 5260.48437  247  173 5752.00000 5174.25978  10.0%   171 2084s
 141341 85666 5289.55573  277  115 5752.00000 5174.25978  10.0%   171 2090s
 142273 86474 infeasible  334      5752.00000 5177.59328  10.0%   171 2097s
 143230 87812 5221.57048  106  348 5752.00000 5177.59328  10.0%   171 2109s
 144739 88584 5207.34495  115  448 5752.00000 5177.59328  10.0%   171 2118s
 145893 89313 5214.82623  120  366 5752.00000 5178.86022  10.0%   171 2125s
 146829 89988 5217.98332  124  359 5752.00000 5178.86022  10.0%   171 2131s
 147709 90944 5225.20390  130  350 5752.00000 5178.89655  10.0%   171 2137s
 148819 91541 5276.83471  135  225 5752.00000 5178.89655  10.0%   171 2143s
 149579 92318 5228.17192  141  301 5752.00000 5178.89655  10.0%   171 2151s
 150560 93358 5234.95087  150  207 5752.00000 5178.89655  10.0%   171 2158s
 151865 94078     cutoff  206      5752.00000 5178.89655  10.0%   170 2167s
 153181 94539 infeasible  231      5752.00000 5179.02015  10.0%   170 2174s
 153968 95575 5239.01765  251  440 5752.00000 5179.46781  10.0%   170 2183s
 155585 96464 5199.83124   50  333 5752.00000 5180.48444  9.94%   170 2192s
 156764 97390 5187.90505   56  349 5752.00000 5181.27168  9.92%   170 2202s
 158143 98322 5217.19089   84  427 5752.00000 5181.83471  9.91%   170 2211s
 159769 99206 5243.94952   54  235 5752.00000 5182.04411  9.91%   170 2220s
 161239 100442 5318.04773   39  218 5752.00000 5184.62474  9.86%   170 2227s
 162726 101250 5230.63615   33  227 5752.00000 5184.62474  9.86%   169 2232s
 163663 101752 5250.28899   50  289 5752.00000 5184.62474  9.86%   169 2238s
 164352 103214 5262.05619   70  252 5752.00000 5184.62474  9.86%   169 2245s
 166145 105009 5281.21350  122  279 5752.00000 5185.88193  9.84%   168 2252s
 168153 106022 5312.18431  167  243 5752.00000 5185.88193  9.84%   167 2258s
 169403 107996 5300.84932   41  185 5752.00000 5185.88193  9.84%   167 2265s
 171773 109302 5280.84302  154  331 5752.00000 5191.38402  9.75%   166 2273s
 173281 110011 5235.81561  165  408 5752.00000 5191.38402  9.75%   165 2278s
 174143 110868 5236.52893  171  386 5752.00000 5194.62098  9.69%   165 2284s
 175105 111709 5240.12414  180  355 5752.00000 5194.62098  9.69%   165 2290s
 176102 112617 5246.34396  190  439 5752.00000 5194.62098  9.69%   165 2297s
 177155 113558 5250.00854  199  355 5752.00000 5194.62098  9.69%   165 2304s
 178308 114388 5260.16322  216  301 5752.00000 5194.62098  9.69%   165 2310s
 179414 115453 5266.08028  236  285 5752.00000 5194.62098  9.69%   165 2317s
 180685 115970 5270.23127  260  235 5752.00000 5194.62098  9.69%   164 2324s
 181505 116002 5256.89099  153  316 5752.00000 5194.62098  9.69%   164 2335s
 181537 120367 5256.97489  154  272 5752.00000 5194.62098  9.69%   164 2384s
 186465 120969     cutoff  305      5752.00000 5195.33295  9.68%   165 2394s
 187394 122327 5229.63038   78  129 5752.00000 5195.42192  9.68%   165 2407s
 189376 123448 5269.57316   52  187 5752.00000 5195.42192  9.68%   165 2417s
 191084 124640     cutoff  167      5752.00000 5197.37383  9.64%   165 2430s
 192537 124905     cutoff  192      5752.00000 5198.92560  9.62%   165 2438s
 192881 126275 5267.18955  201  238 5752.00000 5198.92560  9.62%   165 2447s
 194440 127928 5280.88398  226  254 5752.00000 5198.92560  9.62%   165 2455s
 196299 129188 5276.23383  254  197 5752.00000 5198.92560  9.62%   164 2464s
 197875 129458 5280.49890  283  221 5752.00000 5198.92560  9.62%   164 2471s
 198267 130629     cutoff  296      5752.00000 5198.92560  9.62%   164 2480s
 199710 131776 5244.89600   65  258 5752.00000 5198.92560  9.62%   164 2488s
 201133 132897 5219.81347   49  291 5752.00000 5198.92560  9.62%   164 2499s
 202973 133940     cutoff   85      5752.00000 5198.99786  9.61%   164 2508s
 204420 134729 5250.64956  100  332 5752.00000 5199.89658  9.60%   164 2518s
 205684 135922 5213.23929   36  323 5752.00000 5200.19518  9.59%   164 2529s
 207662 136976 5209.50865   88  486 5752.00000 5200.48569  9.59%   163 2540s
 209371 138397 5228.37433  122  524 5752.00000 5201.09095  9.58%   163 2551s
 211430 139909 5238.40047  163  423 5752.00000 5201.83687  9.56%   163 2562s
 213571 140852 5294.63270   75  266 5752.00000 5202.09450  9.56%   163 2571s
 214742 142993 5310.73756  109  292 5752.00000 5202.09450  9.56%   163 2581s
 217444 144894 5229.04491   37  328 5752.00000 5202.09450  9.56%   162 2589s
 219669 147241 5273.99253   86  314 5752.00000 5205.62673  9.50%   162 2597s
 222354 148913 5295.35267  134  280 5752.00000 5206.05081  9.49%   161 2605s
 224648 150510 5217.66130   38  270 5752.00000 5206.19311  9.49%   161 2613s
 226662 151730 5285.87937  275  253 5752.00000 5206.54177  9.48%   160 2624s
 228401 152787 infeasible  316      5752.00000 5206.54177  9.48%   160 2631s
 229767 154020 5287.34124   81  266 5752.00000 5208.81400  9.44%   160 2640s
 231142 155566 5301.60170   72  279 5752.00000 5209.13168  9.44%   160 2649s
 232963 157085 5268.02152   79  309 5752.00000 5209.13168  9.44%   160 2658s
 234687 158774 5217.25363   40  311 5752.00000 5209.24026  9.44%   159 2667s
 236682 160036     cutoff   65      5752.00000 5209.24026  9.44%   159 2677s
 238434 161421 5244.77147  142  375 5752.00000 5210.11384  9.42%   159 2690s
 240157 162482 5287.61613  176  388 5752.00000 5210.11384  9.42%   159 2702s
 241759 163597 5243.26363   80  223 5752.00000 5211.57740  9.40%   159 2714s
 243401 164868 5230.31929   93  366 5752.00000 5211.57740  9.40%   160 2726s
 245366 166731 5252.13522   92  263 5752.00000 5213.97006  9.35%   160 2738s
 247363 168076 5290.01801  177  286 5752.00000 5214.10368  9.35%   160 2750s
 248932 169774 5235.86551   62  321 5752.00000 5214.10368  9.35%   160 2763s
 250909 170791 5304.70180   81  233 5752.00000 5216.06138  9.32%   160 2777s
 252646 171376 5246.90422   39  264 5752.00000 5217.18450  9.30%   160 2789s
 253861 172467 5276.75151   71  329 5752.00000 5217.67969  9.29%   160 2801s
 255369 174042 5310.43765  114  329 5752.00000 5217.67969  9.29%   161 2814s
 257430 175724 5241.14565   96  415 5752.00000 5218.57730  9.27%   161 2827s
 259306 177535     cutoff  131      5752.00000 5218.57730  9.27%   160 2840s
 261404 179982 5248.01303   96  366 5752.00000 5218.57730  9.27%   160 2853s
 264121 181182 5233.57010   39  347 5752.00000 5218.57730  9.27%   160 2868s
 266403 182584 5270.32872   49  343 5752.00000 5218.85761  9.27%   160 2881s
 268624 181954 5261.92765   79  317 5752.00000 5219.95764  9.25%   160 2895s
 268902 182465 5264.73691   88  292 5752.00000 5219.95764  9.25%   160 2910s
 269960 183590 5256.15811   51  206 5752.00000 5220.12527  9.25%   160 2927s
 272287 183737 5220.53901   36  715 5752.00000 5220.53901  9.24%   160 3246s
 272293 183747 5225.44084   38  599 5752.00000 5220.53901  9.24%   160 3250s
 272344 183792 5227.53572   41  542 5752.00000 5226.22794  9.14%   160 3257s
 272451 183854 5242.43083   43  464 5752.00000 5228.46557  9.10%   160 3262s
 272516 183872 5234.34409   44  495 5752.00000 5231.36585  9.05%   160 3265s
 272712 183915 5242.18471   45  475 5752.00000 5235.92926  8.97%   160 3271s
 272839 183929 5255.51628   46  379 5752.00000 5235.92926  8.97%   160 3276s
 273018 183924 5259.22463   50  350 5752.00000 5235.99133  8.97%   160 3281s
 273130 183910 5258.14836   52  258 5752.00000 5235.99133  8.97%   160 3285s
 273309 183905 5259.19039   55  318 5752.00000 5237.21523  8.95%   160 3290s
 273439 183883 5260.35985   58  378 5752.00000 5237.21523  8.95%   160 3295s
 273657 183864 5264.90896   63  272 5752.00000 5237.21523  8.95%   160 3301s
 273727 183856     cutoff   64      5752.00000 5237.21523  8.95%   160 3305s
 273801 183846 5267.12540   67  304 5752.00000 5237.34880  8.95%   160 3310s
 273934 183834 5267.88277   70  263 5752.00000 5237.34880  8.95%   160 3316s
 274098 183833 5268.77863   74  304 5752.00000 5237.34880  8.95%   160 3322s
 274210 183810 5270.10116   78  237 5752.00000 5237.34880  8.95%   160 3325s
 274436 183787 5272.92673   89  208 5752.00000 5238.22757  8.93%   160 3331s
 274698 183805 5250.52045   48  363 5752.00000 5238.22757  8.93%   160 3336s
 274844 183794 5251.84369   53  326 5752.00000 5238.22757  8.93%   160 3340s
 275182 183792 5257.63341   62  296 5752.00000 5238.22757  8.93%   160 3346s
 275396 183738 5269.24755   69  305 5752.00000 5241.48453  8.88%   160 3353s
 275431 183740 5269.70710   70  304 5752.00000 5241.93535  8.87%   160 3357s
 275484 183746 5270.49783   71  307 5752.00000 5242.28955  8.86%   160 3360s
 275742 183773 5258.36467   49  271 5752.00000 5242.59633  8.86%   160 3368s
 275941 183791 5268.70323   56  185 5752.00000 5243.48120  8.84%   160 3372s
 276181 183829 5249.55787   48  402 5752.00000 5243.48120  8.84%   160 3377s
 276483 183842 5271.53966   53  344 5752.00000 5243.56492  8.84%   160 3381s
 276968 183838 5264.62812   46  411 5752.00000 5243.98984  8.83%   160 3385s
 277402 183888     cutoff   54      5752.00000 5243.98984  8.83%   160 3390s
 277914 183867 5268.16653   43  340 5752.00000 5244.74049  8.82%   160 3395s
 278572 183828 5272.81815   53  226 5752.00000 5245.66793  8.80%   160 3400s
 279557 183765 5259.56922   47  210 5752.00000 5246.86705  8.78%   160 3405s
H279991 183621                    5748.9999813 5247.40763  8.72%   160 3405s
 279991 184397 5286.51986   77  328 5748.99999 5247.40763  8.72%   160 3416s
 280912 185930 5304.88603  105  352 5748.99999 5247.40763  8.72%   160 3438s
 282691 190974 5285.57146   67  257 5748.99999 5248.27381  8.71%   159 3463s
 290086 191183 5276.00839   26  832 5748.99999 5275.50174  8.24%   159 3905s
 290092 191192 5280.07978   28  721 5748.99999 5276.23067  8.22%   159 3910s
 290115 191219 5281.33645   30  731 5748.99999 5279.70663  8.16%   159 3916s
 290141 191240 5289.81742   31  671 5748.99999 5279.70810  8.16%   159 3921s
 290205 191278 5290.31497   33  697 5748.99999 5280.11983  8.16%   159 3927s
 290238 191303 5293.30364   33  764 5748.99999 5280.11983  8.16%   159 3931s
 290329 191358 5303.91967   34  357 5748.99999 5280.11983  8.16%   159 3938s
 290384 191400 5293.82937   35  703 5748.99999 5280.11983  8.16%   159 3942s
 290467 191439 5293.88300   36  664 5748.99999 5280.52630  8.15%   159 3945s
 290620 191496 5315.29452   38  570 5748.99999 5281.00065  8.14%   159 3951s
 290767 191525 5317.68658   39  407 5748.99999 5281.68085  8.13%   159 3956s
 290887 191568 5318.41952   40  598 5748.99999 5282.16752  8.12%   159 3960s
 290952 191586     cutoff   40      5748.99999 5282.16752  8.12%   159 3965s
 291089 191625 5323.60629   41  443 5748.99999 5285.41628  8.06%   159 3970s
 291215 191652 5335.05077   43  358 5748.99999 5285.41628  8.06%   159 3975s
 291376 191688 5336.05040   45  339 5748.99999 5285.41628  8.06%   159 3980s
 291582 191717 5339.70335   47  373 5748.99999 5285.41628  8.06%   159 3987s
 291698 191730 5339.97272   48  351 5748.99999 5285.85950  8.06%   159 3990s
 291915 191788 5346.84884   50  277 5748.99999 5285.85950  8.06%   160 3997s
 292049 191826     cutoff   51      5748.99999 5285.85950  8.06%   160 4000s
 292358 191918     cutoff   57      5748.99999 5285.85950  8.06%   160 4006s
 292706 192035 5376.16486   63  229 5748.99999 5287.19014  8.03%   160 4012s
 292893 192116     cutoff   65      5748.99999 5289.76816  7.99%   160 4016s
 293101 192216 5371.94515   70  255 5748.99999 5289.87772  7.99%   160 4020s
 293564 192372 5369.15642   80  338 5748.99999 5289.97962  7.98%   160 4027s
 293825 192440     cutoff   84      5748.99999 5290.46510  7.98%   160 4031s
 294086 192524 5379.16892   91  217 5748.99999 5290.49816  7.98%   160 4035s
 294647 192771 5391.30539  105  277 5748.99999 5292.55609  7.94%   160 4044s
 294950 192904 5312.35798   51  276 5748.99999 5292.56356  7.94%   160 4048s
 295259 193754 5300.77185   46  378 5748.99999 5293.10885  7.93%   160 4061s
 296778 196045 5312.56033   67  430 5748.99999 5293.22853  7.93%   160 4076s
 299603 197629 5339.34049  142  339 5748.99999 5293.22853  7.93%   159 4088s
 301874 197821 5310.71558   47  756 5748.99999 5310.71078  7.62%   159 4556s
 301880 197831 5310.74144   49  692 5748.99999 5310.72296  7.62%   159 4561s
 301904 197860 5312.72051   51  609 5748.99999 5311.16726  7.62%   159 4569s
 301933 197877 5312.76752   52  632 5748.99999 5312.72276  7.59%   159 4572s
 301965 197898 5314.92449   53  645 5748.99999 5312.76784  7.59%   160 4577s
 302002 197939 5315.05109   54  652 5748.99999 5313.58093  7.57%   160 4582s
 302065 197945 5325.24514   55  519 5748.99999 5313.58093  7.57%   160 4585s
 302129 197983 5315.20328   56  644 5748.99999 5313.58093  7.57%   160 4591s
 302161 198000 5326.69231   56  550 5748.99999 5313.58093  7.57%   160 4595s
 302233 198048 5326.73721   57  411 5748.99999 5313.58093  7.57%   160 4602s
 302295 198089 5315.78035   58  548 5748.99999 5313.58093  7.57%   160 4606s
 302475 198160 5316.02151   60  579 5748.99999 5315.35164  7.54%   160 4613s
 302560 198187 5316.37803   61  563 5748.99999 5315.35164  7.54%   160 4617s
 302647 198210 5316.45420   62  554 5748.99999 5316.37915  7.53%   160 4620s
 302812 198273 5316.73409   63  564 5748.99999 5316.41139  7.52%   160 4627s
 302898 198301 5316.80389   64  473 5748.99999 5316.41139  7.52%   160 4630s
 303076 198357 5378.49456   65  297 5748.99999 5316.97349  7.51%   160 4636s
 303280 198425 5317.69931   67  617 5748.99999 5317.58845  7.50%   160 4643s
 303383 198463 5317.71870   68  574 5748.99999 5317.58845  7.50%   160 4647s
 303497 198503 5317.79745   69  554 5748.99999 5317.58845  7.50%   160 4650s
 303745 198567 5317.96434   71  611 5748.99999 5317.58845  7.50%   160 4657s
 303867 198551 5318.21449   72  560 5748.99999 5317.97129  7.50%   160 4661s
 303901 198560 5325.55221   72  482 5748.99999 5318.15371  7.49%   160 4665s
 303971 198606 5375.66750   73  328 5748.99999 5318.15371  7.49%   160 4672s
 304060 198646 5318.45786   74  566 5748.99999 5318.15371  7.49%   160 4677s
 304216 198688 5318.59960   75  638 5748.99999 5318.15371  7.49%   160 4682s
 304374 198734 5318.63757   76  623 5748.99999 5318.63757  7.49%   160 4686s
 304554 198779     cutoff   77      5748.99999 5318.82582  7.48%   161 4691s
 304732 198809 5318.92582   79  744 5748.99999 5318.92582  7.48%   161 4695s
 304920 198852 5318.95544   80  622 5748.99999 5318.95544  7.48%   161 4700s
 305091 198921 5319.00958   81  605 5748.99999 5319.00958  7.48%   161 4705s
 305277 198992 5354.21248   82  305 5748.99999 5319.27455  7.47%   161 4710s
 305475 199068 5319.37175   84  689 5748.99999 5319.37175  7.47%   161 4715s
 305695 199129 5319.45265   85  604 5748.99999 5319.45265  7.47%   161 4720s
 305927 199193 5319.51509   86  615 5748.99999 5319.51509  7.47%   161 4726s
 306142 199287 5367.32472   87  328 5748.99999 5319.62483  7.47%   161 4732s
 306377 199398 5319.66085   89  651 5748.99999 5319.66085  7.47%   161 4738s
 306634 199495 5319.84034   91  630 5748.99999 5319.84034  7.46%   161 4744s
 306939 199616 5320.39025   93  588 5748.99999 5320.39025  7.46%   161 4750s
 307342 199799 5320.63893   95  548 5748.99999 5320.63893  7.45%   161 4756s
 307766 200042 5320.96503   97  513 5748.99999 5320.96503  7.45%   161 4764s
 308361 198210 5321.78522  100  461 5748.99999 5321.78522  7.43%   161 4771s
 308995 198448 5322.42635  103  643 5748.99999 5322.42635  7.42%   161 4779s
 309822 198654 5357.83520  105  427 5748.99999 5322.92645  7.41%   161 4785s
H310533 198417                    5746.9999813 5323.25619  7.37%   161 4785s
 310533 200599 5355.11087   70  349 5746.99999 5323.25619  7.37%   161 4801s
 313084 202222 5352.13757  155  268 5746.99999 5323.25619  7.37%   161 4814s
 314979 202974 5374.32627  197  380 5746.99999 5323.25619  7.37%   161 4830s
 315811 204836 5382.64108  222  333 5746.99999 5323.25619  7.37%   161 4846s
 318724 205023 5336.28159   45  678 5746.99999 5336.28159  7.15%   161 5426s
 318730 205032 5336.59939   47  651 5746.99999 5336.38818  7.14%   161 5431s
 318753 205054 5350.81564   49  475 5746.99999 5337.20077  7.13%   161 5438s
 318778 205076 5351.55358   50  449 5746.99999 5337.64830  7.12%   161 5442s
 318810 205096 5352.21963   51  463 5746.99999 5337.99466  7.12%   161 5446s
 318875 205138 5359.11192   52  323 5746.99999 5337.99466  7.12%   161 5453s
 318913 205156 5359.43498   53  374 5746.99999 5337.99466  7.12%   161 5458s
 318950 205196 infeasible   53      5746.99999 5337.99466  7.12%   161 5463s
 319021 205229 infeasible   54      5746.99999 5337.99466  7.12%   161 5467s
 319106 205264 5377.02162   55  425 5746.99999 5337.99466  7.12%   162 5470s
 319257 205322 5383.51193   57  271 5746.99999 5337.99466  7.12%   162 5477s
 319325 205352 5363.29948   58  427 5746.99999 5337.99466  7.12%   162 5481s
 319466 205386 5371.98990   59  249 5746.99999 5337.99466  7.12%   162 5488s
 319526 205407 5372.69954   60  235 5746.99999 5337.99466  7.12%   162 5491s
 319588 205420 5373.19342   61  209 5746.99999 5337.99466  7.12%   162 5495s
 319726 205453 5373.89889   63  198 5746.99999 5340.43300  7.07%   162 5502s
 319808 205478 5374.41816   64  263 5746.99999 5340.43300  7.07%   162 5506s
 319904 205481 5375.74677   65  169 5746.99999 5340.43300  7.07%   162 5510s
 320066 205518 5376.44292   67  162 5746.99999 5340.72145  7.07%   162 5517s
 320155 205536 5377.11327   68  213 5746.99999 5341.33015  7.06%   162 5522s
 320248 205558 5377.86652   69  336 5746.99999 5341.33015  7.06%   162 5526s
 320348 205582 5401.08679   70  192 5746.99999 5341.33015  7.06%   162 5531s
 320458 205603 5393.04038   71  243 5746.99999 5341.33015  7.06%   162 5535s
 320577 205620 5379.38737   73  184 5746.99999 5341.33015  7.06%   162 5541s
 320697 205657 5397.33653   74  158 5746.99999 5341.33015  7.06%   162 5546s
 320828 205671 5405.86202   76  192 5746.99999 5341.33015  7.06%   162 5551s
 320964 205696 5381.98193   78  268 5746.99999 5343.44636  7.02%   162 5556s
 321085 205742 5383.50348   80  265 5746.99999 5343.44636  7.02%   162 5561s
 321225 205776 5387.55201   82  155 5746.99999 5343.44636  7.02%   162 5567s
 321379 205810 infeasible   84      5746.99999 5343.44636  7.02%   162 5572s
 321533 205853 5388.70852   88  211 5746.99999 5344.92115  7.00%   162 5578s
 321690 205914 5406.21486   91  219 5746.99999 5344.92115  7.00%   163 5583s
 321867 205985 5389.66931   94  207 5746.99999 5344.92115  7.00%   163 5589s
 322062 206044 5410.95424   97  132 5746.99999 5344.92115  7.00%   163 5594s
 322251 206108 5391.59468  100  231 5746.99999 5345.81852  6.98%   163 5600s
 322463 206143 5393.01041  103  219 5746.99999 5345.81852  6.98%   163 5606s
 322676 206198 5393.66347  107  245 5746.99999 5346.03417  6.98%   163 5612s
 322901 206264 5394.38213  111  308 5746.99999 5346.03417  6.98%   163 5619s
 323131 206343 5395.22455  114  250 5746.99999 5346.85816  6.96%   163 5625s
 323385 206425 5396.25545  118  270 5746.99999 5347.10196  6.96%   163 5631s
 323649 206517 5397.29404  125  253 5746.99999 5347.10196  6.96%   163 5638s
 323927 206595 5422.29646  130  108 5746.99999 5347.10196  6.96%   163 5645s
 324209 206696 5413.47539  136  163 5746.99999 5347.29640  6.95%   163 5652s
 324532 206814 5418.74934  144  137 5746.99999 5347.92227  6.94%   163 5659s
 324887 207038 infeasible  155      5746.99999 5348.33331  6.94%   163 5666s
 325353 207240 5403.41490   77  266 5746.99999 5349.66029  6.91%   163 5674s
 325844 209486 5412.48439  159  308 5746.99999 5349.66029  6.91%   163 5690s
 328582 209926 5453.04407  263  317 5746.99999 5349.66029  6.91%   163 5703s
 329210 211770 5437.38415   59  195 5746.99999 5349.66029  6.91%   163 5718s
 331389 213897 5369.30630   81  447 5746.99999 5351.35985  6.88%   163 5734s
 334135 214100 5358.92926   32  764 5746.99999 5358.92926  6.75%   163 6316s
 334141 214110 5364.45309   34  742 5746.99999 5362.51069  6.69%   164 6321s
 334165 214142 5366.95104   36  453 5746.99999 5363.31756  6.68%   164 6329s
 334195 214161 5367.97059   37  580 5746.99999 5363.44283  6.67%   164 6333s
 334227 214198 5367.99576   38  560 5746.99999 5364.21011  6.66%   164 6338s
 334292 214230 5379.24271   39  298 5746.99999 5364.21011  6.66%   164 6342s
 334365 214247 5369.90539   40  549 5746.99999 5364.21011  6.66%   164 6346s
 334499 214287 5370.46575   41  597 5746.99999 5364.21011  6.66%   164 6353s
 334572 214302 5382.53773   41  636 5746.99999 5364.21011  6.66%   164 6356s
 334634 214319 5370.86511   42  565 5746.99999 5364.21011  6.66%   164 6360s
 334762 214358 5371.42680   43  578 5746.99999 5364.21011  6.66%   164 6367s
 334875 214392 5372.04686   44  557 5746.99999 5364.21011  6.66%   164 6371s
 334959 214442 5372.43198   45  535 5746.99999 5365.95664  6.63%   164 6376s
 335070 214487 5379.66247   46  395 5746.99999 5365.95664  6.63%   164 6380s
 335211 214532 5381.23387   47  527 5746.99999 5365.95664  6.63%   164 6386s
 335374 214576 5409.26513   48  291 5746.99999 5366.59010  6.62%   164 6392s
 335452 214597 5382.51885   49  546 5746.99999 5366.59717  6.62%   164 6395s
 335629 214648 5382.84932   50  502 5746.99999 5366.97724  6.61%   164 6402s
 335731 214674 5383.63073   51  575 5746.99999 5367.37198  6.61%   164 6406s
 335831 214690 5395.24972   52  465 5746.99999 5367.37198  6.61%   164 6410s
 336047 214746 5395.36706   53  493 5746.99999 5367.37198  6.61%   164 6417s
 336174 214775 5395.39931   54  477 5746.99999 5367.37198  6.61%   164 6421s
 336302 214792 5395.49795   55  464 5746.99999 5367.37198  6.61%   164 6425s
 336582 214852 5395.68989   57  506 5746.99999 5367.37198  6.61%   164 6433s
 336710 214905 5395.70744   58  528 5746.99999 5371.06350  6.54%   164 6438s
 336849 214951 5396.80675   59  497 5746.99999 5371.06350  6.54%   164 6442s
 336997 214992 5396.97559   60  468 5746.99999 5371.38542  6.54%   164 6448s
 337116 215054 5408.20679   62  267 5746.99999 5371.38542  6.54%   164 6453s
 337262 215114 infeasible   63      5746.99999 5371.38542  6.54%   164 6458s
 337427 215169 5426.81245   66  333 5746.99999 5371.38542  6.54%   164 6463s
 337600 215225 5450.78982   68  201 5746.99999 5371.50826  6.53%   164 6469s
 337773 215295 5438.07175   71  157 5746.99999 5371.87134  6.53%   164 6474s
 337960 215367 5417.64420   75  267 5746.99999 5371.87134  6.53%   164 6480s
 338167 215404     cutoff   78      5746.99999 5371.87134  6.53%   165 6485s
 338402 215448 5419.27968   82  307 5746.99999 5372.47404  6.52%   165 6492s
 338610 215534 5420.50971   86  236 5746.99999 5372.73005  6.51%   165 6497s
 338878 215593 5421.21323   91  237 5746.99999 5372.85537  6.51%   165 6504s
 339172 215719     cutoff   98      5746.99999 5373.02655  6.51%   165 6510s
 339477 215901 5433.92411  102  184 5746.99999 5373.02655  6.51%   165 6517s
 339863 215965 5430.39870  106  199 5746.99999 5373.02655  6.51%   165 6524s
 340284 216046 5427.10331  110  249 5746.99999 5373.62563  6.50%   165 6531s
 340703 216248 5429.59757  115  231 5746.99999 5373.62563  6.50%   165 6539s
 341217 216386     cutoff   47      5746.99999 5373.62563  6.50%   165 6545s
 342522 216174 5394.92363   63  272 5746.99999 5374.12017  6.49%   165 6552s
 342901 216061 infeasible   51      5746.99999 5376.11218  6.45%   165 6555s
 342999 216106 5379.56855   59  398 5746.99999 5376.11218  6.45%   165 6560s
 343388 216179     cutoff   48      5746.99999 5376.45927  6.45%   165 6568s
 343908 216218 5388.29955   64  262 5746.99999 5377.21196  6.43%   165 6571s
 344570 216079 5381.50017   48  292 5746.99999 5377.47485  6.43%   165 6575s
 345747 216054 5399.42748   52  355 5746.99999 5379.04922  6.40%   165 6582s
 346441 215946 5396.34118   61  462 5746.99999 5380.30016  6.38%   165 6587s
 347167 215896 5394.09168   51  345 5746.99999 5380.41160  6.38%   164 6591s
 347917 215810 5393.24695   65  289 5746.99999 5380.80427  6.37%   164 6595s
 349616 215544 5393.53198   58  311 5746.99999 5383.09266  6.33%   164 6603s
 350535 215286     cutoff   45      5746.99999 5383.76500  6.32%   164 6608s
 351154 215192 5390.58661   60  375 5746.99999 5384.28889  6.31%   164 6612s
 352174 214937 5397.75759   63  231 5746.99999 5384.94710  6.30%   164 6617s
 353179 214540     cutoff   55      5746.99999 5386.04264  6.28%   164 6621s
 354378 214069     cutoff   56      5746.99999 5386.98782  6.26%   163 6626s
 355644 213324 5396.05390   75  210 5746.99999 5388.14720  6.24%   163 6631s
 356993 212333 5394.86228   64  324 5746.99999 5389.13400  6.23%   163 6637s
 358413 210913     cutoff   67      5746.99999 5390.86509  6.20%   163 6642s
 360281 208806     cutoff   87      5746.99999 5392.66285  6.17%   162 6647s
 362386 208313 5428.68875   59  274 5746.99999 5394.93735  6.13%   162 6653s
 362708 208356 5450.17568   70  188 5746.99999 5394.93735  6.13%   162 6658s
 362940 208472 5479.17429   79  241 5746.99999 5395.25150  6.12%   162 6662s
 363188 208623 5485.45170   92  229 5746.99999 5395.31300  6.12%   162 6666s
 363474 208775 5489.37336  104  250 5746.99999 5395.31300  6.12%   162 6671s
 363835 208972 5404.71569   40  228 5746.99999 5395.31300  6.12%   162 6677s
 364266 209216 5413.20754   52  251 5746.99999 5395.71668  6.11%   162 6682s
 364812 209363 5419.53621   72  217 5746.99999 5396.23953  6.10%   162 6686s
 365310 209572 5423.22369   87  188 5746.99999 5396.23953  6.10%   162 6690s
 365806 209734 5428.94882  106  294 5746.99999 5396.58971  6.10%   162 6695s
 366683 210266 5433.62003  136  244 5746.99999 5397.16723  6.09%   162 6703s
 367318 210565 5439.87062  160  297 5746.99999 5397.19048  6.09%   162 6708s
 368043 210792 5445.74696  185  274 5746.99999 5397.19048  6.09%   162 6713s
 368698 211102 5453.91617  203  193 5746.99999 5397.63975  6.08%   162 6720s
 370043 211923 5472.35074  247  278 5746.99999 5398.28630  6.07%   161 6728s
 370926 212293 5481.20109  272  284 5746.99999 5398.57746  6.06%   161 6733s
 371768 212542 5412.10244   36  252 5746.99999 5398.57746  6.06%   161 6739s
 372579 212831 5481.33695   48  210 5746.99999 5398.57746  6.06%   161 6743s
 373290 213277 5432.89786   62  183 5746.99999 5398.57746  6.06%   161 6748s
 374241 213520 5462.58442   94  234 5746.99999 5399.60846  6.04%   161 6754s
 375014 214049 5453.01871   44  263 5746.99999 5400.03419  6.04%   161 6760s
 376007 214659 5488.11627   87  306 5746.99999 5400.17543  6.03%   161 6766s
 377150 215251 5439.11943   35  267 5746.99999 5400.17543  6.03%   161 6772s
 378269 215815 5470.22050   74  259 5746.99999 5400.17543  6.03%   161 6778s
 379463 216155 infeasible   60      5746.99999 5400.17543  6.03%   160 6785s
 380685 216111 infeasible   63      5746.99999 5400.43831  6.03%   160 6792s
 381576 216670 5455.78839   75  275 5746.99999 5400.43831  6.03%   160 6798s
 382864 216682 5402.37638  107  601 5746.99999 5402.37638  6.00%   160 6806s
 383576 216625 5402.61325  111  623 5746.99999 5402.42600  6.00%   160 6813s
 383954 216815 5402.65632  113  529 5746.99999 5402.42600  6.00%   160 6818s
 384509 217025 5403.01780  115  522 5746.99999 5402.42600  6.00%   160 6823s
 385086 217284 5403.20031  117  556 5746.99999 5402.42600  6.00%   160 6829s
 385703 217433 5403.37293  119  517 5746.99999 5402.82370  5.99%   160 6835s
 386271 217594 5403.57953  121  557 5746.99999 5403.57953  5.98%   160 6841s
 386766 217866 5403.75979  123  579 5746.99999 5403.75979  5.97%   160 6847s
 387387 218100 5403.91874  126  541 5746.99999 5403.91874  5.97%   160 6854s
 388068 218434 5404.07731  130  602 5746.99999 5404.07731  5.97%   160 6860s
 388778 218795 5404.19033  133  616 5746.99999 5404.19033  5.97%   160 6865s
 389537 219031 5404.45462  135  577 5746.99999 5404.45462  5.96%   160 6873s
 390175 219426 5404.72192  138  617 5746.99999 5404.72192  5.96%   160 6879s
 390916 219667 5422.49919  141  361 5746.99999 5404.74775  5.96%   160 6886s
 391689 219750 5405.74848  144  629 5746.99999 5404.74775  5.96%   160 6892s
 392259 220384 5456.79656  146  402 5746.99999 5404.74775  5.96%   160 6899s
 393236 220970 5406.02568  149  589 5746.99999 5404.74775  5.96%   160 6906s
 394354 221330 5407.11745  154  506 5746.99999 5404.74775  5.96%   160 6914s
 395311 221950 5407.98494  157  527 5746.99999 5405.52300  5.94%   160 6921s
 396442 222402 5409.04096  161  543 5746.99999 5405.52300  5.94%   160 6930s
 397617 222913 5409.53072  165  581 5746.99999 5406.09340  5.93%   160 6938s
 398755 223222 infeasible  169      5746.99999 5406.09340  5.93%   160 6947s
 399788 223652 5411.49214  175  499 5746.99999 5406.31143  5.93%   160 6955s
 400818 224213 5411.92462  179  541 5746.99999 5406.33440  5.93%   160 6964s
 401979 224732 5413.22927  184  531 5746.99999 5406.33440  5.93%   160 6974s
 403204 224668 5426.71531   88  435 5746.99999 5406.33440  5.93%   160 6983s
 403720 224751 5454.17867   96  340 5746.99999 5406.33440  5.93%   160 6991s
 404084 224934 5458.52168  101  376 5746.99999 5406.33440  5.93%   160 6997s
 404515 225167 5474.61267  108  290 5746.99999 5406.83345  5.92%   160 7004s
 404983 225374 5483.46164  121  263 5746.99999 5406.83345  5.92%   160 7011s
 405472 225522 5444.31542   80  364 5746.99999 5406.83345  5.92%   160 7017s
 405851 225781 5449.19624   89  328 5746.99999 5406.83345  5.92%   160 7023s
 406351 225947 5462.23750  100  352 5746.99999 5408.02616  5.90%   160 7030s
 406852 226128 5482.04779  112  292 5746.99999 5408.40473  5.89%   160 7037s
 407359 226277 5474.51155  132  386 5746.99999 5408.40473  5.89%   160 7044s
 407848 226520 5477.19534  145  317 5746.99999 5408.67448  5.89%   160 7051s
 408504 226782 5421.12676   88  430 5746.99999 5408.75491  5.89%   160 7059s
 409252 227077 5428.31015  109  376 5746.99999 5408.97368  5.88%   160 7066s
 409906 227378 5440.13649  127  254 5746.99999 5408.97368  5.88%   160 7073s
 410511 227790 5458.37496  156  219 5746.99999 5408.97368  5.88%   160 7081s
 411226 228241 5467.53038  192  263 5746.99999 5408.97368  5.88%   160 7089s
 412060 228611 5483.89048  235  198 5746.99999 5409.50642  5.87%   160 7097s
 412820 228893 5471.77450   72  114 5746.99999 5409.50642  5.87%   161 7106s
 413560 229284 5486.68375   78  120 5746.99999 5411.13679  5.84%   161 7114s
 414314 229693 5418.76783   81  415 5746.99999 5411.13679  5.84%   161 7123s
 415134 229482 5424.79116   97  467 5746.99999 5411.13679  5.84%   161 7132s
 415233 230138 5424.88015   98  411 5746.99999 5411.13679  5.84%   161 7141s
 416139 230531 5430.84754  117  454 5746.99999 5411.13679  5.84%   161 7151s
 417050 230879 5435.50270  134  437 5746.99999 5411.13679  5.84%   161 7161s
 417958 231476 5442.78058  156  524 5746.99999 5411.82554  5.83%   161 7172s
 419043 231919 5449.39274  181  462 5746.99999 5411.82554  5.83%   161 7183s
 420105 232352 5458.27535  212  606 5746.99999 5412.17435  5.83%   161 7194s
 421130 232840 5469.61342  234  444 5746.99999 5413.13207  5.81%   161 7206s
 422320 233101 5458.05499   74  411 5746.99999 5413.13207  5.81%   161 7218s
 423377 233000     cutoff  119      5746.99999 5413.24544  5.81%   162 7226s
 423790 233186     cutoff  134      5746.99999 5414.02484  5.79%   162 7232s
 424320 233246 5431.86150   48  284 5746.99999 5414.02484  5.79%   162 7238s
 424838 233319 5495.29933   52  204 5746.99999 5414.05770  5.79%   162 7243s
 425243 233438 5451.26774   56  232 5746.99999 5414.05770  5.79%   162 7249s
 425654 233591 5470.61221   58  230 5746.99999 5415.58207  5.77%   162 7254s
 426040 233887 5489.92155   73  224 5746.99999 5415.58207  5.77%   162 7260s
 426567 234125 5482.30018   94  320 5746.99999 5415.58207  5.77%   162 7266s
 427103 234336 5489.59260  119  282 5746.99999 5415.58207  5.77%   162 7271s
 427643 234498 5427.99354   51  336 5746.99999 5415.58207  5.77%   162 7278s
 428208 234648     cutoff   56      5746.99999 5415.58207  5.77%   162 7286s
 428852 234834 5483.23860   49  329 5746.99999 5415.58594  5.77%   162 7293s
 429430 235043 5424.19548   51  408 5746.99999 5415.58594  5.77%   162 7299s
 430009 235225 5491.32994   55  316 5746.99999 5415.58594  5.77%   162 7306s
 430604 235471 5432.22093   54  442 5746.99999 5415.58594  5.77%   162 7313s
 431215 235787 5437.09436   63  436 5746.99999 5417.03360  5.74%   162 7321s
 431881 236017 5439.47688   73  589 5746.99999 5417.03360  5.74%   162 7328s
 432526 236308 5445.14476   86  524 5746.99999 5417.03360  5.74%   162 7336s
 433241 236513 5447.25811   98  543 5746.99999 5417.03360  5.74%   162 7344s
 433907 236746 5456.97512  113  572 5746.99999 5417.03360  5.74%   162 7352s
 434591 237158 5460.71788  133  453 5746.99999 5417.03360  5.74%   162 7361s
 435486 237393 5466.77034  157  490 5746.99999 5417.56939  5.73%   162 7370s
 436300 237745 5469.66110  183  514 5746.99999 5417.56939  5.73%   162 7379s
 437203 238021 5479.06876  220  466 5746.99999 5417.56939  5.73%   163 7389s
 437990 238624 5487.26713  257  362 5746.99999 5417.56939  5.73%   163 7399s
 439075 238290 5498.22974  305  410 5746.99999 5417.56939  5.73%   163 7408s
 439116 238825 5498.55511  306  413 5746.99999 5422.88581  5.64%   163 7419s
 439903 239280 5445.18643   71  378 5746.99999 5422.88581  5.64%   163 7430s
 441053 238930 5487.38852   70  291 5746.99999 5422.88581  5.64%   163 7441s
 441087 239520 5488.78236   71  287 5746.99999 5422.88581  5.64%   163 7453s
 441899 239702     cutoff   54      5746.99999 5422.88581  5.64%   163 7465s
 442562 240629 5486.74412   45  306 5746.99999 5422.88581  5.64%   163 7477s
 443968 238620     cutoff   77      5746.99999 5422.92374  5.64%   163 7480s
 445626 239206 5497.35513  114  355 5746.99999 5429.11347  5.53%   162 7490s
 447221 239573 5488.13633   41  236 5746.99999 5429.11347  5.53%   162 7497s
 448460 240086 5518.41340   83  301 5746.99999 5429.11347  5.53%   162 7505s
 449644 241589 5471.67507   48  156 5746.99999 5431.07245  5.50%   162 7518s
 451992 241855 5493.02175   93  400 5746.99999 5431.58467  5.49%   162 7525s
 453283 241979 5516.11040  135  375 5746.99999 5431.58467  5.49%   162 7532s
 454004 242725 5476.81367   61  618 5746.99999 5432.05969  5.48%   162 7540s
 455405 243414 5519.53207   93  244 5746.99999 5432.43363  5.47%   161 7548s
 456880 244003 5497.47877  134  445 5746.99999 5432.74099  5.47%   161 7557s
 458421 244767 5471.88878   40  356 5746.99999 5433.26943  5.46%   161 7566s
 460019 244922 5489.63954   81  376 5746.99999 5433.26943  5.46%   161 7576s
 460755 244702 5496.90406  102  359 5746.99999 5433.26943  5.46%   161 7585s
 460792 244719 5497.47083  103  348 5746.99999 5433.26943  5.46%   161 7595s
 460827 246055 5497.74550  104  325 5746.99999 5434.23129  5.44%   161 7605s
 462404 247312 5483.00853   53  292 5746.99999 5434.23129  5.44%   161 7615s
 464667 248279 5473.22545   53  263 5746.99999 5435.13892  5.43%   161 7626s
 466924 248388 5515.32884   71  253 5746.99999 5435.14254  5.43%   160 7637s
 468239 247980 5461.71054   67  337 5746.99999 5435.14254  5.43%   160 7648s
 468272 248282 5462.24229   68  362 5746.99999 5435.14254  5.43%   160 7657s
 468645 249182 5462.41029   69  382 5746.99999 5435.14254  5.43%   160 7669s
 469985 250213 5466.02267   70  379 5746.99999 5435.72672  5.42%   160 7682s
 472423 250638 5443.64957  189  548 5746.99999 5435.72672  5.42%   160 7698s
 474037 250969 5448.15522  198  604 5746.99999 5435.72672  5.42%   160 7709s
 475123 249970 5450.04528  206  524 5746.99999 5435.96777  5.41%   160 7721s
 476828 250274 5487.49686  217  216 5746.99999 5436.99530  5.39%   160 7733s
 477826 251134     cutoff  228      5746.99999 5437.09639  5.39%   160 7746s
 479273 251963 5454.52407  236  554 5746.99999 5437.09639  5.39%   160 7759s
 480891 252556 5458.29876  246  486 5746.99999 5437.09639  5.39%   160 7772s
 482405 253333 5461.60507  259  470 5746.99999 5437.11133  5.39%   160 7786s
 484309 253986 5464.45184  278  540 5746.99999 5437.11133  5.39%   160 7800s
 486093 253906 5503.71449  293  217 5746.99999 5437.49679  5.39%   160 7815s
 486908 255713     cutoff  304      5746.99999 5437.49679  5.39%   160 7830s
 489561 256575 5471.38548  326  516 5746.99999 5438.04594  5.38%   160 7845s
 491803 257534 5477.31065  358  511 5746.99999 5438.04594  5.38%   160 7861s
 494150 258636 5476.78998   93  276 5746.99999 5438.69196  5.36%   159 7876s
 496491 259502 5498.51431  111  321 5746.99999 5438.69196  5.36%   159 7892s
H498693 258768                    5745.9999813 5438.98233  5.34%   159 7892s
 498693 259490 infeasible   83      5745.99999 5438.98233  5.34%   159 7908s
 500019 260115 infeasible  104      5745.99999 5439.07270  5.34%   160 7927s
 501593 260100     cutoff  137      5745.99999 5439.07270  5.34%   160 7941s
 502296 260884     cutoff  149      5745.99999 5439.91264  5.33%   160 7959s
 503704 261019 5477.09314  125  491 5745.99999 5440.15242  5.32%   160 7976s
 504751 262428 5487.83667  142  500 5745.99999 5440.15242  5.32%   160 7994s
 506883 263275 infeasible   71      5745.99999 5440.15242  5.32%   160 8011s
 508943 263536 5509.18433   86  267 5745.99999 5440.29521  5.32%   160 8029s
 510112 264815 5446.21673   94  410 5745.99999 5440.29521  5.32%   160 8047s
 512199 265715 5476.37174  127  273 5745.99999 5440.29521  5.32%   160 8065s
 514222 266747 5499.74431  195  161 5745.99999 5440.29521  5.32%   160 8084s
 516374 267774 5474.61196   87  375 5745.99999 5441.37626  5.30%   160 8102s
 518535 268928 5513.04612   65  261 5745.99999 5441.40699  5.30%   160 8121s
 520785 269520 5468.19170   98  347 5745.99999 5441.40699  5.30%   161 8140s
 522650 269876 5493.35579  146  444 5745.99999 5442.35595  5.28%   161 8160s
 524371 270619 5477.82767   84  503 5745.99999 5442.68484  5.28%   161 8176s
 526073 271394 5496.09188  116  576 5745.99999 5444.19492  5.25%   161 8194s
 527927 271706     cutoff   57      5745.99999 5444.75665  5.24%   161 8205s
 529253 272340 5459.41021   47  500 5745.99999 5444.75665  5.24%   161 8217s
 530755 272960 5471.21972   74  507 5745.99999 5445.81490  5.22%   161 8230s
 532212 273546 5481.11365   95  485 5745.99999 5446.51349  5.21%   161 8243s
 533574 274403 5491.74738  134  453 5745.99999 5446.89524  5.21%   161 8256s
 535262 275069 5506.01117  192  430 5745.99999 5447.12199  5.20%   161 8269s
 536889 275989 5470.99672   55  305 5745.99999 5447.48304  5.20%   161 8284s
 538646 276844 5471.25889   48  267 5745.99999 5447.48304  5.20%   161 8299s
 540441 277700 5513.44062   82  301 5745.99999 5447.48304  5.20%   161 8313s
 542332 278836 5487.71389   96  371 5745.99999 5448.46561  5.18%   161 8329s
 544424 279880 5514.93105  186  408 5745.99999 5449.03652  5.17%   161 8345s
 546627 280727 5482.63113   86  372 5745.99999 5449.25021  5.16%   161 8361s
 548598 281829 5463.70063   63  383 5745.99999 5449.71659  5.16%   161 8378s
 550723 282686 5498.82274  120  424 5745.99999 5449.71659  5.16%   161 8395s
 554030 283133 5528.05602  224  388 5745.99999 5450.91448  5.14%   161 8407s
 556238 284318 5523.85527  105  342 5745.99999 5451.33916  5.13%   161 8419s
 558767 286270 5513.44158   89  170 5745.99999 5451.66369  5.12%   161 8439s
 562615 286712 5485.11044  152  386 5745.99999 5452.00077  5.12%   161 8452s
 565148 287393 5502.71356  227  338 5745.99999 5452.71205  5.10%   160 8466s
 567848 288710 5522.12765   45  233 5745.99999 5452.99007  5.10%   160 8480s
 570968 290070 5530.15954  125  309 5745.99999 5453.56109  5.09%   160 8494s
 573926 290266 5512.29228  131  313 5745.99999 5454.04027  5.08%   160 8508s
 575794 292262 5504.04464   71  453 5745.99999 5454.04027  5.08%   160 8524s
 579281 293030 5505.64313   53  256 5745.99999 5454.42495  5.07%   160 8540s
 582586 294346 5489.01762   40  298 5745.99999 5455.07426  5.06%   159 8555s
 586192 295456 5480.12312   91  359 5745.99999 5455.31088  5.06%   159 8576s
 589102 296843 5480.98537  102  364 5745.99999 5455.91151  5.05%   159 8600s
 592338 297248 5497.80738   65  170 5745.99999 5455.99788  5.05%   159 8618s
 594914 297996 5517.02908   97  158 5745.99999 5456.25767  5.04%   159 8635s
 597545 299126 5484.90686   98  424 5745.99999 5456.95619  5.03%   159 8654s
 600270 299888 5500.95593   76  414 5745.99999 5457.36728  5.02%   159 8674s
 602507 301830 5509.55389  114  220 5745.99999 5457.57199  5.02%   159 8693s
 605898 303347 5481.50158   84  364 5745.99999 5457.98295  5.01%   159 8714s
 609363 302984 5508.20974  203  525 5745.99999 5458.11795  5.01%   159 8735s
 610989 305258 5514.68633  248  357 5745.99999 5458.11795  5.01%   158 8758s
 614380 307281 5515.81975  111  306 5745.99999 5458.84021  5.00%   158 8781s
 618292 309696 5481.53258  130  478 5745.99999 5459.08822  4.99%   158 8810s
 623140 309443     cutoff  212      5745.99999 5459.33234  4.99%   158 8835s
 625571 310429 5512.46532   74  395 5745.99999 5459.72925  4.98%   158 8859s
 628054 311943 5517.55158   83  363 5745.99999 5459.92383  4.98%   159 8889s
 631377 311576 5493.47735   75  305 5745.99999 5460.69703  4.97%   159 8910s
 632524 313649 5527.42038   91  231 5745.99999 5460.95482  4.96%   159 8935s
 635639 315521 5498.79548  134  315 5745.99999 5461.08603  4.96%   159 8959s
 638979 317196 5497.26534   94  380 5745.99999 5461.45777  4.95%   159 8983s
 642298 318557 5505.26577   84  333 5745.99999 5461.54921  4.95%   159 9007s
 645313 320266 5501.86930  168  352 5745.99999 5462.14933  4.94%   159 9032s
 648576 321996 5471.90842   87  350 5745.99999 5462.16912  4.94%   159 9058s
 652062 323119 5493.84928  165  428 5745.99999 5462.21234  4.94%   159 9083s
 655107 324085 5519.52946  279  297 5745.99999 5462.56619  4.93%   159 9109s
 658088 325130 5508.69711  132  421 5745.99999 5462.94556  4.93%   159 9132s
 660683 325009 5477.83506   68  364 5745.99999 5462.94556  4.93%   159 9153s
 661840 327245 5497.40670   96  329 5745.99999 5462.94556  4.93%   160 9178s
 665142 326168 5509.23059   79  470 5745.99999 5463.79965  4.91%   160 9208s
 665181 334290 5509.32396   80  447 5745.99999 5463.79965  4.91%   160 9356s
 677405 333539 5524.54656  100  476 5745.99999 5465.07197  4.89%   160 9393s
 682166 335078 5521.05454   62  295 5745.99999 5465.93154  4.87%   160 9427s
 686815 335478 5481.43873   50  218 5745.99999 5466.98407  4.86%   160 9459s
 689854 337201 5524.64455   58  382 5745.99999 5467.51435  4.85%   160 9489s
 693877 338494 5513.88373   55  416 5745.99999 5467.60332  4.85%   160 9510s
 697879 340571 5493.20518  148  325 5745.99999 5468.07742  4.84%   160 9532s
 702283 341197 5529.83455   95  363 5745.99999 5468.58103  4.83%   160 9548s
 705686 341849 infeasible   94      5745.99999 5469.08456  4.82%   160 9563s
 708585 342870 5540.31241  115  268 5745.99999 5469.39900  4.81%   160 9579s
 711745 344107 5515.52952   94  437 5745.99999 5469.69459  4.81%   159 9595s
 715095 345450 5496.58961   54  471 5745.99999 5470.38153  4.80%   159 9611s
 718462 345243 5517.39838   93  211 5745.99999 5470.69739  4.79%   159 9627s
 719930 347432 5523.67842   59  238 5745.99999 5470.73784  4.79%   159 9644s
 723688 348588 5535.99465   60  255 5745.99999 5470.94756  4.79%   159 9661s
 727449 350519     cutoff   70      5745.99999 5471.49688  4.78%   159 9682s
 732025 350890 5518.51522   81  300 5745.99999 5471.71495  4.77%   159 9696s
 734808 351735 5537.68867   68  293 5745.99999 5471.87506  4.77%   158 9711s
 737990 352352     cutoff  300      5745.99999 5472.16749  4.77%   158 9737s
 740535 354623 5499.63969   70  326 5745.99999 5472.43024  4.76%   158 9769s
 745650 355123 5532.38417  187  312 5745.99999 5472.68639  4.76%   158 9793s
 749435 356330 5505.37328  114  272 5745.99999 5473.32891  4.75%   158 9815s
 752961 357651 5526.57205  208  459 5745.99999 5473.42787  4.74%   158 9838s
 756803 359787 5488.11045  103  309 5745.99999 5473.84924  4.74%   158 9859s
 760254 361505 5526.42504   80  302 5745.99999 5473.99809  4.73%   158 9881s
 763503 364417 infeasible  119      5745.99999 5474.44923  4.73%   158 9908s
 767348 365433 5514.07923   71  357 5745.99999 5474.70413  4.72%   158 9930s
 769022 368726 5515.46907   86  354 5745.99999 5474.74627  4.72%   158 9956s
 773572 371119     cutoff  107      5745.99999 5475.23514  4.71%   158 9979s
 777302 373910 5495.08995   77  369 5745.99999 5475.45429  4.71%   158 10000s
 781028 376412 5522.68695  200  482 5745.99999 5475.45429  4.71%   158 10020s
H784566 376412                    5744.9999813 5475.85837  4.68%   158 10020s
 784566 379686 5507.19857  119  360 5744.99999 5475.85837  4.68%   158 10056s
 788671 378347 5540.41397  139  369 5744.99999 5475.85837  4.68%   158 10082s
 788706 378380 5540.89314  140  364 5744.99999 5475.85837  4.68%   158 10108s
 788751 378967 5540.99463  141  362 5744.99999 5475.85837  4.68%   158 10137s
 789483 380852 5519.00694  152  172 5744.99999 5476.06524  4.68%   158 10172s
 792764 382897 infeasible   73      5744.99999 5476.43629  4.67%   158 10206s
 797227 383659 5504.47474  173  299 5744.99999 5476.56678  4.67%   158 10239s
 800486 385201 5522.42465  132  317 5744.99999 5476.56678  4.67%   158 10271s
 804577 386753 5502.42754  127  182 5744.99999 5477.35069  4.66%   158 10301s
 808685 386366 5528.59886  201  317 5744.99999 5477.62745  4.65%   159 10330s
 810508 388999 5503.60213  122  234 5744.99999 5477.66548  4.65%   159 10362s
 814612 391247 5519.95199  144  334 5744.99999 5477.66548  4.65%   159 10397s
 819286 391649 5492.42136   70  274 5744.99999 5478.21129  4.64%   159 10422s
 821901 393712     cutoff   87      5744.99999 5478.21129  4.64%   159 10449s
 825552 394309 5510.71722  251  374 5744.99999 5478.53616  4.64%   159 10475s
 828080 395166 5522.42350  129  458 5744.99999 5478.55220  4.64%   159 10509s
 829902 395489     cutoff   57      5744.99999 5478.79634  4.63%   159 10543s
 831143 401554 5536.89163   93  310 5744.99999 5478.79634  4.63%   159 10628s
 840258 401651 5491.65336   68  413 5744.99999 5479.68885  4.62%   159 10662s
 845039 402556 5505.28103   61  203 5744.99999 5480.11230  4.61%   160 10693s
 848839 403756 5533.69244   97  281 5744.99999 5480.42123  4.61%   160 10722s
 852789 404811 5527.77242   72  349 5744.99999 5480.53489  4.60%   160 10750s
 856698 405661 5526.01386  102  500 5744.99999 5481.15628  4.59%   160 10777s
 860341 407507 5519.85776   80  379 5744.99999 5481.42528  4.59%   160 10813s
 864907 408576 5517.03240   45  272 5744.99999 5481.78133  4.58%   160 10837s
 868427 409605 5488.18483   90  421 5744.99999 5482.11829  4.58%   160 10859s
 871546 411695 5538.64636  116  341 5744.99999 5482.13067  4.58%   160 10877s
 875439 412948 5515.47358   38  217 5744.99999 5482.57021  4.57%   160 10892s
 878915 413845 5506.87981   43  194 5744.99999 5482.95610  4.56%   160 10907s
 882400 414656 5545.09054   49  197 5744.99999 5483.36282  4.55%   160 10922s
 885593 416328 5525.81997   55  159 5744.99999 5483.64892  4.55%   159 10936s
 888876 418999 5508.03918   67  310 5744.99999 5483.74499  4.55%   159 10953s
 892398 421951 5548.62054  128  361 5744.99999 5483.98748  4.54%   159 10974s
 896406 424331 5529.66165  120  320 5744.99999 5484.49901  4.53%   159 10988s
 899787 426566 5509.90890  112  265 5744.99999 5484.80291  4.53%   159 11003s
 902910 428915 5496.82664  101  434 5744.99999 5485.00400  4.53%   159 11018s
 906429 431072 5513.14928  181  570 5744.99999 5485.25959  4.52%   159 11033s
 909603 433005 5532.28256  291  424 5744.99999 5485.45690  4.52%   159 11047s
 912498 435012 5549.70585   98  191 5744.99999 5485.58294  4.52%   158 11062s
 915547 437123 5532.85735  130  266 5744.99999 5486.07618  4.51%   158 11078s
 918903 439210 5534.60755   60  227 5744.99999 5486.26654  4.50%   158 11093s
 921974 441559 5535.79784  171  426 5744.99999 5486.68893  4.50%   158 11116s
 925505 444241 5527.83357  124  371 5744.99999 5487.01052  4.49%   158 11139s
 927709 444241 5540.58334  123  460 5744.99999 5487.16166  4.49%   158 11140s
 929332 447041 5538.67890  142  338 5744.99999 5487.20592  4.49%   158 11161s
 933136 449340 5514.12942   94  442 5744.99999 5487.53034  4.48%   158 11188s
 936054 452272 5517.84969  101  334 5744.99999 5487.67590  4.48%   158 11215s
 940449 455034 5497.87383  102  287 5744.99999 5487.84785  4.48%   158 11237s
 944334 457240 5521.44095  128  408 5744.99999 5488.09153  4.47%   158 11258s
 947638 459228 5490.80020   78  391 5744.99999 5488.19768  4.47%   158 11279s
 950575 459228     cutoff  136      5744.99999 5488.28545  4.47%   158 11280s
 950725 461164 5504.47056  142  433 5744.99999 5488.28545  4.47%   158 11301s
 953599 463567 5496.65152  124  449 5744.99999 5488.69994  4.46%   158 11323s
 957235 465327 5522.51881  297  360 5744.99999 5488.80799  4.46%   158 11345s
 960112 468074 5533.98120  123  361 5744.99999 5488.95565  4.46%   158 11366s
 963935 470297 5499.97599  175  517 5744.99999 5489.41921  4.45%   158 11392s
 967275 472831 5512.10288  259  416 5744.99999 5489.51154  4.45%   158 11416s
 971165 475512 5534.68959  428  437 5744.99999 5489.71394  4.44%   158 11437s
 974796 478145 5540.74555  382  322 5744.99999 5489.90373  4.44%   158 11470s
 978244 480548 5532.58505  123  330 5744.99999 5490.19008  4.44%   158 11504s
 981240 483876 5492.67932   72  434 5744.99999 5490.22724  4.43%   158 11536s
 985325 485362 5519.59062  149  465 5744.99999 5490.44944  4.43%   158 11567s
 987386 487816 5527.44746  188  510 5744.99999 5490.44944  4.43%   158 11600s
 991414 490911 5528.05898   86  248 5744.99999 5490.91273  4.42%   158 11636s
 995686 492911 5522.12586  100  309 5744.99999 5491.28527  4.42%   158 11662s
 998822 494474     cutoff  138      5744.99999 5491.41502  4.41%   158 11690s
 1000963 495475 5510.01481   99  315 5744.99999 5491.42573  4.41%   158 11718s
 1002405 496538 5552.66101  329  264 5744.99999 5491.42573  4.41%   158 11750s
 1003899 499142 5540.88136  111  452 5744.99999 5491.42573  4.41%   159 11784s
 1007515 501953 5519.59695  195  442 5744.99999 5491.71452  4.41%   159 11819s
 1011570 505103 5554.88352  187   67 5744.99999 5491.88833  4.41%   159 11851s
 1015645 507799 5547.12280  162  431 5744.99999 5492.20338  4.40%   159 11881s
 1019119 510576 5522.58681   89  387 5744.99999 5492.20338  4.40%   159 11910s
 1022924 514044     cutoff  196      5744.99999 5492.40779  4.40%   159 11951s
 1027161 516792 5513.44962  144  478 5744.99999 5492.74831  4.39%   159 11983s
 1031216 519270 5543.84480  254  391 5744.99999 5493.13545  4.38%   159 12008s
 1034812 521653 5543.46616   42  226 5744.99999 5493.45659  4.38%   159 12032s
 1038044 523836 5501.60464   62  302 5744.99999 5493.57915  4.38%   159 12057s
 1041462 524268     cutoff   93      5744.99999 5493.83027  4.37%   159 12083s
 1042312 526994 5529.27148  110  303 5744.99999 5493.83027  4.37%   159 12109s
 1046214 529926 5517.82391   65  349 5744.99999 5493.92742  4.37%   159 12143s
 1050352 532082 5547.04723   72  260 5744.99999 5494.28503  4.36%   159 12168s
 1053482 534004 5521.31108   65  340 5744.99999 5494.49926  4.36%   159 12192s
 1056414 536197 5533.99582  107  290 5744.99999 5494.72802  4.36%   160 12219s
 1059607 538391 5515.28808  116  314 5744.99999 5494.72802  4.36%   160 12246s
 1063106 540289 5540.62666  197  424 5744.99999 5495.06881  4.35%   160 12271s
 1066463 542565 5544.48344   61  112 5744.99999 5495.32191  4.35%   160 12297s
 1069870 544691 5528.05539   82  340 5744.99999 5495.35414  4.35%   160 12323s
 1073326 547146 5526.47970   94  267 5744.99999 5495.62571  4.34%   160 12348s
 1076658 550045 5513.05867   64  245 5744.99999 5495.85610  4.34%   160 12381s
 1080779 552586 5560.82188  117  374 5744.99999 5496.05144  4.33%   160 12400s
 1084313 554797 5548.38160   62  153 5744.99999 5496.16075  4.33%   160 12417s
 1087624 556600 5549.90273  138  271 5744.99999 5496.61622  4.32%   160 12433s
 1091097 558630 5566.18337  106  201 5744.99999 5496.80492  4.32%   160 12449s
 1094786 560303 5508.65586   61  410 5744.99999 5497.04862  4.32%   160 12465s
 1097662 561493 5545.76216   52  265 5744.99999 5497.09497  4.32%   160 12480s
 1100740 562969     cutoff   64      5744.99999 5497.51351  4.31%   160 12496s
 1103958 565016 5550.73596   60  319 5744.99999 5497.74370  4.30%   159 12513s
 1107518 567353 5556.14206   58  272 5744.99999 5498.07060  4.30%   159 12528s
 1110941 569130 5537.76811  163  292 5744.99999 5498.27394  4.29%   159 12548s
 1114500 570946 5524.20217  158  331 5744.99999 5498.53585  4.29%   159 12563s
 1117343 573052 5544.78780   76  389 5744.99999 5498.91025  4.28%   159 12580s
 1120731 575617 5551.66005   54  253 5744.99999 5499.24249  4.28%   159 12597s
 1124453 578037 5541.22460   80  286 5744.99999 5499.41644  4.27%   159 12613s
 1127836 580003 5529.87122   83  365 5744.99999 5499.58996  4.27%   159 12629s
 1130843 582740 5540.13979  178  433 5744.99999 5499.87980  4.27%   159 12652s
 1134459 584738 5546.92963  111  442 5744.99999 5500.05844  4.26%   159 12674s
 1137404 586692 5512.69598  133  476 5744.99999 5500.18455  4.26%   159 12696s
 1141218 584014 5522.73371  170  449 5744.99999 5500.35597  4.26%   159 12718s
 1142531 586056     cutoff  185      5744.99999 5500.35597  4.26%   159 12741s
 1146315 587817     cutoff  277      5744.99999 5500.51574  4.26%   159 12763s
 1149755 588835 5538.54806  118  475 5744.99999 5500.85117  4.25%   159 12790s
 1152082 589877 5542.76315  120  278 5744.99999 5501.00223  4.25%   159 12822s
 1153722 592229 5539.83409   66  315 5744.99999 5501.11262  4.25%   159 12863s
 1157377 596325 5545.88186   76  212 5744.99999 5501.20759  4.24%   159 12903s
 1163879 599191 5539.29205   71  524 5744.99999 5501.60144  4.24%   159 12932s
 1168714 601785     cutoff   92      5744.99999 5501.83849  4.23%   159 12958s
 1173065 604010     cutoff   99      5744.99999 5502.09395  4.23%   159 12981s
 1176848 606463 5533.82572  158  306 5744.99999 5502.38670  4.22%   159 13003s
 1180645 607521 5540.15209  168  288 5744.99999 5502.54787  4.22%   159 13031s
H1182414 607521                    5742.9999813 5502.71972  4.18%   159 13031s
 1182414 609553 5563.12479  261  290 5742.99999 5502.71972  4.18%   159 13064s
 1184953 614530 5544.94170   83  342 5742.99999 5502.77041  4.18%   159 13106s
 1190816 617688 5520.03402   89  308 5742.99999 5502.99118  4.18%   159 13134s
 1194688 618686 5556.10656  219  343 5742.99999 5502.99118  4.18%   159 13161s
 1196429 621835 5555.19043  119  262 5742.99999 5503.20782  4.18%   159 13190s
 1200232 624741 5564.90111  116  302 5742.99999 5503.50315  4.17%   159 13217s
 1203736 627968 5545.20240  174  281 5742.99999 5503.62343  4.17%   159 13245s
 1207604 631642 infeasible  184      5742.99999 5503.62343  4.17%   159 13281s
 1212097 634056 infeasible  116      5742.99999 5503.86235  4.16%   159 13305s
 1215172 636322 5540.67700  116  386 5742.99999 5503.86235  4.16%   159 13330s
 1218086 638513 5547.16813  135  379 5742.99999 5504.09290  4.16%   159 13354s
 1221513 640151     cutoff  106      5742.99999 5504.20583  4.16%   159 13379s
 1224471 641577 5541.27213   84  286 5742.99999 5504.30291  4.16%   159 13405s
 1227097 643920 5529.99021  132  289 5742.99999 5504.30291  4.16%   159 13433s
 1230184 646488 5546.99789  131  326 5742.99999 5504.57923  4.15%   159 13459s
 1233461 648710 5559.36200   57  258 5742.99999 5504.74704  4.15%   159 13488s
 1237123 650020     cutoff   62      5742.99999 5504.94130  4.15%   159 13516s
 1239474 652719 5520.05529   68  429 5742.99999 5505.08372  4.14%   159 13545s
 1243059 656009 5537.90226  150  361 5742.99999 5505.16299  4.14%   159 13575s
 1247321 658489 5552.94305   92  337 5742.99999 5505.41155  4.14%   159 13603s
 1251014 661313 5534.77464   84  332 5742.99999 5505.74985  4.13%   160 13629s
 1254674 663671 5547.92523   71  315 5742.99999 5505.85975  4.13%   160 13654s
 1258284 665708 5549.22868   63  207 5742.99999 5506.03824  4.13%   160 13688s
 1261357 669088 5524.89980   96  342 5742.99999 5506.17837  4.12%   160 13718s
 1265950 671488 5561.92161  165  399 5742.99999 5506.40652  4.12%   160 13743s
 1269533 673477 5547.46810  129  336 5742.99999 5506.60632  4.12%   160 13768s
 1272796 675117 5547.28804  140  355 5742.99999 5506.74818  4.11%   160 13793s
 1275505 677709 5543.34026   77  438 5742.99999 5506.85850  4.11%   160 13819s
 1278945 680260 5519.23971   67  323 5742.99999 5506.98015  4.11%   160 13845s
 1282611 682514 5536.79003   70  263 5742.99999 5507.13217  4.11%   160 13870s
 1286143 684866 5554.06780  175  254 5742.99999 5507.32230  4.10%   160 13887s
 1289546 686989 5565.60539  212  295 5742.99999 5507.37998  4.10%   160 13903s
 1292778 689139 5573.73867   69  250 5742.99999 5507.85448  4.09%   160 13919s
 1295910 691007 5567.40385  108  446 5742.99999 5507.85448  4.09%   160 13940s
 1299837 692676 5569.89918   53  370 5742.99999 5508.35555  4.09%   159 13954s
 1302996 693784 infeasible   71      5742.99999 5508.68061  4.08%   159 13969s
 1305129 695202 5551.76666  139  227 5742.99999 5508.88303  4.08%   159 13985s
 1308032 697603 5560.24201  101  280 5742.99999 5508.91643  4.08%   159 14001s
 1311698 699209 5543.67948   68  324 5742.99999 5509.22654  4.07%   159 14018s
 1315084 700694 5540.37548   53  187 5742.99999 5509.34634  4.07%   159 14036s
 1318323 702250 infeasible   71      5742.99999 5509.62420  4.06%   159 14052s
 1321693 703283 5535.53966  109  335 5742.99999 5509.88765  4.06%   159 14068s
 1323537 705205     cutoff  134      5742.99999 5510.04043  4.06%   159 14086s
 1327019 707091 5559.56370   86  242 5742.99999 5510.18826  4.05%   159 14105s
 1330490 709343 5514.91215   60  214 5742.99999 5510.44199  4.05%   159 14121s
 1334200 711486 5523.99536   80  269 5742.99999 5510.50135  4.05%   159 14137s
 1337133 713866 infeasible  109      5742.99999 5510.82215  4.04%   159 14160s
 1341122 715957 5540.08489   93  291 5742.99999 5510.94025  4.04%   159 14179s
 1344482 717575 5539.78456  123  352 5742.99999 5511.22745  4.04%   159 14198s
 1347538 719368 5520.76208   60  514 5742.99999 5511.35956  4.03%   159 14218s
 1350531 721462 5544.05230  104  380 5742.99999 5511.47983  4.03%   159 14238s
 1353987 723487 5543.65656  186  520 5742.99999 5511.60709  4.03%   159 14258s
 1357135 725417 5530.50155   86  277 5742.99999 5511.83472  4.03%   159 14278s
 1360160 727465 5544.23053  127  327 5742.99999 5511.98850  4.02%   159 14299s
 1363673 728792 5538.25352   89  285 5742.99999 5512.16093  4.02%   159 14320s
 1365975 731305 5520.94853   81  393 5742.99999 5512.16093  4.02%   159 14347s
 1369906 733471 5551.72657   81  321 5742.99999 5512.45222  4.01%   159 14366s
 1373264 735026 5533.39951  130  500 5742.99999 5512.59534  4.01%   159 14385s
 1376311 736577 5539.37760  144  329 5742.99999 5512.76928  4.01%   159 14405s
 1379623 738543 5531.07112  102  248 5742.99999 5512.88187  4.01%   159 14425s
 1382791 740344     cutoff   86      5742.99999 5513.07287  4.00%   159 14445s
 1386163 742437 5550.02767  110  297 5742.99999 5513.25124  4.00%   159 14465s
 1389322 745331 5547.60038   90  431 5742.99999 5513.32333  4.00%   159 14495s
 1392946 747694 5536.84769  103  182 5742.99999 5513.36205  4.00%   159 14529s
 1396407 750553 5553.65643  113  279 5742.99999 5513.59159  3.99%   159 14559s
 1399939 753727 5527.63325  113  408 5742.99999 5513.59159  3.99%   159 14587s
 1403902 755260 5546.16123  216  494 5742.99999 5513.77840  3.99%   159 14615s
 1405960 757153 5556.90002  302  509 5742.99999 5513.86230  3.99%   159 14647s
 1408963 759390 5541.66371  179  305 5742.99999 5513.94483  3.99%   159 14676s
 1412373 761681 5572.16225  139  192 5742.99999 5513.94483  3.99%   159 14705s
 1415811 764290 5557.58436   88  210 5742.99999 5514.25320  3.98%   159 14734s
 1419187 766986 5526.28614  109  409 5742.99999 5514.38602  3.98%   159 14762s
 1422814 769206 5554.03530  188  486 5742.99999 5514.47213  3.98%   159 14795s
 1425867 772780 5556.65629   96  246 5742.99999 5514.59609  3.98%   159 14829s
 1430482 775594 5569.13779  191  242 5742.99999 5514.72189  3.97%   159 14856s
 1433865 778134 5557.08564   84  189 5742.99999 5514.90732  3.97%   159 14882s
 1437069 780455 5550.83155  130  281 5742.99999 5514.99391  3.97%   160 14910s
 1440465 782611 5555.81231   71  325 5742.99999 5514.99391  3.97%   160 14939s
 1443959 785309 5547.26659  133  444 5742.99999 5515.09171  3.97%   160 14971s
 1447929 787408 5543.45431   83  427 5742.99999 5515.28532  3.97%   160 14995s
 1451191 789435 5544.82858  111  284 5742.99999 5515.46461  3.96%   160 15019s
 1454176 791827 5529.70517   68  295 5742.99999 5515.48685  3.96%   160 15044s
 1457608 794071 5534.37893   94  382 5742.99999 5515.76194  3.96%   160 15068s
 1461039 795694 5541.28261   92  300 5742.99999 5515.92966  3.95%   160 15092s
 1463778 798105 infeasible   76      5742.99999 5516.05351  3.95%   160 15117s
 1467243 799736 5540.16594   75  451 5742.99999 5516.17635  3.95%   160 15145s
 1470413 800901 5549.26472   86  431 5742.99999 5516.21368  3.95%   160 15170s
 1472398 803190     cutoff   62      5742.99999 5516.38646  3.95%   160 15197s
 1476094 805578 5539.57707  103  331 5742.99999 5516.46330  3.94%   160 15228s
 1479822 807815 infeasible   86      5742.99999 5516.59046  3.94%   160 15253s
 1483337 809627 5564.84536  115  351 5742.99999 5516.82169  3.94%   160 15278s
 1486020 811589 5565.44209   62  339 5742.99999 5516.88958  3.94%   160 15304s
 1488921 813447 5561.99678   92  307 5742.99999 5516.99296  3.94%   160 15330s
 1491942 815489 5534.75373   94  354 5742.99999 5517.22019  3.93%   160 15347s
 1494960 818037 5538.75583  111  396 5742.99999 5517.34065  3.93%   160 15365s
 1498719 819779 5544.78084  138  330 5742.99999 5517.50660  3.93%   160 15382s
 1501878 821022 5547.50132  159  321 5742.99999 5517.73207  3.92%   160 15400s
 1503970 823107 infeasible  173      5742.99999 5517.73207  3.92%   160 15418s
 1507782 824939 5550.74156   65  209 5742.99999 5518.00747  3.92%   160 15436s
 1511297 826299 infeasible   77      5742.99999 5518.50000  3.91%   160 15456s
 1514674 828096 5567.08340   55  389 5742.99999 5518.63788  3.91%   160 15472s
 1518012 829457 5563.78589  112  384 5742.99999 5518.65782  3.91%   160 15489s
 1521227 831702 5533.23307  110  372 5742.99999 5518.81282  3.90%   160 15507s
 1524828 833758 5577.82870  230  333 5742.99999 5519.20952  3.90%   160 15523s
 1528200 835501 5564.56901   56  219 5742.99999 5519.47907  3.89%   160 15539s
 1531026 837707 5560.25791  125  294 5742.99999 5519.71544  3.89%   160 15555s
 1534399 839803 5580.62320   70  306 5742.99999 5519.83999  3.89%   160 15572s
 1537786 841348 5550.40930   57  293 5742.99999 5519.88901  3.88%   160 15588s
 1540942 843012 5556.01505  260  256 5742.99999 5520.22907  3.88%   160 15607s
 1544240 845032 5534.39196  113  254 5742.99999 5520.37394  3.88%   159 15630s
 1547886 847143 5555.95944   71  261 5742.99999 5520.60416  3.87%   159 15652s
 1551630 848799 5526.34799  123  491 5742.99999 5520.81670  3.87%   159 15677s
 1555225 850714 5561.88054   97  193 5742.99999 5520.99975  3.87%   159 15697s
 1558563 852269     cutoff  139      5742.99999 5521.06894  3.86%   159 15718s
 1561512 854418 5561.73863  103  256 5742.99999 5521.29612  3.86%   159 15739s
 1564939 856538     cutoff  176      5742.99999 5521.44548  3.86%   159 15760s
 1568368 858827 infeasible   99      5742.99999 5521.59403  3.86%   159 15782s
 1572101 860704 5548.42268  148  383 5742.99999 5521.72171  3.85%   159 15802s
 1575590 862182 5554.62132  109  295 5742.99999 5521.90722  3.85%   159 15823s
 1578790 864006 5563.46242   65  303 5742.99999 5522.12424  3.85%   159 15843s
 1582068 866042     cutoff  200      5742.99999 5522.21784  3.84%   159 15868s
 1585401 867458 5558.11103  171  256 5742.99999 5522.33294  3.84%   159 15890s
 1587918 869994 5560.81537  243  282 5742.99999 5522.44028  3.84%   159 15915s
 1592358 871958 5548.76151  186  459 5742.99999 5522.73354  3.84%   159 15936s
 1595782 873490 5540.16395   97  331 5742.99999 5522.82981  3.83%   159 15967s
 1597792 877757 5572.12336  138  407 5742.99999 5522.82981  3.83%   159 16016s
 1603881 880235 5533.61341  157  233 5742.99999 5523.11981  3.83%   160 16048s
 1607777 882479 5553.53814  180  244 5742.99999 5523.19424  3.83%   160 16078s
 1610830 885936 5543.33451  197  338 5742.99999 5523.32749  3.83%   160 16111s
 1614997 888740 5547.18036  227  362 5742.99999 5523.32749  3.83%   160 16141s
 1618651 891031 5551.93987  261  403 5742.99999 5523.57702  3.82%   160 16168s
 1621824 893529 5564.59945  297  248 5742.99999 5523.69642  3.82%   160 16197s
 1625255 895445 5574.75491   81  256 5742.99999 5523.81405  3.82%   160 16225s
 1628171 898111 5557.21561  134  356 5742.99999 5523.89355  3.82%   160 16254s
 1631773 900805 5562.05425  139  294 5742.99999 5523.89355  3.82%   160 16282s
 1635251 902558 5542.20153  122  298 5742.99999 5524.07585  3.81%   160 16310s
 1637510 904630 5577.98956  162  307 5742.99999 5524.07585  3.81%   160 16343s
 1640855 906965 5568.21167  237  220 5742.99999 5524.18956  3.81%   160 16374s
 1644570 909335 5541.59746  186  489 5742.99999 5524.27081  3.81%   160 16402s
 1647899 911654 5574.09235   72  330 5742.99999 5524.35770  3.81%   160 16430s
 1651210 913439 5556.32887  155  471 5742.99999 5524.43053  3.81%   160 16457s
 1654593 915675 5554.85601   64  163 5742.99999 5524.50108  3.80%   160 16486s
 1658258 917629 5562.38084   85  330 5742.99999 5524.71961  3.80%   160 16512s
 1661389 920553 5557.36621   55  298 5742.99999 5524.78883  3.80%   160 16543s
 1665505 922764 5568.53690  139  503 5742.99999 5525.01934  3.80%   161 16566s
 1668734 924594 infeasible   69      5742.99999 5525.09341  3.79%   161 16588s
 1671497 926392     cutoff  133      5742.99999 5525.24356  3.79%   161 16612s
 1674306 928736 5544.57011   97  255 5742.99999 5525.30948  3.79%   161 16637s
 1677710 929922 5570.74864   89  340 5742.99999 5525.34839  3.79%   161 16663s
 1679495 931312 5553.62019  135  389 5742.99999 5525.34839  3.79%   161 16690s
 1681723 933531 5569.35954  199  458 5742.99999 5525.62712  3.79%   161 16718s
 1685270 936037 5574.29753  133  309 5742.99999 5525.73076  3.78%   161 16745s
 1688827 938549 5548.10146  143  438 5742.99999 5525.90745  3.78%   161 16773s
 1692480 940950 5548.99624   91  372 5742.99999 5526.01839  3.78%   161 16804s
 1696432 942775 5551.53401   72  374 5742.99999 5526.20320  3.77%   161 16828s
 1699249 944367 5575.73224  224  422 5742.99999 5526.32434  3.77%   161 16844s
 1702137 945823 5576.88070   77  294 5742.99999 5526.53931  3.77%   161 16863s
 1704548 948427 5558.44928   94  348 5742.99999 5526.69146  3.77%   161 16884s
 1709236 950407     cutoff  103      5742.99999 5526.90322  3.76%   161 16902s
 1712911 952064 5573.09923   76  203 5742.99999 5527.11184  3.76%   161 16920s
 1716180 953964 5576.15397   68  275 5742.99999 5527.24112  3.76%   161 16938s
 1719725 955949 5574.58286   78  251 5742.99999 5527.56152  3.75%   161 16955s
 1723127 958231 5564.16891   72  268 5742.99999 5527.56152  3.75%   161 16972s
 1726830 959492 5577.25935  183  226 5742.99999 5527.73291  3.75%   160 16991s
 1729646 961677 5575.50469   84  296 5742.99999 5528.04942  3.74%   160 17011s
 1733195 963576 5543.04266   67  337 5742.99999 5528.30120  3.74%   160 17030s
 1736871 965056 5556.94719  121  400 5742.99999 5528.36809  3.74%   160 17048s
 1739904 967087     cutoff  120      5742.99999 5528.74942  3.73%   160 17066s
 1743527 969219     cutoff   71      5742.99999 5528.89746  3.73%   160 17084s
 1747038 971093 5560.31728  107  292 5742.99999 5529.05566  3.73%   160 17101s
 1750718 972944 5567.29238  196  230 5742.99999 5529.18149  3.72%   160 17124s
 1754006 974716 5570.20194  153  306 5742.99999 5529.29183  3.72%   160 17145s
 1757422 976627 5565.45662   99  426 5742.99999 5529.42619  3.72%   160 17168s
 1760937 978160 5548.26244  306  577 5742.99999 5529.59411  3.72%   160 17190s
 1764266 980338 5561.16123  104  240 5742.99999 5529.77067  3.71%   160 17211s
 1768006 982327 5567.73501  148  338 5742.99999 5529.84514  3.71%   160 17236s
 1771585 983670 5551.32265  141  325 5742.99999 5530.09866  3.71%   160 17258s
 1775120 983683 5536.58453   57  360 5742.99999 5530.11618  3.71%   160 17279s
 1775171 983703 5536.75396   58  358 5742.99999 5530.21551  3.71%   160 17300s
 1775215 983777 5538.07212   59  413 5742.99999 5530.21551  3.71%   160 17321s
 1775370 984995 5538.39317   60  355 5742.99999 5530.21551  3.71%   160 17344s
 1777493 987334 5544.32665   69  362 5742.99999 5530.25551  3.70%   160 17368s
 1781578 989480 5553.72358  112  345 5742.99999 5530.41387  3.70%   160 17392s
 1785151 991295 5562.68986  134  220 5742.99999 5530.51611  3.70%   160 17415s
 1788869 993372 5554.07854  108  385 5742.99999 5530.82924  3.69%   160 17437s
 1792556 995248     cutoff   62      5742.99999 5530.97095  3.69%   160 17458s
 1796033 997303 5572.22119   98  194 5742.99999 5531.05674  3.69%   160 17479s
 1799595 999053 5546.42215  178  334 5742.99999 5531.21835  3.69%   160 17504s
 1802996 1000639 5571.09612  300  571 5742.99999 5531.37645  3.68%   160 17534s
 1805651 1002580     cutoff  129      5742.99999 5531.41534  3.68%   160 17570s
 1809199 1005188 5535.82837   97  552 5742.99999 5531.48203  3.68%   160 17605s
 1813097 1007993 5563.62676   59  211 5742.99999 5531.70015  3.68%   161 17638s
 1816911 1011141 5550.11600  116  414 5742.99999 5531.81865  3.68%   161 17670s
 1820965 1013294 5573.80420  105  240 5742.99999 5531.81963  3.68%   161 17699s
 1824095 1016612 5555.12957  129  365 5742.99999 5531.95050  3.67%   161 17731s
 1828080 1019452 5567.14849  209  375 5742.99999 5532.03564  3.67%   161 17757s
 1831639 1021717 5568.83254  149  294 5742.99999 5532.20047  3.67%   161 17782s
 1834598 1023704 5563.88308  209  372 5742.99999 5532.21399  3.67%   161 17806s
 1837162 1026198 5581.65794  115  172 5742.99999 5532.21399  3.67%   161 17833s
 1840285 1028382 5567.05686   81  422 5742.99999 5532.21399  3.67%   161 17860s
 1843300 1030727 5576.40731  184  342 5742.99999 5532.54365  3.66%   161 17887s
 1846567 1033232 5572.01803  246  328 5742.99999 5532.57140  3.66%   161 17915s
 1849833 1035301 5585.05438   62  393 5742.99999 5532.70457  3.66%   161 17941s
 1852553 1036766 5557.89831  151  343 5742.99999 5532.70693  3.66%   161 17970s
 1854599 1038480 5553.21706   70  254 5742.99999 5532.70693  3.66%   161 17998s
 1856989 1041654 5564.11407  111  400 5742.99999 5532.74466  3.66%   161 18036s
 1862157 1043695 5563.69533  124  358 5742.99999 5532.94970  3.66%   161 18063s
 1865628 1046236 5577.48939   91  280 5742.99999 5533.06672  3.66%   161 18090s
 1869288 1048471 5536.57764   59  265 5742.99999 5533.20070  3.65%   161 18117s
 1872782 1050639 5555.41897  108  267 5742.99999 5533.27512  3.65%   161 18144s
 1876114 1052802 5581.25259  149  371 5742.99999 5533.41666  3.65%   161 18171s
 1879534 1054949     cutoff   90      5742.99999 5533.55593  3.65%   161 18200s
 1883229 1056352 5567.07642   92  433 5742.99999 5533.60250  3.65%   161 18226s
 1886269 1057946 5550.80050  103  378 5742.99999 5533.74480  3.64%   161 18252s
 1889819 1059161 5561.31429  153  325 5742.99999 5533.90086  3.64%   161 18278s
 1892914 1060606 5551.84745   57  282 5742.99999 5534.01049  3.64%   161 18304s
 1896008 1061975 5549.85165  118  520 5742.99999 5534.09555  3.64%   162 18329s
 1898650 1064481 5556.57732  145  449 5742.99999 5534.11269  3.64%   162 18357s
 1902263 1066518 5576.41649   97  399 5742.99999 5534.24368  3.63%   162 18383s
 1905332 1067844 5583.67201  152  240 5742.99999 5534.32787  3.63%   162 18400s
 1908120 1069864 5579.81693   60  424 5742.99999 5534.53861  3.63%   162 18420s
 1911779 1072203 5578.55124   65  201 5742.99999 5534.80442  3.63%   162 18439s
 1915284 1073672 5571.22310  139  418 5742.99999 5534.93006  3.62%   162 18455s
 1918490 1074946 5556.91103   97  275 5742.99999 5535.10283  3.62%   161 18471s
 1921426 1076533 5584.74478  112  310 5742.99999 5535.15853  3.62%   161 18488s
 1924365 1078055     cutoff   86      5742.99999 5535.42692  3.61%   161 18505s
 1927597 1079882 5573.50261   51  326 5742.99999 5535.58920  3.61%   161 18523s
 1930897 1081097     cutoff  224      5742.99999 5535.74594  3.61%   161 18541s
 1933292 1082764 5569.34757  100  326 5742.99999 5535.83299  3.61%   161 18558s
 1936226 1084249 5580.86462   95  379 5742.99999 5536.02709  3.60%   161 18576s
 1939260 1085862     cutoff   78      5742.99999 5536.15437  3.60%   161 18594s
 1942325 1087784 5582.98119   92  345 5742.99999 5536.24558  3.60%   161 18614s
 1945581 1089471 5570.16619  100   98 5742.99999 5536.58542  3.59%   161 18632s
 1948658 1091357 5578.36229  118  308 5742.99999 5536.71017  3.59%   161 18649s
 1952181 1093052 5585.99101   84  248 5742.99999 5536.93343  3.59%   161 18666s
 1955478 1094917 5574.78480  105  298 5742.99999 5537.16079  3.58%   161 18688s
 1958672 1096900 5569.86262  127  348 5742.99999 5537.21191  3.58%   161 18712s
 1961984 1098611 5545.21496  135  406 5742.99999 5537.36972  3.58%   161 18736s
 1965638 1100325 5573.30389  166  392 5742.99999 5537.52561  3.58%   161 18758s
 1968933 1102510     cutoff  118      5742.99999 5537.59462  3.58%   161 18780s
 1972709 1104441 5577.50097  100  198 5742.99999 5537.70544  3.57%   161 18802s
 1976232 1106198 5552.04792  168  363 5742.99999 5537.85876  3.57%   161 18824s
 1979238 1107943 5563.53343  112  338 5742.99999 5537.94246  3.57%   161 18845s
 1982776 1109907 5564.62826  102  308 5742.99999 5538.05380  3.57%   161 18871s
 1986685 1111889 5556.83057  129  297 5742.99999 5538.22151  3.57%   161 18890s
 1989828 1112634 5568.33037  133  493 5742.99999 5538.30352  3.56%   161 18911s
 1991019 1114671 5561.20016   68  311 5742.99999 5538.36099  3.56%   161 18934s
 1994500 1116455 5573.25553   79  261 5742.99999 5538.48513  3.56%   161 18956s
 1998067 1117805     cutoff   61      5742.99999 5538.59869  3.56%   161 18978s
 2001234 1119151 5567.45409   89  322 5742.99999 5538.79254  3.56%   161 19001s
 2004377 1120999 5563.78212  130  248 5742.99999 5538.85268  3.55%   161 19023s
 2007873 1122568 5587.20636  227  288 5742.99999 5538.97526  3.55%   161 19054s
 2011068 1124630 5570.62072   92  277 5742.99999 5539.07311  3.55%   161 19085s
 2014252 1127313 5587.45297   90  202 5742.99999 5539.19363  3.55%   161 19116s
 2017806 1130191 5583.40681  101  341 5742.99999 5539.29289  3.55%   161 19147s
 2021442 1133116 5592.99510  218  254 5742.99999 5539.36011  3.55%   161 19177s
 2025223 1134922 5594.14130  208  292 5742.99999 5539.39363  3.55%   161 19205s
 2028070 1137276 5578.58027  113  258 5742.99999 5539.39363  3.55%   161 19235s
 2031377 1140078 5582.87321  200  362 5742.99999 5539.60933  3.54%   162 19264s
 2035054 1141506 5588.08476  144  362 5742.99999 5539.64717  3.54%   162 19294s
 2037943 1142774 5594.46390   94  259 5742.99999 5539.72435  3.54%   162 19326s
 2040660 1144720     cutoff  215      5742.99999 5539.75530  3.54%   162 19362s
 2044058 1146773     cutoff  109      5742.99999 5539.76647  3.54%   162 19397s
 2047136 1148678 5575.58813  120  238 5742.99999 5539.87171  3.54%   162 19433s
 2050810 1150457 5592.04149  167  295 5742.99999 5539.99549  3.53%   162 19467s
 2054087 1153451 5568.57435   77  450 5742.99999 5540.03586  3.53%   162 19503s
 2058062 1155726 5582.64218  102  397 5742.99999 5540.11090  3.53%   162 19530s
 2061369 1157933 5577.23930  111  350 5742.99999 5540.25021  3.53%   162 19560s
 2064695 1160049 5573.49558   60  250 5742.99999 5540.34617  3.53%   162 19587s
 2068020 1162050 5577.39389   91  253 5742.99999 5540.47286  3.53%   162 19614s
 2071311 1163253 5559.10813   83  447 5742.99999 5540.55242  3.53%   162 19643s
 2072847 1166029 5575.11828   99  373 5742.99999 5540.55242  3.53%   162 19673s
 2076752 1168107 5560.44314  109  397 5742.99999 5540.64701  3.52%   162 19701s
 2080035 1170795 5575.25535   57  349 5742.99999 5540.81019  3.52%   162 19729s
 2083739 1173064 5582.05304  114  349 5742.99999 5540.81019  3.52%   162 19757s
 2087067 1175751 5543.72562   78  417 5742.99999 5540.98986  3.52%   162 19784s
 2090825 1178200 5557.64559  150  503 5742.99999 5540.98986  3.52%   162 19813s
 2094388 1180051 5582.21998  242  506 5742.99999 5541.14816  3.51%   162 19839s
 2098071 1181988 5587.86659  104  313 5742.99999 5541.25552  3.51%   162 19864s
 2101794 1183863 5565.65234   89  334 5742.99999 5541.29530  3.51%   162 19887s
 2104903 1185449 5582.82980  128  248 5742.99999 5541.42591  3.51%   162 19911s
 2107861 1187162 5563.39958   56  314 5742.99999 5541.49332  3.51%   162 19934s
 2110702 1187852 5586.24131   61  353 5742.99999 5541.58935  3.51%   162 19952s
 2111871 1192183 5565.02792  154  185 5742.99999 5541.64918  3.51%   162 19996s
 2120450 1193730 5584.69410  111  402 5742.99999 5541.94041  3.50%   162 20016s
 2124419 1195492 5588.97768  121  287 5742.99999 5542.15133  3.50%   162 20035s
 2128085 1195653 5581.23668   81  139 5742.99999 5542.46762  3.49%   162 20055s
 2128543 1206556     cutoff  128      5742.99999 5542.53792  3.49%   162 20167s
 2152134 1207763 5577.55592   91  377 5742.99999 5543.37982  3.48%   162 20184s
 2155057 1209084 5590.12352   98  433 5742.99999 5543.72340  3.47%   162 20203s
 2158204 1210253 5583.53489   73  227 5742.99999 5543.74538  3.47%   162 20222s
 2160965 1211780 5562.67794  160  308 5742.99999 5543.95654  3.47%   162 20245s
 2164051 1213196     cutoff   86      5742.99999 5544.11975  3.46%   162 20269s
 2167286 1214696 5558.96007  128  272 5742.99999 5544.21823  3.46%   162 20295s
 2170646 1216188 5569.92261  123  413 5742.99999 5544.35769  3.46%   162 20317s
 2173943 1217809     cutoff   93      5742.99999 5544.43008  3.46%   162 20339s
 2177202 1219615 5583.93185  128  237 5742.99999 5544.62897  3.45%   162 20360s
 2180870 1221163 5566.58088  161  433 5742.99999 5544.69891  3.45%   162 20382s
 2184122 1223059 5580.74101   73  174 5742.99999 5544.77884  3.45%   162 20403s
 2187649 1224596 5581.01624  108  352 5742.99999 5544.86854  3.45%   162 20423s
 2191012 1226603     cutoff  136      5742.99999 5545.01309  3.45%   162 20445s
 2194602 1227913 5566.26865  179  452 5742.99999 5545.10116  3.45%   162 20465s
 2197560 1229422 5583.52327  123  238 5742.99999 5545.19914  3.44%   162 20491s
 2200943 1231049 5576.03524  173  222 5742.99999 5545.33395  3.44%   162 20513s
 2204219 1232770 5573.11924   83  459 5742.99999 5545.45904  3.44%   162 20535s
 2207245 1234315 5567.03293   73  238 5742.99999 5545.53749  3.44%   162 20559s
 2210357 1235904 5579.96351   88  268 5742.99999 5545.59642  3.44%   162 20581s
 2213568 1238284 5598.44145  138  259 5742.99999 5545.76593  3.43%   162 20610s
 2216742 1240701 5593.16204  142  297 5742.99999 5545.76593  3.43%   162 20641s
 2220038 1243337 5564.81057   93  408 5742.99999 5545.88907  3.43%   162 20672s
 2223734 1244772 5580.26883  153  341 5742.99999 5546.03809  3.43%   162 20704s
 2226032 1248096 5576.59294   93  327 5742.99999 5546.09745  3.43%   162 20745s
 2230645 1251096 5586.13523  144  442 5742.99999 5546.24458  3.43%   162 20778s
 2234557 1254234 5581.53879  221  331 5742.99999 5546.33315  3.42%   162 20810s
 2238519 1256410 5581.49318  212  309 5742.99999 5546.33315  3.42%   162 20839s
 2241575 1258921 5597.78656   81  233 5742.99999 5546.37738  3.42%   162 20869s
 2245043 1261859 5597.38474  125  277 5742.99999 5546.37738  3.42%   162 20900s
 2248737 1264165 5574.27823  164  301 5742.99999 5546.51370  3.42%   163 20929s
 2252219 1266216 5562.28498   83  214 5742.99999 5546.67112  3.42%   163 20957s
 2255300 1268379 5589.13813  233  411 5742.99999 5546.67112  3.42%   163 20990s
 2258813 1270039 5575.96845  117  304 5742.99999 5546.82251  3.42%   163 21018s
 2261574 1272009 5577.35634  115  324 5742.99999 5546.95348  3.41%   163 21049s
 2264993 1274425 5571.55500   69  348 5742.99999 5546.98418  3.41%   163 21076s
 2268524 1276848 5575.27545   62  227 5742.99999 5547.05773  3.41%   163 21102s
 2272016 1278599 5591.01465  147  354 5742.99999 5547.20120  3.41%   163 21127s
 2274920 1280682 5567.76912   78  239 5742.99999 5547.26371  3.41%   163 21157s
 2278666 1281607 5573.47256  120  399 5742.99999 5547.43508  3.41%   163 21182s
 2280576 1283775 5588.70772   71  340 5742.99999 5547.48125  3.40%   163 21210s
 2284193 1285800 5564.57274   81  352 5742.99999 5547.54637  3.40%   163 21238s
 2287865 1287811 5580.19920  112  436 5742.99999 5547.63517  3.40%   163 21265s
 2291676 1289555 infeasible   82      5742.99999 5547.69563  3.40%   163 21290s
 2294987 1291547 5563.01036  104  319 5742.99999 5547.82423  3.40%   163 21317s
 2298239 1293441 5588.85213   76  420 5742.99999 5547.92457  3.40%   163 21342s
 2301575 1295094     cutoff  110      5742.99999 5548.06874  3.39%   163 21367s
 2304881 1297317     cutoff  123      5742.99999 5548.11271  3.39%   163 21397s
 2308919 1299579 5572.38802   73  332 5742.99999 5548.22632  3.39%   163 21419s
 2312280 1301203 5573.16600  109  636 5742.99999 5548.31286  3.39%   163 21441s
 2315250 1302400 infeasible  176      5742.99999 5548.36121  3.39%   163 21459s
 2318018 1304242 5590.18918   78  269 5742.99999 5548.52311  3.39%   163 21479s
 2321477 1306117 5598.70347  214  238 5742.99999 5548.61590  3.38%   163 21498s
 2325225 1308041 5595.86924  183  428 5742.99999 5548.82772  3.38%   163 21517s
 2328747 1309984     cutoff  135      5742.99999 5549.06210  3.38%   163 21536s
 2332404 1311713     cutoff   46      5742.99999 5549.29959  3.37%   163 21554s
 2335642 1313371 5568.88384   64  316 5742.99999 5549.49169  3.37%   163 21571s
 2338587 1315136     cutoff  159      5742.99999 5549.54971  3.37%   163 21590s
 2342204 1316443 5596.95107  245  183 5742.99999 5549.69904  3.37%   163 21609s
 2345489 1318071 5583.59848  113  274 5742.99999 5549.86477  3.36%   163 21626s
 2348739 1319537 5565.14798  105  260 5742.99999 5550.00344  3.36%   163 21643s
 2351661 1320808 5589.73851   65  350 5742.99999 5550.19731  3.36%   163 21661s
 2354701 1322204 5583.68258   68  323 5742.99999 5550.25564  3.36%   163 21679s
 2358124 1322979 5569.37908  230  405 5742.99999 5550.29859  3.36%   163 21697s
 2360075 1324467 5582.20757  266  429 5742.99999 5550.51802  3.35%   163 21717s
 2363352 1325912 5586.00187  147  331 5742.99999 5550.66531  3.35%   163 21735s
 2366795 1327914     cutoff  126      5742.99999 5550.72300  3.35%   163 21758s
 2370106 1329586 5573.97495   79  205 5742.99999 5550.82898  3.35%   163 21780s
 2373404 1330957 5588.82363  197  219 5742.99999 5550.97796  3.34%   163 21802s
 2376707 1332570 5571.67506  148  381 5742.99999 5551.05241  3.34%   163 21824s
 2380281 1334138 5582.04206  394  405 5742.99999 5551.18320  3.34%   163 21849s
 2383656 1335619 infeasible  188      5742.99999 5551.28471  3.34%   163 21872s
 2387185 1336799 5576.09418  122  326 5742.99999 5551.40487  3.34%   163 21894s
 2390339 1338368 5563.89723   62  240 5742.99999 5551.51108  3.33%   163 21915s
 2393697 1339997 5585.40981  116  153 5742.99999 5551.65845  3.33%   163 21937s
 2397162 1341638 5578.91188  260  358 5742.99999 5551.76203  3.33%   163 21959s
 2400459 1343063 5577.98847  151  301 5742.99999 5551.89710  3.33%   163 21979s
 2403737 1344217 5577.25658   90  224 5742.99999 5551.98744  3.33%   163 22001s
 2406584 1345542 infeasible  102      5742.99999 5552.07378  3.32%   163 22023s
 2409619 1347108 5583.38192  167  350 5742.99999 5552.15617  3.32%   163 22048s
 2413084 1348958 5571.66743  105  356 5742.99999 5552.28246  3.32%   163 22071s
 2416622 1350293 5566.19846  126  286 5742.99999 5552.39724  3.32%   163 22092s
 2419436 1351493 5599.15039  249  360 5742.99999 5552.52162  3.32%   163 22122s
 2422026 1354187 infeasible  156      5742.99999 5552.60527  3.32%   163 22159s
 2425982 1356860 5600.87350  160  186 5742.99999 5552.71539  3.31%   163 22194s
 2429821 1359250 5597.87914   82  415 5742.99999 5552.77560  3.31%   163 22225s
 2433106 1362054 5573.10393  101  318 5742.99999 5552.87110  3.31%   163 22257s
 2436975 1364185 5574.14068  177  399 5742.99999 5552.90300  3.31%   163 22292s
 2440152 1366359 5557.74516   92  332 5742.99999 5553.01140  3.31%   163 22324s
 2443399 1368938 5585.60538  156  399 5742.99999 5553.01140  3.31%   163 22355s
 2447055 1370890 5584.26366  135  318 5742.99999 5553.15459  3.31%   163 22384s
 2449929 1372598     cutoff   96      5742.99999 5553.19365  3.31%   163 22415s
 2452339 1374921 5581.77825  120  385 5742.99999 5553.24581  3.30%   163 22447s
 2455908 1376618 5601.71412  144  169 5742.99999 5553.33072  3.30%   163 22478s
 2458968 1378328 5599.63161  206  308 5742.99999 5553.38749  3.30%   163 22510s
 2462009 1379749 5594.55378  178  229 5742.99999 5553.50631  3.30%   164 22542s
 2464593 1381998     cutoff  146      5742.99999 5553.57057  3.30%   164 22576s
 2468021 1384913 5599.25313  151  326 5742.99999 5553.64071  3.30%   164 22613s
 2471913 1386818 5555.81787   83  338 5742.99999 5553.68370  3.30%   164 22640s
 2475187 1388975 5584.60199   93  388 5742.99999 5553.74346  3.30%   164 22666s
 2478576 1391146 5567.17776   81  305 5742.99999 5553.86160  3.29%   164 22693s
 2482032 1393488 5598.42486   81  207 5742.99999 5553.87008  3.29%   164 22719s
 2485587 1395335 5591.24744  188  398 5742.99999 5554.02570  3.29%   164 22744s
 2488644 1397500 5593.14005  114  409 5742.99999 5554.05258  3.29%   164 22770s
 2492125 1399479 5582.23671  171  426 5742.99999 5554.15263  3.29%   164 22800s
 2495477 1401315 5566.04709   89  418 5742.99999 5554.20469  3.29%   164 22826s
 2498816 1403167 5589.57343   88  492 5742.99999 5554.29936  3.29%   164 22853s
 2502721 1404987 5560.23073   88  413 5742.99999 5554.37879  3.28%   164 22878s
 2506098 1405831 5592.51976  183  467 5742.99999 5554.43670  3.28%   164 22904s
 2507877 1407205     cutoff   96      5742.99999 5554.54994  3.28%   164 22930s
 2510455 1409844 5578.17847   88  287 5742.99999 5554.61071  3.28%   164 22958s
 2514346 1411841     cutoff   70      5742.99999 5554.69474  3.28%   164 22985s
 2517878 1413994 5571.99776  117  377 5742.99999 5554.75460  3.28%   164 23011s
 2521151 1416499 5584.61319  102  308 5742.99999 5554.84025  3.28%   164 23041s
 2525054 1417737 5586.72892  229  410 5742.99999 5554.92889  3.27%   164 23058s
 2528339 1418857 5595.96993  106  277 5742.99999 5555.01613  3.27%   164 23076s
 2531142 1419656     cutoff  108      5742.99999 5555.12243  3.27%   164 23097s
 2533042 1421871     cutoff   92      5742.99999 5555.36306  3.27%   164 23125s
 2538299 1423342 5601.35928   53  273 5742.99999 5555.53152  3.26%   164 23147s
 2541773 1424787     cutoff   88      5742.99999 5555.77334  3.26%   164 23168s
 2545382 1425829 5574.46609   51  404 5742.99999 5555.92639  3.26%   164 23187s
 2548576 1427447     cutoff  311      5742.99999 5556.12553  3.25%   164 23208s
 2552243 1428503     cutoff  141      5742.99999 5556.23310  3.25%   164 23229s
 2555283 1429789 5574.17216   49  287 5742.99999 5556.32638  3.25%   164 23249s
 2558450 1430939 5561.67318   84  436 5742.99999 5556.58596  3.25%   164 23269s
 2561935 1431888 5580.30185  197  442 5742.99999 5556.71753  3.24%   164 23288s
 2564895 1431906     cutoff  273      5742.99999 5556.90262  3.24%   164 23308s
 2564992 1432023 5584.71946   59  216 5742.99999 5556.90262  3.24%   164 23328s
 2565385 1433374 5585.14477   60  231 5742.99999 5556.97561  3.24%   164 23355s
 2569315 1434881 5599.24627  152  151 5742.99999 5557.14847  3.24%   164 23379s
 2573362 1436033 5596.38734  142  326 5742.99999 5557.22375  3.23%   164 23402s
 2576337 1437434     cutoff   78      5742.99999 5557.32307  3.23%   164 23424s
 2579400 1439000 5578.99517   77  350 5742.99999 5557.35510  3.23%   164 23448s
 2583006 1440770     cutoff  168      5742.99999 5557.51385  3.23%   164 23471s
 2586568 1442503 5586.31317  101  458 5742.99999 5557.63646  3.23%   164 23493s
 2589863 1444345     cutoff  137      5742.99999 5557.70381  3.23%   164 23516s
 2593503 1446286 5580.77065  240  579 5742.99999 5557.76541  3.23%   164 23538s
 2597038 1447500 5579.45815   98  149 5742.99999 5557.93227  3.22%   164 23563s
 2599491 1449229 5574.71810   97  243 5742.99999 5557.96338  3.22%   164 23592s
 2603962 1450822 5582.91469  129  261 5742.99999 5558.15908  3.22%   164 23616s
 2607523 1452742 5559.26601  114  312 5742.99999 5558.23507  3.22%   164 23640s
 2611207 1454212 5592.09746   65  225 5742.99999 5558.34247  3.22%   164 23662s
 2614427 1455650 5578.37078   83  412 5742.99999 5558.43232  3.21%   164 23687s
 2617453 1456844 5593.12643  110  180 5742.99999 5558.53123  3.21%   164 23710s
 2621157 1458525     cutoff  153      5742.99999 5558.65177  3.21%   164 23732s
 2624777 1459847 5574.95700  326  403 5742.99999 5558.70469  3.21%   164 23754s
 2627895 1461661 5607.77017  112  133 5742.99999 5558.85649  3.21%   164 23786s
 2630611 1464461 5578.68649  163  420 5742.99999 5558.94997  3.20%   164 23822s
 2634516 1466744 5584.54786  100  378 5742.99999 5558.97955  3.20%   164 23855s
 2637839 1468889 5607.65019  260  234 5742.99999 5559.01692  3.20%   164 23888s
 2641724 1470618     cutoff  164      5742.99999 5559.14683  3.20%   164 23920s
 2644954 1472048 5593.11851  162  163 5742.99999 5559.22132  3.20%   164 23951s
 2647960 1473755 5601.33545  159  274 5742.99999 5559.22741  3.20%   164 23983s
 2651746 1475785 5597.68332   96  350 5742.99999 5559.26587  3.20%   164 24013s
 2655003 1478023 5599.98334  207  505 5742.99999 5559.39518  3.20%   164 24044s
 2658448 1480424 5607.95336  283  413 5742.99999 5559.45876  3.20%   164 24078s
 2661920 1482350 5580.19732  171  353 5742.99999 5559.46450  3.20%   164 24106s
 2664745 1484185 5586.41234   85  309 5742.99999 5559.46450  3.20%   164 24138s
 2667157 1486189 5571.01622  111  235 5742.99999 5559.61786  3.19%   164 24170s
 2670601 1487150 5593.90913  158  355 5742.99999 5559.68358  3.19%   164 24203s
 2672233 1489843 5607.13523  226  320 5742.99999 5559.69182  3.19%   164 24239s
 2676353 1491891 5593.57996  128  319 5742.99999 5559.69356  3.19%   165 24272s
 2679367 1493583 5596.79558   77  433 5742.99999 5559.79260  3.19%   165 24299s
 2682577 1495707 infeasible  149      5742.99999 5559.89825  3.19%   165 24327s
 2686188 1497991 5592.35578  100  383 5742.99999 5559.98781  3.19%   165 24354s
 2690007 1499048 5583.43436  106  396 5742.99999 5560.07904  3.19%   165 24380s
 2692084 1500779 5562.23476   95  307 5742.99999 5560.11050  3.18%   165 24407s
 2695193 1503396 5577.38602  136  491 5742.99999 5560.15747  3.18%   165 24434s
 2698991 1505614 5591.30658  105  399 5742.99999 5560.21814  3.18%   165 24461s
 2702669 1507587 5598.37109  141  406 5742.99999 5560.29536  3.18%   165 24486s
 2706075 1509567 5579.71244  135  386 5742.99999 5560.38237  3.18%   165 24516s
 2709491 1511129 5599.67989   56  236 5742.99999 5560.44389  3.18%   165 24542s
 2712392 1512996 infeasible  158      5742.99999 5560.53338  3.18%   165 24571s
 2716011 1514693 5596.23733   62  127 5742.99999 5560.66149  3.17%   165 24600s
 2718920 1516544 5595.21793   66  277 5742.99999 5560.71832  3.17%   165 24627s
 2722234 1518521     cutoff  102      5742.99999 5560.75797  3.17%   165 24654s
 2725762 1520506 5581.23510   93  363 5742.99999 5560.78637  3.17%   165 24680s
 2728901 1522820 5584.17067  129  376 5742.99999 5560.88897  3.17%   165 24708s
 2732447 1523586 5606.86699   79  172 5742.99999 5561.00853  3.17%   165 24725s
 2734903 1525257 5576.43738  149  420 5742.99999 5561.18196  3.17%   165 24748s
 2738855 1526624 5596.63777  143  178 5742.99999 5561.31556  3.16%   165 24769s
 2742029 1526624 5600.01031   74  242 5742.99999 5561.38337  3.16%   165 24770s
 2742326 1527837 5607.55945   83  202 5742.99999 5561.50062  3.16%   165 24790s
 2746016 1529134     cutoff  125      5742.99999 5561.64925  3.16%   165 24810s
 2749486 1530049 5607.12746  151  188 5742.99999 5561.94014  3.15%   165 24830s
 2752550 1531051     cutoff  120      5742.99999 5562.03022  3.15%   165 24849s
 2755420 1532428 5606.55935   93  405 5742.99999 5562.18481  3.15%   165 24870s
 2758915 1533913     cutoff  113      5742.99999 5562.33554  3.15%   165 24889s
 2762584 1535091 5580.85669  135  324 5742.99999 5562.48821  3.14%   165 24908s
 2765590 1536477 5574.26863   64  253 5742.99999 5562.78960  3.14%   165 24927s
 2768788 1537805 5604.73465  153  246 5742.99999 5562.88020  3.14%   165 24946s
 2772263 1538823 5582.05365   71  213 5742.99999 5563.12379  3.13%   165 24965s
 2775455 1540021     cutoff   81      5742.99999 5563.23186  3.13%   165 24984s
 2778852 1540867 5583.41798  141  422 5742.99999 5563.41180  3.13%   165 25005s
 2781628 1542153 5601.08991   96  269 5742.99999 5563.53400  3.12%   165 25027s
 2784966 1543412 infeasible  120      5742.99999 5563.70286  3.12%   165 25052s
 2788234 1544532 5584.72729  113  359 5742.99999 5563.81155  3.12%   165 25074s
 2791559 1546091     cutoff  117      5742.99999 5563.92463  3.12%   165 25097s
 2794819 1546652 5578.31620  196  483 5742.99999 5564.06941  3.12%   165 25120s
 2795937 1548659 5583.24873  229  362 5742.99999 5564.08267  3.12%   165 25145s
 2799998 1550178 5582.83297   86  303 5742.99999 5564.12634  3.11%   165 25167s
 2803381 1551429 5592.12088   86  254 5742.99999 5564.26490  3.11%   165 25190s
 2806422 1552936 5581.15132   72  271 5742.99999 5564.33148  3.11%   165 25214s
 2810209 1553926 5596.26082   74  347 5742.99999 5564.41974  3.11%   165 25237s
 2813641 1555481 5569.30022  102  456 5742.99999 5564.56729  3.11%   165 25259s
 2817068 1555758 5591.33587  185  564 5742.99999 5564.59184  3.11%   165 25284s
 2817697 1559727     cutoff  189      5742.99999 5564.59184  3.11%   165 25389s
 2827090 1562301     cutoff  144      5742.99999 5564.82606  3.10%   165 25430s
 2833689 1563686 5580.50410   92  366 5742.99999 5565.02402  3.10%   165 25461s
 2837510 1565383 5598.57897  100  254 5742.99999 5565.20860  3.10%   165 25491s
 2840237 1566985 5609.36572  190  307 5742.99999 5565.29322  3.09%   165 25528s
 2843846 1569158 5615.83547  102  129 5742.99999 5565.39347  3.09%   165 25562s
 2847299 1571075     cutoff   86      5742.99999 5565.47138  3.09%   165 25596s
 2850555 1572442 5574.58094  161  303 5742.99999 5565.53880  3.09%   165 25627s
 2853557 1573866     cutoff  107      5742.99999 5565.56089  3.09%   165 25659s
 2856548 1575617 5600.98016  146  409 5742.99999 5565.61295  3.09%   165 25692s
 2859842 1578309 5592.13357   82  194 5742.99999 5565.61352  3.09%   165 25726s
 2863694 1580217 5584.92168  118  440 5742.99999 5565.71202  3.09%   165 25757s
 2866897 1581816 5583.58982  193  213 5742.99999 5565.76926  3.09%   165 25790s
 2870045 1583485 5599.67925  200  256 5742.99999 5565.82603  3.09%   165 25822s
 2873301 1585696 5602.42121  157  241 5742.99999 5565.92032  3.08%   165 25855s
 2876914 1587706 5609.59113   97  436 5742.99999 5565.99219  3.08%   166 25887s
 2880026 1590286 5595.35075  152  281 5742.99999 5566.02915  3.08%   166 25920s
 2884000 1592287 5597.19044  169  350 5742.99999 5566.07693  3.08%   166 25949s
 2887106 1594473 5589.72043  138  339 5742.99999 5566.07898  3.08%   166 25978s
 2890565 1596308 5584.75524   91  482 5742.99999 5566.15419  3.08%   166 26006s
 2893698 1598385 5575.81666   93  338 5742.99999 5566.19472  3.08%   166 26035s
 2897006 1600683 5605.21144   68  296 5742.99999 5566.28709  3.08%   166 26062s
 2900413 1603015 5606.38878   97  222 5742.99999 5566.33407  3.08%   166 26088s
 2904096 1604870 5604.33458   93  380 5742.99999 5566.41457  3.07%   166 26113s
 2907200 1605869 5585.09973  105  497 5742.99999 5566.47113  3.07%   166 26140s
 2908871 1608060 5596.54832  158  451 5742.99999 5566.53223  3.07%   166 26168s
 2912296 1609822 5579.84296  102  380 5742.99999 5566.61028  3.07%   166 26197s
 2915233 1611358 5587.46481   88  341 5742.99999 5566.65657  3.07%   166 26226s
 2917666 1613118 5599.36862  142  378 5742.99999 5566.70724  3.07%   166 26256s
 2920686 1614999 infeasible   70      5742.99999 5566.75355  3.07%   166 26285s
 2924408 1616651 5579.67247   73  362 5742.99999 5566.87200  3.07%   166 26316s
 2927918 1618236 5595.96010   76  417 5742.99999 5566.91497  3.07%   166 26342s
 2930909 1620737 5583.14243   95  480 5742.99999 5567.00064  3.06%   166 26369s
 2934658 1622998 5579.20752   81  384 5742.99999 5567.04919  3.06%   166 26394s
 2938124 1624676     cutoff  117      5742.99999 5567.16857  3.06%   166 26419s
 2941316 1625708 5608.93221  125  296 5742.99999 5567.23384  3.06%   166 26437s
 2944239 1626887     cutoff   62      5742.99999 5567.37752  3.06%   166 26456s
 2947779 1628156 5589.02355  320  214 5742.99999 5567.50430  3.06%   166 26475s
 2951108 1629301 5602.04810   62  350 5742.99999 5567.70531  3.05%   166 26495s
 2954278 1630361 5610.10433  174  346 5742.99999 5567.82808  3.05%   166 26514s
 2957649 1631553 5584.07112  112  409 5742.99999 5567.99045  3.05%   166 26534s
 2960801 1632514 5599.83678   49  309 5742.99999 5568.17808  3.04%   166 26553s
 2964164 1633448 5603.76952   53  296 5742.99999 5568.29938  3.04%   166 26574s
 2967246 1634414 5607.44502  167  216 5742.99999 5568.34973  3.04%   166 26593s
 2970518 1635364 5606.68273   61  272 5742.99999 5568.53533  3.04%   166 26612s
 2973782 1636552     cutoff  199      5742.99999 5568.75691  3.03%   166 26631s
 2976957 1637407 5611.23255  114  112 5742.99999 5568.87895  3.03%   166 26650s
 2980291 1637675 5610.50049  103  340 5742.99999 5568.95493  3.03%   166 26670s
 2981045 1638742 5599.96900  162  285 5742.99999 5569.04256  3.03%   166 26691s
 2984652 1640127 5584.73369  104  295 5742.99999 5569.14319  3.03%   166 26712s
 2988240 1641122 5595.29807   81  348 5742.99999 5569.32365  3.02%   166 26731s
 2991601 1642392     cutoff   81      5742.99999 5569.40371  3.02%   166 26754s
 2995048 1643817 5599.15662  100  278 5742.99999 5569.56188  3.02%   166 26776s
 2998325 1645046 5599.09196  147  368 5742.99999 5569.67207  3.02%   166 26797s
 3001475 1646505 5584.98082  133  572 5742.99999 5569.76102  3.02%   166 26823s
 3005260 1647797 5597.33550  108  313 5742.99999 5569.82903  3.02%   166 26843s
 3008594 1648905     cutoff   61      5742.99999 5569.92857  3.01%   166 26864s
 3011617 1650088 5595.49851  147  306 5742.99999 5569.98430  3.01%   166 26885s
 3014663 1651507 infeasible  146      5742.99999 5570.15832  3.01%   166 26906s
 3017908 1652856     cutoff  183      5742.99999 5570.19622  3.01%   166 26926s
 3021222 1654181 5579.35200  112  339 5742.99999 5570.33275  3.01%   166 26946s
 3024306 1655368     cutoff  102      5742.99999 5570.38788  3.01%   166 26967s
 3027583 1656538 5580.55049  141  302 5742.99999 5570.44638  3.00%   166 26989s
 3030917 1657798 5601.35680  124  306 5742.99999 5570.62202  3.00%   166 27014s
 3032298 1657798 5601.66351  150  202 5742.99999 5570.62882  3.00%   166 27015s
 3034413 1658866 5575.54487  112  287 5742.99999 5570.66006  3.00%   166 27037s
 3037639 1660105 5599.96637   78  266 5742.99999 5570.77428  3.00%   166 27058s
 3040917 1661382     cutoff   98      5742.99999 5570.83812  3.00%   166 27080s
 3044449 1663109 5616.57745  149  444 5742.99999 5570.94318  3.00%   166 27111s
 3047702 1665080 5607.15078   97  277 5742.99999 5570.99844  2.99%   166 27142s
 3050757 1667937 5591.35044   90  185 5742.99999 5571.07809  2.99%   166 27174s
 3054565 1669798 5607.50496  163  389 5742.99999 5571.10714  2.99%   166 27205s
 3057784 1671372 5592.19073  217  281 5742.99999 5571.17535  2.99%   166 27236s
 3061040 1673370 5605.17077  196  327 5742.99999 5571.26409  2.99%   166 27270s
 3064462 1675304 infeasible  123      5742.99999 5571.28168  2.99%   166 27299s
 3067534 1676890 5598.83190   89  294 5742.99999 5571.36284  2.99%   166 27330s
 3070606 1678246 5612.63386  197  322 5742.99999 5571.39835  2.99%   166 27360s
 3073677 1680378 5608.44256  173  369 5742.99999 5571.49503  2.99%   166 27391s
 3076817 1682707 5593.22372  142  336 5742.99999 5571.51489  2.99%   166 27423s
 3080235 1684520 5604.59466   83  329 5742.99999 5571.57149  2.98%   166 27455s
 3083092 1687152 5605.98801  138  163 5742.99999 5571.69087  2.98%   166 27487s
 3086522 1687253 5614.03531   97  213 5742.99999 5571.70770  2.98%   166 27519s
 3086693 1687614 5614.16932   98  298 5742.99999 5571.70770  2.98%   166 27551s
 3087373 1689622 5614.45530   99  299 5742.99999 5571.71596  2.98%   166 27588s
 3090329 1691362 5584.37133  186  542 5742.99999 5571.75981  2.98%   166 27621s
 3093282 1693359 5606.73139  115  201 5742.99999 5571.87325  2.98%   166 27655s
 3096773 1694759 5599.35805  172  575 5742.99999 5571.88910  2.98%   166 27682s
 3099853 1696937 5586.51836   89  464 5742.99999 5571.94320  2.98%   166 27711s
 3103389 1699204     cutoff   78      5742.99999 5572.01262  2.98%   166 27740s
 3107195 1700660     cutoff  120      5742.99999 5572.05981  2.98%   167 27766s
 3110570 1702284 5599.08856   68  286 5742.99999 5572.15514  2.97%   167 27797s
 3113116 1704704 5606.12608  167  391 5742.99999 5572.22412  2.97%   167 27831s
 3117657 1706727 5600.21000   73  253 5742.99999 5572.29688  2.97%   167 27860s
 3121385 1708241 5605.33426  123  281 5742.99999 5572.39164  2.97%   167 27887s
 3124681 1710383 5598.62497  101  294 5742.99999 5572.43651  2.97%   167 27914s
 3128390 1712151 5609.35232   84  465 5742.99999 5572.53589  2.97%   167 27940s
 3131748 1714028     cutoff  107      5742.99999 5572.59121  2.97%   167 27967s
 3135172 1716012     cutoff  236      5742.99999 5572.68925  2.97%   167 27993s
 3138393 1717704 5610.55550   62  211 5742.99999 5572.72683  2.96%   167 28018s
 3141565 1719945 5597.05114  148  405 5742.99999 5572.81215  2.96%   167 28049s
 3145115 1721712 5586.06803  102  558 5742.99999 5572.89920  2.96%   167 28074s
 3148336 1722376 5601.24409  138  326 5742.99999 5572.99352  2.96%   167 28092s
 3151020 1723133 5601.42141   46  242 5742.99999 5573.31701  2.95%   167 28112s
 3154054 1723930 infeasible  128      5742.99999 5573.41946  2.95%   167 28131s
 3156992 1724959 5603.65585   40  268 5742.99999 5573.63309  2.95%   167 28151s
 3160251 1725673 5585.45458  138  401 5742.99999 5573.73682  2.95%   167 28172s
 3163646 1726509 5597.94919  118  276 5742.99999 5573.93558  2.94%   167 28192s
 3166853 1727180 5601.56326  142  441 5742.99999 5573.95702  2.94%   167 28212s
 3169805 1728351 5604.98182   52  260 5742.99999 5574.20300  2.94%   167 28234s
 3173484 1729394 5608.47289   85  419 5742.99999 5574.33593  2.94%   167 28253s
 3176691 1730548     cutoff  108      5742.99999 5574.52200  2.93%   167 28274s
 3180287 1731452 5610.89268  119  225 5742.99999 5574.64929  2.93%   167 28295s
 3183102 1732135 5604.15725  123  196 5742.99999 5574.82843  2.93%   167 28317s
 3185996 1732926 5608.99115   88  429 5742.99999 5575.05583  2.92%   167 28340s
 3189446 1733694 5589.92991   82  363 5742.99999 5575.15784  2.92%   167 28362s
 3192670 1734406 5612.00100   67  262 5742.99999 5575.26340  2.92%   167 28384s
 3196223 1735337 5597.45573   77  241 5742.99999 5575.43072  2.92%   167 28405s
 3199649 1736937     cutoff  273      5742.99999 5575.58464  2.92%   167 28427s
 3203111 1738510 5590.47038   92  258 5742.99999 5575.63622  2.91%   167 28449s
 3206644 1739948 5599.12247  141  336 5742.99999 5575.65069  2.91%   167 28470s
 3209843 1741459     cutoff  130      5742.99999 5575.79651  2.91%   167 28490s
 3213246 1742498     cutoff  102      5742.99999 5575.90302  2.91%   167 28512s
 3216234 1743723 5606.07431  163  454 5742.99999 5575.99964  2.91%   167 28536s
 3219828 1744718 infeasible  156      5742.99999 5576.08667  2.91%   167 28557s
 3222969 1745435 5600.05962   88  364 5742.99999 5576.19829  2.90%   167 28580s
 3225346 1746802 5600.33531   81  416 5742.99999 5576.24443  2.90%   167 28602s
 3228918 1748090 5593.84871  186  431 5742.99999 5576.29487  2.90%   167 28624s
 3232588 1749192 5604.09560  159  542 5742.99999 5576.44371  2.90%   167 28645s
 3236129 1750428     cutoff   96      5742.99999 5576.55708  2.90%   167 28667s
 3239470 1751778 5606.76506  167  209 5742.99999 5576.63550  2.90%   167 28688s
 3242856 1752907 5603.06377  258  329 5742.99999 5576.69761  2.90%   167 28709s
 3246254 1754073 infeasible   82      5742.99999 5576.81674  2.89%   167 28734s
 3250012 1755636 5607.62216  145  291 5742.99999 5576.87755  2.89%   167 28764s
 3252539 1758127 5598.30430   72  266 5742.99999 5576.87755  2.89%   167 28803s
 3256523 1760346 5622.06561  100  257 5742.99999 5576.96706  2.89%   167 28838s
 3260277 1762942 5593.31584  106  290 5742.99999 5577.08282  2.89%   167 28871s
 3264021 1765512 5613.79971  223  418 5742.99999 5577.13833  2.89%   167 28902s
 3267515 1767593 5605.07932  103  266 5742.99999 5577.16723  2.89%   167 28934s
 3271133 1769464 5609.80148  158  219 5742.99999 5577.21669  2.89%   167 28965s
 3274495 1771185 5622.78222  141  268 5742.99999 5577.30614  2.89%   167 28997s
 3277779 1773433 5588.31487   67  494 5742.99999 5577.31674  2.88%   167 29029s
 3281239 1774124 5622.80144  159  338 5742.99999 5577.34891  2.88%   167 29059s
 3284195 1775285 5612.25985  155  140 5742.99999 5577.41399  2.88%   167 29090s
 3287007 1777073 5617.23056  134   39 5742.99999 5577.48818  2.88%   167 29123s
 3290149 1778410 5614.27440  235  153 5742.99999 5577.53970  2.88%   167 29156s
 3292906 1780211 5614.75229   89  314 5742.99999 5577.58104  2.88%   167 29190s
 3296317 1781916     cutoff  168      5742.99999 5577.58388  2.88%   167 29223s
 3299522 1783741 infeasible  258      5742.99999 5577.65055  2.88%   167 29257s
 3303343 1785616     cutoff   80      5742.99999 5577.74558  2.88%   167 29283s
 3306358 1787974 5615.47743   57  237 5742.99999 5577.74795  2.88%   167 29314s
 3310320 1789504 5610.45464  295  432 5742.99999 5577.83005  2.88%   167 29340s
 3313563 1791458 5590.55825   64  330 5742.99999 5577.84888  2.88%   167 29367s
 3316702 1793068 5597.52560   77  334 5742.99999 5577.97547  2.87%   167 29396s
 3319397 1794913 5617.31369  148  269 5742.99999 5578.01153  2.87%   167 29424s
 3322604 1796925 5607.26956   86  313 5742.99999 5578.08658  2.87%   167 29452s
 3326141 1799112 5609.72217   96  359 5742.99999 5578.13242  2.87%   167 29483s
 3329793 1799833 infeasible   56      5742.99999 5578.19565  2.87%   167 29509s
 3331733 1801757     cutoff   79      5742.99999 5578.24793  2.87%   167 29538s
 3335341 1803953 5615.92919   80  403 5742.99999 5578.30190  2.87%   167 29565s
 3338997 1805704     cutoff   74      5742.99999 5578.41037  2.87%   167 29592s
 3342351 1808044 5617.49311   87  381 5742.99999 5578.46405  2.86%   167 29619s
 3345948 1810031 5614.54147   85  293 5742.99999 5578.50624  2.86%   167 29646s
 3349333 1811751 5596.14576   89  324 5742.99999 5578.57943  2.86%   167 29672s
 3352404 1813736     cutoff  161      5742.99999 5578.64850  2.86%   167 29699s
 3356025 1814220 5610.92919  219  267 5742.99999 5578.75217  2.86%   167 29718s
 3358936 1814212     cutoff  108      5742.99999 5579.01808  2.86%   168 29740s
 3359004 1814239 5603.00751   73  321 5742.99999 5579.01808  2.86%   168 29763s
 3359137 1814334 5616.66473   74  302 5742.99999 5579.03884  2.85%   168 29789s
 3359702 1815306     cutoff  141      5742.99999 5579.04425  2.85%   168 29821s
 3363267 1816666     cutoff   77      5742.99999 5579.06483  2.85%   168 29852s
 3368376 1817260 5611.61670  150  303 5742.99999 5579.40473  2.85%   168 29873s
 3371471 1817870 5609.39239   86  221 5742.99999 5579.54180  2.85%   168 29892s
 3374487 1818654 5609.69243  191  285 5742.99999 5579.64973  2.84%   168 29912s
 3377747 1819343 5614.14559  120  132 5742.99999 5579.87139  2.84%   168 29933s
 3381189 1820052 5617.69508  164  468 5742.99999 5580.02075  2.84%   168 29953s
 3384779 1820649 5602.04792   71  266 5742.99999 5580.16733  2.84%   168 29972s
 3388135 1821323     cutoff  138      5742.99999 5580.42298  2.83%   168 29992s
 3391501 1821933 5605.64109  289  364 5742.99999 5580.49796  2.83%   168 30011s
 3394626 1822585 5605.13693  121  283 5742.99999 5580.62059  2.83%   168 30030s
 3397762 1823480 5614.04109  148  320 5742.99999 5580.86716  2.82%   168 30051s
 3400900 1824305 5604.23640  108  325 5742.99999 5580.94731  2.82%   168 30071s
 3404052 1825268 5617.17975  191  302 5742.99999 5581.04663  2.82%   168 30091s
 3407425 1826809 5594.80860  112  381 5742.99999 5581.21012  2.82%   168 30114s
 3410875 1828117 5607.06026  103  440 5742.99999 5581.25640  2.82%   168 30136s
 3414386 1829565 5606.26397  132  271 5742.99999 5581.37557  2.81%   168 30157s
 3417785 1830930 5602.33321  170  380 5742.99999 5581.52995  2.81%   167 30177s
 3421171 1832065 infeasible  184      5742.99999 5581.59473  2.81%   167 30197s
 3424313 1833413 5596.08927  214  477 5742.99999 5581.62884  2.81%   167 30218s
 3427476 1834713     cutoff  106      5742.99999 5581.70032  2.81%   167 30239s
 3430874 1835762 5594.92132  123  188 5742.99999 5581.84605  2.81%   167 30259s
 3434045 1836269 5608.56846   73  368 5742.99999 5581.89503  2.81%   167 30286s
 3435829 1838569 5587.68500  162  444 5742.99999 5581.95514  2.80%   167 30325s
 3442162 1839634 5599.84297  211  203 5742.99999 5582.09984  2.80%   167 30350s
 3445976 1840591 5610.21266   75   70 5742.99999 5582.20154  2.80%   167 30373s
 3449632 1842011 5610.01364   95  276 5742.99999 5582.29714  2.80%   167 30396s
 3453311 1842893 5598.31901  151  229 5742.99999 5582.34999  2.80%   167 30419s
 3456564 1843868     cutoff   71      5742.99999 5582.49293  2.79%   167 30441s
 3459931 1845575 5620.72658  114  494 5742.99999 5582.52631  2.79%   167 30473s
 3462823 1847718 5591.37346   84  268 5742.99999 5582.52631  2.79%   167 30506s
 3465834 1850221 5606.72020  179  357 5742.99999 5582.58725  2.79%   168 30539s
 3469456 1851962 5619.96115  139  239 5742.99999 5582.58833  2.79%   168 30571s
 3472432 1853991 5602.56026  143  295 5742.99999 5582.72110  2.79%   168 30604s
 3475703 1855724 5601.08430   83  366 5742.99999 5582.77123  2.79%   168 30636s
 3478646 1857549 5601.74697  121  345 5742.99999 5582.79235  2.79%   168 30669s
 3481801 1859837 5610.50645  163  381 5742.99999 5582.88657  2.79%   168 30704s
 3485678 1861418 5621.64284  139  325 5742.99999 5582.95494  2.79%   168 30736s
 3488551 1862375 5604.64074  141  225 5742.99999 5582.99087  2.79%   168 30769s
 3489659 1862375     cutoff  211      5742.99999 5582.99087  2.79%   168 30770s
 3490675 1864247 5601.69364  120  170 5742.99999 5583.04070  2.79%   168 30805s
 3494103 1866219 5616.43806   75  337 5742.99999 5583.05609  2.79%   168 30837s
 3497252 1868600 5612.65600  104  177 5742.99999 5583.13632  2.78%   168 30870s
 3500789 1870291     cutoff  169      5742.99999 5583.13632  2.78%   168 30901s
 3503507 1872678 5622.62480  237  165 5742.99999 5583.19759  2.78%   168 30934s
 3507085 1874118 5626.98829  139  250 5742.99999 5583.29014  2.78%   168 30966s
 3510179 1875442 5609.23812  100  444 5742.99999 5583.32407  2.78%   168 30998s
 3512917 1876487 infeasible  118      5742.99999 5583.34813  2.78%   168 31032s
 3515187 1877944 5613.28694   47  180 5742.99999 5583.40929  2.78%   168 31069s
 3517908 1879597 5622.68891  135  178 5742.99999 5583.42529  2.78%   168 31110s
 3521296 1882489 5617.87738  115  338 5742.99999 5583.44108  2.78%   168 31150s
 3526551 1885099 5596.37138  106  412 5742.99999 5583.59718  2.78%   168 31184s
 3531020 1887079     cutoff   79      5742.99999 5583.67378  2.77%   168 31215s
 3534807 1889155 5612.55751   77  351 5742.99999 5583.72391  2.77%   168 31245s
 3538807 1891135 5612.29078  110  256 5742.99999 5583.78002  2.77%   168 31275s
 3542574 1892772 5589.80448   65  351 5742.99999 5583.82375  2.77%   168 31305s
 3546044 1893587 5617.86174   85  296 5742.99999 5583.92805  2.77%   168 31333s
 3547364 1895934 5619.01294  133  347 5742.99999 5583.95075  2.77%   168 31366s
 3551690 1898026 infeasible   84      5742.99999 5583.98545  2.77%   168 31395s
 3555575 1899812 5603.96862   76  269 5742.99999 5584.07724  2.77%   168 31421s
 3559249 1901618 5598.47189   77  420 5742.99999 5584.14734  2.77%   168 31448s
 3562534 1902200 infeasible   86      5742.99999 5584.20651  2.76%   168 31468s
 3565511 1902920 5618.05770  195  344 5742.99999 5584.31011  2.76%   168 31488s
 3569083 1903645 5616.63208  159  408 5742.99999 5584.59919  2.76%   168 31508s
 3572283 1904278 5596.74478   59  412 5742.99999 5584.69122  2.76%   168 31528s
 3574801 1904975 5609.67349   50  231 5742.99999 5584.78975  2.75%   168 31548s
 3578242 1905651 5615.48634  178  426 5742.99999 5584.97183  2.75%   168 31569s
 3581687 1906092 infeasible  239      5742.99999 5585.12293  2.75%   168 31589s
 3585065 1906580 5603.13248  175  269 5742.99999 5585.27489  2.75%   168 31613s
 3587027 1906966 5611.47477  128  258 5742.99999 5585.29927  2.75%   168 31644s
 3589220 1907740 5599.05832  144  481 5742.99999 5585.36132  2.74%   168 31682s
 3591797 1908431 5611.68110  113  480 5742.99999 5585.39204  2.74%   168 31724s
 3597754 1909302 5614.36978   58  236 5742.99999 5585.65180  2.74%   168 31756s
 3603727 1910560 5603.86726   95  139 5742.99999 5585.95887  2.73%   168 31781s
 3608319 1911692     cutoff  175      5742.99999 5586.23754  2.73%   168 31804s
 3612556 1912360 5600.18727  138  583 5742.99999 5586.37710  2.73%   168 31827s
 3615949 1913508 5611.31706  193  325 5742.99999 5586.51032  2.72%   168 31853s
 3619729 1914604     cutoff  189      5742.99999 5586.53258  2.72%   168 31873s
 3622989 1915404 5594.24749   92  317 5742.99999 5586.68642  2.72%   168 31894s
 3625750 1916549 5609.43923  247  407 5742.99999 5586.71718  2.72%   168 31915s
 3629101 1917493     cutoff  106      5742.99999 5586.84473  2.72%   168 31935s
 3632450 1918688 5601.92163  267  361 5742.99999 5586.90675  2.72%   168 31956s
 3635864 1919347 5606.75597   98  271 5742.99999 5586.95633  2.72%   168 31975s
 3639030 1920253 5603.37196  107  196 5742.99999 5587.09630  2.71%   168 31995s
 3642361 1921189     cutoff  148      5742.99999 5587.12814  2.71%   168 32016s
 3645726 1922130     cutoff  131      5742.99999 5587.24605  2.71%   168 32041s
 3649180 1922857     cutoff  155      5742.99999 5587.29162  2.71%   168 32062s
 3652500 1923977 5601.31267  107  252 5742.99999 5587.44066  2.71%   168 32083s
 3655692 1924965 5614.43041   88  336 5742.99999 5587.47864  2.71%   168 32104s
 3658999 1926259     cutoff  121      5742.99999 5587.58735  2.71%   168 32126s
 3662535 1927077     cutoff  117      5742.99999 5587.65735  2.70%   168 32147s
 3665910 1928806     cutoff  189      5742.99999 5587.76301  2.70%   168 32177s
 3668468 1931147 5621.39478  134  400 5742.99999 5587.76301  2.70%   168 32216s
 3672342 1933443 5615.71618  124  296 5742.99999 5587.89286  2.70%   168 32252s
 3675838 1936059 5627.79935   95  281 5742.99999 5587.90263  2.70%   168 32287s
 3679635 1938125 5612.57478  190  337 5742.99999 5587.97665  2.70%   168 32322s
 3682757 1939726     cutoff   83      5742.99999 5588.00631  2.70%   168 32355s
 3685753 1941193 5632.84324  156  218 5742.99999 5588.09606  2.70%   168 32389s
 3689028 1943306 5603.94005  121  334 5742.99999 5588.15490  2.70%   168 32423s
 3692436 1946005 5624.54225  154  281 5742.99999 5588.20099  2.70%   168 32457s
 3696312 1947797 5630.97992  150  416 5742.99999 5588.22073  2.70%   169 32489s
 3699134 1950269 5621.57079  144  278 5742.99999 5588.29590  2.69%   169 32523s
 3702653 1951682 5627.77838   96  339 5742.99999 5588.32638  2.69%   169 32556s
 3705475 1953923 infeasible  123      5742.99999 5588.38310  2.69%   169 32590s
 3708928 1955986 5622.31601  117  257 5742.99999 5588.42667  2.69%   169 32625s
 3712005 1957879 5619.94558   94  178 5742.99999 5588.52423  2.69%   169 32658s
 3715016 1960662 5608.58987  193  290 5742.99999 5588.54781  2.69%   169 32693s
 3718793 1962462 5603.42991   72  354 5742.99999 5588.57380  2.69%   169 32721s
 3722254 1964443 5594.51439   67  343 5742.99999 5588.62287  2.69%   169 32747s
 3725663 1965880 5617.08745  194  484 5742.99999 5588.65277  2.69%   169 32774s
 3728662 1967855 5624.97644   68  321 5742.99999 5588.77856  2.69%   169 32803s
 3732151 1969740 5611.09841  181  631 5742.99999 5588.79785  2.69%   169 32829s
 3735454 1971395 5590.49959  131  445 5742.99999 5588.84320  2.68%   169 32854s
 3738663 1973314 5597.11733  162  609 5742.99999 5588.92798  2.68%   169 32880s
 3741728 1975404 5601.21423  186  499 5742.99999 5588.94903  2.68%   169 32907s
 3745308 1977007 5607.09815   83  356 5742.99999 5589.01370  2.68%   169 32933s
 3748687 1978160 5595.59165   90  298 5742.99999 5589.08440  2.68%   169 32959s
 3751998 1979600 5607.86973   74  295 5742.99999 5589.17302  2.68%   169 32984s
 3755065 1981548 5604.21580  100  360 5742.99999 5589.21795  2.68%   169 33010s
 3758356 1983199 5622.87984   83  302 5742.99999 5589.29601  2.68%   169 33041s
 3761689 1985188 5615.27703   98  561 5742.99999 5589.35928  2.68%   169 33068s
 3765133 1987007 5617.32303   92  394 5742.99999 5589.40743  2.67%   169 33094s
 3768459 1988763 5603.21677   63  369 5742.99999 5589.46378  2.67%   169 33121s
 3771884 1988913     cutoff   83      5742.99999 5589.52387  2.67%   169 33140s
 3774930 1989486 infeasible   61      5742.99999 5589.73278  2.67%   169 33161s
 3778119 1990108     cutoff  166      5742.99999 5589.90405  2.67%   169 33181s
 3781675 1990358 5621.06133   55  246 5742.99999 5590.01320  2.66%   169 33200s
 3784786 1990680     cutoff  162      5742.99999 5590.16947  2.66%   169 33219s
 3787996 1991113     cutoff  151      5742.99999 5590.29444  2.66%   169 33238s
 3791419 1991403     cutoff   54      5742.99999 5590.37131  2.66%   169 33258s
 3794745 1991510 5594.45567   79  351 5742.99999 5590.49043  2.66%   169 33277s
 3797706 1991976 5601.14032   52  175 5742.99999 5590.70766  2.65%   169 33296s
 3801065 1992420 5619.63287  112  215 5742.99999 5590.86120  2.65%   169 33316s
 3804512 1992943 5607.79468  144  440 5742.99999 5590.99382  2.65%   169 33337s
 3807692 1993379 5602.52812   61  380 5742.99999 5591.13819  2.64%   169 33356s
 3811008 1993684 5623.84066   81  233 5742.99999 5591.31662  2.64%   169 33375s
 3814436 1993952 5614.74372  137  379 5742.99999 5591.46749  2.64%   169 33395s
 3817456 1994287 5619.87220   79  325 5742.99999 5591.56545  2.64%   169 33414s
 3821042 1994436 5616.26953  243  391 5742.99999 5591.62346  2.64%   169 33434s
 3824371 1995247 5614.96555  141  319 5742.99999 5591.86769  2.63%   169 33457s
 3827927 1996145 5609.20678   89  189 5742.99999 5591.93301  2.63%   169 33478s
 3831173 1997035 5615.27413  107  259 5742.99999 5592.02866  2.63%   169 33498s
 3834420 1998314 5611.88626  381  370 5742.99999 5592.12795  2.63%   169 33523s
 3838176 1999212 5611.14079   87  246 5742.99999 5592.19016  2.63%   169 33543s
 3841330 1999781 5611.86383  115  291 5742.99999 5592.24542  2.63%   169 33564s
 3844274 2000657 5608.42296   97  213 5742.99999 5592.37694  2.62%   169 33585s
 3847503 2001479 5616.57067  105  306 5742.99999 5592.44766  2.62%   169 33606s
 3850733 2002362 5611.89314  167  525 5742.99999 5592.52610  2.62%   169 33627s
 3853941 2003281 5611.93925   86  199 5742.99999 5592.56357  2.62%   169 33649s
 3857454 2004066 5614.09489  269  342 5742.99999 5592.64804  2.62%   169 33670s
 3860748 2004798 5612.49909   71  325 5742.99999 5592.79782  2.62%   169 33691s
 3863887 2005768 5614.17307  139  367 5742.99999 5592.86604  2.61%   169 33717s
 3867083 2006434     cutoff  132      5742.99999 5592.91029  2.61%   169 33740s
 3870665 2007307 5608.91122  139  421 5742.99999 5593.02444  2.61%   169 33762s
 3874136 2008178 5598.07825  306  257 5742.99999 5593.05050  2.61%   169 33784s
 3877556 2009148 5624.49242  121  368 5742.99999 5593.11815  2.61%   169 33815s
 3880098 2010835     cutoff   86      5742.99999 5593.13690  2.61%   169 33855s
 3883808 2013095 5614.86303   73  288 5742.99999 5593.23537  2.61%   169 33892s
 3887350 2015297 5615.77433  103  284 5742.99999 5593.32058  2.61%   169 33928s
 3890822 2017014 5603.76226  197  237 5742.99999 5593.38306  2.61%   169 33964s
 3894168 2018761 5626.80104  140  224 5742.99999 5593.44121  2.60%   169 33999s
 3897645 2020759 5605.11158   93  294 5742.99999 5593.49305  2.60%   169 34034s
 3900838 2022115 5630.85707   73  349 5742.99999 5593.55625  2.60%   169 34067s
 3903728 2023447     cutoff  101      5742.99999 5593.56385  2.60%   169 34101s
 3906917 2025531 5619.53192  119  310 5742.99999 5593.63486  2.60%   169 34135s
 3910487 2027162 5618.80578  115  309 5742.99999 5593.66383  2.60%   169 34169s
 3913887 2029065 5619.00260  207  255 5742.99999 5593.72746  2.60%   169 34203s
 3916956 2031355 5610.36477  154  419 5742.99999 5593.75998  2.60%   169 34236s
 3920286 2033064 5625.29492  129  469 5742.99999 5593.79963  2.60%   169 34270s
 3923468 2034957 5625.42603  109  243 5742.99999 5593.84309  2.60%   169 34305s
 3926698 2036929 5625.36706  227  295 5742.99999 5593.87715  2.60%   170 34339s
 3929560 2038367     cutoff  120      5742.99999 5593.92839  2.60%   170 34365s
 3932719 2040127 5622.12091  100  473 5742.99999 5593.95837  2.60%   170 34394s
 3936242 2041962 5630.02560  107  243 5742.99999 5594.05730  2.59%   170 34421s
 3939684 2043845 5613.15662  114  369 5742.99999 5594.08598  2.59%   170 34449s
 3943086 2045608     cutoff   87      5742.99999 5594.12982  2.59%   170 34476s
 3946274 2047424     cutoff   92      5742.99999 5594.20077  2.59%   170 34506s
 3950178 2048396 5625.39511  201  471 5742.99999 5594.28471  2.59%   170 34529s
 3952304 2050274 5628.24569   77  265 5742.99999 5594.30307  2.59%   170 34556s
 3955747 2051847 5607.77767   64  307 5742.99999 5594.34955  2.59%   170 34583s
 3958945 2053657 5629.44893  124  415 5742.99999 5594.44788  2.59%   170 34609s
 3962158 2055170 5621.59551   66   91 5742.99999 5594.49243  2.59%   170 34635s
 3965439 2056836 5626.15737  158  500 5742.99999 5594.52338  2.59%   170 34662s
 3968608 2058621 infeasible   82      5742.99999 5594.54672  2.58%   170 34688s
 3971981 2060512 5622.72127  114  416 5742.99999 5594.62297  2.58%   170 34715s
 3975500 2062196 5624.98779  147  464 5742.99999 5594.70335  2.58%   170 34746s
 3979179 2063775 5625.49060  152  290 5742.99999 5594.75327  2.58%   170 34769s
 3982566 2064042 5613.56821   65  412 5742.99999 5594.79574  2.58%   170 34788s
 3985527 2064166     cutoff  114      5742.99999 5594.90076  2.58%   170 34809s
 3989092 2064340 5616.22412   43  329 5742.99999 5595.01129  2.58%   170 34830s
 3992542 2064783     cutoff  100      5742.99999 5595.21832  2.57%   170 34850s
 3996194 2064802 5612.52518  282  266 5742.99999 5595.40257  2.57%   170 34872s
 3999550 2064951     cutoff  163      5742.99999 5595.55595  2.57%   170 34891s
 4002778 2065538 5616.91694  125  282 5742.99999 5595.73174  2.56%   170 34909s
 4006149 2065950     cutoff   51      5742.99999 5595.83065  2.56%   170 34929s
 4009506 2066229 5609.38991  154  250 5742.99999 5595.97181  2.56%   170 34948s
 4012940 2066691 5615.71790  112  490 5742.99999 5596.11259  2.56%   170 34967s
 4016060 2066583 5627.25115  133  240 5742.99999 5596.16702  2.56%   170 34985s
 4019258 2066475 infeasible   97      5742.99999 5596.35660  2.55%   170 35004s
 4022385 2066628     cutoff   57      5742.99999 5596.50911  2.55%   170 35023s
 4025585 2066644 5621.51576  148  389 5742.99999 5596.56966  2.55%   170 35045s
 4028730 2067009 5615.09633  108  286 5742.99999 5596.78701  2.55%   170 35065s
 4032152 2067105 5618.90383  141  203 5742.99999 5596.90376  2.54%   170 35084s
 4035515 2067692 5609.68186  109  379 5742.99999 5597.06151  2.54%   170 35107s
 4038817 2068720     cutoff  117      5742.99999 5597.20716  2.54%   170 35130s
 4042402 2069402 5607.09335   97  313 5742.99999 5597.29196  2.54%   170 35152s
 4045211 2070212 5604.82559  156  276 5742.99999 5597.32717  2.54%   170 35174s
 4048652 2070997 5620.64343   86  287 5742.99999 5597.45855  2.53%   170 35196s
 4052146 2071702     cutoff  125      5742.99999 5597.54511  2.53%   170 35221s
 4055533 2072526 5619.63615   98  174 5742.99999 5597.59846  2.53%   170 35243s
 4059162 2073319     cutoff  102      5742.99999 5597.70155  2.53%   170 35264s
 4062165 2073954     cutoff   86      5742.99999 5597.78115  2.53%   170 35285s
 4065598 2074510     cutoff  122      5742.99999 5597.86589  2.53%   170 35306s
 4069106 2074838     cutoff  136      5742.99999 5597.94554  2.53%   170 35326s
 4072164 2075515     cutoff  238      5742.99999 5598.01053  2.52%   170 35347s
 4075672 2076432 5618.72003  115  356 5742.99999 5598.12676  2.52%   169 35368s
 4078844 2076773 5617.61467   81  231 5742.99999 5598.17315  2.52%   169 35389s
 4080240 2077707 5620.20071   85  270 5742.99999 5598.21278  2.52%   169 35411s
 4083840 2078264 5609.69408  111  252 5742.99999 5598.33297  2.52%   169 35436s
 4087324 2080128 5638.95646  190  390 5742.99999 5598.37442  2.52%   169 35467s
 4089931 2082494 5625.54288  157  411 5742.99999 5598.42037  2.52%   170 35507s
 4093827 2084268 5630.51341  234  279 5742.99999 5598.45517  2.52%   170 35543s
 4097284 2086080 5641.89614  124  385 5742.99999 5598.52743  2.52%   170 35579s
 4100768 2087884 5624.32767  123  404 5742.99999 5598.56255  2.52%   170 35614s
 4104246 2089878 5631.71347  138  325 5742.99999 5598.61876  2.51%   170 35648s
 4107687 2091882 5634.38101  132  360 5742.99999 5598.67120  2.51%   170 35682s
 4110892 2093782 infeasible  230      5742.99999 5598.71025  2.51%   170 35717s
 4113991 2095265 infeasible  109      5742.99999 5598.77178  2.51%   170 35750s
 4116939 2097171 5638.38008  113  560 5742.99999 5598.80223  2.51%   170 35787s
 4120458 2098707 5629.38080  110  410 5742.99999 5598.84960  2.51%   170 35821s
 4123323 2100394 5630.49617  200  347 5742.99999 5598.90733  2.51%   170 35856s
 4126588 2102112 infeasible   76      5742.99999 5598.98463  2.51%   170 35892s
 4129891 2103634 5640.99596  174  379 5742.99999 5599.02253  2.51%   170 35928s
 4132328 2105571 5614.06796  180  481 5742.99999 5599.05895  2.51%   170 35966s
 4135612 2107285 5602.86759  110  294 5742.99999 5599.08254  2.51%   170 36003s
 4139093 2109005 5624.26295  146  415 5742.99999 5599.13478  2.51%   170 36030s
 4142349 2110905 5629.29540  119  295 5742.99999 5599.15164  2.50%   170 36057s
 4145950 2112450 5626.68018  105  320 5742.99999 5599.16707  2.50%   170 36083s
 4149210 2113317 5633.46793  209  284 5742.99999 5599.25450  2.50%   170 36110s
 4151187 2115255 5628.52977  101  274 5742.99999 5599.31264  2.50%   170 36138s
 4154886 2117092 5633.43785  115  267 5742.99999 5599.39320  2.50%   170 36166s
 4158323 2118809 5604.42981   55  332 5742.99999 5599.46002  2.50%   170 36194s
 4161681 2120559 5614.58722  119  565 5742.99999 5599.50350  2.50%   170 36223s
 4164776 2122785 5616.97297   86  360 5742.99999 5599.55449  2.50%   170 36252s
 4168519 2124496 5627.08235   72  355 5742.99999 5599.60366  2.50%   170 36279s
 4171996 2126349 5616.07032   87  382 5742.99999 5599.65513  2.50%   170 36306s
 4175499 2128287 5634.97069  109  411 5742.99999 5599.70727  2.50%   170 36331s
 4178960 2130296     cutoff  104      5742.99999 5599.77135  2.49%   170 36357s
 4182241 2131710 5630.32554  167  326 5742.99999 5599.81379  2.49%   170 36383s
 4185770 2133430 5622.18427   91  285 5742.99999 5599.88461  2.49%   170 36407s
 4189111 2133474     cutoff  149      5742.99999 5599.93482  2.49%   170 36427s
 4192379 2133476     cutoff  117      5742.99999 5600.08228  2.49%   170 36446s
 4195708 2133513 5624.34460  101  441 5742.99999 5600.22844  2.49%   170 36465s
 4199179 2133432 5625.13912   64  277 5742.99999 5600.37584  2.48%   170 36485s
 4202443 2133500 5613.87033   89  404 5742.99999 5600.44165  2.48%   170 36503s
 4206004 2133591 5622.66945  151  287 5742.99999 5600.61254  2.48%   170 36523s
 4209476 2133471 5625.79700  159  294 5742.99999 5600.71508  2.48%   170 36545s
 4213099 2133364     cutoff   58      5742.99999 5600.93885  2.47%   170 36563s
 4215947 2133420 5613.73414  129  258 5742.99999 5601.01308  2.47%   170 36582s
 4219199 2133380     cutoff  233      5742.99999 5601.21052  2.47%   170 36603s
 4219300 2133350 5624.37019  174  282 5742.99999 5601.21052  2.47%   170 36621s
 4219409 2133266 5624.89561  175  271 5742.99999 5601.22593  2.47%   170 36641s
 4220346 2133195 5626.20750  176  325 5742.99999 5601.23396  2.47%   170 36663s
 4223543 2133093     cutoff   99      5742.99999 5601.32009  2.47%   170 36684s
 4227207 2133093 5627.72600  214  271 5742.99999 5601.40402  2.47%   170 36685s
 4227477 2132986 5625.49597  130  289 5742.99999 5601.45375  2.46%   170 36706s
 4231289 2132860 5627.90453   92  289 5742.99999 5601.68856  2.46%   170 36726s
 4235009 2132816 5622.06805  202  374 5742.99999 5601.86396  2.46%   170 36746s
 4238679 2132520 5628.87284  155  277 5742.99999 5602.01386  2.45%   170 36768s
 4242385 2133090 5611.19692  211  429 5742.99999 5602.19414  2.45%   170 36791s
 4245794 2133873     cutoff  177      5742.99999 5602.26426  2.45%   170 36813s
 4249431 2134202 5624.11216   73  233 5742.99999 5602.37360  2.45%   170 36834s
 4252713 2134601 5619.98869  105  245 5742.99999 5602.46982  2.45%   170 36855s
 4255993 2135147     cutoff  143      5742.99999 5602.54949  2.45%   170 36876s
 4259079 2135589 5622.30628  188  459 5742.99999 5602.61314  2.44%   170 36896s
 4262265 2136154     cutoff  282      5742.99999 5602.74212  2.44%   170 36917s
 4265457 2136737     cutoff  176      5742.99999 5602.80336  2.44%   170 36939s
 4268742 2137385 5617.59359  219  399 5742.99999 5602.82505  2.44%   170 36964s
 4272593 2137827     cutoff   91      5742.99999 5602.93190  2.44%   170 36984s
 4275396 2138569 5623.53494  251  416 5742.99999 5603.02033  2.44%   170 37004s
 4278552 2139405 5612.65753   78  317 5742.99999 5603.11849  2.44%   170 37024s
 4282075 2139871 infeasible  104      5742.99999 5603.17990  2.43%   170 37045s
 4285206 2140533 5617.01964   81  218 5742.99999 5603.24596  2.43%   170 37066s
 4288541 2141191 5611.91479   93  385 5742.99999 5603.29942  2.43%   170 37087s
 4291792 2141566 infeasible   75      5742.99999 5603.41071  2.43%   170 37108s
 4295076 2143059 5633.45198  241  318 5742.99999 5603.43006  2.43%   170 37140s
 4297852 2145105 5631.95936  175  431 5742.99999 5603.49988  2.43%   170 37176s
 4301386 2146700 5610.32373  119  225 5742.99999 5603.53345  2.43%   170 37210s
 4304342 2148763 5640.57832  105  339 5742.99999 5603.59443  2.43%   170 37245s
 4307414 2150719 5622.34735  193  311 5742.99999 5603.62562  2.43%   170 37280s
 4310577 2152343     cutoff  244      5742.99999 5603.66669  2.43%   170 37317s
 4313922 2154577 5639.82334  202  229 5742.99999 5603.76301  2.42%   170 37353s
 4317718 2155980 5630.81743  199  258 5742.99999 5603.79270  2.42%   170 37388s
 4321303 2157583 5634.42168  148  216 5742.99999 5603.83798  2.42%   170 37423s
 4324289 2159447 5642.54249  255  423 5742.99999 5603.87198  2.42%   170 37457s
 4327306 2161047 5614.70260   78  310 5742.99999 5603.88549  2.42%   170 37492s
 4330607 2162889 5621.01254  175  328 5742.99999 5603.95390  2.42%   170 37527s
 4333690 2164716 5640.39331   77  361 5742.99999 5603.95390  2.42%   171 37561s
 4336812 2166373     cutoff  137      5742.99999 5604.04965  2.42%   171 37596s
 4340109 2168074 5635.34015   75  357 5742.99999 5604.09610  2.42%   171 37630s
 4343412 2169858 5631.98127  223  404 5742.99999 5604.13709  2.42%   171 37665s
 4346780 2171517 5617.65152   64  443 5742.99999 5604.20846  2.42%   171 37693s
 4349925 2173113 5614.40309  118  394 5742.99999 5604.24229  2.42%   171 37723s
 4353485 2174894 5637.92877   49  263 5742.99999 5604.30573  2.42%   171 37749s
 4356631 2176325 5639.44326   78  197 5742.99999 5604.33270  2.41%   171 37775s
 4359816 2178264 5626.23624  113  286 5742.99999 5604.39606  2.41%   171 37801s
 4363252 2179832 5619.03261   92  332 5742.99999 5604.41179  2.41%   171 37827s
 4366618 2181636 infeasible  129      5742.99999 5604.47406  2.41%   171 37853s
 4369803 2183255 5619.85236  138  477 5742.99999 5604.51394  2.41%   171 37880s
 4373119 2184886 5640.81246  129  455 5742.99999 5604.56206  2.41%   171 37906s
 4376348 2185975 5634.91388   85  341 5742.99999 5604.61761  2.41%   171 37934s
 4378498 2187574 5632.48724  141  318 5742.99999 5604.63692  2.41%   171 37962s
 4382255 2189003 5623.96669  112  350 5742.99999 5604.71152  2.41%   171 37991s
 4385708 2190666 5620.45193  149  371 5742.99999 5604.78675  2.41%   171 38017s
 4389105 2192469     cutoff   91      5742.99999 5604.83227  2.41%   171 38043s
 4392266 2193870 infeasible  114      5742.99999 5604.86607  2.41%   171 38069s
 4395582 2195629 5633.25786   95  328 5742.99999 5604.90425  2.40%   171 38095s
 4399194 2195255 5631.04330   75  366 5742.99999 5604.98467  2.40%   171 38114s
 4402551 2194963 infeasible  206      5742.99999 5605.15464  2.40%   171 38133s
 4405983 2194668     cutoff  148      5742.99999 5605.28945  2.40%   171 38152s
 4409307 2194180     cutoff  220      5742.99999 5605.46861  2.39%   171 38170s
 4412539 2193989     cutoff  128      5742.99999 5605.61532  2.39%   171 38189s
 4416243 2193758     cutoff   37      5742.99999 5605.73693  2.39%   171 38207s
 4419717 2193601 5632.39723   93  330 5742.99999 5605.88468  2.39%   171 38224s
 4422943 2193236 5618.09675  136  310 5742.99999 5606.01375  2.39%   171 38242s
 4426326 2192951 5626.28180   82  309 5742.99999 5606.15855  2.38%   171 38259s
 4429664 2192422     cutoff  254      5742.99999 5606.29042  2.38%   171 38278s
 4433030 2192046 5625.49602   86  288 5742.99999 5606.45844  2.38%   171 38295s
 4436257 2191731 5626.14787  155  283 5742.99999 5606.59252  2.38%   171 38317s
 4440013 2191388 infeasible  204      5742.99999 5606.66578  2.37%   171 38334s
 4443387 2190885 5623.53862   52  123 5742.99999 5606.84436  2.37%   171 38351s
 4446314 2190378 5632.42539  130  190 5742.99999 5607.02547  2.37%   171 38368s
 4449616 2190920 5627.93040  103  311 5742.99999 5607.18281  2.36%   171 38391s
 4453029 2191561 5623.53924  180  272 5742.99999 5607.29580  2.36%   170 38416s
 4456783 2191997     cutoff  124      5742.99999 5607.40078  2.36%   170 38435s
 4459711 2192425 5619.90640  177  439 5742.99999 5607.48231  2.36%   170 38456s
 4463166 2192763 5626.17638  196  427 5742.99999 5607.55826  2.36%   170 38476s
 4466507 2193534     cutoff  226      5742.99999 5607.63274  2.36%   170 38496s
 4469959 2193853     cutoff   66      5742.99999 5607.71628  2.36%   170 38516s
 4473303 2194125 5619.65005   86  284 5742.99999 5607.78720  2.35%   170 38537s
 4476218 2194604 5622.68362  112  241 5742.99999 5607.85118  2.35%   170 38562s
 4478370 2194948 5628.18441   95  206 5742.99999 5607.88287  2.35%   170 38585s
 4479824 2195321 5621.13502  126  337 5742.99999 5607.90826  2.35%   170 38609s
 4481589 2195703 5611.86756  111  254 5742.99999 5607.91691  2.35%   170 38635s
 4483503 2195927     cutoff   71      5742.99999 5607.93179  2.35%   170 38661s
 4486987 2196292 5618.09205  113  298 5742.99999 5607.95704  2.35%   170 38682s
 4490420 2196647     cutoff  243      5742.99999 5608.17401  2.35%   170 38703s
 4493763 2197025 5620.93087  192  403 5742.99999 5608.25635  2.35%   170 38723s
 4497124 2197235 5620.18662  167  402 5742.99999 5608.30190  2.35%   170 38743s
 4500439 2198914 5651.42568  113  334 5742.99999 5608.40163  2.34%   170 38775s
 4503417 2201209 5633.76702   90  364 5742.99999 5608.40767  2.34%   170 38811s
 4506864 2202828     cutoff  116      5742.99999 5608.46697  2.34%   170 38846s
 4510110 2204618 5643.55841  118  236 5742.99999 5608.50286  2.34%   170 38880s
 4513556 2206402 infeasible  111      5742.99999 5608.53396  2.34%   171 38915s
 4516759 2207985 5652.57672  173  272 5742.99999 5608.53396  2.34%   171 38948s
 4519543 2209867 5652.58337  108  179 5742.99999 5608.64343  2.34%   171 38984s
 4522868 2211684 5635.86978  137  286 5742.99999 5608.69426  2.34%   171 39018s
 4526071 2213918 5641.03847  120  341 5742.99999 5608.71334  2.34%   171 39054s
 4529488 2216088 5631.20317   91  232 5742.99999 5608.75855  2.34%   171 39089s
 4532962 2218414 5613.63771  116  427 5742.99999 5608.81549  2.34%   171 39124s
 4536444 2220637 5649.17674  231  372 5742.99999 5608.82384  2.34%   171 39159s
 4539844 2222717 5634.71129  193  322 5742.99999 5608.89145  2.34%   171 39193s
 4543359 2224271 5644.35592  137  376 5742.99999 5608.94714  2.33%   171 39229s
 4546374 2225823 5624.07945   95  385 5742.99999 5608.97431  2.33%   171 39265s
 4548841 2228053 5636.68802  111  455 5742.99999 5608.99445  2.33%   171 39304s
 4549252 2228053 5622.63648  153  316 5742.99999 5608.99445  2.33%   171 39305s
 4552785 2229583 5617.39594  123  456 5742.99999 5609.05810  2.33%   171 39332s
 4555796 2231651 5641.19964   84  217 5742.99999 5609.08997  2.33%   171 39361s
 4559677 2233357 5615.59540   96  402 5742.99999 5609.16573  2.33%   171 39391s
 4563152 2235099 5626.38708   72  225 5742.99999 5609.17233  2.33%   171 39417s
 4566541 2236530 infeasible  103      5742.99999 5609.25805  2.33%   171 39448s
 4569992 2238394 5638.13337  115  383 5742.99999 5609.27287  2.33%   171 39474s
 4573522 2240011 5644.06213  142  412 5742.99999 5609.33077  2.33%   171 39499s
 4576838 2241775 5621.22323   95  404 5742.99999 5609.38819  2.33%   171 39523s
 4580060 2243172 infeasible   60      5742.99999 5609.43749  2.33%   171 39548s
 4583224 2244937 5629.61462  136  411 5742.99999 5609.46826  2.33%   171 39573s
 4586395 2246123 5640.01207   81  318 5742.99999 5609.53849  2.32%   171 39598s
 4589518 2247772     cutoff   77      5742.99999 5609.56494  2.32%   171 39625s
 4592671 2248980 5624.19060  179  489 5742.99999 5609.62136  2.32%   171 39652s
 4595516 2249704 5637.32884  143  412 5742.99999 5609.66013  2.32%   171 39681s
 4597247 2250606     cutoff  141      5742.99999 5609.66660  2.32%   171 39729s
 4599613 2253270 infeasible  145      5742.99999 5609.67520  2.32%   171 39788s
 4604715 2252955     cutoff   90      5742.99999 5609.72663  2.32%   171 39808s
 4608507 2252443 5625.24270  113   82 5742.99999 5609.88159  2.32%   171 39825s
 4611607 2252009     cutoff   96      5742.99999 5610.04270  2.32%   171 39841s
 4614852 2251276     cutoff  140      5742.99999 5610.18916  2.31%   171 39860s
 4618159 2250838     cutoff   94      5742.99999 5610.31836  2.31%   171 39877s
 4621491 2250563 5631.97401   49  277 5742.99999 5610.44295  2.31%   171 39895s
 4624877 2250487     cutoff  105      5742.99999 5610.58805  2.31%   171 39912s
 4628195 2250165     cutoff   38      5742.99999 5610.71730  2.30%   171 39929s
 4631750 2249655 5635.31879  122  341 5742.99999 5610.85528  2.30%   171 39946s
 4634995 2249064     cutoff  250      5742.99999 5611.03039  2.30%   171 39962s
 4638432 2248345     cutoff   91      5742.99999 5611.15621  2.30%   171 39979s
 4641566 2247377     cutoff  186      5742.99999 5611.31056  2.29%   171 39996s
 4644769 2246369 5625.94282   85  236 5742.99999 5611.42095  2.29%   171 40013s
 4648202 2245801 5634.40937   67  110 5742.99999 5611.59349  2.29%   171 40030s
 4651551 2245407 5622.21873  318  310 5742.99999 5611.72604  2.29%   171 40047s
 4654973 2245593 5630.26568  163  226 5742.99999 5611.87057  2.28%   171 40069s
 4658371 2245857     cutoff   81      5742.99999 5611.96566  2.28%   171 40092s
 4660036 2246616 5626.31335  133  405 5742.99999 5612.01144  2.28%   171 40119s
 4664514 2247268     cutoff   96      5742.99999 5612.10749  2.28%   171 40143s
 4668481 2247791 infeasible   81      5742.99999 5612.19270  2.28%   171 40168s
 4672085 2247777     cutoff  120      5742.99999 5612.25336  2.28%   171 40189s
 4675141 2247911 5623.10233   84  233 5742.99999 5612.34319  2.28%   171 40211s
 4678550 2248050 5618.56718  178  438 5742.99999 5612.42945  2.27%   171 40232s
 4682181 2248392     cutoff   76      5742.99999 5612.52295  2.27%   171 40253s
 4685630 2248847 5627.17856  112  436 5742.99999 5612.57290  2.27%   171 40274s
 4688986 2249210 5631.13298  170  442 5742.99999 5612.64030  2.27%   171 40294s
 4692231 2249454     cutoff  205      5742.99999 5612.70955  2.27%   171 40313s
 4695359 2249985 5627.85436  104  251 5742.99999 5612.79137  2.27%   171 40333s
 4698762 2250410     cutoff   84      5742.99999 5612.83199  2.27%   171 40358s
 4702505 2250605 5629.61034   66  214 5742.99999 5612.94187  2.26%   171 40377s
 4705687 2252095 5630.84916  126  361 5742.99999 5613.03308  2.26%   171 40409s
 4708508 2253667 5646.82787  211  349 5742.99999 5613.07022  2.26%   171 40444s
 4712140 2255482 5643.32539  159  267 5742.99999 5613.11659  2.26%   171 40479s
 4715529 2257111 5649.92717   94  278 5742.99999 5613.17539  2.26%   171 40514s
 4718515 2258770 5643.61163  120  453 5742.99999 5613.22420  2.26%   171 40550s
 4722015 2260503 5649.48521   75  247 5742.99999 5613.26585  2.26%   171 40585s
 4725335 2261647 5647.92994  166  461 5742.99999 5613.30620  2.26%   171 40620s
 4727711 2263980     cutoff  128      5742.99999 5613.33809  2.26%   171 40663s
 4732007 2265744 5651.73247  272  302 5742.99999 5613.40801  2.26%   171 40699s
 4735250 2267918 5639.79707  171  336 5742.99999 5613.45520  2.26%   171 40735s
 4738713 2269787 5643.28662  139  246 5742.99999 5613.48437  2.26%   171 40772s
 4742223 2271811 5627.35565   90  339 5742.99999 5613.52195  2.25%   171 40807s
 4745894 2273429 5650.21065  211  312 5742.99999 5613.57517  2.25%   171 40842s
 4749356 2274880     cutoff  170      5742.99999 5613.64318  2.25%   171 40876s
 4752551 2276727 5639.87705  170  221 5742.99999 5613.67210  2.25%   171 40910s
 4755948 2278211 5633.37384  104  324 5742.99999 5613.72457  2.25%   171 40938s
 4759079 2279860 5629.45017  119  452 5742.99999 5613.76670  2.25%   171 40966s
 4762802 2281290 5628.47186   67  204 5742.99999 5613.84029  2.25%   171 40994s
 4766058 2282492 infeasible   72      5742.99999 5613.90409  2.25%   171 41022s
 4768270 2284175 5641.59382  141  385 5742.99999 5613.97097  2.25%   171 41051s
 4772052 2286030 5647.00746   69  252 5742.99999 5614.02169  2.25%   171 41079s
 4775768 2287955 5627.64483   80  324 5742.99999 5614.02995  2.25%   171 41109s
 4779379 2289392 5645.49980   98  332 5742.99999 5614.09533  2.24%   171 41134s
 4782622 2290687 5642.54446  145  423 5742.99999 5614.13283  2.24%   171 41159s
 4785836 2292036 5647.11141   95  315 5742.99999 5614.21136  2.24%   171 41185s
 4789032 2293526 5643.67457  141  466 5742.99999 5614.23799  2.24%   171 41210s
 4792194 2295126 5629.20083  105  419 5742.99999 5614.29554  2.24%   171 41237s
 4795540 2296855 5634.24908  113  363 5742.99999 5614.33101  2.24%   171 41262s
 4798784 2298430 5646.18005   88  260 5742.99999 5614.36925  2.24%   171 41287s
 4802149 2299737 5623.88374   83  491 5742.99999 5614.43518  2.24%   171 41313s
 4805319 2301292     cutoff  104      5742.99999 5614.49078  2.24%   171 41343s
 4808867 2300803 5624.11470   81  293 5742.99999 5614.52745  2.24%   171 41363s
 4812700 2299715 5638.43957   53  140 5742.99999 5614.64524  2.23%   171 41379s
 4816039 2298868     cutoff  106      5742.99999 5614.84153  2.23%   171 41395s
 4819395 2297893     cutoff   69      5742.99999 5615.01108  2.23%   171 41411s
 4822567 2297098 5632.55805  146  246 5742.99999 5615.13809  2.23%   171 41428s
 4825976 2296051 5628.81916  218  398 5742.99999 5615.29537  2.22%   171 41444s
 4829170 2294545     cutoff  138      5742.99999 5615.44388  2.22%   171 41461s
 4832456 2293637     cutoff  112      5742.99999 5615.57871  2.22%   171 41478s
 4835975 2292739 5624.27434   85  325 5742.99999 5615.74698  2.22%   171 41496s
 4839591 2291790     cutoff   98      5742.99999 5615.89565  2.21%   171 41512s
 4843336 2290710 5624.06952   73  468 5742.99999 5616.07178  2.21%   171 41529s
 4846864 2289555     cutoff   98      5742.99999 5616.23031  2.21%   171 41545s
 4850361 2288553     cutoff  161      5742.99999 5616.38535  2.20%   171 41562s
 4853844 2287444 infeasible  156      5742.99999 5616.53793  2.20%   171 41578s
 4857327 2286172 5638.36881  159  183 5742.99999 5616.64119  2.20%   171 41596s
 4861038 2286580     cutoff   71      5742.99999 5616.81085  2.20%   171 41618s
 4864567 2286789     cutoff  230      5742.99999 5616.88711  2.20%   171 41640s
 4868054 2286970 5633.78135  128  348 5742.99999 5616.97554  2.19%   171 41660s
 4871248 2287089 5630.02325  160  275 5742.99999 5617.03602  2.19%   171 41681s
 4874738 2287480     cutoff   82      5742.99999 5617.12583  2.19%   171 41701s
 4877973 2287521 5630.93923  125  235 5742.99999 5617.19502  2.19%   171 41722s
 4881209 2287484 5635.23905  163  244 5742.99999 5617.27144  2.19%   171 41741s
 4884510 2287673     cutoff   68      5742.99999 5617.36383  2.19%   171 41769s
 4888069 2288129     cutoff  107      5742.99999 5617.44797  2.19%   171 41789s
 4891720 2288481 5635.94512  134  264 5742.99999 5617.51364  2.19%   171 41808s
 4895115 2288392 5632.51501  133  458 5742.99999 5617.59132  2.18%   171 41828s
 4898212 2288690 5627.01270  214  415 5742.99999 5617.64757  2.18%   171 41847s
 4901629 2288794     cutoff  210      5742.99999 5617.73299  2.18%   171 41867s
 4904789 2288843 infeasible   70      5742.99999 5617.80125  2.18%   171 41886s
 4907904 2289149 5629.02457  140  257 5742.99999 5617.86741  2.18%   171 41906s
 4911547 2290722 5655.56968  237  184 5742.99999 5617.95008  2.18%   171 41940s
 4914218 2291945 5660.45281  104  157 5742.99999 5617.95811  2.18%   171 41978s
 4916348 2294399 infeasible  166      5742.99999 5617.97699  2.18%   171 42025s
 4920786 2296091 5660.30587   93  356 5742.99999 5618.02830  2.18%   171 42065s
 4924615 2297975 5654.03787  110  419 5742.99999 5618.04456  2.18%   171 42104s
 4928271 2299988 5644.90470  272  249 5742.99999 5618.11531  2.17%   171 42142s
 4931915 2301466 5659.25782  182  232 5742.99999 5618.14407  2.17%   171 42179s
 4935138 2303340 5635.59215  115  207 5742.99999 5618.21967  2.17%   171 42217s
 4938638 2305315     cutoff  263      5742.99999 5618.26935  2.17%   171 42253s
 4942106 2307247 5656.98640  262  532 5742.99999 5618.28952  2.17%   171 42288s
 4945208 2308830 5644.13690   81  158 5742.99999 5618.35056  2.17%   171 42325s
 4948170 2310606 5656.36103  142  299 5742.99999 5618.35056  2.17%   171 42360s
 4951492 2311800 5655.05286  139  261 5742.99999 5618.45413  2.17%   171 42396s
 4954770 2313521 5638.67057  147  240 5742.99999 5618.50565  2.17%   171 42431s
 4958215 2315118 5647.80090   91  474 5742.99999 5618.52907  2.17%   171 42466s
 4961464 2316681 5637.85724   97  268 5742.99999 5618.58493  2.17%   171 42503s
 4964138 2318242 5648.94852  121  472 5742.99999 5618.62656  2.17%   171 42531s
 4967377 2319880 5648.75551  115  408 5742.99999 5618.66911  2.16%   171 42559s
 4970835 2321456 5639.02048   85  399 5742.99999 5618.69763  2.16%   171 42586s
 4974536 2323239 5650.93517  197  467 5742.99999 5618.77380  2.16%   171 42612s
 4977975 2324740 infeasible   81      5742.99999 5618.83362  2.16%   171 42638s
 4981171 2326342 5634.69771   92  366 5742.99999 5618.84054  2.16%   171 42664s
 4984599 2328018 5644.82119  114  274 5742.99999 5618.92114  2.16%   171 42689s
 4987867 2329546 5631.58011   87  276 5742.99999 5618.94905  2.16%   171 42715s
 4991089 2331070 5636.03560   98  271 5742.99999 5618.98771  2.16%   171 42746s
 4994598 2332762 5631.62415   97  228 5742.99999 5619.03064  2.16%   171 42771s
 4997776 2333781 5642.93677  124  421 5742.99999 5619.07298  2.16%   171 42799s
 5000066 2335159 5645.76497  144  338 5742.99999 5619.09208  2.16%   171 42827s
 5003582 2336884     cutoff   96      5742.99999 5619.13701  2.16%   171 42855s
 5007199 2338525 5639.39290   95  318 5742.99999 5619.19456  2.16%   171 42882s
 5010704 2339743 5647.82285  138  418 5742.99999 5619.25234  2.15%   171 42909s
 5014012 2341350 infeasible   64      5742.99999 5619.26910  2.15%   171 42936s
 5017348 2339651 5633.20410  258  431 5742.99999 5619.31307  2.15%   171 42959s
 5021978 2338131 5638.55588   56  157 5742.99999 5619.51053  2.15%   171 42978s
 5026075 2336417     cutoff   92      5742.99999 5619.73050  2.15%   171 42997s
 5030336 2334765 5640.57124  137  317 5742.99999 5619.95967  2.14%   171 43016s
 5034491 2333039     cutoff   85      5742.99999 5620.14627  2.14%   171 43035s
 5039074 2331564 5640.75798  117  220 5742.99999 5620.35936  2.14%   171 43053s
 5043291 2329758 infeasible  261      5742.99999 5620.49814  2.13%   171 43071s
 5047578 2328174 5636.40727  205  335 5742.99999 5620.66966  2.13%   171 43089s
 5051712 2326257     cutoff  263      5742.99999 5620.86579  2.13%   171 43107s
 5055895 2324489     cutoff   57      5742.99999 5621.06566  2.12%   171 43125s
 5059147 2322592     cutoff  130      5742.99999 5621.23141  2.12%   171 43144s
 5063592 2320425     cutoff   53      5742.99999 5621.40464  2.12%   171 43162s
 5067878 2320430 5637.39075  305  368 5742.99999 5621.59839  2.11%   171 43184s
 5071412 2320519 5634.63628  139  328 5742.99999 5621.66674  2.11%   171 43200s

Cutting planes:
  Gomory: 17
  Cover: 1424
  Implied bound: 2
  Clique: 232
  MIR: 182
  StrongCG: 2
  GUB cover: 2
  Zero half: 176
  RLT: 884
  Relax-and-lift: 9
  BQP: 18

Explored 5072258 nodes (866571400 simplex iterations) in 43208.54 seconds (22047.68 work units)
Thread count was 32 (of 128 available processors)

Solution count 10: 5743 5745 5746 ... 5780

Time limit reached
Best objective 5.743000000000e+03, best bound 5.622000000000e+03, gap 2.1069%
Solved r101_Even -> /project2/ssuen_1733/output/v3/r101_Even.pkl / .json
[Tue Dec 16 04:48:01 PST 2025] Finished run_single_instance for r101_Even
