==========================================
SLURM_JOB_ID = 5322909
SLURM_JOB_NODELIST = b22-04
TMPDIR = /tmp/SLURM_5322909
==========================================
Using Python:
Python 3.10.18
Checking core dependencies:
numpy: 2.2.6
gurobi: (12, 0, 3)
[Tue Dec 16 15:51:27 PST 2025] Starting run_single_instance on b22-04.hpc.usc.edu for c201_Even
Set parameter TokenServer to value "hpc-licenses.hpcc.usc.edu"
Set parameter TimeLimit to value 86400
Set parameter Seed to value 42
Set parameter OutputFlag to value 1
Gurobi Optimizer version 12.0.3 build v12.0.3rc0 (linux64 - "Rocky Linux 8.10 (Green Obsidian)")

CPU model: AMD EPYC 7542 32-Core Processor, instruction set [SSE2|AVX|AVX2]
Thread count: 64 physical cores, 128 logical processors, using up to 32 threads

Non-default parameters:
TimeLimit  86400
Seed  42

Optimize a model with 703650 rows, 728000 columns and 7279600 nonzeros
Model fingerprint: 0x72fb9143
Variable types: 0 continuous, 728000 integer (727500 binary)
Coefficient statistics:
  Matrix range     [1e+00, 1e+03]
  Objective range  [2e+00, 1e+02]
  Bounds range     [1e+00, 5e+01]
  RHS range        [1e+00, 1e+03]
Presolve removed 679100 rows and 699455 columns
Presolve time: 3.88s
Presolved: 24550 rows, 28545 columns, 206750 nonzeros
Variable types: 0 continuous, 28545 integer (28500 binary)
Performing another presolve...
Presolve removed 400 rows and 250 columns
Presolve time: 0.40s
Deterministic concurrent LP optimizer: primal and dual simplex
Showing primal log only...


Root simplex log...

Iteration    Objective       Primal Inf.    Dual Inf.      Time
       0    5.6290000e+03   2.425000e+02   7.961796e+09      6s
Concurrent spin time: 0.14s

Solved with dual simplex

Root simplex log...

Iteration    Objective       Primal Inf.    Dual Inf.      Time
   19799    4.5810933e+03   0.000000e+00   0.000000e+00     10s

Root relaxation: objective 4.581093e+03, 19799 iterations, 3.65 seconds (4.10 work units)
Total elapsed time = 9.84s (DegenMoves)
Total elapsed time = 10.02s (DegenMoves)

    Nodes    |    Current Node    |     Objective Bounds      |     Work
 Expl Unexpl |  Obj  Depth IntInf | Incumbent    BestBd   Gap | It/Node Time

     0     0 4581.09328    0  983          - 4581.09328      -     -   10s
     0     0 4604.81385    0 1046          - 4604.81385      -     -   11s
     0     0 4669.88405    0 1019          - 4669.88405      -     -   12s
     0     0 4669.88405    0 1063          - 4669.88405      -     -   12s
     0     0 4669.88405    0 1067          - 4669.88405      -     -   12s
H    0     0                    21767.000000 4669.88405  78.5%     -   13s
     0     0 4669.88405    0 1195 21767.0000 4669.88405  78.5%     -   14s
H    0     0                    21569.000000 4669.88405  78.3%     -   14s
H    0     0                    21153.000000 4669.88405  77.9%     -   14s
H    0     0                    20666.000000 4669.88405  77.4%     -   14s
H    0     0                    20546.000000 4669.88405  77.3%     -   14s
H    0     0                    20397.000000 4669.88405  77.1%     -   14s
H    0     0                    20209.000000 4669.88405  76.9%     -   14s
H    0     0                    19737.000000 4669.88405  76.3%     -   14s
H    0     0                    19098.000000 4669.88405  75.5%     -   14s
H    0     0                    18305.000000 4669.88405  74.5%     -   14s
H    0     0                    18281.000000 4669.88405  74.5%     -   14s
H    0     0                    18152.000000 4669.88405  74.3%     -   15s
H    0     0                    17868.000000 4669.88405  73.9%     -   15s
H    0     0                    17862.000000 4669.88405  73.9%     -   15s
H    0     0                    17581.000000 4669.88405  73.4%     -   15s
H    0     0                    17266.000000 4669.88405  73.0%     -   15s
H    0     0                    17174.000000 4669.88405  72.8%     -   15s
H    0     0                    16869.000000 4669.88405  72.3%     -   15s
H    0     0                    16815.000000 4669.88405  72.2%     -   15s
H    0     0                    16790.000000 4669.88405  72.2%     -   15s
H    0     0                    16509.000000 4669.88405  71.7%     -   15s
H    0     0                    16493.000000 4669.88405  71.7%     -   15s
H    0     0                    16467.000000 4669.88405  71.6%     -   15s
H    0     0                    16436.000000 4669.88405  71.6%     -   15s
     0     0 4669.88405    0 1126 16436.0000 4669.88405  71.6%     -   15s
     0     0 4669.88405    0 1123 16436.0000 4669.88405  71.6%     -   15s
     0     0 4669.88405    0 1147 16436.0000 4669.88405  71.6%     -   15s
     0     0 4669.88405    0 1147 16436.0000 4669.88405  71.6%     -   16s
     0     0 4669.88405    0 1303 16436.0000 4669.88405  71.6%     -   19s
H    0     0                    16143.000000 4669.88405  71.1%     -   19s
H    0     0                    16070.000000 4669.88405  70.9%     -   19s
H    0     0                    16052.000000 4669.88405  70.9%     -   19s
     0     0 4669.88405    0 1333 16052.0000 4669.88405  70.9%     -   20s
     0     0 4669.88405    0 1384 16052.0000 4669.88405  70.9%     -   21s
     0     0 4669.88405    0 1411 16052.0000 4669.88405  70.9%     -   21s
     0     0 4721.06811    0 1335 16052.0000 4721.06811  70.6%     -   26s
H    0     0                    15927.000000 4721.09567  70.4%     -   26s
H    0     0                    15586.000000 4721.09567  69.7%     -   26s
H    0     0                    15548.000000 4721.09567  69.6%     -   26s
H    0     0                    15473.000000 4721.09567  69.5%     -   26s
H    0     0                    14980.000000 4721.09567  68.5%     -   26s
H    0     0                    14945.000000 4721.09567  68.4%     -   26s
H    0     0                    14943.000000 4721.09567  68.4%     -   26s
H    0     0                    14931.000000 4721.09567  68.4%     -   26s
     0     0 4724.28238    0 1366 14931.0000 4724.28238  68.4%     -   27s
     0     0 4724.67688    0 1365 14931.0000 4724.67688  68.4%     -   28s
     0     0 4724.80316    0 1373 14931.0000 4724.80316  68.4%     -   28s
     0     0 4724.81576    0 1368 14931.0000 4724.81576  68.4%     -   28s
     0     0 4774.99990    0 1341 14931.0000 4774.99990  68.0%     -   32s
H    0     0                    14695.000000 4775.00459  67.5%     -   32s
H    0     0                    14680.000000 4775.00459  67.5%     -   32s
H    0     0                    14662.000000 4775.00459  67.4%     -   32s
H    0     0                    14640.000000 4775.00459  67.4%     -   32s
     0     0 4777.45950    0 1341 14640.0000 4777.45950  67.4%     -   33s
     0     0 4777.54834    0 1361 14640.0000 4777.54834  67.4%     -   34s
     0     0 4777.59597    0 1325 14640.0000 4777.59597  67.4%     -   34s
     0     0 4777.59922    0 1351 14640.0000 4777.59922  67.4%     -   34s
     0     0 4825.94705    0 1483 14640.0000 4825.94705  67.0%     -   38s
H    0     0                    14447.000000 4826.99688  66.6%     -   38s
H    0     0                    14325.000000 4826.99688  66.3%     -   38s
H    0     0                    13544.000000 4826.99688  64.4%     -   39s
H    0     0                    13472.000000 4826.99688  64.2%     -   39s
H    0     0                    13463.000000 4826.99688  64.1%     -   39s
H    0     0                    13449.000000 4826.99688  64.1%     -   39s
H    0     0                    13448.000000 4826.99688  64.1%     -   39s
H    0     0                    13442.000000 4826.99688  64.1%     -   39s
     0     0 4832.72090    0 1351 13442.0000 4832.72090  64.0%     -   40s
     0     0 4832.77841    0 1406 13442.0000 4832.77841  64.0%     -   40s
     0     0 4832.82958    0 1468 13442.0000 4832.82958  64.0%     -   41s
     0     0 4832.83850    0 1424 13442.0000 4832.83850  64.0%     -   41s
     0     0 4913.46917    0 1303 13442.0000 4913.46917  63.4%     -   45s
H    0     0                    13377.000000 4913.46999  63.3%     -   45s
H    0     0                    13235.000000 4913.46999  62.9%     -   45s
     0     0 4917.40445    0 1439 13235.0000 4917.40445  62.8%     -   47s
     0     0 4917.95042    0 1475 13235.0000 4917.95042  62.8%     -   48s
     0     0 4918.04834    0 1452 13235.0000 4918.04834  62.8%     -   48s
     0     0 4918.05639    0 1471 13235.0000 4918.05639  62.8%     -   48s
     0     0 4981.33230    0 1466 13235.0000 4981.33230  62.4%     -   52s
H    0     0                    13215.000000 4982.00796  62.3%     -   53s
H    0     0                    13214.000000 4982.00796  62.3%     -   53s
H    0     0                    12886.000000 4982.00796  61.3%     -   53s
H    0     0                    12877.000000 4982.00796  61.3%     -   53s
H    0     0                    12832.000000 4982.00796  61.2%     -   53s
H    0     0                    12650.000000 4982.00796  60.6%     -   53s
H    0     0                    12559.000000 4982.00796  60.3%     -   54s
H    0     0                    12356.000000 4982.00796  59.7%     -   54s
H    0     0                    12322.000000 4982.00796  59.6%     -   54s
H    0     0                    12299.000000 4982.00796  59.5%     -   54s
H    0     0                    12203.000000 4982.00796  59.2%     -   54s
H    0     0                    12120.000000 4982.00796  58.9%     -   54s
H    0     0                    12028.000000 4982.00796  58.6%     -   54s
H    0     0                    12024.000000 4982.00796  58.6%     -   54s
H    0     0                    12018.000000 4982.00796  58.5%     -   54s
H    0     0                    11999.000000 4982.00796  58.5%     -   54s
H    0     0                    11985.000000 4982.00796  58.4%     -   54s
H    0     0                    11972.000000 4982.00796  58.4%     -   54s
H    0     0                    11958.000000 4982.00796  58.3%     -   54s
H    0     0                    11823.000000 4982.00796  57.9%     -   54s
H    0     0                    11809.000000 4982.00796  57.8%     -   55s
     0     0 4986.17150    0 1360 11809.0000 4986.17150  57.8%     -   56s
     0     0 4987.03080    0 1461 11809.0000 4987.03080  57.8%     -   57s
     0     0 4987.12077    0 1446 11809.0000 4987.12077  57.8%     -   57s
     0     0 4987.14595    0 1505 11809.0000 4987.14595  57.8%     -   57s
     0     0 5025.57174    0 1416 11809.0000 5025.57174  57.4%     -   62s
     0     0 5028.08150    0 1532 11809.0000 5028.08150  57.4%     -   64s
     0     0 5028.50973    0 1542 11809.0000 5028.50973  57.4%     -   65s
     0     0 5028.61600    0 1554 11809.0000 5028.61600  57.4%     -   65s
     0     0 5028.62353    0 1532 11809.0000 5028.62353  57.4%     -   65s
     0     0 5072.68663    0 1648 11809.0000 5072.68663  57.0%     -   69s
     0     0 5076.17874    0 1669 11809.0000 5076.17874  57.0%     -   71s
     0     0 5077.02318    0 1685 11809.0000 5077.02318  57.0%     -   72s
     0     0 5077.10580    0 1762 11809.0000 5077.10580  57.0%     -   73s
     0     0 5113.65117    0 1634 11809.0000 5113.65117  56.7%     -   77s
H    0     0                    11667.000000 5113.66586  56.2%     -   77s
     0     0 5117.74531    0 1694 11667.0000 5117.74531  56.1%     -   79s
     0     0 5118.43973    0 1683 11667.0000 5118.43973  56.1%     -   79s
     0     0 5118.47754    0 1714 11667.0000 5118.47754  56.1%     -   80s
     0     0 5168.83042    0 1574 11667.0000 5168.83042  55.7%     -   83s
H    0     0                    11647.000000 5169.01259  55.6%     -   84s
H    0     0                    11639.000000 5169.01259  55.6%     -   84s
H    0     0                    11193.000000 5169.01259  53.8%     -   84s
H    0     0                    11154.000000 5169.01259  53.7%     -   84s
H    0     0                    11147.000000 5169.01259  53.6%     -   84s
H    0     0                    11141.000000 5169.01259  53.6%     -   84s
H    0     0                    11135.000000 5169.01259  53.6%     -   84s
H    0     0                    11129.000000 5169.01259  53.6%     -   84s
H    0     0                    11128.000000 5169.01259  53.5%     -   84s
H    0     0                    11057.000000 5169.01259  53.3%     -   84s
     0     0 5172.34846    0 1686 11057.0000 5172.34846  53.2%     -   85s
     0     0 5172.88636    0 1672 11057.0000 5172.88636  53.2%     -   86s
     0     0 5172.91067    0 1750 11057.0000 5172.91067  53.2%     -   86s
     0     0 5194.83379    0 1696 11057.0000 5194.83379  53.0%     -   89s
H    0     0                    11030.000000 5195.26621  52.9%     -   89s
H    0     0                    11020.000000 5195.26621  52.9%     -   89s
     0     0 5196.29059    0 1635 11020.0000 5196.29059  52.8%     -   91s
     0     0 5196.38439    0 1699 11020.0000 5196.38439  52.8%     -   91s
     0     0 5211.29862    0 1656 11020.0000 5211.29862  52.7%     -   95s
H    0     0                    10612.000000 5211.30068  50.9%     -   95s
H    0     0                    10573.000000 5211.30068  50.7%     -   95s
H    0     0                    10568.000000 5211.30068  50.7%     -   96s
H    0     0                    10567.000000 5211.30068  50.7%     -   96s
H    0     0                    10561.000000 5211.30068  50.7%     -   96s
H    0     0                    10536.000000 5211.30068  50.5%     -   96s
H    0     0                    10535.000000 5211.30068  50.5%     -   96s
H    0     0                    10520.000000 5211.30068  50.5%     -   96s
H    0     0                    10515.000000 5211.30068  50.4%     -   96s
H    0     0                    10509.000007 5211.30068  50.4%     -   97s
H    0     0                    10507.000002 5211.30068  50.4%     -   97s
H    0     0                    10507.000000 5211.30068  50.4%     -   97s
     0     0 5212.55906    0 1678 10507.0000 5212.55906  50.4%     -   98s
     0     0 5212.66266    0 1638 10507.0000 5212.66266  50.4%     -   98s
     0     0 5224.20307    0 1614 10507.0000 5224.20307  50.3%     -  101s
H    0     0                    10457.000000 5224.25387  50.0%     -  101s
H    0     0                    10455.000000 5224.25387  50.0%     -  101s
     0     0 5225.87924    0 1734 10455.0000 5225.87924  50.0%     -  103s
     0     0 5226.42612    0 1653 10455.0000 5226.42612  50.0%     -  104s
     0     0 5226.57680    0 1765 10455.0000 5226.57680  50.0%     -  104s
     0     0 5232.57030    0 1747 10455.0000 5232.57030  50.0%     -  107s
     0     0 5233.58317    0 1633 10455.0000 5233.58317  49.9%     -  108s
     0     0 5233.78190    0 1653 10455.0000 5233.78190  49.9%     -  109s
     0     0 5233.79466    0 1704 10455.0000 5233.79466  49.9%     -  109s
     0     0 5239.75029    0 1729 10455.0000 5239.75029  49.9%     -  112s
     0     0 5240.44391    0 1678 10455.0000 5240.44391  49.9%     -  113s
     0     0 5240.48887    0 1712 10455.0000 5240.48887  49.9%     -  113s
     0     0 5246.68595    0 1646 10455.0000 5246.68595  49.8%     -  115s
     0     0 5247.80385    0 1688 10455.0000 5247.80385  49.8%     -  116s
     0     0 5248.04511    0 1682 10455.0000 5248.04511  49.8%     -  116s
     0     0 5248.05929    0 1692 10455.0000 5248.05929  49.8%     -  117s
     0     0 5250.88163    0 1698 10455.0000 5250.88163  49.8%     -  118s
     0     0 5251.33939    0 1706 10455.0000 5251.33939  49.8%     -  119s
     0     0 5251.40310    0 1751 10455.0000 5251.40310  49.8%     -  119s
     0     0 5256.79480    0 1739 10455.0000 5256.79480  49.7%     -  121s
     0     0 5258.66594    0 1805 10455.0000 5258.66594  49.7%     -  123s
     0     0 5258.88248    0 1784 10455.0000 5258.88248  49.7%     -  124s
     0     0 5258.89645    0 1844 10455.0000 5258.89645  49.7%     -  124s
     0     0 5264.17259    0 1817 10455.0000 5264.17259  49.6%     -  126s
     0     0 5264.56780    0 1790 10455.0000 5264.56780  49.6%     -  127s
     0     0 5264.63982    0 1831 10455.0000 5264.63982  49.6%     -  127s
     0     0 5268.34633    0 1852 10455.0000 5268.34633  49.6%     -  129s
H    0     0                    10376.000000 5268.36858  49.2%     -  130s
H    0     0                    10368.000000 5268.36858  49.2%     -  131s
H    0     0                    10339.000000 5268.36858  49.0%     -  132s
H    0     0                    10333.000000 5268.36858  49.0%     -  132s
H    0     0                    10330.000000 5268.36858  49.0%     -  132s
H    0     0                    10327.000000 5268.36858  49.0%     -  132s
H    0     0                    10256.000000 5268.36858  48.6%     -  132s
H    0     0                    10242.000000 5268.36858  48.6%     -  132s
H    0     0                    10239.000000 5268.36858  48.5%     -  132s
H    0     0                    10233.000000 5268.36858  48.5%     -  132s
H    0     0                    10216.000000 5268.36858  48.4%     -  132s
H    0     0                    10195.000000 5268.36858  48.3%     -  133s
H    0     0                    10171.000000 5268.36858  48.2%     -  133s
H    0     0                    10166.000000 5268.36858  48.2%     -  133s
H    0     0                    10157.000000 5268.36858  48.1%     -  133s
H    0     0                    10155.000000 5268.36858  48.1%     -  133s
H    0     0                    10135.000000 5268.36858  48.0%     -  133s
H    0     0                    10125.000000 5268.36858  48.0%     -  133s
     0     0 5268.89792    0 1880 10125.0000 5268.89792  48.0%     -  134s
     0     0 5268.91918    0 1851 10125.0000 5268.91918  48.0%     -  134s
     0     0 5273.21128    0 1785 10125.0000 5273.21128  47.9%     -  136s
     0     0 5273.73422    0 1869 10125.0000 5273.73422  47.9%     -  137s
     0     0 5273.79053    0 1826 10125.0000 5273.79053  47.9%     -  138s
     0     0 5279.29785    0 1750 10125.0000 5279.29785  47.9%     -  140s
     0     0 5280.02117    0 1766 10125.0000 5280.02117  47.9%     -  141s
     0     0 5280.02117    0 1823 10125.0000 5280.02117  47.9%     -  141s
     0     0 5280.02117    0 1832 10125.0000 5280.02117  47.9%     -  141s
     0     0 5289.17757    0 1724 10125.0000 5289.17757  47.8%     -  144s
H    0     0                    10123.000000 5289.17757  47.8%     -  144s
H    0     0                    10121.000000 5289.17757  47.7%     -  144s
     0     0 5289.78359    0 1737 10121.0000 5289.78359  47.7%     -  145s
     0     0 5289.82804    0 1723 10121.0000 5289.82804  47.7%     -  145s
     0     0 5298.45695    0 1651 10121.0000 5298.45695  47.6%     -  147s
     0     0 5298.87250    0 1778 10121.0000 5298.87250  47.6%     -  148s
     0     0 5298.95832    0 1774 10121.0000 5298.95832  47.6%     -  148s
     0     0 5306.18923    0 1722 10121.0000 5306.18923  47.6%     -  150s
     0     0 5306.71855    0 1764 10121.0000 5306.71855  47.6%     -  151s
     0     0 5306.84143    0 1793 10121.0000 5306.84143  47.6%     -  151s
     0     0 5309.69059    0 1772 10121.0000 5309.69059  47.5%     -  153s
     0     0 5310.01446    0 1793 10121.0000 5310.01446  47.5%     -  153s
     0     0 5310.13569    0 1798 10121.0000 5310.13569  47.5%     -  154s
     0     0 5310.91111    0 1806 10121.0000 5310.91111  47.5%     -  155s
     0     0 5311.12720    0 1782 10121.0000 5311.12720  47.5%     -  156s
     0     0 5311.59600    0 1705 10121.0000 5311.59600  47.5%     -  157s
     0     0 5311.59824    0 1662 10121.0000 5311.59824  47.5%     -  157s
     0     2 5311.60100    0 1660 10121.0000 5311.60100  47.5%     -  161s
     1     4 5311.60100    1 1672 10121.0000 5311.60100  47.5%   504  166s
     3     8 5312.22530    2 1683 10121.0000 5312.22530  47.5%  2389  172s
     7    16 5312.26069    3 1724 10121.0000 5312.22530  47.5%  2994  179s
    15    32 5312.42827    4 1742 10121.0000 5312.42827  47.5%  2977  185s
H   31    64                    10115.000000 5312.42827  47.5%  3328  196s
H   32    64                    10104.000000 5312.42827  47.4%  3245  196s
H   32    64                    9997.0000000 5312.42827  46.9%  3245  196s
    63    72 5517.16235    6 1682 9997.00000 5312.75071  46.9%  3436  208s
    71   116 5745.70744    7 1631 9997.00000 5312.75071  46.9%  4070  251s
H  115   196                    9964.0000000 5313.29846  46.7%  4102  266s
H  115   196                    9751.9999861 5313.29846  45.5%  4102  266s
   197   328 5749.33337   10 1576 9751.99999 5313.30247  45.5%  3035  279s
H  329   429                    9718.0000000 5313.30247  45.3%  2258  291s
H  332   429                    9671.0000000 5313.30247  45.1%  2259  291s
   436   513 5755.75926   14 1589 9671.00000 5313.30247  45.1%  1944  300s
   522   587 5757.99556   18 1586 9671.00000 5313.30247  45.1%  1835  308s
H  525   587                    9657.0000000 5313.30247  45.0%  1836  308s
H  601   617                    9649.0000000 5313.30247  44.9%  1752  319s
H  604   617                    9624.0000000 5313.30247  44.8%  1747  319s
H  633   708                    9612.0000000 5313.30247  44.7%  1806  325s
H  637   708                    9596.0000000 5313.30247  44.6%  1805  325s
H  651   708                    9594.0000000 5313.30247  44.6%  1794  325s
   724   798 5758.98668   23 1620 9594.00000 5313.30247  44.6%  1702  332s
   814   873 5764.28508   24 1585 9594.00000 5313.30247  44.6%  1617  339s
H  817   873                    9588.0000000 5313.30247  44.6%  1613  339s
H  820   873                    9568.0000000 5313.30247  44.5%  1610  339s
H  849   873                    9560.0000000 5313.30247  44.4%  1587  339s
H  890   905                    9549.0000000 5313.30247  44.4%  1563  347s
H  892   905                    9537.0000000 5313.30247  44.3%  1561  347s
H  907   905                    9536.0000000 5313.30247  44.3%  1553  347s
H  910   905                    9524.0000000 5313.30247  44.2%  1551  347s
H  922   951                    9497.0000000 5313.30247  44.1%  1549  355s
H  945   951                    9496.0000000 5313.30247  44.0%  1536  355s
H  948   951                    9493.0000000 5313.30247  44.0%  1533  355s
   968  1044 5760.81776   27 1646 9493.00000 5313.30247  44.0%  1527  366s
  1061  1088 5826.41524   29 1712 9493.00000 5313.30247  44.0%  1493  376s
H 1062  1088                    9453.0000000 5313.30247  43.8%  1492  376s
H 1069  1088                    9446.0000000 5313.30247  43.8%  1492  376s
H 1076  1088                    9441.0000000 5313.30247  43.7%  1487  376s
H 1093  1088                    9438.0000000 5313.30247  43.7%  1484  376s
  1105  1202 5761.87983   30 1647 9438.00000 5313.30247  43.7%  1488  387s
  1221  1248 5762.38818   31 1674 9438.00000 5313.30247  43.7%  1448  394s
H 1236  1248                    9435.0000000 5313.30247  43.7%  1444  394s
H 1239  1248                    9431.0000000 5313.30247  43.7%  1448  394s
H 1259  1248                    9402.0000000 5313.30247  43.5%  1454  394s
  1267  1380 5762.79780   32 1641 9402.00000 5313.30247  43.5%  1457  404s
  1401  1412 5765.31532   35 1608 9402.00000 5313.30247  43.5%  1401  411s
H 1403  1412                    9384.0000000 5313.30247  43.4%  1404  411s
H 1428  1412                    9348.0000000 5313.30247  43.2%  1394  411s
  1433  1560 5766.02886   36 1621 9348.00000 5313.30247  43.2%  1394  420s
  1581  1717 5768.51313   40 1646 9348.00000 5313.30247  43.2%  1338  428s
  1738  1853 5769.76850   41 1588 9348.00000 5313.30247  43.2%  1282  436s
  1876  1884 5770.73814   42 1535 9348.00000 5313.30247  43.2%  1259  440s
H 1878  1884                    9344.0000000 5313.30247  43.1%  1258  440s
H 1882  1884                    9338.0000000 5313.30247  43.1%  1257  440s
  1909  2039 5776.22623   43 1599 9338.00000 5313.30247  43.1%  1251  450s
H 2066  2071                    9335.0000000 5313.30247  43.1%  1227  454s
H 2073  2071                    9322.0000000 5313.30247  43.0%  1224  454s
  2098  2260 5776.65140   46 1568 9322.00000 5313.30247  43.0%  1219  462s
  2290  2292 5778.94724   50 1533 9322.00000 5313.30247  43.0%  1180  467s
H 2292  2292                    9316.0000000 5313.30247  43.0%  1179  467s
  2322  2487 5779.33177   50 1553 9316.00000 5313.30247  43.0%  1179  479s
  2519  2518 5782.41308   57 1550 9316.00000 5313.30247  43.0%  1146  485s
H 2524  2518                    9311.0000000 5313.30247  42.9%  1148  485s
H 2535  2518                    9302.0000000 5313.30247  42.9%  1147  485s
H 2552  2550                    9244.0000000 5313.30247  42.5%  1143  491s
H 2553  2550                    9166.0000000 5313.30247  42.0%  1143  491s
H 2557  2550                    9155.0000000 5313.30247  42.0%  1142  491s
H 2582  2550                    9124.0000000 5313.30247  41.8%  1137  491s
H 2584  2582                    9068.0000000 5313.30247  41.4%  1137  496s
H 2595  2582                    9056.0000000 5313.30247  41.3%  1138  496s
H 2599  2582                    9051.0000000 5313.30247  41.3%  1137  496s
  2616  2868 5896.98487   59 1412 9051.00000 5313.30247  41.3%  1136  509s
  2902  2900 5865.08418   58 1572 9051.00000 5313.30247  41.3%  1079  515s
H 2903  2900                    9041.0000000 5313.30247  41.2%  1078  515s
H 2913  2900                    9039.0000000 5313.30247  41.2%  1080  515s
H 2924  2900                    9014.0000000 5313.30247  41.1%  1078  515s
  2934  3177 5847.72072   57 1625 9014.00000 5313.30247  41.1%  1081  524s
  3215  3460 5786.76852   60 1541 9014.00000 5313.30247  41.1%  1037  535s
H 3500  3491                    9012.0000000 5313.30247  41.0%  1005  541s
H 3503  3491                    9004.0000000 5313.30247  41.0%  1004  541s
H 3506  3491                    8981.0000000 5313.30247  40.8%  1005  541s
  3533  3791 5791.53699   65 1594 8981.00000 5313.30247  40.8%  1002  551s
  3835  4144 5800.32957   71 1416 8981.00000 5313.30247  40.8%   972  562s
H 4192  4199                    8929.0000000 5313.30247  40.5%   932  572s
H 4194  4199                    8916.9999935 5313.30247  40.4%   932  572s
H 4197  4199                    8903.0000000 5313.30247  40.3%   932  572s
  4249  4556 5864.67982   73 1389 8903.00000 5313.30247  40.3%   929  583s
  4610  4883 5800.47591   74 1470 8903.00000 5313.30247  40.3%   900  592s
  4949  4915 5853.05256   74 1398 8903.00000 5313.30247  40.3%   880  599s
H 4950  4915                    8899.0000000 5313.30247  40.3%   880  599s
H 4956  4915                    8894.0000000 5313.30247  40.3%   879  599s
H 4960  4915                    8892.0000000 5313.30247  40.2%   879  599s
  4981  5081 5802.01844   77 1448 8892.00000 5313.30247  40.2%   878  651s
  5151  5487 5805.55712   80 1493 8892.00000 5313.30247  40.2%   868  662s
  5561  5896 5807.48403   82 1439 8892.00000 5313.30247  40.2%   847  674s
H 5978  5928                    8891.0000000 5313.30247  40.2%   827  682s
H 5984  5928                    8890.0000000 5313.30247  40.2%   827  682s
H 5987  5928                    8888.0000000 5313.30247  40.2%   828  682s
H 5994  5928                    8887.0000000 5313.30247  40.2%   828  682s
H 6002  5928                    8867.0000000 5313.30247  40.1%   828  682s
H 6010  6045                    8819.0000000 5313.30247  39.8%   827  695s
H 6046  6045                    8815.0000000 5313.30247  39.7%   829  695s
  6127  6648 5816.39420   83 1462 8815.00000 5313.30247  39.7%   825  707s
  6737  7360 5814.78938   87 1572 8815.00000 5313.30247  39.7%   788  720s
  7466  7565 5816.49844   94 1511 8815.00000 5313.30247  39.7%   747  732s
H 7509  7565                    8814.0000000 5313.30247  39.7%   745  732s
H 7550  7565                    8801.0000000 5313.30247  39.6%   744  732s
  7677  8307 5817.02584   95 1490 8801.00000 5313.30247  39.6%   738  745s
  8429  8337 5823.94392  102 1526 8801.00000 5313.30247  39.6%   708  754s
H 8432  8337                    8795.0000000 5313.30247  39.6%   708  754s
H 8453  8337                    8789.0000000 5313.30247  39.5%   707  754s
  8463  9101 5883.98390  100 1476 8789.00000 5313.30247  39.5%   708  772s
  9311  9868 5827.48626  101 1517 8789.00000 5313.30247  39.5%   675  788s
H10100 10133                    8786.0000000 5313.30247  39.5%   653  803s
 10371 11114 5829.50770  106 1523 8786.00000 5313.30247  39.5%   647  821s
H11394 11213                    8770.0000000 5313.30247  39.4%   618  840s
H11401 11211                    8769.0000000 5313.30247  39.4%   619  840s
H11402 11205                    8765.0000000 5313.30247  39.4%   619  840s
H11530 11259                    8762.0000000 5313.30247  39.4%   616  855s
H11551 11244                    8756.0000000 5313.30247  39.3%   617  855s
H11569 11214                    8742.0000000 5313.30247  39.2%   618  855s
 11601 11214 8098.83580  318 12751 8742.00000 5313.30247  39.2%   617  912s
H11602 10654                    8741.0000000 5313.30247  39.2%   617  918s
 11604 10655 7207.07892  240 1096 8741.00000 5313.30247  39.2%   617  921s
 11606 10656 6052.99684   64 1345 8741.00000 5313.30247  39.2%   617  929s
 11607 10657 5601.61128   31 1538 8741.00000 5313.30247  39.2%   617  934s
 11608 10658 6043.53411  160 1604 8741.00000 5313.30247  39.2%   617  938s
 11609 10658 7924.60917  305 1729 8741.00000 5313.30247  39.2%   617  944s
 11610 10659 5543.78689   23 1706 8741.00000 5313.30247  39.2%   617  948s
 11611 10660 5808.00275   10 1643 8741.00000 5313.30247  39.2%   617  952s
 11612 10660 7645.39121  349 1683 8741.00000 5313.30247  39.2%   617  955s
 11615 10662 8265.03930  437 1714 8741.00000 5320.90896  39.1%   616  961s
 11618 10664 6740.69233  371 1686 8741.00000 5325.01379  39.1%   616  965s
 11627 10670 6757.70212  184 1743 8741.00000 5326.70702  39.1%   616  971s
 11628 10671 6317.91083  138 1806 8741.00000 5404.24326  38.2%   616  980s
 11629 10672 6344.45946   99 1891 8741.00000 5439.27339  37.8%   616  988s
 11630 10672 5990.08528   66 1931 8741.00000 5453.46425  37.6%   616  994s
 11631 10673 7752.79382  282 1928 8741.00000 5462.33246  37.5%   616  998s
 11632 10674 6535.55555  116 1840 8741.00000 5466.34598  37.5%   616 1001s
 11637 10677 7400.23632  251 1884 8741.00000 5467.31616  37.5%   615 1007s
 11638 10678 5961.34429   79 1741 8741.00000 5527.96469  36.8%   615 1015s
 11639 10678 8021.53015  326 1837 8741.00000 5543.98886  36.6%   615 1021s
 11640 10679 7502.29819   67 1923 8741.00000 5549.56862  36.5%   615 1025s
 11645 10682 6428.98380  153 1894 8741.00000 5552.59718  36.5%   615 1030s
 11647 10684 6509.79930  160 1861 8741.00000 5601.18888  35.9%   615 1041s
 11648 10684 6207.97598  256 1888 8741.00000 5610.51710  35.8%   615 1047s
 11649 10685 8100.25631  362 1969 8741.00000 5612.95079  35.8%   615 1050s
 11655 10689 6537.61578  167 1940 8741.00000 5614.00444  35.8%   614 1055s
 11656 10690 6488.10285  367 1908 8741.00000 5684.39890  35.0%   614 1067s
 11657 10690 7599.78672  311 2119 8741.00000 5692.33691  34.9%   614 1072s
 11658 10691 6543.11268  168 2125 8741.00000 5694.03081  34.9%   614 1076s
 11662 10694 7556.11036  310 2063 8741.00000 5694.83418  34.8%   614 1080s
 11665 10696 5736.84430   10 2036 8741.00000 5736.84430  34.4%   614 1101s
 11666 10696 7950.45844  358 2134 8741.00000 5743.87857  34.3%   614 1109s
 11667 10697 8034.23578  401 2086 8741.00000 5745.14654  34.3%   614 1112s
 11671 10700 5745.74562   63 2149 8741.00000 5745.74562  34.3%   613 1115s
 11674 10702 5851.78434   46 2036 8741.00000 5790.49962  33.8%   613 1128s
 11675 10702 6615.76095  198 2072 8741.00000 5797.35089  33.7%   613 1133s
 11676 10703 6424.34379  122 2030 8741.00000 5798.91618  33.7%   613 1135s
 11683 10708 6433.14933  150 2186 8741.00000 5799.44199  33.7%   613 1140s
 11684 10708 6755.09722  200 2008 8741.00000 5856.36954  33.0%   613 1152s
 11685 10709 7307.02249  311 2106 8741.00000 5870.52969  32.8%   613 1159s
 11686 10710 5954.08116   39 2184 8741.00000 5874.11945  32.8%   613 1163s
 11687 10710 5875.07260   63 2213 8741.00000 5875.07260  32.8%   613 1165s
 11693 10714 6586.44503  192 2227 8741.00000 5875.47263  32.8%   612 1170s
 11694 10715 5932.41517   40 2193 8741.00000 5932.41517  32.1%   612 1182s
 11695 10716 7740.09188  371 2161 8741.00000 5939.65951  32.0%   612 1188s
 11696 10716 6216.33922   29 2219 8741.00000 5941.28392  32.0%   612 1190s
 11704 10722 7207.07892  240 2363 8741.00000 5941.82366  32.0%   612 1196s
 11705 10722 5995.03575   70 2341 8741.00000 5995.03575  31.4%   612 1208s
 11706 10723 6052.99684   64 2215 8741.00000 6004.37517  31.3%   612 1216s
 11707 10724 6007.05346   31 2353 8741.00000 6007.05346  31.3%   612 1220s
 11711 10726 6008.26208   10 2230 8741.00000 6008.26208  31.3%   611 1225s
 11715 10729 8265.03930  437 2067 8741.00000 6044.69914  30.8%   611 1238s
 11716 10730 6396.22457  102 2223 8741.00000 6055.76366  30.7%   611 1245s
 11718 10731 6740.69233  371 2235 8741.00000 6058.25273  30.7%   611 1250s
 11726 10736 6081.60151  121 2323 8741.00000 6058.60573  30.7%   611 1255s
 11727 10737 6757.70212  184 2288 8741.00000 6094.67261  30.3%   611 1266s
 11728 10738 6317.91083  138 2116 8741.00000 6108.74249  30.1%   611 1275s
 11730 10739 6113.00093   66 2241 8741.00000 6113.00093  30.1%   610 1281s
 11736 10743 6425.87619  269 2303 8741.00000 6113.33993  30.1%   610 1286s
 11737 10744 7400.23632  251 2199 8741.00000 6157.53134  29.6%   610 1298s
 11738 10744 6166.25429   79 2159 8741.00000 6166.25429  29.5%   610 1304s
 11739 10745 8021.53015  326 2111 8741.00000 6168.50958  29.4%   610 1307s
 11741 10746 6770.36201  203 2205 8741.00000 6169.73125  29.4%   610 1311s
 11746 10750 6521.38144  156 2155 8741.00000 6169.90665  29.4%   610 1315s
 11747 10750 6509.79930  160 2098 8741.00000 6198.52355  29.1%   610 1368s
 11748 10751 6207.97598  256 2276 8741.00000 6203.82224  29.0%   609 1374s
 11749 10752 8100.25631  362 2283 8741.00000 6204.92529  29.0%   609 1377s
 11750 10752 8108.74522  352 2361 8741.00000 6205.65874  29.0%   609 1380s
 11756 10756 6488.10285  367 2192 8741.00000 6247.75917  28.5%   609 1398s
 11757 10757 7599.78672  311 2264 8741.00000 6260.30381  28.4%   609 1407s
 11758 10758 6543.11268  168 2318 8741.00000 6262.68436  28.4%   609 1411s
 11760 10759 6264.05209   62 2329 8741.00000 6264.05209  28.3%   609 1416s
 11768 10764 6264.24876  210 2322 8741.00000 6264.24876  28.3%   608 1424s
 11769 10765 8351.53886  364 2282 8741.00000 6300.12957  27.9%   608 1439s
 11770 10766 8700.00410  408 2342 8741.00000 6313.34648  27.8%   608 1449s
 11771 10766 6317.10125   63 2442 8741.00000 6317.10125  27.7%   608 1454s
 11772 10767 6317.80545  124 2301 8741.00000 6317.80545  27.7%   608 1456s
H11772 10226                    8738.0000000 6318.04830  27.7%   608 1458s
H11772  9711                    8736.0000000 6318.04830  27.7%   608 1458s
 11778  9715 6318.19220   19 2477 8736.00000 6318.19220  27.7%   608 1460s
 11780  9716 7003.77190  232 2474 8736.00000 6318.19354  27.7%   608 1465s
 11781  9717 6340.67116   11 2317 8736.00000 6340.67116  27.4%   608 1475s
 11782  9718 6348.24485   99 2491 8736.00000 6348.24485  27.3%   608 1483s
 11783  9718 6433.14933  150 2495 8736.00000 6351.46217  27.3%   608 1490s
 11785  9720 7307.02249  311 2582 8736.00000 6353.18476  27.3%   608 1495s
 11791  9724 7741.66536  373 2458 8736.00000 6377.85440  27.0%   607 1511s
 11792  9724 6383.67670   61 2536 8736.00000 6383.67670  26.9%   607 1518s
 11793  9725 6586.44503  192 2372 8736.00000 6385.56961  26.9%   607 1522s
 11795  9726 7740.09188  371 2492 8736.00000 6386.01378  26.9%   607 1525s
 11801  9730 8098.83580  318 2454 8736.00000 6405.19512  26.7%   607 1541s
 11802  9731 6410.96735   45 2504 8736.00000 6410.96735  26.6%   607 1548s
 11803  9732 6485.78998  156 2606 8736.00000 6414.18971  26.6%   607 1554s
 11804  9732 7207.07892  240 2578 8736.00000 6414.85683  26.6%   607 1556s
 11808  9735 6415.31565  160 2639 8736.00000 6415.31565  26.6%   606 1560s
 11813  9738 6438.49700   83 2641 8736.00000 6438.49700  26.3%   606 1577s
 11814  9739 7039.16880  187 2550 8736.00000 6443.24111  26.2%   606 1584s
 11815  9740 8265.03930  437 2585 8736.00000 6445.98930  26.2%   606 1590s
 11819  9742 6447.21915  142 2648 8736.00000 6447.21915  26.2%   606 1595s
 11822  9744 7606.32866  288 2619 8736.00000 6467.79729  26.0%   606 1608s
 11823  9745 6473.11858  105 2649 8736.00000 6473.11858  25.9%   606 1615s
 11825  9746 6820.33633  425 2641 8736.00000 6474.95647  25.9%   606 1621s
 11831  9750 7752.79382  282 2614 8736.00000 6475.16026  25.9%   605 1625s
 11832  9751 6535.55555  116 2441 8736.00000 6494.45732  25.7%   605 1636s
 11833  9752 6499.00221   65 2481 8736.00000 6499.00221  25.6%   605 1644s
 11834  9752 6500.94774   53 2600 8736.00000 6500.94774  25.6%   605 1648s
 11835  9753 6842.41475  181 2568 8736.00000 6501.56309  25.6%   605 1651s
 11841  9757 6770.36201  203 2748 8736.00000 6501.82337  25.6%   605 1655s
H11841  9265                    8734.0000000 6518.91104  25.4%   605 1665s
 11843  9266 6522.95241  211 2446 8734.00000 6522.95241  25.3%   605 1670s
 11845  9268 6525.13265  153 2475 8734.00000 6525.13265  25.3%   604 1676s
 11852  9272 7360.79600  309 2559 8734.00000 6525.49531  25.3%   604 1680s
 11853  9273 8204.14696  451 2533 8734.00000 6541.93385  25.1%   604 1690s
 11854  9274 6546.01554  109 2548 8734.00000 6546.01554  25.1%   604 1696s
 11856  9275 6547.65221  367 2619 8734.00000 6547.65221  25.0%   604 1701s
 11863  9280 7184.46122  293 2650 8734.00000 6547.86512  25.0%   604 1705s
 11864  9280 6565.92641  158 2442 8734.00000 6565.92641  24.8%   604 1715s
 11865  9281 6571.34350   10 2729 8734.00000 6571.34350  24.8%   603 1722s
 11866  9282 7950.45844  358 2588 8734.00000 6572.64788  24.7%   603 1726s
 11870  9284 8700.00410  408 2603 8734.00000 6573.10033  24.7%   603 1730s
 11875  9288 6615.76095  198 2666 8734.00000 6585.26221  24.6%   603 1743s
 11876  9288 6587.61323  122 2758 8734.00000 6587.61323  24.6%   603 1748s
 11877  9289 6588.68136  218 2661 8734.00000 6588.68136  24.6%   603 1751s
 11879  9290 6589.15967  292 2801 8734.00000 6589.15967  24.6%   603 1755s
 11885  9294 7307.02249  311 2782 8734.00000 6605.12911  24.4%   602 1769s
 11886  9295 6606.67288   39 2806 8734.00000 6606.67288  24.4%   602 1775s
 11888  9296 6608.52151  167 2798 8734.00000 6608.52151  24.3%   602 1780s
 11895  9301 7740.09188  371 2665 8734.00000 6624.68147  24.2%   602 1797s
 11896  9302 6628.06154   29 2902 8734.00000 6628.06154  24.1%   602 1804s
 11897  9302 6629.40779  366 2870 8734.00000 6629.40779  24.1%   602 1808s
 11898  9303 6629.91297   25 2999 8734.00000 6629.91297  24.1%   602 1811s
 11903  9306 6630.22077  156 3016 8734.00000 6630.22077  24.1%   602 1815s
 11907  9309 6643.02435   31 2678 8734.00000 6643.02435  23.9%   601 1827s
 11908  9310 6646.45847  160 2813 8734.00000 6646.45847  23.9%   601 1834s
 11909  9310 7924.60917  305 2763 8734.00000 6647.75028  23.9%   601 1838s
 11910  9311 6648.08328   23 2982 8734.00000 6648.08328  23.9%   601 1840s
 11916  9315 6662.23790  102 2831 8734.00000 6662.23790  23.7%   601 1857s
 11917  9316 6665.90372   55 2793 8734.00000 6665.90372  23.7%   601 1863s
 11918  9316 6740.69233  371 2980 8734.00000 6668.05491  23.7%   601 1868s
 11919  9317 6668.53262  142 2939 8734.00000 6668.53262  23.6%   601 1870s
 11924  9320 6668.96672  125 3102 8734.00000 6668.96672  23.6%   600 1875s
 11927  9322 6757.70212  184 2995 8734.00000 6678.37316  23.5%   600 1887s
 11928  9323 6681.64964  138 2918 8734.00000 6681.64964  23.5%   600 1893s
 11929  9324 6682.39988   99 2896 8734.00000 6682.39988  23.5%   600 1896s
 11932  9326 6682.72579  116 2892 8734.00000 6682.72579  23.5%   600 1900s
 11937  9329 7400.23632  251 2721 8734.00000 6690.67820  23.4%   600 1911s
 11938  9330 6693.09803   79 3091 8734.00000 6693.09803  23.4%   600 1919s
 11939  9330 8021.53015  326 2983 8734.00000 6694.18964  23.4%   600 1924s
 11940  9331 7502.29819   67 3116 8734.00000 6694.72539  23.3%   600 1926s
 11943  9333 6694.96993  211 3143 8734.00000 6694.96993  23.3%   600 1930s
 11948  9336 6702.72869  256 3034 8734.00000 6702.72869  23.3%   599 1942s
 11949  9337 8100.25631  362 3061 8734.00000 6705.08310  23.2%   599 1948s
 11950  9338 8108.74522  352 3022 8734.00000 6705.82770  23.2%   599 1951s
 11953  9340 8204.14696  451 3059 8734.00000 6706.11284  23.2%   599 1955s
 11960  9344 6712.26750   62 2929 8734.00000 6712.26750  23.1%   599 1966s
 11961  9345 8352.83191  363 3037 8734.00000 6714.05144  23.1%   599 1971s
 11962  9346 7556.11036  310 3187 8734.00000 6714.77155  23.1%   599 1975s
 11967  9349 8034.23578  401 3275 8734.00000 6715.20658  23.1%   598 1980s
 11970  9351 8700.00410  408 2805 8734.00000 6723.11502  23.0%   598 1991s
 11971  9352 6726.13001   63 2905 8734.00000 6726.13001  23.0%   598 1998s
 11972  9352 6726.90509  124 3027 8734.00000 6726.90509  23.0%   598 2002s
 11974  9354 6727.24782   46 3096 8734.00000 6727.24782  23.0%   598 2005s
 11979  9357 6731.89630  292 2917 8734.00000 6731.89630  22.9%   598 2018s
 11980  9358 7003.77190  232 2828 8734.00000 6733.41302  22.9%   598 2022s
 11981  9358 6734.07647   11 2956 8734.00000 6734.07647  22.9%   598 2025s
 11986  9362 6734.44546   39 3296 8734.00000 6734.44546  22.9%   597 2030s
 11989  9364 6740.75404  164 3096 8734.00000 6740.75404  22.8%   597 2042s
 11990  9364 7985.32084  295 2974 8734.00000 6742.63002  22.8%   597 2047s
 11991  9365 7741.66536  373 2976 8734.00000 6743.41602  22.8%   597 2050s
 11993  9366 6744.39240  192 3198 8734.00000 6744.39240  22.8%   597 2055s
 12001  9372 8098.83580  318 3268 8734.00000 6744.53339  22.8%   597 2060s
 12002  9372 6751.93741   45 3024 8734.00000 6751.93741  22.7%   597 2072s
 12003  9373 6754.33807  156 3045 8734.00000 6754.33807  22.7%   597 2078s
 12004  9374 7207.07892  240 3070 8734.00000 6755.52635  22.7%   596 2084s
 12005  9374 6755.79937   70 3085 8734.00000 6755.79937  22.6%   596 2086s
 12010  9378 6755.96990   23 3177 8734.00000 6755.96990  22.6%   596 2090s
 12014  9380 7039.16880  187 3160 8734.00000 6762.74891  22.6%   596 2103s
 12015  9381 8265.03930  437 2958 8734.00000 6766.10536  22.5%   596 2110s
H12016  8906                    8729.0000000 6767.67783  22.5%   596 2117s
 12020  8908 6767.97473   33 3371 8729.00000 6767.97473  22.5%   596 2120s
 12026  8912 6775.67390  121 3132 8729.00000 6775.67390  22.4%   595 2134s
 12027  8913 6778.26346  184 3159 8729.00000 6778.26346  22.3%   595 2141s
 12028  8914 6779.36699  138 3339 8729.00000 6779.36699  22.3%   595 2146s
 12030  8915 6779.89770   66 3324 8729.00000 6779.89770  22.3%   595 2150s
 12037  8920 7400.23632  251 2694 8729.00000 6788.61203  22.2%   595 2167s
 12038  8920 6790.47420   79 2941 8729.00000 6790.47420  22.2%   595 2173s
 12039  8921 8021.53015  326 3127 8729.00000 6791.74445  22.2%   595 2178s
 12040  8922 7502.29819   67 3154 8729.00000 6792.03995  22.2%   595 2181s
 12042  8923 6792.46143   36 3163 8729.00000 6792.46143  22.2%   595 2185s
 12049  8928 8100.25631  362 3241 8729.00000 6802.37383  22.1%   594 2201s
 12050  8928 8108.74522  352 3299 8729.00000 6804.61824  22.0%   594 2209s
 12051  8929 6805.70016   39 3203 8729.00000 6805.70016  22.0%   594 2214s
 12052  8930 7360.79600  309 3245 8729.00000 6806.24389  22.0%   594 2218s
 12053  8930 8204.14696  451 3354 8729.00000 6806.55862  22.0%   594 2221s
 12057  8933 7599.78672  311 3637 8729.00000 6806.79324  22.0%   594 2225s
 12059  8934 7960.26732  286 3445 8729.00000 6816.25298  21.9%   594 2242s
 12060  8935 6818.52276   62 3255 8729.00000 6818.52276  21.9%   594 2250s
 12062  8936 7556.11036  310 3530 8729.00000 6819.74323  21.9%   594 2257s
 12064  8938 6819.92734  158 3751 8729.00000 6819.92734  21.9%   594 2260s
 12072  8943 6829.51240  124 3314 8729.00000 6829.51240  21.8%   593 2279s
 12073  8944 6832.61278  172 3218 8729.00000 6832.61278  21.7%   593 2287s
 12074  8944 6833.94830   46 3275 8729.00000 6833.94830  21.7%   593 2292s
 12075  8945 6834.51527  198 3351 8729.00000 6834.51527  21.7%   593 2297s
 12077  8946 6834.77580  218 3406 8729.00000 6834.77580  21.7%   593 2300s
 12084  8951 6839.59496  200 3287 8729.00000 6839.59496  21.6%   593 2317s
 12085  8952 7307.02249  311 3445 8729.00000 6841.43632  21.6%   592 2325s
 12087  8953 6842.00828   63 3389 8729.00000 6842.00828  21.6%   592 2331s
 12089  8954 6842.29683  164 3399 8729.00000 6842.29683  21.6%   592 2335s
 12095  8958 7740.09188  371 3425 8729.00000 6846.51346  21.6%   592 2349s
 12096  8959 6848.01708   29 3342 8729.00000 6848.01708  21.5%   592 2355s
 12098  8960 6848.73331   25 3550 8729.00000 6848.73331  21.5%   592 2361s
 12100  8962 6849.03840   31 3539 8729.00000 6849.03840  21.5%   592 2365s
 12107  8966 6852.78031   31 3294 8729.00000 6852.78031  21.5%   591 2379s
 12108  8967 6853.98668  160 3348 8729.00000 6853.98668  21.5%   591 2385s
 12110  8968 6854.72275   23 3625 8729.00000 6854.72275  21.5%   591 2392s
 12112  8970 7645.39121  349 3653 8729.00000 6854.95275  21.5%   591 2395s
 12118  8974 6860.36123  371 3373 8729.00000 6860.36123  21.4%   591 2410s
 12119  8974 6862.10473  142 3599 8729.00000 6862.10473  21.4%   591 2418s
 12120  8975 6862.96373   33 3615 8729.00000 6862.96373  21.4%   591 2423s
 12121  8976 6863.39159  132 3780 8729.00000 6863.39159  21.4%   591 2426s
 12127  8980 6863.52742  184 3843 8729.00000 6863.52742  21.4%   590 2430s
 12129  8981 6869.81538   99 3459 8729.00000 6869.81538  21.3%   590 2446s
 12130  8982 6871.94947   66 3419 8729.00000 6871.94947  21.3%   590 2453s
 12131  8982 7752.79382  282 3452 8729.00000 6872.84406  21.3%   590 2458s
 12132  8983 6873.18542  116 3610 8729.00000 6873.18542  21.3%   590 2461s
 12136  8986 6873.39393  269 3671 8729.00000 6873.39393  21.3%   590 2465s
 12141  8989 6878.31635  203 3498 8729.00000 6878.31635  21.2%   590 2478s
 12142  8990 6880.32032   36 3799 8729.00000 6880.32032  21.2%   590 2486s
 12143  8990 6881.03131  211 3836 8729.00000 6881.03131  21.2%   590 2492s
 12144  8991 7170.94794  176 3939 8729.00000 6881.30544  21.2%   590 2495s
 12151  8996 6881.49767   39 3993 8729.00000 6881.49767  21.2%   589 2500s
 12153  8997 8204.14696  451 3419 8729.00000 6885.13048  21.1%   589 2512s
 12154  8998 6886.63103  109 3566 8729.00000 6886.63103  21.1%   589 2519s
 12155  8998 6886.86097  167 3492 8729.00000 6886.86097  21.1%   589 2522s
 12158  9000 6887.05080  168 3606 8729.00000 6887.05080  21.1%   589 2525s
 12164  9004 6893.59594  158 3490 8729.00000 6893.59594  21.0%   589 2541s
 12165  9005 6895.09114   10 3603 8729.00000 6895.09114  21.0%   589 2547s
 12166  9006 7950.45844  358 3892 8729.00000 6896.00263  21.0%   589 2552s
 12167  9006 8034.23578  401 3893 8729.00000 6896.46776  21.0%   588 2555s
 12172  9010 6896.85235  124 4059 8729.00000 6896.85235  21.0%   588 2560s
 12175  9012 6902.09889  198 3808 8729.00000 6902.09889  20.9%   588 2572s
 12176  9012 6903.24259  122 3876 8729.00000 6903.24259  20.9%   588 2578s
 12177  9013 6903.70501  218 3991 8729.00000 6903.70501  20.9%   588 2582s
 12179  9014 6904.12581  292 3868 8729.00000 6904.12581  20.9%   588 2586s
 12185  9018 7307.02249  311 3906 8729.00000 6904.20842  20.9%   588 2590s
 12186  9019 6909.20689   39 3701 8729.00000 6909.20689  20.8%   588 2601s
 12187  9020 6910.95804   63 3740 8729.00000 6910.95804  20.8%   588 2609s
 12188  9020 6911.84793  167 3979 8729.00000 6911.84793  20.8%   587 2615s
 12190  9022 7985.32084  295 3874 8729.00000 6912.23029  20.8%   587 2620s
 12198  9027 6912.32121   25 4018 8729.00000 6912.32121  20.8%   587 2625s
 12199  9028 6915.37101   86 3639 8729.00000 6915.37101  20.8%   587 2634s
 12200  9028 6916.02398   31 3903 8729.00000 6916.02398  20.8%   587 2639s
 12201  9029 8098.83580  318 3972 8729.00000 6916.20630  20.8%   587 2641s
 12207  9033 6916.29687   31 4063 8729.00000 6916.29687  20.8%   587 2646s
 12208  9034 6919.90578  160 3694 8729.00000 6919.90578  20.7%   587 2655s
 12209  9034 7924.60917  305 3930 8729.00000 6921.53259  20.7%   586 2661s
 12210  9035 6922.80178   23 3896 8729.00000 6922.80178  20.7%   586 2668s
 12211  9036 6923.24510   10 4132 8729.00000 6923.24510  20.7%   586 2671s
 12213  9037 6923.47191   83 4182 8729.00000 6923.47191  20.7%   586 2675s
 12218  9040 6926.51548  371 3861 8729.00000 6926.51548  20.6%   586 2687s
 12219  9041 6927.53544  142 3990 8729.00000 6927.53544  20.6%   586 2693s
 12220  9042 6928.12853   33 4003 8729.00000 6928.12853  20.6%   586 2698s
 12222  9043 7606.32866  288 4123 8729.00000 6928.30736  20.6%   586 2700s
 12228  9047 6931.91240  138 4057 8729.00000 6931.91240  20.6%   586 2715s
H12228  8585                    8727.0000000 6933.38277  20.6%   586 2722s
 12230  8586 6933.69480   66 4090 8727.00000 6933.69480  20.5%   585 2725s
 12234  8589 6933.95450   53 4207 8727.00000 6933.95450  20.5%   585 2730s
H12238  8151                    8725.0000000 6936.72542  20.5%   585 2741s
 12240  8152 7502.29819   67 4082 8725.00000 6937.34930  20.5%   585 2746s
 12242  8153 6937.76385   36 4162 8725.00000 6937.76385  20.5%   585 2750s
 12247  8157 6941.06639  160 3937 8725.00000 6941.06639  20.4%   585 2766s
 12248  8157 6942.98832  256 3927 8725.00000 6942.98832  20.4%   585 2775s
 12249  8158 8100.25631  362 4072 8725.00000 6943.65727  20.4%   585 2780s
 12251  8159 6943.94382   39 4167 8725.00000 6943.94382  20.4%   584 2785s
 12259  8165 7960.26732  286 4281 8725.00000 6944.03378  20.4%   584 2790s
 12260  8165 6946.94079   62 3775 8725.00000 6946.94079  20.4%   584 2801s
 12261  8166 8352.83191  363 4014 8725.00000 6948.02493  20.4%   584 2807s
 12262  8167 7556.11036  310 4040 8725.00000 6948.38064  20.4%   584 2811s
 12264  8168 6948.77184  158 4255 8725.00000 6948.77184  20.4%   584 2816s
 12268  8171 6948.86317  210 4244 8725.00000 6948.86317  20.4%   584 2820s
 12271  8173 6954.02627   63 4057 8725.00000 6954.02627  20.3%   583 2848s
 12272  8173 6955.30628  124 3873 8725.00000 6955.30628  20.3%   583 2858s
 12273  8174 6955.91316  172 3910 8725.00000 6955.91316  20.3%   583 2864s
 12274  8175 6956.15842   46 4121 8725.00000 6956.15842  20.3%   583 2867s
 12276  8176 6956.36991  122 4370 8725.00000 6956.36991  20.3%   583 2871s
 12282  8180 6956.41740   99 4267 8725.00000 6956.41740  20.3%   583 2875s
 12284  8181 6959.83323  200 3845 8725.00000 6959.83323  20.2%   583 2888s
 12285  8182 7307.02249  311 4101 8725.00000 6961.46967  20.2%   583 2898s
 12286  8183 6961.92676   39 4050 8725.00000 6961.92676  20.2%   583 2902s
 12288  8184 6962.06693  167 3989 8725.00000 6962.06693  20.2%   583 2905s
 12295  8189 7740.09188  371 3759 8725.00000 6964.85717  20.2%   582 2919s
 12296  8189 6965.98045   29 3930 8725.00000 6965.98045  20.2%   582 2925s
 12298  8191 6966.64157   25 3810 8725.00000 6966.64157  20.2%   582 2932s
 12301  8193 8098.83580  318 3941 8725.00000 6966.75711  20.2%   582 2935s
 12306  8196 6968.73704   64 3979 8725.00000 6968.73704  20.1%   582 2946s
 12307  8197 6969.43327   31 4110 8725.00000 6969.43327  20.1%   582 2951s
 12308  8197 6969.79503  160 4019 8725.00000 6969.79503  20.1%   582 2955s
 12311  8199 6970.10421   10 4167 8725.00000 6970.10421  20.1%   582 2960s
 12316  8203 6972.07435  102 3897 8725.00000 6972.07435  20.1%   581 2971s
 12317  8203 6972.66302   55 3860 8725.00000 6972.66302  20.1%   581 2975s
 12320  8205 6972.94335   33 4089 8725.00000 6972.94335  20.1%   581 2980s
 12327  8210 6973.00852  184 4194 8725.00000 6973.00852  20.1%   581 2985s
 12328  8211 6975.19256  138 3845 8725.00000 6975.19256  20.1%   581 2993s
 12329  8211 6976.16437   99 3961 8725.00000 6976.16437  20.0%   581 2999s
 12330  8212 6976.40923   66 4033 8725.00000 6976.40923  20.0%   581 3002s
 12332  8213 6976.64741  116 4320 8725.00000 6976.64741  20.0%   581 3005s
 12338  8217 6976.70026   79 4449 8725.00000 6976.70026  20.0%   580 3010s
 12339  8218 8021.53015  326 3920 8725.00000 6978.64210  20.0%   580 3018s
 12340  8219 7502.29819   67 3961 8725.00000 6979.13797  20.0%   580 3022s
 12341  8219 6979.34277  203 4208 8725.00000 6979.34277  20.0%   580 3025s
 12346  8223 6979.54685  156 4216 8725.00000 6979.54685  20.0%   580 3030s
 12353  8227 8204.14696  451 3756 8725.00000 6981.48749  20.0%   580 3042s
 12354  8228 6982.27309  109 3802 8725.00000 6982.27309  20.0%   580 3047s
 12355  8229 6982.51364  167 3845 8725.00000 6982.51364  20.0%   580 3050s
 12366  8236 7950.45844  358 3976 8725.00000 6982.58854  20.0%   579 3056s
 12367  8237 8034.23578  401 3834 8725.00000 6984.82247  19.9%   579 3063s
 12368  8237 6985.58909  210 3984 8725.00000 6985.58909  19.9%   579 3068s
 12369  8238 8351.53886  364 4064 8725.00000 6985.80125  19.9%   579 3070s
 12374  8241 6985.98096   46 4179 8725.00000 6985.98096  19.9%   579 3075s
 12376  8243 6987.47919  122 3978 8725.00000 6987.47919  19.9%   579 3084s
 12377  8243 6987.98585  218 3983 8725.00000 6987.98585  19.9%   578 3088s
 12378  8244 6988.22350   19 4086 8725.00000 6988.22350  19.9%   578 3091s
 12382  8247 6988.38720   99 4321 8725.00000 6988.38720  19.9%   578 3095s
 12385  8249 7307.02249  311 4102 8725.00000 6990.96783  19.9%   578 3105s
 12386  8249 6991.91785   39 4339 8725.00000 6991.91785  19.9%   578 3112s
 12387  8250 6992.20163   63 4396 8725.00000 6992.20163  19.9%   578 3115s
 12392  8253 6992.39717   61 4331 8725.00000 6992.39717  19.9%   578 3120s
 12398  8257 6994.78806   25 4187 8725.00000 6994.78806  19.8%   578 3132s
 12399  8258 6995.39153   86 4390 8725.00000 6995.39153  19.8%   577 3137s
 12400  8259 6995.65552   31 4358 8725.00000 6995.65552  19.8%   577 3140s
 12403  8261 6995.83203  156 4509 8725.00000 6995.83203  19.8%   577 3145s
 12410  8265 6998.19280   23 4226 8725.00000 6998.19280  19.8%   577 3160s
 12411  8266 6998.88790   10 4297 8725.00000 6998.88790  19.8%   577 3165s
 12413  8267 6999.24517   83 4385 8725.00000 6999.24517  19.8%   577 3170s
 12418  8271 7000.79301  371 4167 8725.00000 7000.79301  19.8%   577 3182s
 12419  8271 7001.26653  142 4253 8725.00000 7001.26653  19.8%   577 3185s
 12422  8273 7606.32866  288 4249 8725.00000 7001.59208  19.8%   576 3190s
 12429  8278 7002.97992   99 4217 8725.00000 7002.97992  19.7%   576 3201s
 12430  8279 7003.99535   66 4246 8725.00000 7003.99535  19.7%   576 3208s
 12431  8279 7752.79382  282 4275 8725.00000 7004.20399  19.7%   576 3210s
 12433  8281 7004.40407   65 4331 8725.00000 7004.40407  19.7%   576 3215s
 12438  8284 7005.72607   79 4208 8725.00000 7005.72607  19.7%   576 3224s
 12439  8285 8021.53015  326 4334 8725.00000 7006.06830  19.7%   576 3227s
 12440  8285 7502.29819   67 4308 8725.00000 7006.32210  19.7%   576 3230s
 12444  8288 7170.94794  176 4505 8725.00000 7006.54343  19.7%   575 3235s
 12448  8291 7007.98153  256 4162 8725.00000 7007.98153  19.7%   575 3247s
 12449  8291 8100.25631  362 4124 8725.00000 7008.64950  19.7%   575 3253s
 12450  8292 8108.74522  352 4309 8725.00000 7008.82196  19.7%   575 3256s
 12455  8295 7008.90601  167 4410 8725.00000 7008.90601  19.7%   575 3261s
 12456  8296 7011.37353  367 4154 8725.00000 7011.37353  19.6%   575 3273s
 12457  8297 7599.78672  311 4230 8725.00000 7012.73335  19.6%   575 3282s
 12458  8297 7013.01190  168 4188 8725.00000 7013.01190  19.6%   575 3285s
 12461  8299 8352.83191  363 4276 8725.00000 7013.31066  19.6%   575 3290s
 12465  8302 7013.35972   10 4478 8725.00000 7013.35972  19.6%   574 3295s
H12465  7873                    8724.0000000 7015.55047  19.6%   574 3321s
 12467  7874 8034.23578  401 4069 8724.00000 7015.90274  19.6%   574 3329s
 12468  7875 7016.17215  210 3963 8724.00000 7016.17215  19.6%   574 3332s
 12470  7876 8700.00410  408 4220 8724.00000 7016.29579  19.6%   574 3335s
 12479  7882 7016.35554  292 4352 8724.00000 7016.35554  19.6%   574 3341s
 12480  7883 7018.05024  232 4224 8724.00000 7018.05024  19.6%   574 3349s
 12481  7884 7018.67563   11 4096 8724.00000 7018.67563  19.5%   574 3354s
 12482  7884 7018.95199   99 4181 8724.00000 7018.95199  19.5%   574 3356s
 12484  7886 7019.16716  200 4419 8724.00000 7019.16716  19.5%   574 3360s
 12491  7890 7741.66536  373 4561 8724.00000 7019.26731  19.5%   573 3365s
 12492  7891 7022.30137   61 4015 8724.00000 7022.30137  19.5%   573 3374s
 12493  7892 7023.04160  192 4216 8724.00000 7023.04160  19.5%   573 3380s
 12495  7893 7740.09188  371 4184 8724.00000 7023.69917  19.5%   573 3387s
 12496  7894 7023.80663   29 4259 8724.00000 7023.80663  19.5%   573 3390s
 12503  7898 7023.89239  156 4405 8724.00000 7023.89239  19.5%   573 3396s
 12504  7899 7207.07892  240 4108 8724.00000 7025.54343  19.5%   573 3404s
 12505  7900 7026.21113   70 4402 8724.00000 7026.21113  19.5%   573 3409s
 12506  7900 7026.48277   64 4380 8724.00000 7026.48277  19.5%   573 3413s
 12507  7901 7026.64396   31 4471 8724.00000 7026.64396  19.5%   572 3415s
 12517  7908 7026.72657   55 4567 8724.00000 7026.72657  19.5%   572 3421s
 12518  7908 7028.49865  371 4140 8724.00000 7028.49865  19.4%   572 3428s
 12519  7909 7028.96234  142 4323 8724.00000 7028.96234  19.4%   572 3434s
 12520  7910 7029.18517   33 4449 8724.00000 7029.18517  19.4%   572 3437s
 12522  7911 7606.32866  288 4271 8724.00000 7029.25263  19.4%   572 3440s
 12525  7913 7031.49711  425 4082 8724.00000 7031.49711  19.4%   572 3452s
 12526  7914 7032.11144  121 4257 8724.00000 7032.11144  19.4%   572 3457s
 12527  7914 7032.45081  184 4230 8724.00000 7032.45081  19.4%   572 3460s
 12529  7916 7032.70466   99 4274 8724.00000 7032.70466  19.4%   571 3465s
 12536  7920 7032.75198  269 4415 8724.00000 7032.75198  19.4%   571 3471s
 12537  7921 7400.23632  251 4175 8724.00000 7034.04514  19.4%   571 3479s
 12538  7922 7034.35398   79 4055 8724.00000 7034.35398  19.4%   571 3482s
 12539  7922 8021.53015  326 4322 8724.00000 7034.59450  19.4%   571 3486s
 12542  7924 7034.77778   36 4345 8724.00000 7034.77778  19.4%   571 3490s
 12547  7928 7036.23174  160 4344 8724.00000 7036.23174  19.3%   571 3503s
 12548  7928 7037.11136  256 4457 8724.00000 7037.11136  19.3%   571 3509s
 12549  7929 8100.25631  362 4547 8724.00000 7037.36603  19.3%   571 3513s
 12550  7930 8108.74522  352 4492 8724.00000 7037.50700  19.3%   571 3515s
 12555  7933 7037.65269  167 4666 8724.00000 7037.65269  19.3%   570 3520s
 12561  7937 8352.83191  363 4261 8724.00000 7038.53201  19.3%   570 3529s
 12562  7938 7556.11036  310 4446 8724.00000 7038.86879  19.3%   570 3533s
 12563  7938 7184.46122  293 4326 8724.00000 7038.98003  19.3%   570 3535s
 12569  7942 8351.53886  364 4644 8724.00000 7039.09449  19.3%   570 3541s
 12570  7943 8700.00410  408 4321 8724.00000 7041.26312  19.3%   570 3550s
 12571  7944 7041.93189   63 4338 8724.00000 7041.93189  19.3%   570 3556s
 12572  7944 7042.24208  124 4372 8724.00000 7042.24208  19.3%   570 3560s
 12575  7946 7042.47824  198 4440 8724.00000 7042.47824  19.3%   569 3565s
 12582  7951 7042.50684   99 4488 8724.00000 7042.50684  19.3%   569 3570s
 12583  7952 7044.17061  150 4381 8724.00000 7044.17061  19.3%   569 3577s
 12584  7952 7045.01142  200 4387 8724.00000 7045.01142  19.2%   569 3582s
 12585  7953 7307.02249  311 4385 8724.00000 7045.36812  19.2%   569 3586s
 12587  7954 7045.63607   63 4676 8724.00000 7045.63607  19.2%   569 3591s
 12592  7958 7045.69239   61 4764 8724.00000 7045.69239  19.2%   569 3595s
 12593  7958 7047.08289  192 4439 8724.00000 7047.08289  19.2%   569 3603s
 12594  7959 7048.02779   40 4504 8724.00000 7048.02779  19.2%   569 3609s
 12595  7960 7740.09188  371 4499 8724.00000 7048.43393  19.2%   568 3613s
 12596  7960 7048.63807   29 4624 8724.00000 7048.63807  19.2%   568 3616s
 12599  7962 7048.80499   86 4646 8724.00000 7048.80499  19.2%   568 3620s
 12602  7964 7050.24743   45 4117 8724.00000 7050.24743  19.2%   568 3630s
 12603  7965 7051.08561  156 4519 8724.00000 7051.08561  19.2%   568 3636s
 12604  7966 7207.07892  240 4273 8724.00000 7051.48495  19.2%   568 3640s
 12606  7967 7051.63777   64 4540 8724.00000 7051.63777  19.2%   568 3645s
 12613  7972 7051.71600   83 4709 8724.00000 7051.71600  19.2%   568 3650s
 12614  7972 7054.05023  187 4349 8724.00000 7054.05023  19.1%   568 3661s
 12615  7973 8265.03930  437 4558 8724.00000 7054.73871  19.1%   568 3667s
 12616  7974 7054.98980  102 4632 8724.00000 7054.98980  19.1%   568 3671s
 12618  7975 7055.20743  371 4671 8724.00000 7055.20743  19.1%   567 3675s
 12624  7979 7055.25890  125 4763 8724.00000 7055.25890  19.1%   567 3680s
 12625  7980 7056.61498  425 4272 8724.00000 7056.61498  19.1%   567 3688s
 12626  7980 7057.07027  121 4372 8724.00000 7057.07027  19.1%   567 3693s
 12627  7981 7057.23517  184 4382 8724.00000 7057.23517  19.1%   567 3696s
 12632  7984 7057.35932  116 4552 8724.00000 7057.35932  19.1%   567 3700s
 12634  7986 7058.29818   53 4230 8724.00000 7058.29818  19.1%   567 3707s
 12635  7986 7058.60754  181 4450 8724.00000 7058.60754  19.1%   567 3711s
 12637  7988 7400.23632  251 4607 8724.00000 7058.78229  19.1%   567 3715s
 12642  7991 7059.99977   36 4561 8724.00000 7059.99977  19.1%   566 3726s
 12643  7992 7060.57179  211 4579 8724.00000 7060.57179  19.1%   566 3732s
 12645  7993 7060.78325  153 4600 8724.00000 7060.78325  19.1%   566 3736s
 12650  7996 8108.74522  352 4745 8724.00000 7060.82103  19.1%   566 3741s
 12651  7997 7062.21511   39 4402 8724.00000 7062.21511  19.0%   566 3748s
 12652  7998 7360.79600  309 4601 8724.00000 7062.83861  19.0%   566 3752s
 12653  7998 8204.14696  451 4715 8724.00000 7063.11037  19.0%   566 3756s
 12656  8000 7063.20678  367 4848 8724.00000 7063.20678  19.0%   566 3760s
 12660  8003 7064.54897   62 4327 8724.00000 7064.54897  19.0%   566 3770s
 12661  8004 8352.83191  363 4638 8724.00000 7065.34103  19.0%   566 3777s
 12662  8004 7556.11036  310 4668 8724.00000 7065.65800  19.0%   565 3780s
 12666  8007 7950.45844  358 4776 8724.00000 7065.85227  19.0%   565 3785s
 12673  8012 7068.88210  172 4370 8724.00000 7068.88210  19.0%   565 3800s
 12674  8012 7069.71130   46 4367 8724.00000 7069.71130  19.0%   565 3806s
 12675  8013 7070.02250  198 4605 8724.00000 7070.02250  19.0%   565 3810s
 12678  8015 7070.22056   19 4657 8724.00000 7070.22056  19.0%   565 3815s
 12683  8018 7071.56102  150 4216 8724.00000 7071.56102  18.9%   565 3825s
 12687  8022 7071.56102   63  964 8724.00000 7071.56102  18.9%   711 3833s
 12688  8023 7071.56102  167 1092 8724.00000 7071.56102  18.9%   711 3836s
 12689  8024 7071.56102  164 1237 8724.00000 7071.56102  18.9%   711 3841s
 12690  8024 7985.32084  295 1351 8724.00000 7071.56102  18.9%   711 3850s
 12691  8025 7741.66536  373 1582 8724.00000 7071.56102  18.9%   711 3860s
 12692  8026 7071.56102   61 1653 8724.00000 7071.56102  18.9%   711 3873s
 12693  8026 7071.56102  192 1829 8724.00000 7071.56102  18.9%   711 3888s
 12694  8027 7071.56102   40 1988 8724.00000 7071.56102  18.9%   711 3905s
 12695  8028 7740.09188  371 2200 8724.00000 7071.56102  18.9%   711 3923s
 12696  8028 7071.56234   29 2418 8724.00000 7071.56234  18.9%   711 3941s
 12697  8029 7071.56234  366 2511 8724.00000 7071.56234  18.9%   711 3961s
 12698  8030 7071.94246   25 2887 8724.00000 7071.94246  18.9%   711 3980s
 12699  8030 7071.94246   86 3140 8724.00000 7071.94246  18.9%   711 4003s
 12700  8031 7071.94246   31 3310 8724.00000 7071.94246  18.9%   711 4023s
 12701  8032 8098.83580  318 3629 8724.00000 7071.94246  18.9%   711 4041s
 12702  8032 7071.94246   45 3611 8724.00000 7071.94246  18.9%   710 4054s
 12703  8033 7071.94246  156 3940 8724.00000 7071.94246  18.9%   710 4065s
 12704  8034 7207.07892  240 3978 8724.00000 7071.94246  18.9%   710 4075s
 12705  8034 7071.94246   70 4085 8724.00000 7071.94246  18.9%   710 4081s
 12707  8036 7071.94246   31 4203 8724.00000 7071.94246  18.9%   710 4086s
 12713  8040 7071.94246   83 4048 8724.00000 7071.94246  18.9%   710 4092s
 12714  8040 7073.75611  187 4021 8724.00000 7073.75611  18.9%   710 4100s
 12715  8041 8265.03930  437 3902 8724.00000 7074.47830  18.9%   710 4105s
 12720  8044 7074.73618   33 3933 8724.00000 7074.73618  18.9%   709 4113s
 12721  8045 7076.23007  132 3954 8724.00000 7076.23007  18.9%   709 4120s
 12723  8046 7076.78580  105 3884 8724.00000 7076.78580  18.9%   709 4125s
 12727  8049 7076.84038  184 3805 8724.00000 7076.84038  18.9%   709 4130s
 12728  8050 7078.59163  138 3997 8724.00000 7078.59163  18.9%   709 4138s
 12729  8050 7079.17504   99 3899 8724.00000 7079.17504  18.9%   709 4141s
 12732  8052 7079.42314  116 3797 8724.00000 7079.42314  18.9%   709 4145s
 12737  8056 7400.23632  251 3987 8724.00000 7081.20352  18.8%   709 4157s
 12738  8056 7081.71143   79 4015 8724.00000 7081.71143  18.8%   708 4160s
 12745  8061 7081.86244  153 4167 8724.00000 7081.86244  18.8%   708 4167s
 12746  8062 7084.68026  156 3846 8724.00000 7084.68026  18.8%   708 4185s
 12747  8062 7085.15779  160 3945 8724.00000 7085.15779  18.8%   708 4192s
 12748  8063 7085.29475  256 3946 8724.00000 7085.29475  18.8%   708 4195s
 12752  8066 7360.79600  309 3988 8724.00000 7085.34718  18.8%   708 4200s
 12753  8066 8204.14696  451 3935 8724.00000 7086.93530  18.8%   708 4206s
 12754  8067 7087.54251  109 3752 8724.00000 7087.54251  18.8%   708 4210s
 12757  8069 7599.78672  311 3846 8724.00000 7087.83205  18.8%   707 4215s
 12765  8074 7087.84819   10 3831 8724.00000 7087.84819  18.8%   707 4220s
 12766  8075 7950.45844  358 3895 8724.00000 7089.37680  18.7%   707 4227s
 12767  8076 8034.23578  401 3920 8724.00000 7089.99135  18.7%   707 4231s
 12769  8077 8351.53886  364 3891 8724.00000 7090.21649  18.7%   707 4235s
 12774  8080 7090.25962   46 4058 8724.00000 7090.25962  18.7%   706 4240s
 12775  8081 7091.48245  198 4044 8724.00000 7091.48245  18.7%   706 4246s
 12777  8082 7091.98176  218 3951 8724.00000 7091.98176  18.7%   706 4251s
 12782  8086 7092.05430   99 4116 8724.00000 7092.05430  18.7%   706 4256s
 12783  8086 7093.55318  150 3977 8724.00000 7093.55318  18.7%   706 4263s
 12784  8087 7093.90469  200 3970 8724.00000 7093.90469  18.7%   706 4266s
 12786  8088 7094.11961   39 3874 8724.00000 7094.11961  18.7%   706 4270s
 12790  8091 7985.32084  295 4086 8724.00000 7094.16561  18.7%   706 4275s
 12791  8092 7741.66536  373 4284 8724.00000 7095.48501  18.7%   706 4283s
 12792  8092 7095.98311   61 4195 8724.00000 7095.98311  18.7%   705 4287s
 12793  8093 7096.26258  192 4044 8724.00000 7096.26258  18.7%   705 4290s
 12798  8096 7096.36062   25 4260 8724.00000 7096.36062  18.7%   705 4296s
 12799  8097 7097.31448   86 4037 8724.00000 7097.31448  18.6%   705 4312s
 12800  8098 7097.53723   31 4031 8724.00000 7097.53723  18.6%   705 4317s
 12802  8099 7097.68452   45 4233 8724.00000 7097.68452  18.6%   705 4320s
 12808  8103 7097.71919  160 4241 8724.00000 7097.71919  18.6%   705 4326s
 12809  8104 7924.60917  305 4036 8724.00000 7099.17362  18.6%   705 4334s
 12810  8104 7099.46175   23 4002 8724.00000 7099.46175  18.6%   704 4337s
 12814  8107 7099.55870  187 3950 8724.00000 7099.55870  18.6%   704 4340s
 12819  8110 7100.25590  142 3919 8724.00000 7100.25590  18.6%   704 4349s
 12820  8111 7100.41876   33 3959 8724.00000 7100.41876  18.6%   704 4351s
 12823  8113 7100.56385  105 3965 8724.00000 7100.56385  18.6%   704 4355s
 12825  8114 7101.32222  425 3935 8724.00000 7101.32222  18.6%   704 4364s
 12826  8115 7101.74571  121 3991 8724.00000 7101.74571  18.6%   704 4367s
 12827  8116 7101.87768  184 3976 8724.00000 7101.87768  18.6%   704 4370s
 12834  8120 7101.94798   53 4286 8724.00000 7101.94798  18.6%   703 4379s
 12835  8121 7103.38048  181 4152 8724.00000 7103.38048  18.6%   703 4388s
 12836  8122 7103.81663  269 4313 8724.00000 7103.81663  18.6%   703 4393s
 12837  8122 7400.23632  251 4221 8724.00000 7104.07850  18.6%   703 4396s
 12841  8125 7104.18924  203 4282 8724.00000 7104.18924  18.6%   703 4400s
 12843  8126 7104.19806  211 4408 8724.00000 7104.19806  18.6%   703 4405s
 12844  8127 7170.94794  176 4110 8724.00000 7105.50683  18.6%   703 4413s
 12845  8128 7106.01616  153 4248 8724.00000 7106.01616  18.5%   703 4417s
 12847  8129 7106.15127  160 4327 8724.00000 7106.15127  18.5%   702 4420s
 12853  8133 8204.14696  451 4350 8724.00000 7108.22625  18.5%   702 4432s
 12854  8134 7108.82845  109 4169 8724.00000 7108.82845  18.5%   702 4437s
 12856  8135 7109.02784  367 4315 8724.00000 7109.02784  18.5%   702 4440s
 12864  8140 7109.07983  158 4359 8724.00000 7109.07983  18.5%   702 4445s
 12865  8141 7110.62376   10 4107 8724.00000 7110.62376  18.5%   701 4453s
H12865  7730                    8713.0000000 7111.13989  18.4%   701 4456s
H12865  7341                    8705.0000000 7111.13989  18.3%   701 4456s
 12869  7344 8351.53886  364 4423 8705.00000 7111.31718  18.3%   701 4460s
 12873  7346 7112.57383  172 4026 8705.00000 7112.57383  18.3%   701 4469s
 12874  7347 7113.01798   46 4282 8705.00000 7113.01798  18.3%   701 4472s
 12876  7348 7113.16647  122 4343 8705.00000 7113.16647  18.3%   701 4475s
 12880  7351 7114.53509  232 4081 8705.00000 7114.53509  18.3%   701 4485s
 12881  7352 7115.04297   11 4056 8705.00000 7115.04297  18.3%   701 4490s
 12886  7355 7115.21126   39 4387 8705.00000 7115.21126  18.3%   700 4497s
 12887  7356 7116.34320   63 4270 8705.00000 7116.34320  18.2%   700 4503s
 12888  7356 7116.77327  167 4233 8705.00000 7116.77327  18.2%   700 4507s
 12890  7358 7985.32084  295 4420 8705.00000 7116.93814  18.2%   700 4511s
 12895  7361 7740.09188  371 4265 8705.00000 7117.96425  18.2%   700 4520s
 12897  7362 7118.23728  366 4255 8705.00000 7118.23728  18.2%   700 4525s
 12903  7366 7118.31598  156 4405 8705.00000 7118.31598  18.2%   699 4530s
 12904  7367 7207.07892  240 4256 8705.00000 7119.32354  18.2%   699 4537s
 12905  7368 7119.95269   70 4443 8705.00000 7119.95269  18.2%   699 4542s
 12906  7368 7120.14997   64 4362 8705.00000 7120.14997  18.2%   699 4545s
 12910  7371 7120.22908   23 4487 8705.00000 7120.22908  18.2%   699 4550s
 12911  7372 7121.26154   10 4450 8705.00000 7121.26154  18.2%   699 4556s
 12913  7373 7121.68701   83 4396 8705.00000 7121.68701  18.2%   699 4562s
 12918  7376 7121.75381  371 4482 8705.00000 7121.75381  18.2%   699 4567s
H12918  7003                    8704.0000000 7122.80554  18.2%   699 4572s
 12920  7005 7123.07085   33 4354 8704.00000 7123.07085  18.2%   698 4576s
 12923  7007 7123.18826  105 4496 8704.00000 7123.18826  18.2%   698 4580s
 12927  7009 7124.02741  184 4166 8704.00000 7124.02741  18.2%   698 4589s
 12928  7010 7124.36816  138 4279 8704.00000 7124.36816  18.1%   698 4593s
 12929  7011 7124.53332   99 4195 8704.00000 7124.53332  18.1%   698 4595s
 12934  7014 7124.61557   53 4357 8704.00000 7124.61557  18.1%   698 4600s
 12935  7015 7125.10464  181 4188 8704.00000 7125.10464  18.1%   698 4620s
 12937  7016 7400.23632  251 4295 8704.00000 7125.36679  18.1%   698 4626s
 12945  7021 7125.44742  153 4347 8704.00000 7125.44742  18.1%   697 4630s
 12947  7023 7126.03590  160 3950 8704.00000 7126.03590  18.1%   697 4637s
 12949  7024 8100.25631  362 4127 8704.00000 7126.33128  18.1%   697 4640s
 12955  7028 7126.74388  167 4041 8704.00000 7126.74388  18.1%   697 4648s
 12956  7029 7126.85863  367 4207 8704.00000 7126.85863  18.1%   697 4650s
 12961  7032 8352.83191  363 4219 8704.00000 7127.54380  18.1%   696 4659s
 12962  7033 7556.11036  310 4145 8704.00000 7127.88118  18.1%   696 4663s
 12964  7034 7127.95715  158 4317 8704.00000 7127.95715  18.1%   696 4665s
 12970  7038 8700.00410  408 4094 8704.00000 7129.40292  18.1%   696 4678s
 12971  7039 7129.97353   63 4080 8704.00000 7129.97353  18.1%   696 4683s
 12972  7039 7130.12774  124 4332 8704.00000 7130.12774  18.1%   696 4685s
 12977  7043 7130.21766  218 4311 8704.00000 7130.21766  18.1%   695 4690s
 12978  7043 7131.92959   19 4403 8704.00000 7131.92959  18.1%   695 4700s
 12979  7044 7132.39798  292 4379 8704.00000 7132.39798  18.1%   695 4705s
 12983  7047 7132.57065  150 4453 8704.00000 7132.57065  18.1%   695 4710s
 12989  7051 7133.41790  164 4016 8704.00000 7133.41790  18.0%   695 4720s
 12992  7053 7133.63805   61 4378 8704.00000 7133.63805  18.0%   695 4725s
 12999  7057 7133.66799   86 4434 8704.00000 7133.66799  18.0%   694 4730s
 13000  7058 7134.39022   31 4140 8704.00000 7134.39022  18.0%   694 4735s
 13002  7059 7134.82393   45 4264 8704.00000 7134.82393  18.0%   694 4741s
 13005  7061 7134.92213   70 4369 8704.00000 7134.92213  18.0%   694 4745s
 13011  7065 7136.16566   10 4010 8704.00000 7136.16566  18.0%   694 4755s
 13013  7067 7136.80351   83 4367 8704.00000 7136.80351  18.0%   694 4762s
 13015  7068 8265.03930  437 4435 8704.00000 7136.91900  18.0%   693 4765s
 13021  7072 7137.98812  132 4051 8704.00000 7137.98812  18.0%   693 4776s
 13022  7073 7606.32866  288 4054 8704.00000 7138.32583  18.0%   693 4780s
 13030  7078 7138.44042   66 4138 8704.00000 7138.44042  18.0%   693 4785s
 13032  7079 7139.88977  116 4069 8704.00000 7139.88977  18.0%   692 4794s
 13033  7080 7140.22137   65 4125 8704.00000 7140.22137  18.0%   692 4797s
 13035  7081 7140.41562  181 4062 8704.00000 7140.41562  18.0%   692 4800s
 13042  7086 7141.98087   36 4017 8704.00000 7141.98087  17.9%   692 4813s
 13043  7087 7142.61406  211 4158 8704.00000 7142.61406  17.9%   692 4819s
 13044  7087 7170.94794  176 4234 8704.00000 7142.94203  17.9%   692 4822s
 13046  7089 7143.04312  156 4334 8704.00000 7143.04312  17.9%   692 4825s
 13050  7091 8108.74522  352 4256 8704.00000 7144.46087  17.9%   692 4836s
 13051  7092 7144.97566   39 4410 8704.00000 7144.97566  17.9%   691 4842s
 13053  7093 8204.14696  451 4399 8704.00000 7145.16204  17.9%   691 4845s
 13058  7097 7145.20795  168 4627 8704.00000 7145.20795  17.9%   691 4850s
 13059  7097 7960.26732  286 4105 8704.00000 7146.33249  17.9%   691 4857s
 13060  7098 7146.78942   62 4031 8704.00000 7146.78942  17.9%   691 4861s
 13062  7099 7556.11036  310 4318 8704.00000 7147.08750  17.9%   691 4866s
 13067  7103 8034.23578  401 3934 8704.00000 7148.35420  17.9%   691 4876s
 13068  7103 7149.11731  210 4081 8704.00000 7149.11731  17.9%   691 4881s
 13070  7105 8700.00410  408 4225 8704.00000 7149.39659  17.9%   690 4885s
 13076  7109 7150.53446  122 4066 8704.00000 7150.53446  17.8%   690 4896s
 13077  7109 7150.87666  218 4208 8704.00000 7150.87666  17.8%   690 4900s
 13081  7112 7150.98605   11 4275 8704.00000 7150.98605  17.8%   690 4905s
 13082  7113 7151.93148   99 4162 8704.00000 7151.93148  17.8%   690 4912s
 13083  7113 7152.37127  150 4184 8704.00000 7152.37127  17.8%   690 4916s
 13085  7115 7307.02249  311 4381 8704.00000 7152.56583  17.8%   690 4920s
 13091  7119 7741.66536  373 4289 8704.00000 7152.82200  17.8%   689 4927s
 13093  7120 7152.99558  192 4224 8704.00000 7152.99558  17.8%   689 4930s
 13101  7125 8098.83580  318 4314 8704.00000 7153.86529  17.8%   689 4940s
 13103  7127 7154.28658  156 4318 8704.00000 7154.28658  17.8%   689 4945s
 13110  7131 7154.39302   23 4463 8704.00000 7154.39302  17.8%   688 4950s
 13114  7134 7154.95796  187 4171 8704.00000 7154.95796  17.8%   688 4957s
 13115  7135 8265.03930  437 4208 8704.00000 7155.18160  17.8%   688 4960s
 13119  7137 7155.37959  142 4329 8704.00000 7155.37959  17.8%   688 4965s
 13123  7140 7156.15738  105 4247 8704.00000 7156.15738  17.8%   688 4972s
 13124  7141 7156.47378  125 4334 8704.00000 7156.47378  17.8%   688 4976s
 13127  7143 7156.69101  184 4469 8704.00000 7156.69101  17.8%   687 4980s
 13131  7145 7752.79382  282 4392 8704.00000 7157.59111  17.8%   687 4988s
 13132  7146 7158.16636  116 4318 8704.00000 7158.16636  17.8%   687 4991s
 13136  7149 7158.33083  269 4495 8704.00000 7158.33083  17.8%   687 4995s
 13143  7153 7158.95247  211 4312 8704.00000 7158.95247  17.8%   687 5002s
 13144  7154 7170.94794  176 4498 8704.00000 7159.20424  17.7%   687 5005s
 13147  7156 7159.40019  160 4438 8704.00000 7159.40019  17.7%   686 5011s
 13151  7159 7159.88277   39 4513 8704.00000 7159.88277  17.7%   686 5018s
 13152  7159 7360.79600  309 4472 8704.00000 7160.09408  17.7%   686 5020s
 13156  7162 7160.25030  367 4569 8704.00000 7160.25030  17.7%   686 5025s
 13159  7164 7960.26732  286 4349 8704.00000 7160.80064  17.7%   686 5031s
 13161  7165 8352.83191  363 4261 8704.00000 7161.28246  17.7%   686 5036s
 13167  7169 8034.23578  401 4384 8704.00000 7161.33891  17.7%   685 5040s
 13168  7170 7161.83928  210 4202 8704.00000 7161.83928  17.7%   685 5046s
 13170  7171 8700.00410  408 4334 8704.00000 7162.24073  17.7%   685 5051s
 13176  7175 7162.30877  122 4444 8704.00000 7162.30877  17.7%   685 5056s
 13177  7176 7163.00334  218 4283 8704.00000 7163.00334  17.7%   685 5061s
 13179  7177 7163.36639  292 4309 8704.00000 7163.36639  17.7%   685 5066s
 13184  7181 7164.52904  200 4190 8704.00000 7164.52904  17.7%   685 5076s
 13186  7182 7165.06435   39 4235 8704.00000 7165.06435  17.7%   684 5081s
 13191  7185 7741.66536  373 4386 8704.00000 7165.10807  17.7%   684 5085s
 13192  7186 7166.52310   61 4226 8704.00000 7166.52310  17.7%   684 5094s
 13193  7187 7167.06604  192 4117 8704.00000 7167.06604  17.7%   684 5097s
 13194  7187 7167.44621   40 4091 8704.00000 7167.44621  17.7%   684 5101s
 13199  7191 7167.58994   86 4314 8704.00000 7167.58994  17.7%   684 5105s
 13202  7193 7167.91610   45 4254 8704.00000 7167.91610  17.6%   684 5111s
 13204  7194 7207.07892  240 4278 8704.00000 7168.23065  17.6%   683 5115s
 13210  7198 7168.26706   23 4387 8704.00000 7168.26706  17.6%   683 5120s
 13211  7199 7168.79661   10 4289 8704.00000 7168.79661  17.6%   683 5126s
 13214  7201 7169.01468  187 4327 8704.00000 7169.01468  17.6%   683 5130s
 13220  7205 7169.80883   33 4169 8704.00000 7169.80883  17.6%   683 5139s
 13221  7205 7169.99379  132 4370 8704.00000 7169.99379  17.6%   683 5141s
 13224  7207 7170.13679  125 4355 8704.00000 7170.13679  17.6%   682 5145s
 13230  7211 7170.70110   66 4447 8704.00000 7170.70110  17.6%   682 5172s
 13231  7212 7752.79382  282 4551 8704.00000 7170.98249  17.6%   682 5178s
 13232  7213 7171.11784  116 4299 8704.00000 7171.11784  17.6%   682 5180s
 13240  7218 7502.29819   67 4479 8704.00000 7171.15972  17.6%   682 5185s
 13241  7219 7172.64280  203 4069 8704.00000 7172.64280  17.6%   682 5194s
 13242  7219 7173.04970   36 4202 8704.00000 7173.04970  17.6%   682 5198s
 13243  7220 7173.18530  211 4215 8704.00000 7173.18530  17.6%   681 5200s
 13250  7225 8108.74522  352 4479 8704.00000 7173.30137  17.6%   681 5205s
 13253  7227 8204.14696  451 4324 8704.00000 7173.82033  17.6%   681 5210s
 13255  7228 7174.14065  167 4324 8704.00000 7174.14065  17.6%   681 5216s
 13261  7232 8352.83191  363 4300 8704.00000 7174.51005  17.6%   681 5223s
 13262  7233 7556.11036  310 4380 8704.00000 7174.60538  17.6%   680 5225s
 13270  7238 8700.00410  408 4478 8704.00000 7174.67563  17.6%   680 5231s
 13271  7239 7175.32861   63 4089 8704.00000 7175.32861  17.6%   680 5236s
 13273  7240 7175.76518  172 4284 8704.00000 7175.76518  17.6%   680 5242s
 13278  7243 7175.83906   19 4352 8704.00000 7175.83906  17.6%   680 5245s
 13282  7246 7176.22729   99 4284 8704.00000 7176.22729  17.6%   679 5251s
 13284  7247 7176.47417  200 4255 8704.00000 7176.47417  17.5%   679 5255s
 13290  7251 7985.32084  295 4264 8704.00000 7176.94279  17.5%   679 5262s
 13291  7252 7741.66536  373 4252 8704.00000 7177.34921  17.5%   679 5265s
 13295  7255 7740.09188  371 4247 8704.00000 7177.53784  17.5%   679 5270s
 13298  7257 7177.82213   25 4064 8704.00000 7177.82213  17.5%   679 5276s
 13300  7258 7178.08057   31 4178 8704.00000 7178.08057  17.5%   679 5281s
 13306  7262 7178.13440   64 4248 8704.00000 7178.13440  17.5%   678 5285s
 13307  7263 7178.69747   31 4169 8704.00000 7178.69747  17.5%   678 5290s
 13310  7265 7179.03210   23 4305 8704.00000 7179.03210  17.5%   678 5296s
 13314  7267 7179.43830  187 4166 8704.00000 7179.43830  17.5%   678 5302s
 13315  7268 8265.03930  437 4217 8704.00000 7179.74465  17.5%   678 5305s
 13318  7270 7180.03160  371 4302 8704.00000 7180.03160  17.5%   678 5310s
 13322  7273 7606.32866  288 4336 8704.00000 7180.55934  17.5%   677 5316s
 13324  7274 7180.72257  125 4347 8704.00000 7180.72257  17.5%   677 5320s
 13331  7279 7752.79382  282 4104 8704.00000 7181.45005  17.5%   677 5330s
 13335  7281 7181.65910  181 4269 8704.00000 7181.65910  17.5%   677 5335s
 13340  7285 7502.29819   67 4066 8704.00000 7182.83843  17.5%   677 5343s
 13341  7285 7183.30678  203 4412 8704.00000 7183.30678  17.5%   676 5349s
 13342  7286 7183.46428   36 4278 8704.00000 7183.46428  17.5%   676 5351s
 13346  7289 7183.59553  156 4291 8704.00000 7183.59553  17.5%   676 5355s
 13352  7293 7360.79600  309 4352 8704.00000 7184.50905  17.5%   676 5364s
 13353  7293 8204.14696  451 4251 8704.00000 7184.80902  17.5%   676 5367s
 13355  7295 7184.90456  167 4283 8704.00000 7184.90456  17.5%   676 5370s
 13366  7302 7950.45844  358 4328 8704.00000 7184.97652  17.5%   675 5375s
 13367  7303 8034.23578  401 4353 8704.00000 7186.09239  17.4%   675 5382s
 13368  7303 7186.44605  210 4176 8704.00000 7186.44605  17.4%   675 5386s
 13373  7307 7186.55933  172 4307 8704.00000 7186.55933  17.4%   675 5390s
 13375  7308 7187.07784  198 4320 8704.00000 7187.07784  17.4%   675 5396s
 13376  7309 7187.36909  122 4360 8704.00000 7187.36909  17.4%   675 5400s
 13382  7313 7187.52503   99 4448 8704.00000 7187.52503  17.4%   674 5405s
 13384  7314 7188.76716  200 4270 8704.00000 7188.76716  17.4%   674 5414s
 13385  7315 7307.02249  311 4160 8704.00000 7189.23891  17.4%   674 5418s
 13386  7315 7189.41379   39 4235 8704.00000 7189.41379  17.4%   674 5421s
 13388  7317 7189.55665  167 4349 8704.00000 7189.55665  17.4%   674 5425s
 13395  7321 7740.09188  371 4297 8704.00000 7190.36690  17.4%   674 5435s
 13397  7323 7190.77286  366 4212 8704.00000 7190.77286  17.4%   674 5441s
 13402  7326 7190.84533   45 4332 8704.00000 7190.84533  17.4%   673 5446s
 13403  7327 7191.38249  156 4317 8704.00000 7191.38249  17.4%   673 5451s
 13404  7327 7207.07892  240 4269 8704.00000 7191.74787  17.4%   673 5455s
 13407  7329 7192.00706   31 4412 8704.00000 7192.00706  17.4%   673 5460s
 13411  7332 7192.71603   10 4471 8704.00000 7192.71603  17.4%   673 5468s
 13412  7333 7645.39121  349 4331 8704.00000 7192.97547  17.4%   673 5471s
 13417  7336 7193.12670   55 4376 8704.00000 7193.12670  17.4%   673 5475s
 13421  7339 7193.60250  132 4197 8704.00000 7193.60250  17.4%   672 5481s
 13422  7339 7606.32866  288 4288 8704.00000 7193.90787  17.3%   672 5485s
 13426  7342 7194.14883  121 4451 8704.00000 7194.14883  17.3%   672 5490s
 13431  7345 7752.79382  282 4316 8704.00000 7194.64951  17.3%   672 5497s
 13432  7346 7194.85943  116 4316 8704.00000 7194.85943  17.3%   672 5500s
 13440  7351 7502.29819   67 4407 8704.00000 7194.98194  17.3%   671 5506s
 13442  7353 7195.56521   36 4446 8704.00000 7195.56521  17.3%   671 5513s
 13443  7353 7195.67522  211 4526 8704.00000 7195.67522  17.3%   671 5515s
 13447  7356 7196.02964  160 4342 8704.00000 7196.02964  17.3%   671 5521s
 13450  7358 8108.74522  352 4324 8704.00000 7196.18598  17.3%   671 5525s
 13455  7361 7196.57347  167 4453 8704.00000 7196.57347  17.3%   671 5532s
 13458  7363 7196.66703  168 4519 8704.00000 7196.66703  17.3%   671 5535s
 13463  7367 7197.44002  293 4350 8704.00000 7197.44002  17.3%   670 5544s
 13464  7367 7197.91417  158 4254 8704.00000 7197.91417  17.3%   670 5550s
 13468  7370 7198.12571  210 4405 8704.00000 7198.12571  17.3%   670 5555s
 13471  7372 7198.65991   63 4402 8704.00000 7198.65991  17.3%   670 5562s
 13473  7373 7198.87002  172 4470 8704.00000 7198.87002  17.3%   670 5565s
 13480  7378 7198.89927  232 4576 8704.00000 7198.89927  17.3%   669 5570s
 13481  7379 7199.47769   11 4494 8704.00000 7199.47769  17.3%   669 5576s
 13482  7379 7199.70979   99 4491 8704.00000 7199.70979  17.3%   669 5580s
 13488  7383 7199.87567  167 4519 8704.00000 7199.87567  17.3%   669 5586s
 13489  7384 7200.40499  164 4500 8704.00000 7200.40499  17.3%   669 5591s
 13490  7385 7985.32084  295 4355 8704.00000 7200.98160  17.3%   669 5596s
 13492  7386 7201.34418   61 4463 8704.00000 7201.34418  17.3%   669 5600s
 13499  7391 7201.37109   86 4441 8704.00000 7201.37109  17.3%   669 5605s
 13500  7391 7202.08731   31 4468 8704.00000 7202.08731  17.3%   668 5610s
 13505  7395 7202.29180   70 4469 8704.00000 7202.29180  17.3%   668 5615s
 13512  7399 7645.39121  349 4232 8704.00000 7203.03032  17.2%   668 5625s
 13514  7401 7203.38501  187 4304 8704.00000 7203.38501  17.2%   668 5630s
 13519  7404 7203.47471  142 4420 8704.00000 7203.47471  17.2%   668 5635s
 13520  7405 7204.09491   33 4359 8704.00000 7204.09491  17.2%   667 5641s
 13521  7405 7204.72413  132 4353 8704.00000 7204.72413  17.2%   667 5646s
 13523  7407 7204.91522  105 4453 8704.00000 7204.91522  17.2%   667 5650s
 13527  7409 7204.93838  184 4561 8704.00000 7204.93838  17.2%   667 5655s
 13528  7410 7205.82891  138 4202 8704.00000 7205.82891  17.2%   667 5660s
 13530  7411 7206.25161   66 4451 8704.00000 7206.25161  17.2%   667 5666s
 13535  7415 7206.33848  181 4405 8704.00000 7206.33848  17.2%   667 5671s
 13536  7415 7207.00283  269 4291 8704.00000 7207.00283  17.2%   667 5678s
 13537  7416 7400.23632  251 4514 8704.00000 7207.21651  17.2%   667 5681s
 13544  7421 7207.29041  176 4681 8704.00000 7207.29041  17.2%   666 5686s
 13545  7421 7207.85108  153 4421 8704.00000 7207.85108  17.2%   666 5691s
 13546  7422 7208.08114  156 4383 8704.00000 7208.08114  17.2%   666 5695s
 13550  7425 8108.74522  352 4709 8704.00000 7208.23283  17.2%   666 5700s
 13553  7427 8204.14696  451 4306 8704.00000 7208.88400  17.2%   666 5709s
 13554  7427 7209.08895  109 4520 8704.00000 7209.08895  17.2%   666 5712s
 13555  7428 7209.17486  167 4533 8704.00000 7209.17486  17.2%   666 5715s
 13561  7432 8352.83191  363 4574 8704.00000 7209.24018  17.2%   665 5720s
 13562  7433 7556.11036  310 4339 8704.00000 7209.63480  17.2%   665 5725s
 13564  7434 7209.98778  158 4506 8704.00000 7209.98778  17.2%   665 5731s
 13568  7437 7210.02942  210 4613 8704.00000 7210.02942  17.2%   665 5735s
 13569  7437 8351.53886  364 4493 8704.00000 7210.40635  17.2%   665 5740s
 13572  7439 7210.61123  124 4426 8704.00000 7210.61123  17.2%   665 5745s
 13576  7442 7211.17655  122 4473 8704.00000 7211.17655  17.2%   665 5757s
 13577  7443 7211.38922  218 4357 8704.00000 7211.38922  17.1%   665 5760s
 13581  7445 7211.52917   11 4551 8704.00000 7211.52917  17.1%   664 5765s
 13583  7447 7211.95179  150 4487 8704.00000 7211.95179  17.1%   664 5772s
 13584  7447 7212.11119  200 4546 8704.00000 7212.11119  17.1%   664 5775s
 13588  7450 7212.26436  167 4596 8704.00000 7212.26436  17.1%   664 5780s
 13593  7453 7212.44422  192 4408 8704.00000 7212.44422  17.1%   664 5786s
 13597  7457 7212.44422  366  964 8704.00000 7212.44422  17.1%   742 5793s
 13598  7458 7212.44422   25 1096 8704.00000 7212.44422  17.1%   742 5797s
 13599  7459 7212.44422   86 1228 8704.00000 7212.44422  17.1%   742 5803s
 13600  7459 7212.44422   31 1360 8704.00000 7212.44422  17.1%   742 5814s
 13601  7460 8098.83580  318 1510 8704.00000 7212.44422  17.1%   742 5824s
 13602  7461 7212.44422   45 1559 8704.00000 7212.44422  17.1%   742 5836s
 13603  7461 7212.44422  156 1784 8704.00000 7212.44422  17.1%   741 5851s
 13604  7462 7212.44422  240 2018 8704.00000 7212.44422  17.1%   741 5870s
 13605  7463 7212.44422   70 2108 8704.00000 7212.44422  17.1%   741 5889s
 13606  7463 7212.44422   64 2273 8704.00000 7212.44422  17.1%   741 5909s
 13607  7464 7212.44469   31 2493 8704.00000 7212.44469  17.1%   741 5930s
 13608  7465 7212.44469  160 2785 8704.00000 7212.44469  17.1%   741 5950s
 13609  7465 7924.60917  305 3050 8704.00000 7212.45334  17.1%   741 5972s
 13610  7466 7212.45334   23 3213 8704.00000 7212.45334  17.1%   741 5992s
 13611  7467 7212.45334   10 3698 8704.00000 7212.45334  17.1%   741 6011s
 13612  7467 7645.39121  349 3805 8704.00000 7212.45334  17.1%   741 6029s
 13613  7468 7212.45334   83 4033 8704.00000 7212.45334  17.1%   741 6046s
 13614  7469 7212.45334  187 4338 8704.00000 7212.45334  17.1%   741 6057s
 13615  7469 8265.03930  437 4300 8704.00000 7212.45334  17.1%   741 6067s
 13616  7470 7212.45334  102 4285 8704.00000 7212.45334  17.1%   741 6075s
 13618  7471 7212.45334  371 4320 8704.00000 7212.45334  17.1%   741 6082s
 13622  7474 7606.32866  288 4444 8704.00000 7212.45334  17.1%   740 6085s
 13624  7475 7213.78019  125 4380 8704.00000 7213.78019  17.1%   740 6097s
 13625  7476 7214.04098  425 4243 8704.00000 7214.04098  17.1%   740 6100s
 13630  7479 7214.19994   66 4229 8704.00000 7214.19994  17.1%   740 6107s
 13631  7480 7752.79382  282 4218 8704.00000 7215.07562  17.1%   740 6114s
 13632  7481 7215.18300  116 4085 8704.00000 7215.18300  17.1%   740 6115s
 13637  7484 7400.23632  251 4159 8704.00000 7215.24234  17.1%   740 6121s
 13638  7485 7216.69570   79 4107 8704.00000 7216.69570  17.1%   740 6129s
 13639  7485 8021.53015  326 4283 8704.00000 7216.91113  17.1%   740 6131s
 13643  7488 7217.00462  211 4142 8704.00000 7217.00462  17.1%   739 6137s
 13644  7489 7217.71662  176 4042 8704.00000 7217.71662  17.1%   739 6142s
 13646  7490 7217.86557  156 4108 8704.00000 7217.86557  17.1%   739 6145s
 13649  7492 8100.25631  362 4101 8704.00000 7218.15739  17.1%   739 6160s
 13655  7496 7218.30118  167 4215 8704.00000 7218.30118  17.1%   739 6168s
 13656  7497 7218.66970  367 3950 8704.00000 7218.66970  17.1%   739 6172s
 13658  7498 7218.93451  168 3986 8704.00000 7218.93451  17.1%   739 6176s
 13662  7501 7556.11036  310 4020 8704.00000 7218.95675  17.1%   738 6181s
 13663  7501 7219.75095  293 4177 8704.00000 7219.75095  17.1%   738 6186s
 13665  7503 7219.91250   10 4134 8704.00000 7219.91250  17.1%   738 6190s
 13671  7507 7219.96511   63 4286 8704.00000 7219.96511  17.1%   738 6196s
 13672  7507 7220.61175  124 4183 8704.00000 7220.61175  17.0%   738 6202s
 13674  7509 7220.80480   46 4356 8704.00000 7220.80480  17.0%   738 6205s
 13678  7511 7220.83221   19 4373 8704.00000 7220.83221  17.0%   737 6210s
 13680  7513 7221.30442  232 4254 8704.00000 7221.30442  17.0%   737 6216s
 13687  7517 7221.37357   63 4311 8704.00000 7221.37357  17.0%   737 6223s
 13688  7518 7221.89877  167 4235 8704.00000 7221.89877  17.0%   737 6228s
 13689  7519 7222.06389  164 4181 8704.00000 7222.06389  17.0%   737 6231s
 13694  7522 7222.14703   40 4272 8704.00000 7222.14703  17.0%   737 6238s
 13695  7523 7740.09188  371 4167 8704.00000 7222.41018  17.0%   737 6254s
 13696  7523 7222.52787   29 4181 8704.00000 7222.52787  17.0%   736 6258s
 13698  7525 7222.57467   25 4318 8704.00000 7222.57467  17.0%   736 6260s
 13701  7527 8098.83580  318 4178 8704.00000 7222.89567  17.0%   736 6267s
 13702  7527 7223.07520   45 4251 8704.00000 7223.07520  17.0%   736 6270s
 13706  7530 7223.14594   64 4355 8704.00000 7223.14594  17.0%   736 6276s
 13707  7531 7223.64488   31 4134 8704.00000 7223.64488  17.0%   736 6280s
 13711  7533 7223.93475   10 4192 8704.00000 7223.93475  17.0%   736 6285s
 13714  7535 7224.26937  187 4237 8704.00000 7224.26937  17.0%   735 6293s
 13715  7536 8265.03930  437 4309 8704.00000 7224.50504  17.0%   735 6295s
 13719  7539 7224.56770  142 4361 8704.00000 7224.56770  17.0%   735 6302s
 13720  7539 7225.53301   33 4316 8704.00000 7225.53301  17.0%   735 6309s
 13721  7540 7225.82247  132 4317 8704.00000 7225.82247  17.0%   735 6313s
 13724  7542 7225.86857  125 4377 8704.00000 7225.86857  17.0%   735 6315s
 13726  7543 7226.61459  121 4144 8704.00000 7226.61459  17.0%   735 6324s
 13727  7544 7226.82855  184 4084 8704.00000 7226.82855  17.0%   735 6326s
 13733  7548 7226.88780   65 4219 8704.00000 7226.88780  17.0%   734 6331s
 13735  7549 7227.51399  181 4200 8704.00000 7227.51399  17.0%   734 6337s
 13738  7551 7227.62163   79 4239 8704.00000 7227.62163  17.0%   734 6340s
 13740  7553 7502.29819   67 4172 8704.00000 7228.53515  17.0%   734 6347s
 13742  7554 7228.84353   36 4332 8704.00000 7228.84353  16.9%   734 6352s
 13745  7556 7228.91621  153 4331 8704.00000 7228.91621  16.9%   734 6355s
 13749  7559 8100.25631  362 4234 8704.00000 7229.27107  16.9%   734 6361s
 13751  7560 7229.44110   39 4405 8704.00000 7229.44110  16.9%   734 6365s
 13756  7563 7230.24054  367 4351 8704.00000 7230.24054  16.9%   733 6375s
 13758  7565 7230.54084  168 4407 8704.00000 7230.54084  16.9%   733 6380s
 13763  7568 7230.84582  293 4265 8704.00000 7230.84582  16.9%   733 6388s
 13764  7569 7230.93666  158 4342 8704.00000 7230.93666  16.9%   733 6391s
 13770  7573 8700.00410  408 4626 8704.00000 7231.02222  16.9%   733 6396s
 13771  7573 7231.21738   63 4616 8704.00000 7231.21738  16.9%   732 6400s
 13776  7577 7231.30412  122 4674 8704.00000 7231.30412  16.9%   732 6406s
 13777  7577 7232.14998  218 4257 8704.00000 7232.14998  16.9%   732 6411s
 13779  7579 7232.47212  292 4386 8704.00000 7232.47212  16.9%   732 6416s
 13784  7582 7232.96646  200 4356 8704.00000 7232.96646  16.9%   732 6424s
 13785  7583 7307.02249  311 4487 8704.00000 7233.07796  16.9%   732 6426s
 13790  7586 7985.32084  295 4608 8704.00000 7233.15069  16.9%   731 6430s
 13793  7588 7233.35355  192 4567 8704.00000 7233.35355  16.9%   731 6435s
 13799  7592 7233.43463   86 4486 8704.00000 7233.43463  16.9%   731 6440s
 13801  7593 8098.83580  318 4447 8704.00000 7233.89813  16.9%   731 6445s
 13807  7597 7234.26137   31 4362 8704.00000 7234.26137  16.9%   731 6453s
 13808  7598 7234.37068  160 4397 8704.00000 7234.37068  16.9%   730 6455s
 13814  7602 7235.01567  187 4360 8704.00000 7235.01567  16.9%   730 6463s
 13815  7603 8265.03930  437 4420 8704.00000 7235.11153  16.9%   730 6465s
 13823  7608 7235.18404  105 4485 8704.00000 7235.18404  16.9%   730 6470s
 13825  7609 7235.76250  425 4455 8704.00000 7235.76250  16.9%   730 6477s
 13827  7611 7235.89939  184 4362 8704.00000 7235.89939  16.9%   729 6480s
 13832  7614 7235.94247  116 4460 8704.00000 7235.94247  16.9%   729 6485s
 13833  7615 7236.74621   65 4348 8704.00000 7236.74621  16.9%   729 6492s
 13834  7615 7237.00907   53 4364 8704.00000 7237.00907  16.9%   729 6495s
 13839  7619 8021.53015  326 4390 8704.00000 7237.12181  16.9%   729 6500s
 13840  7619 7502.29819   67 4385 8704.00000 7237.74749  16.8%   729 6506s
 13842  7621 7238.03912   36 4447 8704.00000 7238.03912  16.8%   729 6511s
 13847  7624 7238.32566  160 4485 8704.00000 7238.32566  16.8%   728 6517s
 13849  7625 8100.25631  362 4447 8704.00000 7238.43822  16.8%   728 6521s
 13853  7628 8204.14696  451 4370 8704.00000 7238.83182  16.8%   728 6528s
 13854  7629 7238.96654  109 4327 8704.00000 7238.96654  16.8%   728 6530s
 13860  7633 7239.01627   62 4414 8704.00000 7239.01627  16.8%   728 6535s
 13862  7634 7556.11036  310 4514 8704.00000 7239.78053  16.8%   728 6543s
 13863  7635 7239.85347  293 4522 8704.00000 7239.85347  16.8%   728 6545s
 13869  7639 8351.53886  364 4608 8704.00000 7239.97188  16.8%   727 6550s
 13871  7640 7240.40339   63 4378 8704.00000 7240.40339  16.8%   727 6556s
 13875  7643 7240.53007  198 4456 8704.00000 7240.53007  16.8%   727 6560s
 13880  7646 7241.15992  232 4292 8704.00000 7241.15992  16.8%   727 6567s
 13881  7647 7241.38905   11 4181 8704.00000 7241.38905  16.8%   727 6570s
 13884  7649 7241.58924  200 4383 8704.00000 7241.58924  16.8%   726 6575s
 13889  7652 7242.24225  164 4177 8704.00000 7242.24225  16.8%   726 6584s
 13890  7653 7985.32084  295 4242 8704.00000 7242.30501  16.8%   726 6586s
 13896  7657 7242.36928   29 4322 8704.00000 7242.36928  16.8%   726 6591s
 13897  7657 7242.88764  366 4364 8704.00000 7242.88764  16.8%   726 6595s
 13900  7659 7243.10102   31 4512 8704.00000 7243.10102  16.8%   726 6600s
 13908  7665 7243.67250  160 4113 8704.00000 7243.67250  16.8%   725 6609s
 13909  7665 7924.60917  305 4263 8704.00000 7243.91850  16.8%   725 6613s
 13910  7666 7244.05883   23 4479 8704.00000 7244.05883  16.8%   725 6615s
 13915  7669 8265.03930  437 4487 8704.00000 7244.12089  16.8%   725 6620s
 13916  7670 7244.74560  102 4370 8704.00000 7244.74560  16.8%   725 6626s
 13919  7672 7244.98865  142 4353 8704.00000 7244.98865  16.8%   725 6630s
 13926  7677 7245.33739  121 4210 8704.00000 7245.33739  16.8%   724 6659s
 13927  7677 7245.63904  184 4305 8704.00000 7245.63904  16.8%   724 6665s
 13931  7680 7752.79382  282 4424 8704.00000 7245.72092  16.8%   724 6670s
 13933  7681 7246.07400   65 4191 8704.00000 7246.07400  16.8%   724 6675s
 13939  7685 8021.53015  326 4409 8704.00000 7246.11641  16.7%   724 6680s
 13941  7687 7246.42343  203 4484 8704.00000 7246.42343  16.7%   724 6685s
 13945  7689 7247.00565  153 4319 8704.00000 7247.00565  16.7%   723 6693s
 13946  7690 7247.24605  156 4316 8704.00000 7247.24605  16.7%   723 6697s
 13949  7692 8100.25631  362 4453 8704.00000 7247.32052  16.7%   723 6701s
 13950  7693 8108.74522  352 4432 8704.00000 7247.68585  16.7%   723 6705s
 13955  7696 7247.80675  167 4583 8704.00000 7247.80675  16.7%   723 6710s
 13956  7697 7248.24813  367 4349 8704.00000 7248.24813  16.7%   723 6715s
 13959  7699 7960.26732  286 4509 8704.00000 7248.50254  16.7%   723 6720s
 13964  7702 7248.53995  158 4556 8704.00000 7248.53995  16.7%   722 6725s
 13965  7703 7249.25194   10 4498 8704.00000 7249.25194  16.7%   722 6731s
 13966  7703 7950.45844  358 4607 8704.00000 7249.67337  16.7%   722 6735s
 13969  7705 8351.53886  364 4592 8704.00000 7249.88875  16.7%   722 6740s
 13975  7709 7250.25421  198 4085 8704.00000 7250.25421  16.7%   722 6747s
 13976  7710 7250.58757  122 4364 8704.00000 7250.58757  16.7%   722 6751s
 13979  7712 7250.70490  292 4495 8704.00000 7250.70490  16.7%   722 6755s
 13984  7715 7251.19552  200 4216 8704.00000 7251.19552  16.7%   721 6762s
 13985  7716 7307.02249  311 4347 8704.00000 7251.44337  16.7%   721 6766s
 13988  7718 7251.60414  167 4344 8704.00000 7251.60414  16.7%   721 6770s
 13991  7720 7741.66536  373 4297 8704.00000 7252.01680  16.7%   721 6776s
 13993  7721 7252.26948  192 4343 8704.00000 7252.26948  16.7%   721 6780s
 13998  7725 7252.30692   25 4397 8704.00000 7252.30692  16.7%   721 6785s
 14004  7729 7252.61068  240 4271 8704.00000 7252.61068  16.7%   720 6793s
 14005  7729 7252.68284   70 4215 8704.00000 7252.68284  16.7%   720 6795s
 14013  7735 7253.06998   83 4315 8704.00000 7253.06998  16.7%   720 6803s
 14014  7735 7253.18562  187 4317 8704.00000 7253.18562  16.7%   720 6805s
 14019  7739 7253.24107  142 4414 8704.00000 7253.24107  16.7%   719 6810s
 14021  7740 7253.60850  132 4414 8704.00000 7253.60850  16.7%   719 6816s
 14026  7743 7253.68761  121 4452 8704.00000 7253.68761  16.7%   719 6820s
 14029  7745 7253.90427   99 4560 8704.00000 7253.90427  16.7%   719 6825s
 14034  7749 7254.23367   53 4523 8704.00000 7254.23367  16.7%   719 6833s
 14035  7749 7254.33864  181 4558 8704.00000 7254.33864  16.7%   719 6835s
 14040  7753 7502.29819   67 4707 8704.00000 7254.44600  16.7%   718 6840s
 14042  7754 7254.67657   36 4450 8704.00000 7254.67657  16.7%   718 6845s
 14045  7756 7254.96226  153 4471 8704.00000 7254.96226  16.6%   718 6850s
 14050  7759 8108.74522  352 4388 8704.00000 7255.52855  16.6%   718 6859s
 14051  7760 7255.79339   39 4382 8704.00000 7255.79339  16.6%   718 6863s
 14053  7761 8204.14696  451 4474 8704.00000 7255.86788  16.6%   718 6866s
 14058  7765 7256.49599  168 4371 8704.00000 7256.49599  16.6%   717 6874s
 14059  7765 7960.26732  286 4400 8704.00000 7256.83755  16.6%   717 6879s
 14060  7766 7256.89540   62 4600 8704.00000 7256.89540  16.6%   717 6880s
 14067  7771 8034.23578  401 4697 8704.00000 7256.96616  16.6%   717 6886s
 14068  7771 7257.29031  210 4456 8704.00000 7257.29031  16.6%   717 6890s
 14076  7777 7257.41268  122 4611 8704.00000 7257.41268  16.6%   717 6896s
 14078  7778 7257.78699   19 4378 8704.00000 7257.78699  16.6%   716 6901s
 14083  7781 7257.83114  150 4395 8704.00000 7257.83114  16.6%   716 6905s
 14085  7783 7307.02249  311 4417 8704.00000 7258.15461  16.6%   716 6911s
 14089  7785 7258.19056  164 4458 8704.00000 7258.19056  16.6%   716 6915s
 14091  7787 7741.66536  373 4406 8704.00000 7258.58260  16.6%   716 6920s
 14095  7789 7740.09188  371 4582 8704.00000 7258.73231  16.6%   716 6925s
 14098  7791 7258.83515   25 4424 8704.00000 7258.83515  16.6%   715 6930s
 14105  7796 7258.98072   70 4612 8704.00000 7258.98072  16.6%   715 6936s
 14106  7797 7259.35973   64 4429 8704.00000 7259.35973  16.6%   715 6940s
 14109  7799 7924.60917  305 4381 8704.00000 7259.69084  16.6%   715 6946s
 14113  7801 7260.01099   83 4458 8704.00000 7260.01099  16.6%   715 6953s
 14115  7803 8265.03930  437 4586 8704.00000 7260.14195  16.6%   715 6955s
 14120  7806 7260.18715   33 4614 8704.00000 7260.18715  16.6%   714 6960s
 14122  7807 7606.32866  288 4492 8704.00000 7260.62666  16.6%   714 6965s
 14128  7811 7260.76659  138 4429 8704.00000 7260.76659  16.6%   714 6971s
 14130  7813 7260.97156   66 4450 8704.00000 7260.97156  16.6%   714 6975s
 14136  7817 7261.23078  269 4455 8704.00000 7261.23078  16.6%   714 6982s
 14139  7819 8021.53015  326 4501 8704.00000 7261.29013  16.6%   713 6985s
 14145  7823 7261.45433  153 4665 8704.00000 7261.45433  16.6%   713 6990s
 14152  7827 7360.79600  309 4629 8704.00000 7261.58474  16.6%   713 6996s
 14154  7829 7261.84695  109 4343 8704.00000 7261.84695  16.6%   713 7000s
 14159  7832 7960.26732  286 4489 8704.00000 7262.00046  16.6%   712 7006s
 14163  7835 7262.06457  293 4608 8704.00000 7262.06457  16.6%   712 7011s
 14165  7836 7262.51210   10 4357 8704.00000 7262.51210  16.6%   712 7016s
 14168  7838 7262.61473  210 4523 8704.00000 7262.61473  16.6%   712 7020s
 14174  7842 7263.04053   46 4475 8704.00000 7263.04053  16.6%   712 7027s
 14175  7843 7263.27650  198 4437 8704.00000 7263.27650  16.6%   712 7030s
 14181  7847 7263.40194   11 4439 8704.00000 7263.40194  16.6%   711 7035s
 14187  7851 7263.70670   63 4424 8704.00000 7263.70670  16.5%   711 7042s
 14189  7852 7263.86070  164 4596 8704.00000 7263.86070  16.5%   711 7045s
 14197  7857 7263.94737  366 4561 8704.00000 7263.94737  16.5%   710 7051s
 14198  7858 7264.40404   25 4471 8704.00000 7264.40404  16.5%   710 7056s
 14200  7859 7264.58083   31 4453 8704.00000 7264.58083  16.5%   710 7061s
 14204  7862 7264.64254  240 4493 8704.00000 7264.64254  16.5%   710 7065s
 14206  7863 7265.01096   64 4355 8704.00000 7265.01096  16.5%   710 7070s
 14212  7867 7645.39121  349 4526 8704.00000 7265.14277  16.5%   710 7076s
 14213  7868 7265.76038   83 4401 8704.00000 7265.76038  16.5%   710 7081s
 14215  7869 8265.03930  437 4440 8704.00000 7265.97800  16.5%   710 7085s
 14224  7875 7266.01739  125 4512 8704.00000 7266.01739  16.5%   709 7090s
 14225  7876 7267.14455  425 4148 8704.00000 7267.14455  16.5%   709 7097s
 14226  7877 7267.66785  121 4413 8704.00000 7267.66785  16.5%   709 7103s
 14227  7877 7267.74084  184 4356 8704.00000 7267.74084  16.5%   709 7105s
 14233  7881 7268.07071   65 4441 8704.00000 7268.07071  16.5%   709 7113s
 14234  7882 7268.23282   53 4474 8704.00000 7268.23282  16.5%   709 7116s
 14239  7885 8021.53015  326 4567 8704.00000 7268.31710  16.5%   708 7121s
 14240  7886 7502.29819   67 4329 8704.00000 7268.79512  16.5%   708 7125s
 14242  7887 7269.16281   36 4427 8704.00000 7269.16281  16.5%   708 7131s
 14248  7891 7269.19308  256 4530 8704.00000 7269.19308  16.5%   708 7135s
 14249  7892 8100.25631  362 4356 8704.00000 7269.61652  16.5%   708 7140s
 14251  7893 7269.89254   39 4357 8704.00000 7269.89254  16.5%   708 7145s
 14255  7896 7269.99617  167 4420 8704.00000 7269.99617  16.5%   708 7150s
 14259  7899 7960.26732  286 4404 8704.00000 7270.24395  16.5%   707 7155s
 14264  7902 7270.32694  158 4532 8704.00000 7270.32694  16.5%   707 7160s
 14267  7904 8034.23578  401 4387 8704.00000 7270.66110  16.5%   707 7166s
 14271  7907 7270.74790   63 4531 8704.00000 7270.74790  16.5%   707 7172s
 14272  7907 7270.90727  124 4385 8704.00000 7270.90727  16.5%   707 7175s
 14276  7910 7271.01395  122 4495 8704.00000 7271.01395  16.5%   707 7180s
 14280  7913 7271.12634  232 4562 8704.00000 7271.12634  16.5%   706 7185s
 14286  7917 7271.23235   39 4536 8704.00000 7271.23235  16.5%   706 7190s
 14288  7918 7271.60319  167 4517 8704.00000 7271.60319  16.5%   706 7197s
 14290  7919 7985.32084  295 4488 8704.00000 7271.72209  16.5%   706 7200s
 14297  7924 7271.76522  366 4574 8704.00000 7271.76522  16.5%   706 7206s
 14298  7925 7271.98300   25 4419 8704.00000 7271.98300  16.5%   705 7210s
 14305  7929 7272.06516   70 4660 8704.00000 7272.06516  16.5%   705 7216s
 14311  7933 7272.12886   10 4600 8704.00000 7272.12886  16.5%   705 7222s
 14312  7934 7645.39121  349 4541 8704.00000 7272.24874  16.4%   705 7225s
 14315  7936 8265.03930  437 4565 8704.00000 7272.40633  16.4%   705 7230s
 14322  7941 7606.32866  288 4548 8704.00000 7272.58528  16.4%   704 7237s
 14323  7941 7272.71178  105 4487 8704.00000 7272.71178  16.4%   704 7240s
 14329  7945 7272.74520   99 4674 8704.00000 7272.74520  16.4%   704 7246s
 14331  7947 7752.79382  282 4670 8704.00000 7273.02688  16.4%   704 7251s
 14335  7949 7273.09495  181 4739 8704.00000 7273.09495  16.4%   704 7256s
 14337  7951 7400.23632  251 4499 8704.00000 7273.29822  16.4%   704 7260s
 14345  7956 7273.34402  153 4680 8704.00000 7273.34402  16.4%   703 7266s
 14347  7957 7273.56423  160 4677 8704.00000 7273.56423  16.4%   703 7270s
 14352  7961 7360.79600  309 4719 8704.00000 7273.65098  16.4%   703 7276s
 14356  7963 7273.71954  367 4732 8704.00000 7273.71954  16.4%   703 7280s
 14359  7965 7960.26732  286 4602 8704.00000 7273.83977  16.4%   702 7285s
 14364  7969 7273.93339  158 4812 8704.00000 7273.93339  16.4%   702 7290s
 14368  7971 7273.99051  210 4785 8704.00000 7273.99051  16.4%   702 7295s
 14372  7974 7274.16401  124 4766 8704.00000 7274.16401  16.4%   702 7300s
 14377  7977 7274.20344  218 4890 8704.00000 7274.20344  16.4%   702 7305s
 14382  7982 7274.30762   99  964 8704.00000 7274.30762  16.4%   755 7314s
 14383  7983 7274.30762  150 1147 8704.00000 7274.30762  16.4%   755 7317s
 14384  7984 7274.30762  200 1202 8704.00000 7274.30762  16.4%   755 7324s
 14385  7984 7307.02249  311 1490 8704.00000 7274.30762  16.4%   755 7334s
 14386  7985 7274.30762   39 1477 8704.00000 7274.30762  16.4%   755 7345s
 14387  7986 7274.30762   63 1670 8704.00000 7274.30762  16.4%   755 7357s
 14388  7986 7274.30762  167 1853 8704.00000 7274.30762  16.4%   755 7375s
 14389  7987 7274.30762  164 2044 8704.00000 7274.30762  16.4%   755 7395s
 14390  7988 7985.32084  295 2154 8704.00000 7274.30762  16.4%   755 7416s
 14391  7988 7741.66536  373 2308 8704.00000 7274.30762  16.4%   755 7435s
 14392  7989 7274.31075   61 2582 8704.00000 7274.31075  16.4%   755 7457s
 14393  7990 7274.31075  192 2683 8704.00000 7274.31075  16.4%   755 7479s
 14394  7990 7274.31075   40 2975 8704.00000 7274.31075  16.4%   755 7498s
 14395  7991 7740.09188  371 2951 8704.00000 7274.31106  16.4%   755 7518s
 14396  7992 7274.31106   29 3286 8704.00000 7274.31106  16.4%   755 7538s
 14397  7992 7274.31106  366 3790 8704.00000 7274.31106  16.4%   755 7555s
 14398  7993 7274.31106   25 3522 8704.00000 7274.31106  16.4%   754 7568s
 14399  7994 7274.31106   86 3902 8704.00000 7274.31106  16.4%   754 7586s
 14400  7994 7274.31106   31 4104 8704.00000 7274.31106  16.4%   754 7600s
 14401  7995 8098.83580  318 4337 8704.00000 7274.31106  16.4%   754 7609s
 14402  7996 7274.31106   45 4475 8704.00000 7274.31106  16.4%   754 7617s
 14403  7996 7274.31106  156 4613 8704.00000 7274.31106  16.4%   754 7621s
 14404  7997 7274.31106  240 4766 8704.00000 7274.31106  16.4%   754 7626s
 14407  7999 7274.31106   31 4737 8704.00000 7274.31106  16.4%   754 7630s
 14410  8001 7274.81706   23 4539 8704.00000 7274.81706  16.4%   754 7638s
 14411  8002 7274.89058   10 4598 8704.00000 7274.89058  16.4%   754 7640s
 14414  8004 7274.90044  187 4581 8704.00000 7274.90044  16.4%   754 7645s
 14416  8005 7275.31923  102 4530 8704.00000 7275.31923  16.4%   754 7650s
 14421  8008 7275.42320  132 4571 8704.00000 7275.42320  16.4%   753 7657s
 14422  8009 7606.32866  288 4568 8704.00000 7275.74249  16.4%   753 7661s
 14427  8012 7275.81844  184 4590 8704.00000 7275.81844  16.4%   753 7668s
 14428  8013 7276.08856  138 4586 8704.00000 7276.08856  16.4%   753 7671s
 14433  8016 7276.18383   65 4618 8704.00000 7276.18383  16.4%   753 7675s
 14436  8018 7276.41402  269 4406 8704.00000 7276.41402  16.4%   752 7692s
 14441  8022 7276.44680  203 4541 8704.00000 7276.44680  16.4%   752 7697s
 14442  8022 7276.68941   36 4415 8704.00000 7276.68941  16.4%   752 7700s
 14448  8026 7276.78195  256 4511 8704.00000 7276.78195  16.4%   752 7707s
 14449  8027 8100.25631  362 4386 8704.00000 7276.88206  16.4%   752 7710s
 14458  8033 7277.02615  168 4424 8704.00000 7277.02615  16.4%   751 7717s
 14459  8034 7960.26732  286 4396 8704.00000 7277.16080  16.4%   751 7720s
 14464  8037 7277.24207  158 4419 8704.00000 7277.24207  16.4%   751 7726s
 14465  8038 7277.46542   10 4374 8704.00000 7277.46542  16.4%   751 7730s
 14471  8042 7277.53851   63 4506 8704.00000 7277.53851  16.4%   751 7737s
 14472  8042 7277.89033  124 4406 8704.00000 7277.89033  16.4%   751 7741s
 14475  8044 7278.03984  198 4577 8704.00000 7278.03984  16.4%   750 7745s
 14477  8046 7278.35938  218 4500 8704.00000 7278.35938  16.4%   750 7770s
 14479  8047 7278.48377  292 4559 8704.00000 7278.48377  16.4%   750 7775s
 14482  8049 7278.50258   99 4630 8704.00000 7278.50258  16.4%   750 7780s
 14484  8050 7278.82965  200 4605 8704.00000 7278.82965  16.4%   750 7785s
 14488  8053 7278.86864  167 4638 8704.00000 7278.86864  16.4%   750 7791s
 14490  8054 7985.32084  295 4552 8704.00000 7279.04380  16.4%   750 7795s
 14494  8057 7279.08890   40 4583 8704.00000 7279.08890  16.4%   749 7801s
 14496  8058 7279.41120   29 4429 8704.00000 7279.41120  16.4%   749 7806s
 14500  8061 7279.48590   31 4578 8704.00000 7279.48590  16.4%   749 7810s
 14502  8062 7279.48721   45 4544 8704.00000 7279.48721  16.4%   749 7815s
 14503  8063 7280.15002  156 4299 8704.00000 7280.15002  16.4%   749 7821s
 14504  8064 7280.49215  240 4381 8704.00000 7280.49215  16.4%   749 7826s
 14506  8065 7280.63157   64 4444 8704.00000 7280.63157  16.4%   749 7830s
 14511  8068 7280.67325   10 4487 8704.00000 7280.67325  16.4%   749 7837s
 14512  8069 7645.39121  349 4269 8704.00000 7281.66151  16.3%   749 7844s
 14513  8070 7281.78095   83 4403 8704.00000 7281.78095  16.3%   749 7846s
 14518  8073 7282.44964  371 4071 8704.00000 7282.44964  16.3%   748 7854s
 14519  8074 7282.62738  142 4378 8704.00000 7282.62738  16.3%   748 7857s
 14522  8076 7606.32866  288 4575 8704.00000 7282.70522  16.3%   748 7860s
 14526  8078 7283.11424  121 4479 8704.00000 7283.11424  16.3%   748 7867s
 14527  8079 7283.26307  184 4437 8704.00000 7283.26307  16.3%   748 7870s
 14536  8085 7283.36361  269 4712 8704.00000 7283.36361  16.3%   747 7876s
 14537  8086 7400.23632  251 4392 8704.00000 7283.94138  16.3%   747 7882s
 14539  8087 8021.53015  326 4423 8704.00000 7284.22705  16.3%   747 7886s
 14546  8092 7285.00719  156 4430 8704.00000 7285.00719  16.3%   747 7896s
 14549  8094 8100.25631  362 4583 8704.00000 7285.21221  16.3%   747 7900s
 14553  8096 8204.14696  451 4395 8704.00000 7285.41834  16.3%   746 7905s
 14556  8098 7285.64539  367 4295 8704.00000 7285.64539  16.3%   746 7910s
 14559  8100 7960.26732  286 4268 8704.00000 7286.08025  16.3%   746 7918s
 14560  8101 7286.22508   62 4384 8704.00000 7286.22508  16.3%   746 7920s
 14565  8104 7286.30682   10 4413 8704.00000 7286.30682  16.3%   746 7925s
 14567  8106 8034.23578  401 4445 8704.00000 7286.62751  16.3%   746 7930s
 14573  8110 7286.69095  172 4471 8704.00000 7286.69095  16.3%   745 7935s
 14575  8111 7286.98781  198 4512 8704.00000 7286.98781  16.3%   745 7940s
 14580  8114 7287.07388  232 4620 8704.00000 7287.07388  16.3%   745 7945s
 14583  8116 7287.36909  150 4504 8704.00000 7287.36909  16.3%   745 7950s
 14587  8119 7287.48185   63 4607 8704.00000 7287.48185  16.3%   745 7955s
 14594  8124 7287.55799   40 4757 8704.00000 7287.55799  16.3%   744 7960s
 14597  8126 7287.65378  366 4614 8704.00000 7287.65378  16.3%   744 7965s
 14603  8130 7287.69458  156 4615 8704.00000 7287.69458  16.3%   744 7970s
 14609  8134 7924.60917  305 4596 8704.00000 7287.79884  16.3%   744 7976s
 14612  8136 7645.39121  349 4626 8704.00000 7287.94794  16.3%   743 7980s
 14616  8138 7288.38175  102 4203 8704.00000 7288.38175  16.3%   743 7985s
 14618  8140 7288.64539  371 4549 8704.00000 7288.64539  16.3%   743 7990s
 14624  8144 7289.01826  125 4198 8704.00000 7289.01826  16.3%   743 7998s
 14625  8144 7289.18317  425 4583 8704.00000 7289.18317  16.3%   743 8000s
 14629  8147 7289.45082   99 4467 8704.00000 7289.45082  16.3%   743 8006s
 14634  8150 7289.51398   53 4562 8704.00000 7289.51398  16.3%   742 8011s
 14638  8153 7289.64880   79 4654 8704.00000 7289.64880  16.2%   742 8015s
 14642  8156 7289.80488   36 4420 8704.00000 7289.80488  16.2%   742 8021s
 14647  8159 7289.84021  160 4372 8704.00000 7289.84021  16.2%   742 8025s
 14650  8161 8108.74522  352 4404 8704.00000 7290.14409  16.2%   742 8030s
 14658  8166 7290.20169  168 4425 8704.00000 7290.20169  16.2%   741 8035s
 14663  8170 7290.43274  293 4418 8704.00000 7290.43274  16.2%   741 8040s
 14667  8172 8034.23578  401 4011 8704.00000 7290.85978  16.2%   741 8047s
 14668  8173 7291.09132  210 4134 8704.00000 7291.09132  16.2%   741 8050s
 14673  8176 7291.21778  172 4346 8704.00000 7291.21778  16.2%   740 8055s
 14676  8178 7291.47394  122 4328 8704.00000 7291.47394  16.2%   740 8060s
 14681  8182 7291.60950   11 4441 8704.00000 7291.60950  16.2%   740 8067s
 14684  8184 7291.80183  200 4553 8704.00000 7291.80183  16.2%   740 8070s
 14688  8186 7292.00716  167 4343 8704.00000 7292.00716  16.2%   740 8075s
 14693  8190 7292.08394  192 4583 8704.00000 7292.08394  16.2%   739 8080s
 14695  8191 7740.09188  371 4204 8704.00000 7292.52587  16.2%   739 8086s
 14699  8194 7292.59837   86 4380 8704.00000 7292.59837  16.2%   739 8090s
 14702  8196 7292.84093   45 4242 8704.00000 7292.84093  16.2%   739 8096s
 14705  8198 7293.00965   70 4320 8704.00000 7293.00965  16.2%   739 8100s
 14712  8202 7645.39121  349 4314 8704.00000 7293.08378  16.2%   738 8106s
 14719  8207 7293.16745  142 4472 8704.00000 7293.16745  16.2%   738 8111s
 14724  8210 7293.23794  125 4391 8704.00000 7293.23794  16.2%   738 8116s
 14726  8212 7293.60675  121 4207 8704.00000 7293.60675  16.2%   738 8121s
 14731  8215 7752.79382  282 4315 8704.00000 7293.69445  16.2%   737 8125s
 14734  8217 7293.96973   53 4276 8704.00000 7293.96973  16.2%   737 8130s
 14736  8218 7294.28429  269 4379 8704.00000 7294.28429  16.2%   737 8135s
 14741  8222 7294.34334  203 4336 8704.00000 7294.34334  16.2%   737 8141s
 14743  8223 7294.53887  211 4246 8704.00000 7294.53887  16.2%   737 8145s
 14750  8228 8108.74522  352 4384 8704.00000 7294.59777  16.2%   736 8150s
 14753  8230 8204.14696  451 4405 8704.00000 7294.81133  16.2%   736 8155s
 14758  8233 7294.84737  168 4451 8704.00000 7294.84737  16.2%   736 8160s
 14760  8234 7295.17865   62 4363 8704.00000 7295.17865  16.2%   736 8165s
 14766  8238 7950.45844  358 4276 8704.00000 7295.49174  16.2%   736 8173s
 14768  8240 7295.57097  210 4266 8704.00000 7295.57097  16.2%   736 8175s
 14773  8243 7295.76262  172 4409 8704.00000 7295.76262  16.2%   735 8181s
 14777  8246 7295.87159  218 4470 8704.00000 7295.87159  16.2%   735 8185s
 14780  8248 7296.12666  232 4279 8704.00000 7296.12666  16.2%   735 8190s
 14784  8250 7296.24415  200 4297 8704.00000 7296.24415  16.2%   735 8195s
 14786  8252 7296.62558   39 4296 8704.00000 7296.62558  16.2%   735 8201s
 14789  8254 7296.72205  164 4193 8704.00000 7296.72205  16.2%   735 8205s
 14793  8256 7296.92052  192 4439 8704.00000 7296.92052  16.2%   734 8210s
 14800  8261 7297.08610   31 4390 8704.00000 7297.08610  16.2%   734 8216s
 14801  8262 8098.83580  318 4405 8704.00000 7297.29870  16.2%   734 8220s
 14805  8264 7297.46933   70 4486 8704.00000 7297.46933  16.2%   734 8225s
 14811  8268 7297.59662   10 4520 8704.00000 7297.59662  16.2%   733 8230s
 14817  8272 7297.67976   55 4576 8704.00000 7297.67976  16.2%   733 8235s
 14819  8274 7297.98382  142 4334 8704.00000 7297.98382  16.2%   733 8241s
 14824  8277 7298.04993  125 4488 8704.00000 7298.04993  16.2%   733 8246s
 14826  8278 7298.24638  121 4534 8704.00000 7298.24638  16.2%   733 8250s
 14832  8282 7298.46652  116 4421 8704.00000 7298.46652  16.1%   732 8257s
 14833  8283 7298.78883   65 4462 8704.00000 7298.78883  16.1%   732 8261s
 14836  8285 7298.90484  269 4598 8704.00000 7298.90484  16.1%   732 8265s
 14841  8288 7299.19111  203 4505 8704.00000 7299.19111  16.1%   732 8272s
 14842  8289 7299.29870   36 4515 8704.00000 7299.29870  16.1%   732 8275s
 14849  8294 8100.25631  362 4758 8704.00000 7299.34418  16.1%   732 8281s
 14851  8295 7299.59121   39 4410 8704.00000 7299.59121  16.1%   731 8285s
 14859  8300 7960.26732  286 4442 8704.00000 7299.65554  16.1%   731 8291s
 14862  8302 7556.11036  310 4431 8704.00000 7299.83176  16.1%   731 8295s
 14866  8305 7950.45844  358 4532 8704.00000 7299.92736  16.1%   731 8300s
 14870  8308 8700.00410  408 4407 8704.00000 7300.22420  16.1%   731 8310s
 14874  8310 7300.39172   46 4577 8704.00000 7300.39172  16.1%   730 8315s
 14876  8312 7300.69327  122 4378 8704.00000 7300.69327  16.1%   730 8321s
 14877  8312 7300.86392  218 4425 8704.00000 7300.86392  16.1%   730 8325s
 14882  8316 7300.97627   99 4674 8704.00000 7300.97627  16.1%   730 8330s
 14884  8317 7301.33789  200 4469 8704.00000 7301.33789  16.1%   730 8335s
 14888  8320 7301.51033  167 4588 8704.00000 7301.51033  16.1%   730 8340s
 14892  8322 7301.66366   61 4474 8704.00000 7301.66366  16.1%   729 8345s
 14898  8326 7301.73969   25 4719 8704.00000 7301.73969  16.1%   729 8350s
 14900  8328 7301.95128   31 4595 8704.00000 7301.95128  16.1%   729 8355s
 14909  8334 7924.60917  305 4780 8704.00000 7302.01551  16.1%   729 8360s
 14911  8335 7302.18879   10 4692 8704.00000 7302.18879  16.1%   729 8365s
 14916  8338 7302.55615  102 4672 8704.00000 7302.55615  16.1%   728 8392s
 14917  8339 7302.67058   55 4798 8704.00000 7302.67058  16.1%   728 8397s
 14920  8341 7302.73330   33 4675 8704.00000 7302.73330  16.1%   728 8400s
 14923  8343 7302.81266  105 4604 8704.00000 7302.81266  16.1%   728 8405s
 14928  8346 7302.85905  138 4673 8704.00000 7302.85905  16.1%   728 8410s
 14931  8348 7752.79382  282 4688 8704.00000 7303.13318  16.1%   728 8415s
 14935  8351 7303.32062  181 4538 8704.00000 7303.32062  16.1%   727 8422s
 14938  8353 7303.38861   79 4750 8704.00000 7303.38861  16.1%   727 8425s
 14942  8356 7303.60704   36 4569 8704.00000 7303.60704  16.1%   727 8431s
 14946  8358 7303.66202  156 4734 8704.00000 7303.66202  16.1%   727 8436s
 14949  8360 8100.25631  362 4670 8704.00000 7303.81081  16.1%   727 8441s
 14952  8362 7360.79600  309 4746 8704.00000 7303.84456  16.1%   727 8445s
 14957  8366 7599.78672  311 4624 8704.00000 7303.91462  16.1%   726 8450s
 14961  8368 8352.83191  363 4749 8704.00000 7304.12097  16.1%   726 8456s
 14965  8371 7304.21107   10 4818 8704.00000 7304.21107  16.1%   726 8460s
 14968  8373 7304.35112  210 4802 8704.00000 7304.35112  16.1%   726 8465s
 14972  8376 7304.43073  124 4830 8704.00000 7304.43073  16.1%   726 8470s
 14976  8378 7304.46795  122 4776 8704.00000 7304.46795  16.1%   725 8475s
 14982  8382 7304.50093   99 4754 8704.00000 7304.50093  16.1%   725 8480s
 14985  8384 7307.02249  311 4658 8704.00000 7304.82613  16.1%   725 8485s
 14991  8388 7741.66536  373 4759 8704.00000 7304.87532  16.1%   725 8490s
 14993  8390 7305.35141  192 4726 8704.00000 7305.35141  16.1%   725 8498s
 14994  8390 7305.43597   40 4788 8704.00000 7305.43597  16.1%   724 8500s
 15000  8394 7305.48631   31 4776 8704.00000 7305.48631  16.1%   724 8506s
 15001  8395 8098.83580  318 4510 8704.00000 7305.90310  16.1%   724 8510s
 15003  8396 7306.12862  156 4514 8704.00000 7306.12862  16.1%   724 8515s
 15010  8401 7306.17535   23 4484 8704.00000 7306.17535  16.1%   724 8521s
 15012  8402 7645.39121  349 4440 8704.00000 7306.48335  16.1%   724 8525s
 15016  8405 7306.55719  102 4536 8704.00000 7306.55719  16.1%   723 8530s
 15018  8406 7306.84729  371 4497 8704.00000 7306.84729  16.1%   723 8535s
 15023  8410 7306.91253  105 4553 8704.00000 7306.91253  16.1%   723 8541s
 15025  8411 7307.15541  425 4448 8704.00000 7307.15541  16.0%   723 8546s
 15029  8414 7307.30536   99 4474 8704.00000 7307.30536  16.0%   723 8551s
 15034  8417 7307.38369   53 4616 8704.00000 7307.38369  16.0%   723 8555s
 15036  8418 7307.57314  269 4481 8704.00000 7307.57314  16.0%   722 8560s
 15039  8420 8021.53015  326 4639 8704.00000 7307.76651  16.0%   722 8565s
 15043  8423 7307.88552  211 4440 8704.00000 7307.88552  16.0%   722 8570s
 15046  8425 7308.03720  156 4669 8704.00000 7308.03720  16.0%   722 8575s
 15052  8429 7360.79600  309 4634 8704.00000 7308.07322  16.0%   722 8580s
 15056  8432 7308.16138  367 4477 8704.00000 7308.16138  16.0%   722 8585s
 15061  8435 8352.83191  363 4516 8704.00000 7308.23913  16.0%   721 8591s
 15065  8438 7308.28041   10 4590 8704.00000 7308.28041  16.0%   721 8596s
 15070  8441 8700.00410  408 4476 8704.00000 7308.29375  16.0%   721 8601s
 15074  8444 7308.35461   46 4616 8704.00000 7308.35461  16.0%   721 8605s
 15081  8448 7308.37079   11 4627 8704.00000 7308.37079  16.0%   720 8610s
 15086  8453 7308.38728   39  964 8704.00000 7308.38728  16.0%   763 8619s
 15087  8454 7308.38728   63 1188 8704.00000 7308.38728  16.0%   763 8622s
 15088  8455 7308.38728  167 1212 8704.00000 7308.38728  16.0%   763 8628s
 15089  8455 7308.38728  164 1457 8704.00000 7308.38728  16.0%   763 8638s
 15090  8456 7985.32084  295 1557 8704.00000 7308.38728  16.0%   763 8650s
 15091  8457 7741.66536  373 1581 8704.00000 7308.38728  16.0%   763 8662s
 15092  8457 7308.38728   61 1828 8704.00000 7308.38728  16.0%   763 8679s
 15093  8458 7308.38728  192 2057 8704.00000 7308.38728  16.0%   763 8700s
 15094  8459 7308.38728   40 2129 8704.00000 7308.38728  16.0%   762 8722s
 15095  8459 7740.09188  371 2472 8704.00000 7308.38728  16.0%   762 8741s
 15096  8460 7308.38728   29 2539 8704.00000 7308.38728  16.0%   762 8763s
 15097  8461 7308.38728  366 2693 8704.00000 7308.38728  16.0%   762 8785s
 15098  8461 7308.42650   25 3031 8704.00000 7308.42650  16.0%   762 8805s
 15099  8462 7308.42650   86 3232 8704.00000 7308.42650  16.0%   762 8826s
 15100  8463 7308.42650   31 3470 8704.00000 7308.42650  16.0%   762 8845s
 15101  8463 8098.83580  318 3978 8704.00000 7308.42650  16.0%   762 8866s
 15102  8464 7308.42650   45 3885 8704.00000 7308.42650  16.0%   762 8882s
 15103  8465 7308.42650  156 3769 8704.00000 7308.42650  16.0%   762 8893s
 15104  8465 7308.42650  240 4223 8704.00000 7308.42650  16.0%   762 8904s
 15105  8466 7308.42650   70 4292 8704.00000 7308.42650  16.0%   762 8912s
 15106  8467 7308.42650   64 4178 8704.00000 7308.42650  16.0%   762 8918s
 15107  8467 7308.42650   31 4564 8704.00000 7308.42650  16.0%   762 8922s
 15109  8469 7924.60917  305 4609 8704.00000 7308.42650  16.0%   762 8926s
 15114  8472 7308.42650  187 4614 8704.00000 7308.42650  16.0%   761 8931s
 15115  8473 8265.03930  437 4444 8704.00000 7308.82434  16.0%   761 8936s
 15121  8477 7308.92772  132 4333 8704.00000 7308.92772  16.0%   761 8940s
 15124  8479 7309.18156  125 4310 8704.00000 7309.18156  16.0%   761 8947s
 15128  8481 7309.23342  138 4367 8704.00000 7309.23342  16.0%   761 8952s
 15129  8482 7309.38815   99 4375 8704.00000 7309.38815  16.0%   761 8955s
 15133  8485 7309.48125   65 4332 8704.00000 7309.48125  16.0%   761 8960s
 15135  8486 7309.97237  181 4346 8704.00000 7309.97237  16.0%   760 8966s
 15141  8490 7310.01974  203 4396 8704.00000 7310.01974  16.0%   760 8973s
 15142  8491 7310.24194   36 4383 8704.00000 7310.24194  16.0%   760 8983s
 15143  8491 7310.31175  211 4377 8704.00000 7310.31175  16.0%   760 8986s
 15148  8495 7310.38634  256 4327 8704.00000 7310.38634  16.0%   760 8992s
 15149  8495 8100.25631  362 4368 8704.00000 7310.57210  16.0%   760 8996s
 15154  8499 7310.67567  109 4513 8704.00000 7310.67567  16.0%   759 9002s
 15155  8499 7310.77550  167 4439 8704.00000 7310.77550  16.0%   759 9005s
 15160  8503 7310.86255   62 4406 8704.00000 7310.86255  16.0%   759 9012s
 15161  8503 8352.83191  363 4513 8704.00000 7311.06190  16.0%   759 9015s
 15165  8506 7311.09822   10 4505 8704.00000 7311.09822  16.0%   759 9021s
 15168  8508 7311.17652  210 4469 8704.00000 7311.17652  16.0%   759 9028s
 15169  8509 8351.53886  364 4610 8704.00000 7311.34176  16.0%   759 9030s
 15175  8513 7311.45311  198 4667 8704.00000 7311.45311  16.0%   758 9038s
 15176  8513 7311.87465  122 4895 8704.00000 7311.87465  16.0%   758 9050s
 15178  8515 7312.06339   19 4704 8704.00000 7312.06339  16.0%   758 9055s
 15183  8518 7312.08258  150 4788 8704.00000 7312.08258  16.0%   758 9061s
 15184  8519 7312.37014  200 4874 8704.00000 7312.37014  16.0%   758 9065s
 15187  8521 7312.61661   63 4818 8704.00000 7312.61661  16.0%   758 9070s
 15190  8523 7985.32084  295 4472 8704.00000 7313.19939  16.0%   758 9079s
 15191  8523 7741.66536  373 4668 8704.00000 7313.34844  16.0%   758 9082s
 15194  8525 7313.39431   40 4808 8704.00000 7313.39431  16.0%   757 9085s
 15198  8528 7313.56267   25 4695 8704.00000 7313.56267  16.0%   757 9092s
 15202  8531 7313.62101   45 4727 8704.00000 7313.62101  16.0%   757 9095s
 15203  8531 7313.62105  156 4724 8704.00000 7313.62105  16.0%   757 9101s
 15204  8532 7314.61754  240 4567 8704.00000 7314.61754  16.0%   757 9107s
 15205  8533 7314.85342   70 4734 8704.00000 7314.85342  16.0%   757 9111s
 15209  8535 7924.60917  305 4750 8704.00000 7314.96458  16.0%   757 9115s
 15212  8537 7645.39121  349 4744 8704.00000 7315.38497  16.0%   757 9125s
 15218  8541 7315.57514  371 4820 8704.00000 7315.57514  16.0%   756 9130s
 15222  8544 7606.32866  288 4733 8704.00000 7315.94460  15.9%   756 9136s
 15226  8547 7316.01525  121 4804 8704.00000 7316.01525  15.9%   756 9140s
 15231  8550 7752.79382  282 4667 8704.00000 7316.23721  15.9%   756 9146s
 15234  8552 7316.38027   53 4968 8704.00000 7316.38027  15.9%   755 9150s
 15239  8555 8021.53015  326 4826 8704.00000 7316.57894  15.9%   755 9156s
 15244  8559 7316.66082  176 4911 8704.00000 7316.66082  15.9%   755 9161s
 15245  8559 7317.08554  153 4849 8704.00000 7317.08554  15.9%   755 9165s
 15247  8561 7317.35896  160 4864 8704.00000 7317.35896  15.9%   755 9171s
 15252  8564 7360.79600  309 4976 8704.00000 7317.40108  15.9%   755 9175s
 15255  8566 7317.69628  167 4820 8704.00000 7317.69628  15.9%   754 9181s
 15259  8569 7960.26732  286 4759 8704.00000 7317.79625  15.9%   754 9185s
 15266  8573 7950.45844  358 4899 8704.00000 7317.84866  15.9%   754 9190s
 15273  8578 7317.93488  172 4875 8704.00000 7317.93488  15.9%   754 9195s
 15275  8579 7318.17253  198 5028 8704.00000 7318.17253  15.9%   753 9200s
 15280  8583 7318.39349  232 4877 8704.00000 7318.39349  15.9%   753 9207s
 15282  8584 7318.46617   99 4956 8704.00000 7318.46617  15.9%   753 9210s
 15286  8587 7318.55937   39 4671 8704.00000 7318.55937  15.9%   753 9215s
 15291  8590 7741.66536  373 4824 8704.00000 7318.72162  15.9%   753 9221s
 15295  8593 7740.09188  371 4900 8704.00000 7318.76131  15.9%   752 9225s
 15297  8594 7318.99466  366 4777 8704.00000 7318.99466  15.9%   752 9230s
 15303  8598 7319.45926  156 4625 8704.00000 7319.45926  15.9%   752 9238s
 15304  8599 7319.57676  240 4737 8704.00000 7319.57676  15.9%   752 9240s
 15309  8602 7924.60917  305 4765 8704.00000 7319.62028  15.9%   752 9245s
 15313  8605 7319.82494   83 4889 8704.00000 7319.82494  15.9%   752 9251s
 15314  8605 7320.05121  187 4703 8704.00000 7320.05121  15.9%   752 9268s
 15315  8606 8265.03930  437 4694 8704.00000 7320.10102  15.9%   751 9271s
 15319  8609 7320.37849  142 4722 8704.00000 7320.37849  15.9%   751 9278s
 15320  8609 7320.52277   33 4673 8704.00000 7320.52277  15.9%   751 9281s
 15327  8614 7320.55692  184 4804 8704.00000 7320.55692  15.9%   751 9286s
 15329  8615 7320.93278   99 4768 8704.00000 7320.93278  15.9%   751 9291s
 15333  8618 7321.01504   65 4739 8704.00000 7321.01504  15.9%   751 9295s
 15337  8621 7400.23632  251 4728 8704.00000 7321.24607  15.9%   750 9301s
 15343  8625 7321.27635  211 4774 8704.00000 7321.27635  15.9%   750 9306s
 15345  8626 7321.64252  153 4718 8704.00000 7321.64252  15.9%   750 9310s
 15351  8630 7321.83855   39 4745 8704.00000 7321.83855  15.9%   750 9317s
 15353  8631 8204.14696  451 4862 8704.00000 7321.98870  15.9%   750 9321s
 15359  8635 7960.26732  286 4765 8704.00000 7322.02534  15.9%   749 9325s
 15362  8637 7556.11036  310 4732 8704.00000 7322.39300  15.9%   749 9330s
 15368  8641 7322.50411  210 4632 8704.00000 7322.50411  15.9%   749 9335s
 15373  8645 7322.68052  172 4705 8704.00000 7322.68052  15.9%   749 9340s
 15379  8649 7322.78379  292 4706 8704.00000 7322.78379  15.9%   748 9345s
 15383  8651 7322.97267  150 4792 8704.00000 7322.97267  15.9%   748 9350s
 15388  8655 7323.05433  167 4862 8704.00000 7323.05433  15.9%   748 9355s
 15392  8657 7323.15969   61 4762 8704.00000 7323.15969  15.9%   748 9360s
 15398  8661 7323.24275   25 4813 8704.00000 7323.24275  15.9%   747 9366s
 15400  8663 7323.54174   31 4834 8704.00000 7323.54174  15.9%   747 9370s
 15408  8668 7323.64266  160 4641 8704.00000 7323.64266  15.9%   747 9376s
 15413  8671 7323.67094   83 4835 8704.00000 7323.67094  15.9%   747 9380s
 15418  8675 7323.72802  371 4888 8704.00000 7323.72802  15.9%   746 9386s
 15423  8678 7323.78968  105 4709 8704.00000 7323.78968  15.9%   746 9390s
 15429  8682 7323.83093   99 4885 8704.00000 7323.83093  15.9%   746 9395s
 15433  8685 7323.83643   65 4840 8704.00000 7323.83643  15.9%   746 9400s
 15439  8690 8021.53015  326  964 8704.00000 7323.83643  15.9%   774 9408s
 15440  8691 7502.29819   67 1188 8704.00000 7323.83643  15.9%   774 9411s
 15441  8692 7323.83643  203 1329 8704.00000 7323.83643  15.9%   774 9418s
 15442  8692 7323.83643   36 1453 8704.00000 7323.83643  15.9%   774 9429s
 15443  8693 7323.83643  211 1587 8704.00000 7323.83643  15.9%   773 9442s
 15444  8694 7323.83643  176 1818 8704.00000 7323.83643  15.9%   773 9456s
 15445  8694 7323.83643  153 1849 8704.00000 7323.83643  15.9%   773 9475s
 15446  8695 7323.83643  156 2075 8704.00000 7323.83643  15.9%   773 9495s
 15447  8696 7323.83643  160 2167 8704.00000 7323.83643  15.9%   773 9514s
 15448  8696 7323.84247  256 2515 8704.00000 7323.84247  15.9%   773 9537s
 15449  8697 8100.25631  362 2687 8704.00000 7323.84247  15.9%   773 9559s
 15450  8698 8108.74522  352 2984 8704.00000 7323.87534  15.9%   773 9579s
 15451  8698 7323.87534   39 3145 8704.00000 7323.87534  15.9%   773 9600s
 15452  8699 7360.79600  309 3151 8704.00000 7323.87534  15.9%   773 9620s
 15453  8700 8204.14696  451 3393 8704.00000 7323.87534  15.9%   773 9638s
 15454  8700 7323.87534  109 3829 8704.00000 7323.87534  15.9%   773 9656s
 15455  8701 7323.87534  167 4362 8704.00000 7323.87534  15.9%   773 9671s
 15456  8702 7323.87534  367 4057 8704.00000 7323.87534  15.9%   773 9684s
 15457  8702 7599.78672  311 4369 8704.00000 7323.87534  15.9%   773 9693s
 15458  8703 7323.87534  168 4401 8704.00000 7323.87534  15.9%   773 9701s
 15459  8704 7960.26732  286 4545 8704.00000 7323.87534  15.9%   773 9706s
 15461  8705 8352.83191  363 4779 8704.00000 7323.87534  15.9%   773 9711s
 15467  8709 8034.23578  401 4706 8704.00000 7323.87534  15.9%   772 9718s
 15468  8710 7324.12785  210 4680 8704.00000 7324.12785  15.9%   772 9721s
 15473  8713 7324.16991  172 4694 8704.00000 7324.16991  15.9%   772 9727s
 15475  8714 7324.41085  198 4661 8704.00000 7324.41085  15.9%   772 9730s
 15478  8716 7324.41569   19 4657 8704.00000 7324.41569  15.9%   772 9735s
 15480  8718 7324.75328  232 4674 8704.00000 7324.75328  15.8%   772 9740s
 15485  8721 7324.90851  311 4516 8704.00000 7324.90851  15.8%   771 9747s
 15488  8723 7325.01365  167 4675 8704.00000 7325.01365  15.8%   771 9750s
 15490  8724 7985.32084  295 4605 8704.00000 7325.13070  15.8%   771 9763s
 15491  8725 7741.66536  373 4693 8704.00000 7325.18502  15.8%   771 9767s
 15494  8727 7325.21076   40 4810 8704.00000 7325.21076  15.8%   771 9772s
 15497  8729 7325.27097  366 4732 8704.00000 7325.27097  15.8%   771 9775s
 15501  8732 8098.83580  318 4795 8704.00000 7325.29549  15.8%   771 9780s
 15506  8735 7325.36025   64 4768 8704.00000 7325.36025  15.8%   770 9787s
 15510  8738 7325.40307   23 4754 8704.00000 7325.40307  15.8%   770 9792s
 15511  8738 7325.62576   10 4727 8704.00000 7325.62576  15.8%   770 9795s
 15516  8742 7325.67627  102 4780 8704.00000 7325.67627  15.8%   770 9801s
 15520  8744 7325.75634   33 4874 8704.00000 7325.75634  15.8%   770 9805s
 15523  8746 7325.78560  105 4734 8704.00000 7325.78560  15.8%   769 9824s
 15524  8747 7325.79227  125 4791 8704.00000 7325.79227  15.8%   769 9826s
 15527  8749 7325.79483  184 4827 8704.00000 7325.79483  15.8%   769 9830s
 15530  8751 7326.13604   66 4683 8704.00000 7326.13604  15.8%   769 9835s
 15534  8754 7326.39943   53 4670 8704.00000 7326.39943  15.8%   769 9843s
 15536  8755 7326.45158  269 4687 8704.00000 7326.45158  15.8%   769 9845s
 15540  8758 7502.29819   67 4704 8704.00000 7326.62938  15.8%   769 9852s
 15542  8759 7326.70910   36 4792 8704.00000 7326.70910  15.8%   769 9855s
 15546  8762 7326.99616  156 4647 8704.00000 7326.99616  15.8%   768 9863s
 15549  8764 8100.25631  362 4706 8704.00000 7327.04758  15.8%   768 9865s
 15553  8766 8204.14696  451 4473 8704.00000 7327.36955  15.8%   768 9873s
 15554  8767 7327.44550  109 4503 8704.00000 7327.44550  15.8%   768 9875s
 15559  8770 7960.26732  286 4461 8704.00000 7327.65121  15.8%   768 9881s
 15563  8773 7327.77962  293 4811 8704.00000 7327.77962  15.8%   767 9885s
 15566  8775 7950.45844  358 4707 8704.00000 7327.96477  15.8%   767 9890s
 15570  8778 8700.00410  408 4573 8704.00000 7328.34578  15.8%   767 9897s
 15571  8778 7328.54220   63 4752 8704.00000 7328.54220  15.8%   767 9900s
 15576  8782 7328.67184  122 4756 8704.00000 7328.67184  15.8%   767 9905s
 15580  8784 7328.86888  232 4592 8704.00000 7328.86888  15.8%   767 9910s
 15585  8788 7329.14846  311 4733 8704.00000 7329.14846  15.8%   766 9916s
 15589  8790 7329.33656  164 4551 8704.00000 7329.33656  15.8%   766 9922s
 15593  8793 7329.39247  192 4776 8704.00000 7329.39247  15.8%   766 9925s
 15598  8796 7329.53435   25 4728 8704.00000 7329.53435  15.8%   766 9930s
 15604  8800 7329.58319  240 4709 8704.00000 7329.58319  15.8%   765 9935s
 15607  8802 7329.82230   31 4600 8704.00000 7329.82230  15.8%   765 9940s
 15611  8805 7329.89961   10 4636 8704.00000 7329.89961  15.8%   765 9945s
 15618  8810 7329.93948  371 4644 8704.00000 7329.93948  15.8%   765 9950s
 15623  8813 7330.19374  105 4518 8704.00000 7330.19374  15.8%   765 9955s
 15630  8818 7330.44064   66 4466 8704.00000 7330.44064  15.8%   764 9962s
 15634  8820 7330.51986   53 4661 8704.00000 7330.51986  15.8%   764 9965s
 15638  8823 7330.68365   79 4552 8704.00000 7330.68365  15.8%   764 9970s
 15644  8827 7330.74540  176 4489 8704.00000 7330.74540  15.8%   764 9976s
 15649  8830 8100.25631  362 4576 8704.00000 7330.82290  15.8%   763 9981s
 15653  8833 8204.14696  451 4554 8704.00000 7330.86956  15.8%   763 9985s
 15657  8836 7599.78672  311 4637 8704.00000 7330.95827  15.8%   763 9990s
 15664  8840 7331.00120  158 4765 8704.00000 7331.00120  15.8%   763 9995s
 15672  8846 7331.05579  124 4705 8704.00000 7331.05579  15.8%   762 10001s
 15676  8848 7331.23316  122 4605 8704.00000 7331.23316  15.8%   762 10005s
 15680  8851 7331.34918  232 4538 8704.00000 7331.34918  15.8%   762 10010s
 15685  8854 7331.42636  311 4499 8704.00000 7331.42636  15.8%   762 10015s
 15691  8858 7741.66536  373 4531 8704.00000 7331.50509  15.8%   761 10020s
 15694  8860 7331.66089   40 4512 8704.00000 7331.66089  15.8%   761 10025s
 15699  8864 7331.77779   86 4581 8704.00000 7331.77779  15.8%   761 10030s
 15703  8866 7331.89951  156 4593 8704.00000 7331.89951  15.8%   761 10035s
 15708  8870 7331.99295  160 4598 8704.00000 7331.99295  15.8%   760 10040s
 15713  8873 7332.23321   83 4713 8704.00000 7332.23321  15.8%   760 10045s
 15718  8876 7332.33041  371 4710 8704.00000 7332.33041  15.8%   760 10051s
 15723  8880 7332.37395  105 4802 8704.00000 7332.37395  15.8%   760 10055s
 15728  8883 7332.45593  138 4767 8704.00000 7332.45593  15.8%   759 10060s
 15733  8886 7332.53699   65 4874 8704.00000 7332.53699  15.8%   759 10065s
 15741  8892 7332.63094  203 4860 8704.00000 7332.63094  15.8%   759 10070s
 15746  8895 7332.68346  156 4906 8704.00000 7332.68346  15.8%   759 10075s
 15750  8898 8108.74522  352 4915 8704.00000 7332.91831  15.8%   758 10080s
 15756  8902 7332.95115  367 4751 8704.00000 7332.95115  15.8%   758 10085s
 15762  8906 7556.11036  310 4687 8704.00000 7333.00418  15.8%   758 10091s
 15766  8908 7950.45844  358 4777 8704.00000 7333.04918  15.8%   758 10095s
 15771  8912 7333.12323   63 4788 8704.00000 7333.12323  15.7%   757 10100s
 15777  8916 7333.19021  218 4837 8704.00000 7333.19021  15.7%   757 10105s
 15783  8920 7333.26021  150 4837 8704.00000 7333.26021  15.7%   757 10110s
 15789  8924 7333.27649  164 4850 8704.00000 7333.27649  15.7%   757 10116s
 15795  8929 7740.09188  371  964 8704.00000 7333.28058  15.7%   781 10124s
 15796  8930 7333.28058   29 1154 8704.00000 7333.28058  15.7%   781 10127s
 15797  8931 7333.28058  366 1251 8704.00000 7333.28058  15.7%   781 10133s
 15798  8931 7333.28058   25 1438 8704.00000 7333.28058  15.7%   781 10142s
 15799  8932 7333.28058   86 1548 8704.00000 7333.28058  15.7%   781 10154s
 15800  8933 7333.28058   31 1601 8704.00000 7333.28058  15.7%   781 10169s
 15801  8933 8098.83580  318 1768 8704.00000 7333.28058  15.7%   781 10186s
 15802  8934 7333.28058   45 2179 8704.00000 7333.28058  15.7%   781 10206s
 15803  8935 7333.28058  156 2313 8704.00000 7333.28058  15.7%   780 10228s
 15804  8935 7333.28058  240 2558 8704.00000 7333.28058  15.7%   780 10248s
 15805  8936 7333.28073   70 2747 8704.00000 7333.28073  15.7%   780 10271s
 15806  8937 7333.28073   64 2915 8704.00000 7333.28073  15.7%   780 10292s
 15807  8937 7333.28322   31 2798 8704.00000 7333.28322  15.7%   780 10312s
 15808  8938 7333.28322  160 3235 8704.00000 7333.28322  15.7%   780 10334s
 15809  8939 7924.60917  305 3425 8704.00000 7333.28322  15.7%   780 10351s
 15810  8939 7333.28322   23 3359 8704.00000 7333.28322  15.7%   780 10369s
 15811  8940 7333.28322   10 3569 8704.00000 7333.28322  15.7%   780 10383s
 15812  8941 7645.39121  349 3776 8704.00000 7333.28322  15.7%   780 10397s
 15813  8941 7333.28322   83 4047 8704.00000 7333.28322  15.7%   780 10410s
 15814  8942 7333.28322  187 4232 8704.00000 7333.28322  15.7%   780 10421s
 15815  8943 8265.03930  437 4323 8704.00000 7333.28322  15.7%   780 10429s
 15816  8943 7333.28322  102 4235 8704.00000 7333.28322  15.7%   780 10434s
 15817  8944 7333.28322   55 4618 8704.00000 7333.28322  15.7%   780 10439s
 15818  8945 7333.28322  371 4483 8704.00000 7333.28322  15.7%   780 10442s
 15820  8946 7333.28322   33 4709 8704.00000 7333.28322  15.7%   780 10445s
 15824  8949 7333.28322  125 4714 8704.00000 7333.28322  15.7%   779 10450s
 15825  8949 7333.65041  425 4611 8704.00000 7333.65041  15.7%   779 10455s
 15830  8953 7333.76630   66 4681 8704.00000 7333.76630  15.7%   779 10461s
 15831  8953 7752.79382  282 4620 8704.00000 7334.16790  15.7%   779 10466s
 15834  8955 7334.30198   53 4581 8704.00000 7334.30198  15.7%   779 10470s
 15836  8957 7334.90372  269 4823 8704.00000 7334.90372  15.7%   779 10479s
 15837  8957 7400.23632  251 4734 8704.00000 7335.00874  15.7%   779 10481s
 15841  8960 7335.05970  203 4824 8704.00000 7335.05970  15.7%   779 10486s
 15843  8961 7335.38091  211 4595 8704.00000 7335.38091  15.7%   779 10491s
 15846  8963 7335.41393  156 4622 8704.00000 7335.41393  15.7%   778 10496s
 15847  8964 7335.53980  160 4426 8704.00000 7335.53980  15.7%   778 10506s
 15851  8967 7335.63315   39 4522 8704.00000 7335.63315  15.7%   778 10510s
 15854  8969 7335.75532  109 4546 8704.00000 7335.75532  15.7%   778 10516s
 15858  8971 7335.85347  168 4609 8704.00000 7335.85347  15.7%   778 10520s
 15860  8973 7335.93514   62 4611 8704.00000 7335.93514  15.7%   778 10525s
 15864  8975 7335.97603  158 4698 8704.00000 7335.97603  15.7%   777 10531s
 15867  8977 8034.23578  401 4651 8704.00000 7336.01237  15.7%   777 10536s
 15870  8979 8700.00410  408 4715 8704.00000 7336.02708  15.7%   777 10541s
 15874  8982 7336.04841   46 4703 8704.00000 7336.04841  15.7%   777 10547s
 15875  8983 7336.04860  198 4710 8704.00000 7336.04860  15.7%   777 10557s
 15876  8983 7336.04860  122 4707 8704.00000 7336.04860  15.7%   777 10562s
 15878  8985 7336.05270   19 4589 8704.00000 7336.05270  15.7%   777 10567s
 15881  8987 7336.12895   11 4613 8704.00000 7336.12895  15.7%   777 10570s
 15886  8990 7336.13538   39 4598 8704.00000 7336.13538  15.7%   776 10575s
 15891  8993 7741.66536  373 4647 8704.00000 7336.34727  15.7%   776 10584s
 15892  8994 7336.43923   61 4484 8704.00000 7336.43923  15.7%   776 10585s
 15896  8997 7336.54906   29 4464 8704.00000 7336.54906  15.7%   776 10593s
 15897  8997 7336.69980  366 4589 8704.00000 7336.69980  15.7%   776 10596s
 15899  8999 7336.99992   86 4786 8704.00000 7336.99992  15.7%   776 10600s
 15904  9002 7337.08627  240 4711 8704.00000 7337.08627  15.7%   776 10605s
 15910  9006 7337.11760   23 4706 8704.00000 7337.11760  15.7%   775 10610s
 15917  9011 7337.18539   55 4713 8704.00000 7337.18539  15.7%   775 10616s
 15921  9013 7337.20837  132 4619 8704.00000 7337.20837  15.7%   775 10620s
 15926  9017 7337.45126  121 4600 8704.00000 7337.45126  15.7%   774 10626s
 15930  9019 7337.56397   66 4573 8704.00000 7337.56397  15.7%   774 10631s
 15935  9023 7337.63764  181 4806 8704.00000 7337.63764  15.7%   774 10636s
 15940  9026 7502.29819   67 4764 8704.00000 7337.67814  15.7%   774 10640s
 15947  9031 7337.81522  160 4700 8704.00000 7337.81522  15.7%   773 10645s
 15953  9035 8204.14696  451 4716 8704.00000 7337.84828  15.7%   773 10650s
 15958  9038 7337.92842  168 4629 8704.00000 7337.92842  15.7%   773 10656s
 15962  9041 7556.11036  310 4693 8704.00000 7338.08249  15.7%   773 10660s
 15968  9045 7338.21814  210 4560 8704.00000 7338.21814  15.7%   772 10666s
 15973  9048 7338.25285  172 4583 8704.00000 7338.25285  15.7%   772 10670s
 15978  9051 7338.29386   19 4620 8704.00000 7338.29386  15.7%   772 10675s
 15987  9057 7338.34220   63 4596 8704.00000 7338.34220  15.7%   772 10680s
 15993  9061 7338.35733  192 4588 8704.00000 7338.35733  15.7%   771 10685s
 16001  9067 8098.83580  318 4675 8704.00000 7338.38710  15.7%   771 10691s
 16005  9069 7338.42200   70 4798 8704.00000 7338.42200  15.7%   771 10695s
 16010  9073 7338.44533   23 4759 8704.00000 7338.44533  15.7%   770 10700s
 16013  9075 7338.45306   83 4658 8704.00000 7338.45306  15.7%   770 10767s
 16014  9078 7338.68258  106 4548 8704.00000 7338.45325  15.7%   792 10798s
 16016  9082 7339.63804  107 4477 8704.00000 7338.68260  15.7%   793 10811s
 16020  9088 7340.18962  108 4362 8704.00000 7338.99617  15.7%   793 10860s
 16028  9102 7340.33206  109 4589 8704.00000 7339.10898  15.7%   798 10951s
 16044  9112 7351.33859  110 4255 8704.00000 7339.87072  15.7%   810 11028s
 16060  9139 7371.10638  111 3745 8704.00000 7339.87072  15.7%   827 11095s
 16092  9261 7373.80766  112 3750 8704.00000 7339.87072  15.7%   853 11157s
 16225  9249 7375.51342  116 3519 8704.00000 7339.87072  15.7%   874 11181s
 16257  9270 7376.23624  117 3435 8704.00000 7339.87072  15.7%   875 11215s
 16289  9292 7376.33684  118 3414 8704.00000 7339.87072  15.7%   876 11238s
 16321  9313 7376.40432  119 3438 8704.00000 7339.87072  15.7%   877 11258s
 16353  9334 7376.88008  120 3486 8704.00000 7339.87072  15.7%   879 11278s
 16385  9355 7382.83063  120 3288 8704.00000 7339.87072  15.7%   881 11306s
 16416  9376 7377.05419  121 3515 8704.00000 7339.87072  15.7%   882 11329s
 16448  9398 7377.23468  122 3419 8704.00000 7339.87072  15.7%   883 11361s
 16480  9419 7377.81633  123 3504 8704.00000 7339.87072  15.7%   885 11398s
 16512  9440 7377.82921  124 3546 8704.00000 7339.87072  15.7%   886 11447s
 16544  9460 7377.91472  125 3478 8704.00000 7339.87072  15.7%   888 11486s
 16574  9481 7378.15765  126 3454 8704.00000 7339.87072  15.7%   889 11522s
 16605  9502 7378.54330  127 3408 8704.00000 7339.87072  15.7%   891 11545s
 16637  9523 7379.02347  128 3540 8704.00000 7339.87072  15.7%   892 11575s
 16668  9543 7379.64512  128 3496 8704.00000 7339.87072  15.7%   897 11607s
 16699  9583 7379.31806  127 3479 8704.00000 7339.87072  15.7%   899 11651s
 16749  9598 7379.76509  129 3511 8704.00000 7339.87072  15.7%   901 11671s
 16781  9635 7380.17312  130 3520 8704.00000 7339.87072  15.7%   902 11699s
 16828  9679 7380.26320  131 3582 8704.00000 7339.87072  15.7%   905 11727s
H16851  9213                    8697.0000000 7339.87072  15.6%   906 11727s
 16888  9366 7380.72536  132 3480 8697.00000 7339.87072  15.6%   907 11761s
H17053  8909                    8690.0000000 7339.87072  15.5%   911 11780s
 17085  9041 7411.33637  133 3233 8690.00000 7339.87072  15.5%   912 11817s
 17228  9026 7382.29546  134 3473 8690.00000 7339.87072  15.5%   919 11835s
 17260  9047 7382.51308  135 3520 8690.00000 7339.87072  15.5%   919 11864s
 17292  9066 7382.95135  136 3528 8690.00000 7339.87072  15.5%   924 11892s
 17322  9124 7383.84624  137 3536 8690.00000 7339.87072  15.5%   925 11924s
 17390  9264 7384.72095  139 3363 8690.00000 7339.87072  15.5%   927 11958s
 17552  9378 7385.20188  142 3508 8690.00000 7339.87072  15.5%   928 12004s
 17720  9483 7387.13710  148 3519 8690.00000 7339.87072  15.5%   933 12048s
 17881  9600 7391.06177  153 3365 8690.00000 7339.87072  15.5%   939 12101s
 18052  9804 7390.38673  155 3288 8690.00000 7339.87072  15.5%   949 12147s
 18313  9993 7404.47615  157 3259 8690.00000 7339.87072  15.5%   957 12199s
 18589 10149 7399.14032  158 3404 8690.00000 7339.87072  15.5%   962 12254s
 18837 10319 7401.21622  159 3289 8690.00000 7339.87072  15.5%   970 12302s
 19090 10595 7406.04519  159 3390 8690.00000 7339.87072  15.5%   978 12350s
 19450 10738 7409.13557  162 3394 8690.00000 7339.87072  15.5%   983 12402s
 19713 11017 7412.02976  171 3398 8690.00000 7339.87072  15.5%   990 12454s
 20080 11187 7414.48544  177 3261 8690.00000 7339.87072  15.5%   994 12507s
 20374 11478 7415.68666  180 3160 8690.00000 7339.87072  15.5%  1002 12559s
 20763 11797 7420.02382  183 3339 8690.00000 7339.87072  15.5%  1005 12613s
 21214 12128 7431.25020  186 3407 8690.00000 7339.87072  15.5%  1007 12666s
 21695 12412 7424.49883  190 3327 8690.00000 7339.87072  15.5%  1008 12726s
 22177 12681 7431.43439  191 3157 8690.00000 7339.87072  15.5%  1009 12786s
 22643 12889 7432.04843  194 3374 8690.00000 7339.87072  15.5%  1011 12855s
 23042 13030 7443.25993  197 3331 8690.00000 7339.87072  15.5%  1018 12917s
 23326 13432 7431.02079  199 3446 8690.00000 7339.87072  15.5%  1024 12986s
 23837 13758 7431.80201  201 3347 8690.00000 7339.87072  15.5%  1025 13053s
 24357 14024 7444.79008  205 3195 8690.00000 7339.87072  15.5%  1029 13132s
 24821 14467 7437.55917  208 3504 8690.00000 7339.87072  15.5%  1034 13204s
 25418 14959 7506.58850  209 2900 8690.00000 7339.87072  15.5%  1034 13294s
 26115 15330 7444.83872  212 3321 8690.00000 7339.87072  15.5%  1033 13395s
 26793 15219 7470.24031  218 2976 8690.00000 7339.87072  15.5%  1033 13474s
 26917 15232 7448.43694  218 3195 8690.00000 7339.87072  15.5%  1036 13638s
 26971 15384 7464.07015  219 3202 8690.00000 7339.87072  15.5%  1039 13704s
 27141 15514 7465.26589  223 3297 8690.00000 7339.87072  15.5%  1043 13785s
 27328 15669 7526.62914  224 3232 8690.00000 7339.87072  15.5%  1045 13876s
 27545 15852 7475.31281  230 3161 8690.00000 7339.87072  15.5%  1047 13948s
 27800 16299 7584.23923  231 2839 8690.00000 7339.87072  15.5%  1047 14026s
 28354 16676 7478.14213  235 3291 8690.00000 7339.87072  15.5%  1043 14117s
 28973 17248 7481.84686  235 3282 8690.00000 7339.87072  15.5%  1043 14246s
 29831 17397 7480.82721  239 3432 8690.00000 7339.87072  15.5%  1050 14336s
 30278 17942 7488.62373  248 3414 8690.00000 7339.87072  15.5%  1056 14443s
 31026 17724 7493.49977  254 3278 8690.00000 7339.87072  15.5%  1061 14500s
 31058 17751 7530.74907  251 3071 8690.00000 7339.87072  15.5%  1062 14558s
 31095 18361 7493.55554  255 3234 8690.00000 7339.87072  15.5%  1064 14651s
 31742 18944 7496.17907  257 3205 8690.00000 7339.87072  15.5%  1064 14766s
 32590 19555 7527.83710  261 3160 8690.00000 7339.87072  15.5%  1070 14879s
 33484 20214 7508.81344  276 3258 8690.00000 7339.87072  15.5%  1073 15000s
 34503 20659 7511.30515  280 3309 8690.00000 7339.87072  15.5%  1074 15114s
 35300 21110 7513.53658  285 3193 8690.00000 7339.87072  15.5%  1078 15239s
 36048 21500 7517.94156  289 3149 8690.00000 7339.87072  15.5%  1086 15359s
 36703 21860 7523.75617  304 2973 8690.00000 7339.87072  15.5%  1092 15480s
 37281 22559 7531.29263  316 3021 8690.00000 7339.87072  15.5%  1103 15609s
 38181 23521 7535.41986  322 3067 8690.00000 7339.87072  15.5%  1107 15767s
 39486 23237 7544.29298  324 3029 8690.00000 7339.87072  15.5%  1108 15870s
 39689 24208 7581.06731  324 2902 8690.00000 7339.87072  15.5%  1110 16032s
 40731 25076 7674.37894  323 2553 8690.00000 7339.87072  15.5%  1117 16203s
 41934 26486 7612.68967  327 2801 8690.00000 7339.87072  15.5%  1122 16377s
 43449 27507 7553.62310  337 2915 8690.00000 7339.87072  15.5%  1122 16543s
 44485 27539 7556.84298  341 2852 8690.00000 7339.87072  15.5%  1131 16660s
H44510 27538                    8689.0000000 7339.87072  15.5%  1132 16660s
 44517 28874 7557.67447  342 2916 8689.00000 7339.87072  15.5%  1132 16831s
 45857 29313 7570.06502  364 2884 8689.00000 7339.87072  15.5%  1134 17105s
 46324 30934 7573.09108  367 2979 8689.00000 7339.87072  15.5%  1135 17291s
 47960 32728 7596.65244  373 2725 8689.00000 7339.87072  15.5%  1135 17506s
 49875 33905 7598.98116  387 2890 8689.00000 7339.87072  15.5%  1132 17713s
 51115 33937 7630.88969  398 2838 8689.00000 7339.87072  15.5%  1141 17845s
 51147 34648 7610.22717  396 2934 8689.00000 7339.87072  15.5%  1142 18016s
 51860 35987 7606.62226  399 2874 8689.00000 7339.87072  15.5%  1149 18243s
 53283 37437 7624.98799  423 3020 8689.00000 7339.87072  15.5%  1158 18489s
 54755 39287 7650.04177  433 2823 8689.00000 7339.87072  15.5%  1169 18795s
 56681 40961 8029.09599  440 2792 8689.00000 7339.87072  15.5%  1171 19053s
 58448 40962 7389.34153  124 12633 8689.00000 7339.87072  15.5%  1179 20242s
 58450 40963 7699.62641  530  959 8689.00000 7339.87072  15.5%  1179 20249s
 58451 40964 7533.71436  273 1210 8689.00000 7339.87072  15.5%  1179 20253s
 58452 40965 7700.77831  397 1267 8689.00000 7339.87072  15.5%  1179 20259s
 58453 40965 8659.94460  746 1486 8689.00000 7339.87072  15.5%  1179 20268s
 58454 40966 8472.81710  517 1583 8689.00000 7339.87072  15.5%  1179 20281s
 58455 40967 7390.39638  156 1593 8689.00000 7339.87072  15.5%  1179 20292s
 58456 40967 7427.19020  166 1719 8689.00000 7339.87072  15.5%  1179 20312s
 58457 40968 7768.22561  622 1875 8689.00000 7339.87072  15.5%  1179 20334s
 58458 40969 8595.22378  667 1982 8689.00000 7339.87072  15.5%  1179 20358s
 58459 40969 8365.68070  584 2384 8689.00000 7339.87072  15.5%  1179 20380s
 58460 40970 7870.70903  589 2484 8689.00000 7339.87072  15.5%  1179 20405s
 58461 40971 7502.17764  270 2620 8689.00000 7339.87072  15.5%  1178 20431s
 58462 40971 7761.63431  469 3008 8689.00000 7339.87072  15.5%  1178 20454s
 58463 40972 7664.49577  265 2992 8689.00000 7339.87072  15.5%  1178 20477s
 58464 40973 7699.83627  519 3374 8689.00000 7339.87072  15.5%  1178 20495s
 58465 40973 7605.47554  205 3422 8689.00000 7348.28792  15.4%  1178 20515s
 58466 40974 7677.31180  307 3629 8689.00000 7355.76281  15.3%  1178 20529s
 58467 40975 7913.58049  537 3395 8689.00000 7360.62556  15.3%  1178 20543s
 58468 40975 7559.36528  263 3680 8689.00000 7362.76960  15.3%  1178 20551s
 58469 40976 7666.91870  275 3699 8689.00000 7364.08158  15.2%  1178 20558s
 58470 40977 7657.09393  381 3663 8689.00000 7364.74710  15.2%  1178 20562s
 58471 40977 7916.19887  491 3568 8689.00000 7365.02107  15.2%  1178 20565s
 58478 40982 7488.23734  319 3579 8689.00000 7365.16861  15.2%  1178 20573s
 58479 40983 7489.95879  189 3460 8689.00000 7379.95261  15.1%  1178 20595s
 58480 40983 7983.42940  518 3574 8689.00000 7385.47696  15.0%  1178 20608s
 58481 40984 7458.21721  190 3632 8689.00000 7388.25408  15.0%  1178 20617s
 58482 40985 7435.70744  202 3671 8689.00000 7389.41822  15.0%  1178 20622s
 58483 40985 7745.30943  359 3731 8689.00000 7389.99572  14.9%  1178 20626s
 58485 40987 8610.70565  672 3867 8689.00000 7390.26089  14.9%  1178 20630s
 58489 40989 7469.40602  148 3881 8689.00000 7390.31284  14.9%  1178 20662s
 58490 40990 7638.50871  202 3535 8689.00000 7397.81719  14.9%  1178 20678s
 58491 40991 7433.42457  150 3742 8689.00000 7400.54889  14.8%  1178 20686s
 58492 40991 8387.04096  813 3753 8689.00000 7401.68385  14.8%  1178 20692s
 58494 40993 7916.07349  634 3648 8689.00000 7402.10195  14.8%  1178 20696s
 58500 40997 7481.86057  270 3826 8689.00000 7402.23945  14.8%  1178 20729s
 58501 40997 7500.05633  211 3627 8689.00000 7406.28539  14.8%  1178 20740s
 58502 40998 8296.82375  740 3593 8689.00000 7407.71525  14.7%  1178 20748s
 58503 40999 7580.45561  291 3526 8689.00000 7408.08558  14.7%  1178 20751s
 58505 41000 8585.30927  661 3660 8689.00000 7408.42928  14.7%  1178 20756s
 58510 41003 8035.84293  427 3736 8689.00000 7408.50353  14.7%  1178 20791s
 58511 41004 7643.95586  347 3487 8689.00000 7414.68564  14.7%  1177 20807s
 58512 41005 8229.63995  267 3558 8689.00000 7416.35648  14.6%  1177 20815s
 58514 41006 7549.49227  432 3859 8689.00000 7417.05860  14.6%  1177 20821s
 58517 41008 7482.58545  173 3790 8689.00000 7417.20074  14.6%  1177 20825s
 58520 41010 7532.43046  186 3875 8689.00000 7417.21323  14.6%  1177 20857s
 58521 41011 8070.28852  315 3528 8689.00000 7420.08196  14.6%  1177 20875s
 58522 41011 8142.38269  406 3513 8689.00000 7420.89656  14.6%  1177 20881s
 58524 41013 7496.01652  217 3610 8689.00000 7421.25346  14.6%  1177 20885s
 58528 41015 8450.03802  606 3662 8689.00000 7421.35527  14.6%  1177 20918s
 58529 41016 7556.40018  380 3439 8689.00000 7425.33122  14.5%  1177 20931s
 58530 41017 7698.96857  513 3496 8689.00000 7427.23019  14.5%  1177 20939s
 58531 41017 8571.24390  605 3580 8689.00000 7427.83427  14.5%  1177 20943s
 58532 41018 8286.49802  685 3431 8689.00000 7428.14802  14.5%  1177 20946s
 58536 41021 7951.54730  340 3507 8689.00000 7428.25112  14.5%  1177 20950s
 58537 41021 7592.29956  306 3601 8689.00000 7428.25155  14.5%  1177 20980s
 58538 41022 7741.73235  341 3675 8689.00000 7432.58221  14.5%  1177 20993s
 58539 41023 7805.51769  423 3896 8689.00000 7434.68453  14.4%  1177 21002s
 58540 41023 7435.31749  158 3854 8689.00000 7435.31749  14.4%  1177 21007s
 58541 41024 8058.86396  574 3866 8689.00000 7435.72933  14.4%  1177 21011s
 58546 41027 7460.10828  279 4068 8689.00000 7435.88823  14.4%  1177 21015s
 58547 41028 7847.08698  318 4004 8689.00000 7435.88893  14.4%  1177 21044s
 58548 41029 7438.34107  124 3713 8689.00000 7438.34107  14.4%  1177 21053s
 58549 41029 7904.82481  602 3916 8689.00000 7439.37018  14.4%  1177 21060s
 58552 41031 7700.77831  397 4009 8689.00000 7439.85268  14.4%  1177 21066s
 58556 41034 7439.89344  166 4207 8689.00000 7439.89344  14.4%  1177 21097s
 58557 41035 7768.22561  622 3743 8689.00000 7441.46618  14.4%  1177 21104s
 58558 41035 8595.22378  667 4000 8689.00000 7442.06314  14.4%  1177 21109s
 58559 41036 8365.68070  584 3849 8689.00000 7442.27862  14.3%  1177 21111s
 58562 41038 7761.63431  469 4079 8689.00000 7442.43316  14.3%  1176 21115s
 58566 41041 7677.31180  307 4091 8689.00000 7442.44755  14.3%  1176 21144s
 58567 41041 7913.58049  537 3796 8689.00000 7444.35249  14.3%  1176 21153s
 58568 41042 7559.36528  263 4033 8689.00000 7445.37959  14.3%  1176 21159s
 58569 41043 7666.91870  275 3893 8689.00000 7445.78564  14.3%  1176 21163s
 58570 41043 7657.09393  381 3792 8689.00000 7445.92986  14.3%  1176 21165s
 58577 41048 7737.26775  226 4172 8689.00000 7446.02072  14.3%  1176 21198s
 58578 41049 7488.23734  319 3694 8689.00000 7447.83546  14.3%  1176 21219s
 58579 41049 7489.95879  189 3741 8689.00000 7448.54285  14.3%  1176 21226s
 58580 41050 7983.42940  518 3858 8689.00000 7448.88759  14.3%  1176 21231s
 58586 41054 8316.14827  607 3835 8689.00000 7449.00066  14.3%  1176 21235s
 58587 41055 8228.55949  519 3813 8689.00000 7449.00088  14.3%  1176 21266s
 58588 41055 7580.39278  373 3989 8689.00000 7451.48492  14.2%  1176 21276s
 58589 41056 7469.40602  148 4149 8689.00000 7452.54782  14.2%  1176 21283s
 58590 41057 7638.50871  202 3868 8689.00000 7452.78740  14.2%  1176 21287s
 58591 41057 7452.97596  150 3880 8689.00000 7452.97596  14.2%  1176 21290s
 58597 41061 7943.31984  273 4005 8689.00000 7453.13535  14.2%  1176 21325s
 58598 41062 7454.68720  159 3956 8689.00000 7454.68720  14.2%  1176 21336s
 58599 41063 7455.28058  135 4048 8689.00000 7455.28058  14.2%  1176 21340s
 58602 41065 8296.82375  740 3990 8689.00000 7455.61950  14.2%  1176 21345s
 58605 41067 8585.30927  661 4190 8689.00000 7455.64639  14.2%  1176 21376s
 58606 41067 7690.15049  358 4018 8689.00000 7456.87769  14.2%  1176 21382s
 58607 41068 7602.37401  196 4002 8689.00000 7457.38728  14.2%  1176 21387s
 58609 41069 7467.48753  255 4065 8689.00000 7457.63865  14.2%  1176 21390s
 58613 41072 7651.12106  428 4389 8689.00000 7457.72900  14.2%  1175 21395s
 58616 41074 7763.09669  289 4339 8689.00000 7457.73325  14.2%  1175 21428s
 58617 41075 7482.58545  173 3648 8689.00000 7459.91489  14.1%  1175 21438s
 58618 41075 7913.28789  535 3902 8689.00000 7460.81660  14.1%  1175 21444s
 58619 41076 8111.60181  323 3971 8689.00000 7461.12719  14.1%  1175 21448s
 58620 41077 7532.43046  186 3926 8689.00000 7461.23107  14.1%  1175 21450s
 58627 41081 7489.64043  193 3982 8689.00000 7461.31425  14.1%  1175 21485s
 58628 41082 8450.03802  606 3674 8689.00000 7463.82900  14.1%  1175 21496s
 58629 41083 7556.40018  380 3772 8689.00000 7464.55728  14.1%  1175 21500s
 58631 41084 8571.24390  605 4004 8689.00000 7465.04421  14.1%  1175 21505s
 58635 41087 8125.74016  229 4012 8689.00000 7465.07999  14.1%  1175 21537s
 58636 41087 7951.54730  340 3749 8689.00000 7466.54593  14.1%  1175 21558s
 58637 41088 7592.29956  306 3841 8689.00000 7467.11123  14.1%  1175 21562s
 58638 41089 7741.73235  341 4090 8689.00000 7467.30161  14.1%  1175 21565s
 58644 41093 7672.01243  412 4048 8689.00000 7467.39759  14.1%  1175 21595s
 58645 41093 8245.13653  147 3765 8689.00000 7468.53802  14.0%  1175 21601s
 58646 41094 7469.30499  279 3960 8689.00000 7469.30499  14.0%  1175 21606s
 58648 41095 7469.65478  124 3982 8689.00000 7469.65478  14.0%  1175 21611s
 58653 41099 8659.94460  746 4072 8689.00000 7469.74646  14.0%  1175 21640s
 58654 41099 8472.81710  517 3849 8689.00000 7471.72242  14.0%  1175 21650s
 58655 41100 7472.47324  156 3729 8689.00000 7472.47324  14.0%  1175 21655s
 58659 41103 8365.68070  584 3937 8689.00000 7472.72633  14.0%  1175 21660s
 58662 41105 7761.63431  469 3924 8689.00000 7472.73524  14.0%  1174 21689s
 58663 41105 7664.49577  265 3545 8689.00000 7474.32808  14.0%  1174 21697s
 58664 41106 7699.83627  519 3666 8689.00000 7475.03393  14.0%  1174 21702s
 58665 41107 7605.47554  205 3660 8689.00000 7475.23636  14.0%  1174 21705s
 58671 41111 7916.19887  491 3759 8689.00000 7475.39834  14.0%  1174 21737s
 58672 41111 7762.08019  305 3801 8689.00000 7477.34020  13.9%  1174 21747s
 58673 41112 7757.74490  304 3734 8689.00000 7478.03840  13.9%  1174 21752s
 58674 41113 8109.50612  562 3661 8689.00000 7478.29594  13.9%  1174 21755s
 58677 41115 7737.26775  226 3801 8689.00000 7478.48746  13.9%  1174 21760s
 58680 41117 7983.42940  518 3855 8689.00000 7478.49332  13.9%  1174 21789s
 58681 41117 7480.10134  190 3792 8689.00000 7480.10134  13.9%  1174 21796s
 58682 41118 7480.87222  202 3985 8689.00000 7480.87222  13.9%  1174 21801s
 58683 41119 7745.30943  359 3955 8689.00000 7481.20878  13.9%  1174 21805s
 58687 41121 8228.55949  519 3917 8689.00000 7481.45181  13.9%  1174 21810s
 58690 41123 7638.50871  202 4003 8689.00000 7481.45993  13.9%  1174 21838s
 58691 41124 7482.64459  150 3830 8689.00000 7482.64459  13.9%  1174 22061s
 58692 41125 8387.04096  813 3899 8689.00000 7483.18126  13.9%  1174 22111s
 58694 41126 7916.07349  634 4020 8689.00000 7483.40732  13.9%  1174 22115s
 58700 41130 7483.47540  270 4187 8689.00000 7483.47540  13.9%  1174 22146s
 58701 41131 7500.05633  211 3713 8689.00000 7487.21334  13.8%  1174 22160s
 58702 41131 8296.82375  740 3895 8689.00000 7488.39701  13.8%  1174 22165s
 58704 41133 7570.39798  226 3979 8689.00000 7488.84869  13.8%  1174 22172s
 58707 41135 7602.37401  196 3903 8689.00000 7488.94482  13.8%  1174 22175s
 58708 41135 7548.10550  285 3824 8689.00000 7488.94569  13.8%  1174 22202s
 58709 41136 7490.67272  255 3555 8689.00000 7490.67272  13.8%  1174 22209s
 58710 41137 8035.84293  427 3935 8689.00000 7491.40646  13.8%  1174 22214s
 58711 41137 7643.95586  347 3966 8689.00000 7491.61647  13.8%  1173 22216s
 58716 41141 7763.09669  289 4087 8689.00000 7491.68578  13.8%  1173 22220s
 58717 41141 7491.68612  173 4083 8689.00000 7491.68612  13.8%  1173 22246s
 58718 41142 7913.28789  535 3942 8689.00000 7492.86643  13.8%  1173 22252s
 58719 41143 8111.60181  323 3927 8689.00000 7493.49838  13.8%  1173 22257s
 58721 41144 8070.28852  315 4021 8689.00000 7493.80037  13.8%  1173 22260s
 58725 41147 7493.84188  273 4150 8689.00000 7493.84188  13.8%  1173 22289s
 58726 41147 7782.64349  664 3940 8689.00000 7495.08241  13.7%  1173 22295s
 58728 41149 8450.03802  606 3848 8689.00000 7495.88006  13.7%  1173 22301s
 58733 41152 7880.37388  140 4085 8689.00000 7495.96572  13.7%  1173 22331s
 58734 41153 7805.56365  266 3822 8689.00000 7496.94321  13.7%  1173 22336s
 58735 41153 8125.74016  229 4017 8689.00000 7497.55131  13.7%  1173 22341s
 58737 41155 7592.29956  306 3931 8689.00000 7497.89632  13.7%  1173 22345s
 58743 41159 7595.50737  189 3963 8689.00000 7497.94973  13.7%  1173 22374s
 58744 41159 7672.01243  412 4009 8689.00000 7499.32767  13.7%  1173 22381s
 58745 41160 8245.13653  147 3947 8689.00000 7500.15239  13.7%  1173 22387s
 58747 41161 7847.08698  318 3781 8689.00000 7500.48733  13.7%  1173 22391s
 58751 41164 7533.71436  273 4040 8689.00000 7500.53512  13.7%  1173 22422s
 58752 41165 7700.77831  397 3763 8689.00000 7501.33233  13.7%  1173 22428s
 58753 41165 8659.94460  746 3971 8689.00000 7501.65917  13.7%  1173 22431s
 58754 41166 8472.81710  517 3802 8689.00000 7502.02492  13.7%  1173 22435s
 58758 41169 8595.22378  667 4071 8689.00000 7502.09369  13.7%  1173 22464s
 58759 41169 8365.68070  584 3808 8689.00000 7503.09828  13.6%  1173 22470s
 58761 41171 7503.87177  270 4000 8689.00000 7503.87177  13.6%  1172 22477s
 58763 41172 7664.49577  265 3889 8689.00000 7503.97579  13.6%  1172 22480s
 58769 41176 7666.91870  275 4095 8689.00000 7504.01486  13.6%  1172 22510s
 58771 41177 7916.19887  491 3720 8689.00000 7505.19111  13.6%  1172 22518s
 58773 41179 7757.74490  304 3681 8689.00000 7505.28832  13.6%  1172 22520s
 58778 41182 7505.32823  319 3878 8689.00000 7505.32823  13.6%  1172 22549s
 58779 41183 7506.15159  189 3817 8689.00000 7506.15159  13.6%  1172 22554s
 58780 41183 7983.42940  518 3923 8689.00000 7506.49956  13.6%  1172 22557s
 58782 41185 7506.74721  202 3973 8689.00000 7506.74721  13.6%  1172 22560s
 58786 41187 8316.14827  607 3953 8689.00000 7506.82980  13.6%  1172 22589s
 58787 41188 8228.55949  519 3820 8689.00000 7508.45019  13.6%  1172 22596s
 58788 41189 7580.39278  373 3938 8689.00000 7509.16546  13.6%  1172 22601s
 58789 41189 7509.44546  148 3919 8689.00000 7509.44546  13.6%  1172 22605s
 58795 41193 8670.75156  690 4028 8689.00000 7509.58615  13.6%  1172 22634s
 58796 41194 7599.89195  196 4052 8689.00000 7510.67225  13.6%  1172 22641s
 58798 41195 7511.16443  159 4102 8689.00000 7511.16443  13.6%  1172 22646s
 58803 41199 7580.45561  291 4220 8689.00000 7511.22753  13.6%  1172 22650s
 58804 41199 7570.39798  226 4257 8689.00000 7511.22761  13.6%  1172 22675s
 58805 41200 8585.30927  661 4053 8689.00000 7512.24526  13.5%  1172 22681s
 58806 41201 7690.15049  358 3741 8689.00000 7512.69586  13.5%  1172 22685s
 58809 41203 7512.98143  255 4076 8689.00000 7512.98143  13.5%  1172 22690s
 58812 41205 8229.63995  267 4060 8689.00000 7512.99443  13.5%  1171 22718s
 58813 41205 7651.12106  428 3930 8689.00000 7513.84446  13.5%  1171 22723s
 58814 41206 7549.49227  432 4002 8689.00000 7514.34976  13.5%  1171 22727s
 58815 41207 8626.77328  663 3970 8689.00000 7514.63389  13.5%  1171 22730s
 58818 41209 7913.28789  535 3975 8689.00000 7514.86652  13.5%  1171 22735s
 58824 41213 7514.90289  217 4185 8689.00000 7514.90289  13.5%  1171 22763s
 58825 41213 7516.10631  273 4051 8689.00000 7516.10631  13.5%  1171 22770s
 58827 41215 7516.51346  193 3924 8689.00000 7516.51346  13.5%  1171 22775s
 58834 41219 7805.56365  266 4066 8689.00000 7516.61708  13.5%  1171 22780s
 58836 41221 7951.54730  340 4052 8689.00000 7516.61908  13.5%  1171 22807s
 58837 41221 7592.29956  306 4310 8689.00000 7517.65907  13.5%  1171 22813s
 58838 41222 7741.73235  341 4304 8689.00000 7518.31686  13.5%  1171 22817s
 58839 41223 7805.51769  423 4392 8689.00000 7518.49011  13.5%  1171 22820s
 58843 41225 7595.50737  189 4324 8689.00000 7518.65654  13.5%  1171 22825s
 58848 41229 7518.68973  124 4365 8689.00000 7518.68973  13.5%  1171 22854s
 58849 41229 7904.82481  602 4240 8689.00000 7519.87015  13.5%  1171 22860s
 58851 41231 7533.71436  273 3896 8689.00000 7520.73572  13.4%  1171 22867s
 58853 41232 8659.94460  746 4312 8689.00000 7520.90584  13.4%  1171 22870s
 58861 41237 7520.96920  270 4277 8689.00000 7520.96920  13.4%  1170 22899s
 58862 41238 7761.63431  469 4062 8689.00000 7522.07388  13.4%  1170 22907s
 58863 41239 7664.49577  265 4261 8689.00000 7522.36858  13.4%  1170 22910s
 58865 41240 7605.47554  205 4175 8689.00000 7522.62968  13.4%  1170 22915s
 58873 41245 7757.74490  304 4450 8689.00000 7522.74786  13.4%  1170 22948s
 58874 41246 8109.50612  562 4103 8689.00000 7523.32575  13.4%  1170 22953s
 58875 41247 7544.13261  233 3942 8689.00000 7523.57185  13.4%  1170 22956s
 58878 41249 7523.71789  319 4122 8689.00000 7523.71789  13.4%  1170 22960s
 58882 41251 7523.74176  202 4228 8689.00000 7523.74176  13.4%  1170 22988s
 58883 41252 7745.30943  359 3939 8689.00000 7525.12217  13.4%  1170 22995s
 58885 41253 8610.70565  672 4347 8689.00000 7525.71269  13.4%  1170 23001s
 58889 41256 7525.77899  148 4328 8689.00000 7525.77899  13.4%  1170 23005s
 58890 41257 7638.50871  202 4305 8689.00000 7525.77958  13.4%  1170 23032s
 58891 41257 7526.75664  150 3708 8689.00000 7526.75664  13.4%  1170 23040s
 58893 41259 7546.04437  336 3954 8689.00000 7527.24176  13.4%  1170 23047s
 58895 41260 8670.75156  690 4058 8689.00000 7527.33299  13.4%  1170 23050s
 58898 41262 7527.33931  159 4064 8689.00000 7527.33931  13.4%  1170 23079s
 58899 41263 7527.86120  135 4359 8689.00000 7527.86120  13.4%  1170 23084s
 58900 41263 7528.09560  270 4405 8689.00000 7528.09560  13.4%  1170 23086s
 58904 41266 7570.39798  226 4535 8689.00000 7528.15564  13.4%  1170 23116s
 58905 41267 8585.30927  661 4325 8689.00000 7528.52953  13.4%  1170 23120s
 58908 41269 7548.10550  285 4412 8689.00000 7528.75015  13.4%  1170 23125s
 58914 41273 7549.49227  432 4571 8689.00000 7528.77900  13.4%  1169 23154s
 58915 41273 8626.77328  663 4194 8689.00000 7529.36145  13.3%  1169 23159s
 58916 41274 7763.09669  289 4149 8689.00000 7529.59936  13.3%  1169 23162s
 58918 41275 7913.28789  535 4273 8689.00000 7529.78756  13.3%  1169 23166s
 58923 41279 7560.47134  177 4382 8689.00000 7529.82493  13.3%  1169 23195s
 58924 41279 7530.51313  217 4026 8689.00000 7530.51313  13.3%  1169 23201s
 58925 41280 7531.01762  273 3994 8689.00000 7531.01762  13.3%  1169 23205s
 58928 41282 8450.03802  606 4150 8689.00000 7531.19850  13.3%  1169 23210s
 58931 41284 8571.24390  605 4180 8689.00000 7531.20421  13.3%  1169 23239s
 58932 41285 8286.49802  685 4167 8689.00000 7531.51608  13.3%  1169 23243s
 58933 41285 7880.37388  140 4325 8689.00000 7531.66623  13.3%  1169 23245s
 58940 41290 7531.81147  158 4427 8689.00000 7531.81147  13.3%  1169 23250s
 58941 41291 8058.86396  574 4378 8689.00000 7531.81174  13.3%  1169 23276s
 58942 41291 7532.20786  143 4372 8689.00000 7532.20786  13.3%  1169 23280s
 58945 41293 8245.13653  147 4715 8689.00000 7532.48341  13.3%  1169 23285s
 58950 41297 7699.62641  530 4737 8689.00000 7532.51409  13.3%  1169 23316s
 58951 41297 7533.71436  273 4222 8689.00000 7532.80829  13.3%  1169 23320s
 58954 41299 8472.81710  517 4340 8689.00000 7533.06313  13.3%  1169 23325s
 58958 41302 8595.22378  667 4454 8689.00000 7533.09656  13.3%  1169 23355s
 58961 41304 7533.39245  270 4515 8689.00000 7533.39245  13.3%  1169 23360s
 58967 41308 7913.58049  537 4588 8689.00000 7533.43231  13.3%  1168 23388s
 58968 41309 7559.36528  263 4430 8689.00000 7533.74219  13.3%  1168 23391s
 58970 41310 7657.09393  381 4775 8689.00000 7534.01964  13.3%  1168 23396s
 58974 41313 8109.50612  562 4493 8689.00000 7534.09329  13.3%  1168 23428s
 58975 41313 7544.13261  233 4457 8689.00000 7534.17874  13.3%  1168 23430s
 58982 41318 7534.36696  202 4774 8689.00000 7534.36696  13.3%  1168 23461s
 58984 41319 8148.65482  334 4343 8689.00000 7534.70573  13.3%  1168 23466s
 58988 41322 7580.39278  373 4550 8689.00000 7534.74381  13.3%  1168 23497s
 58990 41323 7638.50871  202 4566 8689.00000 7534.88881  13.3%  1168 23500s
 58996 41327 7599.89195  196 4542 8689.00000 7534.94568  13.3%  1168 23531s
 58997 41328 7943.31984  273 4351 8689.00000 7535.21166  13.3%  1168 23535s
 59000 41330 7535.47189  270 4320 8689.00000 7535.47189  13.3%  1168 23540s
 59005 41333 8585.30927  661 4472 8689.00000 7535.49910  13.3%  1168 23569s
 59006 41334 7690.15049  358 4406 8689.00000 7535.58044  13.3%  1168 23571s
 59010 41337 8035.84293  427 4464 8689.00000 7535.62989  13.3%  1168 23600s
 59012 41338 8229.63995  267 4592 8689.00000 7535.99957  13.3%  1167 23605s
 59018 41342 7913.28789  535 4582 8689.00000 7536.13180  13.3%  1167 23635s
 59021 41344 8070.28852  315 4389 8689.00000 7536.32611  13.3%  1167 23640s
 59024 41346 7536.33688  217 4307 8689.00000 7536.33688  13.3%  1167 23669s
 59025 41347 7536.86501  273 4229 8689.00000 7536.86501  13.3%  1167 23673s
 59026 41347 7782.64349  664 4349 8689.00000 7537.14911  13.3%  1167 23676s
 59028 41349 8450.03802  606 4639 8689.00000 7537.31392  13.3%  1167 23680s
 59034 41353 7805.56365  266 4593 8689.00000 7537.38756  13.3%  1167 23713s
 59035 41353 8125.74016  229 4402 8689.00000 7538.07179  13.2%  1167 23719s
 59036 41354 7951.54730  340 4453 8689.00000 7538.35613  13.2%  1167 23723s
 59037 41355 7592.29956  306 4408 8689.00000 7538.45797  13.2%  1167 23726s
 59041 41357 8058.86396  574 4416 8689.00000 7538.55588  13.2%  1167 23730s
 59045 41360 8245.13653  147 4440 8689.00000 7538.56976  13.2%  1167 23759s
 59046 41361 7538.80497  279 4416 8689.00000 7538.80497  13.2%  1167 23762s
 59047 41361 7847.08698  318 4413 8689.00000 7538.97399  13.2%  1167 23765s
 59051 41364 7539.15290  273 4665 8689.00000 7539.15290  13.2%  1167 23770s
 59053 41365 8659.94460  746 4686 8689.00000 7539.16069  13.2%  1167 23797s
 59054 41366 8472.81710  517 4422 8689.00000 7539.65699  13.2%  1167 23801s
 59056 41367 7539.92602  166 4503 8689.00000 7539.92602  13.2%  1167 23806s
 59060 41370 7870.70903  589 4691 8689.00000 7540.02785  13.2%  1167 23810s
 59061 41371 7540.02839  270 4626 8689.00000 7540.02839  13.2%  1167 23835s
 59063 41372 7664.49577  265 4573 8689.00000 7540.49433  13.2%  1166 23841s
 59067 41375 7913.58049  537 4612 8689.00000 7540.52656  13.2%  1166 23868s
 59068 41375 7559.36528  263 4597 8689.00000 7540.67119  13.2%  1166 23871s
 59072 41378 7762.08019  305 4514 8689.00000 7540.84654  13.2%  1166 23875s
 59076 41381 8419.06714  896 4652 8689.00000 7540.86706  13.2%  1166 23906s
 59079 41383 7541.07650  189 4577 8689.00000 7541.07650  13.2%  1166 23910s
 59082 41385 7541.08393  202 4614 8689.00000 7541.08393  13.2%  1166 23938s
 59083 41385 7745.30943  359 4442 8689.00000 7541.32688  13.2%  1166 23941s
 59087 41388 8228.55949  519 4507 8689.00000 7541.46162  13.2%  1166 23945s
 59089 41389 7541.46728  148 4524 8689.00000 7541.46728  13.2%  1166 23973s
 59090 41390 7638.50871  202 4415 8689.00000 7541.75948  13.2%  1166 23977s
 59091 41391 7541.90593  150 4356 8689.00000 7541.90593  13.2%  1166 23980s
 59097 41395 7943.31984  273 4752 8689.00000 7542.01624  13.2%  1166 23985s
 59099 41396 7542.01917  135 4811 8689.00000 7542.01917  13.2%  1166 24012s
 59100 41397 7542.68175  270 4469 8689.00000 7542.68175  13.2%  1166 24017s
 59101 41397 7542.78622  211 4501 8689.00000 7542.78622  13.2%  1166 24020s
 59106 41401 7690.15049  358 4692 8689.00000 7542.90203  13.2%  1166 24025s
 59108 41402 7548.10550  285 4718 8689.00000 7542.90469  13.2%  1166 24052s
 59110 41403 8035.84293  427 4671 8689.00000 7543.18654  13.2%  1166 24057s
 59114 41406 7549.49227  432 4842 8689.00000 7543.24583  13.2%  1165 24086s
 59116 41407 7763.09669  289 4667 8689.00000 7543.49859  13.2%  1165 24090s
 59122 41411 8142.38269  406 4774 8689.00000 7543.54222  13.2%  1165 24122s
 59124 41413 7543.78371  217 4634 8689.00000 7543.78371  13.2%  1165 24126s
 59131 41417 8571.24390  605 4624 8689.00000 7543.85484  13.2%  1165 24130s
 59136 41421 7951.54730  340 4699 8689.00000 7543.87396  13.2%  1165 24159s
 59137 41421 7592.29956  306 4564 8689.00000 7544.19306  13.2%  1165 24162s
 59138 41422 7741.73235  341 4698 8689.00000 7544.37667  13.2%  1165 24165s
 59143 41425 7595.50737  189 4846 8689.00000 7544.46300  13.2%  1165 24194s
 59144 41426 7672.01243  412 4591 8689.00000 7544.70431  13.2%  1165 24197s
 59148 41429 7544.79480  124 4707 8689.00000 7544.79480  13.2%  1165 24200s
H59148 39345                    8687.0000000 7544.79734  13.1%  1165 24200s
H59149 37366                    8686.0000000 7544.79734  13.1%  1165 24225s
 59152 37368 7700.77831  397 4423 8686.00000 7545.06069  13.1%  1165 24230s
 59157 37372 7768.22561  622 4626 8686.00000 7545.10437  13.1%  1165 24261s
 59158 37372 8595.22378  667 4415 8686.00000 7545.64709  13.1%  1165 24266s
 59159 37373 8365.68070  584 4495 8686.00000 7546.02080  13.1%  1165 24270s
 59163 37376 7664.49577  265 4616 8686.00000 7546.16164  13.1%  1165 24275s
 59167 37378 7913.58049  537 4628 8686.00000 7546.17093  13.1%  1164 24302s
 59169 37380 7666.91870  275 4657 8686.00000 7546.43300  13.1%  1164 24306s
 59173 37382 7757.74490  304 4758 8686.00000 7546.51684  13.1%  1164 24337s
 59174 37383 8109.50612  562 4578 8686.00000 7546.93726  13.1%  1164 24341s
 59176 37384 8419.06714  896 4679 8686.00000 7547.12456  13.1%  1164 24345s
 59180 37387 7983.42940  518 4785 8686.00000 7547.14253  13.1%  1164 24374s
 59181 37388 7547.36693  190 4495 8686.00000 7547.36693  13.1%  1164 24377s
 59183 37389 7745.30943  359 4567 8686.00000 7547.53219  13.1%  1164 24381s
 59189 37393 7547.59391  148 4624 8686.00000 7547.59391  13.1%  1164 24410s
 59191 37394 7547.97744  150 4636 8686.00000 7547.97744  13.1%  1164 24417s
 59195 37397 8670.75156  690 4687 8686.00000 7548.02984  13.1%  1164 24420s
 59196 37398 7599.89195  196 4852 8686.00000 7548.03063  13.1%  1164 24448s
 59197 37398 7943.31984  273 4442 8686.00000 7548.50274  13.1%  1164 24452s
 59199 37400 7548.72883  135 4703 8686.00000 7548.72883  13.1%  1164 24456s
 59203 37402 7580.45561  291 4687 8686.00000 7548.77691  13.1%  1164 24485s
 59206 37404 7690.15049  358 4263 8686.00000 7549.09917  13.1%  1164 24490s
 59213 37409 7651.12106  428 4325 8686.00000 7549.11584  13.1%  1164 24520s
 59214 37410 7549.90589  432 4104 8686.00000 7549.90589  13.1%  1164 24525s
 59216 37411 7763.09669  289 4348 8686.00000 7550.24198  13.1%  1163 24530s
 59221 37414 8070.28852  315 4405 8686.00000 7550.31551  13.1%  1163 24560s
 59223 37416 7560.47134  177 4523 8686.00000 7550.72398  13.1%  1163 24566s
 59229 37420 7556.40018  380 4600 8686.00000 7550.81315  13.1%  1163 24570s
 59232 37422 8286.49802  685 4596 8686.00000 7550.81730  13.1%  1163 24596s
 59233 37422 7880.37388  140 4087 8686.00000 7551.07036  13.1%  1163 24600s
 59237 37425 7592.29956  306 4764 8686.00000 7551.25875  13.1%  1163 24605s
 59240 37427 7551.26439  158 4714 8686.00000 7551.26439  13.1%  1163 24633s
 59241 37428 8058.86396  574 4519 8686.00000 7551.65491  13.1%  1163 24637s
 59242 37428 7551.84059  143 4480 8686.00000 7551.84059  13.1%  1163 24640s
 59245 37430 8245.13653  147 4316 8686.00000 7551.96735  13.1%  1163 24645s
 59251 37434 7551.99592  273 4560 8686.00000 7551.99592  13.1%  1163 24675s
 59252 37435 7700.77831  397 4430 8686.00000 7552.78321  13.0%  1163 24681s
 59253 37436 8659.94460  746 4482 8686.00000 7553.05062  13.0%  1163 24685s
 59255 37437 7553.24308  156 4584 8686.00000 7553.24308  13.0%  1163 24690s
 59260 37440 7870.70903  589 4498 8686.00000 7553.32676  13.0%  1163 24695s
 59262 37442 7761.63431  469 4673 8686.00000 7553.32827  13.0%  1163 24721s
 59263 37442 7664.49577  265 4540 8686.00000 7553.74619  13.0%  1163 24725s
 59267 37445 7913.58049  537 4568 8686.00000 7553.95452  13.0%  1162 24730s
 59268 37446 7559.36528  263 4489 8686.00000 7553.95536  13.0%  1162 24756s
 59269 37446 7666.91870  275 4259 8686.00000 7554.15710  13.0%  1162 24760s
 59273 37449 7757.74490  304 4462 8686.00000 7554.40971  13.0%  1162 24765s
 59277 37452 7737.26775  226 4478 8686.00000 7554.42088  13.0%  1162 24792s
 59278 37452 7554.65349  319 4248 8686.00000 7554.65349  13.0%  1162 24795s
 59283 37456 7745.30943  359 4378 8686.00000 7554.79949  13.0%  1162 24800s
 59285 37457 8610.70565  672 4439 8686.00000 7554.80306  13.0%  1162 24826s
 59288 37459 7580.39278  373 4260 8686.00000 7554.92098  13.0%  1162 24830s
 59295 37464 8670.75156  690 4591 8686.00000 7555.00352  13.0%  1162 24860s
 59300 37467 7555.15275  270 4705 8686.00000 7555.15275  13.0%  1162 24893s
 59301 37468 7555.35991  211 4622 8686.00000 7555.35991  13.0%  1162 24896s
 59304 37470 7570.39798  226 4610 8686.00000 7555.50487  13.0%  1162 24900s
 59307 37472 7602.37401  196 4820 8686.00000 7555.51212  13.0%  1162 24928s
 59308 37472 7555.73913  285 4592 8686.00000 7555.73913  13.0%  1162 24930s
 59313 37476 7651.12106  428 4608 8686.00000 7555.88773  13.0%  1162 24935s
 59315 37477 8626.77328  663 4592 8686.00000 7555.88972  13.0%  1162 24962s
 59316 37478 7763.09669  289 4596 8686.00000 7555.99487  13.0%  1162 24965s
 59322 37482 8142.38269  406 4719 8686.00000 7556.10005  13.0%  1161 24994s
 59323 37482 7560.47134  177 4946 8686.00000 7556.24482  13.0%  1161 24996s
 59329 37486 7556.40018  380 4871 8686.00000 7556.35042  13.0%  1161 25026s
 59330 37487 7698.96857  513 4484 8686.00000 7556.74867  13.0%  1161 25030s
 59332 37488 8286.49802  685 4420 8686.00000 7557.14312  13.0%  1161 25035s
 59338 37492 7741.73235  341 4700 8686.00000 7557.19779  13.0%  1161 25067s
 59339 37493 7805.51769  423 4665 8686.00000 7557.58669  13.0%  1161 25071s
 59343 37497 7595.50737  189  967 8686.00000 7557.58669  13.0%  1179 25079s
 59344 37498 7672.01243  412 1132 8686.00000 7557.58669  13.0%  1179 25084s
 59345 37499 8245.13653  147 1173 8686.00000 7557.58669  13.0%  1179 25088s
 59346 37499 7557.58669  279 1302 8686.00000 7557.58669  13.0%  1179 25095s
 59347 37500 7847.08698  318 1439 8686.00000 7557.58669  13.0%  1179 25103s
 59348 37501 7557.58669  124 1632 8686.00000 7557.58669  13.0%  1179 25115s
 59349 37501 7904.82481  602 1641 8686.00000 7557.58669  13.0%  1179 25130s
 59350 37502 7699.62641  530 2044 8686.00000 7557.58669  13.0%  1179 25149s
 59351 37503 7557.58669  273 2051 8686.00000 7557.58669  13.0%  1179 25170s
 59352 37503 7700.77831  397 2221 8686.00000 7557.58669  13.0%  1179 25194s
 59353 37504 8659.94460  746 2419 8686.00000 7557.58669  13.0%  1179 25217s
 59354 37505 8472.81710  517 2725 8686.00000 7557.58669  13.0%  1179 25242s
 59355 37505 7557.58669  156 2892 8686.00000 7557.58669  13.0%  1179 25268s
 59356 37506 7557.58669  166 3040 8686.00000 7557.58669  13.0%  1179 25291s
 59357 37507 7768.22561  622 3112 8686.00000 7557.58669  13.0%  1179 25310s
 59358 37507 8595.22378  667 3172 8686.00000 7557.58669  13.0%  1179 25330s
 59359 37508 8365.68070  584 3758 8686.00000 7557.58669  13.0%  1179 25348s
 59360 37509 7870.70903  589 3716 8686.00000 7557.58669  13.0%  1179 25368s
 59361 37509 7557.58669  270 3652 8686.00000 7557.58669  13.0%  1179 25385s
 59362 37510 7761.63431  469 3757 8686.00000 7557.58669  13.0%  1179 25396s
 59363 37511 7664.49577  265 4270 8686.00000 7557.58669  13.0%  1179 25407s
 59364 37511 7699.83627  519 3960 8686.00000 7557.58669  13.0%  1179 25416s
 59365 37512 7605.47554  205 3956 8686.00000 7557.58669  13.0%  1179 25422s
 59366 37513 7677.31180  307 4228 8686.00000 7557.58669  13.0%  1179 25427s
 59367 37513 7913.58049  537 4195 8686.00000 7557.58669  13.0%  1179 25431s
 59369 37515 7666.91870  275 4337 8686.00000 7557.65540  13.0%  1179 25435s
 59374 37518 8109.50612  562 4331 8686.00000 7557.73847  13.0%  1179 25442s
 59375 37519 7559.06552  233 3937 8686.00000 7559.06552  13.0%  1179 25450s
 59377 37520 7737.26775  226 3992 8686.00000 7559.58882  13.0%  1179 25456s
 59381 37523 7559.65745  190 3971 8686.00000 7559.65745  13.0%  1178 25488s
 59382 37523 7560.89886  202 4069 8686.00000 7560.89886  13.0%  1178 25494s
 59383 37524 7745.30943  359 4037 8686.00000 7561.33042  12.9%  1178 25498s
 59385 37525 8610.70565  672 4143 8686.00000 7561.42236  12.9%  1178 25500s
 59387 37527 8228.55949  519 4227 8686.00000 7561.43019  12.9%  1178 25530s
 59388 37527 7580.39278  373 4252 8686.00000 7562.23900  12.9%  1178 25535s
 59392 37530 8387.04096  813 4141 8686.00000 7562.49287  12.9%  1178 25569s
 59393 37531 7562.76034  336 4000 8686.00000 7562.76034  12.9%  1178 25572s
 59395 37532 8670.75156  690 4226 8686.00000 7562.88394  12.9%  1178 25575s
 59398 37534 7562.89366  159 4260 8686.00000 7562.89366  12.9%  1178 25603s
 59399 37535 7563.30427  135 4293 8686.00000 7563.30427  12.9%  1178 25615s
 59403 37537 7580.45561  291 4237 8686.00000 7563.55228  12.9%  1178 25620s
 59405 37539 8585.30927  661 4247 8686.00000 7563.55480  12.9%  1178 25648s
 59406 37539 7690.15049  358 4172 8686.00000 7563.93605  12.9%  1178 25651s
 59409 37541 7564.07873  255 4280 8686.00000 7564.07873  12.9%  1178 25655s
 59414 37545 7564.10671  432 4395 8686.00000 7564.10671  12.9%  1178 25686s
 59415 37545 8626.77328  663 4404 8686.00000 7564.45858  12.9%  1178 25691s
 59420 37549 7564.60091  186 4286 8686.00000 7564.60091  12.9%  1178 25722s
 59421 37549 8070.28852  315 4189 8686.00000 7565.10016  12.9%  1178 25725s
 59427 37553 7565.20724  193 4306 8686.00000 7565.20724  12.9%  1178 25756s
 59428 37554 8450.03802  606 4304 8686.00000 7565.56750  12.9%  1178 25760s
 59429 37555 7565.93476  380 4161 8686.00000 7565.93476  12.9%  1178 25765s
 59433 37557 7880.37388  140 4294 8686.00000 7566.21571  12.9%  1177 25770s
 59436 37559 7951.54730  340 4187 8686.00000 7566.22086  12.9%  1177 25799s
 59437 37560 7592.29956  306 4190 8686.00000 7566.38830  12.9%  1177 25802s
 59441 37563 8058.86396  574 4175 8686.00000 7566.47431  12.9%  1177 25805s
 59443 37564 7595.50737  189 4184 8686.00000 7566.47672  12.9%  1177 25833s
 59444 37565 7672.01243  412 4093 8686.00000 7567.46697  12.9%  1177 25852s
 59445 37565 8245.13653  147 4078 8686.00000 7567.80279  12.9%  1177 25855s
 59448 37567 7567.85939  124 4120 8686.00000 7567.85939  12.9%  1177 25887s
 59449 37568 7904.82481  602 4189 8686.00000 7568.21397  12.9%  1177 25891s
 59451 37569 7568.38941  273 4243 8686.00000 7568.38941  12.9%  1177 25895s
 59454 37571 8472.81710  517 4294 8686.00000 7568.39685  12.9%  1177 25924s
 59455 37572 7568.67847  156 4233 8686.00000 7568.67847  12.9%  1177 25930s
 59460 37575 7870.70903  589 4108 8686.00000 7568.78334  12.9%  1177 25965s
 59462 37577 7761.63431  469 4181 8686.00000 7569.02135  12.9%  1177 25970s
 59468 37581 7569.09155  263 4286 8686.00000 7569.09155  12.9%  1177 26003s
 59469 37581 7666.91870  275 3966 8686.00000 7569.48415  12.9%  1177 26009s
 59470 37582 7657.09393  381 4046 8686.00000 7569.66100  12.9%  1177 26011s
 59472 37583 7762.08019  305 4225 8686.00000 7569.88382  12.8%  1177 26015s
 59474 37585 8109.50612  562 4204 8686.00000 7569.88686  12.8%  1177 26045s
 59476 37586 8419.06714  896 4115 8686.00000 7570.45962  12.8%  1177 26051s
 59480 37589 7983.42940  518 4127 8686.00000 7570.50805  12.8%  1176 26079s
 59481 37589 7570.70399  190 4018 8686.00000 7570.70399  12.8%  1176 26099s
 59482 37590 7570.73840  202 4085 8686.00000 7570.73840  12.8%  1176 26101s
 59486 37593 8316.14827  607 4125 8686.00000 7570.78886  12.8%  1176 26130s
 59492 37597 8387.04096  813 4301 8686.00000 7570.97051  12.8%  1176 26135s
 59493 37597 7570.97085  336 4302 8686.00000 7570.97085  12.8%  1176 26163s
 59497 37600 7943.31984  273 4291 8686.00000 7571.01052  12.8%  1176 26191s
 59501 37603 7571.11024  211 4257 8686.00000 7571.11024  12.8%  1176 26222s
 59504 37605 7571.23502  226 4269 8686.00000 7571.23502  12.8%  1176 26225s
 59506 37606 7690.15049  358 4311 8686.00000 7571.23715  12.8%  1176 26251s
 59508 37607 7571.47194  285 4299 8686.00000 7571.47194  12.8%  1176 26256s
 59513 37611 7651.12106  428 4372 8686.00000 7571.49910  12.8%  1176 26286s
 59514 37611 7571.87306  432 4198 8686.00000 7571.87306  12.8%  1176 26291s
 59516 37613 7763.09669  289 4197 8686.00000 7572.25685  12.8%  1176 26297s
 59520 37615 7572.28461  186 4255 8686.00000 7572.28461  12.8%  1176 26324s
 59521 37616 8070.28852  315 4342 8686.00000 7572.53153  12.8%  1176 26327s
 59522 37617 8142.38269  406 4422 8686.00000 7572.64618  12.8%  1176 26330s
 59526 37619 7782.64349  664 4337 8686.00000 7572.70485  12.8%  1176 26359s
 59527 37620 7572.92613  193 4429 8686.00000 7572.92613  12.8%  1176 26362s
 59529 37621 7573.02134  380 4331 8686.00000 7573.02134  12.8%  1176 26365s
 59531 37623 8571.24390  605 4318 8686.00000 7573.02455  12.8%  1175 26393s
 59533 37624 7880.37388  140 4457 8686.00000 7573.08915  12.8%  1175 26395s
 59539 37628 7805.51769  423 4407 8686.00000 7573.12698  12.8%  1175 26425s
 59542 37630 7573.16559  143 4489 8686.00000 7573.16559  12.8%  1175 26454s
 59543 37631 7595.50737  189 4228 8686.00000 7573.49151  12.8%  1175 26458s
 59544 37631 7672.01243  412 4331 8686.00000 7573.61742  12.8%  1175 26460s
 59549 37635 7904.82481  602 4432 8686.00000 7573.71507  12.8%  1175 26491s
 59550 37635 7699.62641  530 4307 8686.00000 7573.91923  12.8%  1175 26496s
 59554 37638 8472.81710  517 4318 8686.00000 7574.00451  12.8%  1175 26524s
 59555 37639 7574.12157  156 4442 8686.00000 7574.12157  12.8%  1175 26527s
 59560 37642 7870.70903  589 4470 8686.00000 7574.20299  12.8%  1175 26530s
 59562 37643 7761.63431  469 4554 8686.00000 7574.20808  12.8%  1175 26559s
 59563 37644 7664.49577  265 4401 8686.00000 7574.40791  12.8%  1175 26565s
 59567 37647 7913.58049  537 4460 8686.00000 7574.53471  12.8%  1175 26570s
 59569 37648 7666.91870  275 4556 8686.00000 7574.53674  12.8%  1175 26597s
 59570 37649 7657.09393  381 4469 8686.00000 7574.78152  12.8%  1175 26600s
 59572 37650 7762.08019  305 4365 8686.00000 7575.13873  12.8%  1175 26605s
 59576 37653 8419.06714  896 4359 8686.00000 7575.15803  12.8%  1175 26634s
 59577 37653 7737.26775  226 4405 8686.00000 7575.34610  12.8%  1175 26904s
 59578 37654 7575.50089  319 4435 8686.00000 7575.50089  12.8%  1175 26964s
 59579 37655 7575.52738  189 4418 8686.00000 7575.52738  12.8%  1175 26965s
 59585 37659 8610.70565  672 4558 8686.00000 7575.54880  12.8%  1174 26995s
 59587 37660 8228.55949  519 4283 8686.00000 7576.38102  12.8%  1174 27001s
 59592 37663 8387.04096  813 4343 8686.00000 7576.44796  12.8%  1174 27005s
 59593 37664 7576.44799  336 4348 8686.00000 7576.44799  12.8%  1174 27033s
 59594 37665 7916.07349  634 4238 8686.00000 7576.86989  12.8%  1174 27036s
 59596 37666 7599.89195  196 4434 8686.00000 7577.31605  12.8%  1174 27042s
 59600 37669 7577.40228  270 4271 8686.00000 7577.40228  12.8%  1174 27045s
 59603 37671 7580.45561  291 4266 8686.00000 7577.41111  12.8%  1174 27071s
 59604 37671 7577.83568  226 4232 8686.00000 7577.83568  12.8%  1174 27076s
 59607 37673 7602.37401  196 4447 8686.00000 7577.96515  12.8%  1174 27080s
 59610 37675 8035.84293  427 4460 8686.00000 7577.97186  12.8%  1174 27110s
 59611 37676 7643.95586  347 4385 8686.00000 7578.50079  12.8%  1174 27115s
 59615 37679 8626.77328  663 4210 8686.00000 7578.76560  12.7%  1174 27120s
 59618 37681 7913.28789  535 4324 8686.00000 7578.77346  12.7%  1174 27148s
 59619 37681 8111.60181  323 4039 8686.00000 7579.13995  12.7%  1174 27152s
 59621 37683 8070.28852  315 4269 8686.00000 7579.37352  12.7%  1174 27156s
 59625 37685 7579.39089  273 4379 8686.00000 7579.39089  12.7%  1174 27188s
 59626 37686 7782.64349  664 4187 8686.00000 7580.09629  12.7%  1174 27193s
 59627 37687 7580.53973  193 4303 8686.00000 7580.53973  12.7%  1174 27197s
 59628 37687 8450.03802  606 4462 8686.00000 7580.68356  12.7%  1174 27200s
 59634 37691 7805.56365  266 4500 8686.00000 7580.74562  12.7%  1173 27232s
 59635 37692 8125.74016  229 4567 8686.00000 7581.27854  12.7%  1173 27237s
 59637 37693 7592.29956  306 4465 8686.00000 7581.48611  12.7%  1173 27241s
 59644 37698 7672.01243  412 4486 8686.00000 7581.54238  12.7%  1173 27271s
 59646 37699 7581.89729  279 4409 8686.00000 7581.89729  12.7%  1173 27276s
 59651 37703 7581.96013  273 4601 8686.00000 7581.96013  12.7%  1173 27280s
 59653 37704 8659.94460  746 4590 8686.00000 7581.96187  12.7%  1173 27308s
 59654 37705 8472.81710  517 4555 8686.00000 7582.27663  12.7%  1173 27312s
 59656 37706 7582.43491  166 4649 8686.00000 7582.43491  12.7%  1173 27315s
 59659 37708 8365.68070  584 4662 8686.00000 7582.44297  12.7%  1173 27342s
 59660 37709 7870.70903  589 4428 8686.00000 7582.68108  12.7%  1173 27345s
 59665 37712 7605.47554  205 4559 8686.00000 7582.84905  12.7%  1173 27350s
 59668 37714 7582.85372  263 4534 8686.00000 7582.85372  12.7%  1173 27379s
 59669 37715 7666.91870  275 4467 8686.00000 7582.97187  12.7%  1173 27382s
 59673 37717 7757.74490  304 4415 8686.00000 7583.03729  12.7%  1173 27385s
 59676 37719 8419.06714  896 4461 8686.00000 7583.04072  12.7%  1173 27411s
 59678 37721 7583.64720  319 4436 8686.00000 7583.64720  12.7%  1173 27417s
 59683 37724 7745.30943  359 4512 8686.00000 7583.71721  12.7%  1172 27420s
 59684 37725 8148.65482  334 4546 8686.00000 7583.71751  12.7%  1172 27448s
 59685 37725 8610.70565  672 4439 8686.00000 7583.83759  12.7%  1172 27450s
 59691 37729 7583.88192  150 4519 8686.00000 7583.88192  12.7%  1172 27478s
 59692 37730 8387.04096  813 4414 8686.00000 7584.05299  12.7%  1172 27481s
 59698 37734 7584.09687  159 4525 8686.00000 7584.09687  12.7%  1172 27509s
 59699 37735 7584.27012  135 4433 8686.00000 7584.27012  12.7%  1172 27511s
 59701 37736 7584.44761  211 4481 8686.00000 7584.44761  12.7%  1172 27515s
 59704 37738 7584.45630  226 4431 8686.00000 7584.45630  12.7%  1172 27542s
 59706 37739 7690.15049  358 4233 8686.00000 7584.89158  12.7%  1172 27546s
 59711 37743 7643.95586  347 4438 8686.00000 7584.97559  12.7%  1172 27577s
H59711 35849                    8685.0000000 7585.32921  12.7%  1172 27580s
 59716 35852 7763.09669  289 4310 8685.00000 7585.49370  12.7%  1172 27585s
 59718 35853 7913.28789  535 4378 8685.00000 7585.49813  12.7%  1172 27614s
 59719 35854 8111.60181  323 4339 8685.00000 7585.75456  12.7%  1172 27617s
 59720 35855 7585.89983  186 4323 8685.00000 7585.89983  12.7%  1172 27620s
 59725 35858 7585.94537  273 4387 8685.00000 7585.94537  12.7%  1172 27649s
 59726 35859 7782.64349  664 4046 8685.00000 7586.19204  12.7%  1172 27652s
 59727 35859 7586.32866  193 4216 8685.00000 7586.32866  12.7%  1172 27655s
 59732 35863 8286.49802  685 4375 8685.00000 7586.41007  12.6%  1172 27685s
 59734 35864 7805.56365  266 4228 8685.00000 7586.80933  12.6%  1171 27690s
 59738 35867 7741.73235  341 4331 8685.00000 7586.84002  12.6%  1171 27717s
 59739 35867 7805.51769  423 4153 8685.00000 7586.99767  12.6%  1171 27720s
 59745 35871 8245.13653  147 4250 8685.00000 7587.15915  12.6%  1171 27725s
 59747 35873 7847.08698  318 4231 8685.00000 7587.16787  12.6%  1171 27753s
 59748 35873 7587.27974  124 4244 8685.00000 7587.27974  12.6%  1171 27755s
 59754 35877 8472.81710  517 4308 8685.00000 7587.35802  12.6%  1171 27760s
 59758 35880 8595.22378  667 4278 8685.00000 7587.37719  12.6%  1171 27787s
 59760 35881 7870.70903  589 4074 8685.00000 7587.68480  12.6%  1171 27791s
 59765 35885 7605.47554  205 4167 8685.00000 7587.78625  12.6%  1171 27821s
 59766 35885 7677.31180  307 4007 8685.00000 7588.23265  12.6%  1171 27825s
 59768 35887 7588.57130  263 4221 8685.00000 7588.57130  12.6%  1171 27830s
 59773 35890 7757.74490  304 4277 8685.00000 7588.63873  12.6%  1171 27859s
 59774 35891 8109.50612  562 4278 8685.00000 7589.14854  12.6%  1171 27864s
 59775 35891 7589.34909  233 4321 8685.00000 7589.34909  12.6%  1171 27867s
 59777 35893 7737.26775  226 4400 8685.00000 7589.54242  12.6%  1171 27871s
 59781 35895 7589.56202  190 4414 8685.00000 7589.56202  12.6%  1171 27899s
 59782 35896 7589.82913  202 4287 8685.00000 7589.82913  12.6%  1171 27902s
 59786 35899 8316.14827  607 4391 8685.00000 7589.96463  12.6%  1170 27905s
 59788 35900 7589.96709  373 4375 8685.00000 7589.96709  12.6%  1170 27933s
 59789 35901 7590.25615  148 4291 8685.00000 7590.25615  12.6%  1170 27937s
 59791 35902 7590.42845  150 4408 8685.00000 7590.42845  12.6%  1170 27941s
 59795 35905 8670.75156  690 4388 8685.00000 7590.45246  12.6%  1170 27969s
 59796 35905 7599.89195  196 4298 8685.00000 7590.91913  12.6%  1170 27973s
 59797 35906 7943.31984  273 4341 8685.00000 7591.26770  12.6%  1170 27976s
 59800 35908 7591.44252  270 4325 8685.00000 7591.44252  12.6%  1170 27980s
 59802 35909 8296.82375  740 4425 8685.00000 7591.44504  12.6%  1170 28008s
 59803 35910 7591.71298  291 4572 8685.00000 7591.71298  12.6%  1170 28011s
 59805 35911 8585.30927  661 4532 8685.00000 7591.93386  12.6%  1170 28015s
 59811 35915 7643.95586  347 4547 8685.00000 7591.96017  12.6%  1170 28043s
 59812 35916 8229.63995  267 4642 8685.00000 7592.11749  12.6%  1170 28046s
 59815 35918 8626.77328  663 4603 8685.00000 7592.27036  12.6%  1170 28050s
 59817 35919 7592.27488  173 4594 8685.00000 7592.27488  12.6%  1170 28077s
 59818 35920 7913.28789  535 4420 8685.00000 7592.60865  12.6%  1170 28081s
 59822 35923 8142.38269  406 4504 8685.00000 7592.69625  12.6%  1170 28085s
 59825 35925 7592.70064  273 4564 8685.00000 7592.70064  12.6%  1170 28113s
 59826 35925 7782.64349  664 4547 8685.00000 7592.81164  12.6%  1170 28116s
 59830 35928 7698.96857  513 4640 8685.00000 7592.93038  12.6%  1170 28120s
 59832 35929 8286.49802  685 4677 8685.00000 7592.93222  12.6%  1170 28145s
 59835 35931 8125.74016  229 4631 8685.00000 7593.20123  12.6%  1170 28150s
 59839 35934 7805.51769  423 4635 8685.00000 7593.21887  12.6%  1169 28179s
 59840 35935 7593.45063  158 4517 8685.00000 7593.45063  12.6%  1169 28182s
 59842 35936 7593.58437  143 4586 8685.00000 7593.58437  12.6%  1169 28185s
 59845 35938 8245.13653  147 4655 8685.00000 7593.59763  12.6%  1169 28214s
 59846 35939 7593.88485  279 4570 8685.00000 7593.88485  12.6%  1169 28217s
 59848 35940 7593.99360  124 4607 8685.00000 7593.99360  12.6%  1169 28220s
 59851 35942 7594.00452  273 4667 8685.00000 7594.00452  12.6%  1169 28248s
 59852 35943 7700.77831  397 4491 8685.00000 7594.53562  12.6%  1169 28252s
 59854 35944 8472.81710  517 4594 8685.00000 7594.67970  12.6%  1169 28256s
 59860 35948 7870.70903  589 4606 8685.00000 7594.70318  12.6%  1169 28283s
 59861 35949 7594.88960  270 4580 8685.00000 7594.88960  12.6%  1169 28286s
 59865 35951 7605.47554  205 4726 8685.00000 7594.94833  12.6%  1169 28290s
 59867 35953 7913.58049  537 4726 8685.00000 7594.95160  12.6%  1169 28316s
 59868 35953 7595.35249  263 4583 8685.00000 7595.35249  12.5%  1169 28320s
 59872 35956 7762.08019  305 4905 8685.00000 7595.52841  12.5%  1169 28325s
 59878 35960 7595.54969  319 4906 8685.00000 7595.54969  12.5%  1169 28354s
 59879 35961 7595.76353  189 4620 8685.00000 7595.76353  12.5%  1169 28357s
 59881 35962 7595.87491  190 4602 8685.00000 7595.87491  12.5%  1169 28360s
 59883 35963 7745.30943  359 4755 8685.00000 7595.88364  12.5%  1169 28387s
 59884 35964 8148.65482  334 4674 8685.00000 7596.24722  12.5%  1169 28390s
 59887 35966 8228.55949  519 4805 8685.00000 7596.45804  12.5%  1168 28395s
 59892 35969 8387.04096  813 4909 8685.00000 7596.48905  12.5%  1168 28425s
 59898 35973 7596.61640  159 4871 8685.00000 7596.61640  12.5%  1168 28455s
 59901 35975 7596.82820  211 4884 8685.00000 7596.82820  12.5%  1168 28460s
 59903 35977 7596.83142  291 4944 8685.00000 7596.83142  12.5%  1168 28485s
 59908 35980 7596.94400  285 4671 8685.00000 7596.94400  12.5%  1168 28514s
 59909 35981 7597.12949  255 4838 8685.00000 7597.12949  12.5%  1168 28517s
 59912 35983 8229.63995  267 4702 8685.00000 7597.21179  12.5%  1168 28520s
 59913 35983 7651.12106  428 4696 8685.00000 7597.21225  12.5%  1168 28546s
 59915 35985 8626.77328  663 4703 8685.00000 7597.37450  12.5%  1168 28550s
 59921 35989 8070.28852  315 4821 8685.00000 7597.40103  12.5%  1168 28580s
 59922 35989 8142.38269  406 4700 8685.00000 7597.78935  12.5%  1168 28585s
 59925 35991 7597.99753  273 4893 8685.00000 7597.99753  12.5%  1168 28590s
 59927 35993 7598.00968  193 4966 8685.00000 7598.00968  12.5%  1168 28618s
 59928 35993 8450.03802  606 4915 8685.00000 7598.29355  12.5%  1168 28621s
 59930 35995 7698.96857  513 4786 8685.00000 7598.43044  12.5%  1168 28625s
 59935 35998 8125.74016  229 4981 8685.00000 7598.45893  12.5%  1168 28655s
 59938 36000 7741.73235  341 4790 8685.00000 7598.73992  12.5%  1168 28660s
 59944 36004 7672.01243  412 4837 8685.00000 7598.76034  12.5%  1167 28689s
 59945 36005 8245.13653  147 4545 8685.00000 7598.98627  12.5%  1167 28693s
 59946 36005 7599.19284  279 4729 8685.00000 7599.19284  12.5%  1167 28696s
 59949 36007 7904.82481  602 4722 8685.00000 7599.28516  12.5%  1167 28700s
 59955 36011 7599.32989  156 4780 8685.00000 7599.32989  12.5%  1167 28729s
 59956 36012 7599.51671  166 4672 8685.00000 7599.51671  12.5%  1167 28731s
 59958 36013 8595.22378  667 5001 8685.00000 7599.70249  12.5%  1167 28736s
 59961 36015 7599.72709  270 5006 8685.00000 7599.72709  12.5%  1167 28763s
 59962 36016 7761.63431  469 4846 8685.00000 7599.95247  12.5%  1167 28767s
 59963 36017 7664.49577  265 4822 8685.00000 7600.06836  12.5%  1167 28770s
 59967 36019 7913.58049  537 4924 8685.00000 7600.11959  12.5%  1167 28800s
 59972 36023 7762.08019  305 5025 8685.00000 7600.22596  12.5%  1167 28833s
 59973 36023 7757.74490  304 4556 8685.00000 7600.35759  12.5%  1167 28836s
 59978 36027 7600.44497  319 4815 8685.00000 7600.44497  12.5%  1167 28840s
 59980 36028 7983.42940  518 4866 8685.00000 7600.44778  12.5%  1167 28868s
 59982 36029 7600.54249  202 4853 8685.00000 7600.54249  12.5%  1167 28870s
 59986 36032 8316.14827  607 4942 8685.00000 7600.57338  12.5%  1167 28900s
 59989 36034 7600.78347  148 4904 8685.00000 7600.78347  12.5%  1167 28905s
 59992 36036 8387.04096  813 4883 8685.00000 7600.78802  12.5%  1166 28934s
 59994 36037 7916.07349  634 4852 8685.00000 7600.79894  12.5%  1166 28935s
 59996 36039 7600.80217  196 4901 8685.00000 7600.80217  12.5%  1166 28963s
 59997 36039 7943.31984  273 4893 8685.00000 7600.85029  12.5%  1166 28965s
 60002 36043 8296.82375  740 4809 8685.00000 7600.87835  12.5%  1166 28992s
 60004 36044 7601.00415  226 4828 8685.00000 7601.00415  12.5%  1166 28995s
 60010 36048 8035.84293  427 4911 8685.00000 7601.02329  12.5%  1166 29026s
 60012 36049 8229.63995  267 4857 8685.00000 7601.17033  12.5%  1166 29030s
 60016 36052 7763.09669  289 4919 8685.00000 7601.19517  12.5%  1166 29060s
 60020 36055 7601.35934  186 4946 8685.00000 7601.35934  12.5%  1166 29065s
 60023 36057 7601.37145  177 4892 8685.00000 7601.37145  12.5%  1166 29090s
 60027 36059 7601.48331  193 4806 8685.00000 7601.48331  12.5%  1166 29095s
 60029 36061 7601.48444  380 4838 8685.00000 7601.48444  12.5%  1166 29124s
 60030 36061 7698.96857  513 4904 8685.00000 7601.49375  12.5%  1166 29125s
 60034 36064 7805.56365  266 4963 8685.00000 7601.52330  12.5%  1166 29154s
 60035 36065 8125.74016  229 4912 8685.00000 7601.54077  12.5%  1166 29155s
 60037 36066 7601.54529  306 5030 8685.00000 7601.54529  12.5%  1166 29183s
 60040 36068 7601.56794  158 4971 8685.00000 7601.56794  12.5%  1166 29185s
 60042 36069 7601.57355  143 5086 8685.00000 7601.57355  12.5%  1165 29214s
 60043 36070 7601.66794  189 4867 8685.00000 7601.66794  12.5%  1165 29216s
 60046 36072 7601.78737  279 4901 8685.00000 7601.78737  12.5%  1165 29220s
 60047 36073 7847.08698  318 4910 8685.00000 7601.78810  12.5%  1165 29248s
 60052 36077 7700.77831  397  967 8685.00000 7601.80636  12.5%  1177 29257s
 60053 36078 8659.94460  746 1072 8685.00000 7601.80636  12.5%  1177 29260s
 60054 36079 8472.81710  517 1274 8685.00000 7601.80636  12.5%  1177 29266s
 60055 36079 7601.80636  156 1248 8685.00000 7601.80636  12.5%  1177 29274s
 60056 36080 7601.80636  166 1507 8685.00000 7601.80636  12.5%  1177 29284s
 60057 36081 7768.22561  622 1502 8685.00000 7601.80636  12.5%  1177 29297s
 60058 36081 8595.22378  667 1765 8685.00000 7601.80636  12.5%  1177 29312s
 60059 36082 8365.68070  584 1913 8685.00000 7601.80636  12.5%  1177 29333s
 60060 36083 7870.70903  589 2090 8685.00000 7601.80636  12.5%  1177 29354s
 60061 36083 7601.80636  270 2244 8685.00000 7601.80636  12.5%  1177 29375s
 60062 36084 7761.63431  469 2356 8685.00000 7601.80636  12.5%  1177 29397s
 60063 36085 7664.49577  265 2693 8685.00000 7601.80636  12.5%  1177 29418s
 60064 36085 7699.83627  519 2728 8685.00000 7601.80636  12.5%  1177 29441s
 60065 36086 7605.47554  205 3093 8685.00000 7601.80636  12.5%  1177 29465s
 60066 36087 7677.31180  307 3288 8685.00000 7601.80636  12.5%  1177 29486s
 60067 36087 7913.58049  537 3456 8685.00000 7601.80636  12.5%  1177 29508s
 60068 36088 7601.80636  263 3642 8685.00000 7601.80636  12.5%  1177 29528s
 60069 36089 7666.91870  275 3727 8685.00000 7601.80636  12.5%  1177 29548s
 60070 36089 7657.09393  381 4070 8685.00000 7601.80636  12.5%  1177 29564s
 60071 36090 7916.19887  491 4210 8685.00000 7601.80636  12.5%  1177 29577s
 60072 36091 7762.08019  305 4017 8685.00000 7601.80636  12.5%  1177 29588s
 60073 36091 7757.74490  304 4315 8685.00000 7601.80636  12.5%  1177 29595s
 60074 36092 8109.50612  562 4412 8685.00000 7601.80636  12.5%  1177 29601s
 60076 36093 8419.06714  896 4634 8685.00000 7601.80636  12.5%  1176 29607s
 60078 36095 7601.80636  319 4794 8685.00000 7601.80636  12.5%  1176 29611s
 60087 36101 8228.55949  519 4814 8685.00000 7601.80636  12.5%  1176 29618s
 60088 36101 7602.04141  373 4831 8685.00000 7602.04141  12.5%  1176 29622s
 60093 36105 7602.08110  336 4694 8685.00000 7602.08110  12.5%  1176 29625s
 60095 36106 8670.75156  690 4677 8685.00000 7602.08616  12.5%  1176 29654s
 60096 36107 7602.31426  196 4636 8685.00000 7602.31426  12.5%  1176 29658s
 60097 36107 7943.31984  273 4613 8685.00000 7602.40265  12.5%  1176 29660s
 60101 36110 7602.43677  211 4633 8685.00000 7602.43677  12.5%  1176 29693s
 60102 36111 8296.82375  740 4384 8685.00000 7603.08913  12.5%  1176 29698s
 60103 36111 7603.21606  291 4456 8685.00000 7603.21606  12.5%  1176 29700s
 60107 36114 7603.32559  196 4533 8685.00000 7603.32559  12.5%  1176 29732s
 60108 36115 7603.70124  285 4758 8685.00000 7603.70124  12.5%  1176 29738s
 60109 36115 7603.80515  255 4631 8685.00000 7603.80515  12.4%  1176 29740s
 60113 36118 7651.12106  428 4598 8685.00000 7603.83436  12.4%  1176 29772s
 60114 36119 7604.27905  432 4425 8685.00000 7604.27905  12.4%  1176 29785s
 60118 36121 7913.28789  535 4492 8685.00000 7604.50089  12.4%  1176 29790s
 60119 36122 8111.60181  323 4517 8685.00000 7604.50103  12.4%  1176 29820s
 60121 36123 8070.28852  315 4315 8685.00000 7604.81589  12.4%  1176 29826s
 60127 36127 7604.87035  193 4411 8685.00000 7604.87035  12.4%  1175 29830s
 60128 36128 8450.03802  606 4314 8685.00000 7604.87085  12.4%  1175 29859s
 60129 36129 7605.11938  380 4159 8685.00000 7605.11938  12.4%  1175 29863s
 60131 36130 8571.24390  605 4519 8685.00000 7605.17893  12.4%  1175 29865s
 60133 36131 7880.37388  140 4471 8685.00000 7605.18326  12.4%  1175 29896s
 60134 36132 7805.56365  266 4348 8685.00000 7605.79570  12.4%  1175 29900s
 60136 36133 7951.54730  340 4533 8685.00000 7606.12200  12.4%  1175 29905s
 60141 36137 8058.86396  574 4487 8685.00000 7606.15339  12.4%  1175 29934s
 60142 36137 7606.74791  143 4442 8685.00000 7606.74791  12.4%  1175 29941s
 60144 36139 7672.01243  412 4456 8685.00000 7606.97565  12.4%  1175 29945s
 60149 36142 7904.82481  602 4442 8685.00000 7607.01482  12.4%  1175 29976s
 60151 36143 7607.22789  273 4438 8685.00000 7607.22789  12.4%  1175 29980s
 60154 36145 8472.81710  517 4426 8685.00000 7607.23515  12.4%  1175 30010s
 60155 36146 7607.54293  156 4277 8685.00000 7607.54293  12.4%  1175 30028s
 60156 36147 7607.74341  166 4428 8685.00000 7607.74341  12.4%  1175 30031s
 60161 36150 7607.79693  270 4643 8685.00000 7607.79693  12.4%  1175 30065s
 60163 36151 7664.49577  265 4578 8685.00000 7608.22310  12.4%  1175 30072s
 60168 36155 7608.26812  263 4559 8685.00000 7608.26812  12.4%  1175 30075s
 60169 36155 7666.91870  275 4609 8685.00000 7608.26900  12.4%  1175 30104s
 60170 36156 7657.09393  381 4442 8685.00000 7608.64550  12.4%  1175 30109s
 60171 36157 7916.19887  491 4473 8685.00000 7608.77975  12.4%  1175 30112s
 60175 36159 7608.82941  233 4627 8685.00000 7608.82941  12.4%  1175 30144s
 60176 36160 8419.06714  896 4487 8685.00000 7608.96289  12.4%  1175 30146s
 60179 36162 7608.99277  189 4383 8685.00000 7608.99277  12.4%  1174 30178s
 60180 36163 7983.42940  518 4276 8685.00000 7609.20771  12.4%  1174 30182s
 60183 36165 7745.30943  359 4202 8685.00000 7609.29606  12.4%  1174 30214s
 60184 36165 8148.65482  334 4221 8685.00000 7609.43375  12.4%  1174 30217s
 60188 36168 7609.47613  373 4267 8685.00000 7609.47613  12.4%  1174 30220s
 60193 36171 7609.49273  336 4278 8685.00000 7609.49273  12.4%  1174 30249s
 60194 36172 7916.07349  634 4184 8685.00000 7609.59881  12.4%  1174 30268s
 60195 36173 8670.75156  690 4252 8685.00000 7609.68964  12.4%  1174 30273s
 60198 36175 7609.71393  159 4482 8685.00000 7609.71393  12.4%  1174 30300s
 60200 36176 7609.94083  270 4490 8685.00000 7609.94083  12.4%  1174 30305s
 60206 36180 7690.15049  358 4594 8685.00000 7609.98576  12.4%  1174 30335s
 60209 36182 7610.22449  255 4556 8685.00000 7610.22449  12.4%  1174 30340s
 60212 36184 8229.63995  267 4604 8685.00000 7610.23728  12.4%  1174 30369s
 60213 36185 7651.12106  428 4302 8685.00000 7610.38959  12.4%  1174 30371s
 60218 36188 7913.28789  535 4428 8685.00000 7610.48813  12.4%  1174 30375s
 60219 36189 8111.60181  323 4434 8685.00000 7610.48861  12.4%  1174 30402s
 60221 36190 8070.28852  315 4501 8685.00000 7610.64339  12.4%  1174 30406s
 60225 36193 7610.71714  273 4338 8685.00000 7610.71714  12.4%  1174 30410s
 60228 36195 8450.03802  606 4519 8685.00000 7610.73332  12.4%  1174 30440s
 60233 36198 7880.37388  140 4580 8685.00000 7610.86428  12.4%  1173 30473s
 60234 36199 7805.56365  266 4360 8685.00000 7611.07982  12.4%  1173 30476s
 60238 36201 7741.73235  341 4653 8685.00000 7611.12542  12.4%  1173 30506s
 60241 36203 8058.86396  574 4688 8685.00000 7611.28165  12.4%  1173 30510s
 60245 36206 8245.13653  147 4683 8685.00000 7611.30140  12.4%  1173 30540s
 60250 36209 7699.62641  530 4622 8685.00000 7611.42074  12.4%  1173 30573s
 60251 36210 7611.46806  273 4688 8685.00000 7611.46806  12.4%  1173 30575s
 60254 36212 8472.81710  517 4510 8685.00000 7611.51906  12.4%  1173 30606s
 60256 36213 7611.96447  166 4609 8685.00000 7611.96447  12.4%  1173 30612s
 60260 36216 7870.70903  589 4528 8685.00000 7612.01079  12.4%  1173 30615s
 60261 36217 7612.01148  270 4547 8685.00000 7612.01148  12.4%  1173 30643s
 60262 36217 7761.63431  469 4177 8685.00000 7612.14358  12.4%  1173 30646s
 60265 36219 7612.25181  205 4433 8685.00000 7612.25181  12.4%  1173 30650s
 60267 36221 7913.58049  537 4476 8685.00000 7612.25402  12.4%  1173 30677s
 60268 36221 7612.75433  263 4309 8685.00000 7612.75433  12.3%  1173 30684s
 60269 36222 7666.91870  275 4510 8685.00000 7612.96566  12.3%  1173 30687s
 60271 36223 7916.19887  491 4555 8685.00000 7613.12695  12.3%  1173 30690s
 60275 36226 7613.15156  233 4702 8685.00000 7613.15156  12.3%  1173 30719s
 60276 36227 8419.06714  896 4617 8685.00000 7613.61871  12.3%  1173 30724s
 60277 36227 7737.26775  226 4634 8685.00000 7613.76868  12.3%  1173 30727s
 60281 36230 7613.85047  190 4611 8685.00000 7613.85047  12.3%  1172 30730s
 60282 36231 7613.85141  202 4678 8685.00000 7613.85141  12.3%  1172 30758s
 60283 36231 7745.30943  359 4357 8685.00000 7614.18173  12.3%  1172 30764s
 60284 36232 8148.65482  334 4331 8685.00000 7614.34071  12.3%  1172 30767s
 60286 36233 8316.14827  607 4441 8685.00000 7614.42409  12.3%  1172 30770s
 60290 36236 7638.50871  202 4371 8685.00000 7614.45297  12.3%  1172 30800s
 60292 36237 8387.04096  813 4498 8685.00000 7615.00891  12.3%  1172 30806s
 60296 36240 7615.08751  196 4507 8685.00000 7615.08751  12.3%  1172 30810s
 60298 36241 7615.09879  159 4491 8685.00000 7615.09879  12.3%  1172 30837s
 60299 36242 7615.53529  135 4424 8685.00000 7615.53529  12.3%  1172 31120s
 60300 36243 7615.66201  270 4506 8685.00000 7615.66201  12.3%  1172 31191s
 60302 36244 8296.82375  740 4557 8685.00000 7615.76941  12.3%  1172 31195s
 60308 36248 7615.86098  285 4522 8685.00000 7615.86098  12.3%  1172 31227s
 60309 36249 7617.10342  255 4313 8685.00000 7617.10342  12.3%  1172 31235s
 60311 36250 7643.95586  347 4676 8685.00000 7617.47837  12.3%  1172 31240s
 60316 36253 7763.09669  289 4736 8685.00000 7617.50270  12.3%  1172 31271s
 60318 36255 7913.28789  535 4813 8685.00000 7617.83157  12.3%  1172 31276s
 60323 36258 7617.86864  177 4776 8685.00000 7617.86864  12.3%  1172 31307s
 60324 36259 7618.17791  217 4357 8685.00000 7618.17791  12.3%  1172 31310s
 60328 36261 8450.03802  606 4706 8685.00000 7618.32080  12.3%  1172 31315s
 60335 36266 8125.74016  229 4673 8685.00000 7618.33740  12.3%  1171 31344s
 60336 36267 7951.54730  340 4610 8685.00000 7618.98188  12.3%  1171 31349s
 60337 36267 7619.20318  306 4674 8685.00000 7619.20318  12.3%  1171 31352s
 60340 36269 7619.26594  158 4622 8685.00000 7619.26594  12.3%  1171 31355s
 60343 36271 7619.27162  189 4799 8685.00000 7619.27162  12.3%  1171 31383s
 60344 36272 7672.01243  412 4553 8685.00000 7619.44360  12.3%  1171 31386s
 60347 36274 7847.08698  318 4608 8685.00000 7619.56069  12.3%  1171 31390s
 60350 36276 7699.62641  530 4687 8685.00000 7619.56502  12.3%  1171 31418s
 60351 36277 7619.70434  273 4568 8685.00000 7619.70434  12.3%  1171 31421s
 60354 36279 8472.81710  517 4735 8685.00000 7619.82361  12.3%  1171 31425s
 60355 36279 7619.82388  156 4710 8685.00000 7619.82388  12.3%  1171 31453s
 60356 36280 7620.04231  166 4451 8685.00000 7620.04231  12.3%  1171 31456s
 60361 36283 7620.13021  270 4571 8685.00000 7620.13021  12.3%  1171 31488s
 60362 36284 7761.63431  469 4604 8685.00000 7620.29879  12.3%  1171 31490s
 60366 36287 7677.31180  307 4620 8685.00000 7620.40472  12.3%  1171 31522s
 60368 36288 7620.53964  263 4698 8685.00000 7620.53964  12.3%  1171 31525s
 60372 36291 7762.08019  305 4718 8685.00000 7620.55289  12.3%  1171 31555s
 60375 36293 7620.76057  233 4688 8685.00000 7620.76057  12.3%  1171 31560s
 60377 36294 7737.26775  226 4756 8685.00000 7620.76754  12.3%  1171 31588s
 60378 36295 7620.89041  319 4515 8685.00000 7620.89041  12.3%  1171 31591s
 60381 36297 7621.00623  190 4693 8685.00000 7621.00623  12.3%  1171 31595s
 60385 36299 8610.70565  672 4650 8685.00000 7621.02989  12.3%  1170 31626s
 60388 36301 7621.17118  373 4666 8685.00000 7621.17118  12.2%  1170 31630s
 60396 36307 7621.19530  196 4694 8685.00000 7621.19530  12.2%  1170 31661s
 60398 36308 7621.45454  159 4628 8685.00000 7621.45454  12.2%  1170 31665s
 60402 36311 8296.82375  740 4720 8685.00000 7621.50741  12.2%  1170 31694s
 60403 36311 7621.70742  291 4468 8685.00000 7621.70742  12.2%  1170 31697s
 60405 36313 8585.30927  661 4770 8685.00000 7621.89792  12.2%  1170 31701s
 60409 36315 7621.93802  255 4752 8685.00000 7621.93802  12.2%  1170 31730s
 60411 36317 7643.95586  347 4781 8685.00000 7622.16637  12.2%  1170 31735s
 60418 36321 7913.28789  535 4901 8685.00000 7622.23095  12.2%  1170 31766s
 60421 36323 8070.28852  315 4786 8685.00000 7622.41402  12.2%  1170 31771s
 60426 36327 7782.64349  664 4755 8685.00000 7622.45002  12.2%  1170 31800s
 60428 36328 8450.03802  606 4694 8685.00000 7622.96279  12.2%  1170 31807s
 60430 36329 7698.96857  513 4761 8685.00000 7623.03082  12.2%  1170 31810s
 60434 36332 7805.56365  266 4744 8685.00000 7623.04133  12.2%  1170 31840s
 60436 36333 7951.54730  340 4534 8685.00000 7623.38608  12.2%  1169 31845s
 60441 36337 8058.86396  574 4552 8685.00000 7623.42663  12.2%  1169 31872s
 60442 36337 7623.83153  143 4361 8685.00000 7623.83153  12.2%  1169 31875s
 60445 36339 8245.13653  147 4519 8685.00000 7624.01766  12.2%  1169 31880s
 60450 36343 7699.62641  530 4651 8685.00000 7624.03127  12.2%  1169 31909s
 60451 36343 7624.26905  273 4649 8685.00000 7624.26905  12.2%  1169 31912s
 60454 36345 8472.81710  517 4728 8685.00000 7624.34421  12.2%  1169 31915s
 60455 36346 7624.34502  156 4796 8685.00000 7624.34502  12.2%  1169 31941s
 60459 36349 8365.68070  584 4708 8685.00000 7624.42610  12.2%  1169 31945s
 60462 36351 7761.63431  469 4691 8685.00000 7624.43085  12.2%  1169 31972s
 60465 36353 7624.49803  205 4593 8685.00000 7624.49803  12.2%  1169 31975s
 60468 36355 7624.50605  263 4669 8685.00000 7624.50605  12.2%  1169 32002s
 60471 36357 7916.19887  491 4649 8685.00000 7624.57713  12.2%  1169 32005s
 60474 36359 8109.50612  562 4695 8685.00000 7624.58274  12.2%  1169 32032s
 60476 36360 8419.06714  896 4513 8685.00000 7624.73894  12.2%  1169 32035s
 60481 36363 7624.80065  190 4660 8685.00000 7624.80065  12.2%  1169 32066s
 60486 36367 8316.14827  607 4615 8685.00000 7624.89289  12.2%  1168 32070s
 60488 36368 7624.89583  373 4579 8685.00000 7624.89583  12.2%  1168 32098s
 60489 36369 7625.01107  148 4548 8685.00000 7625.01107  12.2%  1168 32100s
 60494 36372 7916.07349  634 4449 8685.00000 7625.07473  12.2%  1168 32130s
 60496 36373 7625.71575  196 4333 8685.00000 7625.71575  12.2%  1168 32136s
 60500 36376 7625.74908  270 4429 8685.00000 7625.74908  12.2%  1168 32165s
 60507 36381 7625.84170  196 4423 8685.00000 7625.84170  12.2%  1168 32170s
 60508 36381 7625.84202  285 4467 8685.00000 7625.84202  12.2%  1168 32196s
 60510 36383 8035.84293  427 4454 8685.00000 7626.29314  12.2%  1168 32202s
 60513 36385 7651.12106  428 4541 8685.00000 7626.38288  12.2%  1168 32205s
 60515 36386 8626.77328  663 4550 8685.00000 7626.38548  12.2%  1168 32232s
 60516 36387 7763.09669  289 4574 8685.00000 7626.74973  12.2%  1168 32236s
 60521 36390 8070.28852  315 4721 8685.00000 7626.83080  12.2%  1168 32266s
 60524 36392 7626.96427  217 4686 8685.00000 7626.96427  12.2%  1168 32270s
 60526 36393 7782.64349  664 4756 8685.00000 7626.96809  12.2%  1168 32298s
 60527 36394 7627.02685  193 4810 8685.00000 7627.02685  12.2%  1168 32300s
 60533 36398 7880.37388  140 4764 8685.00000 7627.08051  12.2%  1168 32330s
 60536 36400 7951.54730  340 4726 8685.00000 7627.14632  12.2%  1168 32360s
 60539 36402 7805.51769  423 4618 8685.00000 7627.39394  12.2%  1167 32365s
 60543 36405 7627.41427  189 4785 8685.00000 7627.41427  12.2%  1167 32392s
 60544 36405 7672.01243  412 4485 8685.00000 7627.57887  12.2%  1167 32395s
 60550 36409 7699.62641  530 4608 8685.00000 7627.81148  12.2%  1167 32424s
 60551 36410 7627.90789  273 4530 8685.00000 7627.90789  12.2%  1167 32425s
 60555 36413 7627.94721  156 4633 8685.00000 7627.94721  12.2%  1167 32455s
 60558 36415 8595.22378  667 4583 8685.00000 7628.12746  12.2%  1167 32460s
 60562 36417 7761.63431  469 4659 8685.00000 7628.13800  12.2%  1167 32488s
 60563 36418 7664.49577  265 4555 8685.00000 7628.38379  12.2%  1167 32491s
 60565 36419 7628.61517  205 4526 8685.00000 7628.61517  12.2%  1167 32495s
 60570 36423 7657.09393  381 4625 8685.00000 7628.63950  12.2%  1167 32522s
 60572 36424 7762.08019  305 4580 8685.00000 7628.82688  12.2%  1167 32526s
 60577 36427 7737.26775  226 4646 8685.00000 7628.87820  12.2%  1167 32557s
 60578 36428 7629.07410  319 4593 8685.00000 7629.07410  12.2%  1167 32560s
 60585 36433 8610.70565  672 4706 8685.00000 7629.20659  12.2%  1167 32592s
 60586 36433 8316.14827  607 4496 8685.00000 7629.40260  12.2%  1167 32595s
 60591 36437 7629.47857  150 4625 8685.00000 7629.47857  12.2%  1166 32625s
 60596 36440 7629.70078  196 4688 8685.00000 7629.70078  12.2%  1166 32630s
 60597 36441 7943.31984  273 4680 8685.00000 7629.70164  12.2%  1166 32656s
 60598 36441 7629.94205  159 4532 8685.00000 7629.94205  12.1%  1166 32660s
 60604 36445 7630.10351  226 4640 8685.00000 7630.10351  12.1%  1166 32665s
 60605 36446 8585.30927  661 4673 8685.00000 7630.10410  12.1%  1166 32693s
 60606 36447 7690.15049  358 4689 8685.00000 7630.31394  12.1%  1166 32695s
 60610 36449 8035.84293  427 4674 8685.00000 7630.50274  12.1%  1166 32700s
 60613 36451 7651.12106  428 4691 8685.00000 7630.51718  12.1%  1166 32727s
 60614 36452 7630.65052  432 4540 8685.00000 7630.65052  12.1%  1166 32730s
 60619 36455 8111.60181  323 4771 8685.00000 7630.69642  12.1%  1166 32758s
 60622 36457 8142.38269  406 4745 8685.00000 7630.74041  12.1%  1166 32760s
 60623 36458 7630.74099  177 4734 8685.00000 7630.74099  12.1%  1166 32785s
 60629 36462 7630.80135  380 4673 8685.00000 7630.80135  12.1%  1166 32815s
 60633 36465 7880.37388  140 4654 8685.00000 7630.99590  12.1%  1166 32820s
 60634 36465 7805.56365  266 4655 8685.00000 7630.99611  12.1%  1166 32846s
 60637 36467 7631.10820  306 4629 8685.00000 7631.10820  12.1%  1166 32850s
 60639 36469 7805.51769  423 4643 8685.00000 7631.11060  12.1%  1166 32878s
 60640 36469 7631.20645  158 4538 8685.00000 7631.20645  12.1%  1166 32880s
 60645 36473 8245.13653  147 4635 8685.00000 7631.29839  12.1%  1165 32911s
 60646 36473 7631.81177  279 4439 8685.00000 7631.81177  12.1%  1165 32915s
 60650 36476 7699.62641  530 4431 8685.00000 7632.04767  12.1%  1165 32920s
 60652 36477 7700.77831  397 4502 8685.00000 7632.05508  12.1%  1165 32949s
 60653 36478 8659.94460  746 4516 8685.00000 7632.07480  12.1%  1165 32950s
 60658 36481 8595.22378  667 4493 8685.00000 7632.10513  12.1%  1165 32979s
 60659 36482 8365.68070  584 4438 8685.00000 7632.20486  12.1%  1165 32981s
 60664 36485 7699.83627  519 4474 8685.00000 7632.27710  12.1%  1165 33010s
 60667 36487 7913.58049  537 4593 8685.00000 7632.53379  12.1%  1165 33016s
 60670 36489 7657.09393  381 4606 8685.00000 7632.53902  12.1%  1165 33043s
 60671 36490 7916.19887  491 4700 8685.00000 7632.64058  12.1%  1165 33045s
 60676 36493 8419.06714  896 4743 8685.00000 7632.71843  12.1%  1165 33075s
 60677 36494 7737.26775  226 4442 8685.00000 7633.19608  12.1%  1165 33080s
 60680 36496 7983.42940  518 4458 8685.00000 7633.41297  12.1%  1165 33085s
 60686 36500 8316.14827  607 4630 8685.00000 7633.45013  12.1%  1165 33112s
 60687 36501 8228.55949  519 4410 8685.00000 7633.79859  12.1%  1165 33117s
 60689 36502 7634.01901  148 4570 8685.00000 7634.01901  12.1%  1165 33120s
 60693 36505 7634.07437  336 4666 8685.00000 7634.07437  12.1%  1165 33149s
 60694 36505 7916.07349  634 4359 8685.00000 7634.47138  12.1%  1164 33153s
 60695 36506 8670.75156  690 4416 8685.00000 7634.55292  12.1%  1164 33155s
 60700 36509 7634.66943  270 4714 8685.00000 7634.66943  12.1%  1164 33185s
 60703 36511 7634.96351  291 4609 8685.00000 7634.96351  12.1%  1164 33190s
 60705 36513 8585.30927  661 4568 8685.00000 7634.96854  12.1%  1164 33218s
 60707 36514 7635.08634  196 4580 8685.00000 7635.08634  12.1%  1164 33220s
 60714 36519 7635.12617  432 4618 8685.00000 7635.12617  12.1%  1164 33250s
 60717 36521 7635.43204  173 4589 8685.00000 7635.43204  12.1%  1164 33255s
 60721 36523 8070.28852  315 4536 8685.00000 7635.44465  12.1%  1164 33283s
 60722 36524 8142.38269  406 4610 8685.00000 7635.64701  12.1%  1164 33286s
 60726 36527 7782.64349  664 4543 8685.00000 7635.68170  12.1%  1164 33313s
 60727 36527 7635.82985  193 4476 8685.00000 7635.82985  12.1%  1164 33315s
 60731 36530 8571.24390  605 4528 8685.00000 7635.88525  12.1%  1164 33344s
 60732 36531 8286.49802  685 4516 8685.00000 7635.94099  12.1%  1164 33346s
 60736 36533 7951.54730  340 4629 8685.00000 7635.98821  12.1%  1164 33375s
 60740 36536 7636.16527  158 4681 8685.00000 7636.16527  12.1%  1164 33406s
 60745 36540 8245.13653  147  967 8685.00000 7636.31402  12.1%  1174 33417s
 60746 36541 7636.31402  279 1079 8685.00000 7636.31402  12.1%  1174 33420s
 60747 36542 7847.08698  318 1205 8685.00000 7636.31402  12.1%  1174 33425s
 60748 36542 7636.31402  124 1374 8685.00000 7636.31402  12.1%  1174 33433s
 60749 36543 7904.82481  602 1382 8685.00000 7636.31402  12.1%  1174 33442s
 60750 36544 7699.62641  530 1650 8685.00000 7636.31402  12.1%  1174 33456s
 60751 36544 7636.31402  273 1740 8685.00000 7636.31402  12.1%  1174 33473s
 60752 36545 7700.77831  397 1830 8685.00000 7636.31402  12.1%  1174 33490s
 60753 36546 8659.94460  746 2190 8685.00000 7636.31402  12.1%  1174 33513s
 60754 36546 8472.81710  517 2236 8685.00000 7636.31402  12.1%  1174 33534s
 60755 36547 7636.31402  156 2615 8685.00000 7636.31402  12.1%  1174 33558s
 60756 36548 7636.31402  166 2756 8685.00000 7636.31402  12.1%  1174 33582s
 60757 36548 7768.22561  622 2827 8685.00000 7636.31402  12.1%  1174 33606s
 60758 36549 8595.22378  667 3125 8685.00000 7636.31402  12.1%  1174 33628s
 60759 36550 8365.68070  584 3319 8685.00000 7636.31402  12.1%  1174 33651s
 60760 36550 7870.70903  589 3504 8685.00000 7636.31402  12.1%  1174 33675s
 60761 36551 7636.31402  270 3706 8685.00000 7636.31402  12.1%  1174 33694s
 60762 36552 7761.63431  469 3601 8685.00000 7636.31402  12.1%  1174 33709s
 60763 36552 7664.49577  265 3893 8685.00000 7636.31402  12.1%  1174 33722s
 60764 36553 7699.83627  519 3913 8685.00000 7636.31402  12.1%  1174 33732s
 60765 36554 7636.31402  205 3951 8685.00000 7636.31402  12.1%  1174 33740s
 60766 36554 7677.31180  307 4288 8685.00000 7636.31402  12.1%  1174 33746s
 60767 36555 7913.58049  537 4273 8685.00000 7636.31402  12.1%  1174 33750s
 60769 36556 7666.91870  275 4464 8685.00000 7636.31402  12.1%  1174 33757s
 60774 36560 8109.50612  562 4442 8685.00000 7636.31402  12.1%  1174 33760s
 60776 36561 8419.06714  896 4527 8685.00000 7636.48626  12.1%  1174 33766s
 60779 36563 7636.50652  189 4577 8685.00000 7636.50652  12.1%  1174 33797s
 60780 36564 7983.42940  518 4438 8685.00000 7636.60017  12.1%  1174 33800s
 60785 36567 8610.70565  672 4505 8685.00000 7636.63370  12.1%  1174 33831s
 60790 36570 7638.50871  202 4479 8685.00000 7636.75963  12.1%  1173 33864s
 60791 36571 7636.77961  150 4482 8685.00000 7636.77961  12.1%  1173 33865s
 60793 36572 7636.78382  336 4547 8685.00000 7636.78382  12.1%  1173 33893s
 60794 36573 7916.07349  634 4129 8685.00000 7636.86429  12.1%  1173 33905s
 60798 36576 7636.89866  159 4381 8685.00000 7636.89866  12.1%  1173 33938s
 60799 36576 7636.98572  135 4330 8685.00000 7636.98572  12.1%  1173 33941s
 60804 36580 7637.06952  226 4038 8685.00000 7637.06952  12.1%  1173 33976s
 60805 36580 8585.30927  661 4114 8685.00000 7637.26301  12.1%  1173 33980s
 60809 36583 7637.41143  255 4407 8685.00000 7637.41143  12.1%  1173 33985s
 60810 36584 8035.84293  427 4226 8685.00000 7637.41151  12.1%  1173 34015s
 60816 36588 7763.09669  289 4289 8685.00000 7637.52876  12.1%  1173 34048s
 60817 36588 7637.60682  173 4334 8685.00000 7637.60682  12.1%  1173 34051s
 60821 36591 8070.28852  315 4400 8685.00000 7637.64687  12.1%  1173 34081s
 60825 36594 7637.67207  273 4473 8685.00000 7637.67207  12.1%  1173 34113s
 60826 36594 7782.64349  664 4405 8685.00000 7637.91745  12.1%  1173 34129s
 60827 36595 7637.96781  193 4662 8685.00000 7637.96781  12.1%  1173 34130s
 60831 36598 8571.24390  605 4459 8685.00000 7637.97983  12.1%  1173 34162s
 60832 36598 8286.49802  685 4239 8685.00000 7638.24400  12.1%  1173 34165s
 60836 36601 7951.54730  340 4394 8685.00000 7638.47235  12.0%  1173 34199s
 60837 36602 7638.54720  306 4537 8685.00000 7638.54720  12.0%  1173 34202s
 60841 36604 8058.86396  574 4458 8685.00000 7638.59297  12.0%  1173 34235s
 60845 36607 8245.13653  147 4586 8685.00000 7638.65537  12.0%  1172 34268s
 60846 36608 7638.94507  279 4395 8685.00000 7638.94507  12.0%  1172 34273s
 60847 36608 7847.08698  318 4482 8685.00000 7639.00030  12.0%  1172 34275s
 60853 36612 8659.94460  746 4428 8685.00000 7639.03824  12.0%  1172 34306s
 60855 36614 7639.29080  156 4437 8685.00000 7639.29080  12.0%  1172 34311s
 60859 36616 8365.68070  584 4551 8685.00000 7639.31961  12.0%  1172 34340s
 60860 36617 7870.70903  589 4339 8685.00000 7639.54157  12.0%  1172 34356s
 60864 36620 7699.83627  519 4442 8685.00000 7639.56970  12.0%  1172 34386s
 60867 36622 7913.58049  537 4439 8685.00000 7639.65023  12.0%  1172 34390s
 60870 36624 7657.09393  381 4478 8685.00000 7639.65899  12.0%  1172 34417s
 60872 36625 7762.08019  305 4423 8685.00000 7639.78737  12.0%  1172 34420s
 60875 36627 7639.80588  233 4444 8685.00000 7639.80588  12.0%  1172 34447s
 60878 36629 7639.94266  319 4609 8685.00000 7639.94266  12.0%  1172 34450s
 60881 36631 7639.94595  190 4665 8685.00000 7639.94595  12.0%  1172 34477s
 60883 36632 7745.30943  359 4582 8685.00000 7640.12733  12.0%  1172 34480s
 60887 36635 8228.55949  519 4696 8685.00000 7640.18907  12.0%  1172 34509s
 60888 36636 7640.27980  373 4622 8685.00000 7640.27980  12.0%  1172 34511s
 60892 36638 8387.04096  813 4668 8685.00000 7640.30672  12.0%  1172 34543s
 60896 36641 7640.32541  196 4730 8685.00000 7640.32541  12.0%  1171 34572s
 60898 36642 7640.40756  159 4597 8685.00000 7640.40756  12.0%  1171 34575s
 60901 36644 7640.42957  211 4630 8685.00000 7640.42957  12.0%  1171 34604s
 60903 36646 7640.47359  291 4758 8685.00000 7640.47359  12.0%  1171 34605s
 60906 36648 7690.15049  358 4725 8685.00000 7640.47725  12.0%  1171 34633s
 60908 36649 7640.57226  285 4546 8685.00000 7640.57226  12.0%  1171 34635s
 60910 36650 8035.84293  427 4668 8685.00000 7640.58169  12.0%  1171 34663s
 60911 36651 7643.95586  347 4578 8685.00000 7640.62464  12.0%  1171 34668s
 60914 36653 7640.66666  432 4578 8685.00000 7640.66666  12.0%  1171 34670s
 60917 36655 7640.66994  173 4649 8685.00000 7640.66994  12.0%  1171 34698s
 60919 36656 8111.60181  323 4556 8685.00000 7640.74039  12.0%  1171 34700s
 60922 36658 8142.38269  406 4623 8685.00000 7640.74922  12.0%  1171 34726s
 60927 36662 7640.85972  193 4698 8685.00000 7640.85972  12.0%  1171 34730s
 60928 36662 8450.03802  606 4738 8685.00000 7640.86058  12.0%  1171 34755s
 60932 36665 8286.49802  685 4913 8685.00000 7641.03699  12.0%  1171 34760s
 60934 36666 7805.56365  266 4813 8685.00000 7641.04011  12.0%  1171 34788s
 60935 36667 8125.74016  229 4732 8685.00000 7641.27611  12.0%  1171 34793s
 60936 36668 7951.54730  340 4746 8685.00000 7641.34338  12.0%  1171 34795s
 60939 36670 7805.51769  423 4738 8685.00000 7641.36058  12.0%  1171 34821s
 60941 36671 8058.86396  574 4749 8685.00000 7641.60465  12.0%  1171 34826s
 60946 36674 7641.65920  279 4729 8685.00000 7641.65920  12.0%  1170 34830s
 60947 36675 7847.08698  318 4724 8685.00000 7641.65977  12.0%  1170 34856s
 60948 36676 7641.75779  124 4751 8685.00000 7641.75779  12.0%  1170 35155s
 60949 36676 7904.82481  602 4809 8685.00000 7641.79756  12.0%  1170 35226s
 60953 36679 8659.94460  746 4789 8685.00000 7641.82934  12.0%  1170 35254s
 60954 36680 8472.81710  517 4709 8685.00000 7641.89075  12.0%  1170 35256s
 60958 36682 8595.22378  667 4840 8685.00000 7641.92771  12.0%  1170 35287s
 60960 36684 7870.70903  589 4695 8685.00000 7642.20442  12.0%  1170 35291s
 60963 36686 7664.49577  265 4756 8685.00000 7642.23506  12.0%  1170 35320s
 60968 36689 7642.39562  263 4794 8685.00000 7642.39562  12.0%  1170 35325s
 60970 36690 7657.09393  381 4762 8685.00000 7642.39719  12.0%  1170 35350s
 60973 36692 7757.74490  304 4642 8685.00000 7642.61330  12.0%  1170 35355s
 60975 36694 7642.61663  233 4696 8685.00000 7642.61663  12.0%  1170 35381s
 60980 36697 7983.42940  518 4695 8685.00000 7642.76269  12.0%  1170 35410s
 60985 36700 8610.70565  672 4659 8685.00000 7642.88714  12.0%  1170 35440s
 60990 36704 7642.93718  202 4746 8685.00000 7642.93718  12.0%  1170 35469s
 60991 36704 7643.06264  150 4682 8685.00000 7643.06264  12.0%  1170 35471s
 60993 36706 7643.17662  336 4579 8685.00000 7643.17662  12.0%  1170 35475s
 60997 36708 7943.31984  273 4638 8685.00000 7643.18969  12.0%  1170 35502s
 60998 36709 7643.29554  159 4718 8685.00000 7643.29554  12.0%  1169 35505s
 61003 36712 7643.37095  291 4836 8685.00000 7643.37095  12.0%  1169 35534s
 61004 36713 7643.44658  226 4755 8685.00000 7643.44658  12.0%  1169 35535s
 61010 36717 8035.84293  427 4682 8685.00000 7643.49290  12.0%  1169 35566s
 61014 36720 7643.50001  432 4718 8685.00000 7643.50001  12.0%  1169 35596s
 61021 36724 8070.28852  315 4910 8685.00000 7643.57811  12.0%  1169 35625s
 61024 36726 7643.76031  217 4725 8685.00000 7643.76031  12.0%  1169 35630s
 61027 36728 7643.76581  193 4736 8685.00000 7643.76581  12.0%  1169 35656s
 61031 36731 8571.24390  605 4837 8685.00000 7643.79842  12.0%  1169 35683s
 61032 36732 8286.49802  685 4835 8685.00000 7643.89449  12.0%  1169 35686s
 61036 36734 7951.54730  340 4891 8685.00000 7643.95004  12.0%  1169 35714s
 61037 36735 7644.35537  306 4674 8685.00000 7644.35537  12.0%  1169 35718s
 61038 36736 7741.73235  341 4547 8685.00000 7644.54064  12.0%  1169 35721s
 61040 36737 7644.80326  158 4631 8685.00000 7644.80326  12.0%  1169 35725s
 61044 36740 7672.01243  412 4771 8685.00000 7644.83070  12.0%  1169 35755s
 61046 36741 7645.20096  279 4814 8685.00000 7645.20096  12.0%  1169 35762s
 61049 36743 7904.82481  602 4916 8685.00000 7645.24153  12.0%  1169 35765s
 61050 36744 7699.62641  530 4889 8685.00000 7645.24184  12.0%  1168 35791s
 61055 36747 7645.33551  156 4808 8685.00000 7645.33551  12.0%  1168 35795s
 61056 36748 7645.33586  166 4816 8685.00000 7645.33586  12.0%  1168 35821s
 61059 36750 8365.68070  584 4854 8685.00000 7645.42291  12.0%  1168 35825s
 61066 36754 7677.31180  307 4824 8685.00000 7645.46532  12.0%  1168 35854s
 61067 36755 7913.58049  537 4752 8685.00000 7645.56957  12.0%  1168 35857s
 61070 36757 7657.09393  381 4762 8685.00000 7645.59415  12.0%  1168 35886s
 61074 36760 8109.50612  562 4851 8685.00000 7645.73177  12.0%  1168 35890s
 61077 36762 7737.26775  226 4861 8685.00000 7645.73723  12.0%  1168 35917s
 61082 36765 7645.75418  202 4845 8685.00000 7645.75418  12.0%  1168 35942s
 61084 36766 8148.65482  334 4755 8685.00000 7645.80918  12.0%  1168 35945s
 61087 36768 8228.55949  519 4757 8685.00000 7645.82794  12.0%  1168 35972s
 61090 36770 7645.88193  202 4734 8685.00000 7645.88193  12.0%  1168 36000s
 61094 36773 7916.07349  634 4834 8685.00000 7645.90658  12.0%  1168 36028s
 61096 36774 7646.07567  196 4716 8685.00000 7646.07567  12.0%  1168 36031s
 61102 36778 8296.82375  740 4841 8685.00000 7646.10810  12.0%  1167 36060s
 61105 36780 8585.30927  661 4819 8685.00000 7646.13879  12.0%  1167 36087s
 61107 36782 7646.32598  196 4670 8685.00000 7646.32598  12.0%  1167 36091s
 61111 36784 7646.39252  347 4815 8685.00000 7646.39252  12.0%  1167 36123s
 61112 36785 8229.63995  267 4707 8685.00000 7646.46509  12.0%  1167 36125s
 61116 36788 7763.09669  289 4889 8685.00000 7646.51736  12.0%  1167 36153s
 61118 36789 7913.28789  535 4713 8685.00000 7646.56666  12.0%  1167 36155s
 61120 36790 7646.57183  186 4803 8685.00000 7646.57183  12.0%  1167 36182s
 61123 36792 7646.64648  177 4600 8685.00000 7646.64648  12.0%  1167 36185s
 61127 36795 7646.66520  193 4703 8685.00000 7646.66520  12.0%  1167 36215s
 61134 36800 7805.56365  266 4597 8685.00000 7646.73415  12.0%  1167 36245s
 61138 36802 7741.73235  341 4835 8685.00000 7646.88774  12.0%  1167 36250s
 61140 36804 7646.89140  158 4771 8685.00000 7646.89140  12.0%  1167 36275s
 61147 36808 7847.08698  318 4891 8685.00000 7647.03015  12.0%  1167 36308s
 61148 36809 7647.12080  124 4877 8685.00000 7647.12080  12.0%  1167 36310s
 61155 36814 7647.20481  156 4834 8685.00000 7647.20481  11.9%  1166 36342s
 61158 36816 8595.22378  667 4850 8685.00000 7647.32149  11.9%  1166 36345s
 61162 36818 7761.63431  469 4866 8685.00000 7647.32954  11.9%  1166 36373s
 61163 36819 7664.49577  265 4845 8685.00000 7647.45129  11.9%  1166 36376s
 61168 36822 7647.52757  263 4926 8685.00000 7647.52757  11.9%  1166 36407s
 61173 36826 7757.74490  304 4896 8685.00000 7647.57971  11.9%  1166 36440s
 61177 36828 7737.26775  226 4911 8685.00000 7647.62879  11.9%  1166 36472s
 61180 36830 7983.42940  518 4826 8685.00000 7647.64438  11.9%  1166 36500s
 61183 36832 7745.30943  359 4850 8685.00000 7647.89997  11.9%  1166 36505s
 61185 36834 8610.70565  672 4872 8685.00000 7647.90231  11.9%  1166 36533s
 61187 36835 8228.55949  519 4985 8685.00000 7647.94453  11.9%  1166 36535s
 61190 36837 7647.95553  202 4935 8685.00000 7647.95553  11.9%  1166 36561s
 61194 36840 7916.07349  634 4961 8685.00000 7647.97435  11.9%  1166 36589s
 61195 36840 8670.75156  690 5019 8685.00000 7647.97459  11.9%  1166 36590s
 61196 36841 7647.97459  196 4988 8685.00000 7647.97459  11.9%  1166 36617s
 61198 36842 7647.97520  159 4962 8685.00000 7647.97520  11.9%  1166 36642s
 61200 36844 7647.97830  270 4930 8685.00000 7647.97830  11.9%  1166 36669s
 61201 36844 7647.97851  211 4932 8685.00000 7647.97851  11.9%  1166 36670s
 61202 36845 8296.82375  740 4938 8685.00000 7647.97851  11.9%  1166 36697s
 61204 36846 7647.97851  226 4938 8685.00000 7647.97851  11.9%  1166 36724s
 61205 36847 8585.30927  661 4733 8685.00000 7648.33754  11.9%  1166 36759s
 61206 36848 7690.15049  358 4875 8685.00000 7648.42528  11.9%  1166 36761s
 61211 36851 7648.47825  347 4823 8685.00000 7648.47825  11.9%  1165 36791s
 61213 36852 7651.12106  428 4947 8685.00000 7648.80852  11.9%  1165 36797s
 61215 36854 8626.77328  663 4989 8685.00000 7648.85373  11.9%  1165 36800s
 61219 36856 8111.60181  323 5012 8685.00000 7648.86864  11.9%  1165 36829s
 61220 36857 7649.13141  186 4680 8685.00000 7649.13141  11.9%  1165 36832s
 61222 36858 8142.38269  406 4945 8685.00000 7649.23018  11.9%  1165 36836s
 61226 36861 7782.64349  664 4933 8685.00000 7649.25145  11.9%  1165 36863s
 61227 36862 7649.38709  193 4965 8685.00000 7649.38709  11.9%  1165 36865s
 61234 36866 7805.56365  266 5064 8685.00000 7649.47225  11.9%  1165 36896s
 61236 36868 7951.54730  340 4964 8685.00000 7649.62073  11.9%  1165 36900s
 61244 36873 7672.01243  412 5115 8685.00000 7649.66084  11.9%  1165 36931s
 61247 36875 7847.08698  318 4966 8685.00000 7649.84374  11.9%  1165 36935s
 61252 36878 7700.77831  397 4927 8685.00000 7649.86793  11.9%  1165 36964s
 61253 36879 8659.94460  746 5052 8685.00000 7649.90368  11.9%  1165 36965s
 61259 36883 8365.68070  584 5052 8685.00000 7649.97072  11.9%  1165 36970s
 61260 36884 7870.70903  589 5043 8685.00000 7649.97095  11.9%  1164 36997s
 61262 36885 7761.63431  469 4947 8685.00000 7650.11098  11.9%  1164 37000s
 61268 36889 7650.13686  263 5155 8685.00000 7650.13686  11.9%  1164 37030s
 61272 36892 7762.08019  305 5098 8685.00000 7650.27697  11.9%  1164 37035s
 61277 36895 7737.26775  226 4967 8685.00000 7650.29556  11.9%  1164 37065s
 61282 36898 7650.43780  202 4960 8685.00000 7650.43780  11.9%  1164 37070s
 61286 36901 8316.14827  607 4941 8685.00000 7650.44756  11.9%  1164 37097s
 61288 36902 7650.62271  373 4791 8685.00000 7650.62271  11.9%  1164 37101s
 61291 36904 7650.63780  150 4809 8685.00000 7650.63780  11.9%  1164 37127s
 61294 36906 7916.07349  634 4845 8685.00000 7650.68940  11.9%  1164 37130s
 61295 36907 8670.75156  690 4887 8685.00000 7650.69000  11.9%  1164 37157s
 61298 36909 7650.76118  159 5024 8685.00000 7650.76118  11.9%  1164 37160s
 61304 36913 7650.78552  226 5132 8685.00000 7650.78552  11.9%  1164 37188s
 61307 36915 7650.82306  196 4945 8685.00000 7650.82306  11.9%  1164 37190s
 61309 36916 7650.82562  255 4933 8685.00000 7650.82562  11.9%  1164 37216s
 61312 36918 8229.63995  267 4974 8685.00000 7650.84563  11.9%  1163 37245s
 61316 36921 7763.09669  289 4840 8685.00000 7650.87292  11.9%  1163 37271s
 61319 36923 8111.60181  323 4887 8685.00000 7650.89717  11.9%  1163 37300s
 61321 36924 8070.28852  315 4868 8685.00000 7651.07068  11.9%  1163 37502s
 61322 36928 7651.10964  142 4897 8685.00000 7651.07105  11.9%  1172 37529s
 61324 36931 7651.23892  143 4711 8685.00000 7651.10971  11.9%  1172 37574s
 61328 36938 7651.55096  144 4693 8685.00000 7651.24046  11.9%  1172 37627s
 61336 36943 7653.05313  145 4862 8685.00000 7651.55196  11.9%  1173 37680s
 61344 36965 7660.55259  146 4327 8685.00000 7651.55196  11.9%  1174 37907s
 61368 36989 7663.11432  147 4236 8685.00000 7653.13356  11.9%  1197 38001s
H61370 35132                    8683.0000000 7653.13356  11.9%  1197 38001s
H61399 33359                    8682.0000000 7654.38770  11.8%  1200 38001s
 61400 33513 7664.00106  148 4265 8682.00000 7654.38770  11.8%  1200 38073s
 61554 33554 7718.79073  151 3808 8682.00000 7654.38770  11.8%  1204 38110s
 61646 33616 7729.90670  152 3926 8682.00000 7654.38770  11.8%  1205 38139s
 61739 33615 7735.17500  153 3752 8682.00000 7654.38770  11.8%  1207 38159s
 61769 33647 7752.41395  154 3713 8682.00000 7654.38770  11.8%  1207 38181s
 61811 33665 7754.65543  155 3576 8682.00000 7654.38770  11.8%  1208 38201s
 61843 33684 7755.27484  156 3624 8682.00000 7654.38770  11.8%  1208 38229s
 61873 33706 7755.96045  157 3589 8682.00000 7654.38770  11.8%  1208 38246s
 61905 33725 7756.42944  158 3672 8682.00000 7654.38770  11.8%  1209 38268s
 61934 33746 7756.60131  159 3542 8682.00000 7654.38770  11.8%  1209 38288s
 61965 33768 7714.43245  167 3199 8682.00000 7654.38770  11.8%  1209 38310s
 61997 33789 7757.14027  160 3566 8682.00000 7654.38770  11.8%  1209 38324s
 62029 33819 7757.61961  161 3550 8682.00000 7654.38770  11.8%  1209 38344s
 62070 33843 7757.77257  162 3648 8682.00000 7654.38770  11.8%  1210 38368s
 62107 33872 7758.63050  163 3382 8682.00000 7654.38770  11.8%  1210 38393s
 62149 33883 7758.64967  164 3491 8682.00000 7654.38770  11.8%  1211 38416s
 62174 33919 7762.68509  165 3567 8682.00000 7654.38770  11.8%  1211 38440s
 62218 33978 7773.79249  166 3415 8682.00000 7654.38770  11.8%  1211 38467s
 62292 34044 7774.00446  167 3295 8682.00000 7654.38770  11.8%  1212 38497s
 62382 34121 7777.61626  169 3228 8682.00000 7654.38770  11.8%  1213 38527s
 62489 34214 7781.27652  172 3245 8682.00000 7654.38770  11.8%  1213 38560s
 62618 34290 7783.51846  177 3363 8682.00000 7654.38770  11.8%  1214 38592s
 62737 34372 7787.67483  184 3263 8682.00000 7654.38770  11.8%  1214 38627s
 62859 34363 7791.98303  191 3324 8682.00000 7654.38770  11.8%  1215 38653s
 62890 34384 7792.02421  192 3352 8682.00000 7654.38770  11.8%  1215 38677s
 62922 34405 7806.02566  193 3173 8682.00000 7654.38770  11.8%  1216 38704s
 62953 34424 7855.93561  194 2755 8682.00000 7654.38770  11.8%  1216 38734s
 62983 34444 7856.00916  195 2866 8682.00000 7654.38770  11.8%  1216 38763s
 63013 34483 7862.31638  196 2750 8682.00000 7654.38770  11.8%  1216 38795s
 63062 34495 7864.28802  200 2794 8682.00000 7654.38770  11.8%  1217 38827s
 63090 34533 7866.72102  201 2731 8682.00000 7654.38770  11.8%  1218 38859s
 63137 34608 7868.73819  202 2650 8682.00000 7654.38770  11.8%  1218 38895s
 63228 34715 7731.42608  217 3381 8682.00000 7654.38770  11.8%  1219 38938s
 63365 34852 7869.27280  203 2732 8682.00000 7654.38770  11.8%  1220 38984s
 63550 34951 7874.07955  212 2827 8682.00000 7654.38770  11.8%  1222 39036s
 63711 35081 7887.86765  223 2655 8682.00000 7654.38770  11.8%  1223 39089s
 63894 35281 7894.84014  233 2693 8682.00000 7654.38770  11.8%  1225 39142s
 64155 35425 7899.92483  250 2642 8682.00000 7654.38770  11.8%  1226 39196s
 64388 35379 7919.07225  256 2343 8682.00000 7654.38770  11.8%  1227 39228s
 64420 35417 7919.07225  257 2343 8682.00000 7654.38770  11.8%  1228 39268s
 64469 35506 7919.48094  258 2383 8682.00000 7654.38770  11.8%  1229 39312s
 64574 35582 7920.82923  260 2348 8682.00000 7654.38770  11.8%  1230 39367s
 64685 35814 7947.10903  267 2167 8682.00000 7654.38770  11.8%  1233 39426s
 64954 35979 7995.31554  277 1917 8682.00000 7654.38770  11.8%  1235 39489s
 65209 36200 8003.89572  288 1925 8682.00000 7654.38770  11.8%  1238 39554s
 65515 36506 8051.27691  305 1821 8682.00000 7654.38770  11.8%  1240 39621s
 65923 36737 8220.36690  331 1546 8682.00000 7654.38770  11.8%  1241 39688s
 66294 37115 8390.46637  351 1288 8682.00000 7654.38770  11.8%  1243 39754s
 66812 37444 8460.38508  383 1205 8682.00000 7654.38770  11.8%  1242 39822s
 67324 37752     cutoff  418      8682.00000 7654.38770  11.8%  1241 39895s
 67837 38104 7674.26260  153 3453 8682.00000 7654.38770  11.8%  1241 39968s
 68393 38091 7686.46775  155 3497 8682.00000 7654.38770  11.8%  1240 40024s
 68579 38553 7686.49289  156 3538 8682.00000 7654.38770  11.8%  1241 40119s
 69155 38816 7688.24056  161 3460 8682.00000 7654.38770  11.8%  1240 40211s
 69658 39081 7697.37867  176 3192 8682.00000 7654.38770  11.8%  1241 40310s
 70129 39319 7709.01716  189 3266 8682.00000 7654.38770  11.8%  1242 40403s
 70554 39477 7783.88878  196 2856 8682.00000 7654.38770  11.8%  1244 40507s
 70889 39684 7788.13110  197 2845 8682.00000 7654.38770  11.8%  1247 40597s
 71225 39600 7887.35430  201 2589 8682.00000 7654.38770  11.8%  1251 40659s
 71261 39787 7887.70104  202 2553 8682.00000 7655.94888  11.8%  1251 40736s
 71460 40001 7888.06895  203 2636 8682.00000 7655.94888  11.8%  1253 40819s
H71692 38242                    8676.0000000 7655.94888  11.8%  1254 40819s
 71744 38787 7890.45685  204 2675 8676.00000 7655.94888  11.8%  1255 40927s
H71790 37175                    8675.0000000 7655.94888  11.7%  1255 40927s
 72363 37579 7924.25048  226 2425 8675.00000 7655.94888  11.7%  1256 41040s
H72569 35994                    8674.0000000 7655.94888  11.7%  1256 41040s
 72997 36444 7959.13728  244 2442 8674.00000 7655.94888  11.7%  1259 41169s
 73646 36839 7997.93381  273 2373 8674.00000 7655.94888  11.7%  1261 41294s
 74298 37048 8062.85797  300 2087 8674.00000 7655.94888  11.7%  1265 41415s
 74734 36948 8127.15396  320 1795 8674.00000 7655.94888  11.7%  1269 41496s
 74780 37198 8154.57938  327 1694 8674.00000 7655.94888  11.7%  1270 41607s
H75011 35673                    8669.0000000 7655.94888  11.7%  1272 41607s
 75057 36335 8197.08498  363 1676 8669.00000 7655.94888  11.7%  1272 41747s
 75771 36280 8302.69172  422 1354 8669.00000 7655.94888  11.7%  1277 42029s
 75965 36246 8397.25189  482 1152 8669.00000 7655.94888  11.7%  1277 42116s
H75980 34856                    8666.0000000 7655.94888  11.7%  1278 42116s
 75998 35656 8397.31518  483 1117 8666.00000 7655.94888  11.7%  1278 42264s
 76820 36221 8510.94835  575  975 8666.00000 7655.94888  11.7%  1281 42418s
 77705 36385 8629.35219  672  785 8666.00000 7655.94888  11.7%  1284 42559s
 78180 36363 7708.39512  157 3653 8666.00000 7655.94888  11.7%  1289 42658s
 78316 37065 7710.60568  160 3621 8666.00000 7655.94888  11.7%  1290 42820s
 79064 38017 7762.31263  176 3173 8666.00000 7655.94888  11.7%  1294 42993s
 80290 38672 7842.71529  196 2552 8666.00000 7655.94888  11.7%  1294 43172s
 81448 39254 7892.93625  220 2202 8666.00000 7655.94888  11.7%  1295 43358s
 82501 39920 8010.76094  256 2226 8666.00000 7660.13232  11.6%  1299 43562s
 83536 40369 8175.27632  295 1953 8666.00000 7660.13232  11.6%  1302 43749s
 84360 40225 8297.66232  332 1911 8666.00000 7660.13232  11.6%  1308 43889s
 84529 40834 8354.48524  355 1797 8666.00000 7660.13232  11.6%  1309 44073s
 85196 40644 8379.06373  389 1703 8666.00000 7660.13232  11.6%  1312 44201s
 85228 41069 8381.29047  390 1651 8666.00000 7660.13232  11.6%  1313 44364s
 85718 41676 7665.25779  152 4051 8666.00000 7660.13232  11.6%  1313 44729s
 86488 42738 7707.37276  174 3573 8666.00000 7660.13232  11.6%  1320 44972s
 87831 44000 7727.10420  220 3381 8666.00000 7660.13232  11.6%  1326 45282s
 89607 44412 7774.39160  268 3107 8666.00000 7660.13232  11.6%  1331 45489s
 90674 45154 7800.60311  308 2871 8666.00000 7660.13232  11.6%  1335 45769s
 91786 44816 7827.91939  358 2675 8666.00000 7660.13232  11.6%  1339 45924s
 91819 45139 7829.24659  359 2715 8666.00000 7660.13232  11.6%  1339 46076s
 92153 45213 7845.47892  375 2722 8666.00000 7660.13232  11.6%  1341 46237s
 92338 46525 7846.95508  378 2626 8666.00000 7660.13232  11.6%  1341 46511s
 93712 46402 7897.60475  448 2471 8666.00000 7660.13232  11.6%  1345 46874s
 94070 47963 7914.73241  455 2480 8666.00000 7660.13232  11.6%  1348 47204s
 95784 48749 8002.98362  583 2421 8666.00000 7660.13232  11.6%  1355 47499s
 97141 50240 8163.72903  676 1973 8666.00000 7660.13232  11.6%  1360 47836s
 99133 50651 8347.26162  849 1629 8666.00000 7660.13232  11.6%  1365 48133s
 100234 52479 8557.18480  955 1486 8666.00000 7660.13232  11.6%  1369 48503s
 102525 53517 7707.76772  160 3247 8666.00000 7660.13232  11.6%  1373 48873s
 104358 54109 7737.77366  188 3161 8666.00000 7660.13232  11.6%  1382 49196s
 105591 55533 7742.19507  211 3227 8666.00000 7660.21891  11.6%  1389 49634s
 107464 56422 7790.90942  267 2974 8666.00000 7660.21891  11.6%  1399 50001s
 108996 55944 7797.01888  288 2846 8666.00000 7660.21891  11.6%  1406 50327s
 109028 55965 7797.37449  289 2888 8666.00000 7660.21891  11.6%  1406 50720s
 109060 55986 7797.41305  290 2828 8666.00000 7660.21891  11.6%  1406 51110s
 109092 56131 7797.78270  291 2896 8666.00000 7660.21891  11.6%  1406 51487s
 109247 57371 7798.70513  292 2907 8666.00000 7660.21891  11.6%  1407 51894s
 110570 59272 7798.76027  293 2878 8666.00000 7660.21891  11.6%  1408 52455s
 112940 60826 7811.02495  303 2682 8666.00000 7660.21891  11.6%  1415 52900s
 115292 62791 7833.03310  331 2818 8666.00000 7660.21891  11.6%  1422 53433s
 118168 64675 7872.30478  379 2692 8666.00000 7660.21891  11.6%  1429 54065s
 121025 66919 7905.75351  431 2436 8666.00000 7660.21891  11.6%  1440 54619s
 124305 67990 7946.18663  475 2441 8666.00000 7660.21891  11.6%  1446 55074s
 126549 69869 7984.12508  498 2437 8666.00000 7660.21891  11.6%  1453 55700s
 129398 71256 8008.40231  544 2442 8666.00000 7660.21891  11.6%  1457 56228s
 131822 73394 8059.88549  576 2338 8666.00000 7660.21891  11.6%  1466 56854s
 134949 74879 8101.04664  651 2410 8666.00000 7660.21891  11.6%  1477 57420s
 137665 78169 8182.08302  691 2202 8666.00000 7660.67767  11.6%  1486 58070s
 142072 82010 8189.48259  786 2270 8666.00000 7660.67767  11.6%  1487 58658s
 146485 83787 8227.91209  842 2108 8666.00000 7660.67767  11.6%  1480 59251s
 148341 85733 8356.49016  877 1958 8666.00000 7660.67767  11.6%  1491 59886s
 150317 91898 8293.50988  947 1951 8666.00000 7660.67767  11.6%  1499 61227s
 156765 97183 8529.20416 1122 1738 8666.00000 7668.19384  11.5%  1516 62045s
 162347 100072 7746.67386  232 3181 8666.00000 7668.19384  11.5%  1516 62722s
 165358 102893 7786.22234  301 3224 8666.00000 7668.19384  11.5%  1527 63478s
 168542 105629 7836.03130  408 3113 8666.00000 7668.19384  11.5%  1535 64176s
 171340 108301 7924.02921  480 2677 8666.00000 7668.19384  11.5%  1547 64936s
 174036 111741 7913.99950  543 2903 8666.00000 7668.19384  11.5%  1557 65669s
 177515 116578 7932.71134  573 2818 8666.00000 7668.19384  11.5%  1566 66475s
 182501 118916 8037.03669  636 2824 8666.00000 7669.07389  11.5%  1567 67013s
 184892 122345 8003.94004  660 2823 8666.00000 7669.07389  11.5%  1570 67604s
 188426 124233 8047.71292  735 2667 8666.00000 7669.07389  11.5%  1570 68203s
 190364 126427 8093.06042  776 2432 8666.00000 7669.07389  11.5%  1571 68831s
 192616 128395 8096.55162  803 2523 8666.00000 7669.07389  11.5%  1575 69398s
 194592 133299 8110.15930  849 2204 8666.00000 7669.07389  11.5%  1581 70082s
 199671 137338 8168.62946  931 2116 8666.00000 7669.07389  11.5%  1575 70692s
 203810 141245 8200.44531 1030 2126 8666.00000 7669.07389  11.5%  1572 71279s
 207864 145545 8250.15228 1166 1779 8666.00000 7669.07389  11.5%  1569 72065s
 212495 148523 8416.71573 1219 1826 8666.00000 7669.07389  11.5%  1569 72611s
 215515 151593 8517.69559 1256 1893 8666.00000 7669.07389  11.5%  1571 73155s
 218616 155058 8591.51696 1344 1955 8666.00000 7669.07389  11.5%  1572 73709s
 222131 156234 7792.14994  184 3186 8666.00000 7669.07389  11.5%  1571 74149s
 223353 159992 7837.67931  221 2654 8666.00000 7669.07389  11.5%  1573 74719s
 227223 164408 8239.58252  371 1785 8666.00000 7670.12663  11.5%  1569 75295s
 231850 167906 7709.98875  172 3616 8666.00000 7670.12663  11.5%  1563 75811s
 235461 170882 7769.30268  284 3402 8666.00000 7670.12663  11.5%  1559 76328s
 238553 175691 7817.14307  412 3319 8666.00000 7670.12663  11.5%  1560 77035s
 243475 178554 7908.63950  556 2979 8666.00000 7670.12663  11.5%  1554 77510s
 246342 181918 8032.47241  674 2900 8666.00000 7670.12663  11.5%  1554 78015s
 249753 185321 8157.67477  815 2702 8666.00000 7670.12663  11.5%  1552 78494s
 249898 185321 8161.62867  749 2381 8666.00000 7670.12663  11.5%  1551 78495s
 253224 188039 8329.41512  960 2556 8666.00000 7670.12663  11.5%  1549 78946s
 256026 191593 8536.97028 1066 2496 8666.00000 7670.12663  11.5%  1547 79453s
 259723 194838 7700.88211  168 3491 8666.00000 7670.12663  11.5%  1544 79935s
 263012 198216 7750.07625  212 3138 8666.00000 7670.12663  11.5%  1542 80429s
 266478 200575 7792.06464  297 3041 8666.00000 7670.12663  11.5%  1539 80865s
 268999 204721 7818.95020  343 2901 8666.00000 7670.12663  11.5%  1537 81691s
 273413 208068 7891.46058  445 2591 8666.00000 7670.12663  11.5%  1535 82204s
 276760 211085 7944.28200  490 2280 8666.00000 7670.12663  11.5%  1533 82665s
 279813 214512 7997.84130  557 2456 8666.00000 7670.12663  11.5%  1530 83179s
 283331 218092 8062.72776  655 2205 8666.00000 7670.12663  11.5%  1528 83689s
 286982 220600 8108.62652  753 2426 8666.00000 7670.12663  11.5%  1526 84130s
 289650 224122 8143.09190  798 2182 8666.00000 7670.12663  11.5%  1524 84678s
 293354 227187 8208.22795  875 1935 8666.00000 7670.12663  11.5%  1521 85199s
 296456 227568 8233.85616  998 1999 8666.00000 7670.12663  11.5%  1521 85533s
 296861 228555 infeasible 1003      8666.00000 7670.12663  11.5%  1521 85937s
 297911 230837 7686.60257  159 3606 8666.00000 7670.12663  11.5%  1522 86400s

Cutting planes:
  Learned: 1
  Gomory: 132
  Cover: 2117
  Implied bound: 77
  Projected implied bound: 6
  Clique: 165
  MIR: 866
  Mixing: 2
  StrongCG: 713
  Flow cover: 5406
  GUB cover: 324
  Zero half: 506
  Mod-K: 10
  RLT: 2330
  Relax-and-lift: 260
  BQP: 2

Explored 300258 nodes (457347509 simplex iterations) in 86400.49 seconds (110575.19 work units)
Thread count was 32 (of 128 available processors)

Solution count 10: 8666 8669 8674 ... 8687

Time limit reached
Best objective 8.666000000000e+03, best bound 7.672000000000e+03, gap 11.4701%
Solved c201_Even -> /project2/ssuen_1733/output/v3-balance-hours/c201_Even.pkl / .json
[Wed Dec 17 15:52:07 PST 2025] Finished run_single_instance for c201_Even
