==========================================
SLURM_JOB_ID = 5322912
SLURM_JOB_NODELIST = a04-08
TMPDIR = /tmp/SLURM_5322912
==========================================
Using Python:
Python 3.10.18
Checking core dependencies:
numpy: 2.2.6
gurobi: (12, 0, 3)
[Tue Dec 16 16:10:30 PST 2025] Starting run_single_instance on a04-08.hpc.usc.edu for c201_Random1
Set parameter TokenServer to value "hpc-licenses.hpcc.usc.edu"
Set parameter TimeLimit to value 86400
Set parameter Seed to value 42
Set parameter OutputFlag to value 1
Gurobi Optimizer version 12.0.3 build v12.0.3rc0 (linux64 - "Rocky Linux 8.10 (Green Obsidian)")

CPU model: AMD EPYC 7513 32-Core Processor, instruction set [SSE2|AVX|AVX2]
Thread count: 64 physical cores, 64 logical processors, using up to 32 threads

Non-default parameters:
TimeLimit  86400
Seed  42

Optimize a model with 703650 rows, 728000 columns and 7279600 nonzeros
Model fingerprint: 0xa56ab599
Variable types: 0 continuous, 728000 integer (727500 binary)
Coefficient statistics:
  Matrix range     [1e+00, 1e+03]
  Objective range  [2e+00, 1e+02]
  Bounds range     [1e+00, 5e+01]
  RHS range        [1e+00, 1e+03]
Presolve removed 678700 rows and 699055 columns
Presolve time: 1.69s
Presolved: 24950 rows, 28945 columns, 211150 nonzeros
Variable types: 0 continuous, 28945 integer (28900 binary)
Performing another presolve...
Presolve removed 500 rows and 250 columns
Presolve time: 0.35s
Deterministic concurrent LP optimizer: primal and dual simplex
Showing primal log only...


Root simplex log...

Iteration    Objective       Primal Inf.    Dual Inf.      Time
   20362    8.4126498e+03   0.000000e+00   9.515708e+05      5s
Concurrent spin time: 0.00s

Solved with dual simplex

Root simplex log...

Iteration    Objective       Primal Inf.    Dual Inf.      Time
   18768    4.6969236e+03   0.000000e+00   0.000000e+00      6s

Root relaxation: objective 4.696924e+03, 18768 iterations, 2.31 seconds (3.13 work units)
Total elapsed time = 5.76s (DegenMoves)

    Nodes    |    Current Node    |     Objective Bounds      |     Work
 Expl Unexpl |  Obj  Depth IntInf | Incumbent    BestBd   Gap | It/Node Time

     0     0 4696.92360    0  935          - 4696.92360      -     -    6s
     0     0 4712.97402    0 1069          - 4712.97402      -     -    8s
     0     0 4780.92661    0 1067          - 4780.92661      -     -    8s
     0     0 4780.92661    0 1072          - 4780.92661      -     -    8s
H    0     0                    20399.000000 4780.92661  76.6%     -    9s
     0     0 4780.92661    0 1110 20399.0000 4780.92661  76.6%     -   10s
H    0     0                    20283.000000 4780.92661  76.4%     -   10s
H    0     0                    19891.000000 4780.92661  76.0%     -   10s
H    0     0                    19593.000000 4780.92661  75.6%     -   10s
H    0     0                    19499.000000 4780.92661  75.5%     -   10s
H    0     0                    19106.000000 4780.92661  75.0%     -   10s
H    0     0                    19074.000000 4780.92661  74.9%     -   10s
H    0     0                    18592.000000 4780.92661  74.3%     -   10s
H    0     0                    18591.000000 4780.92661  74.3%     -   10s
H    0     0                    18248.000000 4780.92661  73.8%     -   10s
H    0     0                    18153.000000 4780.92661  73.7%     -   10s
H    0     0                    18147.000000 4780.92661  73.7%     -   10s
H    0     0                    17852.000000 4780.92661  73.2%     -   10s
H    0     0                    17522.000000 4780.92661  72.7%     -   10s
H    0     0                    17420.000000 4780.92661  72.6%     -   10s
H    0     0                    17382.000000 4780.92661  72.5%     -   10s
H    0     0                    17334.000000 4780.92661  72.4%     -   10s
H    0     0                    17298.000000 4780.92661  72.4%     -   10s
H    0     0                    17288.000000 4780.92661  72.3%     -   10s
H    0     0                    17139.000000 4780.92661  72.1%     -   10s
H    0     0                    17069.000000 4780.92661  72.0%     -   10s
H    0     0                    17007.000000 4780.92661  71.9%     -   10s
H    0     0                    16862.000000 4780.92661  71.6%     -   10s
H    0     0                    16787.000000 4780.92661  71.5%     -   11s
H    0     0                    16396.000000 4780.92661  70.8%     -   11s
H    0     0                    15363.000000 4780.92661  68.9%     -   11s
H    0     0                    14739.000000 4780.92661  67.6%     -   11s
H    0     0                    14727.000000 4780.92661  67.5%     -   11s
H    0     0                    14605.000000 4780.92661  67.3%     -   11s
H    0     0                    14468.000000 4780.92661  67.0%     -   11s
H    0     0                    14449.000000 4780.92661  66.9%     -   11s
H    0     0                    14408.000000 4780.92661  66.8%     -   11s
     0     0 4780.92661    0 1157 14408.0000 4780.92661  66.8%     -   12s
     0     0 4780.92661    0 1173 14408.0000 4780.92661  66.8%     -   12s
     0     0 4780.92661    0 1180 14408.0000 4780.92661  66.8%     -   12s
     0     0 4780.92661    0 1186 14408.0000 4780.92661  66.8%     -   12s
     0     0 4780.92661    0 1208 14408.0000 4780.92661  66.8%     -   15s
H    0     0                    14370.000000 4780.92661  66.7%     -   15s
     0     0 4780.92661    0 1273 14370.0000 4780.92661  66.7%     -   15s
     0     0 4780.92661    0 1253 14370.0000 4780.92661  66.7%     -   15s
     0     0 4780.92661    0 1251 14370.0000 4780.92661  66.7%     -   15s
     0     0 4803.51593    0 1273 14370.0000 4803.51593  66.6%     -   19s
     0     0 4803.76795    0 1328 14370.0000 4803.76795  66.6%     -   20s
     0     0 4803.82150    0 1356 14370.0000 4803.82150  66.6%     -   20s
     0     0 4803.82156    0 1366 14370.0000 4803.82156  66.6%     -   20s
     0     0 4851.91581    0 1261 14370.0000 4851.91581  66.2%     -   23s
H    0     0                    14292.000000 4851.91915  66.1%     -   23s
     0     0 4854.09773    0 1334 14292.0000 4854.09773  66.0%     -   24s
     0     0 4854.12875    0 1403 14292.0000 4854.12875  66.0%     -   24s
     0     0 4854.20141    0 1344 14292.0000 4854.20141  66.0%     -   24s
     0     0 4854.22451    0 1353 14292.0000 4854.22451  66.0%     -   24s
     0     0 4905.82651    0 1262 14292.0000 4905.82651  65.7%     -   27s
H    0     0                    14274.000000 4905.82713  65.6%     -   27s
H    0     0                    14215.000000 4905.82713  65.5%     -   27s
H    0     0                    14005.000000 4905.82713  65.0%     -   27s
H    0     0                    13980.000000 4905.82713  64.9%     -   27s
H    0     0                    13783.000000 4905.82713  64.4%     -   27s
H    0     0                    13750.000000 4905.82713  64.3%     -   28s
H    0     0                    13692.000000 4905.82713  64.2%     -   28s
H    0     0                    13669.000000 4905.82713  64.1%     -   28s
H    0     0                    13655.000000 4905.82713  64.1%     -   28s
     0     0 4913.05579    0 1314 13655.0000 4913.05579  64.0%     -   29s
     0     0 4915.12920    0 1293 13655.0000 4915.12920  64.0%     -   29s
     0     0 4915.17594    0 1326 13655.0000 4915.17594  64.0%     -   29s
     0     0 4915.18698    0 1346 13655.0000 4915.18698  64.0%     -   29s
     0     0 4996.74980    0 1361 13655.0000 4996.74980  63.4%     -   32s
H    0     0                    13458.000000 4996.99727  62.9%     -   32s
H    0     0                    13307.000000 4996.99727  62.4%     -   32s
H    0     0                    13269.000000 4996.99727  62.3%     -   32s
     0     0 5004.38204    0 1371 13269.0000 5004.38204  62.3%     -   33s
     0     0 5004.92526    0 1394 13269.0000 5004.92526  62.3%     -   33s
     0     0 5004.94213    0 1415 13269.0000 5004.94213  62.3%     -   33s
     0     0 5051.26619    0 1397 13269.0000 5051.26619  61.9%     -   36s
H    0     0                    13202.000000 5051.33090  61.7%     -   36s
H    0     0                    12871.000000 5051.33090  60.8%     -   36s
H    0     0                    12757.000000 5051.33090  60.4%     -   36s
H    0     0                    12751.000000 5051.33090  60.4%     -   36s
H    0     0                    12748.000000 5051.33090  60.4%     -   36s
H    0     0                    12736.000000 5051.33090  60.3%     -   36s
     0     0 5057.97776    0 1424 12736.0000 5057.97776  60.3%     -   37s
     0     0 5058.22814    0 1431 12736.0000 5058.22814  60.3%     -   37s
     0     0 5058.32644    0 1477 12736.0000 5058.32644  60.3%     -   37s
     0     0 5058.32644    0 1481 12736.0000 5058.32644  60.3%     -   38s
     0     0 5104.12590    0 1495 12736.0000 5104.12590  59.9%     -   40s
H    0     0                    12691.000000 5104.13817  59.8%     -   40s
H    0     0                    12663.000000 5104.13817  59.7%     -   40s
     0     0 5105.86116    0 1549 12663.0000 5105.86116  59.7%     -   41s
     0     0 5106.49094    0 1570 12663.0000 5106.49094  59.7%     -   42s
     0     0 5106.54087    0 1598 12663.0000 5106.54087  59.7%     -   43s
     0     0 5126.53201    0 1619 12663.0000 5126.53201  59.5%     -   45s
H    0     0                    12631.000000 5126.58794  59.4%     -   46s
H    0     0                    12569.000000 5126.58794  59.2%     -   46s
H    0     0                    12451.000000 5126.58794  58.8%     -   46s
H    0     0                    12442.000000 5126.58794  58.8%     -   46s
H    0     0                    12359.000000 5126.58794  58.5%     -   46s
H    0     0                    12251.000000 5126.58794  58.2%     -   46s
H    0     0                    12090.000000 5126.58794  57.6%     -   46s
H    0     0                    12086.000000 5126.58794  57.6%     -   46s
H    0     0                    12046.000000 5126.58794  57.4%     -   46s
H    0     0                    12026.000000 5126.58794  57.4%     -   46s
     0     0 5129.68617    0 1585 12026.0000 5129.68617  57.3%     -   47s
     0     0 5130.02686    0 1583 12026.0000 5130.02686  57.3%     -   48s
     0     0 5130.04164    0 1609 12026.0000 5130.04164  57.3%     -   48s
     0     0 5158.22245    0 1520 12026.0000 5158.22245  57.1%     -   51s
H    0     0                    12008.000000 5158.22245  57.0%     -   51s
     0     0 5159.82780    0 1543 12008.0000 5159.82780  57.0%     -   52s
     0     0 5160.00142    0 1563 12008.0000 5160.00142  57.0%     -   52s
     0     0 5160.07438    0 1657 12008.0000 5160.07438  57.0%     -   52s
     0     0 5175.05937    0 1474 12008.0000 5175.05937  56.9%     -   55s
H    0     0                    11941.000000 5175.95820  56.7%     -   55s
H    0     0                    11939.000000 5175.95820  56.6%     -   55s
H    0     0                    11492.000000 5175.95820  55.0%     -   56s
H    0     0                    11490.000000 5175.95820  55.0%     -   56s
H    0     0                    11485.000000 5175.95820  54.9%     -   56s
H    0     0                    11458.000000 5175.95820  54.8%     -   56s
H    0     0                    11454.000000 5175.95820  54.8%     -   56s
H    0     0                    11453.000000 5175.95820  54.8%     -   56s
H    0     0                    11339.000000 5175.95820  54.4%     -   56s
     0     0 5177.64201    0 1546 11339.0000 5177.64201  54.3%     -   57s
     0     0 5177.86035    0 1482 11339.0000 5177.86035  54.3%     -   58s
     0     0 5177.95892    0 1624 11339.0000 5177.95892  54.3%     -   58s
     0     0 5189.38391    0 1526 11339.0000 5189.38391  54.2%     -   60s
H    0     0                    11259.000000 5190.21329  53.9%     -   60s
     0     0 5190.91971    0 1664 11259.0000 5190.91971  53.9%     -   61s
     0     0 5191.21114    0 1617 11259.0000 5191.21114  53.9%     -   62s
     0     0 5191.26573    0 1656 11259.0000 5191.26573  53.9%     -   62s
     0     0 5200.91635    0 1619 11259.0000 5200.91635  53.8%     -   64s
H    0     0                    11113.000000 5200.93028  53.2%     -   64s
H    0     0                    11103.000000 5200.93028  53.2%     -   64s
H    0     0                    11093.000000 5200.93028  53.1%     -   64s
H    0     0                    11087.000000 5200.93028  53.1%     -   65s
H    0     0                    11084.000000 5200.93028  53.1%     -   65s
     0     0 5201.42446    0 1648 11084.0000 5201.42446  53.1%     -   65s
     0     0 5201.56217    0 1615 11084.0000 5201.56217  53.1%     -   66s
     0     0 5201.56409    0 1659 11084.0000 5201.56409  53.1%     -   66s
     0     0 5204.81958    0 1561 11084.0000 5204.81958  53.0%     -   67s
H    0     0                    11052.000000 5204.82064  52.9%     -   67s
H    0     0                    11037.000000 5204.82064  52.8%     -   67s
H    0     0                    11023.000000 5204.82064  52.8%     -   67s
     0     0 5205.51665    0 1552 11023.0000 5205.51665  52.8%     -   68s
     0     0 5205.89441    0 1571 11023.0000 5205.89441  52.8%     -   68s
     0     0 5206.00591    0 1569 11023.0000 5206.00591  52.8%     -   69s
     0     0 5213.85048    0 1553 11023.0000 5213.85048  52.7%     -   70s
H    0     0                    11017.000000 5213.85207  52.7%     -   71s
H    0     0                    11000.000000 5213.85207  52.6%     -   71s
H    0     0                    10919.000000 5213.85207  52.2%     -   71s
H    0     0                    10918.000000 5213.85207  52.2%     -   71s
H    0     0                    10903.000000 5213.85207  52.2%     -   71s
H    0     0                    10841.000000 5213.85207  51.9%     -   71s
H    0     0                    10819.000000 5213.85207  51.8%     -   71s
H    0     0                    10814.000000 5213.85207  51.8%     -   71s
H    0     0                    10811.000000 5213.85207  51.8%     -   71s
H    0     0                    10803.000000 5213.85207  51.7%     -   71s
H    0     0                    10798.000000 5213.85207  51.7%     -   71s
H    0     0                    10797.000000 5213.85207  51.7%     -   71s
H    0     0                    10789.000000 5213.85207  51.7%     -   71s
H    0     0                    10771.000000 5213.85207  51.6%     -   71s
H    0     0                    10757.000000 5213.85207  51.5%     -   71s
H    0     0                    10756.000000 5213.85207  51.5%     -   71s
     0     0 5214.47695    0 1611 10756.0000 5214.47695  51.5%     -   73s
     0     0 5214.59760    0 1658 10756.0000 5214.59760  51.5%     -   73s
     0     0 5222.36230    0 1618 10756.0000 5222.36230  51.4%     -   75s
     0     0 5223.38618    0 1650 10756.0000 5223.38618  51.4%     -   76s
     0     0 5223.46275    0 1676 10756.0000 5223.46275  51.4%     -   77s
     0     0 5228.51507    0 1594 10756.0000 5228.51507  51.4%     -   78s
     0     0 5229.11041    0 1606 10756.0000 5229.11041  51.4%     -   79s
     0     0 5229.19780    0 1641 10756.0000 5229.19780  51.4%     -   80s
     0     0 5236.25977    0 1631 10756.0000 5236.25977  51.3%     -   81s
     0     0 5236.48284    0 1710 10756.0000 5236.48284  51.3%     -   82s
     0     0 5236.51707    0 1679 10756.0000 5236.51707  51.3%     -   82s
     0     0 5241.58544    0 1707 10756.0000 5241.58544  51.3%     -   84s
     0     0 5242.92230    0 1662 10756.0000 5242.92230  51.3%     -   84s
     0     0 5242.93224    0 1712 10756.0000 5242.93224  51.3%     -   85s
     0     0 5250.34004    0 1623 10756.0000 5250.34004  51.2%     -   86s
     0     0 5252.93131    0 1625 10756.0000 5252.93131  51.2%     -   87s
     0     0 5253.10218    0 1664 10756.0000 5253.10218  51.2%     -   87s
     0     0 5253.12986    0 1659 10756.0000 5253.12986  51.2%     -   88s
     0     0 5257.99135    0 1615 10756.0000 5257.99135  51.1%     -   89s
     0     0 5258.42627    0 1700 10756.0000 5258.42627  51.1%     -   90s
     0     0 5258.48520    0 1712 10756.0000 5258.48520  51.1%     -   90s
     0     0 5264.68137    0 1594 10756.0000 5264.68137  51.1%     -   92s
     0     0 5265.02571    0 1683 10756.0000 5265.02571  51.1%     -   92s
     0     0 5265.03287    0 1675 10756.0000 5265.03287  51.1%     -   93s
     0     0 5268.52962    0 1748 10756.0000 5268.52962  51.0%     -   94s
     0     0 5268.88698    0 1776 10756.0000 5268.88698  51.0%     -   95s
     0     0 5268.94137    0 1811 10756.0000 5268.94137  51.0%     -   96s
     0     0 5275.20301    0 1573 10756.0000 5275.20301  51.0%     -   98s
     0     0 5275.52816    0 1641 10756.0000 5275.52816  51.0%     -   99s
     0     0 5275.55152    0 1667 10756.0000 5275.55152  51.0%     -   99s
     0     0 5280.96063    0 1673 10756.0000 5280.96063  50.9%     -  101s
H    0     0                    10713.000000 5280.98519  50.7%     -  101s
H    0     0                    10703.000000 5280.98519  50.7%     -  101s
H    0     0                    10536.000000 5280.98519  49.9%     -  101s
H    0     0                    10516.000000 5280.98519  49.8%     -  101s
H    0     0                    10509.000000 5280.98519  49.7%     -  101s
H    0     0                    10505.000000 5280.98519  49.7%     -  101s
H    0     0                    10496.000000 5280.98519  49.7%     -  101s
H    0     0                    10483.000000 5280.98519  49.6%     -  101s
     0     0 5281.17921    0 1700 10483.0000 5281.17921  49.6%     -  102s
     0     0 5281.21514    0 1735 10483.0000 5281.21514  49.6%     -  102s
     0     0 5286.37221    0 1607 10483.0000 5286.37221  49.6%     -  104s
H    0     0                    10479.000000 5286.37221  49.6%     -  104s
H    0     0                    10451.000000 5286.37221  49.4%     -  104s
H    0     0                    10447.000000 5286.37221  49.4%     -  104s
H    0     0                    10425.000000 5286.37221  49.3%     -  104s
H    0     0                    10415.000000 5286.37221  49.2%     -  104s
H    0     0                    10414.000000 5286.37221  49.2%     -  104s
     0     0 5286.71050    0 1601 10414.0000 5286.71050  49.2%     -  105s
     0     0 5286.73063    0 1672 10414.0000 5286.73063  49.2%     -  105s
     0     0 5292.11984    0 1685 10414.0000 5292.11984  49.2%     -  107s
     0     0 5292.53975    0 1665 10414.0000 5292.53975  49.2%     -  108s
     0     0 5292.56492    0 1702 10414.0000 5292.56492  49.2%     -  108s
     0     0 5293.43629    0 1687 10414.0000 5293.43629  49.2%     -  109s
     0     0 5293.61557    0 1714 10414.0000 5293.61557  49.2%     -  109s
     0     0 5293.63720    0 1715 10414.0000 5293.63720  49.2%     -  110s
     0     0 5297.28178    0 1653 10414.0000 5297.28178  49.1%     -  111s
H    0     0                    10406.000000 5297.48438  49.1%     -  111s
H    0     0                    10113.000000 5297.48438  47.6%     -  111s
H    0     0                    10111.000000 5297.48438  47.6%     -  111s
     0     0 5297.63668    0 1708 10111.0000 5297.63668  47.6%     -  112s
     0     0 5297.63726    0 1695 10111.0000 5297.63726  47.6%     -  112s
     0     0 5300.24807    0 1617 10111.0000 5300.24807  47.6%     -  114s
H    0     0                    10105.000000 5300.24926  47.5%     -  114s
     0     0 5300.62658    0 1623 10105.0000 5300.62658  47.5%     -  114s
     0     0 5300.66527    0 1572 10105.0000 5300.66527  47.5%     -  115s
     0     0 5303.13118    0 1679 10105.0000 5303.13118  47.5%     -  116s
H    0     0                    10044.000000 5303.27093  47.2%     -  116s
H    0     0                    9985.0000000 5303.27093  46.9%     -  117s
H    0     0                    9970.0000000 5303.27093  46.8%     -  117s
H    0     0                    9968.0000000 5303.27093  46.8%     -  117s
H    0     0                    9962.0000000 5303.27093  46.8%     -  117s
H    0     0                    9958.0000000 5303.27093  46.7%     -  117s
H    0     0                    9948.0000000 5303.27093  46.7%     -  117s
H    0     0                    9918.0000000 5303.27093  46.5%     -  118s
H    0     0                    9856.0000000 5303.27093  46.2%     -  119s
H    0     0                    9835.0000000 5303.27093  46.1%     -  119s
     0     0 5303.34962    0 1693 9835.00000 5303.34962  46.1%     -  119s
     0     0 5303.42391    0 1676 9835.00000 5303.42391  46.1%     -  120s
     0     0 5305.55206    0 1667 9835.00000 5305.55206  46.1%     -  121s
H    0     0                    9817.0000000 5305.55206  46.0%     -  121s
H    0     0                    9815.0000000 5305.55206  45.9%     -  121s
     0     0 5305.91668    0 1676 9815.00000 5305.91668  45.9%     -  122s
     0     0 5306.09416    0 1722 9815.00000 5306.09416  45.9%     -  123s
     0     0 5306.15809    0 1687 9815.00000 5306.15809  45.9%     -  123s
     0     0 5308.93019    0 1667 9815.00000 5308.93019  45.9%     -  124s
     0     0 5309.09178    0 1695 9815.00000 5309.09178  45.9%     -  125s
     0     0 5312.66425    0 1611 9815.00000 5312.66425  45.9%     -  127s
     0     0 5312.87386    0 1644 9815.00000 5312.87386  45.9%     -  128s
     0     0 5312.92319    0 1671 9815.00000 5312.92319  45.9%     -  128s
H    0     0                    9773.0000000 5317.12942  45.6%     -  130s
H    0     0                    9752.0000000 5317.12942  45.5%     -  130s
H    0     0                    9747.0000000 5317.12942  45.4%     -  130s
H    0     0                    9746.0000000 5317.12942  45.4%     -  130s
     0     0 5317.12942    0 1613 9746.00000 5317.12942  45.4%     -  130s
H    0     0                    9739.0000000 5317.18390  45.4%     -  130s
     0     0 5317.65531    0 1559 9739.00000 5317.65531  45.4%     -  131s
     0     0 5317.97550    0 1611 9739.00000 5317.97550  45.4%     -  131s
     0     0 5318.04901    0 1647 9739.00000 5318.04901  45.4%     -  132s
     0     0 5331.52788    0 1766 9739.00000 5331.52788  45.3%     -  134s
H    0     0                    9738.0000000 5331.52788  45.3%     -  134s
H    0     0                    9721.0000000 5331.52788  45.2%     -  134s
H    0     0                    9716.0000000 5331.52788  45.1%     -  135s
H    0     0                    9714.0000000 5331.52788  45.1%     -  135s
H    0     0                    9706.0000000 5331.52788  45.1%     -  135s
H    0     0                    9702.0000000 5332.11365  45.0%     -  136s
H    0     0                    9699.0000000 5332.11365  45.0%     -  136s
H    0     0                    9673.0000000 5332.11365  44.9%     -  136s
H    0     0                    9613.0000000 5332.11365  44.5%     -  136s
H    0     0                    9607.0000000 5332.11365  44.5%     -  136s
H    0     0                    9476.0000000 5332.11365  43.7%     -  136s
H    0     0                    9474.0000000 5332.11365  43.7%     -  136s
H    0     0                    9451.0000000 5332.11365  43.6%     -  136s
H    0     0                    9435.0000000 5332.11365  43.5%     -  136s
H    0     0                    9395.0000000 5332.11365  43.2%     -  136s
H    0     0                    9369.0000000 5332.11365  43.1%     -  136s
H    0     0                    9368.0000000 5332.11365  43.1%     -  136s
     0     0 5332.11365    0 1779 9368.00000 5332.11365  43.1%     -  136s
H    0     0                    9338.0000000 5332.19802  42.9%     -  136s
     0     0 5332.19802    0 1805 9338.00000 5332.19802  42.9%     -  136s
     0     0 5342.98154    0 1641 9338.00000 5342.98154  42.8%     -  138s
     0     0 5343.41682    0 1685 9338.00000 5343.41682  42.8%     -  139s
     0     0 5343.49594    0 1739 9338.00000 5343.49594  42.8%     -  139s
     0     0 5343.88634    0 1589 9338.00000 5343.88634  42.8%     -  140s
     0     0 5343.88745    0 1556 9338.00000 5343.88745  42.8%     -  140s
H    0     0                    9323.0000000 5343.88875  42.7%     -  144s
     0     2 5343.88875    0 1556 9323.00000 5343.88875  42.7%     -  145s
     3     8 5347.97968    2 1758 9323.00000 5345.37649  42.7%  2615  155s
     7    16 5349.46260    3 1749 9323.00000 5347.97971  42.6%  3611  161s
    15    30 5351.69588    4 1701 9323.00000 5349.49606  42.6%  3911  167s
    31    46 5352.13255    5 1698 9323.00000 5352.09439  42.6%  4390  181s
H   47    74                    9299.0000000 5352.09439  42.4%  5017  188s
H   50    74                    9290.0000000 5352.09439  42.4%  4998  188s
H   52    74                    9281.0000000 5352.09439  42.3%  4928  188s
H   56    74                    9262.0000000 5352.09439  42.2%  4857  188s
H   58    74                    9229.0000000 5352.09439  42.0%  4839  188s
    79   136 5353.90180    7 1759 9229.00000 5352.09439  42.0%  3988  235s
H  141   267                    9219.0000000 5352.09439  41.9%  3106  251s
H  143   267                    9213.0000000 5352.09439  41.9%  3101  251s
H  148   267                    9198.0000000 5352.09439  41.8%  3031  251s
H  170   267                    9195.0000000 5352.09439  41.8%  2851  251s
H  178   267                    9180.0000000 5352.09439  41.7%  2789  251s
H  252   267                    9158.0000000 5352.09439  41.6%  2483  251s
   272   398 5355.17473   10 1753 9158.00000 5352.09439  41.6%  2432  263s
H  406   430                    9154.0000000 5352.09439  41.5%  2059  267s
H  407   430                    9144.0000000 5352.09439  41.5%  2055  267s
H  411   430                    9132.0000000 5352.09439  41.4%  2048  267s
   438   530 5356.34225   13 1846 9132.00000 5352.09439  41.4%  1991  277s
   542   610 5361.18508   16 1769 9132.00000 5352.09439  41.4%  1855  287s
H  544   610                    9122.0000000 5352.09439  41.3%  1858  287s
   622   699 5362.00182   17 1784 9122.00000 5352.09439  41.3%  1838  297s
H  711   731                    9101.0000000 5352.09439  41.2%  1783  306s
H  723   731                    9093.0000000 5352.09439  41.1%  1778  306s
H  726   731                    9074.0000000 5352.09439  41.0%  1774  306s
   743   825 5367.08708   21 1820 9074.00000 5352.09439  41.0%  1769  313s
   840   911 5367.83305   22 1792 9074.00000 5352.09439  41.0%  1702  321s
H  922   911                    9054.0000000 5352.09439  40.9%  1665  321s
   926  1006 5370.33124   24 1774 9054.00000 5352.09439  40.9%  1662  329s
  1023  1038 5370.62054   25 1779 9054.00000 5352.09439  40.9%  1620  339s
H 1029  1038                    9053.0000000 5352.09439  40.9%  1613  339s
H 1033  1038                    9048.0000000 5352.09439  40.8%  1618  339s
H 1034  1038                    9047.0000000 5352.09439  40.8%  1616  339s
H 1046  1038                    9038.0000000 5352.09439  40.8%  1619  339s
H 1055  1111                    9036.0000000 5352.09439  40.8%  1610  350s
H 1057  1111                    9030.0000000 5352.09439  40.7%  1609  350s
H 1066  1111                    9024.0000000 5352.09439  40.7%  1619  350s
H 1077  1111                    9016.0000000 5352.09439  40.6%  1617  350s
H 1095  1111                    9002.0000000 5352.09439  40.5%  1604  350s
H 1101  1111                    8976.0000000 5352.09439  40.4%  1604  350s
  1128  1142 5497.86189   27 1614 8976.00000 5352.09439  40.4%  1598  358s
H 1140  1142                    8974.0000000 5352.09439  40.4%  1595  358s
  1161  1267 5374.01523   28 1745 8974.00000 5352.09439  40.4%  1594  369s
  1286  1299 5376.52239   30 1754 8974.00000 5352.09439  40.4%  1541  378s
H 1288  1299                    8969.0000000 5352.09439  40.3%  1539  378s
H 1318  1347                    8967.0000000 5352.09439  40.3%  1533  389s
H 1319  1347                    8966.0000000 5352.09439  40.3%  1532  389s
H 1325  1347                    8962.0000000 5352.09439  40.3%  1532  389s
H 1327  1347                    8961.0000000 5352.09439  40.3%  1531  389s
H 1333  1347                    8954.0000000 5352.09439  40.2%  1530  389s
H 1349  1347                    8947.0000000 5352.09439  40.2%  1521  389s
  1366  1378 5377.72944   32 1630 8947.00000 5352.09439  40.2%  1516  393s
H 1372  1378                    8945.0000000 5352.09439  40.2%  1513  393s
  1399  1502 5379.64594   33 1724 8945.00000 5352.09439  40.2%  1503  405s
  1527  1534 5381.80480   36 1701 8945.00000 5352.09439  40.2%  1478  412s
H 1533  1534                    8944.0000000 5352.09439  40.2%  1475  412s
H 1552  1534                    8930.0000000 5352.09439  40.1%  1472  412s
  1559  1689 5381.84330   37 1697 8930.00000 5352.09439  40.1%  1469  424s
H 1716  1721                    8928.0000000 5352.09439  40.1%  1422  429s
  1748  1818 5385.10930   43 1722 8928.00000 5352.09439  40.1%  1417  439s
H 1752  1818                    8918.0000000 5352.09439  40.0%  1415  439s
H 1769  1818                    8907.0000000 5352.09439  39.9%  1413  439s
H 1794  1818                    8906.0000000 5352.09439  39.9%  1403  439s
  1849  1849 5388.23908   45 1756 8906.00000 5352.09439  39.9%  1391  444s
H 1860  1849                    8900.0000000 5352.09439  39.9%  1386  444s
H 1874  1849                    8898.0000000 5352.09439  39.9%  1384  444s
  1881  2055 5389.58594   46 1754 8898.00000 5352.09439  39.9%  1381  452s
  2087  2087 5393.40270   50 1747 8898.00000 5352.09439  39.9%  1326  457s
H 2088  2087                    8892.0000000 5352.09439  39.8%  1325  457s
  2119  2295 5394.64126   51 1689 8892.00000 5352.09439  39.8%  1319  468s
  2329  2506 5396.76615   53 1699 8892.00000 5352.09439  39.8%  1284  481s
  2544  2640 5400.02033   59 1642 8892.00000 5352.09439  39.8%  1247  488s
H 2546  2640                    8884.0000000 5352.09439  39.8%  1247  488s
H 2550  2640                    8883.0000000 5352.09439  39.7%  1247  488s
H 2574  2640                    8879.0000000 5352.09439  39.7%  1240  488s
  2682  2672 5401.41611   60 1614 8879.00000 5352.09439  39.7%  1218  494s
H 2693  2672                    8869.0000000 5352.09439  39.7%  1217  494s
  2714  2939 5410.26835   60 1782 8869.00000 5352.09439  39.7%  1214  505s
  2981  3235 5405.22881   64 1691 8869.00000 5352.09439  39.7%  1177  518s
  3279  3578 5412.71356   68 1540 8869.00000 5352.09439  39.7%  1144  528s
  3624  3969 5419.18393   73 1617 8869.00000 5352.09439  39.7%  1092  540s
  4021  4003 5422.95302   79 1519 8869.00000 5352.09439  39.7%  1039  547s
H 4024  4003                    8863.0000000 5352.09439  39.6%  1038  547s
  4055  4035 5435.24144   79 1564 8863.00000 5352.09439  39.6%  1037  555s
  4087  4067 5426.09313   80 1543 8863.00000 5352.09439  39.6%  1034  564s
H 4099  4067                    8861.0000000 5352.09439  39.6%  1033  564s
H 4101  4067                    8850.0000000 5352.09439  39.5%  1033  564s
H 4119  4369                    8842.0000000 5352.09439  39.5%  1030  574s
H 4129  4369                    8838.0000000 5352.09439  39.4%  1029  574s
H 4147  4369                    8836.0000000 5352.09439  39.4%  1027  574s
H 4194  4369                    8835.0000000 5352.09439  39.4%  1020  574s
  4427  4870 5428.56215   85 1572 8835.00000 5352.09439  39.4%   991  583s
  4942  5390 5433.01784   95 1547 8835.00000 5352.09439  39.4%   934  598s
H 5469  5450                    8827.0000000 5352.09439  39.4%   890  606s
H 5470  5450                    8814.0000000 5352.09439  39.3%   891  606s
  5534  6039 5461.02889  103 1531 8814.00000 5352.09439  39.3%   887  618s
H 6136  6334                    8810.0000000 5352.09439  39.2%   841  633s
H 6147  6334                    8809.0000000 5352.09439  39.2%   841  633s
H 6169  6334                    8806.0000000 5352.09439  39.2%   840  633s
  6433  6964 5456.29987  115 1451 8806.00000 5352.09439  39.2%   822  645s
  7087  7625 5464.38603  120 1605 8806.00000 5352.09439  39.2%   787  660s
  7754  7663 5473.91156  129 1552 8806.00000 5352.09439  39.2%   757  669s
H 7772  7663                    8804.0000000 5352.09439  39.2%   758  669s
  7793  8305 5696.12071  129 1547 8804.00000 5352.09439  39.2%   759  685s
  8487  8947 5475.91099  130 1573 8804.00000 5352.09439  39.2%   731  700s
  9149  8979 5480.51289  138 1529 8804.00000 5352.09439  39.2%   713  715s
  9181  9034 5481.33726  139 1531 8804.00000 5352.09439  39.2%   714  725s
H 9182  9034                    8802.0000000 5352.09439  39.2%   714  725s
H 9184  9034                    8801.0000000 5352.09439  39.2%   714  725s
H 9198  9034                    8798.0000000 5352.09439  39.2%   716  725s
H 9238  9294                    8789.0000000 5352.09439  39.1%   715  737s
  9533  9935 5485.15640  144 1547 8789.00000 5352.09439  39.1%   706  750s
 10216 10520 5492.00053  154 1498 8789.00000 5352.09439  39.1%   692  765s
H10843 10614                    8788.0000000 5352.09439  39.1%   685  780s
H10859 10614                    8785.0000000 5352.09439  39.1%   686  780s
 10937 11256 5504.98535  168 1608 8785.00000 5352.09439  39.1%   686  797s
 11583 11998 5510.59877  178 1561 8785.00000 5352.09439  39.1%   680  817s
 12345 12852 5528.19644  185 1644 8785.00000 5352.09439  39.1%   670  835s
H13257 13151                    8779.0000000 5352.09439  39.0%   655  854s
 13587 14048 5552.29682  195 1534 8779.00000 5352.09439  39.0%   653  871s
 14485 14049 6790.88777  126 12939 8779.00000 5352.09439  39.0%   640  915s
 14487 14050 8079.37874  676  951 8779.00000 5352.09439  39.0%   640  922s
 14489 14052 7588.89901  509 1177 8779.00000 5352.09439  39.0%   640  927s
 14490 14052 6754.29518  382 1313 8779.00000 5352.09439  39.0%   640  930s
 14491 14053 5737.17496   81 1487 8779.00000 5352.09439  39.0%   640  935s
 14493 14054 7350.96451  545 1460 8779.00000 5352.09439  39.0%   640  943s
 14494 14055 5401.20567   64 1531 8779.00000 5352.09439  39.0%   640  948s
 14495 14056 8679.25954  535 1589 8779.00000 5352.09439  39.0%   640  951s
 14497 14057 7817.93454  518 1723 8779.00000 5363.67641  38.9%   639  956s
 14500 14059 6219.75757  349 1654 8779.00000 5366.66538  38.9%   639  960s
 14508 14064 5663.45710  181 1657 8779.00000 5369.07289  38.8%   639  965s
 14510 14066 5497.97601   42 1734 8779.00000 5459.95351  37.8%   639  974s
 14511 14066 5627.87438  131 1654 8779.00000 5511.59620  37.2%   639  981s
 14512 14067 6086.03307  271 1789 8779.00000 5527.48707  37.0%   639  985s
 14515 14069 5558.09530   71 1805 8779.00000 5534.09390  37.0%   639  990s
 14522 14074 5633.00557   56 1820 8779.00000 5633.00557  35.8%   638 1002s
 14523 14074 5649.33105   22 1883 8779.00000 5649.33105  35.6%   638 1008s
 14524 14075 7902.38303  566 1972 8779.00000 5652.58818  35.6%   638 1010s
 14532 14080 8178.20653  806 1899 8779.00000 5654.44562  35.6%   638 1016s
 14533 14081 8143.29680  749 1875 8779.00000 5738.13334  34.6%   638 1026s
 14534 14082 6303.30037  336 1882 8779.00000 5751.17316  34.5%   638 1030s
 14536 14083 6376.38770  309 2012 8779.00000 5757.32691  34.4%   638 1035s
 14542 14087 6376.29723  308 1900 8779.00000 5759.45337  34.4%   637 1040s
 14546 14090 5833.87439  101 1890 8779.00000 5833.87439  33.5%   637 1050s
 14548 14091 6426.22541  422 1969 8779.00000 5849.37324  33.4%   637 1058s
 14549 14092 5850.22252   27 2007 8779.00000 5850.22252  33.4%   637 1060s
 14557 14097 6373.61673  304 1947 8779.00000 5892.26405  32.9%   637 1075s
 14558 14098 6211.85758  208 2141 8779.00000 5899.56317  32.8%   637 1081s
 14560 14099 7842.72563  532 2149 8779.00000 5902.99718  32.8%   637 1086s
 14565 14102 6887.67687  454 2146 8779.00000 5903.16694  32.8%   636 1090s
 14566 14103 5934.30527   24 2196 8779.00000 5934.30527  32.4%   636 1098s
 14567 14104 8620.01549  466 2040 8779.00000 5940.29355  32.3%   636 1102s
 14569 14105 6385.72762  317 2061 8779.00000 5941.47967  32.3%   636 1105s
 14575 14109 6380.75247  314 1958 8779.00000 5987.75133  31.8%   636 1116s
 14576 14110 6198.13580  345 1984 8779.00000 5991.79365  31.7%   636 1120s
 14581 14113 6411.51474  406 1911 8779.00000 5994.19639  31.7%   636 1125s
 14585 14116 6790.88777  126 2070 8779.00000 6034.47544  31.3%   636 1136s
 14586 14116 8211.25306  817 2190 8779.00000 6042.10366  31.2%   636 1141s
 14588 14118 7899.80339  727 2128 8779.00000 6044.11949  31.2%   635 1145s
 14595 14122 8679.25954  535 2323 8779.00000 6074.32388  30.8%   635 1158s
 14596 14123 6310.14716  348 2308 8779.00000 6079.62799  30.7%   635 1164s
 14597 14124 7817.93454  518 2281 8779.00000 6080.97832  30.7%   635 1166s
 14602 14127 7305.17411   68 2259 8779.00000 6081.49219  30.7%   635 1171s
 14603 14128 6106.45756   57 2205 8779.00000 6106.45756  30.4%   635 1179s
 14604 14128 6110.88764   45 2292 8779.00000 6110.88764  30.4%   635 1183s
 14605 14129 6112.93615  109 2306 8779.00000 6112.93615  30.4%   635 1187s
 14607 14130 6113.68530   56 2278 8779.00000 6113.68530  30.4%   635 1190s
 14615 14136 6157.67264   71 2208 8779.00000 6157.67264  29.9%   634 1207s
 14616 14136 6165.07900   33 2367 8779.00000 6165.07900  29.8%   634 1213s
 14617 14137 6166.39788   54 2292 8779.00000 6166.39788  29.8%   634 1216s
 14623 14141 6167.06780   22 2232 8779.00000 6167.06780  29.8%   634 1220s
 14625 14142 6695.03529   83 2167 8779.00000 6199.98154  29.4%   634 1232s
 14626 14143 6210.99917  239 2210 8779.00000 6210.99917  29.3%   634 1237s
 14627 14144 7539.99964  627 2250 8779.00000 6215.45549  29.2%   634 1241s
 14629 14145 6217.19612   23 2354 8779.00000 6217.19612  29.2%   634 1245s
 14636 14150 6376.38770  309 2337 8779.00000 6217.61323  29.2%   633 1250s
 14637 14150 7382.60584  262 2159 8779.00000 6252.14308  28.8%   633 1261s
 14638 14151 6261.70244   59 2179 8779.00000 6261.70244  28.7%   633 1267s
 14639 14152 7177.20643  463 2080 8779.00000 6263.62795  28.7%   633 1270s
 14646 14156 6264.86812  101 2121 8779.00000 6264.86812  28.6%   633 1275s
 14647 14157 7162.01972  236 2204 8779.00000 6297.45628  28.3%   633 1285s
 14648 14158 6426.22541  422 2222 8779.00000 6305.91463  28.2%   633 1291s
 14649 14158 6308.14616   27 2392 8779.00000 6308.14616  28.1%   633 1295s
 14656 14163 6346.65153  444 2366 8779.00000 6309.05775  28.1%   633 1304s
 14657 14164 6373.61673  304 2229 8779.00000 6336.24485  27.8%   632 1313s
 14658 14164 6345.48638  208 2243 8779.00000 6345.48638  27.7%   632 1320s
 14660 14166 7842.72563  532 2311 8779.00000 6349.13888  27.7%   632 1326s
 14665 14169 6887.67687  454 2414 8779.00000 6349.51961  27.7%   632 1332s
 14666 14170 6378.65214   24 2376 8779.00000 6378.65214  27.3%   632 1344s
 14667 14170 8620.01549  466 2234 8779.00000 6383.44738  27.3%   632 1349s
 14668 14171 6385.62258   33 2335 8779.00000 6385.62258  27.3%   632 1352s
 14670 14172 6565.78279  337 2422 8779.00000 6386.09270  27.3%   632 1355s
 14677 14177 6403.56780   65 2333 8779.00000 6403.56780  27.1%   632 1376s
 14678 14178 7030.59036  518 2349 8779.00000 6406.42025  27.0%   632 1381s
 14680 14179 6427.33508  424 2416 8779.00000 6407.42653  27.0%   631 1385s
 14685 14182 6790.88777  126 2444 8779.00000 6430.45181  26.8%   631 1398s
 14686 14183 8211.25306  817 2503 8779.00000 6434.34873  26.7%   631 1403s
 14687 14184 8079.37874  676 2459 8779.00000 6435.88690  26.7%   631 1407s
 14689 14185 7588.89901  509 2413 8779.00000 6436.56059  26.7%   631 1410s
 14694 14188 6453.15615   64 2411 8779.00000 6453.15615  26.5%   631 1421s
 14695 14189 8679.25954  535 2441 8779.00000 6457.88187  26.4%   631 1428s
 14696 14190 6459.43526  348 2497 8779.00000 6459.43526  26.4%   631 1431s
 14701 14193 8646.41591  501 2415 8779.00000 6460.44988  26.4%   631 1435s
 14704 14195 6481.41324   45 2527 8779.00000 6481.41324  26.2%   630 1447s
 14705 14196 6486.46351  109 2459 8779.00000 6486.46351  26.1%   630 1454s
 14706 14196 6488.15049   54 2542 8779.00000 6488.15049  26.1%   630 1457s
 14708 14198 6488.89253  181 2531 8779.00000 6488.89253  26.1%   630 1460s
 14713 14201 6505.45712   24 2671 8779.00000 6505.45712  25.9%   630 1473s
 14714 14202 6508.80748   46 2590 8779.00000 6508.80748  25.9%   630 1478s
 14715 14202 6510.35914   71 2681 8779.00000 6510.35914  25.8%   630 1481s
 14719 14205 6511.07191  325 2729 8779.00000 6511.07191  25.8%   630 1485s
 14725 14209 6695.03529   83 2354 8779.00000 6530.03334  25.6%   630 1498s
 14726 14210 6535.48426  239 2472 8779.00000 6535.48426  25.6%   630 1505s
 14728 14211 6537.43029  197 2536 8779.00000 6537.43029  25.5%   629 1510s
 14736 14216 6551.39752  309 2495 8779.00000 6551.39752  25.4%   629 1524s
 14737 14217 7382.60584  262 2651 8779.00000 6554.09706  25.3%   629 1529s
 14738 14218 6555.67051   59 2567 8779.00000 6555.67051  25.3%   629 1532s
 14740 14219 6556.28463  184 2602 8779.00000 6556.28463  25.3%   629 1536s
 14746 14223 6575.88433  101 2471 8779.00000 6575.88433  25.1%   629 1550s
 14747 14224 7162.01972  236 2761 8779.00000 6579.47670  25.1%   629 1557s
 14748 14224 6581.77155  422 2801 8779.00000 6581.77155  25.0%   629 1562s
 14750 14226 6900.15086  463 2736 8779.00000 6582.52065  25.0%   629 1566s
 14761 14233 7058.76519   79 2827 8779.00000 6582.68181  25.0%   628 1570s
 14762 14234 8320.27808  448 2611 8779.00000 6602.90226  24.8%   628 1584s
 14763 14234 6608.74043   64 2784 8779.00000 6608.74043  24.7%   628 1592s
 14764 14235 6609.98853  220 2735 8779.00000 6609.98853  24.7%   628 1595s
 14767 14237 8620.01549  466 2682 8779.00000 6610.69785  24.7%   628 1600s
 14771 14240 6630.68207   65 2852 8779.00000 6630.68207  24.5%   628 1614s
 14772 14240 6633.90475   61 2846 8779.00000 6633.90475  24.4%   628 1621s
 14773 14241 6636.97850   58 2920 8779.00000 6636.97850  24.4%   628 1627s
 14775 14242 6637.64489  314 2940 8779.00000 6637.64489  24.4%   627 1630s
 14783 14248 6660.07583   78 2621 8779.00000 6660.07583  24.1%   627 1662s
 14784 14248 6664.45697    5 2757 8779.00000 6664.45697  24.1%   627 1670s
 14786 14250 8211.25306  817 2694 8779.00000 6666.76620  24.1%   627 1676s
 14791 14253 6667.11870   81 2742 8779.00000 6667.11870  24.1%   627 1680s
 14796 14256 6681.97606  348 2708 8779.00000 6681.97606  23.9%   627 1694s
 14797 14257 7817.93454  518 2545 8779.00000 6686.05313  23.8%   627 1700s
 14799 14258 8298.16711  302 2727 8779.00000 6688.83703  23.8%   626 1706s
 14802 14260 7305.17411   68 2745 8779.00000 6689.44215  23.8%   626 1710s
 14809 14265 6700.70892  277 2757 8779.00000 6700.70892  23.7%   626 1723s
 14810 14266 6703.76727   42 2782 8779.00000 6703.76727  23.6%   626 1730s
 14812 14267 6705.23800  271 2985 8779.00000 6705.23800  23.6%   626 1736s
 14818 14271 6705.51989  305 3030 8779.00000 6705.51989  23.6%   626 1740s
 14820 14272 8740.64812  489 2765 8779.00000 6716.88441  23.5%   626 1751s
 14821 14273 6719.66509    9 2857 8779.00000 6719.66509  23.5%   625 1756s
 14823 14274 6721.33295   22 2908 8779.00000 6721.33295  23.4%   625 1761s
 14828 14278 6721.56486  197 2925 8779.00000 6721.56486  23.4%   625 1765s
 14830 14279 7657.97832  302 2755 8779.00000 6734.68941  23.3%   625 1778s
 14831 14280 6741.03583   62 2777 8779.00000 6741.03583  23.2%   625 1786s
 14832 14280 8178.20653  806 2893 8779.00000 6742.10950  23.2%   625 1790s
 14835 14282 7969.61238  383 3030 8779.00000 6742.96008  23.2%   625 1795s
 14844 14288 6754.47525  249 3002 8779.00000 6754.47525  23.1%   625 1810s
 14845 14289 6757.33472    8 3020 8779.00000 6757.33472  23.0%   624 1816s
 14846 14290 6758.46189  101 3105 8779.00000 6758.46189  23.0%   624 1820s
 14849 14292 6759.31424   27 3252 8779.00000 6759.31424  23.0%   624 1825s
 14855 14296 6770.93563  297 2871 8779.00000 6770.93563  22.9%   624 1840s
 14856 14296 6774.02154  444 2995 8779.00000 6774.02154  22.8%   624 1846s
 14857 14297 6774.78549  304 3059 8779.00000 6774.78549  22.8%   624 1850s
 14861 14300 7058.76519   79 2987 8779.00000 6775.27553  22.8%   624 1855s
 14866 14303 6784.26795   24 2996 8779.00000 6784.26795  22.7%   624 1868s
 14867 14304 8620.01549  466 3042 8779.00000 6787.69943  22.7%   624 1873s
 14868 14304 6788.86736   33 3038 8779.00000 6788.86736  22.7%   624 1877s
 14870 14306 6789.31347  337 3164 8779.00000 6789.31347  22.7%   623 1880s
 14874 14308 7089.01336  194 2998 8779.00000 6800.48182  22.5%   623 1893s
 14875 14309 6803.51935  314 3255 8779.00000 6803.51935  22.5%   623 1900s
 14876 14310 6804.74543  345 3187 8779.00000 6804.74543  22.5%   623 1905s
 14881 14313 6805.47805  406 3373 8779.00000 6805.47805  22.5%   623 1910s
 14885 14316 6814.59037  126 3046 8779.00000 6814.59037  22.4%   623 1924s
 14886 14316 8211.25306  817 3113 8779.00000 6817.27036  22.3%   623 1930s
 14888 14318 7899.80339  727 3247 8779.00000 6818.52373  22.3%   623 1936s
 14895 14322 8679.25954  535 3070 8779.00000 6829.17046  22.2%   622 1950s
 14896 14323 6832.53605  348 3155 8779.00000 6832.53605  22.2%   622 1957s
 14897 14324 7817.93454  518 3197 8779.00000 6833.53164  22.2%   622 1960s
 14899 14325 8298.16711  302 3303 8779.00000 6834.72530  22.1%   622 1966s
 14904 14328 6834.95376   45 3401 8779.00000 6834.95376  22.1%   622 1970s
 14905 14329 6846.26353  109 2996 8779.00000 6846.26353  22.0%   622 1983s
 14906 14330 6849.36302   54 3142 8779.00000 6849.36302  22.0%   622 1990s
 14908 14331 6850.70556  181 3176 8779.00000 6850.70556  22.0%   622 1996s
 14915 14336 6850.91459   71 3154 8779.00000 6850.91459  22.0%   622 2000s
 14916 14336 6857.82622   33 3281 8779.00000 6857.82622  21.9%   622 2010s
 14917 14337 6859.66324   54 3234 8779.00000 6859.66324  21.9%   621 2016s
 14919 14338 6860.94953  325 3479 8779.00000 6860.94953  21.8%   621 2022s
 14923 14341 6861.15977   22 3458 8779.00000 6861.15977  21.8%   621 2025s
 14928 14344 6869.72810  197 3252 8779.00000 6869.72810  21.7%   621 2036s
 14929 14345 6872.29482   23 3284 8779.00000 6872.29482  21.7%   621 2043s
 14930 14346 7657.97832  302 3513 8779.00000 6873.06927  21.7%   621 2047s
 14932 14347 8178.20653  806 3556 8779.00000 6873.51760  21.7%   621 2051s
 14940 14352 6878.51596  184 3217 8779.00000 6878.51596  21.6%   621 2064s
 14941 14353 6881.52299   39 3244 8779.00000 6881.52299  21.6%   620 2072s
 14942 14354 6882.77960  308 3323 8779.00000 6882.77960  21.6%   620 2076s
 14943 14354 6883.25165   52 3426 8779.00000 6883.25165  21.6%   620 2080s
 14949 14358 6883.41507   27 3493 8779.00000 6883.41507  21.6%   620 2085s
 14950 14359 6900.15086  463 3184 8779.00000 6888.97069  21.5%   620 2095s
 14951 14360 7105.78518  211 3411 8779.00000 6890.80163  21.5%   620 2101s
 14953 14361 7850.62479  704 3312 8779.00000 6891.63379  21.5%   620 2106s
 14958 14364 6891.84295  208 3530 8779.00000 6891.84295  21.5%   620 2110s
 14959 14365 6897.76183  132 3275 8779.00000 6897.76183  21.4%   620 2128s
 14960 14366 7842.72563  532 3177 8779.00000 6899.81222  21.4%   620 2134s
 14961 14366 7058.76519   79 3335 8779.00000 6900.53703  21.4%   620 2139s
 14962 14367 8320.27808  448 3317 8779.00000 6900.74247  21.4%   620 2141s
 14970 14372 6900.85604  337 3466 8779.00000 6900.85604  21.4%   619 2145s
 14971 14373 6908.33905   65 3400 8779.00000 6908.33905  21.3%   619 2156s
 14972 14374 6911.79806   61 3429 8779.00000 6911.79806  21.3%   619 2163s
 14973 14374 6912.72218   58 3662 8779.00000 6912.72218  21.3%   619 2167s
 14974 14375 7089.01336  194 3793 8779.00000 6913.32816  21.3%   619 2170s
 14978 14378 7030.59036  518 3642 8779.00000 6913.99813  21.2%   619 2175s
 14982 14380 8375.36775  461 3333 8779.00000 6921.74850  21.2%   619 2188s
 14983 14381 6923.51522   78 3611 8779.00000 6923.51522  21.1%   619 2194s
 14984 14382 6924.76214    5 3509 8779.00000 6924.76214  21.1%   619 2200s
 14986 14383 8211.25306  817 3492 8779.00000 6925.46572  21.1%   619 2205s
 14992 14387 7105.38333  216 3325 8779.00000 6933.73523  21.0%   618 2219s
 14993 14388 7350.96451  545 3415 8779.00000 6935.73774  21.0%   618 2225s
 14995 14389 8679.25954  535 3570 8779.00000 6936.75821  21.0%   618 2230s
 15002 14394 7305.17411   68 3089 8779.00000 6944.93448  20.9%   618 2247s
 15003 14394 6946.41159   57 3446 8779.00000 6946.41159  20.9%   618 2253s
 15004 14395 6947.30475   45 3463 8779.00000 6947.30475  20.9%   618 2257s
 15005 14396 6947.63382  109 3428 8779.00000 6947.63382  20.9%   618 2260s
 15008 14398 6948.05068  181 3527 8779.00000 6948.05068  20.9%   618 2265s
 15013 14401 6955.16872   24 3437 8779.00000 6955.16872  20.8%   617 2281s
 15014 14402 6957.69531   46 3357 8779.00000 6957.69531  20.7%   617 2289s
 15015 14402 6958.74383   71 3629 8779.00000 6958.74383  20.7%   617 2293s
 15016 14403 6959.06809   33 3575 8779.00000 6959.06809  20.7%   617 2296s
 15021 14406 6959.28821    9 3668 8779.00000 6959.28821  20.7%   617 2300s
 15025 14409 6964.91600   83 3221 8779.00000 6964.91600  20.7%   617 2314s
 15026 14410 6966.50016  239 3339 8779.00000 6966.50016  20.6%   617 2318s
 15027 14410 7539.99964  627 3522 8779.00000 6967.54722  20.6%   617 2323s
 15028 14411 6967.81398  197 3539 8779.00000 6967.81398  20.6%   617 2325s
 15033 14414 8143.29680  749 3800 8779.00000 6968.13524  20.6%   617 2330s
 15035 14416 7969.61238  383 3478 8779.00000 6972.18353  20.6%   617 2341s
 15036 14416 6973.95382  309 3403 8779.00000 6973.95382  20.6%   617 2347s
 15037 14417 7382.60584  262 3254 8779.00000 6974.60698  20.6%   617 2350s
 15041 14420 6974.97096   39 3364 8779.00000 6974.97096  20.5%   616 2355s
 15046 14423 6979.52696  101 3382 8779.00000 6979.52696  20.5%   616 2384s
 15047 14424 7162.01972  236 3587 8779.00000 6981.02841  20.5%   616 2391s
 15048 14424 6981.87615  422 3623 8779.00000 6981.87615  20.5%   616 2396s
 15050 14426 6982.54162  463 3512 8779.00000 6982.54162  20.5%   616 2401s
 15056 14430 6982.61977  444 3704 8779.00000 6982.61977  20.5%   616 2405s
 15057 14430 6986.95745  304 3711 8779.00000 6986.95745  20.4%   616 2417s
 15058 14431 6988.00254  208 3706 8779.00000 6988.00254  20.4%   616 2422s
 15059 14432 6988.49779  132 3584 8779.00000 6988.49779  20.4%   616 2426s
 15061 14433 7058.76519   79 3637 8779.00000 6988.99074  20.4%   616 2430s
 15066 14436 6992.78332   24 3689 8779.00000 6992.78332  20.3%   615 2444s
 15067 14437 8620.01549  466 3739 8779.00000 6993.85840  20.3%   615 2449s
 15068 14438 6994.44110   33 3667 8779.00000 6994.44110  20.3%   615 2453s
 15069 14438 6994.81486  317 3802 8779.00000 6994.81486  20.3%   615 2456s
 15073 14441 6994.98348   58 4001 8779.00000 6994.98348  20.3%   615 2461s
 15074 14442 7089.01336  194 3660 8779.00000 6997.64870  20.3%   615 2468s
 15075 14442 6998.50237  314 3675 8779.00000 6998.50237  20.3%   615 2473s
 15076 14443 6999.32962  345 3680 8779.00000 6999.32962  20.3%   615 2478s
 15077 14444 6999.71355   65 3833 8779.00000 6999.71355  20.3%   615 2481s
 15080 14446 7000.05175  424 3823 8779.00000 7000.05175  20.3%   615 2485s
 15084 14448 7003.24075    5 3488 8779.00000 7003.24075  20.2%   615 2498s
 15085 14449 7004.66318  126 3754 8779.00000 7004.66318  20.2%   615 2503s
 15086 14450 8211.25306  817 3738 8779.00000 7005.32810  20.2%   615 2507s
 15087 14450 8079.37874  676 3818 8779.00000 7005.64648  20.2%   614 2510s
 15093 14454 7350.96451  545 3849 8779.00000 7005.86332  20.2%   614 2515s
 15094 14455 7009.17713   64 3380 8779.00000 7009.17713  20.2%   614 2525s
 15096 14456 7010.78611  348 3577 8779.00000 7010.78611  20.1%   614 2532s
 15098 14458 7011.02730   87 3710 8779.00000 7011.02730  20.1%   614 2536s
 15104 14462 7014.33818   45 3593 8779.00000 7014.33818  20.1%   614 2548s
 15105 14462 7015.91350  109 3533 8779.00000 7015.91350  20.1%   614 2554s
 15106 14463 7016.34594   54 3717 8779.00000 7016.34594  20.1%   614 2558s
 15107 14464 7016.71929   56 3753 8779.00000 7016.71929  20.1%   614 2560s
 15111 14466 7016.96636  131 3898 8779.00000 7016.96636  20.1%   613 2565s
 15113 14468 7020.64656   24 3713 8779.00000 7020.64656  20.0%   613 2576s
 15114 14468 7022.77426   46 3775 8779.00000 7022.77426  20.0%   613 2585s
 15116 14470 7023.69210   33 3731 8779.00000 7023.69210  20.0%   613 2591s
 15119 14472 7023.92455  325 3832 8779.00000 7023.92455  20.0%   613 2596s
 15125 14476 7027.93245   83 3392 8779.00000 7027.93245  19.9%   613 2610s
 15127 14477 7539.99964  627 3759 8779.00000 7029.32767  19.9%   613 2618s
 15128 14478 7029.67791  197 3822 8779.00000 7029.67791  19.9%   613 2621s
 15131 14480 7029.99610   62 3855 8779.00000 7029.99610  19.9%   613 2625s
 15140 14486 7030.05280  184 4007 8779.00000 7030.05280  19.9%   612 2630s
 15141 14486 7032.69171   39 3827 8779.00000 7032.69171  19.9%   612 2638s
 15142 14487 7033.66942  308 3981 8779.00000 7033.66942  19.9%   612 2643s
 15143 14488 7034.01033   52 3842 8779.00000 7034.01033  19.9%   612 2646s
 15145 14489 7034.30526    8 3919 8779.00000 7034.30526  19.9%   612 2650s
 15151 14493 7105.78518  211 3563 8779.00000 7036.58157  19.8%   612 2661s
 15152 14494 7037.37531  267 3935 8779.00000 7037.37531  19.8%   612 2666s
 15154 14495 7937.65255  369 3879 8779.00000 7037.93786  19.8%   612 2670s
 15158 14498 7038.17244  208 3970 8779.00000 7038.17244  19.8%   612 2675s
 15161 14500 7058.76519   79 4047 8779.00000 7040.10161  19.8%   611 2684s
 15162 14500 8320.27808  448 4058 8779.00000 7040.78504  19.8%   611 2689s
 15163 14501 7041.04424   64 3721 8779.00000 7041.04424  19.8%   611 2692s
 15166 14503 7041.18552   24 3865 8779.00000 7041.18552  19.8%   611 2695s
 15173 14508 7044.42144   58 3870 8779.00000 7044.42144  19.8%   611 2708s
 15174 14508 7089.01336  194 3833 8779.00000 7045.40952  19.7%   611 2713s
 15175 14509 7045.77462  314 4008 8779.00000 7045.77462  19.7%   611 2717s
 15176 14510 7045.94609  345 3975 8779.00000 7045.94609  19.7%   611 2720s
 15183 14514 7046.08540   78 4210 8779.00000 7046.08540  19.7%   611 2725s
 15184 14515 7050.02312    5 3811 8779.00000 7050.02312  19.7%   611 2736s
 15185 14516 7051.16517  126 3650 8779.00000 7051.16517  19.7%   610 2742s
 15186 14516 8211.25306  817 3944 8779.00000 7051.44055  19.7%   610 2746s
 15189 14518 7588.89901  509 4064 8779.00000 7051.72103  19.7%   610 2750s
 15195 14522 8679.25954  535 3706 8779.00000 7055.31602  19.6%   610 2765s
 15196 14523 7056.75214  348 3963 8779.00000 7056.75214  19.6%   610 2771s
 15197 14524 7817.93454  518 4052 8779.00000 7057.17611  19.6%   610 2775s
 15200 14526 7057.41051  349 4313 8779.00000 7057.41051  19.6%   610 2780s
 15204 14528 7059.73525   45 4003 8779.00000 7059.73525  19.6%   610 2791s
 15205 14529 7060.49850  109 4181 8779.00000 7060.49850  19.6%   610 2796s
 15207 14530 7060.82602   56 4268 8779.00000 7060.82602  19.6%   610 2801s
 15211 14533 7062.48360  131 4212 8779.00000 7062.48360  19.6%   609 2812s
 15212 14534 7063.25121  271 4216 8779.00000 7063.25121  19.5%   609 2817s
 15213 14534 7063.50106   24 4308 8779.00000 7063.50106  19.5%   609 2820s
 15218 14538 7063.66226  305 4605 8779.00000 7063.66226  19.5%   609 2825s
 15220 14539 8740.64812  489 4076 8779.00000 7065.47352  19.5%   609 2835s
 15221 14540 7066.34796    9 4177 8779.00000 7066.34796  19.5%   609 2841s
 15223 14541 7066.68175   22 4200 8779.00000 7066.68175  19.5%   609 2845s
 15232 14547 8178.20653  806 4427 8779.00000 7066.74591  19.5%   609 2851s
 15233 14548 8143.29680  749 4029 8779.00000 7070.10547  19.5%   609 2861s
 15234 14548 7071.22328  336 4184 8779.00000 7071.22328  19.5%   609 2868s
 15235 14549 7969.61238  383 4185 8779.00000 7071.90499  19.4%   608 2873s
 15236 14550 7072.10854  309 4162 8779.00000 7072.10854  19.4%   608 2876s
 15239 14552 7177.20643  463 4330 8779.00000 7072.25630  19.4%   608 2880s
 15244 14555 7075.30030  249 3988 8779.00000 7075.30030  19.4%   608 2895s
 15245 14556 7075.97967    8 4194 8779.00000 7075.97967  19.4%   608 2901s
 15246 14556 7076.28864  101 4359 8779.00000 7076.28864  19.4%   608 2905s
 15250 14559 7076.50002  463 4345 8779.00000 7076.50002  19.4%   608 2910s
 15254 14562 7937.65255  369 4094 8779.00000 7079.40417  19.4%   608 2923s
 15255 14562 7080.46387  297 4166 8779.00000 7080.46387  19.3%   608 2929s
 15256 14563 7080.83474  444 4372 8779.00000 7080.83474  19.3%   608 2933s
 15257 14564 7081.03125  304 4358 8779.00000 7081.03125  19.3%   608 2936s
 15260 14566 7842.72563  532 4442 8779.00000 7081.19896  19.3%   607 2940s
 15267 14570 8620.01549  466 4184 8779.00000 7083.63433  19.3%   607 2952s
 15268 14571 7084.32343   33 4084 8779.00000 7084.32343  19.3%   607 2956s
 15270 14572 7085.02907  337 4218 8779.00000 7085.02907  19.3%   607 2963s
 15271 14573 7085.15897   65 4393 8779.00000 7085.15897  19.3%   607 2965s
H15277 13834                    8778.0000000 7087.36444  19.3%   607 2983s
H15277 13130                    8776.0000000 7087.36444  19.2%   607 2991s
 15279 13131 7088.15092  198 4339 8776.00000 7088.15092  19.2%   607 3000s
 15281 13133 7088.44057  406 4466 8776.00000 7088.44057  19.2%   607 3005s
 15288 13137 7899.80339  727 4087 8776.00000 7090.01519  19.2%   606 3017s
 15289 13138 7588.89901  509 4262 8776.00000 7090.63286  19.2%   606 3020s
 15292 13140 7105.38333  216 4454 8776.00000 7091.12590  19.2%   606 3025s
 15298 13144 7092.55529   87 4373 8776.00000 7092.55529  19.2%   606 3035s
 15300 13145 7093.19266  349 4330 8776.00000 7093.19266  19.2%   606 3041s
 15303 13147 7093.35340   57 4176 8776.00000 7093.35340  19.2%   606 3045s
 15306 13149 7094.95265   54 4115 8776.00000 7094.95265  19.2%   606 3055s
 15307 13150 7095.54858   56 4015 8776.00000 7095.54858  19.1%   606 3060s
 15309 13151 7096.12206  277 4065 8776.00000 7096.12206  19.1%   606 3066s
 15314 13155 7096.26519   46 4428 8776.00000 7096.26519  19.1%   605 3071s
 15315 13155 7098.20831   71 4296 8776.00000 7098.20831  19.1%   605 3079s
 15316 13156 7098.75493   33 4251 8776.00000 7098.75493  19.1%   605 3084s
 15317 13157 7098.94685   54 4349 8776.00000 7098.94685  19.1%   605 3086s
 15322 13160 7099.06172   56 4339 8776.00000 7099.06172  19.1%   605 3090s
 15324 13161 7902.38303  566 4297 8776.00000 7100.56692  19.1%   605 3099s
 15325 13162 7101.04197   83 4336 8776.00000 7101.04197  19.1%   605 3104s
 15326 13163 7101.29321  239 4223 8776.00000 7101.29321  19.1%   605 3107s
 15328 13164 7101.37497  197 4523 8776.00000 7101.37497  19.1%   605 3110s
 15332 13167 8178.20653  806 4377 8776.00000 7102.48124  19.1%   605 3121s
 15333 13167 8143.29680  749 4718 8776.00000 7102.88897  19.1%   605 3125s
 15335 13169 7969.61238  383 4719 8776.00000 7103.19118  19.1%   605 3131s
 15339 13171 7177.20643  463 4842 8776.00000 7103.23117  19.1%   604 3135s
 15340 13172 7105.00262  184 4498 8776.00000 7105.00262  19.0%   604 3144s
 15341 13173 7105.32948   39 4376 8776.00000 7105.32948  19.0%   604 3147s
 15342 13173 7105.63374  308 4478 8776.00000 7105.63374  19.0%   604 3151s
 15344 13175 7105.86068  249 4645 8776.00000 7105.86068  19.0%   604 3155s
 15348 13177 7107.64021  422 4110 8776.00000 7107.64021  19.0%   604 3167s
 15349 13178 7108.34452   27 4371 8776.00000 7108.34452  19.0%   604 3173s
 15350 13179 7108.74838  463 4526 8776.00000 7108.74838  19.0%   604 3177s
 15351 13179 7108.88377  211 4406 8776.00000 7108.88377  19.0%   604 3180s
 15358 13184 7109.00875  208 4623 8776.00000 7109.00875  19.0%   604 3186s
 15359 13185 7110.70080  132 4325 8776.00000 7110.70080  19.0%   604 3196s
 15360 13185 7842.72563  532 4520 8776.00000 7111.37807  19.0%   604 3202s
 15361 13186 7111.70205   79 4576 8776.00000 7111.70205  19.0%   604 3205s
 15365 13189 7111.94818  454 4655 8776.00000 7111.94818  19.0%   603 3210s
 15368 13191 7113.52454   33 4361 8776.00000 7113.52454  18.9%   603 3220s
 15369 13191 7114.35448  317 4273 8776.00000 7114.35448  18.9%   603 3226s
 15370 13192 7114.61155  337 4468 8776.00000 7114.61155  18.9%   603 3230s
 15373 13194 7114.86502   58 4639 8776.00000 7114.86502  18.9%   603 3235s
 15378 13197 7116.74541  518 4274 8776.00000 7116.74541  18.9%   603 3249s
 15379 13198 7117.43127  198 4382 8776.00000 7117.43127  18.9%   603 3256s
 15381 13199 7117.73707  406 4574 8776.00000 7117.73707  18.9%   603 3261s
 15384 13201 7117.86168    5 4543 8776.00000 7117.86168  18.9%   603 3265s
 15390 13205 7119.20432  382 4532 8776.00000 7119.20432  18.9%   602 3277s
 15391 13206 7119.56693   81 4596 8776.00000 7119.56693  18.9%   602 3281s
 15393 13207 7350.96451  545 4610 8776.00000 7119.76154  18.9%   602 3285s
 15397 13210 7817.93454  518 4396 8776.00000 7121.35386  18.9%   602 3298s
 15398 13211 7121.93454   87 4270 8776.00000 7121.93454  18.8%   602 3303s
 15399 13211 8298.16711  302 4368 8776.00000 7122.39186  18.8%   602 3308s
 15400 13212 7122.46764  349 4379 8776.00000 7122.46764  18.8%   602 3310s
 15406 13216 7122.56157   54 4582 8776.00000 7122.56157  18.8%   602 3316s
 15407 13217 7124.32427   56 4298 8776.00000 7124.32427  18.8%   602 3325s
 15408 13217 7124.88799  181 4357 8776.00000 7124.88799  18.8%   602 3331s
 15410 13219 7125.19238   42 4204 8776.00000 7125.19238  18.8%   602 3336s
 15414 13221 7125.29071   46 4319 8776.00000 7125.29071  18.8%   601 3340s
 15416 13223 7127.09355   33 3953 8776.00000 7127.09355  18.8%   601 3351s
 15417 13223 7127.54388   54 4109 8776.00000 7127.54388  18.8%   601 3356s
 15419 13225 7127.77221  325 4169 8776.00000 7127.77221  18.8%   601 3361s
 15424 13228 7902.38303  566 4284 8776.00000 7127.86758  18.8%   601 3365s
 15428 13231 7130.02012  197 4101 8776.00000 7130.02012  18.8%   601 3377s
 15429 13231 7130.86065   23 4065 8776.00000 7130.86065  18.7%   601 3382s
 15430 13232 7657.97832  302 4291 8776.00000 7131.31470  18.7%   601 3386s
 15432 13233 8178.20653  806 4413 8776.00000 7131.51460  18.7%   601 3390s
 15439 13238 7177.20643  463 4703 8776.00000 7131.55398  18.7%   600 3395s
 15440 13239 7133.75141  184 4361 8776.00000 7133.75141  18.7%   600 3406s
 15441 13239 7134.60321   39 4249 8776.00000 7134.60321  18.7%   600 3412s
 15442 13240 7134.99767  308 4338 8776.00000 7134.99767  18.7%   600 3416s
 15444 13241 7135.24211  249 4476 8776.00000 7135.24211  18.7%   600 3421s
 15450 13245 7135.32371  463 4482 8776.00000 7135.32371  18.7%   600 3426s
 15451 13246 7137.54639  211 4224 8776.00000 7137.54639  18.7%   600 3439s
 15452 13247 7138.62963  267 4092 8776.00000 7138.62963  18.7%   600 3445s
 15454 13248 7937.65255  369 4169 8776.00000 7139.14361  18.7%   600 3452s
 15456 13249 7139.27496  444 4316 8776.00000 7139.27496  18.7%   600 3455s
 15463 13254 7139.33347   64 4610 8776.00000 7139.33347  18.6%   600 3460s
 15464 13255 7141.33158  220 4076 8776.00000 7141.33158  18.6%   599 3470s
 15465 13255 7142.37903  454 4178 8776.00000 7142.37903  18.6%   599 3476s
 15467 13257 8620.01549  466 4233 8776.00000 7142.69663  18.6%   599 3481s
 15471 13259 7142.79179   65 4273 8776.00000 7142.79179  18.6%   599 3485s
H15474 12581                    8766.0000000 7144.51337  18.5%   599 3512s
H15474 11935                    8765.0000000 7144.51337  18.5%   599 3513s
 15475 11936 7144.51337  314 4589 8765.00000 7144.51337  18.5%   599 3525s
 15476 11937 7145.48576  345 4239 8765.00000 7145.48576  18.5%   599 3537s
 15477 11937 7145.79698   65 4672 8765.00000 7145.79698  18.5%   599 3541s
 15480 11939 7145.98038  424 4743 8765.00000 7145.98038  18.5%   599 3545s
 15485 11943 7147.99182  126 4426 8765.00000 7147.99182  18.4%   599 3557s
 15486 11943 8211.25306  817 4504 8765.00000 7148.73423  18.4%   599 3562s
 15487 11944 8079.37874  676 4633 8765.00000 7148.88255  18.4%   599 3565s
 15492 11947 7149.04079  216 4693 8765.00000 7149.04079  18.4%   598 3570s
 15494 11949 7150.63789   64 4526 8765.00000 7150.63789  18.4%   598 3580s
 15496 11950 7151.09293  348 4496 8765.00000 7151.09293  18.4%   598 3586s
 15501 11953 8646.41591  501 4674 8765.00000 7151.18038  18.4%   598 3590s
 15503 11955 7152.94909   57 4393 8765.00000 7152.94909  18.4%   598 3601s
 15504 11955 7153.37842   45 4466 8765.00000 7153.37842  18.4%   598 3605s
 15507 11957 7153.62897   56 4674 8765.00000 7153.62897  18.4%   598 3610s
 15511 11960 7154.82434  131 4440 8765.00000 7154.82434  18.4%   598 3621s
 15512 11961 7155.48968  271 4385 8765.00000 7155.48968  18.4%   598 3627s
 15513 11961 7155.62708   24 4379 8765.00000 7155.62708  18.4%   598 3630s
 15518 11965 7155.79233  305 4620 8765.00000 7155.79233  18.4%   597 3635s
 15520 11966 8740.64812  489 4389 8765.00000 7156.68416  18.3%   597 3642s
 15521 11967 7156.98000    9 4487 8765.00000 7156.98000  18.3%   597 3645s
 15526 11970 7157.13121  239 4615 8765.00000 7157.13121  18.3%   597 3651s
 15527 11971 7539.99964  627 4505 8765.00000 7158.08899  18.3%   597 3656s
 15531 11974 7158.08899   62  941 8765.00000 7158.08899  18.3%   722 3664s
 15532 11975 8178.20653  806 1074 8765.00000 7158.08899  18.3%   722 3666s
 15533 11976 8143.29680  749 1159 8765.00000 7158.08899  18.3%   722 3670s
 15534 11976 7158.08899  336 1335 8765.00000 7158.08899  18.3%   722 3680s
 15535 11977 7969.61238  383 1576 8765.00000 7158.08899  18.3%   722 3690s
 15536 11978 7158.08899  309 1589 8765.00000 7158.08899  18.3%   722 3699s
 15537 11978 7382.60584  262 1842 8765.00000 7158.08899  18.3%   722 3711s
 15538 11979 7158.08899   59 1840 8765.00000 7158.08899  18.3%   722 3724s
 15539 11980 7177.20643  463 2074 8765.00000 7158.08899  18.3%   722 3739s
 15540 11980 7158.08899  184 2180 8765.00000 7158.08899  18.3%   722 3754s
 15541 11981 7158.08936   39 2614 8765.00000 7158.08936  18.3%   722 3772s
 15542 11982 7158.08936  308 2669 8765.00000 7158.08936  18.3%   722 3791s
 15543 11982 7158.08936   52 2932 8765.00000 7158.08936  18.3%   722 3810s
 15544 11983 7158.17055  249 3164 8765.00000 7158.17055  18.3%   722 3829s
 15545 11984 7158.17055    8 3268 8765.00000 7158.17055  18.3%   722 3846s
 15546 11984 7158.17055  101 3701 8765.00000 7158.17055  18.3%   721 3861s
 15547 11985 7162.01972  236 3743 8765.00000 7158.17055  18.3%   721 3877s
 15548 11986 7158.17055  422 3831 8765.00000 7158.17055  18.3%   721 3888s
 15549 11986 7158.17055   27 4021 8765.00000 7158.17055  18.3%   721 3896s
 15550 11987 7158.17055  463 4165 8765.00000 7158.17055  18.3%   721 3903s
 15551 11988 7158.17055  211 4458 8765.00000 7158.17055  18.3%   721 3907s
 15553 11989 7850.62479  704 4310 8765.00000 7158.17055  18.3%   721 3910s
 15559 11993 7158.17055  132 4373 8765.00000 7158.17055  18.3%   721 3916s
 15560 11994 7842.72563  532 4326 8765.00000 7161.30659  18.3%   721 3928s
 15561 11994 7161.84692   79 4214 8765.00000 7161.84692  18.3%   721 3932s
 15563 11996 7162.06539   64 4138 8765.00000 7162.06539  18.3%   721 3935s
 15567 11998 8620.01549  466 4144 8765.00000 7162.09887  18.3%   720 3940s
 15568 11999 7164.44653   33 4077 8765.00000 7164.44653  18.3%   720 3949s
 15569 12000 7164.88409  317 4219 8765.00000 7164.88409  18.3%   720 3953s
 15570 12000 7165.05582  337 4366 8765.00000 7165.05582  18.3%   720 3955s
 15574 12003 7166.87705  194 4171 8765.00000 7166.87705  18.2%   720 3968s
 15575 12004 7167.00457  314 4237 8765.00000 7167.00457  18.2%   720 3970s
 15581 12008 7167.13580  406 4205 8765.00000 7167.13580  18.2%   720 3977s
 15582 12008 8375.36775  461 3853 8765.00000 7168.92047  18.2%   720 3985s
 15583 12009 7169.50592   78 4099 8765.00000 7169.50592  18.2%   720 3990s
 15588 12012 7899.80339  727 4168 8765.00000 7169.73022  18.2%   720 3995s
 15591 12014 7170.83452   81 3958 8765.00000 7170.83452  18.2%   719 4015s
 15593 12016 7350.96451  545 4164 8765.00000 7171.14843  18.2%   719 4020s
 15598 12019 7171.17444   87 4134 8765.00000 7171.17444  18.2%   719 4025s
 15599 12020 8298.16711  302 3983 8765.00000 7172.06120  18.2%   719 4030s
 15601 12021 8646.41591  501 4101 8765.00000 7172.39382  18.2%   719 4036s
 15605 12024 7172.46022  109 4095 8765.00000 7172.46022  18.2%   719 4041s
 15606 12024 7173.70969   54 4026 8765.00000 7173.70969  18.2%   719 4047s
 15607 12025 7174.05298   56 4139 8765.00000 7174.05298  18.2%   719 4051s
 15610 12027 7174.26908   42 4167 8765.00000 7174.26908  18.1%   719 4055s
 15613 12029 7175.39992   24 4126 8765.00000 7175.39992  18.1%   718 4065s
 15615 12030 7175.90273   71 4312 8765.00000 7175.90273  18.1%   718 4070s
 15620 12034 8740.64812  489 4488 8765.00000 7176.00288  18.1%   718 4077s
 15621 12034 7177.19487    9 4352 8765.00000 7177.19487  18.1%   718 4085s
 15623 12036 7177.91231   22 4094 8765.00000 7177.91231  18.1%   718 4092s
 15626 12038 7178.02630  239 4246 8765.00000 7178.02630  18.1%   718 4095s
 15628 12039 7179.02868  197 4067 8765.00000 7179.02868  18.1%   718 4104s
 15629 12040 7179.35281   23 4195 8765.00000 7179.35281  18.1%   718 4107s
 15632 12042 8178.20653  806 4340 8765.00000 7179.46003  18.1%   718 4110s
 15635 12044 7969.61238  383 4008 8765.00000 7181.40489  18.1%   717 4135s
 15637 12045 7382.60584  262 4024 8765.00000 7181.76245  18.1%   717 4140s
 15642 12048 7181.83730  308 4163 8765.00000 7181.83730  18.1%   717 4146s
 15643 12049 7182.87290   52 4000 8765.00000 7182.87290  18.1%   717 4154s
 15644 12050 7183.14793  249 3994 8765.00000 7183.14793  18.0%   717 4157s
 15646 12051 7183.25940  101 4043 8765.00000 7183.25940  18.0%   717 4160s
 15651 12054 7183.31910  211 4070 8765.00000 7183.31910  18.0%   717 4165s
 15652 12055 7184.50238  267 4078 8765.00000 7184.50238  18.0%   717 4171s
 15654 12056 7937.65255  369 4237 8765.00000 7185.05305  18.0%   716 4176s
 15658 12059 7185.20307  208 4240 8765.00000 7185.20307  18.0%   716 4180s
 15661 12061 7186.36326   79 4061 8765.00000 7186.36326  18.0%   716 4190s
 15663 12062 7187.02753   64 4179 8765.00000 7187.02753  18.0%   716 4195s
 15666 12064 7187.04590   24 4058 8765.00000 7187.04590  18.0%   716 4203s
 15667 12065 8620.01549  466 4048 8765.00000 7190.07369  18.0%   716 4214s
 15668 12066 7190.88830   33 4118 8765.00000 7190.88830  18.0%   716 4219s
 15669 12066 7191.27501  317 4137 8765.00000 7191.27501  18.0%   716 4223s
 15671 12068 7191.42174   65 4192 8765.00000 7191.42174  18.0%   716 4225s
 15675 12070 7191.43312  314 4201 8765.00000 7191.43312  18.0%   716 4231s
 15676 12071 7193.84789  345 4013 8765.00000 7193.84789  17.9%   715 4240s
 15677 12072 7194.45712   65 4311 8765.00000 7194.45712  17.9%   715 4246s
 15679 12073 7194.63033  198 4252 8765.00000 7194.63033  17.9%   715 4250s
 15683 12076 7196.21790   78 4478 8765.00000 7196.21790  17.9%   715 4260s
 15684 12076 7196.74984    5 4492 8765.00000 7196.74984  17.9%   715 4265s
 15687 12078 8079.37874  676 4493 8765.00000 7197.12846  17.9%   715 4270s
 15691 12081 7199.06266   81 4441 8765.00000 7199.06266  17.9%   715 4280s
 15692 12082 7199.66373  216 4514 8765.00000 7199.66373  17.9%   715 4286s
 15693 12082 7350.96451  545 4393 8765.00000 7199.93990  17.9%   715 4290s
 15700 12087 7200.10699  349 4414 8765.00000 7200.10699  17.9%   714 4295s
 15701 12088 8646.41591  501 4515 8765.00000 7201.38651  17.8%   714 4301s
 15702 12088 7305.17411   68 4505 8765.00000 7201.91889  17.8%   714 4306s
 15706 12091 7202.12289   54 4532 8765.00000 7202.12289  17.8%   714 4310s
 15710 12094 7204.05594   42 4483 8765.00000 7204.05594  17.8%   714 4320s
 15711 12094 7205.03906  131 4614 8765.00000 7205.03906  17.8%   714 4327s
 15712 12095 7205.32483  271 4503 8765.00000 7205.32483  17.8%   714 4331s
 15718 12099 7205.46187  305 4586 8765.00000 7205.46187  17.8%   714 4336s
 15719 12100 7206.41629  325 4284 8765.00000 7206.41629  17.8%   714 4341s
 15721 12101 7206.79901    9 4481 8765.00000 7206.79901  17.8%   713 4346s
 15725 12104 7208.07046   83 4392 8765.00000 7208.07046  17.8%   713 4356s
 15727 12105 7539.99964  627 4513 8765.00000 7208.42445  17.8%   713 4360s
 15731 12108 7209.14750   62 4259 8765.00000 7209.14750  17.8%   713 4368s
 15732 12108 8178.20653  806 4454 8765.00000 7209.45870  17.7%   713 4370s
 15737 12112 7382.60584  262 4565 8765.00000 7209.60988  17.7%   713 4375s
 15738 12112 7210.79626   59 4409 8765.00000 7210.79626  17.7%   713 4382s
 15739 12113 7211.12653  463 4566 8765.00000 7211.12653  17.7%   713 4386s
 15742 12115 7211.34288  308 4671 8765.00000 7211.34288  17.7%   712 4390s
 15744 12116 7212.14157  249 4571 8765.00000 7212.14157  17.7%   712 4399s
 15745 12117 7212.56149    8 4749 8765.00000 7212.56149  17.7%   712 4403s
 15746 12118 7212.68871  101 4659 8765.00000 7212.68871  17.7%   712 4405s
 15753 12122 7850.62479  704 4411 8765.00000 7214.13853  17.7%   712 4417s
 15754 12123 7937.65255  369 4537 8765.00000 7214.76536  17.7%   712 4422s
 15755 12124 7214.92429  297 4494 8765.00000 7214.92429  17.7%   712 4425s
 15760 12127 7842.72563  532 4651 8765.00000 7215.02936  17.7%   712 4430s
 15761 12128 7215.92749   79 4220 8765.00000 7215.92749  17.7%   712 4436s
 15763 12129 7216.26602   64 4531 8765.00000 7216.26602  17.7%   712 4440s
 15769 12133 7217.62887  317 4444 8765.00000 7217.62887  17.7%   711 4451s
 15770 12134 7218.00158  337 4441 8765.00000 7218.00158  17.6%   711 4455s
 15776 12138 7218.15017  345 4563 8765.00000 7218.15017  17.6%   711 4461s
 15777 12138 7218.77949   65 4447 8765.00000 7218.77949  17.6%   711 4467s
 15778 12139 7219.06087  518 4559 8765.00000 7219.06087  17.6%   711 4470s
 15781 12141 7219.26094  406 4655 8765.00000 7219.26094  17.6%   711 4475s
 15786 12144 8211.25306  817 4598 8765.00000 7220.49640  17.6%   711 4486s
 15787 12145 8079.37874  676 4557 8765.00000 7220.87190  17.6%   710 4490s
 15791 12148 7221.08230   81 4658 8765.00000 7221.08230  17.6%   710 4495s
 15793 12149 7350.96451  545 4250 8765.00000 7222.05009  17.6%   710 4503s
 15794 12150 7222.37384   64 4429 8765.00000 7222.37384  17.6%   710 4508s
 15795 12150 8679.25954  535 4515 8765.00000 7222.48531  17.6%   710 4510s
H15799 11540                    8752.0000000 7223.45402  17.5%   710 4520s
 15802 11542 7305.17411   68 4390 8752.00000 7223.91294  17.5%   710 4525s
 15808 11546 7224.84673  181 4458 8752.00000 7224.84673  17.4%   710 4744s
 15809 11547 7225.35588  277 4254 8752.00000 7225.35588  17.4%   709 4780s
 15811 11548 7225.59431  131 4504 8752.00000 7225.59431  17.4%   709 4785s
 15817 11552 7227.42372   54 4250 8752.00000 7227.42372  17.4%   709 4799s
 15818 11553 7228.19873  305 4436 8752.00000 7228.19873  17.4%   709 4804s
 15819 11553 7228.47090  325 4403 8752.00000 7228.47090  17.4%   709 4806s
 15821 11555 7228.74234    9 4266 8752.00000 7228.74234  17.4%   709 4811s
 15825 11557 7228.81459   83 4327 8752.00000 7228.81459  17.4%   709 4815s
 15826 11558 7229.64452  239 4339 8752.00000 7229.64452  17.4%   709 4820s
 15829 11560 7230.15493   23 4471 8752.00000 7230.15493  17.4%   709 4826s
 15834 11563 7230.27982  336 4557 8752.00000 7230.27982  17.4%   708 4830s
 15838 11566 7231.20001   59 4267 8752.00000 7231.20001  17.4%   708 4838s
 15839 11567 7231.78591  463 4511 8752.00000 7231.78591  17.4%   708 4843s
 15840 11567 7231.95761  184 4481 8752.00000 7231.95761  17.4%   708 4845s
 15845 11571 7232.09860    8 4541 8752.00000 7232.09860  17.4%   708 4850s
 15846 11571 7233.37691  101 4349 8752.00000 7233.37691  17.4%   708 4856s
 15847 11572 7233.80870  236 4294 8752.00000 7233.80870  17.3%   708 4860s
 15851 11575 7234.04886  211 4497 8752.00000 7234.04886  17.3%   708 4865s
 15855 11577 7236.07274  297 4431 8752.00000 7236.07274  17.3%   707 4877s
 15856 11578 7236.71263  444 4630 8752.00000 7236.71263  17.3%   707 4882s
 15857 11579 7236.91462  304 4569 8752.00000 7236.91462  17.3%   707 4885s
 15864 11583 7237.05085  220 4568 8752.00000 7237.05085  17.3%   707 4890s
 15866 11585 7237.92113   24 4568 8752.00000 7237.92113  17.3%   707 4896s
 15867 11585 8620.01549  466 4555 8752.00000 7238.29141  17.3%   707 4900s
 15873 11589 7238.45170   58 4700 8752.00000 7238.45170  17.3%   707 4906s
 15874 11590 7239.84101  194 4395 8752.00000 7239.84101  17.3%   707 4913s
 15875 11591 7240.22034  314 4300 8752.00000 7240.22034  17.3%   707 4916s
 15877 11592 7240.50037   65 4353 8752.00000 7240.50037  17.3%   706 4920s
 15881 11595 7241.21713  406 4225 8752.00000 7241.21713  17.3%   706 4928s
 15882 11595 8375.36775  461 4315 8752.00000 7241.60189  17.3%   706 4932s
 15884 11597 7241.78079    5 4284 8752.00000 7241.78079  17.3%   706 4936s
 15888 11599 7899.80339  727 4418 8752.00000 7241.81812  17.3%   706 4940s
 15889 11600 7588.89901  509 4461 8752.00000 7242.70641  17.2%   706 4946s
 15890 11601 7243.14095  382 4417 8752.00000 7243.14095  17.2%   706 4950s
 15894 11603 7243.41977   64 4545 8752.00000 7243.41977  17.2%   706 4955s
 15897 11605 7817.93454  518 4508 8752.00000 7244.36227  17.2%   706 4963s
 15898 11606 7244.64091   87 4676 8752.00000 7244.64091  17.2%   705 4966s
 15900 11607 7244.80804  349 4599 8752.00000 7244.80804  17.2%   705 4970s
 15905 11611 7245.95097  109 4614 8752.00000 7245.95097  17.2%   705 4980s
 15907 11612 7246.40063   56 4476 8752.00000 7246.40063  17.2%   705 4986s
 15912 11615 7246.45306  271 4613 8752.00000 7246.45306  17.2%   705 4990s
 15913 11616 7247.41230   24 4828 8752.00000 7247.41230  17.2%   705 4996s
 15915 11617 7247.98299   71 4832 8752.00000 7247.98299  17.2%   705 5001s
 15919 11620 7248.07667  325 4810 8752.00000 7248.07667  17.2%   705 5005s
 15920 11621 8740.64812  489 4712 8752.00000 7249.24315  17.2%   705 5013s
 15921 11621 7249.69546    9 4832 8752.00000 7249.69546  17.2%   704 5017s
 15923 11623 7249.87608   22 4643 8752.00000 7249.87608  17.2%   704 5021s
 15928 11626 7249.93927  197 4780 8752.00000 7249.93927  17.2%   704 5026s
 15929 11627 7250.63005   23 4639 8752.00000 7250.63005  17.2%   704 5030s
 15931 11628 7251.02456   62 4757 8752.00000 7251.02456  17.2%   704 5035s
 15936 11631 7252.47499  309 4600 8752.00000 7252.47499  17.1%   704 5045s
 15937 11632 7382.60584  262 4677 8752.00000 7252.99014  17.1%   704 5050s
 15939 11633 7253.43735  463 4940 8752.00000 7253.43735  17.1%   704 5055s
 15945 11637 7253.51177    8 5013 8752.00000 7253.51177  17.1%   703 5060s
 15946 11638 7255.44007  101 4528 8752.00000 7255.44007  17.1%   703 5068s
 15947 11639 7256.35660  236 4630 8752.00000 7256.35660  17.1%   703 5074s
 15948 11639 7256.52486  422 4658 8752.00000 7256.52486  17.1%   703 5077s
 15951 11641 7256.71358  211 4802 8752.00000 7256.71358  17.1%   703 5080s
 15957 11645 7258.32664  304 4739 8752.00000 7258.32664  17.1%   703 5093s
 15958 11646 7258.91659  208 4717 8752.00000 7258.91659  17.1%   703 5098s
 15959 11647 7259.10720  132 4755 8752.00000 7259.10720  17.1%   703 5100s
 15963 11649 7259.33956   64 4716 8752.00000 7259.33956  17.1%   703 5105s
 15967 11652 8620.01549  466 4850 8752.00000 7260.30554  17.0%   702 5114s
 15968 11653 7260.68853   33 4828 8752.00000 7260.68853  17.0%   702 5118s
 15969 11653 7260.84693  317 4978 8752.00000 7260.84693  17.0%   702 5120s
 15975 11657 7260.97457  314 4927 8752.00000 7260.97457  17.0%   702 5125s
 15979 11660 7262.27288  198 4926 8752.00000 7262.27288  17.0%   702 5136s
 15980 11661 7262.64973  424 4716 8752.00000 7262.64973  17.0%   702 5141s
 15982 11662 8375.36775  461 4874 8752.00000 7263.00386  17.0%   702 5146s
 15987 11665 8079.37874  676 4906 8752.00000 7263.07178  17.0%   702 5150s
 15990 11667 7264.41364  382 4780 8752.00000 7264.41364  17.0%   701 5159s
 15991 11668 7264.78346   81 4882 8752.00000 7264.78346  17.0%   701 5163s
 15992 11669 7264.91232  216 4942 8752.00000 7264.91232  17.0%   701 5165s
 15997 11672 7817.93454  518 4898 8752.00000 7265.01221  17.0%   701 5170s
 16000 11674 7266.06959  349 4755 8752.00000 7266.06959  17.0%   701 5179s
 16001 11675 8646.41591  501 4879 8752.00000 7266.36487  17.0%   701 5182s
 16003 11676 7266.55003   57 4895 8752.00000 7266.55003  17.0%   701 5186s
 16009 11680 7266.63430  277 4936 8752.00000 7266.63430  17.0%   701 5191s
 16011 11681 7267.53991  131 4714 8752.00000 7267.53991  17.0%   701 5197s
 16013 11683 7267.75364   24 4794 8752.00000 7267.75364  17.0%   700 5200s
 16018 11686 7268.86053  305 4759 8752.00000 7268.86053  16.9%   700 5210s
 16020 11687 8740.64812  489 4836 8752.00000 7269.36330  16.9%   700 5216s
 16024 11690 7902.38303  566 4986 8752.00000 7269.45323  16.9%   700 5222s
 16025 11691 7270.27668   83 4776 8752.00000 7270.27668  16.9%   700 5227s
 16026 11691 7270.52164  239 4796 8752.00000 7270.52164  16.9%   700 5231s
 16030 11694 7657.97832  302 4793 8752.00000 7270.69551  16.9%   700 5235s
 16035 11697 7969.61238  383 4579 8752.00000 7271.68353  16.9%   699 5245s
 16037 11699 7382.60584  262 4720 8752.00000 7272.18733  16.9%   699 5251s
 16040 11701 7272.31745  184 4790 8752.00000 7272.31745  16.9%   699 5255s
 16044 11703 7273.23089  249 4434 8752.00000 7273.23089  16.9%   699 5264s
 16045 11704 7273.53495    8 4673 8752.00000 7273.53495  16.9%   699 5268s
 16046 11705 7273.64165  101 4678 8752.00000 7273.64165  16.9%   699 5270s
 16052 11709 7273.76919  267 4858 8752.00000 7273.76919  16.9%   699 5275s
 16054 11710 7937.65255  369 4715 8752.00000 7274.32234  16.9%   699 5282s
 16055 11711 7274.59437  297 4808 8752.00000 7274.59437  16.9%   699 5285s
 16060 11714 7842.72563  532 4833 8752.00000 7274.71690  16.9%   698 5291s
 16061 11715 7275.64185   79 4771 8752.00000 7275.64185  16.9%   698 5298s
 16062 11715 8320.27808  448 4840 8752.00000 7276.25799  16.9%   698 5302s
 16063 11716 7276.51685   64 4794 8752.00000 7276.51685  16.9%   698 5305s
 16067 11719 8620.01549  466 5105 8752.00000 7276.65493  16.9%   698 5310s
 16070 11721 7277.63666  337 4808 8752.00000 7277.63666  16.8%   698 5319s
 16071 11721 7277.93088   65 4779 8752.00000 7277.93088  16.8%   698 5322s
 16073 11723 7278.11592   58 4950 8752.00000 7278.11592  16.8%   698 5326s
 16078 11726 7278.17621  518 5047 8752.00000 7278.17621  16.8%   698 5331s
 16079 11727 7278.95140  198 4884 8752.00000 7278.95140  16.8%   698 5336s
 16081 11728 7279.30332  406 4921 8752.00000 7279.30332  16.8%   697 5341s
 16084 11730 7279.39142    5 4877 8752.00000 7279.39142  16.8%   697 5346s
 16085 11731 7279.81148  126 4741 8752.00000 7279.81148  16.8%   697 5350s
 16088 11733 7899.80339  727 4900 8752.00000 7279.95345  16.8%   697 5355s
 16092 11735 7280.35229  216 4910 8752.00000 7280.35229  16.8%   697 5362s
 16094 11737 7280.55838   64 4871 8752.00000 7280.55838  16.8%   697 5366s
 16099 11740 8298.16711  302 5071 8752.00000 7280.65649  16.8%   697 5371s
 16100 11741 7281.00931  349 4915 8752.00000 7281.00931  16.8%   697 5375s
 16105 11744 7281.20493  109 5232 8752.00000 7281.20493  16.8%   696 5380s
 16109 11747 7281.49674  277 4963 8752.00000 7281.49674  16.8%   696 5386s
 16112 11749 7281.66110  271 4923 8752.00000 7281.66110  16.8%   696 5390s
 16117 11752 7282.14242   54 4908 8752.00000 7282.14242  16.8%   696 5398s
 16118 11753 7282.38237  305 5115 8752.00000 7282.38237  16.8%   696 5402s
 16120 11754 8740.64812  489 5081 8752.00000 7282.49504  16.8%   696 5405s
 16127 11759 7539.99964  627 5193 8752.00000 7282.54112  16.8%   695 5410s
 16129 11760 7282.95182   23 5080 8752.00000 7282.95182  16.8%   695 5415s
 16134 11763 7283.09576  336 5201 8752.00000 7283.09576  16.8%   695 5421s
 16136 11765 7283.48738  309 4978 8752.00000 7283.48738  16.8%   695 5428s
 16138 11766 7283.54261   59 5025 8752.00000 7283.54261  16.8%   695 5430s
 16142 11769 7283.67889  308 5009 8752.00000 7283.67889  16.8%   695 5435s
 16147 11772 7283.77451  236 5142 8752.00000 7283.77451  16.8%   695 5440s
 16149 11773 7284.02498   27 4947 8752.00000 7284.02498  16.8%   695 5445s
 16154 11777 7937.65255  369 5108 8752.00000 7284.19425  16.8%   694 5451s
 16156 11778 7284.84829  444 5010 8752.00000 7284.84829  16.8%   694 5457s
 16158 11779 7284.94493  208 5062 8752.00000 7284.94493  16.8%   694 5460s
 16163 11783 7285.30327   64 4927 8752.00000 7285.30327  16.8%   694 5467s
 16165 11784 7285.50939  454 4972 8752.00000 7285.50939  16.8%   694 5470s
 16171 11788 7285.66591   65 4910 8752.00000 7285.66591  16.8%   694 5475s
 16176 11791 7285.80677  345 4972 8752.00000 7285.80677  16.8%   693 5480s
 16179 11793 7286.14040  198 4825 8752.00000 7286.14040  16.7%   693 5485s
 16182 11795 8375.36775  461 4929 8752.00000 7286.43322  16.7%   693 5490s
 16186 11798 8211.25306  817 4722 8752.00000 7286.75448  16.7%   693 5495s
 16188 11799 7899.80339  727 4836 8752.00000 7287.15098  16.7%   693 5501s
 16192 11802 7287.22746  216 5044 8752.00000 7287.22746  16.7%   693 5505s
 16194 11803 7287.60814   64 4932 8752.00000 7287.60814  16.7%   693 5510s
 16197 11805 7817.93454  518 4968 8752.00000 7287.89477  16.7%   692 5515s
 16204 11810 7288.54677   45 4855 8752.00000 7288.54677  16.7%   692 5525s
 16206 11811 7289.09687   54 4860 8752.00000 7289.09687  16.7%   692 5530s
 16213 11816 7289.19880   24 5012 8752.00000 7289.19880  16.7%   692 5536s
 16215 11817 7289.47675   71 4863 8752.00000 7289.47675  16.7%   692 5540s
 16222 11822 7289.55730   56 5097 8752.00000 7289.55730  16.7%   691 5546s
 16223 11823 7289.90335   22 5020 8752.00000 7289.90335  16.7%   691 5550s
 16225 11824 7290.18342   83 4975 8752.00000 7290.18342  16.7%   691 5555s
 16230 11827 7657.97832  302 5040 8752.00000 7290.25665  16.7%   691 5560s
 16232 11829 8178.20653  806 5042 8752.00000 7290.58143  16.7%   691 5566s
 16237 11832 7382.60584  262 5106 8752.00000 7290.67657  16.7%   691 5570s
 16241 11835 7290.85717   39 4999 8752.00000 7290.85717  16.7%   691 5575s
 16248 11839 7290.99611  422 5107 8752.00000 7290.99611  16.7%   690 5581s
 16249 11840 7291.36119   27 4952 8752.00000 7291.36119  16.7%   690 5585s
 16251 11841 7291.80110  211 5225 8752.00000 7291.80110  16.7%   690 5591s
 16258 11846 7291.86194  208 5150 8752.00000 7291.86194  16.7%   690 5596s
 16259 11847 7292.42304  132 4955 8752.00000 7292.42304  16.7%   690 5600s
 16262 11849 8320.27808  448 5040 8752.00000 7292.59582  16.7%   690 5605s
 16267 11852 8620.01549  466 4966 8752.00000 7293.16446  16.7%   689 5615s
 16270 11854 7293.33204  337 5037 8752.00000 7293.33204  16.7%   689 5620s
 16274 11857 7293.98900  194 4790 8752.00000 7293.98900  16.7%   689 5628s
 16275 11857 7294.23769  314 5000 8752.00000 7294.23769  16.7%   689 5632s
 16277 11859 7294.39630   65 5046 8752.00000 7294.39630  16.7%   689 5636s
 16283 11863 7294.45358   78 5094 8752.00000 7294.45358  16.7%   689 5641s
 16285 11864 7294.77409  126 5100 8752.00000 7294.77409  16.7%   689 5647s
 16289 11867 7588.89901  509 5165 8752.00000 7294.80932  16.6%   689 5651s
 16291 11868 7295.09971   81 5134 8752.00000 7295.09971  16.6%   688 5655s
 16294 11870 7295.15160   64 5163 8752.00000 7295.15160  16.6%   688 5660s
 16300 11874 7295.31823  349 5261 8752.00000 7295.31823  16.6%   688 5666s
 16302 11875 7305.17411   68 5085 8752.00000 7295.45628  16.6%   688 5670s
 16307 11879 7295.53297   56 5182 8752.00000 7295.53297  16.6%   688 5676s
 16312 11882 7295.62066  271 5065 8752.00000 7295.62066  16.6%   688 5681s
 16317 11885 7295.66220   54 5068 8752.00000 7295.66220  16.6%   687 5685s
 16319 11887 7295.99632  325 4978 8752.00000 7295.99632  16.6%   687 5690s
 16324 11890 7902.38303  566 5070 8752.00000 7296.06741  16.6%   687 5695s
 16328 11893 7296.16811  197 4971 8752.00000 7296.16811  16.6%   687 5700s
 16334 11897 7296.22960  336 5059 8752.00000 7296.22960  16.6%   687 5705s
 16338 11899 7296.42923   59 5069 8752.00000 7296.42923  16.6%   686 5710s
 16341 11901 7296.56149   39 5045 8752.00000 7296.56149  16.6%   686 5716s
 16345 11904 7296.64060    8 4942 8752.00000 7296.64060  16.6%   686 5720s
 16349 11908 7296.64060   27  941 8752.00000 7296.64060  16.6%   756 5727s
 16350 11909 7296.64060  463 1095 8752.00000 7296.64060  16.6%   756 5730s
 16351 11910 7296.64060  211 1191 8752.00000 7296.64060  16.6%   756 5735s
 16352 11910 7296.64060  267 1438 8752.00000 7296.64060  16.6%   756 5744s
 16353 11911 7850.62479  704 1434 8752.00000 7296.64060  16.6%   756 5753s
 16354 11912 7937.65255  369 1657 8752.00000 7296.64060  16.6%   755 5764s
 16355 11912 7296.64060  297 1796 8752.00000 7296.64060  16.6%   755 5779s
 16356 11913 7296.64060  444 1889 8752.00000 7296.64060  16.6%   755 5792s
 16357 11914 7296.64060  304 2140 8752.00000 7296.64060  16.6%   755 5809s
 16358 11914 7296.64060  208 2530 8752.00000 7296.64060  16.6%   755 5829s
 16359 11915 7296.64483  132 2519 8752.00000 7296.64483  16.6%   755 5848s
 16360 11916 7842.72563  532 2743 8752.00000 7296.66298  16.6%   755 5867s
 16361 11916 7296.66298   79 2981 8752.00000 7296.66298  16.6%   755 5889s
 16362 11917 8320.27808  448 3369 8752.00000 7296.83517  16.6%   755 5910s
 16363 11918 7296.83517   64 3584 8752.00000 7296.83517  16.6%   755 5931s
 16364 11918 7296.83517  220 3840 8752.00000 7296.83517  16.6%   755 5951s
 16365 11919 7296.83517  454 4150 8752.00000 7296.83517  16.6%   755 5970s
 16366 11920 7296.83517   24 4240 8752.00000 7296.83517  16.6%   755 5983s
 16367 11920 8620.01549  466 4399 8752.00000 7296.83517  16.6%   755 5993s
 16368 11921 7296.83517   33 4534 8752.00000 7296.83517  16.6%   755 6001s
 16369 11922 7296.83517  317 4747 8752.00000 7296.83517  16.6%   755 6008s
 16370 11922 7296.83517  337 4721 8752.00000 7296.83517  16.6%   755 6011s
 16371 11923 7296.83517   65 4895 8752.00000 7296.83517  16.6%   755 6015s
 16379 11928 7296.83517  198 4835 8752.00000 7296.83517  16.6%   754 6022s
 16380 11929 7297.64810  424 4738 8752.00000 7297.64810  16.6%   754 6030s
 16384 11932 7297.95671    5 4973 8752.00000 7297.95671  16.6%   754 6035s
 16388 11934 7899.80339  727 4771 8752.00000 7299.33860  16.6%   754 6047s
 16390 11936 7299.48329  382 4934 8752.00000 7299.48329  16.6%   754 6050s
 16394 11938 7299.50818   64 4828 8752.00000 7299.50818  16.6%   754 6055s
 16396 11940 7300.13542  348 4841 8752.00000 7300.13542  16.6%   754 6061s
 16400 11942 7300.20899  349 4918 8752.00000 7300.20899  16.6%   753 6066s
 16401 11943 8646.41591  501 4834 8752.00000 7301.02811  16.6%   753 6072s
 16402 11944 7305.17411   68 5016 8752.00000 7301.27272  16.6%   753 6075s
 16407 11947 7301.35758   56 5091 8752.00000 7301.35758  16.6%   753 6081s
 16408 11948 7301.90271  181 4926 8752.00000 7301.90271  16.6%   753 6092s
 16409 11948 7302.11629  277 5082 8752.00000 7302.11629  16.6%   753 6095s
 16415 11952 7302.18836   71 5151 8752.00000 7302.18836  16.6%   753 6101s
 16416 11953 7302.76202   33 5078 8752.00000 7302.76202  16.6%   753 6106s
 16420 11956 8740.64812  489 5115 8752.00000 7302.89368  16.6%   752 6110s
 16423 11958 7303.09341   22 4794 8752.00000 7303.09341  16.6%   752 6117s
 16425 11959 7303.22562   83 4956 8752.00000 7303.22562  16.6%   752 6120s
 16428 11961 7303.47178  197 4974 8752.00000 7303.47178  16.6%   752 6127s
 16431 11963 7303.54627   62 4828 8752.00000 7303.54627  16.5%   752 6130s
 16434 11965 7303.77954  336 4767 8752.00000 7303.77954  16.5%   752 6136s
 16436 11966 7303.94376  309 4856 8752.00000 7303.94376  16.5%   752 6140s
 16440 11969 7303.98626  184 4975 8752.00000 7303.98626  16.5%   752 6145s
 16442 11970 7304.22003  308 4902 8752.00000 7304.22003  16.5%   751 6150s
 16446 11973 7304.23460  101 4898 8752.00000 7304.23460  16.5%   751 6155s
 16447 11974 7304.38695  236 4799 8752.00000 7304.38695  16.5%   751 6165s
 16453 11978 7850.62479  704 4908 8752.00000 7304.46185  16.5%   751 6173s
 16454 11978 7937.65255  369 4925 8752.00000 7304.61940  16.5%   751 6175s
 16458 11981 7304.67955  208 4905 8752.00000 7304.67955  16.5%   751 6180s
 16460 11982 7842.72563  532 4689 8752.00000 7305.10709  16.5%   751 6186s
 16463 11984 7305.15180   64 4762 8752.00000 7305.15180  16.5%   750 6191s
 16466 11986 7305.26587   24 4663 8752.00000 7305.26587  16.5%   750 6195s
 16468 11988 7305.26778   33 4633 8752.00000 7305.26778  16.5%   750 6201s
 16469 11988 7306.07724  317 4461 8752.00000 7306.07724  16.5%   750 6207s
 16471 11990 7306.44240   65 4407 8752.00000 7306.44240  16.5%   750 6211s
 16474 11992 7306.54530  194 4567 8752.00000 7306.54530  16.5%   750 6215s
 16476 11993 7307.48131  345 4496 8752.00000 7307.48131  16.5%   750 6226s
 16479 11995 7307.70946  198 4655 8752.00000 7307.70946  16.5%   750 6230s
 16482 11997 8375.36775  461 4417 8752.00000 7308.20098  16.5%   750 6237s
 16484 11998 7308.41626    5 4561 8752.00000 7308.41626  16.5%   750 6240s
 16489 12002 7588.89901  509 4383 8752.00000 7309.18940  16.5%   749 6249s
 16490 12002 7309.53116  382 4511 8752.00000 7309.53116  16.5%   749 6252s
 16492 12004 7309.67068  216 4640 8752.00000 7309.67068  16.5%   749 6256s
 16496 12006 7310.54300  348 4536 8752.00000 7310.54300  16.5%   749 6264s
 16497 12007 7817.93454  518 4465 8752.00000 7310.81884  16.5%   749 6268s
 16498 12008 7310.87935   87 4741 8752.00000 7310.87935  16.5%   749 6270s
 16503 12011 7311.59201   57 4719 8752.00000 7311.59201  16.5%   749 6279s
 16504 12012 7311.95675   45 4700 8752.00000 7311.95675  16.5%   749 6283s
 16505 12012 7312.00066  109 4652 8752.00000 7312.00066  16.5%   749 6285s
 16511 12016 7312.11275  131 4873 8752.00000 7312.11275  16.5%   748 6290s
 16512 12017 7312.61547  271 4787 8752.00000 7312.61547  16.4%   748 6312s
 16513 12018 7312.72122   24 4890 8752.00000 7312.72122  16.4%   748 6316s
 16517 12020 7312.82802   54 4716 8752.00000 7312.82802  16.4%   748 6320s
 16519 12022 7313.88777  325 4879 8752.00000 7313.88777  16.4%   748 6329s
 16520 12022 8740.64812  489 4840 8752.00000 7314.14929  16.4%   748 6332s
 16522 12024 7314.21260   56 4833 8752.00000 7314.21260  16.4%   748 6335s
 16524 12025 7902.38303  566 4740 8752.00000 7314.46630  16.4%   748 6340s
 16528 12028 7314.63166  197 4806 8752.00000 7314.63166  16.4%   748 6345s
 16532 12030 8178.20653  806 4522 8752.00000 7314.91575  16.4%   747 6350s
 16538 12034 7315.05882   59 4727 8752.00000 7315.05882  16.4%   747 6356s
 16539 12035 7315.61939  463 4773 8752.00000 7315.61939  16.4%   747 6361s
 16541 12036 7315.84924   39 4891 8752.00000 7315.84924  16.4%   747 6365s
 16548 12041 7316.35415  422 4799 8752.00000 7316.35415  16.4%   747 6373s
 16549 12042 7316.50767   27 4799 8752.00000 7316.50767  16.4%   747 6375s
 16552 12044 7316.66054  267 4990 8752.00000 7316.66054  16.4%   746 6380s
 16554 12045 7937.65255  369 4941 8752.00000 7317.21569  16.4%   746 6387s
 16556 12046 7317.28798  444 4979 8752.00000 7317.28798  16.4%   746 6390s
 16560 12049 7842.72563  532 4883 8752.00000 7317.65775  16.4%   746 6397s
 16562 12050 8320.27808  448 5005 8752.00000 7317.83546  16.4%   746 6400s
 16565 12052 7318.52526  454 4872 8752.00000 7318.52526  16.4%   746 6408s
 16566 12053 7318.70277   24 4993 8752.00000 7318.70277  16.4%   746 6411s
 16569 12055 7318.85378  317 4919 8752.00000 7318.85378  16.4%   746 6415s
 16572 12057 7319.18742   61 4725 8752.00000 7319.18742  16.4%   746 6421s
 16574 12058 7319.38300  194 4787 8752.00000 7319.38300  16.4%   745 6425s
 16578 12061 7319.67999  518 4776 8752.00000 7319.67999  16.4%   745 6431s
 16582 12064 8375.36775  461 4965 8752.00000 7319.81015  16.4%   745 6435s
 16586 12066 8211.25306  817 4854 8752.00000 7320.10776  16.4%   745 6441s
 16588 12068 7899.80339  727 4966 8752.00000 7320.32236  16.4%   745 6445s
 16594 12072 7320.65188   64 4827 8752.00000 7320.65188  16.4%   745 6453s
 16596 12073 7320.74534  348 4989 8752.00000 7320.74534  16.4%   744 6456s
 16600 12076 7321.22494  349 4862 8752.00000 7321.22494  16.3%   744 6463s
 16601 12076 8646.41591  501 4923 8752.00000 7321.41232  16.3%   744 6466s
 16606 12080 7321.53703   54 4930 8752.00000 7321.53703  16.3%   744 6470s
 16608 12081 7321.99032  181 4788 8752.00000 7321.99032  16.3%   744 6476s
 16611 12083 7322.21526  131 5122 8752.00000 7322.21526  16.3%   744 6480s
 16616 12086 7322.54514   33 4772 8752.00000 7322.54514  16.3%   744 6486s
 16618 12088 7322.71831  305 4916 8752.00000 7322.71831  16.3%   743 6490s
 16623 12091 7322.93834   22 4952 8752.00000 7322.93834  16.3%   743 6495s
 16628 12094 7323.09117  197 4828 8752.00000 7323.09117  16.3%   743 6500s
 16633 12098 8143.29680  749 4916 8752.00000 7323.20841  16.3%   743 6506s
 16635 12099 7969.61238  383 4918 8752.00000 7323.59531  16.3%   743 6511s
 16641 12103 7323.71390   39 4949 8752.00000 7323.71390  16.3%   742 6516s
 16644 12105 7323.85766  249 4861 8752.00000 7323.85766  16.3%   742 6520s
 16649 12108 7324.02827   27 4858 8752.00000 7324.02827  16.3%   742 6526s
 16654 12112 7937.65255  369 4996 8752.00000 7324.14277  16.3%   742 6530s
 16657 12114 7324.50169  304 4778 8752.00000 7324.50169  16.3%   742 6536s
 16660 12116 7842.72563  532 4927 8752.00000 7324.74078  16.3%   742 6540s
 16662 12117 8320.27808  448 4594 8752.00000 7325.06399  16.3%   742 6545s
 16665 12119 7325.21935  454 4892 8752.00000 7325.21935  16.3%   741 6550s
 16668 12121 7325.51769   33 4778 8752.00000 7325.51769  16.3%   741 6556s
 16670 12122 7325.75053  337 4879 8752.00000 7325.75053  16.3%   741 6560s
 16676 12126 7326.05469  345 5140 8752.00000 7326.05469  16.3%   741 6567s
 16678 12128 7326.27286  518 5167 8752.00000 7326.27286  16.3%   741 6570s
 16683 12131 7326.59425   78 5022 8752.00000 7326.59425  16.3%   741 6578s
 16684 12132 7326.74699    5 5067 8752.00000 7326.74699  16.3%   741 6580s
 16689 12135 7588.89901  509 5263 8752.00000 7326.80344  16.3%   740 6585s
 16691 12136 7327.38078   81 5026 8752.00000 7327.38078  16.3%   740 6591s
 16694 12138 7327.63841   64 4979 8752.00000 7327.63841  16.3%   740 6596s
 16699 12142 8298.16711  302 4968 8752.00000 7328.53103  16.3%   740 6606s
 16700 12142 7328.88484  349 5013 8752.00000 7328.88484  16.3%   740 6611s
 16701 12143 8646.41591  501 5189 8752.00000 7329.21502  16.3%   740 6615s
 16706 12146 7329.34384   54 5378 8752.00000 7329.34384  16.3%   740 6620s
 16708 12148 7330.48424  181 4985 8752.00000 7330.48424  16.2%   739 6628s
 16709 12148 7330.75452  277 5227 8752.00000 7330.75452  16.2%   739 6632s
 16711 12150 7330.96315  131 5298 8752.00000 7330.96315  16.2%   739 6636s
 16716 12153 7331.01085   33 5295 8752.00000 7331.01085  16.2%   739 6640s
 16717 12154 7331.57706   54 5202 8752.00000 7331.57706  16.2%   739 6646s
 16718 12154 7331.98059  305 5246 8752.00000 7331.98059  16.2%   739 6650s
 16722 12157 7332.14674   56 5273 8752.00000 7332.14674  16.2%   739 6655s
 16728 12161 7332.64653  197 5246 8752.00000 7332.64653  16.2%   739 6663s
 16729 12162 7332.85460   23 5222 8752.00000 7332.85460  16.2%   739 6666s
 16734 12165 7332.91756  336 5380 8752.00000 7332.91756  16.2%   738 6670s
 16735 12166 7969.61238  383 5235 8752.00000 7333.33223  16.2%   738 6675s
 16738 12168 7333.53621   59 5354 8752.00000 7333.53621  16.2%   738 6680s
 16743 12171 7333.88629   52 5021 8752.00000 7333.88629  16.2%   738 6688s
 16744 12172 7333.97508  249 5310 8752.00000 7333.97508  16.2%   738 6690s
 16750 12176 7334.08701  463 5635 8752.00000 7334.08701  16.2%   738 6695s
 16752 12177 7334.63535  267 4989 8752.00000 7334.63535  16.2%   738 6702s
 16754 12178 7937.65255  369 5237 8752.00000 7334.75771  16.2%   737 6706s
 16758 12181 7335.26950  208 5277 8752.00000 7335.26950  16.2%   737 6713s
 16759 12182 7335.41913  132 5340 8752.00000 7335.41913  16.2%   737 6716s
 16763 12184 7335.51165   64 5492 8752.00000 7335.51165  16.2%   737 6721s
 16765 12186 7335.76457  454 5285 8752.00000 7335.76457  16.2%   737 6726s
 16770 12189 7335.84945  337 5385 8752.00000 7335.84945  16.2%   737 6731s
 16771 12190 7336.36210   65 5241 8752.00000 7336.36210  16.2%   737 6735s
 16776 12193 7336.56359  345 5484 8752.00000 7336.56359  16.2%   736 6740s
 16779 12195 7337.36950  198 4882 8752.00000 7337.36950  16.2%   736 6748s
 16780 12196 7337.81276  424 5014 8752.00000 7337.81276  16.2%   736 6752s
 16782 12197 8375.36775  461 5084 8752.00000 7337.94033  16.2%   736 6755s
 16787 12200 8079.37874  676 4987 8752.00000 7338.33311  16.2%   736 6762s
 16788 12201 7899.80339  727 5168 8752.00000 7338.51698  16.2%   736 6765s
 16792 12204 7338.59778  216 5301 8752.00000 7338.59778  16.1%   736 6770s
 16794 12205 7339.16782   64 5094 8752.00000 7339.16782  16.1%   736 6776s
 16796 12206 7339.30950  348 5138 8752.00000 7339.30950  16.1%   736 6780s
 16801 12210 8646.41591  501 5011 8752.00000 7339.82533  16.1%   735 6787s
 16802 12210 7340.03150   68 5115 8752.00000 7340.03150  16.1%   735 6790s
 16806 12213 7340.16263   54 5181 8752.00000 7340.16263  16.1%   735 6795s
 16809 12215 7340.43017  277 5157 8752.00000 7340.43017  16.1%   735 6801s
 16812 12217 7340.54117  271 5169 8752.00000 7340.54117  16.1%   735 6805s
 16817 12220 7340.76804   54 5067 8752.00000 7340.76804  16.1%   735 6812s
 16819 12222 7340.89017  325 5013 8752.00000 7340.89017  16.1%   735 6816s
 16824 12225 7902.38303  566 5143 8752.00000 7340.91809  16.1%   734 6820s
 16826 12226 7341.42709  239 5065 8752.00000 7341.42709  16.1%   734 6827s
 16828 12228 7341.49102  197 5165 8752.00000 7341.49102  16.1%   734 6830s
 16832 12230 8178.20653  806 5074 8752.00000 7341.81233  16.1%   734 6837s
 16833 12231 8143.29680  749 5118 8752.00000 7341.95123  16.1%   734 6840s
 16839 12235 7342.07811  463 5207 8752.00000 7342.07811  16.1%   734 6846s
 16841 12236 7342.46374   39 5045 8752.00000 7342.46374  16.1%   734 6852s
 16845 12239 7342.50885    8 5219 8752.00000 7342.50885  16.1%   733 6856s
 16847 12240 7342.69848  236 5386 8752.00000 7342.69848  16.1%   733 6861s
 16850 12242 7342.78515  463 5276 8752.00000 7342.78515  16.1%   733 6865s
 16853 12244 7850.62479  704 5260 8752.00000 7342.88451  16.1%   733 6870s
 16859 12248 7343.11292  132 5150 8752.00000 7343.11292  16.1%   733 6877s
 16861 12250 7343.26451   79 5211 8752.00000 7343.26451  16.1%   733 6881s
 16865 12252 7343.44513  454 5333 8752.00000 7343.44513  16.1%   733 6887s
 16867 12254 8620.01549  466 5211 8752.00000 7343.55983  16.1%   733 6890s
 16872 12257 7343.67628   61 4994 8752.00000 7343.67628  16.1%   732 6896s
 16876 12260 7343.83648  345 5227 8752.00000 7343.83648  16.1%   732 6901s
 16878 12261 7344.06355  518 5183 8752.00000 7344.06355  16.1%   732 6906s
 16884 12265 7344.19752    5 5216 8752.00000 7344.19752  16.1%   732 7132s
 16885 12266 7344.23961  126 5208 8752.00000 7344.23961  16.1%   732 7170s
 16889 12268 7588.89901  509 4820 8752.00000 7345.19405  16.1%   732 7178s
 16890 12269 7345.93479  382 4673 8752.00000 7345.93479  16.1%   732 7184s
 16891 12270 7346.25508   81 4859 8752.00000 7346.25508  16.1%   731 7188s
 16892 12270 7346.38586  216 4812 8752.00000 7346.38586  16.1%   731 7191s
 16898 12274 7346.46694   87 4923 8752.00000 7346.46694  16.1%   731 7196s
 16899 12275 8298.16711  302 4753 8752.00000 7346.90164  16.1%   731 7200s
 16902 12277 7347.11392   68 4881 8752.00000 7347.11392  16.1%   731 7205s
 16905 12279 7347.35606  109 4990 8752.00000 7347.35606  16.0%   731 7210s
 16910 12282 7347.49745   42 4963 8752.00000 7347.49745  16.0%   731 7216s
 16912 12284 7347.89228  271 4852 8752.00000 7347.89228  16.0%   731 7221s
 16917 12287 7347.94113   54 4938 8752.00000 7347.94113  16.0%   730 7226s
 16918 12288 7348.33084  305 4823 8752.00000 7348.33084  16.0%   730 7230s
 16921 12290 7348.50950    9 4761 8752.00000 7348.50950  16.0%   730 7235s
 16925 12292 7348.97624   83 4774 8752.00000 7348.97624  16.0%   730 7243s
 16926 12293 7349.20639  239 4846 8752.00000 7349.20639  16.0%   730 7246s
 16928 12294 7349.31074  197 4929 8752.00000 7349.31074  16.0%   730 7250s
 16932 12297 8178.20653  806 4894 8752.00000 7349.94600  16.0%   730 7258s
 16933 12298 8143.29680  749 4878 8752.00000 7350.13472  16.0%   730 7260s
 16937 12300 7382.60584  262 5099 8752.00000 7350.24557  16.0%   729 7265s
 16939 12302 7350.53854  463 4895 8752.00000 7350.53854  16.0%   729 7270s
 16943 12304 7350.69734   52 5041 8752.00000 7350.69734  16.0%   729 7275s
 16948 12308 7351.22713  422 4862 8752.00000 7351.22713  16.0%   729 7283s
 16949 12308 7351.46308   27 5037 8752.00000 7351.46308  16.0%   729 7286s
 16953 12311 7850.62479  704 5117 8752.00000 7351.57128  16.0%   729 7290s
 16956 12313 7351.83059  444 4962 8752.00000 7351.83059  16.0%   729 7296s
 16958 12314 7352.00697  208 5060 8752.00000 7352.00697  16.0%   729 7301s
 16963 12318 7352.51693   64 4906 8752.00000 7352.51693  16.0%   728 7310s
 16966 12320 7352.78228   24 5114 8752.00000 7352.78228  16.0%   728 7315s
 16971 12323 7353.08730   65 4798 8752.00000 7353.08730  16.0%   728 7322s
 16973 12324 7353.28002   58 4941 8752.00000 7353.28002  16.0%   728 7326s
 16980 12329 7353.32083  424 5064 8752.00000 7353.32083  16.0%   728 7330s
 16983 12331 7354.05983   78 4858 8752.00000 7354.05983  16.0%   728 7336s
 16985 12332 7354.30084  126 5007 8752.00000 7354.30084  16.0%   727 7341s
 16990 12336 7354.33742  382 5210 8752.00000 7354.33742  16.0%   727 7346s
 16991 12336 7354.66156   81 5061 8752.00000 7354.66156  16.0%   727 7350s
 16995 12339 8679.25954  535 5196 8752.00000 7354.79385  16.0%   727 7355s
 16996 12340 7355.35423  348 4961 8752.00000 7355.35423  16.0%   727 7361s
 16998 12341 7355.66160   87 5073 8752.00000 7355.66160  16.0%   727 7366s
 17002 12344 7355.77061   68 5069 8752.00000 7355.77061  16.0%   727 7370s
 17008 12348 7356.20609  181 5028 8752.00000 7356.20609  15.9%   726 7378s
 17009 12348 7356.35572  277 4959 8752.00000 7356.35572  15.9%   726 7381s
 17011 12350 7356.49548  131 5170 8752.00000 7356.49548  15.9%   726 7385s
 17018 12354 7356.56614  305 5339 8752.00000 7356.56614  15.9%   726 7391s
 17019 12355 7356.93753  325 4984 8752.00000 7356.93753  15.9%   726 7396s
 17022 12357 7357.07702   56 5129 8752.00000 7357.07702  15.9%   726 7400s
 17028 12361 7357.52459  197 5041 8752.00000 7357.52459  15.9%   726 7409s
 17029 12362 7357.66236   23 5153 8752.00000 7357.66236  15.9%   726 7410s
 17034 12365 7357.72809  336 5252 8752.00000 7357.72809  15.9%   725 7415s
 17036 12366 7358.19431  309 5242 8752.00000 7358.19431  15.9%   725 7421s
 17040 12369 7358.27164  184 5242 8752.00000 7358.27164  15.9%   725 7425s
 17044 12372 7358.46668  249 4992 8752.00000 7358.46668  15.9%   725 7430s
 17050 12376 7358.55647  463 5275 8752.00000 7358.55647  15.9%   725 7436s
 17052 12377 7358.91118  267 5175 8752.00000 7358.91118  15.9%   725 7442s
 17056 12380 7358.95517  444 5184 8752.00000 7358.95517  15.9%   724 7445s
H17060 11751                    8748.0000000 7359.16418  15.9%   724 7451s
 17063 11753 7359.24614   64 5208 8748.00000 7359.24614  15.9%   724 7455s
 17068 11757 7359.77612   33 5115 8748.00000 7359.77612  15.9%   724 7465s
 17071 11759 7360.02031   65 5171 8748.00000 7360.02031  15.9%   724 7470s
 17077 11763 7360.07919   65 5228 8748.00000 7360.07919  15.9%   724 7475s
 17079 11764 7360.54592  198 5006 8748.00000 7360.54592  15.9%   723 7482s
 17080 11765 7360.79981  424 5061 8748.00000 7360.79981  15.9%   723 7485s
 17083 11767 7360.95309   78 5059 8748.00000 7360.95309  15.9%   723 7490s
 17087 11769 8079.37874  676 5032 8748.00000 7361.35480  15.9%   723 7498s
 17089 11771 7588.89901  509 5180 8748.00000 7361.44825  15.8%   723 7500s
 17093 11773 7361.55974  545 4955 8748.00000 7361.55974  15.8%   723 7505s
 17097 11777 7817.93454  518  941 8748.00000 7361.55974  15.8%   774 7512s
 17098 11778 7361.55974   87 1089 8748.00000 7361.55974  15.8%   774 7515s
 17099 11779 8298.16711  302 1207 8748.00000 7361.55974  15.8%   774 7520s
 17100 11779 7361.55974  349 1338 8748.00000 7361.55974  15.8%   774 7528s
 17101 11780 8646.41591  501 1503 8748.00000 7361.55974  15.8%   774 7537s
 17102 11781 7361.55974   68 1650 8748.00000 7361.55974  15.8%   774 7550s
 17103 11781 7361.55974   57 1730 8748.00000 7361.55974  15.8%   774 7564s
 17104 11782 7361.55974   45 1918 8748.00000 7361.55974  15.8%   774 7580s
 17105 11783 7361.55974  109 2114 8748.00000 7361.55974  15.8%   774 7596s
 17106 11783 7361.55974   54 2198 8748.00000 7361.55974  15.8%   774 7614s
 17107 11784 7361.55996   56 2662 8748.00000 7361.55996  15.8%   774 7634s
 17108 11785 7361.55996  181 3010 8748.00000 7361.55996  15.8%   774 7655s
 17109 11785 7361.61092  277 3443 8748.00000 7361.61092  15.8%   774 7678s
 17110 11786 7361.61092   42 3542 8748.00000 7361.61092  15.8%   774 7698s
 17111 11787 7361.61092  131 4003 8748.00000 7361.61092  15.8%   773 7719s
 17112 11787 7361.61092  271 4181 8748.00000 7361.61092  15.8%   773 7736s
 17113 11788 7361.61092   24 4221 8748.00000 7361.61092  15.8%   773 7751s
 17114 11789 7361.61092   46 4325 8748.00000 7361.61092  15.8%   773 7762s
 17115 11789 7361.61092   71 4591 8748.00000 7361.61092  15.8%   773 7773s
 17116 11790 7361.61092   33 4588 8748.00000 7361.61092  15.8%   773 7783s
 17117 11791 7361.61092   54 4694 8748.00000 7361.61092  15.8%   773 7788s
 17118 11791 7361.61092  305 4728 8748.00000 7361.61092  15.8%   773 7793s
 17119 11792 7361.61092  325 4705 8748.00000 7361.61092  15.8%   773 7795s
 17126 11797 7361.61092  239 4891 8748.00000 7361.61092  15.8%   773 7802s
 17127 11797 7539.99964  627 4735 8748.00000 7362.65258  15.8%   773 7809s
 17128 11798 7362.76987  197 4655 8748.00000 7362.76987  15.8%   773 7811s
 17130 11799 7657.97832  302 4651 8748.00000 7362.79991  15.8%   773 7815s
 17132 11801 8178.20653  806 4649 8748.00000 7363.63330  15.8%   773 7822s
 17135 11803 7969.61238  383 4843 8748.00000 7363.67096  15.8%   772 7827s
 17136 11803 7364.18983  309 4714 8748.00000 7364.18983  15.8%   772 7831s
 17139 11805 7364.38006  463 4853 8748.00000 7364.38006  15.8%   772 7835s
 17141 11807 7365.35096   39 4759 8748.00000 7365.35096  15.8%   772 7845s
 17144 11809 7365.62965  249 4825 8748.00000 7365.62965  15.8%   772 7850s
H17146 11218                    8746.0000000 7366.21348  15.8%   772 7868s
 17148 11219 7366.34064  422 4766 8746.00000 7366.34064  15.8%   772 7871s
 17152 11222 7366.39675  267 4877 8746.00000 7366.39675  15.8%   772 7876s
 17154 11223 7937.65255  369 4900 8746.00000 7366.72725  15.8%   772 7881s
 17160 11227 7842.72563  532 4984 8746.00000 7366.76798  15.8%   771 7887s
 17161 11228 7367.18313   79 4844 8746.00000 7367.18313  15.8%   771 7899s
 17162 11229 8320.27808  448 5077 8746.00000 7367.28964  15.8%   771 7901s
 17166 11231 7367.36340   24 5005 8746.00000 7367.36340  15.8%   771 7906s
 17167 11232 8620.01549  466 5011 8746.00000 7367.60922  15.8%   771 7910s
 17173 11236 7367.74762   58 5112 8746.00000 7367.74762  15.8%   771 7917s
 17174 11237 7368.22239  194 5012 8746.00000 7368.22239  15.8%   771 7921s
 17176 11238 7368.55330  345 4958 8746.00000 7368.55330  15.7%   771 7925s
 17180 11241 7368.58067  424 4974 8746.00000 7368.58067  15.7%   770 7930s
 17182 11242 8375.36775  461 5006 8746.00000 7368.87793  15.7%   770 7935s
 17186 11245 8211.25306  817 4998 8746.00000 7368.89562  15.7%   770 7940s
 17189 11247 7588.89901  509 5029 8746.00000 7369.07748  15.7%   770 7945s
 17192 11249 7369.08607  216 4978 8746.00000 7369.08607  15.7%   770 7950s
 17197 11252 7817.93454  518 5181 8746.00000 7369.26150  15.7%   770 7958s
 17198 11253 7369.39839   87 4976 8746.00000 7369.39839  15.7%   770 7960s
 17202 11255 7369.44934   68 5075 8746.00000 7369.44934  15.7%   769 7966s
 17204 11257 7369.71664   45 5043 8746.00000 7369.71664  15.7%   769 7970s
 17207 11259 7369.74831   56 4906 8746.00000 7369.74831  15.7%   769 7977s
 17208 11259 7370.43259  181 4889 8746.00000 7370.43259  15.7%   769 7984s
 17209 11260 7370.64402  277 4944 8746.00000 7370.64402  15.7%   769 7986s
 17214 11263 7370.70111   46 4927 8746.00000 7370.70111  15.7%   769 7993s
 17215 11264 7371.36671   71 5123 8746.00000 7371.36671  15.7%   769 8000s
 17217 11265 7371.77078   54 5220 8746.00000 7371.77078  15.7%   769 8007s
 17221 11268 7371.82859    9 5131 8746.00000 7371.82859  15.7%   769 8010s
 17223 11269 7372.21362   22 5038 8746.00000 7372.21362  15.7%   768 8016s
 17226 11271 7372.41017  239 5278 8746.00000 7372.41017  15.7%   768 8020s
 17229 11273 7372.92964   23 5121 8746.00000 7372.92964  15.7%   768 8027s
 17230 11274 7657.97832  302 5137 8746.00000 7373.12937  15.7%   768 8030s
 17235 11277 7969.61238  383 5238 8746.00000 7373.19779  15.7%   768 8035s
 17238 11279 7373.49625   59 5067 8746.00000 7373.49625  15.7%   768 8040s
 17243 11283 7373.69216   52 5068 8746.00000 7373.69216  15.7%   768 8045s
 17247 11285 7373.85044  236 5116 8746.00000 7373.85044  15.7%   767 8051s
 17248 11286 7374.06809  422 4901 8746.00000 7374.06809  15.7%   767 8055s
 17253 11289 7850.62479  704 5041 8746.00000 7374.21611  15.7%   767 8060s
 17256 11291 7374.45803  444 4923 8746.00000 7374.45803  15.7%   767 8065s
 17261 11295 7374.59934   79 5057 8746.00000 7374.59934  15.7%   767 8071s
 17262 11295 8320.27808  448 4841 8746.00000 7374.98213  15.7%   767 8076s
 17264 11297 7375.29711  220 5036 8746.00000 7375.29711  15.7%   767 8080s
 17269 11300 7375.36069  317 5028 8746.00000 7375.36069  15.7%   766 8085s
 17272 11302 7375.59952   61 5009 8746.00000 7375.59952  15.7%   766 8090s
 17277 11305 7375.76472   65 4976 8746.00000 7375.76472  15.7%   766 8096s
 17282 11309 8375.36775  461 4916 8746.00000 7376.15336  15.7%   766 8103s
 17284 11310 7376.23501    5 4926 8746.00000 7376.23501  15.7%   766 8105s
 17289 11313 7588.89901  509 4987 8746.00000 7376.38634  15.7%   766 8110s
 17295 11317 8679.25954  535 5166 8746.00000 7376.45575  15.7%   765 8115s
 17297 11319 7817.93454  518 4947 8746.00000 7376.89447  15.7%   765 8121s
 17301 11321 8646.41591  501 5168 8746.00000 7377.02065  15.7%   765 8125s
 17305 11324 7377.25856  109 5122 8746.00000 7377.25856  15.6%   765 8131s
 17309 11327 7377.28828  277 5210 8746.00000 7377.28828  15.6%   765 8135s
 17313 11329 7377.45370   24 5322 8746.00000 7377.45370  15.6%   764 8140s
 17317 11332 7377.65597   54 5327 8746.00000 7377.65597  15.6%   764 8145s
 17322 11335 7377.74454   56 5227 8746.00000 7377.74454  15.6%   764 8150s
 17327 11339 7539.99964  627 5169 8746.00000 7378.02911  15.6%   764 8156s
 17331 11341 7378.09858   62 5370 8746.00000 7378.09858  15.6%   764 8160s
 17333 11343 8143.29680  749 5261 8746.00000 7378.61544  15.6%   764 8166s
 17336 11345 7378.74873  309 5330 8746.00000 7378.74873  15.6%   763 8170s
 17338 11346 7378.92044   59 5280 8746.00000 7378.92044  15.6%   763 8185s
 17341 11348 7379.02395   39 5281 8746.00000 7379.02395  15.6%   763 8190s
 17343 11349 7379.70098   52 5221 8746.00000 7379.70098  15.6%   763 8196s
 17344 11350 7380.00545  249 5133 8746.00000 7380.00545  15.6%   763 8200s
 17347 11352 7380.17968  236 5166 8746.00000 7380.17968  15.6%   763 8205s
 17351 11355 7380.43034  211 5157 8746.00000 7380.43034  15.6%   763 8211s
 17353 11356 7850.62479  704 5134 8746.00000 7380.61459  15.6%   763 8215s
 17357 11359 7380.80539  304 5176 8746.00000 7380.80539  15.6%   763 8221s
 17360 11361 7842.72563  532 5287 8746.00000 7380.92064  15.6%   762 8225s
 17362 11362 8320.27808  448 5059 8746.00000 7381.28144  15.6%   762 8230s
 17364 11363 7381.48496  220 5323 8746.00000 7381.48496  15.6%   762 8235s
 17369 11367 7381.98258  317 5324 8746.00000 7381.98258  15.6%   762 8244s
 17370 11367 7382.02909  337 5307 8746.00000 7382.02909  15.6%   762 8245s
 17375 11371 7382.13032  314 5292 8746.00000 7382.13032  15.6%   762 8250s
 17378 11373 7382.47617  518 4976 8746.00000 7382.47617  15.6%   762 8256s
 17381 11375 7382.68786  406 5243 8746.00000 7382.68786  15.6%   761 8260s
 17385 11377 7382.85032  126 5030 8746.00000 7382.85032  15.6%   761 8266s
 17390 11381 7382.94405  382 5199 8746.00000 7382.94405  15.6%   761 8270s
 17391 11381 7383.55738   81 4812 8746.00000 7383.55738  15.6%   761 8275s
 17394 11383 7383.80338   64 4823 8746.00000 7383.80338  15.6%   761 8280s
 17398 11386 7383.97369   87 5026 8746.00000 7383.97369  15.6%   761 8285s
 17404 11390 7384.05541   45 5181 8746.00000 7384.05541  15.6%   760 8291s
 17405 11391 7384.38499  109 5031 8746.00000 7384.38499  15.6%   760 8295s
 17408 11393 7384.62586  181 5123 8746.00000 7384.62586  15.6%   760 8300s
 17412 11395 7385.08300  271 4974 8746.00000 7385.08300  15.6%   760 8308s
 17413 11396 7385.21568   24 5136 8746.00000 7385.21568  15.6%   760 8310s
 17419 11400 7385.28007  325 5346 8746.00000 7385.28007  15.6%   760 8315s
 17421 11401 7385.48249    9 5178 8746.00000 7385.48249  15.6%   760 8321s
 17425 11404 7385.52587   83 5284 8746.00000 7385.52587  15.6%   760 8325s
 17427 11405 7539.99964  627 5221 8746.00000 7385.98660  15.6%   759 8331s
 17431 11408 7386.04225   62 5244 8746.00000 7386.04225  15.5%   759 8335s
 17433 11409 8143.29680  749 5032 8746.00000 7386.57608  15.5%   759 8342s
 17435 11411 7969.61238  383 5358 8746.00000 7386.69456  15.5%   759 8345s
 17439 11413 7386.84678  463 5380 8746.00000 7386.84678  15.5%   759 8351s
 17443 11416 7386.90552   52 5355 8746.00000 7386.90552  15.5%   759 8355s
 17445 11417 7387.42381    8 5252 8746.00000 7387.42381  15.5%   759 8362s
 17450 11421 7387.47494  463 5455 8746.00000 7387.47494  15.5%   758 8365s
 17453 11423 7850.62479  704 5509 8746.00000 7387.61001  15.5%   758 8370s
 17458 11426 7387.68846  208 5520 8746.00000 7387.68846  15.5%   758 8375s
 17461 11428 7388.05065   79 5190 8746.00000 7388.05065  15.5%   758 8380s
 17466 11431 7388.54780   24 4999 8746.00000 7388.54780  15.5%   758 8388s
 17467 11432 8620.01549  466 5026 8746.00000 7388.74231  15.5%   758 8391s
 17472 11435 7388.80282   61 5214 8746.00000 7388.80282  15.5%   758 8396s
 17473 11436 7389.49707   58 4934 8746.00000 7389.49707  15.5%   757 8401s
 17475 11437 7389.75485  314 5042 8746.00000 7389.75485  15.5%   757 8405s
 17478 11439 7389.81685  518 5273 8746.00000 7389.81685  15.5%   757 8410s
 17480 11441 7390.28049  424 5157 8746.00000 7390.28049  15.5%   757 8415s
 17487 11445 8079.37874  676 5298 8746.00000 7390.32232  15.5%   757 8420s
 17489 11447 7588.89901  509 4973 8746.00000 7390.70671  15.5%   757 8426s
 17493 11449 7390.78707  545 5228 8746.00000 7390.78707  15.5%   757 8430s
 17497 11452 7817.93454  518 5266 8746.00000 7390.88723  15.5%   756 8435s
 17504 11457 7390.98949   45 5214 8746.00000 7390.98949  15.5%   756 8440s
 17510 11461 7391.10197   42 5447 8746.00000 7391.10197  15.5%   756 8445s
 17516 11465 7391.26015   33 5228 8746.00000 7391.26015  15.5%   756 8450s
 17522 11469 7391.34704   56 5351 8746.00000 7391.34704  15.5%   755 8455s
 17528 11473 7391.44288  197 5273 8746.00000 7391.44288  15.5%   755 8461s
 17531 11475 7391.59688   62 5225 8746.00000 7391.59688  15.5%   755 8465s
 17536 11478 7391.64597  309 5323 8746.00000 7391.64597  15.5%   755 8470s
 17540 11481 7391.85777  184 5075 8746.00000 7391.85777  15.5%   755 8476s
 17543 11483 7391.98933   52 5217 8746.00000 7391.98933  15.5%   754 8480s
 17547 11485 7392.23221  236 4956 8746.00000 7392.23221  15.5%   754 8486s
 17550 11487 7392.36963  463 5073 8746.00000 7392.36963  15.5%   754 8490s
 17553 11489 7850.62479  704 5097 8746.00000 7392.48959  15.5%   754 8495s
 17558 11493 7392.63030  208 4833 8746.00000 7392.63030  15.5%   754 8500s
 17563 11496 7392.68858   64 5057 8746.00000 7392.68858  15.5%   754 8505s
 17569 11500 7392.80136  317 5072 8746.00000 7392.80136  15.5%   753 8511s
 17572 11502 7392.95196   61 5053 8746.00000 7392.95196  15.5%   753 8515s
 17575 11504 7393.13074  314 5005 8746.00000 7393.13074  15.5%   753 8521s
 17578 11506 7393.22905  518 5240 8746.00000 7393.22905  15.5%   753 8525s
 17584 11510 7393.28572    5 5275 8746.00000 7393.28572  15.5%   753 8530s
 17590 11514 7393.38278  382 5103 8746.00000 7393.38278  15.5%   752 8535s
 17596 11518 7393.42590  348 5290 8746.00000 7393.42590  15.5%   752 8540s
 17599 11520 8298.16711  302 5042 8746.00000 7393.68231  15.5%   752 8546s
 17603 11523 7393.71655   57 5052 8746.00000 7393.71655  15.5%   752 8550s
 17607 11525 7393.85439   56 5176 8746.00000 7393.85439  15.5%   752 8555s
 17611 11528 7393.89537  131 5191 8746.00000 7393.89537  15.5%   752 8560s
 17616 11531 7393.97506   33 5231 8746.00000 7393.97506  15.5%   751 8565s
 17621 11535 7394.28184    9 5112 8746.00000 7394.28184  15.5%   751 8584s
 17622 11535 7394.32243   56 5168 8746.00000 7394.32243  15.5%   751 8587s
 17625 11537 7394.36559   83 5176 8746.00000 7394.36559  15.5%   751 8590s
 17629 11540 7394.47394   23 5134 8746.00000 7394.47394  15.5%   751 8595s
 17634 11543 7394.55803  336 5387 8746.00000 7394.55803  15.5%   751 8600s
 17640 11547 7394.65706  184 5370 8746.00000 7394.65706  15.5%   750 8606s
 17646 11551 7394.71944  101 5571 8746.00000 7394.71944  15.5%   750 8611s
 17648 11553 7394.93884  422 5379 8746.00000 7394.93884  15.4%   750 8615s
 17655 11557 7395.29857  297 5411 8746.00000 7395.29857  15.4%   750 8623s
 17656 11558 7395.38130  444 5250 8746.00000 7395.38130  15.4%   750 8625s
 17662 11562 8320.27808  448 5373 8746.00000 7395.87096  15.4%   749 8633s
 17663 11563 7396.00857   64 5294 8746.00000 7396.00857  15.4%   749 8635s
 17667 11565 8620.01549  466 5464 8746.00000 7396.09357  15.4%   749 8640s
 17670 11567 7396.27073  337 5301 8746.00000 7396.27073  15.4%   749 8645s
 17674 11570 7396.45379  194 5337 8746.00000 7396.45379  15.4%   749 8650s
 17679 11573 7396.66679  198 5138 8746.00000 7396.66679  15.4%   749 8656s
 17682 11575 8375.36775  461 5263 8746.00000 7396.76523  15.4%   749 8660s
 17688 11579 7899.80339  727 5333 8746.00000 7396.81022  15.4%   748 8665s
 17693 11583 7396.89292  545 5293 8746.00000 7396.89292  15.4%   748 8670s
 17698 11586 7396.95844   87 5341 8746.00000 7396.95844  15.4%   748 8675s
 17700 11587 7397.16559  349 5250 8746.00000 7397.16559  15.4%   748 8680s
 17706 11591 7397.22713   54 5327 8746.00000 7397.22713  15.4%   747 8686s
 17710 11594 7397.24750   42 5340 8746.00000 7397.24750  15.4%   747 8690s
 17714 11597 7397.37167   46 5316 8746.00000 7397.37167  15.4%   747 8695s
 17719 11600 7397.43440  325 5362 8746.00000 7397.43440  15.4%   747 8700s
 17723 11603 7397.56532   22 5413 8746.00000 7397.56532  15.4%   747 8706s
 17726 11605 7397.71933  239 5393 8746.00000 7397.71933  15.4%   747 8710s
 17731 11608 7397.80606   62 5294 8746.00000 7397.80606  15.4%   746 8715s
 17738 11613 7397.87927   59 5502 8746.00000 7397.87927  15.4%   746 8720s
 17740 11614 7398.18387  184 5259 8746.00000 7398.18387  15.4%   746 8725s
 17746 11618 7398.31707  101 5494 8746.00000 7398.31707  15.4%   746 8730s
 17750 11621 7398.53553  463 5250 8746.00000 7398.53553  15.4%   746 8736s
 17753 11623 7850.62479  704 5417 8746.00000 7398.66599  15.4%   746 8740s
 17759 11627 7398.89454  132 5292 8746.00000 7398.89454  15.4%   745 8747s
 17760 11627 7842.72563  532 5292 8746.00000 7398.89454  15.4%   745 8889s
 17761 11631 7398.92910   45 5232 8746.00000 7398.89454  15.4%   784 8933s
 17763 11634 7399.10251   46 5253 8746.00000 7398.93246  15.4%   785 8994s
 17767 11641 7399.18239   47 5301 8746.00000 7399.10251  15.4%   788 9037s
 17775 11654 7399.34646   48 5307 8746.00000 7399.18239  15.4%   793 9108s
 17791 11665 7409.68960   49 5215 8746.00000 7399.34735  15.4%   807 9259s
 17807 11685 7489.74503   50 4012 8746.00000 7399.34735  15.4%   822 9348s
H17810 11092                    8745.0000000 7399.34735  15.4%   824 9348s
H17818 10526                    8738.0000000 7399.34735  15.3%   832 9348s
 17832 10652 7473.23842   51 4523 8738.00000 7399.34735  15.3%   839 9434s
 17963 10673 7474.45481   52 4377 8738.00000 7399.34735  15.3%   872 9473s
H17964 10137                    8732.0000000 7399.34735  15.3%   872 9473s
H17976  9625                    8731.0000000 7399.34735  15.3%   873 9473s
H17998  9136                    8730.0000000 7399.34735  15.2%   876 9473s
 18027  9222 7474.74233   53 4437 8730.00000 7399.34735  15.2%   879 9505s
 18123  9220 7475.06438   58 4614 8730.00000 7399.34735  15.2%   883 9527s
 18153  9238 7488.82619   59 4301 8730.00000 7399.34735  15.2%   886 9550s
H18158  8778                    8729.0000000 7399.34735  15.2%   886 9550s
 18181  8792 7511.19529   60 4142 8729.00000 7399.34735  15.2%   887 9580s
 18203  8815 7514.94312   61 4206 8729.00000 7399.34735  15.2%   890 9607s
H18230  8371                    8728.0000000 7399.34735  15.2%   893 9607s
 18233  8394 7498.87086   66 3795 8728.00000 7399.34735  15.2%   893 9640s
 18257  8410 7498.91029   67 3805 8728.00000 7399.34735  15.2%   897 9677s
 18281  8442 7499.80159   68 3929 8728.00000 7399.34735  15.2%   900 9712s
 18321  8454 7500.17934   70 3915 8728.00000 7399.34735  15.2%   903 9747s
 18347  8476 7471.38563   70 4396 8728.00000 7399.34735  15.2%   906 9790s
 18377  8494 7472.76873   71 4202 8728.00000 7399.34735  15.2%   910 9823s
H18391  8075                    8724.0000000 7399.34735  15.2%   913 9823s
 18406  8197 7499.46091   71 3931 8724.00000 7399.34735  15.2%   916 9856s
H18407  7804                    8723.0000000 7399.34735  15.2%   916 9856s
 18533  7876 7474.15084   72 3956 8723.00000 7399.34735  15.2%   922 9885s
 18649  7950 7474.76661   73 3998 8723.00000 7399.34735  15.2%   927 9916s
H18762  7568                    8719.0000000 7399.34735  15.1%   931 9944s
 18765  7567 7550.64388   78 2868 8719.00000 7399.34735  15.1%   931 9945s
H18774  7210                    8716.9999966 7399.34735  15.1%   932 9945s
 18792  7235 7474.84673   76 3978 8717.00000 7399.34735  15.1%   933 9970s
 18823  7260 7511.14062   86 3960 8717.00000 7399.34735  15.1%   938 9995s
 18858  7277 7474.92299   77 3855 8717.00000 7399.34735  15.1%   939 10021s
 18887  7324 7479.34966   77 3925 8717.00000 7399.34735  15.1%   940 10044s
 18943  7334 7475.51699   78 3849 8717.00000 7399.34735  15.1%   942 10247s
 18972  7353 7512.79947   90 3883 8717.00000 7399.34735  15.1%   942 10276s
 19001  7386 7475.91853   79 3862 8717.00000 7399.34735  15.1%   943 10304s
 19043  7420 7490.77601   80 3547 8717.00000 7399.34735  15.1%   945 10334s
 19091  7450 7476.01128   80 3824 8717.00000 7399.34735  15.1%   949 10368s
 19138  7481 7477.43790   82 3933 8717.00000 7399.34735  15.1%   951 10404s
 19185  7520 7477.46940   83 3734 8717.00000 7399.34735  15.1%   953 10437s
 19240  7618 7478.32583   85 3793 8717.00000 7399.34735  15.1%   956 10476s
 19356  7727 7478.45302   86 3779 8717.00000 7399.34735  15.1%   959 10515s
 19504  7875 7479.18147   88 3656 8717.00000 7399.34735  15.1%   964 10554s
 19701  8085 7481.59607   90 3729 8717.00000 7399.34735  15.1%   972 10594s
 19977  8277 7482.34454   92 3579 8717.00000 7399.34735  15.1%   975 10633s
 20261  8428 7482.67031   93 3621 8717.00000 7399.34735  15.1%   978 10672s
 20506  8601 7482.91493   94 3492 8717.00000 7399.34735  15.1%   983 10715s
 20761  8548 7485.27649   95 3741 8717.00000 7399.34735  15.1%   989 10741s
 20793  8583 7542.33683  145 3375 8717.00000 7399.34735  15.1%   990 10775s
 20839  8806 7485.88369   96 3570 8717.00000 7399.34735  15.1%   993 10821s
 21077  9060 7546.54042  151 3416 8717.00000 7399.34735  15.1%   998 10870s
 21410  9299 7486.72736   97 3588 8717.00000 7399.34735  15.1%  1002 10920s
 21762  9576 7487.36188   98 3678 8717.00000 7399.34735  15.1%  1007 10974s
 22157  9687 7489.89049  100 3694 8717.00000 7399.34735  15.1%  1011 11022s
 22401  9637 7490.11248  101 3739 8717.00000 7399.34735  15.1%  1021 11052s
 22433  9754 7522.71491  101 3230 8717.00000 7399.34735  15.1%  1023 11096s
 22560 10043 7492.24230  102 3827 8717.00000 7399.34735  15.1%  1025 11148s
 22894 10359 7493.04523  104 3678 8717.00000 7399.34735  15.1%  1031 11204s
 23343 10639 7493.80152  105 3736 8717.00000 7399.34735  15.1%  1036 11261s
 23773 11011 7687.17506  231 3265 8717.00000 7399.34735  15.1%  1042 11319s
 24305 11239 7494.08155  106 3805 8717.00000 7399.34735  15.1%  1046 11385s
 24734 11519 7495.78210  109 3805 8717.00000 7399.34735  15.1%  1053 11449s
 25161 11849 7496.46802  110 3838 8717.00000 7399.34735  15.1%  1061 11519s
 25650 12163 7499.00246  113 3751 8717.00000 7399.34735  15.1%  1069 11586s
 26204 12124 7499.93747  114 3564 8717.00000 7399.34735  15.1%  1075 11648s
 26349 12399 7501.06229  116 3512 8717.00000 7399.34735  15.1%  1081 11724s
H26493 12014                    8713.0000000 7399.34735  15.1%  1084 11724s
 26688 12633 7503.55729  117 3698 8713.00000 7399.34735  15.1%  1087 11810s
 27404 12956 7503.07634  120 3612 8713.00000 7399.34735  15.1%  1093 11884s
 27967 13418 7515.36464  121 3535 8713.00000 7399.34735  15.1%  1104 11964s
 28667 13970 7508.61624  123 3615 8713.00000 7399.34735  15.1%  1112 12051s
 29475 15023 7509.67050  125 3685 8713.00000 7399.34735  15.1%  1116 12166s
 30878 14872 7510.07933  128 3623 8713.00000 7399.34735  15.1%  1113 12218s
 31194 14994 7510.90239  129 3674 8713.00000 7399.34735  15.1%  1116 12271s
 31434 14943 7510.95100  130 3706 8713.00000 7399.34735  15.1%  1117 12327s
H31436 14621                    8712.0000000 7399.34735  15.1%  1117 12327s
 31467 14997 8255.06822  488 2131 8712.00000 7399.34735  15.1%  1118 12390s
H31487 14685                    8711.0000000 7399.34735  15.1%  1117 12390s
 31956 14980 7512.21594  131 3730 8711.00000 7399.34735  15.1%  1114 12470s
 32492 15364 7513.71862  133 3743 8711.00000 7399.34735  15.1%  1117 12547s
 33090 15490 7559.30285  134 3311 8711.00000 7399.34735  15.1%  1120 12627s
 33416 15565 7515.31677  136 3638 8711.00000 7399.34735  15.1%  1127 12702s
 33599 15844 7517.04988  137 3738 8711.00000 7399.34735  15.1%  1137 12790s
H33852 15566                    8709.0000000 7399.34735  15.0%  1142 12790s
 33943 16345 7517.62784  139 3710 8709.00000 7399.34735  15.0%  1144 12884s
 34781 16445 7519.62008  141 3698 8709.00000 7399.34735  15.0%  1147 12961s
H34801 16441                    8708.0000000 7399.34735  15.0%  1148 12961s
 34881 16939 7520.42403  142 3743 8708.00000 7399.34735  15.0%  1149 13235s
 35395 17394 7524.10628  145 3929 8708.00000 7399.34735  15.0%  1154 13321s
H35636 17387                    8706.0000000 7399.34735  15.0%  1156 13321s
H35706 17365                    8703.0000000 7399.34735  15.0%  1156 13321s
 35850 18359 7524.23506  146 3887 8703.00000 7399.34735  15.0%  1157 13439s
H36900 19246                    8702.0000000 7399.34735  15.0%  1162 13563s
 37865 20094 7526.49106  152 3850 8702.00000 7399.34735  15.0%  1169 13687s
 38827 20451 7529.88113  155 3683 8702.00000 7399.34735  15.0%  1176 13787s
H38836 20343                    8692.0000000 7399.34735  14.9%  1176 13787s
H38949 20285                    8689.0000000 7399.34735  14.8%  1176 13787s
 39184 21127 7530.58152  156 3620 8689.00000 7399.34735  14.8%  1178 13918s
 40073 22205 7532.32284  159 3900 8689.00000 7399.34735  14.8%  1183 14063s
H41221 22407                    8688.0000000 7399.34735  14.8%  1190 14174s
H41223 22231                    8677.0000000 7399.34735  14.7%  1191 14174s
H41270 22161                    8674.0000000 7399.34735  14.7%  1193 14174s
 41443 23207 7534.32588  162 3706 8674.00000 7399.34735  14.7%  1194 14314s
 42538 23772 7535.74898  165 3789 8674.00000 7399.34735  14.7%  1203 14434s
H42661 23754                    8673.0000000 7399.34735  14.7%  1204 14434s
 43143 24998 7538.03375  167 3727 8673.00000 7399.34735  14.7%  1206 14588s
 44448 26493 7539.60546  170 3885 8673.00000 7402.05151  14.7%  1211 14767s
 46036 27647 7542.16173  174 3660 8673.00000 7402.05151  14.7%  1214 14931s
 47210 27679 7543.12825  176 3654 8673.00000 7402.05151  14.7%  1225 15064s
H47217 27661                    8672.0000000 7402.05151  14.6%  1227 15064s
 47242 28954 7581.25263  176 3515 8672.00000 7402.05151  14.6%  1229 15233s
 48615 30372 7545.18955  179 3595 8672.00000 7402.05151  14.6%  1237 15413s
 50053 31908 7549.20276  182 3412 8672.00000 7402.05151  14.6%  1243 15611s
 51666 32574 7554.92681  186 3723 8672.00000 7402.05151  14.6%  1247 15773s
 52346 33505 7555.36089  187 3610 8672.00000 7402.05151  14.6%  1247 15941s
 53296 35238 7556.13951  189 3591 8672.00000 7402.05151  14.6%  1249 16152s
 55114 36578 7559.85277  196 3570 8672.00000 7402.05151  14.6%  1252 16384s
 56550 37965 7562.47644  199 3455 8672.00000 7402.05151  14.6%  1265 16625s
 57965 38182 7565.04320  204 3507 8672.00000 7402.05151  14.6%  1282 16799s
 58182 39678 7565.38891  205 3506 8672.00000 7402.05151  14.6%  1284 17052s
 59811 40020 7571.51554  212 3533 8672.00000 7402.05151  14.6%  1297 17439s
H60069 40010                    8671.0000000 7402.05151  14.6%  1303 17439s
 60155 47667 7575.48086  216 3576 8671.00000 7402.05151  14.6%  1306 18881s
 68037 47767 7601.29901  259 3307 8671.00000 7402.05151  14.6%  1370 19141s
H68095 47747                    8670.0000000 7402.05151  14.6%  1372 19141s
 68151 49289 7763.39461  260 3121 8670.00000 7402.05151  14.6%  1373 19495s
H68568 49267                    8669.0000000 7402.05151  14.6%  1375 19495s
 69841 50759 7633.39757  265 3218 8669.00000 7402.05151  14.6%  1378 19904s
 71487 52975 7657.57947  271 3168 8669.00000 7402.05151  14.6%  1402 20359s
 73791 55440 7663.96796  279 3207 8669.00000 7402.05151  14.6%  1426 20757s
 76320 58498 7673.01652  287 3265 8669.00000 7402.05151  14.6%  1437 21207s
 79479 59587 7682.50340  298 3099 8669.00000 7402.05151  14.6%  1449 21592s
 80601 62629 7683.73918  302 3163 8669.00000 7402.05151  14.6%  1455 22081s
 83727 63700 7687.64684  313 3227 8669.00000 7402.05151  14.6%  1465 22596s
 84957 67144 7693.44831  323 3167 8669.00000 7402.05151  14.6%  1478 23157s
 88459 69933 7704.41826  341 3191 8669.00000 7402.05151  14.6%  1491 23658s
 91343 73764 7713.96693  353 3189 8669.00000 7402.05151  14.6%  1500 24231s
 95242 75079 7722.32855  374 3185 8669.00000 7402.05151  14.6%  1508 24635s
 96583 78948 7736.32522  377 2996 8669.00000 7402.05151  14.6%  1512 25302s
 100646 80691 7948.37932  391 2912 8669.00000 7402.05151  14.6%  1516 25856s
 102611 84051 7757.15207  408 3078 8669.00000 7402.05151  14.6%  1529 26464s
 106207 86557 7774.64321  429 3012 8669.00000 7402.05151  14.6%  1543 27026s
 108819 89339 7840.30944  444 3072 8669.00000 7402.05151  14.6%  1553 27585s
 111601 91657 7799.08573  456 3018 8669.00000 7402.05151  14.6%  1557 28183s
 113941 96163 7812.38280  474 2796 8669.00000 7402.05151  14.6%  1563 28851s
 118558 99244 7848.35835  497 2863 8669.00000 7402.05151  14.6%  1569 29430s
 121996 101460 7860.53962  512 2836 8669.00000 7402.05151  14.6%  1575 29995s
 124301 105959 7870.83265  531 2863 8669.00000 7402.05151  14.6%  1584 30813s
 129014 110375 7881.90332  558 2869 8669.00000 7402.05151  14.6%  1597 31512s
 133604 112568 7910.25815  583 2698 8669.00000 7402.05151  14.6%  1601 32088s
 135849 115351 7928.46557  601 2769 8669.00000 7402.05151  14.6%  1609 32699s
 138818 118110 7955.03594  618 2822 8669.00000 7402.05151  14.6%  1612 33346s
 141792 122067 7968.90432  644 2716 8669.00000 7402.05151  14.6%  1626 34027s
 145942 124609 7985.14541  681 2614 8669.00000 7402.05151  14.6%  1636 34656s
 148771 128298 7994.45024  705 2610 8669.00000 7402.05151  14.6%  1649 35338s
 152585 128330 8005.48107  737 2438 8669.00000 7402.05151  14.6%  1660 35839s
/var/spool/slurm/d/job5322912/slurm_script: line 99: 3256733 Killed                  "$ENV_PY" -m src.experiments.run_single_instance --project-root "$PROJECT_ROOT" --output-root "$OUTPUT_ROOT" --instance "$INSTANCE" --event-type "$EVENT_TYPE" --gurobi-output "$GUROBI_OUTPUT" "${EXTRA_ARGS[@]}"
[Wed Dec 17 03:01:50 PST 2025] Finished run_single_instance for c201_Random1
[2025-12-17T03:01:50.483] error: Detected 1 oom_kill event in StepId=5322912.batch. Some of the step tasks have been OOM Killed.
