==========================================
SLURM_JOB_ID = 5322918
SLURM_JOB_NODELIST = a03-12
TMPDIR = /tmp/SLURM_5322918
==========================================
Using Python:
Python 3.10.18
Checking core dependencies:
numpy: 2.2.6
gurobi: (12, 0, 3)
[Tue Dec 16 17:41:07 PST 2025] Starting run_single_instance on a03-12.hpc.usc.edu for r101_Random2
Set parameter TokenServer to value "hpc-licenses.hpcc.usc.edu"
Set parameter TimeLimit to value 86400
Set parameter Seed to value 42
Set parameter OutputFlag to value 1
Gurobi Optimizer version 12.0.3 build v12.0.3rc0 (linux64 - "Rocky Linux 8.10 (Green Obsidian)")

CPU model: AMD EPYC 7513 32-Core Processor, instruction set [SSE2|AVX|AVX2]
Thread count: 64 physical cores, 64 logical processors, using up to 32 threads

Non-default parameters:
TimeLimit  86400
Seed  42

Optimize a model with 703650 rows, 728000 columns and 7279600 nonzeros
Model fingerprint: 0x006c391e
Variable types: 0 continuous, 728000 integer (727500 binary)
Coefficient statistics:
  Matrix range     [1e+00, 1e+03]
  Objective range  [1e+00, 9e+01]
  Bounds range     [1e+00, 5e+01]
  RHS range        [1e+00, 1e+03]
Presolve removed 679000 rows and 699354 columns
Presolve time: 1.79s
Presolved: 24650 rows, 28646 columns, 207850 nonzeros
Variable types: 0 continuous, 28646 integer (28600 binary)
Performing another presolve...
Presolve removed 150 rows and 200 columns
Presolve time: 0.27s
Deterministic concurrent LP optimizer: primal and dual simplex
Showing primal log only...


Root simplex log...

Iteration    Objective       Primal Inf.    Dual Inf.      Time
   18846    5.8474281e+03   0.000000e+00   4.834956e+05      5s
Concurrent spin time: 0.00s

Solved with dual simplex

Root simplex log...

Iteration    Objective       Primal Inf.    Dual Inf.      Time
   16279    3.5864586e+03   0.000000e+00   0.000000e+00      6s

Root relaxation: objective 3.586459e+03, 16279 iterations, 2.00 seconds (2.74 work units)
Total elapsed time = 5.57s (DegenMoves)

    Nodes    |    Current Node    |     Objective Bounds      |     Work
 Expl Unexpl |  Obj  Depth IntInf | Incumbent    BestBd   Gap | It/Node Time

     0     0 3586.45857    0  901          - 3586.45857      -     -    5s
     0     0 3620.70181    0  995          - 3620.70181      -     -    7s
     0     0 3624.03283    0  986          - 3624.03283      -     -    8s
     0     0 3624.28545    0 1010          - 3624.28545      -     -    8s
     0     0 3624.28545    0 1017          - 3624.28545      -     -    8s
     0     0 3647.37947    0 1092          - 3647.37947      -     -    9s
     0     0 3648.76817    0 1175          - 3648.76817      -     -   10s
     0     0 3649.19504    0 1156          - 3649.19504      -     -   10s
     0     0 3649.21541    0 1184          - 3649.21541      -     -   10s
     0     0 3649.23838    0 1154          - 3649.23838      -     -   10s
     0     0 3649.24648    0 1175          - 3649.24648      -     -   10s
     0     0 3673.21658    0 1047          - 3673.21658      -     -   13s
     0     0 3679.10644    0 1148          - 3679.10644      -     -   14s
     0     0 3685.96947    0 1139          - 3685.96947      -     -   15s
     0     0 3687.67846    0 1173          - 3687.67846      -     -   15s
     0     0 3687.79177    0 1146          - 3687.79177      -     -   16s
     0     0 3687.80730    0 1187          - 3687.80730      -     -   16s
     0     0 3687.80730    0 1191          - 3687.80730      -     -   16s
     0     0 3714.74932    0 1167          - 3714.74932      -     -   19s
     0     0 3722.27595    0 1093          - 3722.27595      -     -   20s
     0     0 3723.13036    0 1150          - 3723.13036      -     -   21s
     0     0 3723.37461    0 1150          - 3723.37461      -     -   21s
     0     0 3723.51829    0 1143          - 3723.51829      -     -   22s
     0     0 3723.52984    0 1163          - 3723.52984      -     -   22s
     0     0 3772.41446    0 1175          - 3772.41446      -     -   25s
     0     0 3774.98326    0 1318          - 3774.98326      -     -   26s
     0     0 3776.76333    0 1332          - 3776.76333      -     -   26s
     0     0 3776.79978    0 1323          - 3776.79978      -     -   26s
     0     0 3776.80221    0 1331          - 3776.80221      -     -   27s
     0     0 3833.55641    0 1237          - 3833.55641      -     -   29s
     0     0 3838.21971    0 1293          - 3838.21971      -     -   30s
     0     0 3838.38281    0 1345          - 3838.38281      -     -   31s
     0     0 3838.39972    0 1325          - 3838.39972      -     -   31s
     0     0 3909.19336    0 1354          - 3909.19336      -     -   34s
     0     0 3913.75432    0 1489          - 3913.75432      -     -   36s
     0     0 3914.04196    0 1483          - 3914.04196      -     -   36s
     0     0 3914.20788    0 1485          - 3914.20788      -     -   36s
     0     0 3914.21288    0 1530          - 3914.21288      -     -   36s
     0     0 3979.42362    0 1387          - 3979.42362      -     -   40s
     0     0 3981.02562    0 1377          - 3981.02562      -     -   41s
     0     0 3981.40389    0 1307          - 3981.40389      -     -   41s
     0     0 3981.43655    0 1334          - 3981.43655      -     -   41s
     0     0 4024.63217    0 1490          - 4024.63217      -     -   45s
     0     0 4031.54569    0 1445          - 4031.54569      -     -   47s
     0     0 4031.79982    0 1488          - 4031.79982      -     -   47s
     0     0 4031.85434    0 1476          - 4031.85434      -     -   47s
     0     0 4086.36751    0 1415          - 4086.36751      -     -   51s
     0     0 4092.21921    0 1416          - 4092.21921      -     -   53s
     0     0 4092.64348    0 1423          - 4092.64348      -     -   53s
     0     0 4092.72267    0 1445          - 4092.72267      -     -   53s
     0     0 4141.89963    0 1416          - 4141.89963      -     -   57s
     0     0 4144.27370    0 1459          - 4144.27370      -     -   59s
     0     0 4144.98794    0 1547          - 4144.98794      -     -   60s
     0     0 4145.09867    0 1580          - 4145.09867      -     -   60s
     0     0 4166.74734    0 1538          - 4166.74734      -     -   64s
     0     0 4169.26835    0 1625          - 4169.26835      -     -   66s
     0     0 4169.55756    0 1615          - 4169.55756      -     -   66s
     0     0 4169.63267    0 1662          - 4169.63267      -     -   67s
     0     0 4180.67785    0 1507          - 4180.67785      -     -   69s
     0     0 4182.40831    0 1572          - 4182.40831      -     -   70s
     0     0 4182.67715    0 1600          - 4182.67715      -     -   71s
     0     0 4182.72649    0 1554          - 4182.72649      -     -   71s
     0     0 4194.11427    0 1582          - 4194.11427      -     -   74s
     0     0 4196.10247    0 1626          - 4196.10247      -     -   76s
     0     0 4196.51706    0 1650          - 4196.51706      -     -   77s
     0     0 4196.62990    0 1647          - 4196.62990      -     -   77s
     0     0 4206.54282    0 1632          - 4206.54282      -     -   79s
     0     0 4207.97891    0 1688          - 4207.97891      -     -   81s
     0     0 4208.34448    0 1690          - 4208.34448      -     -   82s
     0     0 4208.36666    0 1682          - 4208.36666      -     -   82s
     0     0 4222.52891    0 1786          - 4222.52891      -     -   85s
     0     0 4224.11255    0 1784          - 4224.11255      -     -   87s
     0     0 4224.24165    0 1758          - 4224.24165      -     -   87s
     0     0 4237.92468    0 1828          - 4237.92468      -     -   90s
     0     0 4240.37305    0 1752          - 4240.37305      -     -   92s
     0     0 4241.20570    0 1851          - 4241.20570      -     -   93s
     0     0 4241.31532    0 1869          - 4241.31532      -     -   93s
     0     0 4260.99135    0 1845          - 4260.99135      -     -   97s
     0     0 4264.12402    0 1902          - 4264.12402      -     -   99s
     0     0 4264.20125    0 1894          - 4264.20125      -     -   99s
     0     0 4271.76620    0 1850          - 4271.76620      -     -  101s
     0     0 4272.34069    0 1984          - 4272.34069      -     -  102s
     0     0 4272.46707    0 1945          - 4272.46707      -     -  103s
H    0     0                    8114.0000000 4281.25326  47.2%     -  105s
H    0     0                    8112.0000000 4281.25326  47.2%     -  105s
H    0     0                    8111.0000000 4281.25326  47.2%     -  105s
H    0     0                    8101.0000000 4281.25326  47.2%     -  105s
H    0     0                    8099.0000000 4281.25326  47.1%     -  105s
H    0     0                    8094.0000000 4281.25326  47.1%     -  105s
H    0     0                    8052.0000000 4281.25326  46.8%     -  105s
H    0     0                    7956.0000000 4281.25326  46.2%     -  105s
H    0     0                    7928.0000000 4281.25326  46.0%     -  105s
H    0     0                    7910.0000000 4281.25326  45.9%     -  105s
H    0     0                    7843.0000000 4281.25326  45.4%     -  105s
H    0     0                    7837.0000000 4281.25326  45.4%     -  105s
H    0     0                    7825.0000000 4281.25326  45.3%     -  105s
H    0     0                    7814.0000000 4281.25326  45.2%     -  105s
H    0     0                    7808.0000000 4281.25326  45.2%     -  105s
H    0     0                    7806.0000000 4281.25326  45.2%     -  105s
     0     0 4281.25326    0 1926 7806.00000 4281.25326  45.2%     -  105s
H    0     0                    7804.0000000 4282.61194  45.1%     -  105s
H    0     0                    7768.0000000 4282.61194  44.9%     -  106s
H    0     0                    7764.0000000 4282.61194  44.8%     -  106s
H    0     0                    7752.0000000 4282.61194  44.8%     -  106s
H    0     0                    7716.0000000 4282.61194  44.5%     -  106s
H    0     0                    7643.0000000 4282.61194  44.0%     -  106s
H    0     0                    7605.0000000 4282.61194  43.7%     -  106s
H    0     0                    7577.0000000 4282.61194  43.5%     -  106s
H    0     0                    7559.0000000 4282.61194  43.3%     -  106s
H    0     0                    7527.0000000 4282.61194  43.1%     -  106s
H    0     0                    7512.0000000 4282.61194  43.0%     -  106s
H    0     0                    7503.0000000 4282.61194  42.9%     -  106s
H    0     0                    7501.0000000 4282.61194  42.9%     -  106s
     0     0 4282.61194    0 1924 7501.00000 4282.61194  42.9%     -  107s
     0     0 4282.61194    0 1942 7501.00000 4282.61194  42.9%     -  108s
     0     0 4298.29699    0 1811 7501.00000 4298.29699  42.7%     -  112s
H    0     0                    7411.0000000 4298.29747  42.0%     -  112s
H    0     0                    7373.0000000 4298.29747  41.7%     -  112s
H    0     0                    7347.0000000 4298.29747  41.5%     -  112s
     0     0 4300.07752    0 1980 7347.00000 4300.07752  41.5%     -  114s
     0     0 4300.17924    0 1986 7347.00000 4300.17924  41.5%     -  114s
H    0     0                    7346.0000000 4303.28216  41.4%     -  116s
     0     0 4303.28216    0 1870 7346.00000 4303.28216  41.4%     -  116s
H    0     0                    7306.0000000 4303.29188  41.1%     -  116s
H    0     0                    7285.0000000 4303.29188  40.9%     -  116s
H    0     0                    7284.0000000 4303.29188  40.9%     -  116s
     0     0 4303.69535    0 1957 7284.00000 4303.69535  40.9%     -  117s
     0     0 4303.75566    0 1975 7284.00000 4303.75566  40.9%     -  118s
     0     0 4308.20664    0 1929 7284.00000 4308.20664  40.9%     -  120s
H    0     0                    7163.0000000 4308.21605  39.9%     -  120s
H    0     0                    7107.0000000 4308.21605  39.4%     -  120s
H    0     0                    7104.0000000 4308.21605  39.4%     -  120s
H    0     0                    7094.0000000 4308.21605  39.3%     -  120s
H    0     0                    7085.0000000 4308.21605  39.2%     -  120s
H    0     0                    7084.0000000 4308.21605  39.2%     -  120s
     0     0 4309.13169    0 1932 7084.00000 4309.13169  39.2%     -  121s
     0     0 4309.38587    0 2033 7084.00000 4309.38587  39.2%     -  122s
     0     0 4309.44938    0 2068 7084.00000 4309.44938  39.2%     -  122s
H    0     0                    7082.0000000 4311.76525  39.1%     -  124s
     0     0 4311.76525    0 1858 7082.00000 4311.76525  39.1%     -  124s
H    0     0                    7068.0000000 4311.76749  39.0%     -  124s
H    0     0                    7050.0000000 4311.76749  38.8%     -  124s
     0     0 4312.08640    0 1919 7050.00000 4312.08640  38.8%     -  125s
     0     0 4312.13467    0 1913 7050.00000 4312.13467  38.8%     -  125s
H    0     0                    7015.0000000 4318.48343  38.4%     -  128s
H    0     0                    7011.0000000 4318.48343  38.4%     -  128s
H    0     0                    6998.0000000 4318.48343  38.3%     -  128s
H    0     0                    6988.0000000 4318.48343  38.2%     -  128s
H    0     0                    6978.0000000 4318.48343  38.1%     -  128s
     0     0 4318.48343    0 1806 6978.00000 4318.48343  38.1%     -  128s
H    0     0                    6971.0000000 4318.48917  38.1%     -  128s
H    0     0                    6970.0000000 4318.48917  38.0%     -  128s
H    0     0                    6943.0000000 4318.48917  37.8%     -  128s
H    0     0                    6932.0000000 4318.48917  37.7%     -  128s
H    0     0                    6925.0000000 4318.48917  37.6%     -  128s
H    0     0                    6924.0000000 4318.48917  37.6%     -  128s
H    0     0                    6923.0000000 4318.48917  37.6%     -  128s
H    0     0                    6922.0000000 4318.48917  37.6%     -  128s
     0     0 4319.59976    0 1854 6922.00000 4319.59976  37.6%     -  129s
H    0     0                    6892.0000000 4319.92601  37.3%     -  130s
     0     0 4319.92601    0 1887 6892.00000 4319.92601  37.3%     -  130s
     0     0 4320.03074    0 1863 6892.00000 4320.03074  37.3%     -  130s
H    0     0                    6886.0000000 4327.19264  37.2%     -  133s
H    0     0                    6849.0000000 4327.19264  36.8%     -  133s
     0     0 4327.19264    0 1768 6849.00000 4327.19264  36.8%     -  133s
H    0     0                    6838.0000000 4327.24801  36.7%     -  134s
H    0     0                    6836.0000000 4327.24801  36.7%     -  134s
H    0     0                    6809.0000000 4327.24801  36.4%     -  134s
H    0     0                    6805.0000000 4327.24801  36.4%     -  134s
H    0     0                    6804.0000000 4327.24801  36.4%     -  134s
H    0     0                    6793.0000000 4327.24801  36.3%     -  134s
H    0     0                    6789.0000000 4327.24801  36.3%     -  134s
H    0     0                    6784.0000000 4327.24801  36.2%     -  135s
     0     0 4327.88310    0 1768 6784.00000 4327.88310  36.2%     -  136s
     0     0 4328.39307    0 1822 6784.00000 4328.39307  36.2%     -  137s
     0     0 4328.42247    0 1829 6784.00000 4328.42247  36.2%     -  137s
     0     0 4331.82689    0 1775 6784.00000 4331.82689  36.1%     -  139s
H    0     0                    6780.0000000 4331.82733  36.1%     -  139s
H    0     0                    6768.0000000 4332.02516  36.0%     -  140s
     0     0 4332.02516    0 1696 6768.00000 4332.02516  36.0%     -  140s
H    0     0                    6752.0000000 4334.25550  35.8%     -  141s
H    0     0                    6751.0000000 4334.25550  35.8%     -  141s
     0     0 4334.25550    0 1840 6751.00000 4334.25550  35.8%     -  141s
H    0     0                    6742.0000000 4334.46410  35.7%     -  141s
H    0     0                    6724.0000000 4334.46410  35.5%     -  141s
     0     0 4334.88634    0 1765 6724.00000 4334.88634  35.5%     -  142s
     0     0 4335.07375    0 1784 6724.00000 4335.07375  35.5%     -  143s
     0     0 4339.02531    0 1750 6724.00000 4339.02531  35.5%     -  144s
H    0     0                    6695.0000000 4339.04905  35.2%     -  144s
H    0     0                    6671.0000000 4339.04905  35.0%     -  144s
     0     0 4339.34221    0 1801 6671.00000 4339.34221  35.0%     -  145s
     0     0 4339.36392    0 1765 6671.00000 4339.36392  35.0%     -  145s
     0     0 4347.39982    0 1791 6671.00000 4347.39982  34.8%     -  147s
H    0     0                    6668.0000000 4347.40783  34.8%     -  147s
H    0     0                    6666.0000000 4347.40783  34.8%     -  147s
H    0     0                    6663.0000000 4347.80365  34.7%     -  148s
     0     0 4347.80365    0 1788 6663.00000 4347.80365  34.7%     -  148s
     0     0 4347.82329    0 1800 6663.00000 4347.82329  34.7%     -  148s
     0     0 4348.48117    0 1753 6663.00000 4348.48117  34.7%     -  149s
     0     0 4348.48507    0 1753 6663.00000 4348.48507  34.7%     -  149s
H    0     0                    6655.0000000 4348.48507  34.7%     -  151s
H    0     0                    6653.0000000 4348.48507  34.6%     -  151s
H    0     0                    6650.0000000 4348.48507  34.6%     -  151s
H    0     0                    6649.0000000 4348.48507  34.6%     -  151s
H    0     0                    6647.0000000 4348.48507  34.6%     -  151s
     0     2 4348.48511    0 1753 6647.00000 4348.48511  34.6%     -  154s
     1     4 4349.01974    1 1778 6647.00000 4349.01974  34.6%   487  159s
     3     8 4349.37096    2 1758 6647.00000 4349.37096  34.6%  2404  166s
     7    16 4349.49613    3 1778 6647.00000 4349.37182  34.6%  3163  170s
    15    32 4350.23568    4 1770 6647.00000 4349.50092  34.6%  3134  175s
    31    54 4418.70920    5 1710 6647.00000 4350.23568  34.6%  3861  193s
    53    86 4458.53771    6 1734 6647.00000 4350.23568  34.6%  4827  202s
H   54    86                    6640.0000000 4350.23568  34.5%  4738  202s
H   55    86                    6639.0000000 4350.23568  34.5%  4669  202s
H   58    86                    6606.0000000 4350.23568  34.1%  4647  202s
H   70    86                    6575.0000000 4350.23568  33.8%  4478  202s
    85   216 4459.87262    7 1666 6575.00000 4350.23568  33.8%  3949  255s
H  217   339                    6567.0000000 4350.23568  33.8%  2256  266s
H  223   339                    6551.0000000 4350.23568  33.6%  2239  266s
H  235   339                    6535.0000000 4350.23568  33.4%  2189  266s
H  242   339                    6533.0000000 4350.23568  33.4%  2166  266s
H  265   339                    6490.0000000 4350.23568  33.0%  2102  266s
   342   439 4527.63093    9 1583 6490.00000 4350.23568  33.0%  1931  273s
H  444   491                    6484.0000000 4350.23568  32.9%  1817  279s
H  446   491                    6481.0000000 4350.23568  32.9%  1812  279s
H  453   491                    6477.0000000 4350.23568  32.8%  1795  279s
H  457   491                    6475.0000000 4350.23568  32.8%  1786  279s
H  459   491                    6467.0000000 4350.23568  32.7%  1782  279s
H  478   491                    6461.0000000 4350.23568  32.7%  1756  279s
   498   599 4483.91818   12 1685 6461.00000 4350.23568  32.7%  1737  287s
H  608   698                    6457.0000000 4350.23568  32.6%  1606  293s
H  614   698                    6453.0000000 4350.23568  32.6%  1599  293s
H  663   698                    6450.0000000 4350.23568  32.6%  1556  293s
H  674   698                    6446.0000000 4350.23568  32.5%  1549  293s
   707   750 4477.31638   13 1774 6446.00000 4350.23568  32.5%  1518  300s
H  708   750                    6443.0000000 4350.23568  32.5%  1516  300s
H  712   750                    6434.0000000 4350.23568  32.4%  1511  300s
H  719   750                    6433.0000000 4350.23568  32.4%  1503  300s
H  757   750                    6427.0000000 4350.23568  32.3%  1483  300s
H  761   750                    6419.0000000 4350.23568  32.2%  1478  300s
H  763   825                    6402.0000000 4350.23568  32.0%  1478  304s
H  779   825                    6399.0000000 4350.23568  32.0%  1472  304s
H  835   825                    6386.0000000 4350.23568  31.9%  1435  304s
   840   918 4472.73116   15 1643 6386.00000 4350.23568  31.9%  1433  310s
H  933  1005                    6383.0000000 4350.23568  31.8%  1388  316s
H  939  1005                    6382.0000000 4350.23568  31.8%  1387  316s
H  942  1005                    6376.0000000 4350.23568  31.8%  1385  316s
H 1020  1056                    6370.0000000 4350.23568  31.7%  1344  324s
H 1029  1056                    6367.0000000 4350.23568  31.7%  1340  324s
H 1066  1056                    6366.0000000 4350.23568  31.7%  1333  324s
H 1067  1056                    6360.0000000 4350.23568  31.6%  1333  324s
H 1071  1096                    6355.0000000 4350.23568  31.5%  1335  334s
H 1082  1096                    6352.0000000 4350.23568  31.5%  1335  334s
  1111  1201 4476.28575   24 1570 6352.00000 4350.23568  31.5%  1327  342s
H 1216  1252                    6350.0000000 4350.23568  31.5%  1302  347s
H 1235  1252                    6349.0000000 4350.23568  31.5%  1296  347s
H 1238  1252                    6347.0000000 4350.23568  31.5%  1295  347s
  1267  1384 4471.88066   27 1611 6347.00000 4350.23568  31.5%  1286  358s
H 1399  1419                    6346.0000000 4350.23568  31.4%  1235  363s
H 1405  1419                    6343.0000000 4350.23568  31.4%  1232  363s
H 1410  1419                    6331.0000000 4350.23568  31.3%  1232  363s
  1434  1549 4479.96299   34 1695 6331.00000 4350.23568  31.3%  1230  371s
  1564  1669 4480.21019   35 1728 6331.00000 4350.23568  31.3%  1198  378s
  1684  1701 4481.26937   37 1632 6331.00000 4350.23568  31.3%  1182  385s
H 1688  1701                    6325.0000000 4350.23568  31.2%  1182  385s
  1716  1735 4535.03940   35 1660 6325.00000 4350.23568  31.2%  1184  391s
H 1731  1735                    6324.0000000 4350.23568  31.2%  1183  391s
  1750  1870 4482.43254   38 1668 6324.00000 4350.23568  31.2%  1183  401s
  1885  1922 4494.75453   37 1607 6324.00000 4350.23568  31.2%  1181  409s
H 1888  1922                    6323.0000000 4350.23568  31.2%  1181  409s
H 1909  1922                    6316.0000000 4350.23568  31.1%  1175  409s
  1937  2091 4482.47329   39 1696 6316.00000 4350.23568  31.1%  1167  414s
  2106  2231 4483.52226   43 1709 6316.00000 4350.23568  31.1%  1132  424s
  2246  2398 4490.18646   48 1608 6316.00000 4350.23568  31.1%  1118  432s
  2415  2576 4492.36802   50 1577 6316.00000 4350.23568  31.1%  1098  439s
  2593  2740 4494.75035   53 1612 6316.00000 4350.23568  31.1%  1082  450s
H 2601  2740                    6315.0000000 4350.23568  31.1%  1084  450s
H 2657  2740                    6302.0000000 4350.23568  31.0%  1079  450s
  2759  2820 4496.94669   57 1599 6302.00000 4350.23568  31.0%  1070  458s
H 2827  2820                    6299.0000000 4350.23568  30.9%  1057  458s
H 2839  2981                    6296.0000000 4350.23568  30.9%  1057  466s
H 2928  2981                    6294.0000000 4350.23568  30.9%  1046  466s
H 2955  2981                    6283.0000000 4350.23568  30.8%  1044  466s
  3000  3199 4503.56912   60 1552 6283.00000 4350.23568  30.8%  1038  476s
  3220  3447 4507.81590   68 1705 6283.00000 4350.23568  30.8%  1022  488s
  3468  3719 4521.50053   66 1546 6283.00000 4350.23568  30.8%  1006  497s
H 3742  3898                    6281.0000000 4350.23568  30.7%   983  507s
H 3880  3898                    6271.0000000 4350.23568  30.6%   981  507s
  3921  3930 4514.70938   74 1555 6271.00000 4350.23568  30.6%   979  516s
  3953  3968 4515.33425   75 1539 6271.00000 4350.23568  30.6%   977  524s
H 3968  3968                    6270.0000000 4350.23568  30.6%   976  524s
H 3990  3968                    6269.0000000 4350.23568  30.6%   974  524s
  3991  4002 4515.62349   76 1523 6269.00000 4350.23568  30.6%   974  534s
  4025  4063 4515.63533   77 1460 6269.00000 4350.23568  30.6%   974  544s
  4086  4363 4516.20575   79 1543 6269.00000 4350.23568  30.6%   969  554s
H 4375  4363                    6266.0000000 4350.23568  30.6%   944  554s
  4386  4792 4520.04545   86 1644 6266.00000 4350.23568  30.6%   943  564s
  4821  4823 4527.58982  101 1658 6266.00000 4350.23568  30.6%   906  572s
  4854  4863 4557.67901   99 1579 6266.00000 4350.23568  30.6%   903  582s
  4894  4926 4573.08175   98 1555 6266.00000 4350.23568  30.6%   904  592s
H 4958  4926                    6264.0000000 4350.23568  30.6%   900  593s
  4959  5340 4646.57843  100 1549 6264.00000 4350.23568  30.6%   901  605s
  5373  5810 4528.73213  102 1568 6264.00000 4350.23568  30.6%   881  617s
  5847  6348 4533.70361  110 1550 6264.00000 4350.23568  30.6%   857  629s
  6387  6959 4544.29928  117 1688 6264.00000 4350.23568  30.6%   829  641s
  7006  7618 4547.24165  121 1666 6264.00000 4350.23568  30.6%   796  654s
  7701  8200 4563.47505  125 1634 6264.00000 4350.23568  30.6%   763  665s
  8303  8256 4553.84410  132 1634 6264.00000 4350.23568  30.6%   740  676s
H 8360  8256                    6262.0000000 4350.23568  30.5%   740  676s
  8367  8836 4564.11066  132 1608 6262.00000 4350.23568  30.5%   740  691s
  9009  9458 4557.43931  136 1677 6262.00000 4352.65715  30.5%   722  706s
  9694  9929 4564.39620  141 1547 6262.00000 4352.65715  30.5%   704  718s
H10068  9929                    6259.0000000 4352.65715  30.5%   695  718s
 10202 10424 4571.10506  149 1591 6259.00000 4352.65715  30.5%   692  731s
 10753 10507 4575.72648  153 1622 6259.00000 4352.65715  30.5%   687  743s
H10768 10505                    6256.0000000 4352.65715  30.4%   687  743s
H10833 10489                    6247.0000000 4352.65715  30.3%   688  743s
 10836 11127 4576.74876  156 1637 6247.00000 4352.65715  30.3%   688  760s
 11492 11659 4591.65000  166 1555 6247.00000 4352.65715  30.3%   678  779s
 12044 12214 4592.31418  178 1594 6247.00000 4352.65715  30.3%   675  798s
 12599 12887 4598.85655  190 1621 6247.00000 4352.65715  30.3%   674  820s
 13276 13456 4608.34385  194 1591 6247.00000 4352.65715  30.3%   668  837s
 13849 14261 4615.86173  196 1545 6247.00000 4352.65715  30.3%   665  855s
 14677 14262 5875.82474  503 12691 6247.00000 4352.65715  30.3%   656  897s
 14679 14263 4434.37833   16  938 6247.00000 4352.65715  30.3%   655  903s
 14680 14264 5497.29468  236 1092 6247.00000 4352.65715  30.3%   655  905s
 14682 14265 4526.29428   69 1310 6247.00000 4352.65715  30.3%   655  911s
 14683 14266 4465.86276   30 1400 6247.00000 4352.65715  30.3%   655  916s
 14684 14267 5267.17927  348 1617 6247.00000 4352.65715  30.3%   655  921s
 14685 14267 6081.87401  291 1688 6247.00000 4352.65715  30.3%   655  927s
 14686 14268 5273.25669  403 1664 6247.00000 4352.65715  30.3%   655  933s
 14687 14269 4564.31872   42 1793 6247.00000 4359.25921  30.2%   655  936s
 14689 14270 4493.94173   67 1998 6247.00000 4366.71815  30.1%   655  942s
 14691 14271 5595.69657   61 1874 6247.00000 4368.80002  30.1%   655  945s
 14698 14276 5927.31894  351 1919 6247.00000 4435.27737  29.0%   655  958s
 14699 14277 5894.00729  266 1749 6247.00000 4467.50829  28.5%   655  965s
 14700 14277 4493.94173   67 1843 6247.00000 4477.76052  28.3%   655  970s
 14702 14279 4571.70059  240 1930 6247.00000 4487.03689  28.2%   654  977s
 14704 14280 5290.16334  297 1971 6247.00000 4488.57011  28.1%   654  980s
 14709 14283 5290.17386  303 2203 6247.00000 4528.14879  27.5%   654  993s
 14710 14284 5828.76373  426 2110 6247.00000 4539.49643  27.3%   654  999s
 14711 14285 4765.33226   60 2190 6247.00000 4542.57680  27.3%   654 1003s
 14713 14286 5136.12241  133 2053 6247.00000 4544.15601  27.3%   654 1006s
 14720 14291 5788.50132  413 2267 6247.00000 4575.79934  26.8%   654 1019s
 14721 14291 4704.49539  116 2266 6247.00000 4584.19163  26.6%   654 1025s
 14723 14293 4587.71872   85 2361 6247.00000 4587.71872  26.6%   653 1030s
 14730 14297 5876.07922  622 2373 6247.00000 4588.28232  26.6%   653 1036s
 14731 14298 4610.27512   63 2074 6247.00000 4610.27512  26.2%   653 1045s
 14732 14299 4716.23560   96 2129 6247.00000 4614.96295  26.1%   653 1050s
 14734 14300 4622.91817   95 2272 6247.00000 4617.18581  26.1%   653 1055s
 14744 14307 5358.26985  259 2243 6247.00000 4617.80794  26.1%   653 1061s
H14744 13590                    6246.0000000 4635.15485  25.8%   653 1072s
 14746 13591 4644.62564  123 2182 6246.00000 4644.62564  25.6%   652 1080s
 14748 13592 4648.34465  113 2296 6246.00000 4648.34465  25.6%   652 1086s
 14755 13597 5081.89375  157 2253 6246.00000 4649.00867  25.6%   652 1091s
 14756 13598 4666.11192   73 2407 6246.00000 4666.11192  25.3%   652 1099s
 14757 13598 4669.08769   56 2381 6246.00000 4669.08769  25.2%   652 1104s
 14758 13599 5186.45497   96 2412 6246.00000 4669.73758  25.2%   652 1106s
 14765 13604 5117.30869   33 2337 6246.00000 4670.17417  25.2%   652 1110s
H14766 12922                    6245.0000000 4681.08860  25.0%   652 1122s
 14768 12924 5758.76100  360 2312 6245.00000 4683.28663  25.0%   651 1129s
 14769 12924 4683.60213  135 2385 6245.00000 4683.60213  25.0%   651 1131s
 14774 12928 5445.42008   53 2421 6245.00000 4683.74379  25.0%   651 1135s
 14775 12928 5278.40972  238 2348 6245.00000 4695.55954  24.8%   651 1144s
 14776 12929 5267.30940  127 2379 6245.00000 4697.45831  24.8%   651 1148s
 14777 12930 5875.82474  503 2533 6245.00000 4698.03975  24.8%   651 1150s
 14783 12934 4698.32572   30 2556 6245.00000 4698.32572  24.8%   651 1155s
 14784 12934 5267.17927  348 2403 6245.00000 4709.28827  24.6%   651 1165s
 14786 12936 5273.25669  403 2520 6245.00000 4713.81020  24.5%   651 1172s
 14790 12938 4714.12116   23 2573 6245.00000 4714.12116  24.5%   651 1175s
 14794 12941 4723.05578   23 2580 6245.00000 4723.05578  24.4%   650 1187s
 14795 12942 4724.87687  144 2551 6245.00000 4724.87687  24.3%   650 1192s
 14798 12944 5927.31894  351 2572 6245.00000 4725.68700  24.3%   650 1195s
 14803 12947 4733.69000   52 2504 6245.00000 4733.69000  24.2%   650 1207s
 14804 12948 5290.16334  297 2538 6245.00000 4735.70208  24.2%   650 1211s
 14806 12949 6223.89031  331 2530 6245.00000 4737.13782  24.1%   650 1215s
 14812 12953 4743.15479  114 2620 6245.00000 4743.15479  24.0%   650 1227s
 14813 12954 5136.12241  133 2657 6245.00000 4744.53801  24.0%   650 1230s
 14818 12957 4745.11885   40 2677 6245.00000 4745.11885  24.0%   649 1236s
 14819 12958 4750.56918   20 2527 6245.00000 4750.56918  23.9%   649 1284s
 14820 12958 5788.50132  413 2449 6245.00000 4751.83679  23.9%   649 1292s
 14823 12960 4752.27637   85 2637 6245.00000 4752.27637  23.9%   649 1295s
 14829 12964 4759.15944  200 2482 6245.00000 4759.15944  23.8%   649 1308s
 14830 12965 5876.07922  622 2560 6245.00000 4760.81677  23.8%   649 1312s
 14831 12966 4761.64519   63 2643 6245.00000 4761.64519  23.8%   649 1315s
 14836 12969 5089.19974  109 2777 6245.00000 4762.18554  23.7%   649 1320s
 14840 12972 5024.03309  114 2722 6245.00000 4770.00687  23.6%   648 1333s
 14841 12972 4771.73755   41 2699 6245.00000 4771.73755  23.6%   648 1337s
 14843 12974 5451.29830  382 2720 6245.00000 4772.50218  23.6%   648 1340s
 14848 12977 4772.58749  113 2780 6245.00000 4772.58749  23.6%   648 1346s
 14849 12978 4779.39186   51 2726 6245.00000 4779.39186  23.5%   648 1354s
 14850 12978 4795.72231  168 2561 6245.00000 4782.62946  23.4%   648 1360s
 14854 12981 4783.72067   82 2810 6245.00000 4783.72067  23.4%   648 1365s
 14859 12984 5637.73313  501 2796 6245.00000 4789.60210  23.3%   647 1376s
 14860 12985 6117.23353   94 2816 6245.00000 4791.71685  23.3%   647 1381s
 14862 12986 4792.54799   21 2894 6245.00000 4792.54799  23.3%   647 1386s
 14870 12992 4792.64943   22 2869 6245.00000 4792.64943  23.3%   647 1390s
 14871 12992 5688.47000  438 2566 6245.00000 4798.78764  23.2%   647 1398s
 14872 12993 4800.68276  155 2717 6245.00000 4800.68276  23.1%   647 1402s
 14873 12994 5707.99501  477 2731 6245.00000 4801.53048  23.1%   647 1406s
 14880 12998 5497.29468  236 2759 6245.00000 4801.69691  23.1%   647 1410s
 14881 12999 5190.16686  188 2737 6245.00000 4808.61759  23.0%   647 1418s
H14881 12346                    6242.0000000 4810.82363  22.9%   647 1423s
 14883 12347 4811.50482   30 2874 6242.00000 4811.50482  22.9%   646 1427s
 14886 12349 5273.25669  403 2871 6242.00000 4811.83207  22.9%   646 1430s
 14889 12351 4816.26930   67 2886 6242.00000 4816.26930  22.8%   646 1440s
 14891 12353 5595.69657   61 2934 6242.00000 4817.74175  22.8%   646 1445s
 14898 12357 5927.31894  351 2898 6242.00000 4823.39384  22.7%   646 1457s
 14899 12358 5894.00729  266 2923 6242.00000 4824.79135  22.7%   646 1462s
 14902 12360 4825.16594  240 2968 6242.00000 4825.16594  22.7%   646 1465s
 14907 12363 5645.37348  329 2806 6242.00000 4829.99233  22.6%   645 1475s
 14909 12365 5290.17386  303 2968 6242.00000 4831.32304  22.6%   645 1480s
 14916 12369 4835.51601   53 2861 6242.00000 4835.51601  22.5%   645 1491s
 14917 12370 4836.75853   23 2871 6242.00000 4836.75853  22.5%   645 1495s
 14920 12372 5788.50132  413 3053 6242.00000 4837.66216  22.5%   645 1500s
 14925 12375 4842.66099   86 2872 6242.00000 4842.66099  22.4%   645 1511s
 14926 12376 5770.32390  545 2932 6242.00000 4844.46930  22.4%   645 1517s
 14928 12377 5780.34614  593 3014 6242.00000 4845.06768  22.4%   645 1520s
 14934 12381 4849.68471   95 2966 6242.00000 4849.68471  22.3%   644 1532s
 14935 12382 4850.86174  212 3090 6242.00000 4850.86174  22.3%   644 1536s
 14937 12383 4851.97005  183 3207 6242.00000 4851.97005  22.3%   644 1541s
 14944 12388 5358.26985  259 3245 6242.00000 4852.18157  22.3%   644 1545s
 14946 12389 4858.53032  123 3204 6242.00000 4858.53032  22.2%   644 1553s
 14947 12390 4860.81006   78 3108 6242.00000 4860.81006  22.1%   644 1558s
 14948 12391 4861.75222  113 3156 6242.00000 4861.75222  22.1%   644 1562s
 14950 12392 4862.16696  168 3257 6242.00000 4862.16696  22.1%   644 1565s
 14956 12396 4866.15381   73 2987 6242.00000 4866.15381  22.0%   643 1576s
 14957 12397 4867.88792   56 3105 6242.00000 4867.88792  22.0%   643 1581s
 14959 12398 5637.73313  501 3145 6242.00000 4868.64782  22.0%   643 1585s
 14968 12404 5758.76100  360 2836 6242.00000 4875.39509  21.9%   643 1598s
 14969 12405 4876.53790  135 2982 6242.00000 4876.53790  21.9%   643 1602s
 14971 12406 5688.47000  438 2953 6242.00000 4876.94145  21.9%   643 1605s
 14977 12410 5875.82474  503 3107 6242.00000 4880.96307  21.8%   642 1615s
 14979 12411 4882.56443   16 3137 6242.00000 4882.56443  21.8%   642 1620s
 14985 12415 6081.87401  291 3262 6242.00000 4882.80982  21.8%   642 1625s
 14988 12417 6065.10581  497 3125 6242.00000 4885.51813  21.7%   642 1632s
 14989 12418 4886.62005   67 3019 6242.00000 4886.62005  21.7%   642 1637s
 14991 12419 5595.69657   61 3236 6242.00000 4887.14430  21.7%   642 1641s
 14998 12424 5927.31894  351 3018 6242.00000 4889.60443  21.7%   641 1651s
 14999 12425 5894.00729  266 3227 6242.00000 4890.81894  21.6%   641 1656s
 15001 12426 4891.28816   63 3256 6242.00000 4891.28816  21.6%   641 1660s
 15009 12431 5290.17386  303 3086 6242.00000 4894.21569  21.6%   641 1670s
 15010 12432 5828.76373  426 3312 6242.00000 4895.39016  21.6%   641 1675s
 15015 12435 5732.39229  518 3340 6242.00000 4895.77532  21.6%   641 1680s
 15016 12436 4898.31962   53 3083 6242.00000 4898.31962  21.5%   641 1686s
 15018 12437 4899.55884   40 3271 6242.00000 4899.55884  21.5%   641 1692s
 15024 12441 5189.57123  295 3329 6242.00000 4899.78052  21.5%   640 1695s
 15027 12443 4903.62178   49 3239 6242.00000 4903.62178  21.4%   640 1703s
 15028 12444 5780.34614  593 3219 6242.00000 4905.09342  21.4%   640 1708s
 15029 12445 4905.89594  200 3254 6242.00000 4905.89594  21.4%   640 1711s
 15033 12447 5103.00848  268 3360 6242.00000 4906.23956  21.4%   640 1715s
 15037 12450 4910.42789  183 3090 6242.00000 4910.42789  21.3%   640 1725s
 15038 12451 5789.97976  602 3372 6242.00000 4912.14240  21.3%   640 1730s
 15041 12453 4912.94081   41 3546 6242.00000 4912.94081  21.3%   640 1735s
 15047 12457 4917.00755   78 3340 6242.00000 4917.00755  21.2%   639 1745s
 15049 12458 4918.37051   51 3443 6242.00000 4918.37051  21.2%   639 1752s
 15054 12461 4918.44246   82 3437 6242.00000 4918.44246  21.2%   639 1755s
 15055 12462 5081.89375  157 3092 6242.00000 4921.78751  21.2%   639 1763s
 15056 12463 4923.22480   73 3255 6242.00000 4923.22480  21.1%   639 1767s
 15058 12464 5186.45497   96 3158 6242.00000 4923.59139  21.1%   639 1770s
 15066 12469 4927.95495  153 3183 6242.00000 4927.95495  21.1%   639 1784s
 15067 12470 4929.07012   30 3383 6242.00000 4929.07012  21.0%   639 1788s
 15068 12471 5758.76100  360 3364 6242.00000 4929.34457  21.0%   639 1790s
 15074 12475 5445.42008   53 3335 6242.00000 4931.24972  21.0%   638 1799s
 15075 12475 5278.40972  238 3496 6242.00000 4931.85586  21.0%   638 1803s
 15076 12476 5267.30940  127 3543 6242.00000 4932.22496  21.0%   638 1805s
 15083 12481 4935.38704   30 3364 6242.00000 4935.38704  20.9%   638 1817s
 15084 12481 5267.17927  348 3405 6242.00000 4936.06252  20.9%   638 1820s
 15090 12485 4936.47692   23 3600 6242.00000 4936.47692  20.9%   638 1825s
 15092 12487 6080.53420  221 3410 6242.00000 4938.22202  20.9%   638 1832s
 15093 12487 5410.70556  141 3583 6242.00000 4938.79789  20.9%   637 1835s
 15099 12491 5894.00729  266 3714 6242.00000 4939.07779  20.9%   637 1840s
 15100 12492 4941.28375   67 3354 6242.00000 4941.28375  20.8%   637 1846s
 15101 12493 4941.93781   63 3413 6242.00000 4941.93781  20.8%   637 1850s
 15104 12495 5290.16334  297 3871 6242.00000 4942.43161  20.8%   637 1855s
 15110 12499 5828.76373  426 3699 6242.00000 4943.51147  20.8%   637 1862s
 15112 12500 4943.89509  114 3712 6242.00000 4943.89509  20.8%   637 1866s
 15118 12504 4945.14803   40 3541 6242.00000 4945.14803  20.8%   636 1874s
 15119 12505 4945.37600   20 3663 6242.00000 4945.37600  20.8%   636 1876s
 15125 12509 4945.54768   86 3696 6242.00000 4945.54768  20.8%   636 1881s
 15126 12509 5770.32390  545 3463 6242.00000 4947.65142  20.7%   636 1886s
 15127 12510 4948.18200   49 3698 6242.00000 4948.18200  20.7%   636 1890s
 15131 12513 4948.59990   63 3666 6242.00000 4948.59990  20.7%   636 1895s
 15135 12515 4950.06752  212 3391 6242.00000 4950.06752  20.7%   636 1902s
 15136 12516 5089.19974  109 3554 6242.00000 4950.69410  20.7%   636 1906s
 15139 12518 5244.47269   47 3693 6242.00000 4950.94252  20.7%   636 1910s
 15143 12521 5451.29830  382 3742 6242.00000 4953.09724  20.6%   635 1918s
 15144 12521 5358.26985  259 3874 6242.00000 4953.99228  20.6%   635 1922s
 15145 12522 4954.34574  103 3707 6242.00000 4954.34574  20.6%   635 1925s
 15153 12527 4954.52080   81 3873 6242.00000 4954.52080  20.6%   635 1931s
 15154 12528 4956.10678   82 3527 6242.00000 4956.10678  20.6%   635 1936s
 15155 12529 5081.89375  157 3664 6242.00000 4956.81286  20.6%   635 1940s
 15158 12531 5186.45497   96 3790 6242.00000 4957.35585  20.6%   635 1945s
 15163 12534 4959.09546   54 3685 6242.00000 4959.09546  20.6%   635 1953s
 15164 12535 4959.77147   79 3662 6242.00000 4959.77147  20.5%   634 1957s
 15167 12537 4959.95886   30 3742 6242.00000 4959.95886  20.5%   634 1960s
 15171 12539 5688.47000  438 3760 6242.00000 4961.01458  20.5%   634 1967s
 15173 12541 5707.99501  477 3947 6242.00000 4961.39035  20.5%   634 1970s
 15178 12544 4962.78596   25 3971 6242.00000 4962.78596  20.5%   634 1979s
 15179 12545 4963.50997   16 4077 6242.00000 4963.50997  20.5%   634 1983s
 15180 12545 5497.29468  236 3956 6242.00000 4963.78935  20.5%   634 1986s
 15186 12549 5273.25669  403 4218 6242.00000 4963.94926  20.5%   634 1990s
 15188 12551 6065.10581  497 3844 6242.00000 4964.78174  20.5%   633 1996s
 15190 12552 4965.52027   23 3979 6242.00000 4965.52027  20.4%   633 2000s
 15196 12556 5523.58065  265 3729 6242.00000 4966.67804  20.4%   633 2008s
 15197 12557 5732.65083  517 3859 6242.00000 4967.14651  20.4%   633 2011s
 15200 12559 4967.33902   67 4029 6242.00000 4967.33902  20.4%   633 2015s
 15204 12561 5290.16334  297 3978 6242.00000 4968.59280  20.4%   633 2023s
 15205 12562 5085.00033  163 4034 6242.00000 4969.03051  20.4%   633 2026s
 15209 12565 5290.17386  303 4071 6242.00000 4969.23667  20.4%   633 2030s
 15213 12567 5136.12241  133 3811 6242.00000 4970.46170  20.4%   632 2036s
 15215 12569 5732.39229  518 4129 6242.00000 4970.85679  20.4%   632 2041s
 15222 12573 4972.13545  126 4025 6242.00000 4972.13545  20.3%   632 2050s
 15224 12575 5189.57123  295 4124 6242.00000 4972.80824  20.3%   632 2055s
 15230 12579 5876.07922  622 4195 6242.00000 4973.77757  20.3%   632 2062s
 15232 12580 4974.02320   96 4130 6242.00000 4974.02320  20.3%   632 2066s
 15238 12584 5789.97976  602 3771 6242.00000 4974.74594  20.3%   631 2074s
 15239 12585 5244.47269   47 3951 6242.00000 4975.09464  20.3%   631 2076s
 15245 12589 4975.19558  103 4007 6242.00000 4975.19558  20.3%   631 2080s
 15247 12590 4975.86096   78 3815 6242.00000 4975.86096  20.3%   631 2085s
 15252 12593 4976.24641  269 3996 6242.00000 4976.24641  20.3%   631 2090s
 15255 12595 5081.89375  157 4017 6242.00000 4977.60112  20.3%   631 2097s
 15256 12596 4978.24226   73 4154 6242.00000 4978.24226  20.2%   631 2100s
 15260 12599 6117.23353   94 4243 6242.00000 4978.54964  20.2%   630 2105s
 15264 12601 4979.58797   79 4175 6242.00000 4979.58797  20.2%   630 2111s
 15267 12603 4979.82074   30 4071 6242.00000 4979.82074  20.2%   630 2115s
 15271 12606 5688.47000  438 3982 6242.00000 4980.38622  20.2%   630 2121s
 15273 12607 5707.99501  477 4035 6242.00000 4980.87989  20.2%   630 2126s
 15279 12611 4980.96419   16 4204 6242.00000 4980.96419  20.2%   630 2130s
 15280 12612 5497.29468  236 3943 6242.00000 4982.58928  20.2%   630 2136s
 15281 12613 5190.16686  188 4063 6242.00000 4983.48539  20.2%   630 2140s
 15286 12616 5273.25669  403 4037 6242.00000 4983.80032  20.2%   629 2145s
 15287 12617 4984.90235   42 3848 6242.00000 4984.90235  20.1%   629 2151s
 15289 12618 4985.41823   67 4056 6242.00000 4985.41823  20.1%   629 2155s
 15295 12622 4986.89165  144 3886 6242.00000 4986.89165  20.1%   629 2164s
 15296 12623 5523.58065  265 3717 6242.00000 4987.24410  20.1%   629 2167s
 15299 12625 5894.00729  266 3953 6242.00000 4987.37268  20.1%   629 2170s
 15303 12627 4988.67666   52 3869 6242.00000 4988.67666  20.1%   629 2177s
 15305 12629 5085.00033  163 4051 6242.00000 4988.94720  20.1%   629 2180s
 15312 12633 4990.51853  114 3985 6242.00000 4990.51853  20.0%   628 2190s
 15314 12635 4991.11403  175 4141 6242.00000 4991.11403  20.0%   628 2195s
 15319 12638 4991.29674   20 4060 6242.00000 4991.29674  20.0%   628 2200s
 15320 12639 5788.50132  413 4013 6242.00000 4992.50086  20.0%   628 2205s
 15322 12640 4993.08243  126 4005 6242.00000 4993.08243  20.0%   628 2210s
 15329 12645 4993.80391  200 4096 6242.00000 4993.80391  20.0%   628 2218s
 15330 12645 5876.07922  622 4134 6242.00000 4994.15392  20.0%   628 2221s
 15336 12649 5089.19974  109 4258 6242.00000 4994.29926  20.0%   627 2225s
 15338 12651 5789.97976  602 4146 6242.00000 4995.16420  20.0%   627 2231s
 15343 12654 5451.29830  382 4101 6242.00000 4995.27022  20.0%   627 2235s
 15345 12655 4996.36484  103 4092 6242.00000 4996.36484  20.0%   627 2241s
 15346 12656 4996.80613  123 4240 6242.00000 4996.80613  19.9%   627 2245s
 15350 12659 4997.13575  168 4122 6242.00000 4997.13575  19.9%   627 2250s
 15354 12661 4997.96151   82 3948 6242.00000 4997.96151  19.9%   627 2256s
 15355 12662 5081.89375  157 3850 6242.00000 4998.49468  19.9%   627 2260s
 15362 12667 4998.67980   21 4096 6242.00000 4998.67980  19.9%   626 2266s
 15363 12667 4999.63402   54 4038 6242.00000 4999.63402  19.9%   626 2270s
 15365 12669 5117.30869   33 4063 6242.00000 5000.17833  19.9%   626 2275s
 15371 12673 5688.47000  438 3875 6242.00000 5001.47503  19.9%   626 2284s
 15372 12673 5001.92955  155 4179 6242.00000 5001.92955  19.9%   626 2287s
 15374 12675 5445.42008   53 4236 6242.00000 5002.08046  19.9%   626 2290s
 15381 12679 5190.16686  188 3866 6242.00000 5003.13971  19.8%   626 2298s
 15382 12680 5003.29672   69 3860 6242.00000 5003.29672  19.8%   625 2300s
 15389 12685 5003.44547   67 4114 6242.00000 5003.44547  19.8%   625 2305s
 15390 12685 5004.46880   23 3969 6242.00000 5004.46880  19.8%   625 2310s
 15392 12687 6080.53420  221 3964 6242.00000 5005.01649  19.8%   625 2315s
 15399 12691 5894.00729  266 3863 6242.00000 5005.56462  19.8%   625 2321s
 15403 12694 5005.74025   52 4061 6242.00000 5005.74025  19.8%   625 2325s
 15409 12698 5290.17386  303 3746 6242.00000 5006.56610  19.8%   624 2331s
 15411 12699 5007.06431   60 4033 6242.00000 5007.06431  19.8%   624 2336s
 15417 12703 5007.12742   23 4080 6242.00000 5007.12742  19.8%   624 2340s
 15419 12705 5007.93276   20 3808 6242.00000 5007.93276  19.8%   624 2346s
 15425 12709 5008.07034   86 3962 6242.00000 5008.07034  19.8%   624 2350s
 15426 12709 5770.32390  545 3915 6242.00000 5009.10155  19.8%   624 2355s
 15428 12711 5780.34614  593 3922 6242.00000 5009.57601  19.7%   624 2360s
 15436 12716 5089.19974  109 4009 6242.00000 5009.64551  19.7%   623 2365s
 15438 12717 5789.97976  602 3916 6242.00000 5010.68586  19.7%   623 2372s
 15442 12720 5284.73471  431 4095 6242.00000 5010.81470  19.7%   623 2375s
 15447 12723 5011.80737   78 3888 6242.00000 5011.80737  19.7%   623 2383s
 15448 12724 5012.16509  113 3912 6242.00000 5012.16509  19.7%   623 2385s
 15453 12727 5012.31266   81 3910 6242.00000 5012.31266  19.7%   623 2390s
 15457 12730 5012.74622   56 3743 6242.00000 5012.74622  19.7%   622 2395s
 15461 12733 5194.04980  194 3942 6242.00000 5012.96681  19.7%   622 2400s
 15466 12736 5013.78252  153 3946 6242.00000 5013.78252  19.7%   622 2407s
 15468 12737 5758.76100  360 4034 6242.00000 5014.09572  19.7%   622 2411s
 15472 12740 5014.13196  155 4148 6242.00000 5014.13196  19.7%   622 2415s
 15474 12741 5445.42008   53 4076 6242.00000 5015.26103  19.7%   622 2422s
 15476 12743 5267.30940  127 4183 6242.00000 5015.44097  19.7%   622 2425s
 15482 12747 5016.70250   69 4096 6242.00000 5016.70250  19.6%   621 2434s
 15483 12747 5017.06660   30 4261 6242.00000 5017.06660  19.6%   621 2437s
 15485 12749 6081.87401  291 4149 6242.00000 5017.20004  19.6%   621 2440s
 15490 12752 5017.84671   23 4146 6242.00000 5017.84671  19.6%   621 2446s
 15492 12753 6080.53420  221 4259 6242.00000 5018.38324  19.6%   621 2451s
 15499 12758 5894.00729  266 4439 6242.00000 5018.47343  19.6%   621 2456s
 15500 12759 5019.59263   67 4274 6242.00000 5019.59263  19.6%   621 2461s
 15501 12759 5019.91375   63 4396 6242.00000 5019.91375  19.6%   621 2465s
 15505 12762 5085.00033  163 4405 6242.00000 5020.21401  19.6%   621 2470s
 15510 12765 5828.76373  426 4070 6242.00000 5020.72975  19.6%   620 2476s
 15512 12767 5021.08875  114 4333 6242.00000 5021.08875  19.6%   620 2480s
 15521 12773 5021.66406  116 4098 6242.00000 5021.66406  19.6%   620 2488s
 15522 12773 5021.96622  126 4036 6242.00000 5021.96622  19.5%   620 2492s
 15524 12775 5189.57123  295 4135 6242.00000 5022.10093  19.5%   620 2495s
 15529 12778 5022.63976  200 4057 6242.00000 5022.63976  19.5%   620 2502s
 15531 12779 5022.85781   63 4183 6242.00000 5022.85781  19.5%   619 2505s
 15536 12783 5089.19974  109 4034 6242.00000 5023.27098  19.5%   619 2512s
 15539 12785 5244.47269   47 4245 6242.00000 5023.42871  19.5%   619 2515s
 15547 12790 5023.74603   78 4209 6242.00000 5023.74603  19.5%   619 2598s
 15548 12791 5023.87912  113 4242 6242.00000 5023.87912  19.5%   619 2604s
 15549 12791 5023.92978   51 4210 6242.00000 5023.92978  19.5%   619 2606s
 15555 12795 5081.89375  157 4159 6242.00000 5025.02541  19.5%   619 2614s
 15556 12796 5025.33890   73 4316 6242.00000 5025.33890  19.5%   618 2617s
 15557 12797 5025.50340   56 4096 6242.00000 5025.50340  19.5%   618 2620s
 15563 12801 5025.99584   54 4279 6242.00000 5025.99584  19.5%   618 2628s
 15564 12801 5026.16898   79 4201 6242.00000 5026.16898  19.5%   618 2630s
 15572 12807 5026.79832  155 4241 6242.00000 5026.79832  19.5%   618 2639s
 15573 12807 5707.99501  477 4381 6242.00000 5027.08137  19.5%   618 2642s
 15575 12809 5278.40972  238 4503 6242.00000 5027.24957  19.5%   618 2645s
 15583 12814 5027.85323   30 4638 6242.00000 5027.85323  19.5%   617 2653s
 15584 12815 5267.17927  348 4468 6242.00000 5028.30258  19.4%   617 2657s
 15586 12816 5273.25669  403 4445 6242.00000 5028.48691  19.4%   617 2660s
 15592 12820 6080.53420  221 4228 6242.00000 5028.83501  19.4%   617 2666s
 15595 12822 5029.08447  144 4438 6242.00000 5029.08447  19.4%   617 2670s
 15604 12828 5290.16334  297 4503 6242.00000 5029.55755  19.4%   617 2677s
 15608 12832 5462.43859  394  952 6242.00000 5029.55755  19.4%   690 2684s
 15609 12833 5290.17386  303  959 6242.00000 5029.55755  19.4%   690 2686s
 15611 12834 5029.55755   60 1230 6242.00000 5029.55755  19.4%   690 2693s
 15612 12835 5029.55755  114 1339 6242.00000 5029.55755  19.4%   690 2699s
 15613 12836 5136.12241  133 1498 6242.00000 5029.55755  19.4%   690 2707s
H15613 12194                    6241.0000000 5029.55755  19.4%   690 2717s
 15615 12195 5732.39229  518 1788 6241.00000 5029.55755  19.4%   690 2729s
 15616 12196 5029.55755   53 2201 6241.00000 5029.55755  19.4%   690 2742s
 15617 12196 5029.55755   23 2214 6241.00000 5029.55755  19.4%   690 2756s
 15618 12197 5029.59297   40 2484 6241.00000 5029.59297  19.4%   690 2769s
 15619 12198 5029.62704   20 2680 6241.00000 5029.62704  19.4%   690 2783s
 15620 12198 5788.50132  413 2728 6241.00000 5029.62704  19.4%   690 2797s
 15621 12199 5029.62704  116 3003 6241.00000 5029.62704  19.4%   690 2810s
 15622 12200 5029.62704  126 3191 6241.00000 5029.62704  19.4%   690 2824s
 15623 12200 5029.86590   85 3322 6241.00000 5029.86590  19.4%   690 2836s
 15624 12201 5189.57123  295 3468 6241.00000 5029.86590  19.4%   689 2850s
 15625 12202 5029.86590   86 3745 6241.00000 5029.86590  19.4%   689 2858s
 15626 12202 5770.32390  545 3758 6241.00000 5029.86590  19.4%   689 2866s
 15627 12203 5029.86590   49 4087 6241.00000 5029.86590  19.4%   689 2871s
 15628 12204 5780.34614  593 4343 6241.00000 5029.86590  19.4%   689 2875s
 15630 12205 5876.07922  622 4144 6241.00000 5029.86590  19.4%   689 2880s
 15634 12208 5029.86590   95 4391 6241.00000 5029.86590  19.4%   689 2885s
 15635 12208 5031.43534  212 4123 6241.00000 5031.43534  19.4%   689 2892s
 15636 12209 5089.19974  109 3820 6241.00000 5031.94244  19.4%   689 2896s
 15642 12213 5284.73471  431 3890 6241.00000 5032.17538  19.4%   689 2902s
 15643 12214 5451.29830  382 3703 6241.00000 5033.48948  19.3%   689 2908s
 15644 12214 5358.26985  259 3662 6241.00000 5033.76328  19.3%   689 2910s
 15651 12219 5033.89165   11 3720 6241.00000 5033.89165  19.3%   688 2916s
 15652 12220 5034.62543  269 3744 6241.00000 5034.62543  19.3%   688 2920s
 15659 12224 5637.73313  501 3700 6241.00000 5034.87661  19.3%   688 2927s
 15660 12225 6117.23353   94 3880 6241.00000 5035.58373  19.3%   688 2932s
 15662 12226 5035.85682   21 3853 6241.00000 5035.85682  19.3%   688 2935s
 15667 12230 5036.59945   30 3905 6241.00000 5036.59945  19.3%   688 2950s
 15672 12233 5036.89108  155 4001 6241.00000 5036.89108  19.3%   687 2957s
 15673 12234 5707.99501  477 3783 6241.00000 5037.85077  19.3%   687 2962s
 15674 12234 5445.42008   53 3991 6241.00000 5038.08016  19.3%   687 2965s
 15679 12238 5038.18363   16 3834 6241.00000 5038.18363  19.3%   687 2971s
 15680 12238 5497.29468  236 3855 6241.00000 5039.08503  19.3%   687 2976s
 15683 12240 5039.35469   30 3838 6241.00000 5039.35469  19.3%   687 2980s
 15686 12242 5273.25669  403 3825 6241.00000 5040.07908  19.2%   687 2987s
 15688 12244 6065.10581  497 3829 6241.00000 5040.30925  19.2%   687 2990s
 15693 12247 5410.70556  141 3751 6241.00000 5040.99065  19.2%   686 2998s
 15694 12248 5041.22925   23 3904 6241.00000 5041.22925  19.2%   686 3001s
 15700 12252 5041.28005   67 4028 6241.00000 5041.28005  19.2%   686 3006s
 15701 12252 5042.13129   63 3953 6241.00000 5042.13129  19.2%   686 3011s
 15704 12254 5290.16334  297 4023 6241.00000 5042.44913  19.2%   686 3015s
 15708 12257 5462.43859  394 3769 6241.00000 5042.97938  19.2%   686 3031s
 15710 12258 5828.76373  426 3845 6241.00000 5043.12417  19.2%   686 3035s
 15715 12262 5732.39229  518 3821 6241.00000 5043.71229  19.2%   685 3044s
 15716 12262 5043.81370   53 3998 6241.00000 5043.81370  19.2%   685 3045s
 15721 12266 5043.90362  116 4016 6241.00000 5043.90362  19.2%   685 3051s
 15723 12267 5044.41693   85 4093 6241.00000 5044.41693  19.2%   685 3056s
 15728 12270 5780.34614  593 4057 6241.00000 5044.49875  19.2%   685 3061s
 15729 12271 5044.90897  200 3877 6241.00000 5044.90897  19.2%   685 3065s
 15733 12274 5103.00848  268 4064 6241.00000 5045.07534  19.2%   685 3072s
 15734 12274 5046.00957   95 3967 6241.00000 5046.00957  19.1%   685 3077s
 15736 12276 5089.19974  109 4066 6241.00000 5046.23652  19.1%   685 3080s
 15741 12279 5046.28479   41 4069 6241.00000 5046.28479  19.1%   684 3086s
 15743 12280 5451.29830  382 4034 6241.00000 5046.61986  19.1%   684 3091s
 15747 12283 5047.12444   78 4050 6241.00000 5047.12444  19.1%   684 3097s
 15749 12284 5047.33890   51 4119 6241.00000 5047.33890  19.1%   684 3100s
 15755 12288 5081.89375  157 4077 6241.00000 5047.67701  19.1%   684 3106s
 15758 12290 5186.45497   96 4063 6241.00000 5047.89545  19.1%   684 3110s
 15763 12294 5048.17768   54 4016 6241.00000 5048.17768  19.1%   683 3115s
 15768 12297 5758.76100  360 4063 6241.00000 5048.46667  19.1%   683 3120s
 15770 12298 5049.04348   22 3751 6241.00000 5049.04348  19.1%   683 3125s
 15773 12300 5707.99501  477 4010 6241.00000 5049.34474  19.1%   683 3130s
 15778 12304 5049.94877   25 4023 6241.00000 5049.94877  19.1%   683 3136s
 15781 12306 5190.16686  188 4082 6241.00000 5050.16451  19.1%   683 3140s
 15787 12310 5050.47789   42 3996 6241.00000 5050.47789  19.1%   682 3146s
 15791 12312 5595.69657   61 4008 6241.00000 5050.67201  19.1%   682 3150s
 15794 12314 5051.06074   23 4108 6241.00000 5051.06074  19.1%   682 3155s
 15801 12319 5051.22521   63 4156 6241.00000 5051.22521  19.1%   682 3161s
 15802 12320 5051.68630  240 4143 6241.00000 5051.68630  19.1%   682 3165s
 15808 12324 5462.43859  394 4150 6241.00000 5051.87103  19.1%   681 3170s
 15809 12324 5290.17386  303 4204 6241.00000 5052.50700  19.0%   681 3175s
 15813 12327 5136.12241  133 4337 6241.00000 5052.80216  19.0%   681 3180s
 15817 12330 5053.40598   23 4100 6241.00000 5053.40598  19.0%   681 3186s
 15820 12332 5788.50132  413 4052 6241.00000 5053.64724  19.0%   681 3190s
 15824 12334 5189.57123  295 4139 6241.00000 5053.99425  19.0%   681 3195s
 15831 12339 5054.18512   63 4008 6241.00000 5054.18512  19.0%   680 3201s
 15835 12342 5054.26196  212 4082 6241.00000 5054.26196  19.0%   680 3205s
 15837 12343 5054.84474  183 4122 6241.00000 5054.84474  19.0%   680 3210s
 15843 12347 5451.29830  382 4132 6241.00000 5054.97124  19.0%   680 3215s
 15845 12348 5055.45710  103 4102 6241.00000 5055.45710  19.0%   680 3220s
 15849 12351 5055.77507   51 4004 6241.00000 5055.77507  19.0%   680 3226s
 15852 12353 5055.95860  269 3942 6241.00000 5055.95860  19.0%   680 3230s
 15857 12356 5056.40005   56 3855 6241.00000 5056.40005  19.0%   679 3237s
 15860 12358 6117.23353   94 4144 6241.00000 5056.55723  19.0%   679 3240s
 15866 12362 5057.26870  153 4047 6241.00000 5057.26870  19.0%   679 3247s
 15867 12363 5057.55990   30 4006 6241.00000 5057.55990  19.0%   679 3250s
 15873 12367 5707.99501  477 3966 6241.00000 5057.68029  19.0%   679 3255s
 15875 12368 5278.40972  238 3846 6241.00000 5058.23863  19.0%   679 3260s
 15882 12373 5058.69185   69 4103 6241.00000 5058.69185  18.9%   678 3268s
 15883 12374 5058.90104   30 4008 6241.00000 5058.90104  18.9%   678 3271s
 15889 12378 5058.94230   67 4182 6241.00000 5058.94230  18.9%   678 3275s
 15890 12378 5059.70227   23 3955 6241.00000 5059.70227  18.9%   678 3280s
 15892 12380 6080.53420  221 4038 6241.00000 5060.16677  18.9%   678 3286s
 15899 12384 5894.00729  266 4032 6241.00000 5060.86556  18.9%   678 3295s
 15906 12389 6223.89031  331 4167 6241.00000 5061.10590  18.9%   677 3300s
 15910 12392 5828.76373  426 3984 6241.00000 5061.43627  18.9%   677 3305s
 15916 12396 5061.64244   53 3920 6241.00000 5061.64244  18.9%   677 3320s
 15920 12398 5788.50132  413 4067 6241.00000 5061.74490  18.9%   677 3325s
 15922 12400 5062.55576  126 3905 6241.00000 5062.55576  18.9%   677 3331s
H15923 11774                    6238.0000000 5062.82164  18.8%   677 3335s
 15930 11779 5876.07922  622 4045 6238.00000 5063.16938  18.8%   676 3341s
 15933 11781 5103.00848  268 4255 6238.00000 5063.37843  18.8%   676 3345s
 15939 11785 5244.47269   47 3904 6238.00000 5063.64540  18.8%   676 3350s
 15945 11789 5063.74606  103 4226 6238.00000 5063.74606  18.8%   676 3355s
 15948 11791 5064.24018  113 4260 6238.00000 5064.24018  18.8%   675 3360s
 15954 11795 5064.56447   82 4249 6238.00000 5064.56447  18.8%   675 3365s
 15959 11798 5637.73313  501 4240 6238.00000 5064.77610  18.8%   675 3370s
 15961 11800 5194.04980  194 4034 6238.00000 5065.29839  18.8%   675 3376s
 15970 11806 5065.37608   22 4214 6238.00000 5065.37608  18.8%   675 3380s
 15972 11807 5065.76957  155 4100 6238.00000 5065.76957  18.8%   674 3385s
 15978 11811 5066.28922   25 4296 6238.00000 5066.28922  18.8%   674 3393s
 15979 11812 5066.39679   16 4417 6238.00000 5066.39679  18.8%   674 3395s
 15984 11815 5267.17927  348 4110 6238.00000 5067.00792  18.8%   674 3402s
 15985 11816 6081.87401  291 4241 6238.00000 5067.26172  18.8%   674 3405s
 15992 11820 6080.53420  221 4387 6238.00000 5067.39459  18.8%   674 3410s
 15995 11822 5067.92327  144 4161 6238.00000 5067.92327  18.8%   673 3415s
 16001 11826 5068.15780   63 4139 6238.00000 5068.15780  18.8%   673 3421s
 16006 11830 6223.89031  331 4221 6238.00000 5068.27848  18.8%   673 3425s
 16010 11832 5828.76373  426 4352 6238.00000 5068.59563  18.7%   673 3430s
 16016 11836 5068.76896   53 4408 6238.00000 5068.76896  18.7%   673 3436s
 16022 11840 5068.84888  126 4495 6238.00000 5068.84888  18.7%   672 3440s
 16024 11842 5189.57123  295 4394 6238.00000 5069.13173  18.7%   672 3445s
 16030 11846 5876.07922  622 4389 6238.00000 5069.23887  18.7%   672 3450s
 16037 11850 5069.45327  183 4146 6238.00000 5069.45327  18.7%   672 3455s
 16042 11854 5284.73471  431 4196 6238.00000 5069.59367  18.7%   672 3461s
 16044 11855 5358.26985  259 4261 6238.00000 5070.29551  18.7%   671 3466s
 16048 11858 5070.34875  113 4358 6238.00000 5070.34875  18.7%   671 3470s
 16052 11860 5070.68575  269 4163 6238.00000 5070.68575  18.7%   671 3475s
 16057 11864 5071.02321   56 4307 6238.00000 5071.02321  18.7%   671 3481s
 16061 11866 5194.04980  194 4405 6238.00000 5071.08776  18.7%   671 3485s
 16067 11870 5071.21426   30 4420 6238.00000 5071.21426  18.7%   670 3490s
 16073 11874 5707.99501  477 4197 6238.00000 5071.39774  18.7%   670 3496s
 16078 11878 5071.43973   25 4253 6238.00000 5071.43973  18.7%   670 3500s
 16080 11879 5497.29468  236 4177 6238.00000 5071.96610  18.7%   670 3505s
 16086 11883 5273.25669  403 4255 6238.00000 5072.02073  18.7%   670 3510s
 16089 11885 5072.34992   67 4182 6238.00000 5072.34992  18.7%   670 3515s
 16096 11890 5523.58065  265 4316 6238.00000 5072.43055  18.7%   669 3520s
 16103 11894 5072.51583   52 4134 6238.00000 5072.51583  18.7%   669 3525s
 16109 11898 5290.17386  303 4275 6238.00000 5072.57694  18.7%   669 3531s
 16114 11902 5072.61930  175 4325 6238.00000 5072.61930  18.7%   669 3535s
 16121 11907 5072.61930  116  952 6238.00000 5072.61930  18.7%   701 3543s
 16122 11908 5072.61930  126  999 6238.00000 5072.61930  18.7%   701 3546s
 16124 11909 5189.57123  295 1310 6238.00000 5072.61930  18.7%   701 3554s
 16125 11910 5072.61930   86 1416 6238.00000 5072.61930  18.7%   701 3560s
 16126 11911 5770.32390  545 1698 6238.00000 5072.61930  18.7%   701 3570s
 16127 11911 5072.61930   49 1746 6238.00000 5072.61930  18.7%   701 3580s
 16128 11912 5780.34614  593 1953 6238.00000 5072.61930  18.7%   700 3593s
 16129 11913 5072.61930  200 2084 6238.00000 5072.61930  18.7%   700 3607s
 16130 11913 5876.07922  622 2470 6238.00000 5072.61930  18.7%   700 3622s
 16131 11914 5072.64794   63 2392 6238.00000 5072.64794  18.7%   700 3636s
 16132 11915 5072.74605   96 2883 6238.00000 5072.74605  18.7%   700 3654s
 16133 11915 5103.00848  268 2796 6238.00000 5072.74605  18.7%   700 3668s
 16134 11916 5072.74605   95 3232 6238.00000 5072.74605  18.7%   700 3686s
 16135 11917 5072.74605  212 3189 6238.00000 5072.74605  18.7%   700 3701s
 16136 11917 5089.19974  109 3286 6238.00000 5072.74605  18.7%   700 3714s
 16137 11918 5072.74605  183 3622 6238.00000 5072.74605  18.7%   700 3729s
 16138 11919 5789.97976  602 3871 6238.00000 5072.74605  18.7%   700 3737s
 16139 11919 5244.47269   47 3865 6238.00000 5072.74605  18.7%   700 3743s
 16140 11920 5072.74605  114 4000 6238.00000 5072.74605  18.7%   700 3748s
 16141 11921 5072.74605   41 3907 6238.00000 5072.74605  18.7%   700 3750s
 16149 11926 5072.74605   51 4291 6238.00000 5072.74605  18.7%   700 3757s
 16150 11927 5073.58389  168 3821 6238.00000 5073.58389  18.7%   700 3762s
 16151 11927 5073.85499   11 3646 6238.00000 5073.85499  18.7%   699 3765s
 16157 11931 5074.21728   56 3774 6238.00000 5074.21728  18.7%   699 3772s
 16161 11934 5194.04980  194 3666 6238.00000 5074.27980  18.7%   699 3776s
 16162 11935 5075.10090   21 3737 6238.00000 5075.10090  18.6%   699 3780s
 16168 11939 5758.76100  360 3729 6238.00000 5075.36970  18.6%   699 3787s
 16169 11939 5075.84787  135 3725 6238.00000 5075.84787  18.6%   699 3790s
 16174 11943 5445.42008   53 3796 6238.00000 5076.02687  18.6%   699 3796s
 16175 11943 5278.40972  238 3870 6238.00000 5076.73960  18.6%   698 3806s
 16180 11947 5497.29468  236 3842 6238.00000 5076.85975  18.6%   698 3811s
 16181 11947 5190.16686  188 3690 6238.00000 5077.43604  18.6%   698 3815s
 16186 11951 5273.25669  403 3775 6238.00000 5077.65862  18.6%   698 3821s
 16187 11951 5078.18647   42 3832 6238.00000 5078.18647  18.6%   698 3825s
 16191 11954 5595.69657   61 3933 6238.00000 5078.50902  18.6%   698 3830s
 16194 11956 5078.65388   23 3865 6238.00000 5078.65388  18.6%   698 3835s
 16197 11958 5732.65083  517 4004 6238.00000 5078.69673  18.6%   698 3840s
 16199 11959 5894.00729  266 3934 6238.00000 5079.09723  18.6%   697 3845s
 16204 11963 5290.16334  297 3955 6238.00000 5079.15067  18.6%   697 3850s
 16210 11967 5828.76373  426 3941 6238.00000 5079.51232  18.6%   697 3855s
 16214 11969 5079.77890  175 3662 6238.00000 5079.77890  18.6%   697 3869s
 16215 11970 5732.39229  518 3809 6238.00000 5079.96136  18.6%   697 3872s
 16220 11973 5788.50132  413 3775 6238.00000 5080.00918  18.6%   697 3877s
 16222 11975 5080.30786  126 3801 6238.00000 5080.30786  18.6%   696 3881s
 16226 11977 5770.32390  545 3940 6238.00000 5080.39510  18.6%   696 3886s
 16232 11981 5080.55622   96 3758 6238.00000 5080.55622  18.6%   696 3892s
 16233 11982 5103.00848  268 3723 6238.00000 5080.97108  18.5%   696 3895s
 16239 11986 5244.47269   47 3904 6238.00000 5081.14717  18.5%   696 3902s
 16240 11987 5082.02675  114 3751 6238.00000 5082.02675  18.5%   696 3906s
 16246 11991 5082.24020  123 3782 6238.00000 5082.24020  18.5%   695 3912s
 16247 11991 5082.58716   78 3727 6238.00000 5082.58716  18.5%   695 3915s
 16253 11995 5083.30443   81 3657 6238.00000 5083.30443  18.5%   695 3923s
 16255 11997 5083.44877  157 3639 6238.00000 5083.44877  18.5%   695 3925s
 16261 12001 5194.04980  194 3727 6238.00000 5083.57058  18.5%   695 3930s
 16267 12005 5084.25604   30 3777 6238.00000 5084.25604  18.5%   695 3937s
 16271 12007 5688.47000  438 3710 6238.00000 5084.45052  18.5%   694 3940s
 16275 12010 5278.40972  238 3729 6238.00000 5084.95110  18.5%   694 3946s
 16280 12013 5497.29468  236 3902 6238.00000 5085.24506  18.5%   694 3951s
 16285 12017 6081.87401  291 3799 6238.00000 5085.33035  18.5%   694 3955s
 16290 12020 5085.53130   23 3802 6238.00000 5085.53130  18.5%   694 3960s
 16295 12023 5085.68611  144 3880 6238.00000 5085.68611  18.5%   693 3965s
 16298 12025 5927.31894  351 3907 6238.00000 5086.00084  18.5%   693 3970s
 16303 12029 5086.21728   52 3798 6238.00000 5086.21728  18.5%   693 3975s
 16309 12033 5290.17386  303 3975 6238.00000 5086.42497  18.5%   693 3980s
 16314 12036 5086.62680  175 4025 6238.00000 5086.62680  18.5%   693 3986s
 16318 12039 5086.86609   40 4121 6238.00000 5086.86609  18.5%   692 3990s
 16324 12043 5189.57123  295 3899 6238.00000 5086.91838  18.5%   692 3995s
 16328 12045 5780.34614  593 3978 6238.00000 5087.32233  18.4%   692 4001s
 16330 12047 5876.07922  622 4078 6238.00000 5087.59009  18.4%   692 4005s
 16336 12051 5089.19974  109 3837 6238.00000 5087.95916  18.4%   692 4011s
 16341 12054 5088.10739   41 3826 6238.00000 5088.10739  18.4%   691 4015s
 16348 12059 5088.27578  113 3956 6238.00000 5088.27578  18.4%   691 4021s
 16350 12060 5088.73085  168 4091 6238.00000 5088.73085  18.4%   691 4026s
 16358 12065 5186.45497   96 3874 6238.00000 5088.99799  18.4%   691 4032s
 16361 12067 5194.04980  194 4177 6238.00000 5089.13216  18.4%   691 4035s
 16367 12071 5089.65067   30 4181 6238.00000 5089.65067  18.4%   690 4040s
 16371 12074 5688.47000  438 4292 6238.00000 5089.88617  18.4%   690 4045s
 16373 12075 5707.99501  477 4098 6238.00000 5090.29139  18.4%   690 4050s
 16378 12079 5090.47055   25 4155 6238.00000 5090.47055  18.4%   690 4055s
 16380 12080 5497.29468  236 3939 6238.00000 5090.89007  18.4%   690 4060s
 16386 12084 5273.25669  403 4163 6238.00000 5090.95458  18.4%   689 4065s
 16389 12086 5091.33599   67 4160 6238.00000 5091.33599  18.4%   689 4070s
 16395 12090 5091.49205  144 4146 6238.00000 5091.49205  18.4%   689 4075s
 16399 12093 5894.00729  266 4010 6238.00000 5091.62532  18.4%   689 4080s
H16403 11485                    6236.0000000 5091.88865  18.3%   689 4087s
 16406 11487 6223.89031  331 3944 6236.00000 5091.99759  18.3%   689 4090s
 16412 11491 5092.31185  114 3947 6236.00000 5092.31185  18.3%   688 4096s
 16418 11495 5092.52422   40 4032 6236.00000 5092.52422  18.3%   688 4101s
 16422 11498 5092.67981  126 3988 6236.00000 5092.67981  18.3%   688 4105s
 16426 11501 5770.32390  545 4198 6236.00000 5092.85916  18.3%   688 4110s
 16433 11505 5103.00848  268 3766 6236.00000 5093.47746  18.3%   687 4119s
 16434 11506 5093.62976   95 4156 6236.00000 5093.62976  18.3%   687 4121s
 16438 11509 5789.97976  602 3961 6236.00000 5093.73579  18.3%   687 4125s
 16440 11510 5094.22541  114 3837 6236.00000 5094.22541  18.3%   687 4131s
 16447 11515 5094.30703   78 4205 6236.00000 5094.30703  18.3%   687 4136s
 16448 11515 5094.48330  113 4217 6236.00000 5094.48330  18.3%   687 4140s
 16455 11520 5094.68234  157 4175 6236.00000 5094.68234  18.3%   687 4146s
 16461 11524 5194.04980  194 4245 6236.00000 5095.08215  18.3%   686 4153s
 16462 11525 5095.19635   21 4373 6236.00000 5095.19635  18.3%   686 4155s
 16470 11530 5095.45317   22 4354 6236.00000 5095.45317  18.3%   686 4162s
 16472 11531 5095.57257  155 4493 6236.00000 5095.57257  18.3%   686 4165s
 16477 11535 5875.82474  503 4283 6236.00000 5095.79949  18.3%   686 4170s
 16482 11538 5096.00151   69 4313 6236.00000 5096.00151  18.3%   685 4175s
 16485 11540 6081.87401  291 4103 6236.00000 5096.28703  18.3%   685 4180s
 16491 11544 5595.69657   61 4398 6236.00000 5096.46291  18.3%   685 4185s
 16495 11547 5096.63378  144 4379 6236.00000 5096.63378  18.3%   685 4190s
 16500 11550 5096.77724   67 4611 6236.00000 5096.77724  18.3%   685 4195s
 16509 11556 5290.17386  303 4521 6236.00000 5096.89750  18.3%   684 4201s
 16511 11557 5097.01751   60 4406 6236.00000 5097.01751  18.3%   684 4205s
 16516 11561 5097.19315   53 4460 6236.00000 5097.19315  18.3%   684 4210s
 16522 11565 5097.31019  126 4240 6236.00000 5097.31019  18.3%   684 4215s
 16525 11567 5097.54492   86 4138 6236.00000 5097.54492  18.3%   684 4220s
 16529 11569 5097.96156  200 4354 6236.00000 5097.96156  18.2%   684 4226s
 16534 11573 5098.30181   95 4227 6236.00000 5098.30181  18.2%   683 4231s
 16537 11575 5098.51796  183 4220 6236.00000 5098.51796  18.2%   683 4235s
 16542 11578 5284.73471  431 4278 6236.00000 5098.65403  18.2%   683 4240s
 16547 11581 5098.88017   78 4512 6236.00000 5098.88017  18.2%   683 4245s
 16550 11583 5099.19289  168 4383 6236.00000 5099.19289  18.2%   683 4250s
 16558 11589 5186.45497   96 4343 6236.00000 5099.27424  18.2%   682 4256s
 16564 11593 5099.59568   79 4287 6236.00000 5099.59568  18.2%   682 4402s
 16565 11593 5117.30869   33 4200 6236.00000 5099.68577  18.2%   682 4411s
 16570 11597 5099.71610   22 4382 6236.00000 5099.71610  18.2%   682 4415s
 16573 11599 5707.99501  477 4251 6236.00000 5100.13038  18.2%   682 4420s
 16579 11603 5100.68858   16 4155 6236.00000 5100.68858  18.2%   681 4427s
 16580 11603 5497.29468  236 4313 6236.00000 5100.94150  18.2%   681 4431s
 16585 11607 6081.87401  291 4490 6236.00000 5101.07003  18.2%   681 4435s
 16588 11609 6065.10581  497 4236 6236.00000 5101.41126  18.2%   681 4440s
 16593 11612 5410.70556  141 4211 6236.00000 5101.63754  18.2%   681 4445s
 16598 11615 5927.31894  351 4239 6236.00000 5101.72416  18.2%   681 4450s
 16602 11618 5101.91433  240 4134 6236.00000 5101.91433  18.2%   680 4455s
 16608 11622 5462.43859  394 4337 6236.00000 5102.02397  18.2%   680 4460s
 16614 11626 5102.21667  175 4262 6236.00000 5102.21667  18.2%   680 4465s
 16620 11630 5788.50132  413 4095 6236.00000 5102.51224  18.2%   680 4471s
 16623 11632 5102.62875   85 4435 6236.00000 5102.62875  18.2%   680 4475s
 16630 11637 5876.07922  622 4259 6236.00000 5102.74565  18.2%   679 4480s
 16635 11640 5103.35961  212 4084 6236.00000 5103.35961  18.2%   679 4488s
 16636 11641 5103.54001  109 4292 6236.00000 5103.54001  18.2%   679 4490s
 16643 11645 5451.29830  382 4392 6236.00000 5103.65218  18.2%   679 4496s
 16646 11647 5103.89554  123 4314 6236.00000 5103.89554  18.2%   679 4500s
 16651 11651 5104.13840   11 4425 6236.00000 5104.13840  18.2%   678 4506s
 16656 11654 5104.33586   73 4374 6236.00000 5104.33586  18.1%   678 4512s
 16660 11657 6117.23353   94 4383 6236.00000 5104.42707  18.1%   678 4515s
 16668 11662 5758.76100  360 4516 6236.00000 5104.55045  18.1%   678 4520s
 16672 11665 5104.78081  155 4459 6236.00000 5104.78081  18.1%   678 4525s
 16682 11671 5104.85528   69 4524 6236.00000 5104.85528  18.1%   677 4531s
 16687 11675 5104.93589   42 4544 6236.00000 5104.93589  18.1%   677 4535s
 16691 11677 5595.69657   61 4276 6236.00000 5105.17182  18.1%   677 4540s
 16697 11681 5732.65083  517 4331 6236.00000 5105.39561  18.1%   677 4546s
 16701 11684 5105.53004   63 4375 6236.00000 5105.53004  18.1%   676 4550s
 16708 11689 5462.43859  394 4375 6236.00000 5105.59200  18.1%   676 4556s
 16710 11690 5828.76373  426 4401 6236.00000 5105.89424  18.1%   676 4560s
 16716 11694 5105.99329   53 4328 6236.00000 5105.99329  18.1%   676 4565s
 16720 11697 5788.50132  413 4403 6236.00000 5106.25548  18.1%   676 4571s
 16725 11700 5106.34656   86 4581 6236.00000 5106.34656  18.1%   675 4576s
 16727 11701 5106.61093   49 4632 6236.00000 5106.61093  18.1%   675 4580s
 16733 11705 5106.86705  268 4464 6236.00000 5106.86705  18.1%   675 4586s
 16736 11707 5107.01553  109 4481 6236.00000 5107.01553  18.1%   675 4590s
 16741 11711 5107.20708   41 4395 6236.00000 5107.20708  18.1%   675 4595s
 16747 11715 5107.43200   78 4384 6236.00000 5107.43200  18.1%   675 4601s
 16752 11718 5107.54280  269 4613 6236.00000 5107.54280  18.1%   674 4606s
 16758 11722 5186.45497   96 4584 6236.00000 5107.58679  18.1%   674 4610s
 16764 11726 5107.69281   79 4540 6236.00000 5107.69281  18.1%   674 4615s
 16770 11730 5107.80921   22 4472 6236.00000 5107.80921  18.1%   674 4620s
 16776 11734 5267.30940  127 4496 6236.00000 5107.91074  18.1%   673 4625s
 16783 11739 5107.96413   30 4524 6236.00000 5107.96413  18.1%   673 4630s
 16790 11745 5107.97057   23 12691 6236.00000 5107.97057  18.1%   706 4635s
 16792 11746 6080.53420  221  952 6236.00000 5107.97057  18.1%   706 4641s
 16794 11748 5107.97057   23 1141 6236.00000 5107.97057  18.1%   706 4646s
 16795 11748 5107.97057  144 1366 6236.00000 5107.97057  18.1%   706 4651s
 16796 11749 5523.58065  265 1450 6236.00000 5107.97057  18.1%   706 4659s
 16797 11750 5732.65083  517 1579 6236.00000 5107.97057  18.1%   706 4667s
 16798 11750 5927.31894  351 1809 6236.00000 5107.97057  18.1%   706 4680s
 16799 11751 5894.00729  266 2025 6236.00000 5107.97057  18.1%   706 4693s
 16800 11752 5107.97057   67 2276 6236.00000 5107.97057  18.1%   706 4708s
 16801 11752 5107.97057   63 2449 6236.00000 5107.97057  18.1%   706 4721s
 16802 11753 5107.97057  240 2666 6236.00000 5107.97057  18.1%   706 4735s
 16803 11754 5107.98033   52 2734 6236.00000 5107.98033  18.1%   706 4751s
 16804 11754 5290.16334  297 2935 6236.00000 5107.98033  18.1%   706 4769s
 16805 11755 5107.98033  163 3235 6236.00000 5107.98033  18.1%   706 4783s
 16806 11756 6223.89031  331 3349 6236.00000 5108.01149  18.1%   706 4801s
 16807 11756 5645.37348  329 3430 6236.00000 5108.01149  18.1%   706 4815s
 16808 11757 5462.43859  394 3711 6236.00000 5108.01149  18.1%   706 4828s
 16809 11758 5290.17386  303 3873 6236.00000 5108.01149  18.1%   706 4839s
 16810 11758 5828.76373  426 3958 6236.00000 5108.01149  18.1%   706 4848s
 16811 11759 5108.01149   60 4049 6236.00000 5108.01149  18.1%   706 4855s
 16813 11760 5136.12241  133 4123 6236.00000 5108.01149  18.1%   705 4862s
 16815 11762 5732.39229  518 4340 6236.00000 5108.01149  18.1%   705 4866s
 16820 11765 5788.50132  413 4486 6236.00000 5108.01149  18.1%   705 4871s
 16821 11766 5109.11783  116 4273 6236.00000 5109.11783  18.1%   705 4879s
 16822 11766 5109.32327  126 4133 6236.00000 5109.32327  18.1%   705 4881s
 16826 11769 5770.32390  545 4022 6236.00000 5109.36887  18.1%   705 4885s
 16827 11770 5109.96901   49 4047 6236.00000 5109.96901  18.1%   705 4890s
 16832 11773 5110.29666   96 4014 6236.00000 5110.29666  18.1%   705 4897s
 16833 11774 5110.75291  268 3972 6236.00000 5110.75291  18.0%   705 4901s
 16838 11777 5789.97976  602 4089 6236.00000 5110.94399  18.0%   704 4907s
 16840 11778 5111.21019  114 3956 6236.00000 5111.21019  18.0%   704 4910s
 16845 11782 5111.24104  103 4055 6236.00000 5111.24104  18.0%   704 4915s
 16846 11782 5111.69559  123 3880 6236.00000 5111.69559  18.0%   704 4924s
 16847 11783 5111.80604   78 3962 6236.00000 5111.80604  18.0%   704 4927s
 16851 11786 5111.83543   11 4067 6236.00000 5111.83543  18.0%   704 4932s
 16853 11787 5112.18697   81 3981 6236.00000 5112.18697  18.0%   704 4937s
 16858 11790 5186.45497   96 4075 6236.00000 5112.24928  18.0%   704 4942s
 16859 11791 5637.73313  501 4146 6236.00000 5112.49617  18.0%   704 4945s
 16865 11795 5117.30869   33 4185 6236.00000 5112.60956  18.0%   703 4951s
 16872 11800 5112.68318  155 4128 6236.00000 5112.68318  18.0%   703 4955s
 16874 11801 5445.42008   53 3882 6236.00000 5112.98819  18.0%   703 4962s
 16878 11804 5113.09260   25 4169 6236.00000 5113.09260  18.0%   703 4965s
 16883 11807 5113.34946   30 4026 6236.00000 5113.34946  18.0%   703 4972s
 16885 11808 6081.87401  291 4093 6236.00000 5113.52860  18.0%   702 4975s
 16889 11811 5114.09691   67 4002 6236.00000 5114.09691  18.0%   702 4993s
 16890 11812 5114.20566   23 4123 6236.00000 5114.20566  18.0%   702 4997s
 16896 11816 5523.58065  265 4097 6236.00000 5114.25549  18.0%   702 5002s
 16897 11816 5732.65083  517 4117 6236.00000 5114.45619  18.0%   702 5006s
 16902 11820 5114.53292  240 4210 6236.00000 5114.53292  18.0%   702 5012s
 16903 11820 5114.77979   52 4160 6236.00000 5114.77979  18.0%   702 5015s
 16907 11823 5645.37348  329 4084 6236.00000 5114.91355  18.0%   702 5021s
 16911 11826 5115.10676   60 4214 6236.00000 5115.10676  18.0%   701 5025s
 16914 11828 5115.35252  175 4069 6236.00000 5115.35252  18.0%   701 5031s
 16918 11830 5115.45401   40 4249 6236.00000 5115.45401  18.0%   701 5037s
 16919 11831 5115.84940   20 4116 6236.00000 5115.84940  18.0%   701 5041s
 16922 11833 5115.99878  126 4326 6236.00000 5115.99878  18.0%   701 5045s
 16926 11836 5770.32390  545 4214 6236.00000 5116.16223  18.0%   701 5050s
 16932 11840 5116.41974   96 3912 6236.00000 5116.41974  18.0%   701 5057s
 16934 11841 5116.62674   95 4299 6236.00000 5116.62674  18.0%   700 5060s
 16939 11844 5244.47269   47 4162 6236.00000 5116.77577  17.9%   700 5065s
 16948 11850 5116.85721  113 4155 6236.00000 5116.85721  17.9%   700 5071s
 16953 11854 5116.94529   81 4093 6236.00000 5116.94529  17.9%   700 5075s
 16956 11856 5117.26781   73 4024 6236.00000 5117.26781  17.9%   700 5080s
 16963 11860 5117.63436   54 3967 6236.00000 5117.63436  17.9%   699 5086s
 16966 11862 5117.83067  153 4134 6236.00000 5117.83067  17.9%   699 5090s
 16970 11865 5118.04747   22 4199 6236.00000 5118.04747  17.9%   699 5095s
 16975 11868 5278.40972  238 4146 6236.00000 5118.23039  17.9%   699 5101s
 16983 11874 5118.27564   30 4319 6236.00000 5118.27564  17.9%   698 5105s
 16987 11876 5118.58655   42 4218 6236.00000 5118.58655  17.9%   698 5110s
 16992 11880 6080.53420  221 4316 6236.00000 5118.80618  17.9%   698 5115s
 16999 11884 5894.00729  266 4204 6236.00000 5118.89170  17.9%   698 5120s
 17006 11889 6223.89031  331 4312 6236.00000 5119.09869  17.9%   697 5125s
 17012 11893 5119.19729  114 4345 6236.00000 5119.19729  17.9%   697 5130s
 17016 11896 5119.58516   53 4329 6236.00000 5119.58516  17.9%   697 5135s
 17020 11898 5788.50132  413 4213 6236.00000 5119.81698  17.9%   697 5140s
 17027 11903 5120.05615   49 4304 6236.00000 5120.05615  17.9%   697 5145s
 17031 11906 5120.38706   63 4216 6236.00000 5120.38706  17.9%   696 5151s
 17034 11908 5120.58261   95 4407 6236.00000 5120.58261  17.9%   696 5155s
 17038 11910 5789.97976  602 4094 6236.00000 5121.20920  17.9%   696 5161s
 17040 11912 5121.53293  114 4143 6236.00000 5121.53293  17.9%   696 5165s
 17044 11914 5358.26985  259 4149 6236.00000 5121.81354  17.9%   696 5171s
 17048 11917 5122.00570  113 4289 6236.00000 5122.00570  17.9%   696 5175s
 17052 11920 5122.26950  269 4209 6236.00000 5122.26950  17.9%   696 5180s
 17059 11924 5637.73313  501 4194 6236.00000 5122.40903  17.9%   695 5186s
 17065 11928 5122.52644   33 4311 6236.00000 5122.52644  17.9%   695 5190s
 17069 11931 5122.82644  135 4427 6236.00000 5122.82644  17.9%   695 5195s
 17074 11934 5445.42008   53 4265 6236.00000 5123.24579  17.8%   695 5202s
 17076 11936 5267.30940  127 4354 6236.00000 5123.36316  17.8%   695 5205s
 17080 11938 5497.29468  236 4456 6236.00000 5123.65391  17.8%   694 5210s
 17086 11942 5273.25669  403 4454 6236.00000 5123.78960  17.8%   694 5216s
 17088 11944 6065.10581  497 4226 6236.00000 5124.07116  17.8%   694 5220s
 17095 11948 5124.25633  144 4226 6236.00000 5124.25633  17.8%   694 5225s
 17100 11952 5124.37552   67 4318 6236.00000 5124.37552  17.8%   694 5230s
 17108 11957 5462.43859  394 4218 6236.00000 5124.78836  17.8%   693 5237s
 17109 11958 5290.17386  303 4382 6236.00000 5125.07235  17.8%   693 5240s
 17113 11960 5136.12241  133 4368 6236.00000 5125.32820  17.8%   693 5245s
 17118 11964 5125.47564   40 4425 6236.00000 5125.47564  17.8%   693 5251s
 17122 11966 5125.65281  126 4559 6236.00000 5125.65281  17.8%   693 5255s
 17130 11972 5876.07922  622 4446 6236.00000 5125.76364  17.8%   692 5261s
H17130 11367                    6234.0000000 5125.88990  17.8%   692 5263s
 17132 11368 5125.96468   96 4262 6234.00000 5125.96468  17.8%   692 5265s
 17138 11372 5789.97976  602 4189 6234.00000 5126.13315  17.8%   692 5270s
 17144 11376 5358.26985  259 4402 6234.00000 5126.29611  17.8%   692 5275s
 17149 11379 5126.35572   51 4300 6234.00000 5126.35572  17.8%   692 5280s
 17154 11383 5126.60995   82 4380 6234.00000 5126.60995  17.8%   691 5285s
 17162 11388 5126.63819   21 4523 6234.00000 5126.63819  17.8%   691 5290s
 17167 11391 5126.83277   30 4491 6234.00000 5126.83277  17.8%   691 5295s
 17172 11395 5126.99831  155 4403 6234.00000 5126.99831  17.8%   691 5300s
 17178 11399 5127.13845   25 4332 6234.00000 5127.13845  17.8%   691 5305s
 17180 11400 5497.29468  236 4380 6234.00000 5127.53420  17.7%   690 5310s
 17188 11405 6065.10581  497 4552 6234.00000 5127.61724  17.7%   690 5316s
H17188 10828                    6233.0000000 5127.75825  17.7%   690 5318s
 17190 10830 5127.84277   23 4510 6233.00000 5127.84277  17.7%   690 5320s
 17195 10833 5127.95407  144 4609 6233.00000 5127.95407  17.7%   690 5325s
 17201 10837 5128.50574   63 4385 6233.00000 5128.50574  17.7%   690 5332s
 17203 10838 5128.67681   52 4612 6233.00000 5128.67681  17.7%   689 5336s
 17208 10842 5462.43859  394 4485 6233.00000 5128.91521  17.7%   689 5341s
 17214 10846 5129.02987  175 4732 6233.00000 5129.02987  17.7%   689 5345s
 17216 10847 5129.21163   53 4579 6233.00000 5129.21163  17.7%   689 5350s
 17222 10851 5129.45054  126 4503 6233.00000 5129.45054  17.7%   689 5357s
 17227 10854 5129.52893   49 4611 6233.00000 5129.52893  17.7%   689 5360s
 17231 10857 5129.83539   63 4468 6233.00000 5129.83539  17.7%   688 5365s
 17238 10862 5789.97976  602 4624 6233.00000 5130.11787  17.7%   688 5372s
 17241 10864 5130.20879   41 4744 6233.00000 5130.20879  17.7%   688 5375s
H17243 10314                    6221.0000000 5130.56660  17.5%   688 5386s
 17246 10316 5130.66918  123 4492 6221.00000 5130.66918  17.5%   688 5390s
 17250 10319 5130.90791  168 4466 6221.00000 5130.90791  17.5%   688 5395s
 17255 10322 5131.06310  157 4493 6221.00000 5131.06310  17.5%   687 5400s
 17257 10323 5131.37268   56 4750 6221.00000 5131.37268  17.5%   687 5405s
 17263 10327 5131.67090   54 4572 6221.00000 5131.67090  17.5%   687 5411s
 17267 10330 5131.79739   30 4543 6221.00000 5131.79739  17.5%   687 5415s
 17270 10332 5132.02798   22 4700 6221.00000 5132.02798  17.5%   687 5421s
 17275 10335 5278.40972  238 4460 6221.00000 5132.19541  17.5%   687 5426s
 17282 10340 5132.24969   69 4615 6221.00000 5132.24969  17.5%   686 5431s
 17287 10343 5132.35083   42 4601 6221.00000 5132.35083  17.5%   686 5435s
 17291 10346 5595.69657   61 4607 6221.00000 5132.57387  17.5%   686 5441s
 17298 10351 5927.31894  351 4678 6221.00000 5132.67341  17.5%   686 5446s
 17304 10355 5290.16334  297 4719 6221.00000 5132.76905  17.5%   685 5450s
 17307 10357 5645.37348  329 4811 6221.00000 5132.92928  17.5%   685 5455s
 17315 10362 5732.39229  518 4782 6221.00000 5133.04227  17.5%   685 5460s
 17321 10366 5133.08963  116 4810 6221.00000 5133.08963  17.5%   685 5465s
 17325 10369 5133.24786   86 4908 6221.00000 5133.24786  17.5%   685 5470s
 17332 10373 5133.32116   96 4821 6221.00000 5133.32116  17.5%   684 5475s
 17340 10379 5133.35276  114 4761 6221.00000 5133.35276  17.5%   684 5480s
 17345 10382 5133.58340  103 4671 6221.00000 5133.58340  17.5%   684 5485s
 17351 10386 5133.84280   11 4837 6221.00000 5133.84280  17.5%   684 5490s
 17357 10390 5133.93551   56 4725 6221.00000 5133.93551  17.5%   683 5495s
 17363 10394 5134.05273   54 4633 6221.00000 5134.05273  17.5%   683 5500s
 17368 10397 5758.76100  360 4572 6221.00000 5134.27418  17.5%   683 5506s
 17373 10401 5707.99501  477 4587 6221.00000 5134.48745  17.5%   683 5511s
 17378 10404 5134.60835   25 4833 6221.00000 5134.60835  17.5%   683 5515s
 17385 10409 6081.87401  291 4774 6221.00000 5134.65574  17.5%   682 5520s
 17392 10413 6080.53420  221 4779 6221.00000 5134.85032  17.5%   682 5526s
 17397 10417 5732.65083  517 4745 6221.00000 5134.94984  17.5%   682 5530s
 17403 10421 5135.11612   52 4631 6221.00000 5135.11612  17.5%   682 5535s
 17410 10425 5828.76373  426 4642 6221.00000 5135.19558  17.5%   681 5540s
 17416 10429 5135.28193   53 4771 6221.00000 5135.28193  17.5%   681 5545s
 17422 10433 5135.31778  126 4814 6221.00000 5135.31778  17.5%   681 5550s
 17429 10438 5135.42067  200 4820 6221.00000 5135.42067  17.5%   681 5555s
 17435 10442 5135.45349  212 4827 6221.00000 5135.45349  17.4%   680 5560s
 17441 10446 5135.48228   41 4742 6221.00000 5135.48228  17.4%   680 5565s
 17447 10450 5135.51230   78 4861 6221.00000 5135.51230  17.4%   680 5570s
 17453 10454 5135.65166   81 4665 6221.00000 5135.65166  17.4%   680 5575s
 17457 10458 5135.65166   56  952 6221.00000 5135.65166  17.4%   710 5582s
 17459 10460 5637.73313  501 1127 6221.00000 5135.65166  17.4%   710 5587s
 17460 10460 6117.23353   94 1287 6221.00000 5135.65166  17.4%   710 5593s
 17461 10461 5194.04980  194 1430 6221.00000 5135.65166  17.4%   710 5600s
 17462 10462 5135.65166   21 1595 6221.00000 5135.65166  17.4%   710 5609s
 17463 10462 5135.65166   54 1733 6221.00000 5135.65166  17.4%   710 5621s
 17464 10463 5135.65166   79 1971 6221.00000 5135.65166  17.4%   710 5633s
 17465 10464 5135.65166   33 2148 6221.00000 5135.65166  17.4%   710 5647s
 17466 10464 5135.65166  153 2450 6221.00000 5135.65166  17.4%   710 5662s
 17467 10465 5135.65166   30 2644 6221.00000 5135.65166  17.4%   710 5679s
 17468 10466 5758.76100  360 2680 6221.00000 5135.65732  17.4%   710 5696s
 17469 10466 5135.65732  135 2759 6221.00000 5135.65732  17.4%   710 5714s
 17470 10467 5135.81163   22 2789 6221.00000 5135.81163  17.4%   710 5731s
 17471 10468 5688.47000  438 3049 6221.00000 5135.81163  17.4%   710 5744s
 17472 10468 5135.81163  155 3277 6221.00000 5135.81163  17.4%   710 5759s
 17473 10469 5707.99501  477 3356 6221.00000 5135.81163  17.4%   710 5773s
 17474 10470 5445.42008   53 3694 6221.00000 5135.81163  17.4%   709 5786s
 17475 10470 5278.40972  238 4070 6221.00000 5135.81163  17.4%   709 5797s
 17476 10471 5267.30940  127 4029 6221.00000 5135.81163  17.4%   709 5806s
 17477 10472 5875.82474  503 4266 6221.00000 5135.81163  17.4%   709 5812s
 17478 10472 5135.81163   25 4474 6221.00000 5135.81163  17.4%   709 5818s
 17479 10473 5135.81163   16 4376 6221.00000 5135.81163  17.4%   709 5821s
 17483 10476 5135.81163   30 4588 6221.00000 5135.81163  17.4%   709 5825s
 17485 10477 6081.87401  291 4407 6221.00000 5136.25080  17.4%   709 5832s
 17488 10479 6065.10581  497 4403 6221.00000 5136.40074  17.4%   709 5835s
 17491 10481 5595.69657   61 4461 6221.00000 5136.99389  17.4%   709 5843s
 17493 10482 5410.70556  141 4511 6221.00000 5137.14080  17.4%   709 5845s
 17498 10486 5927.31894  351 4487 6221.00000 5137.16616  17.4%   709 5850s
 17501 10488 5137.47190   63 4358 6221.00000 5137.47190  17.4%   708 5855s
 17506 10491 6221.00000  331 4279 6221.00000 5137.80242  17.4%   708 5862s
 17509 10493 5290.17386  303 4471 6221.00000 5137.91287  17.4%   708 5865s
 17513 10496 5138.29198  133 4475 6221.00000 5138.29198  17.4%   708 5875s
 17519 10500 5138.43011   20 4564 6221.00000 5138.43011  17.4%   708 5882s
 17521 10501 5138.61736  116 4490 6221.00000 5138.61736  17.4%   708 5885s
 17526 10504 5770.32390  545 4517 6221.00000 5138.73469  17.4%   707 5891s
 17531 10508 5138.76406   63 4523 6221.00000 5138.76406  17.4%   707 5896s
 17534 10510 5138.91234   95 4380 6221.00000 5138.91234  17.4%   707 5900s
 17538 10512 5789.97976  602 4017 6221.00000 5139.18846  17.4%   707 5907s
 17542 10515 5284.73471  431 4249 6221.00000 5139.23881  17.4%   707 5912s
 17545 10517 5139.33439  103 4311 6221.00000 5139.33439  17.4%   707 5915s
 17547 10518 5139.36068   78 4284 6221.00000 5139.36068  17.4%   707 5925s
 17550 10520 5139.36639  168 4340 6221.00000 5139.36639  17.4%   706 5931s
 17554 10523 5139.51329   82 4312 6221.00000 5139.51329  17.4%   706 5937s
 17557 10525 5139.61245   56 4263 6221.00000 5139.61245  17.4%   706 5940s
 17562 10528 5139.66640   21 4389 6221.00000 5139.66640  17.4%   706 5945s
 17564 10530 5139.82124   79 4290 6221.00000 5139.82124  17.4%   706 5951s
 17568 10532 5758.76100  360 4336 6221.00000 5139.89541  17.4%   706 5956s
 17570 10534 5140.08437   22 4233 6221.00000 5140.08437  17.4%   706 5960s
 17575 10537 5278.40972  238 4222 6221.00000 5140.26152  17.4%   705 5965s
 17580 10540 5497.29468  236 4252 6221.00000 5140.38929  17.4%   705 5970s
 17587 10545 5140.43383   42 4338 6221.00000 5140.43383  17.4%   705 5976s
 17592 10548 6080.53420  221 4392 6221.00000 5140.55861  17.4%   705 5981s
 17597 10552 5732.65083  517 4238 6221.00000 5140.61454  17.4%   705 5985s
 17604 10556 5290.16334  297 4151 6221.00000 5140.81648  17.4%   704 5992s
 17609 10560 5290.17386  303 4273 6221.00000 5140.86538  17.4%   704 5995s
 17617 10565 5140.95427   23 4222 6221.00000 5140.95427  17.4%   704 6001s
 17622 10568 5140.98510  126 4207 6221.00000 5140.98510  17.4%   704 6005s
 17628 10572 5780.34614  593 4371 6221.00000 5141.04383  17.4%   703 6011s
 17631 10574 5141.29544   63 4248 6221.00000 5141.29544  17.4%   703 6016s
 17636 10578 5141.38906  109 4374 6221.00000 5141.38906  17.4%   703 6020s
 17642 10582 5284.73471  431 4496 6221.00000 5141.63455  17.4%   703 6026s
 17643 10582 5451.29830  382 4342 6221.00000 5142.00350  17.3%   703 6030s
 17648 10586 5142.13203  113 4400 6221.00000 5142.13203  17.3%   703 6035s
 17651 10588 5142.47790   11 4391 6221.00000 5142.47790  17.3%   702 6041s
 17655 10590 5142.79952  157 4446 6221.00000 5142.79952  17.3%   702 6046s
 17660 10594 6117.23353   94 4555 6221.00000 5142.93362  17.3%   702 6051s
 17661 10594 5194.04980  194 4243 6221.00000 5143.23406  17.3%   702 6065s
 17663 10596 5143.32815   54 4461 6221.00000 5143.32815  17.3%   702 6070s
 17667 10598 5143.71951   30 4388 6221.00000 5143.71951  17.3%   702 6076s
 17672 10602 5143.87187  155 4603 6221.00000 5143.87187  17.3%   702 6081s
 17674 10603 5445.42008   53 4484 6221.00000 5144.31574  17.3%   701 6085s
 17678 10606 5144.46678   25 4541 6221.00000 5144.46678  17.3%   701 6090s
 17684 10610 5267.17927  348 4573 6221.00000 5144.56155  17.3%   701 6095s
 17690 10614 5144.81918   23 4371 6221.00000 5144.81918  17.3%   701 6102s
 17694 10616 5144.92611   23 4658 6221.00000 5144.92611  17.3%   701 6105s
 17699 10620 5894.00729  266 4580 6221.00000 5145.04719  17.3%   700 6110s
 17705 10624 5145.10274  163 4589 6221.00000 5145.10274  17.3%   700 6115s
 17710 10627 5828.76373  426 4726 6221.00000 5145.20914  17.3%   700 6120s
 17718 10632 5145.25159   40 4664 6221.00000 5145.25159  17.3%   700 6126s
 17723 10636 5145.38763   85 4643 6221.00000 5145.38763  17.3%   700 6131s
 17729 10640 5145.50553  200 4628 6221.00000 5145.50553  17.3%   699 6136s
 17732 10642 5145.55861   96 4894 6221.00000 5145.55861  17.3%   699 6140s
 17738 10646 5789.97976  602 4818 6221.00000 5145.68148  17.3%   699 6146s
 17743 10649 5451.29830  382 4793 6221.00000 5145.77144  17.3%   699 6151s
 17748 10652 5145.87249  113 4722 6221.00000 5145.87249  17.3%   699 6155s
 17756 10658 5145.95465   73 4800 6221.00000 5145.95465  17.3%   698 6160s
 17760 10660 6117.23353   94 4587 6221.00000 5146.02025  17.3%   698 6165s
 17767 10665 5146.04076   30 4698 6221.00000 5146.04076  17.3%   698 6170s
 17774 10670 5445.42008   53 4691 6221.00000 5146.09527  17.3%   698 6176s
 17779 10673 5146.10566   16 4606 6221.00000 5146.10566  17.3%   697 6181s
 17780 10674 5497.29468  236 4606 6221.00000 5146.10569  17.3%   697 6245s
 17781 10677 5146.10569   66 4603 6221.00000 5146.10569  17.3%   718 6266s
 17783 10681 5146.36935   67 4595 6221.00000 5146.10569  17.3%   718 6320s
 17787 10687 5146.50354   68 4566 6221.00000 5146.36935  17.3%   721 6382s
 17795 10701 5147.27714   69 4681 6221.00000 5146.51877  17.3%   725 6423s
 17811 10711 5161.40621   70 4111 6221.00000 5147.28040  17.3%   735 6514s
 17827 10737 5181.12202   71 3909 6221.00000 5147.28040  17.3%   749 6569s
 17858 10867 5182.10415   72 4314 6221.00000 5147.28040  17.3%   764 6615s
 17998 10887 5188.18931   77 3508 6221.00000 5147.28040  17.3%   784 6639s
 18065 10963 5186.07628   74 3619 6221.00000 5147.28040  17.3%   790 6662s
 18163 10961 5186.77606   77 3701 6221.00000 5147.28040  17.3%   795 6677s
 18194 10981 5190.56399   78 3663 6221.00000 5147.28040  17.3%   797 6710s
 18224 11003 5190.63822   79 3568 6221.00000 5147.28040  17.3%   799 6746s
H18243 10456                    6217.0000000 5147.28040  17.2%   801 6746s
 18256 10524 5197.05425   84 3220 6217.00000 5147.28040  17.2%   802 6769s
 18328 10550 5190.63822   80 3562 6217.00000 5147.28040  17.2%   806 6788s
 18378 10563 5198.73306   83 3507 6217.00000 5147.28040  17.2%   812 6806s
 18408 10595 5200.25721   84 3490 6217.00000 5147.28040  17.2%   815 6822s
 18450 10612 5200.35074   85 3394 6217.00000 5147.28040  17.2%   819 6839s
 18481 10642 5200.80647   86 3580 6217.00000 5147.28040  17.2%   821 6853s
 18521 10660 5201.63460   87 3396 6217.00000 5147.28040  17.2%   823 6868s
 18552 10700 5202.07909   88 3356 6217.00000 5147.28040  17.2%   824 6885s
 18603 10763 5202.31615   89 3385 6217.00000 5147.28040  17.2%   827 6906s
 18683 10819 5203.21817   91 3411 6217.00000 5147.28040  17.2%   830 6929s
 18765 10864 5205.13818   95 3461 6217.00000 5147.28040  17.2%   834 6945s
 18838 10960 5205.89507   97 3531 6217.00000 5147.28040  17.2%   838 6964s
 18958 11033 5206.82191  101 3416 6217.00000 5147.28040  17.2%   841 6985s
 19071 11112 5213.84778  105 3499 6217.00000 5147.28040  17.2%   844 7005s
 19188 11105 5218.27003  108 3459 6217.00000 5147.28040  17.2%   848 7024s
 19221 11187 5218.34626  109 3432 6217.00000 5147.28040  17.2%   850 7056s
 19316 11302 5218.84816  111 3517 6217.00000 5147.28040  17.2%   854 7078s
 19462 11381 5222.44632  118 3298 6217.00000 5147.28040  17.2%   858 7119s
 19590 11372 5233.24824  121 3135 6217.00000 5147.28040  17.2%   865 7137s
 19624 11472 5233.53621  122 3282 6217.00000 5147.28040  17.2%   866 7164s
 19735 11565 5239.07195  127 3079 6217.00000 5147.28040  17.2%   871 7191s
 19865 11655 5259.22875  131 3143 6217.00000 5147.28040  17.2%   878 7236s
 19998 11660 5259.79280  134 3057 6217.00000 5147.28040  17.2%   885 7259s
 20050 11814 5260.93600  136 3065 6217.00000 5147.28040  17.2%   888 7291s
 20223 11952 5267.10536  139 2908 6217.00000 5147.28040  17.2%   895 7321s
 20419 12066 5290.48248  143 3059 6217.00000 5147.28040  17.2%   903 7359s
 20598 12038 5313.29785  147 3013 6217.00000 5147.28040  17.2%   912 7381s
H20608 11523                    6216.0000000 5147.28040  17.2%   913 7381s
 20630 11548 5319.61853  148 3123 6216.00000 5147.28040  17.2%   913 7408s
 20662 11632 5321.46561  149 2963 6216.00000 5147.28040  17.2%   916 7439s
 20757 11798 5321.60962  150 2879 6216.00000 5147.28040  17.2%   921 7474s
 20955 12003 5342.71663  153 2767 6216.00000 5147.28040  17.2%   931 7510s
 21226 12119 5352.10399  158 2697 6216.00000 5147.28040  17.2%   937 7545s
 21432 12246 5357.34013  161 2662 6216.00000 5147.28040  17.2%   947 7590s
 21632 12364 5373.46879  170 2601 6216.00000 5147.28040  17.2%   960 7643s
 21832 12540 5379.24596  174 2825 6216.00000 5147.28040  17.2%   972 7691s
 22100 12752 5393.91595  182 2484 6216.00000 5147.28040  17.2%   983 7744s
 22401 12683 5448.05195  188 2339 6216.00000 5147.28040  17.2%   994 7774s
H22427 12189                    6215.0000000 5147.28040  17.2%   996 7774s
 22433 12531 5449.36294  189 2409 6215.00000 5147.28040  17.2%   997 7824s
 22777 12720 5479.31676  196 2227 6215.00000 5147.28040  17.2%  1008 7873s
H22868 12227                    6212.0000000 5147.28040  17.1%  1012 7873s
 23083 12187 5507.70410  203 1972 6212.00000 5147.28040  17.1%  1019 7903s
H23084 11737                    6199.0000000 5147.28040  17.0%  1019 7903s
 23115 12109 5509.13398  204 2012 6199.00000 5147.28040  17.0%  1020 7962s
 23502 12444 5551.87560  213 1786 6199.00000 5147.28040  17.0%  1031 8018s
 23986 12633 5589.06326  228 1878 6199.00000 5147.28040  17.0%  1039 8067s
H24053 12191                    6197.0000000 5147.28040  16.9%  1040 8067s
 24348 12599 5660.09165  238 1607 6197.00000 5147.28040  16.9%  1047 8128s
 24929 12433 5736.36656  264 1494 6197.00000 5147.28040  16.9%  1049 8177s
 24966 12455 5752.51030  265 1547 6197.00000 5147.28040  16.9%  1051 8214s
 25001 12548 5752.65482  266 1564 6197.00000 5147.28040  16.9%  1055 8262s
 25129 12537 5752.87484  267 1579 6197.00000 5147.28040  16.9%  1055 8308s
H25139 12138                    6196.0000000 5147.28040  16.9%  1057 8308s
 25161 12703 5752.96618  268 1590 6196.00000 5147.28040  16.9%  1058 8369s
 25794 13016 5904.21503  289 1367 6196.00000 5147.28040  16.9%  1064 8431s
 26427 13226 5992.49967  328 1151 6196.00000 5147.28040  16.9%  1071 8498s
 26969 13135 6129.71173  372  964 6196.00000 5147.28040  16.9%  1079 8557s
 27066 13134 6166.72971  382  883 6196.00000 5147.28040  16.9%  1086 8618s
 27098 13156 6175.24523  383  862 6196.00000 5147.28040  16.9%  1090 8669s
H27117 12772                    6195.0000000 5147.28040  16.9%  1091 8669s
 27130 13209 6175.41710  384  841 6195.00000 5147.28040  16.9%  1093 8743s
 27636 13525 5196.42622   83 3608 6195.00000 5147.28040  16.9%  1107 8813s
 28140 13807 5251.69945   86 3468 6195.00000 5147.28040  16.9%  1122 8893s
 28644 14122 5252.20476   87 3481 6195.00000 5147.28040  16.9%  1137 8971s
 29182 14568 5256.23241   89 3510 6195.00000 5147.28040  16.9%  1151 9089s
 29821 14894 5286.75217   91 3214 6195.00000 5147.28040  16.9%  1173 9171s
 30447 15199 5259.39400   93 3642 6195.00000 5147.28040  16.9%  1183 9254s
H30828 14715                    6193.0000000 5147.28040  16.9%  1193 9254s
 30985 15220 5261.71789   96 3829 6193.00000 5147.28040  16.9%  1197 9339s
H31023 14864                    6192.0000000 5147.28040  16.9%  1199 9339s
 31546 15302 5268.81665   98 3650 6192.00000 5147.28040  16.9%  1210 9451s
 32241 15716 5294.67315  100 3582 6192.00000 5147.28040  16.9%  1220 9536s
 32931 16087 5280.26396  103 3444 6192.00000 5147.28040  16.9%  1233 9627s
 33644 15943 5283.04474  106 3372 6192.00000 5147.28040  16.9%  1245 9698s
 33739 16171 5315.15338  107 3412 6192.00000 5147.28040  16.9%  1253 9795s
 34013 16703 5286.33603  109 3273 6192.00000 5147.28040  16.9%  1264 9900s
 34647 17281 5288.41488  112 3502 6192.00000 5147.28040  16.9%  1279 10007s
 35457 17839 5299.79454  115 3347 6192.00000 5147.28040  16.9%  1293 10122s
H35845 17381                    6189.0000000 5147.28040  16.8%  1300 10122s
 36364 17893 5310.26720  120 3204 6189.00000 5147.28040  16.8%  1305 10234s
H36407 17875                    6187.0000000 5147.28040  16.8%  1307 10234s
 36938 18432 5313.04343  124 3279 6187.00000 5147.28040  16.8%  1322 10338s
 37510 19183 5315.41464  127 3174 6187.00000 5147.28040  16.8%  1336 10455s
 38294 20093 5322.59692  132 3189 6187.00000 5147.28040  16.8%  1355 10582s
 39218 20512 5450.98170  136 3421 6187.00000 5147.28040  16.8%  1370 10690s
 39655 21403 5329.65992  138 3378 6187.00000 5147.28040  16.8%  1375 10838s
 40584 21435 5331.53311  142 3278 6187.00000 5147.28040  16.8%  1395 10934s
 40616 21528 5332.83379  142 3125 6187.00000 5147.28040  16.8%  1397 11051s
H40655 21515                    6186.0000000 5147.28040  16.8%  1398 11051s
 40709 21547 5333.33605  143 3202 6186.00000 5147.28040  16.8%  1399 11167s
 40741 21578 5341.00786  143 3368 6186.00000 5147.28040  16.8%  1400 11271s
H40754 21506                    6181.0000000 5147.28040  16.7%  1401 11271s
 40773 22381 5334.23425  144 3079 6181.00000 5147.28040  16.7%  1402 11455s
 41698 23391 5381.59477  149 2902 6181.00000 5147.28040  16.7%  1417 11629s
 42783 24505 5344.64581  154 3159 6181.00000 5147.28040  16.7%  1438 11791s
 43952 25591 5348.52713  159 3217 6181.00000 5147.28040  16.7%  1453 11952s
 45138 26663 5350.58437  164 3137 6181.00000 5147.28040  16.7%  1471 12119s
 46298 27660 5351.84100  170 2985 6181.00000 5147.28040  16.7%  1492 12301s
 47341 28804 5488.44982  177 2926 6181.00000 5147.28040  16.7%  1516 12496s
 48547 29989 5374.76276  184 2902 6181.00000 5147.28040  16.7%  1538 12702s
 49787 31374 5369.17009  190 3057 6181.00000 5147.28040  16.7%  1559 12939s
 51178 32267 5378.88751  197 3043 6181.00000 5147.28040  16.7%  1574 13120s
H51392 32234                    6179.0000000 5147.28040  16.7%  1577 13120s
 52120 33520 5383.77287  202 2993 6179.00000 5147.28040  16.7%  1586 13365s
 53432 34916 5397.71557  208 2807 6179.00000 5147.28040  16.7%  1613 13602s
 54898 36459 5402.03469  218 2828 6179.00000 5147.28040  16.7%  1636 13836s
 56513 37906 5413.76792  228 2868 6179.00000 5147.28040  16.7%  1658 14078s
 57992 39743 5417.86437  239 2845 6179.00000 5147.28040  16.7%  1673 14328s
 59894 39744 5570.97781  403 12597 6179.00000 5147.28040  16.7%  1688 15391s
 59896 39745 5393.92133  171  934 6179.00000 5147.28040  16.7%  1688 15396s
 59898 39747 5665.38002  193 1086 6179.00000 5147.28040  16.7%  1688 15402s
 59899 39747 5360.70124  233 1323 6179.00000 5147.28040  16.7%  1688 15407s
 59900 39748 5437.15020  161 1403 6179.00000 5147.28040  16.7%  1688 15414s
 59901 39749 5365.68261  179 1624 6179.00000 5147.28040  16.7%  1688 15424s
 59902 39749 5363.03036  111 1650 6179.00000 5147.28040  16.7%  1688 15436s
 59903 39750 6171.88286  371 1890 6179.00000 5147.28040  16.7%  1688 15449s
 59904 39751 5279.49428  109 2031 6179.00000 5147.28040  16.7%  1688 15464s
 59905 39751 5671.15083  206 2084 6179.00000 5147.28040  16.7%  1688 15479s
 59906 39752 6072.64702  268 2505 6179.00000 5147.28040  16.7%  1688 15498s
 59907 39753 5464.16857  259 2645 6179.00000 5147.28040  16.7%  1688 15517s
 59908 39753 5243.19913   73 2611 6179.00000 5147.28040  16.7%  1688 15532s
 59909 39754 5379.39126  223 2777 6179.00000 5147.28040  16.7%  1688 15551s
 59910 39755 5397.15563  256 3072 6179.00000 5147.28040  16.7%  1688 15569s
 59911 39755 5417.32898  292 3155 6179.00000 5151.67485  16.6%  1688 15585s
 59912 39756 5379.76586  210 3278 6179.00000 5158.94618  16.5%  1688 15597s
 59913 39757 5696.17737  237 3594 6179.00000 5163.99306  16.4%  1688 15609s
 59914 39757 5408.90600  207 3404 6179.00000 5166.25028  16.4%  1688 15616s
 59915 39758 5339.66242  152 3311 6179.00000 5167.65051  16.4%  1688 15622s
 59916 39759 5511.93522  156 3507 6179.00000 5168.25982  16.4%  1688 15625s
 59920 39761 5293.53425  135 3508 6179.00000 5168.58751  16.4%  1688 15630s
 59923 39763 6064.91167  502 3471 6179.00000 5173.34657  16.3%  1688 15645s
 59924 39764 5897.90092  220 3365 6179.00000 5175.36319  16.2%  1688 15653s
 59925 39765 5684.27098  126 3452 6179.00000 5176.04460  16.2%  1687 15657s
 59926 39765 5277.67767  125 3541 6179.00000 5176.34006  16.2%  1687 15660s
 59930 39768 5808.16829  591 3397 6179.00000 5176.60090  16.2%  1687 15665s
 59936 39772 5531.73374  288 3396 6179.00000 5176.61641  16.2%  1687 15692s
 59937 39773 5804.06044  292 3382 6179.00000 5179.50814  16.2%  1687 15700s
 59938 39773 5389.34459  197 3272 6179.00000 5180.27018  16.2%  1687 15705s
 59940 39775 5501.51337  269 3395 6179.00000 5180.93392  16.2%  1687 15711s
 59946 39779 5996.95892  131 3489 6179.00000 5181.02210  16.2%  1687 15738s
 59947 39779 5390.91582  266 3537 6179.00000 5183.70166  16.1%  1687 15745s
 59949 39781 5556.64301   98 3421 6179.00000 5184.37921  16.1%  1687 15751s
 59955 39785 5402.06438  238 3412 6179.00000 5184.47413  16.1%  1687 15779s
 59956 39785 5682.94816  394 3502 6179.00000 5185.78822  16.1%  1687 15785s
 59958 39787 5649.70391  193 3496 6179.00000 5186.67033  16.1%  1687 15792s
 59961 39789 5604.37683  386 3650 6179.00000 5186.84829  16.1%  1686 15795s
 59965 39791 5265.98668  144 3588 6179.00000 5186.86096  16.1%  1686 15820s
 59966 39792 5433.85047  287 3390 6179.00000 5189.57890  16.0%  1686 15832s
 59967 39793 5821.27260  271 3391 6179.00000 5190.19901  16.0%  1686 15836s
 59969 39794 5340.04210  151 3692 6179.00000 5190.64063  16.0%  1686 15842s
 59974 39797 5233.41757  122 3734 6179.00000 5190.71663  16.0%  1686 15869s
 59975 39798 5390.89763  226 3586 6179.00000 5192.11202  16.0%  1686 15876s
 59977 39799 5396.88575  236 3676 6179.00000 5192.75417  16.0%  1686 15881s
 59983 39803 5908.50973  323 3807 6179.00000 5192.89678  16.0%  1686 15909s
 59984 39804 6028.54228  278 3547 6179.00000 5194.20813  15.9%  1686 15915s
 59988 39807 5428.19654  148 3750 6179.00000 5194.54424  15.9%  1686 15920s
 59992 39809 5731.74870  469 3847 6179.00000 5194.54936  15.9%  1686 15947s
 59993 39810 5341.42744  329 3674 6179.00000 5195.27534  15.9%  1686 15951s
 59995 39811 5589.53594  339 4037 6179.00000 5195.69427  15.9%  1686 15956s
 60001 39815 5365.68261  179 4025 6179.00000 5195.75908  15.9%  1685 15984s
 60002 39816 5363.03036  111 3737 6179.00000 5196.34360  15.9%  1685 15988s
 60003 39817 6171.88286  371 3815 6179.00000 5196.93436  15.9%  1685 15991s
 60008 39820 5243.19913   73 3843 6179.00000 5197.04430  15.9%  1685 16018s
 60009 39821 5379.39126  223 3929 6179.00000 5197.57168  15.9%  1685 16022s
 60010 39821 5397.15563  256 3893 6179.00000 5197.77949  15.9%  1685 16025s
 60015 39825 5339.66242  152 3862 6179.00000 5197.86114  15.9%  1685 16053s
 60016 39825 5511.93522  156 3584 6179.00000 5198.40643  15.9%  1685 16061s
 60018 39827 5626.78449  294 3641 6179.00000 5198.86582  15.9%  1685 16066s
 60022 39829 5345.64271  107 3658 6179.00000 5198.89154  15.9%  1685 16090s
 60023 39830 6064.91167  502 3602 6179.00000 5200.18346  15.8%  1685 16097s
 60024 39831 5897.90092  220 3763 6179.00000 5200.55171  15.8%  1685 16100s
 60029 39834 5762.49864  304 3963 6179.00000 5200.76172  15.8%  1685 16105s
 60030 39835 5808.16829  591 3909 6179.00000 5200.76216  15.8%  1685 16132s
 60031 39835 5493.66951  122 3825 6179.00000 5202.16327  15.8%  1685 16138s
 60032 39836 5523.18607  327 3925 6179.00000 5202.85232  15.8%  1684 16143s
 60033 39837 5257.52211  121 4002 6179.00000 5202.97942  15.8%  1684 16145s
 60042 39843 5586.66074  249 3947 6179.00000 5203.06263  15.8%  1684 16174s
 60043 39843 5616.25657  463 3925 6179.00000 5203.33940  15.8%  1684 16177s
 60045 39845 6113.54988  199 3922 6179.00000 5203.49966  15.8%  1684 16180s
 60051 39849 5457.14768  238 3935 6179.00000 5203.56058  15.8%  1684 16209s
 60052 39849 6007.05880  415 3625 6179.00000 5205.17256  15.8%  1684 16216s
 60053 39850 5352.83657  206 3803 6179.00000 5205.75435  15.8%  1684 16220s
 60056 39852 5682.94816  394 3928 6179.00000 5206.01465  15.7%  1684 16225s
 60059 39854 5507.91213  317 3932 6179.00000 5206.03036  15.7%  1684 16252s
 60060 39855 5834.73743  357 3859 6179.00000 5206.61384  15.7%  1684 16256s
 60062 39856 5317.19721  186 4030 6179.00000 5206.93163  15.7%  1684 16260s
 60067 39859 5821.27260  271 4127 6179.00000 5206.97959  15.7%  1683 16286s
 60068 39860 5665.62627  502 4122 6179.00000 5207.72326  15.7%  1683 16300s
 60069 39861 5340.04210  151 4191 6179.00000 5208.03064  15.7%  1683 16305s
 60075 39865 5390.89763  226 4223 6179.00000 5208.20182  15.7%  1683 16332s
 60076 39865 6060.89908  499 3919 6179.00000 5208.87587  15.7%  1683 16337s
 60077 39866 5396.88575  236 3986 6179.00000 5209.19553  15.7%  1683 16340s
 60083 39870 5908.50973  323 4129 6179.00000 5209.30014  15.7%  1683 16368s
 60084 39871 6028.54228  278 3885 6179.00000 5210.14963  15.7%  1683 16374s
 60085 39871 5367.40176  190 4121 6179.00000 5210.49094  15.7%  1683 16377s
 60086 39872 5290.44021  165 4037 6179.00000 5210.67640  15.7%  1683 16380s
 60090 39875 6028.21906  340 4116 6179.00000 5210.74676  15.7%  1683 16406s
 60091 39875 5438.02919  218 3884 6179.00000 5211.53918  15.7%  1683 16411s
 60093 39877 5341.42744  329 3955 6179.00000 5211.88170  15.7%  1683 16415s
 60098 39880 5665.38002  193 4067 6179.00000 5211.91509  15.7%  1683 16442s
 60099 39881 5360.70124  233 4002 6179.00000 5212.17723  15.6%  1683 16445s
 60105 39885 5671.15083  206 4073 6179.00000 5212.31195  15.6%  1682 16473s
 60106 39885 6072.64702  268 4064 6179.00000 5212.70372  15.6%  1682 16477s
 60108 39887 5243.19913   73 4089 6179.00000 5212.97029  15.6%  1682 16480s
 60111 39889 5417.32898  292 4242 6179.00000 5212.98124  15.6%  1682 16505s
 60112 39889 5379.76586  210 4000 6179.00000 5213.32684  15.6%  1682 16639s
 60113 39890 5696.17737  237 4193 6179.00000 5213.48650  15.6%  1682 16664s
 60114 39891 5408.90600  207 4038 6179.00000 5213.50825  15.6%  1682 16665s
 60117 39893 5819.20565  239 4285 6179.00000 5213.51625  15.6%  1682 16688s
 60118 39893 5626.78449  294 4130 6179.00000 5214.33671  15.6%  1682 16693s
 60119 39894 5518.47078  415 3891 6179.00000 5214.57701  15.6%  1682 16696s
 60123 39897 6064.91167  502 4064 6179.00000 5214.73825  15.6%  1682 16700s
 60126 39899 5277.67767  125 4115 6179.00000 5214.74264  15.6%  1682 16723s
 60127 39899 5278.01230  182 3968 6179.00000 5215.49696  15.6%  1682 16727s
 60129 39901 5762.49864  304 3752 6179.00000 5215.85547  15.6%  1682 16731s
 60134 39904 5363.07670  164 3825 6179.00000 5215.93353  15.6%  1682 16757s
 60135 39905 5904.26436  285 3710 6179.00000 5216.89473  15.6%  1682 16762s
 60136 39905 5531.73374  288 3694 6179.00000 5217.13762  15.6%  1682 16765s
 60142 39909 5586.66074  249 3837 6179.00000 5217.21795  15.6%  1681 16791s
 60143 39910 5616.25657  463 3614 6179.00000 5217.86270  15.6%  1681 16795s
 60146 39912 5996.95892  131 3790 6179.00000 5218.33393  15.5%  1681 16800s
 60150 39915 5564.64071  293 3743 6179.00000 5218.36360  15.5%  1681 16825s
 60152 39916 6007.05880  415 3669 6179.00000 5219.13211  15.5%  1681 16832s
 60157 39919 5800.01196  475 3787 6179.00000 5219.17219  15.5%  1681 16857s
 60158 39920 5649.70391  193 3832 6179.00000 5219.78176  15.5%  1681 16860s
 60162 39923 5317.19721  186 3870 6179.00000 5220.06091  15.5%  1681 16865s
 60166 39925 5433.85047  287 3910 6179.00000 5220.06502  15.5%  1681 16889s
 60167 39926 5821.27260  271 3687 6179.00000 5220.20944  15.5%  1681 16891s
 60170 39928 5258.28735  170 3730 6179.00000 5220.35391  15.5%  1681 16895s
 60174 39931 5233.41757  122 3690 6179.00000 5220.36589  15.5%  1680 16918s
 60175 39931 5390.89763  226 3897 6179.00000 5220.64702  15.5%  1680 16921s
 60179 39934 5345.06442  155 3810 6179.00000 5220.83020  15.5%  1680 16925s
 60182 39936 5532.66292  165 3794 6179.00000 5220.83643  15.5%  1680 16947s
 60183 39937 5908.50973  323 3835 6179.00000 5221.21942  15.5%  1680 16950s
 60189 39941 6177.63134  329 3696 6179.00000 5221.34023  15.5%  1680 16977s
 60193 39943 5341.42744  329 3833 6179.00000 5221.48332  15.5%  1680 17003s
 60195 39945 5589.53594  339 3862 6179.00000 5221.56649  15.5%  1680 17005s
 60198 39947 5665.38002  193 3843 6179.00000 5221.57391  15.5%  1680 17029s
 60199 39947 5360.70124  233 3609 6179.00000 5221.95126  15.5%  1680 17031s
 60205 39951 5671.15083  206 3842 6179.00000 5222.03983  15.5%  1680 17057s
 60207 39953 5464.16857  259 4031 6179.00000 5222.26084  15.5%  1680 17061s
 60211 39955 5417.32898  292 3945 6179.00000 5222.31411  15.5%  1679 17086s
 60214 39957 5408.90600  207 3998 6179.00000 5222.60241  15.5%  1679 17090s
 60219 39961 5518.47078  415 4101 6179.00000 5222.67402  15.5%  1679 17115s
 60221 39962 5665.63269  456 3832 6179.00000 5223.45249  15.5%  1679 17120s
 60226 39965 5277.67767  125 3838 6179.00000 5223.60306  15.5%  1679 17145s
 60229 39967 5762.49864  304 3942 6179.00000 5223.91383  15.5%  1679 17150s
 60231 39969 5493.66951  122 3953 6179.00000 5223.92352  15.5%  1679 17175s
 60234 39971 5363.07670  164 3837 6179.00000 5224.24414  15.5%  1679 17180s
 60240 39975 5501.51337  269 3797 6179.00000 5224.27817  15.5%  1679 17205s
 60245 39978 6113.54988  199 4077 6179.00000 5224.51720  15.4%  1679 17210s
 60246 39979 5996.95892  131 4055 6179.00000 5224.51775  15.4%  1678 17233s
 60247 39979 5390.91582  266 4243 6179.00000 5224.82397  15.4%  1678 17236s
 60251 39982 5457.14768  238 4210 6179.00000 5224.93009  15.4%  1678 17240s
 60253 39983 5352.83657  206 4108 6179.00000 5224.93164  15.4%  1678 17263s
 60254 39984 5360.61322  125 4112 6179.00000 5225.52387  15.4%  1678 17267s
 60255 39985 5402.06438  238 4235 6179.00000 5225.95558  15.4%  1678 17271s
 60260 39988 5834.73743  357 4251 6179.00000 5226.12924  15.4%  1678 17275s
 60262 39989 5317.19721  186 4234 6179.00000 5226.13062  15.4%  1678 17298s
 60263 39990 5897.81533  238 4073 6179.00000 5226.72100  15.4%  1678 17302s
 60264 39991 5336.04168  150 4263 6179.00000 5226.88476  15.4%  1678 17305s
 60272 39996 5417.33882  292 4263 6179.00000 5226.96717  15.4%  1678 17333s
 60273 39997 5332.33615  156 4177 6179.00000 5227.34091  15.4%  1678 17337s
 60275 39998 5390.89763  226 4193 6179.00000 5227.54170  15.4%  1678 17341s
 60280 40001 5885.98840  274 4416 6179.00000 5227.57147  15.4%  1678 17366s
 60282 40003 5532.66292  165 4213 6179.00000 5228.06178  15.4%  1677 17371s
 60289 40007 6177.63134  329 4205 6179.00000 5228.13182  15.4%  1677 17397s
 60290 40008 6028.21906  340 4200 6179.00000 5228.55071  15.4%  1677 17400s
 60293 40010 5341.42744  329 4206 6179.00000 5228.77702  15.4%  1677 17405s
 60295 40011 5589.53594  339 4294 6179.00000 5228.78408  15.4%  1677 17428s
 60296 40012 5393.92133  171 4287 6179.00000 5228.96781  15.4%  1677 17431s
 60300 40015 5437.15020  161 4217 6179.00000 5229.12700  15.4%  1677 17435s
 60302 40016 5363.03036  111 4186 6179.00000 5229.12930  15.4%  1677 17460s
 60304 40017 5279.49428  109 4147 6179.00000 5229.85005  15.4%  1677 17466s
 60309 40021 5379.39126  223 4240 6179.00000 5229.93297  15.4%  1677 17494s
 60310 40021 5397.15563  256 4187 6179.00000 5230.10979  15.4%  1677 17496s
 60313 40023 5696.17737  237 4116 6179.00000 5230.31506  15.4%  1677 17500s
 60317 40026 5819.20565  239 4280 6179.00000 5230.32693  15.4%  1677 17523s
 60318 40027 5626.78449  294 4002 6179.00000 5230.87972  15.3%  1676 17527s
 60319 40027 5518.47078  415 4110 6179.00000 5231.06514  15.3%  1676 17530s
 60324 40031 5897.90092  220 4122 6179.00000 5231.15498  15.3%  1676 17554s
 60325 40031 5684.27098  126 4074 6179.00000 5231.50694  15.3%  1676 17557s
 60327 40033 5278.01230  182 4240 6179.00000 5231.65252  15.3%  1676 17560s
 60330 40035 5808.16829  591 4233 6179.00000 5231.66527  15.3%  1676 17585s
 60332 40036 5523.18607  327 4004 6179.00000 5232.04708  15.3%  1676 17590s
 60337 40039 5804.06044  292 4099 6179.00000 5232.15180  15.3%  1676 17615s
 60339 40041 5537.97948  194 4089 6179.00000 5232.80482  15.3%  1676 17621s
 60344 40044 5979.16158  424 4028 6179.00000 5232.85329  15.3%  1676 17648s
 60345 40045 6113.54988  199 4255 6179.00000 5233.12750  15.3%  1676 17651s
 60348 40047 5233.31797   94 4086 6179.00000 5233.31797  15.3%  1676 17655s
 60353 40050 5352.83657  206 4139 6179.00000 5233.33112  15.3%  1676 17680s
 60355 40051 5402.06438  238 3958 6179.00000 5233.83263  15.3%  1675 17685s
 60364 40057 5336.04168  150 4031 6179.00000 5233.94538  15.3%  1675 17712s
 60365 40058 5265.98668  144 4113 6179.00000 5234.44596  15.3%  1675 17716s
 60367 40059 5821.27260  271 4113 6179.00000 5234.85279  15.3%  1675 17720s
 60372 40063 5417.33882  292 4228 6179.00000 5234.90581  15.3%  1675 17745s
 60374 40064 5235.38288  122 4370 6179.00000 5235.38288  15.3%  1675 17751s
 60380 40068 5885.98840  274 4466 6179.00000 5235.44269  15.3%  1675 17778s
 60381 40069 5283.02051  102 4218 6179.00000 5235.62065  15.3%  1675 17780s
 60386 40072 5290.44021  165 4266 6179.00000 5235.86353  15.3%  1675 17785s
 60390 40075 6028.21906  340 4296 6179.00000 5235.87204  15.3%  1674 17809s
 60391 40075 5438.02919  218 4074 6179.00000 5235.95436  15.3%  1674 17810s
 60397 40079 5981.42893  309 4206 6179.00000 5236.03816  15.3%  1674 17815s
 60401 40082 5365.68261  179 4247 6179.00000 5236.04320  15.3%  1674 17838s
 60402 40083 5363.03036  111 4088 6179.00000 5236.26872  15.3%  1674 17840s
 60407 40086 5464.16857  259 4396 6179.00000 5236.35761  15.3%  1674 17864s
 60408 40087 5243.19913   73 4300 6179.00000 5236.60567  15.3%  1674 17867s
 60411 40089 5417.32898  292 4285 6179.00000 5236.71171  15.2%  1674 17870s
 60414 40091 5408.90600  207 4292 6179.00000 5236.71651  15.2%  1674 17893s
 60415 40091 5339.66242  152 4300 6179.00000 5236.80601  15.2%  1674 17895s
 60419 40094 5518.47078  415 4448 6179.00000 5236.91744  15.2%  1674 17919s
 60420 40095 5293.53425  135 4301 6179.00000 5237.04288  15.2%  1674 17921s
 60423 40097 6064.91167  502 4556 6179.00000 5237.08501  15.2%  1674 17946s
 60428 40100 5404.16269  196 4288 6179.00000 5237.25007  15.2%  1673 17950s
 60431 40102 5493.66951  122 4411 6179.00000 5237.26609  15.2%  1673 17973s
 60432 40103 5523.18607  327 4239 6179.00000 5237.46019  15.2%  1673 17976s
 60438 40107 5389.34459  197 4388 6179.00000 5237.57178  15.2%  1673 17980s
 60439 40107 5537.97948  194 4400 6179.00000 5237.57186  15.2%  1673 18001s
 60441 40109 5823.38278  508 4353 6179.00000 5238.03848  15.2%  1673 18006s
 60445 40111 6113.54988  199 4318 6179.00000 5238.20334  15.2%  1673 18010s
 60450 40115 5564.64071  293 4282 6179.00000 5238.21186  15.2%  1673 18033s
 60451 40115 5457.14768  238 4187 6179.00000 5238.71010  15.2%  1673 18037s
 60455 40118 5402.06438  238 4334 6179.00000 5238.80814  15.2%  1673 18040s
 60458 40120 5649.70391  193 4313 6179.00000 5238.81085  15.2%  1673 18064s
 60459 40121 5507.91213  317 4378 6179.00000 5238.91866  15.2%  1673 18066s
 60463 40123 5897.81533  238 4304 6179.00000 5238.97973  15.2%  1672 18092s
 60464 40124 5336.04168  150 4065 6179.00000 5239.43473  15.2%  1672 18096s
 60466 40125 5433.85047  287 4439 6179.00000 5239.77236  15.2%  1672 18101s
 60473 40130 5332.33615  156 4486 6179.00000 5239.80245  15.2%  1672 18126s
 60476 40132 6060.89908  499 4410 6179.00000 5239.95104  15.2%  1672 18130s
 60478 40133 5503.60286  238 4427 6179.00000 5239.95618  15.2%  1672 18151s
 60479 40134 5345.06442  155 4415 6179.00000 5240.33836  15.2%  1672 18155s
 60484 40137 6028.54228  278 4528 6179.00000 5240.44160  15.2%  1672 18181s
 60486 40139 5290.44021  165 4575 6179.00000 5240.62105  15.2%  1672 18185s
 60492 40143 5731.74870  469 4571 6179.00000 5240.72752  15.2%  1672 18213s
 60493 40143 5341.42744  329 4399 6179.00000 5240.91979  15.2%  1672 18215s
 60498 40147 5665.38002  193 4478 6179.00000 5241.05373  15.2%  1671 18220s
 60500 40148 5437.15020  161 4558 6179.00000 5241.06080  15.2%  1671 18242s
 60502 40149 5363.03036  111 4394 6179.00000 5241.23108  15.2%  1671 18245s
 60508 40153 5243.19913   73 4418 6179.00000 5241.26639  15.2%  1671 18271s
 60511 40155 5417.32898  292 4311 6179.00000 5241.44644  15.2%  1671 18275s
 60515 40158 5339.66242  152 4399 6179.00000 5241.46360  15.2%  1671 18299s
 60516 40159 5511.93522  156 4393 6179.00000 5241.71935  15.2%  1671 18302s
 60518 40160 5626.78449  294 4515 6179.00000 5241.81595  15.2%  1671 18305s
 60523 40163 6064.91167  502 4576 6179.00000 5241.83498  15.2%  1671 18328s
 60526 40165 5277.67767  125 4510 6179.00000 5241.88278  15.2%  1671 18330s
 60530 40168 5808.16829  591 4525 6179.00000 5241.89143  15.2%  1671 18354s
 60531 40169 5493.66951  122 4298 6179.00000 5242.07969  15.2%  1671 18356s
 60537 40173 5804.06044  292 4316 6179.00000 5242.16497  15.2%  1670 18360s
 60539 40174 5537.97948  194 4334 6179.00000 5242.16740  15.2%  1670 18382s
 60540 40175 5501.51337  269 4306 6179.00000 5242.27080  15.2%  1670 18385s
 60544 40177 5979.16158  424 4448 6179.00000 5242.32853  15.2%  1670 18410s
 60546 40179 5996.95892  131 4467 6179.00000 5242.76302  15.2%  1670 18415s
 60552 40183 6007.05880  415 4626 6179.00000 5242.79854  15.2%  1670 18441s
 60554 40184 5360.61322  125 4594 6179.00000 5243.17349  15.1%  1670 18446s
 60559 40187 5507.91213  317 4627 6179.00000 5243.22064  15.1%  1670 18473s
 60560 40188 5834.73743  357 4634 6179.00000 5243.35773  15.1%  1670 18475s
 60566 40192 5433.85047  287 4633 6179.00000 5243.46684  15.1%  1670 18502s
 60567 40193 5821.27260  271 4521 6179.00000 5243.78031  15.1%  1670 18505s
 60574 40197 5243.92577  122 4714 6179.00000 5243.92577  15.1%  1669 18531s
 60575 40198 5390.89763  226 4667 6179.00000 5244.39101  15.1%  1669 18535s
 60579 40201 5345.06442  155 4751 6179.00000 5244.56258  15.1%  1669 18560s
 60586 40205 5290.44021  165 4649 6179.00000 5244.64267  15.1%  1669 18587s
 60588 40207 5428.19654  148 4603 6179.00000 5244.81859  15.1%  1669 18590s
 60593 40210 5341.42744  329 4546 6179.00000 5244.90202  15.1%  1669 18616s
 60599 40214 5360.70124  233 4677 6179.00000 5245.06239  15.1%  1669 18644s
 60600 40215 5437.15020  161 4435 6179.00000 5245.17443  15.1%  1669 18645s
 60605 40218 5671.15083  206 4697 6179.00000 5245.29449  15.1%  1669 18670s
 60610 40221 5397.15563  256 4686 6179.00000 5245.36293  15.1%  1668 18696s
 60613 40223 5696.17737  237 4647 6179.00000 5245.39092  15.1%  1668 18720s
 60619 40227 5518.47078  415 4686 6179.00000 5245.47833  15.1%  1668 18748s
 60620 40228 5293.53425  135 4385 6179.00000 5245.60478  15.1%  1668 18750s
 60624 40231 5897.90092  220 4598 6179.00000 5245.69800  15.1%  1668 18776s
 60627 40233 5278.01230  182 4573 6179.00000 5245.88412  15.1%  1668 18780s
 60630 40235 5808.16829  591 4665 6179.00000 5245.90149  15.1%  1668 18805s
 60635 40238 5904.26436  285 4586 6179.00000 5245.95982  15.1%  1668 18830s
 60640 40241 5501.51337  269 4699 6179.00000 5246.08217  15.1%  1668 18856s
 60643 40243 5616.25657  463 4714 6179.00000 5246.25404  15.1%  1668 18860s
 60649 40247 5556.64301   98 4768 6179.00000 5246.28359  15.1%  1667 18886s
 60652 40249 6007.05880  415 4433 6179.00000 5246.42694  15.1%  1667 18890s
 60656 40252 5682.94816  394 4402 6179.00000 5246.43921  15.1%  1667 18913s
 60657 40253 5800.01196  475 4494 6179.00000 5246.68457  15.1%  1667 18916s
 60661 40256 5604.37683  386  942 6179.00000 5246.68457  15.1%  1680 18922s
 60662 40257 5317.19721  186 1165 6179.00000 5246.68457  15.1%  1680 18925s
 60664 40258 5336.04168  150 1294 6179.00000 5246.68457  15.1%  1680 18932s
 60665 40259 5265.98668  144 1405 6179.00000 5246.68457  15.1%  1680 18939s
 60666 40260 5433.85047  287 1590 6179.00000 5246.68457  15.1%  1680 18949s
 60667 40260 5821.27260  271 1639 6179.00000 5246.68457  15.1%  1680 18960s
 60668 40261 5665.62627  502 1839 6179.00000 5246.68457  15.1%  1679 18972s
 60669 40262 5340.04210  151 2044 6179.00000 5246.68457  15.1%  1679 18987s
 60670 40262 5258.28735  170 2247 6179.00000 5246.68457  15.1%  1679 19003s
 60671 40263 5305.55850  132 2309 6179.00000 5246.68457  15.1%  1679 19018s
 60672 40264 5417.33882  292 2485 6179.00000 5246.68457  15.1%  1679 19035s
 60673 40264 5332.33615  156 2519 6179.00000 5246.68457  15.1%  1679 19050s
 60674 40265 5246.68457  122 2678 6179.00000 5246.68457  15.1%  1679 19069s
 60675 40266 5390.89763  226 3095 6179.00000 5246.68457  15.1%  1679 19089s
 60676 40266 6060.89908  499 3129 6179.00000 5246.68457  15.1%  1679 19104s
 60677 40267 5396.88575  236 3261 6179.00000 5246.68457  15.1%  1679 19119s
 60678 40268 5503.60286  238 3473 6179.00000 5246.68457  15.1%  1679 19134s
 60679 40268 5345.06442  155 3360 6179.00000 5246.68457  15.1%  1679 19148s
 60680 40269 5885.98840  274 3904 6179.00000 5246.68457  15.1%  1679 19159s
 60681 40270 5283.02051  102 3589 6179.00000 5246.68457  15.1%  1679 19167s
 60682 40270 5532.66292  165 4149 6179.00000 5246.68457  15.1%  1679 19175s
 60683 40271 5908.50973  323 4116 6179.00000 5246.68457  15.1%  1679 19181s
 60684 40272 6028.54228  278 4165 6179.00000 5246.68457  15.1%  1679 19186s
 60686 40273 5290.44021  165 4242 6179.00000 5246.68457  15.1%  1679 19190s
 60691 40276 5438.02919  218 4449 6179.00000 5246.68457  15.1%  1679 19195s
 60692 40277 5731.74870  469 4237 6179.00000 5247.39909  15.1%  1679 19200s
 60697 40280 5981.42893  309 4003 6179.00000 5247.52934  15.1%  1679 19227s
 60698 40281 5665.38002  193 3973 6179.00000 5247.92921  15.1%  1679 19231s
 60702 40284 5363.03036  111 4068 6179.00000 5248.09727  15.1%  1679 19235s
 60704 40285 5279.49428  109 4085 6179.00000 5248.09900  15.1%  1678 19259s
 60705 40286 5671.15083  206 4145 6179.00000 5248.28838  15.1%  1678 19261s
 60711 40290 5417.32898  292 4397 6179.00000 5248.43276  15.1%  1678 19265s
 60712 40290 5379.76586  210 4382 6179.00000 5248.43283  15.1%  1678 19288s
 60713 40291 5696.17737  237 4308 6179.00000 5248.66527  15.1%  1678 19291s
 60716 40293 5511.93522  156 4237 6179.00000 5248.80294  15.1%  1678 19295s
 60717 40294 5819.20565  239 4237 6179.00000 5248.80384  15.1%  1678 19318s
 60718 40294 5626.78449  294 4347 6179.00000 5248.92719  15.1%  1678 19325s
 60723 40298 6064.91167  502 4270 6179.00000 5248.96253  15.1%  1678 19351s
 60726 40300 5277.67767  125 4205 6179.00000 5249.15597  15.0%  1678 19355s
 60728 40301 5404.16269  196 4241 6179.00000 5249.16261  15.0%  1678 19380s
 60730 40302 5808.16829  591 4044 6179.00000 5249.84503  15.0%  1678 19386s
 60733 40304 5257.52211  121 4045 6179.00000 5250.01150  15.0%  1678 19390s
 60738 40308 5389.34459  197 4054 6179.00000 5250.02562  15.0%  1678 19417s
 60740 40309 5501.51337  269 4266 6179.00000 5250.21386  15.0%  1677 19420s
 60745 40312 6113.54988  199 4247 6179.00000 5250.24484  15.0%  1677 19447s
 60746 40313 5996.95892  131 4117 6179.00000 5250.85937  15.0%  1677 19452s
 60748 40314 5250.85937   94 4137 6179.00000 5250.85937  15.0%  1677 19455s
 60752 40317 6007.05880  415 4117 6179.00000 5250.86117  15.0%  1677 19481s
 60754 40318 5360.61322  125 4069 6179.00000 5251.15167  15.0%  1677 19485s
 60758 40321 5649.70391  193 4097 6179.00000 5251.18443  15.0%  1677 19512s
 60759 40322 5507.91213  317 4128 6179.00000 5251.34022  15.0%  1677 19522s
 60762 40324 5317.19721  186 4192 6179.00000 5251.40415  15.0%  1677 19525s
 60763 40324 5897.81533  238 4191 6179.00000 5251.40447  15.0%  1677 19551s
 60765 40326 5265.98668  144 4127 6179.00000 5251.88066  15.0%  1677 19556s
 60769 40328 5340.04210  151 4053 6179.00000 5251.90151  15.0%  1677 19583s
 60770 40329 5258.28735  170 3985 6179.00000 5252.19512  15.0%  1677 19587s
 60775 40332 5390.89763  226 4128 6179.00000 5252.26761  15.0%  1677 19615s
 60777 40334 5396.88575  236 3963 6179.00000 5252.65630  15.0%  1676 19620s
 60783 40338 5908.50973  323 4078 6179.00000 5252.80459  15.0%  1676 19650s
 60784 40338 6028.54228  278 3964 6179.00000 5253.43659  15.0%  1676 19655s
 60790 40342 6028.21906  340 4136 6179.00000 5253.61123  15.0%  1676 19685s
 60792 40344 5731.74870  469 4137 6179.00000 5253.95513  15.0%  1676 19690s
 60796 40346 5393.92133  171 4017 6179.00000 5253.98911  15.0%  1676 19713s
 60797 40347 5981.42893  309 3994 6179.00000 5254.11633  15.0%  1676 19724s
 60798 40348 5665.38002  193 4125 6179.00000 5254.16669  15.0%  1676 19725s
 60802 40350 5363.03036  111 4147 6179.00000 5254.18134  15.0%  1676 19749s
 60803 40351 6171.88286  371 4157 6179.00000 5254.41575  15.0%  1676 19752s
 60804 40352 5279.49428  109 4189 6179.00000 5254.57412  15.0%  1676 19755s
 60809 40355 5379.39126  223 4200 6179.00000 5254.74458  15.0%  1676 19780s
 60812 40357 5379.76586  210 4270 6179.00000 5255.05303  15.0%  1676 19785s
 60814 40358 5408.90600  207 4229 6179.00000 5255.05693  15.0%  1675 19808s
 60815 40359 5339.66242  152 4152 6179.00000 5255.26535  14.9%  1675 19811s
 60819 40362 5518.47078  415 4217 6179.00000 5255.31938  14.9%  1675 19836s
 60820 40362 5293.53425  135 4244 6179.00000 5255.75734  14.9%  1675 19840s
 60826 40366 5277.67767  125 4310 6179.00000 5255.84442  14.9%  1675 19865s
 60828 40368 5404.16269  196 4275 6179.00000 5256.20529  14.9%  1675 19870s
 60832 40370 5523.18607  327 4418 6179.00000 5256.27102  14.9%  1675 19895s
 60833 40371 5257.52211  121 4178 6179.00000 5256.51303  14.9%  1675 19914s
 60834 40372 5363.07670  164 4335 6179.00000 5256.56364  14.9%  1675 19915s
 60839 40375 5537.97948  194 4444 6179.00000 5256.62563  14.9%  1675 19940s
 60845 40379 6113.54988  199 4283 6179.00000 5256.80353  14.9%  1675 19969s
 60846 40380 5996.95892  131 4160 6179.00000 5256.91840  14.9%  1675 19971s
 60852 40384 6007.05880  415 4298 6179.00000 5256.97516  14.9%  1674 19996s
 60854 40385 5360.61322  125 4131 6179.00000 5257.29676  14.9%  1674 20000s
 60858 40388 5649.70391  193 4324 6179.00000 5257.32871  14.9%  1674 20026s
 60863 40391 5897.81533  238 4260 6179.00000 5257.52494  14.9%  1674 20052s
 60864 40392 5336.04168  150 4243 6179.00000 5257.72262  14.9%  1674 20055s
 60870 40396 5258.28735  170 4371 6179.00000 5257.87955  14.9%  1674 20081s
 60872 40397 5417.33882  292 4196 6179.00000 5258.53770  14.9%  1674 20087s
 60876 40400 6060.89908  499 4223 6179.00000 5258.63472  14.9%  1674 20090s
 60879 40402 5345.06442  155 4275 6179.00000 5258.64007  14.9%  1674 20114s
 60880 40402 5885.98840  274 4004 6179.00000 5259.62806  14.9%  1674 20120s
 60882 40404 5532.66292  165 4331 6179.00000 5259.96846  14.9%  1674 20125s
 60887 40407 5941.31650  307 4373 6179.00000 5260.24226  14.9%  1673 20130s
 60889 40408 6177.63134  329 4372 6179.00000 5260.24405  14.9%  1673 20154s
 60890 40409 6028.21906  340 4079 6179.00000 5260.49987  14.9%  1673 20157s
 60892 40410 5731.74870  469 4407 6179.00000 5260.74706  14.9%  1673 20161s
 60896 40413 5393.92133  171 4389 6179.00000 5260.76995  14.9%  1673 20185s
 60898 40414 5665.38002  193 4348 6179.00000 5261.22850  14.9%  1673 20191s
 60902 40417 5363.03036  111 4443 6179.00000 5261.29908  14.9%  1673 20216s
 60903 40418 6171.88286  371 4208 6179.00000 5261.69140  14.8%  1673 20220s
 60908 40421 5261.85672   73 4397 6179.00000 5261.85672  14.8%  1673 20248s
 60909 40422 5379.39126  223 4405 6179.00000 5262.08396  14.8%  1673 20250s
 60914 40425 5408.90600  207 4594 6179.00000 5262.16604  14.8%  1673 20276s
 60917 40427 5819.20565  239 4402 6179.00000 5262.36927  14.8%  1673 20280s
 60920 40429 5293.53425  135 4384 6179.00000 5262.38148  14.8%  1673 20304s
 60921 40430 5665.63269  456 4384 6179.00000 5262.52099  14.8%  1673 20306s
 60924 40432 5897.90092  220 4396 6179.00000 5262.77920  14.8%  1672 20310s
 60931 40436 5493.66951  122 4415 6179.00000 5262.82644  14.8%  1672 20335s
 60934 40438 5363.07670  164 4332 6179.00000 5263.03180  14.8%  1672 20340s
 60939 40442 5537.97948  194 4304 6179.00000 5263.05923  14.8%  1672 20364s
 60940 40442 5501.51337  269 4358 6179.00000 5263.14728  14.8%  1672 20366s
 60945 40446 6113.54988  199 4391 6179.00000 5263.22409  14.8%  1672 20391s
 60946 40446 5996.95892  131 4177 6179.00000 5263.76911  14.8%  1672 20407s
 60948 40448 5264.01081   94 4344 6179.00000 5264.01081  14.8%  1672 20410s
 60953 40451 5352.83657  206 4377 6179.00000 5264.06114  14.8%  1672 20436s
 60954 40452 5360.61322  125 4349 6179.00000 5264.43116  14.8%  1672 20440s
 60959 40455 5507.91213  317 4435 6179.00000 5264.56873  14.8%  1671 20465s
 60961 40456 5604.37683  386 4296 6179.00000 5264.90664  14.8%  1671 20470s
 60970 40462 5264.96730  170 4427 6179.00000 5264.96730  14.8%  1671 20497s
 60971 40463 5305.55850  132 4447 6179.00000 5265.38203  14.8%  1671 20501s
 60974 40465 5265.60253  122 4362 6179.00000 5265.60253  14.8%  1671 20505s
 60978 40468 5503.60286  238 4432 6179.00000 5265.62121  14.8%  1671 20530s
 60981 40470 5283.02051  102 4452 6179.00000 5265.93965  14.8%  1671 20535s
 60983 40471 5908.50973  323 4515 6179.00000 5265.94346  14.8%  1671 20560s
 60985 40472 5367.40176  190 4322 6179.00000 5266.70219  14.8%  1671 20566s
 60991 40476 5438.02919  218 4474 6179.00000 5266.77752  14.8%  1671 20592s
 60992 40477 5731.74870  469 4351 6179.00000 5267.54839  14.8%  1671 20597s
 60993 40478 5341.42744  329 4450 6179.00000 5267.77544  14.7%  1671 20600s
 60998 40481 5665.38002  193 4466 6179.00000 5267.86601  14.7%  1670 20629s
 60999 40482 5360.70124  233 4397 6179.00000 5267.99400  14.7%  1670 20631s
 61003 40484 6171.88286  371 4455 6179.00000 5268.07871  14.7%  1670 20657s
 61004 40485 5279.49428  109 4604 6179.00000 5268.23574  14.7%  1670 20660s
 61009 40488 5379.39126  223 4654 6179.00000 5268.39138  14.7%  1670 20686s
 61011 40490 5417.32898  292 4571 6179.00000 5268.58344  14.7%  1670 20690s
 61017 40494 5819.20565  239 4533 6179.00000 5268.62068  14.7%  1670 20716s
 61018 40494 5626.78449  294 4439 6179.00000 5268.74057  14.7%  1670 20720s
 61024 40498 5897.90092  220 4363 6179.00000 5268.90150  14.7%  1670 20748s
 61025 40499 5684.27098  126 4280 6179.00000 5269.01061  14.7%  1670 20750s
 61029 40502 5762.49864  304 4287 6179.00000 5269.09748  14.7%  1670 20777s
 61030 40502 5808.16829  591 4306 6179.00000 5269.18888  14.7%  1670 20784s
 61031 40503 5493.66951  122 4358 6179.00000 5269.20656  14.7%  1670 20785s
 61034 40505 5363.07670  164 4345 6179.00000 5269.21100  14.7%  1669 20809s
 61035 40506 5904.26436  285 4191 6179.00000 5269.27447  14.7%  1669 20810s
 61040 40509 5501.51337  269 4281 6179.00000 5269.34812  14.7%  1669 20836s
 61042 40510 5586.66074  249 4204 6179.00000 5269.61374  14.7%  1669 20840s
 61049 40515 5556.64301   98 4277 6179.00000 5269.68374  14.7%  1669 20866s
 61051 40516 5457.14768  238 4453 6179.00000 5269.88303  14.7%  1669 20870s
 61055 40519 5402.06438  238 4393 6179.00000 5269.91006  14.7%  1669 20895s
 61058 40521 5649.70391  193 4391 6179.00000 5270.15095  14.7%  1669 20900s
 61062 40524 5317.19721  186 4322 6179.00000 5270.16808  14.7%  1669 20925s
 61066 40526 5433.85047  287 4622 6179.00000 5270.33905  14.7%  1669 20930s
 61067 40527 5821.27260  271 4580 6179.00000 5270.33974  14.7%  1669 20952s
 61068 40528 5665.62627  502 4507 6179.00000 5270.44955  14.7%  1668 20967s
 61073 40531 5332.33615  156 4547 6179.00000 5270.50816  14.7%  1668 20992s
 61075 40532 5390.89763  226 4625 6179.00000 5270.73124  14.7%  1668 20996s
 61081 40536 5283.02051  102 4635 6179.00000 5270.76242  14.7%  1668 21021s
 61083 40538 5908.50973  323 4631 6179.00000 5270.93716  14.7%  1668 21025s
 61087 40540 5941.31650  307 4767 6179.00000 5270.96181  14.7%  1668 21051s
 61091 40543 5438.02919  218 4660 6179.00000 5271.02045  14.7%  1668 21077s
 61093 40544 5341.42744  329 4558 6179.00000 5271.18545  14.7%  1668 21080s
 61096 40546 5393.92133  171 4777 6179.00000 5271.20093  14.7%  1668 21105s
 61099 40548 5360.70124  233 4772 6179.00000 5271.43931  14.7%  1668 21110s
 61103 40551 6171.88286  371 4812 6179.00000 5271.46786  14.7%  1668 21134s
 61104 40552 5279.49428  109 4657 6179.00000 5271.63645  14.7%  1668 21136s
 61106 40553 6072.64702  268 4624 6179.00000 5271.75891  14.7%  1667 21140s
 61110 40556 5397.15563  256 4753 6179.00000 5271.76905  14.7%  1667 21165s
 61113 40558 5696.17737  237 4634 6179.00000 5272.03375  14.7%  1667 21170s
 61117 40560 5819.20565  239 4597 6179.00000 5272.04247  14.7%  1667 21194s
 61118 40561 5626.78449  294 4635 6179.00000 5272.26217  14.7%  1667 21197s
 61123 40564 6064.91167  502 4660 6179.00000 5272.33668  14.7%  1667 21200s
 61125 40566 5684.27098  126 4700 6179.00000 5272.33846  14.7%  1667 21224s
 61126 40566 5277.67767  125 4492 6179.00000 5272.70678  14.7%  1667 21229s
 61127 40567 5278.01230  182 4431 6179.00000 5272.80057  14.7%  1667 21231s
 61132 40570 5523.18607  327 4627 6179.00000 5272.88181  14.7%  1667 21258s
 61133 40571 5272.98645  121 4687 6179.00000 5272.98645  14.7%  1667 21260s
 61136 40573 5531.73374  288 4758 6179.00000 5273.18412  14.7%  1667 21265s
 61143 40578 5616.25657  463 4798 6179.00000 5273.21816  14.7%  1666 21294s
 61144 40578 5979.16158  424 4617 6179.00000 5273.28847  14.7%  1666 21296s
 61149 40582 5556.64301   98 4712 6179.00000 5273.36053  14.7%  1666 21300s
 61152 40584 6007.05880  415 4765 6179.00000 5273.36661  14.7%  1666 21325s
 61155 40586 5402.06438  238 4832 6179.00000 5273.50328  14.7%  1666 21330s
 61158 40588 5649.70391  193 4853 6179.00000 5273.51697  14.7%  1666 21355s
 61164 40592 5336.04168  150 4872 6179.00000 5273.60974  14.7%  1666 21382s
 61165 40592 5273.66332  144 4792 6179.00000 5273.66332  14.7%  1666 21387s
 61167 40594 5821.27260  271 4771 6179.00000 5273.72746  14.7%  1666 21390s
 61170 40596 5273.74332  170 4860 6179.00000 5273.74332  14.7%  1666 21415s
 61175 40599 5390.89763  226 4759 6179.00000 5273.84086  14.6%  1666 21443s
 61177 40600 5396.88575  236 4696 6179.00000 5273.96867  14.6%  1666 21446s
 61181 40603 5283.02051  102 4786 6179.00000 5274.04939  14.6%  1665 21472s
 61183 40604 5908.50973  323 4772 6179.00000 5274.18373  14.6%  1665 21475s
 61187 40607 5941.31650  307 4802 6179.00000 5274.21999  14.6%  1665 21502s
 61188 40608 5428.19654  148 4811 6179.00000 5274.29929  14.6%  1665 21510s
 61193 40611 5341.42744  329 4785 6179.00000 5274.33797  14.6%  1665 21538s
 61197 40614 5981.42893  309 4789 6179.00000 5274.36487  14.6%  1665 21563s
 61198 40614 5665.38002  193 4696 6179.00000 5274.39880  14.6%  1665 21565s
 61204 40618 5279.49428  109 4818 6179.00000 5274.45020  14.6%  1665 21592s
 61206 40620 6072.64702  268 4717 6179.00000 5274.62336  14.6%  1665 21596s
 61211 40623 5417.32898  292 4716 6179.00000 5274.65845  14.6%  1665 21623s
 61213 40624 5696.17737  237 4776 6179.00000 5274.76294  14.6%  1665 21626s
 61219 40628 5518.47078  415 4932 6179.00000 5274.78094  14.6%  1664 21651s
 61221 40630 5665.63269  456 4842 6179.00000 5275.10104  14.6%  1664 21657s
 61226 40633 5277.67767  125 4837 6179.00000 5275.17087  14.6%  1664 21660s
 61229 40635 5762.49864  304 5025 6179.00000 5275.17363  14.6%  1664 21685s
 61234 40638 5363.07670  164 4900 6179.00000 5275.34293  14.6%  1664 21690s
 61235 40639 5904.26436  285 4996 6179.00000 5275.34307  14.6%  1664 21712s
 61240 40642 5501.51337  269 4865 6179.00000 5275.37754  14.6%  1664 21740s
 61241 40643 5823.38278  508 4810 6179.00000 5275.42606  14.6%  1664 22019s
 61242 40644 5586.66074  249 4983 6179.00000 5275.45936  14.6%  1664 22044s
 61243 40644 5616.25657  463 4960 6179.00000 5275.46494  14.6%  1664 22045s
 61246 40646 5996.95892  131 4980 6179.00000 5275.46916  14.6%  1664 22070s
 61251 40650 5457.14768  238 4878 6179.00000 5275.57860  14.6%  1664 22075s
 61252 40650 6007.05880  415 4858 6179.00000 5275.57884  14.6%  1663 22100s
 61258 40654 5649.70391  193 4765 6179.00000 5275.64478  14.6%  1663 22105s
 61260 40656 5834.73743  357 4795 6179.00000 5275.64896  14.6%  1663 22129s
 61261 40656 5604.37683  386 4713 6179.00000 5275.67097  14.6%  1663 22130s
 61264 40658 5336.04168  150 4942 6179.00000 5275.69235  14.6%  1663 22157s
 61265 40659 5275.80250  144 4801 6179.00000 5275.80250  14.6%  1663 22160s
 61268 40661 5665.62627  502 4821 6179.00000 5275.89725  14.6%  1663 22165s
 61272 40664 5417.33882  292 4839 6179.00000 5275.90379  14.6%  1663 22194s
 61273 40664 5332.33615  156 4748 6179.00000 5276.01138  14.6%  1663 22197s
 61274 40665 5276.08343  122 4767 6179.00000 5276.08343  14.6%  1663 22200s
 61280 40669 5885.98840  274 4908 6179.00000 5276.15196  14.6%  1663 22232s
 61281 40670 5283.02051  102 4508 6179.00000 5276.37574  14.6%  1663 22236s
 61283 40671 5908.50973  323 4437 6179.00000 5276.49306  14.6%  1663 22240s
 61288 40674 5428.19654  148 4828 6179.00000 5276.52143  14.6%  1663 22270s
 61290 40676 6028.21906  340 4785 6179.00000 5276.82732  14.6%  1662 22275s
 61294 40678 5570.97781  403 4992 6179.00000 5276.90023  14.6%  1662 22304s
 61295 40679 5589.53594  339 4968 6179.00000 5277.13475  14.6%  1662 22306s
 61298 40681 5665.38002  193 5182 6179.00000 5277.28608  14.6%  1662 22310s
 61300 40682 5437.15020  161 5202 6179.00000 5277.28686  14.6%  1662 22335s
 61303 40684 6171.88286  371 5072 6179.00000 5277.39555  14.6%  1662 22340s
 61305 40686 5671.15083  206 5123 6179.00000 5277.40083  14.6%  1662 22365s
 61311 40690 5417.32898  292 5107 6179.00000 5277.50210  14.6%  1662 22370s
 61312 40690 5379.76586  210 5115 6179.00000 5277.50210  14.6%  1662 22395s
 61314 40692 5408.90600  207 4986 6179.00000 5277.72179  14.6%  1662 22400s
 61319 40695 5518.47078  415 5061 6179.00000 5277.80874  14.6%  1662 22428s
 61320 40696 5293.53425  135 4977 6179.00000 5277.87432  14.6%  1662 22430s
 61324 40698 5897.90092  220 4857 6179.00000 5277.89548  14.6%  1662 22457s
 61326 40700 5278.01291  125 4952 6179.00000 5278.01291  14.6%  1661 22460s
 61331 40703 5493.66951  122 5163 6179.00000 5278.03149  14.6%  1661 22485s
 61336 40706 5531.73374  288 5064 6179.00000 5278.11967  14.6%  1661 22514s
 61337 40707 5804.06044  292 4823 6179.00000 5278.17643  14.6%  1661 22516s
 61341 40710 5823.38278  508 5130 6179.00000 5278.27369  14.6%  1661 22520s
 61342 40710 5586.66074  249 5101 6179.00000 5278.27413  14.6%  1661 22546s
 61347 40715 5390.91582  266  942 6179.00000 5278.39254  14.6%  1671 22555s
 61349 40717 5556.64301   98 1151 6179.00000 5278.39254  14.6%  1671 22560s
 61350 40717 5564.64071  293 1244 6179.00000 5278.39254  14.6%  1671 22565s
 61351 40718 5457.14768  238 1498 6179.00000 5278.39254  14.6%  1671 22573s
 61352 40719 6007.05880  415 1599 6179.00000 5278.39254  14.6%  1671 22584s
 61353 40719 5352.83657  206 1738 6179.00000 5278.39254  14.6%  1671 22596s
 61354 40720 5360.61322  125 1763 6179.00000 5278.39254  14.6%  1671 22611s
 61355 40721 5402.06438  238 1932 6179.00000 5278.39254  14.6%  1671 22626s
 61356 40721 5682.94816  394 2234 6179.00000 5278.39254  14.6%  1671 22643s
 61357 40722 5800.01196  475 2403 6179.00000 5278.39254  14.6%  1671 22659s
 61358 40723 5649.70391  193 2765 6179.00000 5278.39254  14.6%  1671 22676s
 61359 40723 5507.91213  317 2821 6179.00000 5278.39254  14.6%  1671 22695s
 61360 40724 5834.73743  357 2779 6179.00000 5278.39254  14.6%  1671 22714s
 61361 40725 5604.37683  386 3099 6179.00000 5278.39254  14.6%  1671 22734s
 61362 40725 5317.19721  186 3292 6179.00000 5278.39254  14.6%  1671 22757s
 61363 40726 5897.81533  238 3338 6179.00000 5278.39254  14.6%  1671 22775s
 61364 40727 5336.04168  150 3506 6179.00000 5278.39254  14.6%  1671 22791s
 61365 40727 5278.39254  144 3651 6179.00000 5278.39254  14.6%  1671 22806s
 61366 40728 5433.85047  287 4325 6179.00000 5278.39254  14.6%  1671 22817s
 61367 40729 5821.27260  271 4486 6179.00000 5278.39254  14.6%  1671 22826s
 61368 40729 5665.62627  502 4272 6179.00000 5278.39254  14.6%  1671 22830s
 61370 40731 5278.39254  170 4631 6179.00000 5278.39254  14.6%  1671 22837s
 61371 40731 5305.55850  132 4604 6179.00000 5278.39254  14.6%  1671 22840s
 61377 40735 5396.88575  236 4862 6179.00000 5278.39254  14.6%  1670 22846s
 61379 40737 5345.06442  155 4747 6179.00000 5278.63352  14.6%  1670 22850s
 61383 40739 5908.50973  323 4816 6179.00000 5278.65425  14.6%  1670 22879s
 61384 40740 6028.54228  278 4793 6179.00000 5278.77759  14.6%  1670 22882s
 61388 40743 5428.19654  148 4885 6179.00000 5278.80889  14.6%  1670 22909s
 61389 40743 6177.63134  329 4613 6179.00000 5279.11641  14.6%  1670 22912s
 61391 40745 5438.02919  218 4655 6179.00000 5279.29326  14.6%  1670 22915s
 61393 40746 5341.42744  329 4877 6179.00000 5279.30723  14.6%  1670 22942s
 61397 40749 5981.42893  309 4726 6179.00000 5279.35879  14.6%  1670 22969s
 61398 40749 5665.38002  193 4669 6179.00000 5279.39205  14.6%  1670 22975s
 61403 40753 6171.88286  371 4733 6179.00000 5279.43561  14.6%  1670 23001s
 61407 40755 5464.16857  259 4693 6179.00000 5279.48988  14.6%  1670 23027s
 61410 40757 5397.15563  256 4680 6179.00000 5279.52402  14.6%  1669 23030s
 61412 40759 5379.76586  210 4669 6179.00000 5279.52574  14.6%  1669 23054s
 61413 40759 5696.17737  237 4654 6179.00000 5279.64223  14.6%  1669 23056s
 61418 40763 5626.78449  294 4672 6179.00000 5279.73352  14.6%  1669 23084s
 61419 40763 5518.47078  415 4705 6179.00000 5279.78137  14.6%  1669 23086s
 61423 40766 6064.91167  502 4894 6179.00000 5279.85960  14.6%  1669 23112s
 61424 40767 5897.90092  220 4607 6179.00000 5280.00728  14.5%  1669 23115s
 61429 40770 5762.49864  304 4640 6179.00000 5280.05052  14.5%  1669 23142s
 61430 40771 5808.16829  591 4545 6179.00000 5280.38696  14.5%  1669 23156s
 61436 40775 5531.73374  288 4459 6179.00000 5280.51767  14.5%  1669 23185s
 61438 40776 5389.34459  197 4442 6179.00000 5280.78850  14.5%  1669 23190s
 61444 40780 5979.16158  424 4401 6179.00000 5280.81729  14.5%  1669 23217s
 61445 40781 6113.54988  199 4581 6179.00000 5281.53718  14.5%  1669 23224s
 61446 40781 5996.95892  131 4637 6179.00000 5281.81837  14.5%  1668 23227s
 61448 40783 5281.91184   94 4588 6179.00000 5281.91184  14.5%  1668 23230s
 61451 40785 5457.14768  238 4745 6179.00000 5281.92477  14.5%  1668 23259s
 61452 40785 6007.05880  415 4556 6179.00000 5282.18116  14.5%  1668 23262s
 61455 40787 5402.06438  238 4616 6179.00000 5282.23980  14.5%  1668 23265s
 61457 40789 5800.01196  475 4643 6179.00000 5282.24068  14.5%  1668 23290s
 61458 40789 5649.70391  193 4639 6179.00000 5282.69358  14.5%  1668 23296s
 61463 40793 5897.81533  238 4752 6179.00000 5282.82916  14.5%  1668 23326s
 61466 40795 5433.85047  287 4826 6179.00000 5282.97039  14.5%  1668 23330s
 61470 40797 5282.99644  170 4824 6179.00000 5282.99644  14.5%  1668 23356s
 61471 40798 5305.55850  132 4658 6179.00000 5283.06112  14.5%  1668 23367s
 61474 40800 5283.14838  122 4778 6179.00000 5283.14838  14.5%  1668 23370s
 61476 40801 6060.89908  499 4734 6179.00000 5283.14957  14.5%  1668 23394s
 61477 40802 5396.88575  236 4498 6179.00000 5283.34117  14.5%  1668 23397s
 61480 40804 5885.98840  274 4624 6179.00000 5283.42151  14.5%  1668 23400s
 61482 40805 5532.66292  165 4616 6179.00000 5283.42441  14.5%  1668 23425s
 61486 40808 5290.44021  165 4667 6179.00000 5283.55124  14.5%  1667 23430s
 61487 40809 5941.31650  307 4679 6179.00000 5283.55159  14.5%  1667 23454s
 61488 40809 5428.19654  148 4685 6179.00000 5283.89113  14.5%  1667 23457s
 61491 40811 5438.02919  218 4828 6179.00000 5283.97483  14.5%  1667 23460s
 61494 40813 5570.97781  403 4691 6179.00000 5283.98126  14.5%  1667 23486s
 61496 40815 5393.92133  171 4709 6179.00000 5284.23144  14.5%  1667 23490s
 61501 40818 5365.68261  179 4590 6179.00000 5284.25475  14.5%  1667 23517s
 61502 40819 5363.03036  111 4533 6179.00000 5284.51717  14.5%  1667 23520s
 61507 40822 5464.16857  259 4452 6179.00000 5284.72663  14.5%  1667 23525s
 61508 40823 5284.72681   73 4424 6179.00000 5284.72681  14.5%  1667 23550s
 61509 40823 5379.39126  223 4522 6179.00000 5284.86355  14.5%  1667 23740s
 61510 40824 5397.15563  256 4533 6179.00000 5284.90261  14.5%  1667 23777s
 61514 40827 5408.90600  207 4695 6179.00000 5284.91676  14.5%  1667 23804s
 61515 40827 5339.66242  152 4528 6179.00000 5285.21229  14.5%  1667 23808s
 61517 40829 5819.20565  239 4692 6179.00000 5285.30811  14.5%  1667 23810s
 61522 40832 5345.64271  107 4583 6179.00000 5285.32692  14.5%  1666 23837s
 61524 40833 5897.90092  220 4481 6179.00000 5285.56413  14.5%  1666 23842s
 61528 40836 5404.16269  196 4497 6179.00000 5285.62123  14.5%  1666 23845s
 61530 40837 5808.16829  591 4587 6179.00000 5285.62802  14.5%  1666 23872s
 61532 40839 5523.18607  327 4484 6179.00000 5285.81640  14.5%  1666 23876s
 61535 40841 5904.26436  285 4384 6179.00000 5285.83657  14.5%  1666 23901s
 61536 40841 5531.73374  288 4464 6179.00000 5286.11900  14.5%  1666 23905s
 61541 40845 5823.38278  508 4802 6179.00000 5286.26323  14.4%  1666 23933s
 61542 40845 5586.66074  249 4423 6179.00000 5286.56549  14.4%  1666 23937s
 61544 40847 5979.16158  424 4590 6179.00000 5286.68308  14.4%  1666 23940s
 61547 40849 5390.91582  266 4623 6179.00000 5286.68885  14.4%  1666 23967s
 61550 40851 5564.64071  293 4462 6179.00000 5286.81730  14.4%  1666 23971s
 61555 40854 5402.06438  238 4682 6179.00000 5286.83191  14.4%  1666 23999s
 61556 40855 5682.94816  394 4620 6179.00000 5286.94681  14.4%  1666 24001s
 61560 40857 5834.73743  357 4695 6179.00000 5286.98532  14.4%  1665 24029s
 61561 40858 5604.37683  386 4495 6179.00000 5287.05828  14.4%  1665 24031s
 61566 40861 5433.85047  287 4446 6179.00000 5287.11686  14.4%  1665 24035s
 61567 40862 5821.27260  271 4470 6179.00000 5287.11691  14.4%  1665 24060s
 61569 40863 5340.04210  151 4576 6179.00000 5287.53271  14.4%  1665 24066s
 61573 40866 5332.33615  156 4540 6179.00000 5287.60701  14.4%  1665 24095s
 61578 40869 5503.60286  238 4440 6179.00000 5287.84121  14.4%  1665 24100s
 61579 40870 5345.06442  155 4428 6179.00000 5287.84146  14.4%  1665 24127s
 61581 40871 5287.91287  102 4488 6179.00000 5287.91287  14.4%  1665 24130s
 61588 40876 5428.19654  148 4405 6179.00000 5287.93888  14.4%  1665 24158s
 61589 40877 6177.63134  329 4436 6179.00000 5288.07373  14.4%  1665 24160s
 61595 40881 5589.53594  339 4434 6179.00000 5288.19798  14.4%  1664 24189s
 61596 40881 5393.92133  171 4287 6179.00000 5288.20527  14.4%  1664 24190s
 61598 40883 5665.38002  193 4392 6179.00000 5288.20599  14.4%  1664 24216s
 61603 40886 6171.88286  371 4415 6179.00000 5288.26173  14.4%  1664 24245s
 61609 40890 5379.39126  223 4523 6179.00000 5288.37796  14.4%  1664 24275s
 61614 40893 5408.90600  207 4347 6179.00000 5288.46341  14.4%  1664 24306s
 61618 40896 5626.78449  294 4415 6179.00000 5288.57922  14.4%  1664 24310s
 61621 40898 5665.63269  456 4394 6179.00000 5288.58301  14.4%  1664 24334s
 61622 40899 5345.64271  107 4355 6179.00000 5288.69810  14.4%  1664 24336s
 61626 40901 5288.76126  125 4572 6179.00000 5288.76126  14.4%  1664 24363s
 61627 40902 5288.87828  182 4548 6179.00000 5288.87828  14.4%  1664 24366s
 61633 40906 5288.94259  121 4543 6179.00000 5288.94259  14.4%  1663 24392s
 61634 40907 5363.07670  164 4330 6179.00000 5289.16184  14.4%  1663 24395s
 61642 40912 5586.66074  249 4443 6179.00000 5289.25231  14.4%  1663 24422s
 61645 40914 6113.54988  199 4569 6179.00000 5289.34928  14.4%  1663 24425s
 61648 40916 5289.35259   94 4598 6179.00000 5289.35259  14.4%  1663 24449s
 61649 40917 5556.64301   98 4577 6179.00000 5289.49283  14.4%  1663 24451s
 61655 40921 5402.06438  238 4503 6179.00000 5289.58021  14.4%  1663 24480s
 61659 40923 5507.91213  317 4598 6179.00000 5289.73538  14.4%  1663 24485s
 61661 40925 5604.37683  386 4588 6179.00000 5289.73929  14.4%  1663 24509s
 61662 40925 5317.19721  186 4596 6179.00000 5289.82839  14.4%  1663 24511s
 61669 40930 5340.04210  151 4821 6179.00000 5289.87179  14.4%  1662 24540s
 61673 40933 5332.33615  156 4602 6179.00000 5289.96293  14.4%  1662 24569s
 61674 40933 5290.04855  122 4593 6179.00000 5290.04855  14.4%  1662 24571s
 61678 40936 5503.60286  238 4565 6179.00000 5290.07107  14.4%  1662 24597s
 61680 40937 5885.98840  274 4430 6179.00000 5290.16789  14.4%  1662 24600s
 61684 40940 6028.54228  278 4574 6179.00000 5290.18462  14.4%  1662 24628s
 61685 40941 5367.40176  190 4631 6179.00000 5290.35516  14.4%  1662 24630s
 61689 40943 6177.63134  329 4734 6179.00000 5290.48599  14.4%  1662 24635s
 61692 40945 5731.74870  469 4664 6179.00000 5290.49417  14.4%  1662 24660s
 61695 40947 5589.53594  339 4894 6179.00000 5290.66907  14.4%  1662 24665s
 61698 40949 5665.38002  193 4845 6179.00000 5290.67450  14.4%  1662 24691s
 61703 40953 6171.88286  371 4734 6179.00000 5290.75610  14.4%  1662 24718s
 61704 40953 5290.81703  109 4734 6179.00000 5290.81703  14.4%  1662 24720s
 61711 40958 5417.32898  292 4702 6179.00000 5290.85346  14.4%  1661 24747s
 61713 40959 5696.17737  237 4730 6179.00000 5291.03547  14.4%  1661 24751s
 61718 40963 5626.78449  294 4615 6179.00000 5291.05053  14.4%  1661 24777s
 61719 40963 5518.47078  415 4633 6179.00000 5291.23705  14.4%  1661 24780s
 61727 40969 5291.33456  182 4697 6179.00000 5291.33456  14.4%  1661 24785s
 61728 40969 5404.16269  196 4684 6179.00000 5291.33498  14.4%  1661 24810s
 61730 40971 5808.16829  591 4761 6179.00000 5291.62044  14.4%  1661 24815s
 61735 40974 5904.26436  285 4816 6179.00000 5291.66088  14.4%  1661 24841s
 61737 40975 5804.06044  292 4922 6179.00000 5291.78900  14.4%  1661 24845s
 61740 40977 5501.51337  269 4944 6179.00000 5291.79762  14.4%  1661 24871s
 61745 40981 6113.54988  199 4894 6179.00000 5291.89521  14.4%  1660 24875s
 61747 40982 5390.91582  266 4875 6179.00000 5291.89632  14.4%  1660 24899s
 61748 40983 5292.00677   94 4896 6179.00000 5292.00677  14.4%  1660 24901s
 61751 40985 5457.14768  238 4928 6179.00000 5292.07572  14.4%  1660 24905s
 61755 40987 5402.06438  238 5026 6179.00000 5292.08546  14.4%  1660 24931s
 61757 40989 5800.01196  475 4767 6179.00000 5292.17449  14.4%  1660 24935s
 61764 40993 5336.04168  150 4933 6179.00000 5292.21132  14.4%  1660 24962s
 61767 40995 5821.27260  271 5031 6179.00000 5292.23922  14.4%  1660 24987s
 61770 40997 5292.40168  170 5164 6179.00000 5292.40168  14.3%  1660 24990s
 61772 40999 5417.33882  292 5089 6179.00000 5292.40464  14.3%  1660 25015s
 61777 41002 5396.88575  236 4938 6179.00000 5292.52944  14.3%  1660 25043s
 61781 41005 5292.54423  102 4768 6179.00000 5292.54423  14.3%  1659 25068s
 61782 41005 5532.66292  165 4753 6179.00000 5292.62609  14.3%  1659 25070s
 61788 41009 5428.19654  148 4887 6179.00000 5292.70260  14.3%  1659 25098s
 61789 41010 6177.63134  329 4659 6179.00000 5292.78207  14.3%  1659 25100s
 61793 41013 5341.42744  329 4920 6179.00000 5292.84130  14.3%  1659 25126s
 61794 41013 5570.97781  403 4733 6179.00000 5293.07101  14.3%  1659 25130s
 61798 41016 5665.38002  193 4664 6179.00000 5293.18319  14.3%  1659 25158s
 61799 41017 5360.70124  233 4588 6179.00000 5293.23394  14.3%  1659 25160s
 61805 41021 5671.15083  206 4707 6179.00000 5293.27752  14.3%  1659 25189s
 61806 41021 6072.64702  268 4718 6179.00000 5293.42671  14.3%  1659 25192s
 61808 41023 5293.53569   73 4722 6179.00000 5293.53569  14.3%  1659 25195s
 61812 41025 5379.76586  210 4735 6179.00000 5293.55139  14.3%  1659 25222s
 61813 41026 5696.17737  237 4807 6179.00000 5293.86207  14.3%  1659 25225s
 61818 41029 5626.78449  294 5012 6179.00000 5293.96274  14.3%  1658 25252s
 61819 41030 5518.47078  415 5013 6179.00000 5294.32757  14.3%  1658 25256s
 61822 41032 5345.64271  107 4962 6179.00000 5294.47547  14.3%  1658 25260s
 61827 41035 5294.50737  182 4982 6179.00000 5294.50737  14.3%  1658 25286s
 61830 41037 5808.16829  591 4831 6179.00000 5294.67081  14.3%  1658 25290s
 61833 41039 5294.67935  121 4748 6179.00000 5294.67935  14.3%  1658 25315s
 61838 41043 5389.34459  197 4979 6179.00000 5294.92722  14.3%  1658 25344s
 61839 41043 5537.97948  194 4835 6179.00000 5294.99843  14.3%  1658 25346s
 61843 41046 5616.25657  463 4761 6179.00000 5295.03331  14.3%  1658 25373s
 61844 41047 5979.16158  424 4746 6179.00000 5295.07696  14.3%  1658 25375s
 61848 41049 5295.09730   94 4755 6179.00000 5295.09730  14.3%  1658 25400s
 61852 41052 6007.05880  415 4624 6179.00000 5295.27984  14.3%  1658 25405s
 61855 41054 5402.06438  238 4761 6179.00000 5295.29519  14.3%  1657 25431s
 61859 41057 5507.91213  317 4824 6179.00000 5295.41470  14.3%  1657 25435s
 61861 41058 5604.37683  386 4815 6179.00000 5295.41608  14.3%  1657 25460s
 61863 41059 5897.81533  238 4793 6179.00000 5295.69127  14.3%  1657 25465s
 61867 41062 5821.27260  271 4595 6179.00000 5295.72886  14.3%  1657 25491s
 61869 41063 5340.04210  151 4882 6179.00000 5296.02355  14.3%  1657 25496s
 61872 41065 5417.33882  292 4741 6179.00000 5296.07187  14.3%  1657 25523s
 61874 41067 5296.16188  122 4934 6179.00000 5296.16188  14.3%  1657 25525s
 61880 41071 5885.98840  274 4938 6179.00000 5296.17831  14.3%  1657 25553s
 61882 41072 5532.66292  165 4848 6179.00000 5296.27660  14.3%  1657 25555s
 61885 41074 5367.40176  190 4950 6179.00000 5296.29680  14.3%  1657 25581s
 61889 41077 6177.63134  329 4804 6179.00000 5296.32501  14.3%  1657 25609s
 61890 41077 6028.21906  340 4871 6179.00000 5296.35842  14.3%  1657 25610s
 61893 41079 5341.42744  329 4804 6179.00000 5296.36369  14.3%  1656 25636s
 61895 41081 5589.53594  339 4818 6179.00000 5296.71430  14.3%  1656 25640s
 61900 41084 5437.15020  161 4924 6179.00000 5296.77157  14.3%  1656 25671s
 61902 41085 5363.03036  111 4599 6179.00000 5297.03384  14.3%  1656 25675s
 61905 41087 5671.15083  206 4801 6179.00000 5297.06810  14.3%  1656 25704s
 61906 41088 6072.64702  268 4787 6179.00000 5297.10261  14.3%  1656 25705s
 61912 41092 5379.76586  210 4831 6179.00000 5297.12527  14.3%  1656 25731s
 61915 41094 5339.66242  152 4685 6179.00000 5297.23780  14.3%  1656 25735s
 61920 41097 5297.24873  135 4809 6179.00000 5297.24873  14.3%  1656 25761s
 61925 41101 5684.27098  126 4705 6179.00000 5297.29629  14.3%  1656 25787s
 61926 41101 5297.42797  125 4668 6179.00000 5297.42797  14.3%  1656 25790s
 61930 41104 5808.16829  591 5019 6179.00000 5297.48977  14.3%  1655 25816s
 61933 41106 5297.70461  121 4994 6179.00000 5297.70461  14.3%  1655 25820s
 61937 41109 5804.06044  292 5100 6179.00000 5297.71176  14.3%  1655 25846s
 61941 41111 5823.38278  508 5117 6179.00000 5297.83271  14.3%  1655 25850s
 61944 41113 5979.16158  424 5053 6179.00000 5297.83981  14.3%  1655 25876s
 61949 41117 5556.64301   98 5001 6179.00000 5297.93904  14.3%  1655 25880s
 61951 41118 5457.14768  238 5036 6179.00000 5297.94088  14.3%  1655 25903s
 61953 41119 5352.83657  206 5062 6179.00000 5297.95617  14.3%  1655 25929s
 61954 41120 5360.61322  125 4977 6179.00000 5297.96644  14.3%  1655 25930s
 61956 41121 5682.94816  394 5057 6179.00000 5297.97098  14.3%  1655 25956s
 61959 41123 5507.91213  317 4964 6179.00000 5297.98760  14.3%  1655 25982s
 61962 41125 5317.19721  186 5021 6179.00000 5298.00375  14.3%  1655 26006s
 61967 41129 5821.27260  271 5002 6179.00000 5298.11857  14.3%  1654 26032s
 61969 41130 5340.04210  151 4936 6179.00000 5298.17335  14.3%  1654 26182s
 61970 41134 5298.26107   93 4903 6179.00000 5298.17642  14.3%  1663 26204s
 61972 41137 5298.59464   94 4716 6179.00000 5298.26132  14.3%  1663 26236s
 61976 41141 5298.88321   95 4702 6179.00000 5298.59475  14.2%  1663 26257s
 61983 41150 5299.04440   96 4538 6179.00000 5298.88321  14.2%  1664 26319s
 61995 41157 5306.71825   97 4539 6179.00000 5299.04440  14.2%  1666 26394s
 61997 41157 5343.58038   97 3848 6179.00000 5299.04440  14.2%  1666 26395s
 62006 41171 5316.99293   97 3801 6179.00000 5299.04440  14.2%  1669 26561s
 62033 41194 5314.28888   98 4526 6179.00000 5299.04440  14.2%  1679 26612s
 62065 41244 5314.80059   99 4195 6179.00000 5299.04440  14.2%  1683 26661s
 62126 41349 5316.91284  101 4075 6179.00000 5299.04440  14.2%  1685 26710s
 62251 41339 5319.32766  106 3982 6179.00000 5299.04440  14.2%  1688 26735s
 62283 41360 5319.99952  107 3893 6179.00000 5299.04440  14.2%  1688 26755s
 62315 41382 5321.29854  108 3979 6179.00000 5299.04440  14.2%  1689 26775s
 62347 41415 5321.77811  109 3976 6179.00000 5299.04440  14.2%  1689 26803s
 62391 41432 5322.35711  110 4008 6179.00000 5299.04440  14.2%  1690 26832s
 62423 41472 5323.34716  111 3831 6179.00000 5299.04440  14.2%  1691 26860s
 62473 41524 5325.86171  114 3985 6179.00000 5299.04440  14.2%  1691 26889s
 62542 41573 5329.49455  118 3861 6179.00000 5299.04440  14.2%  1693 26919s
 62614 41631 5330.97515  123 3802 6179.00000 5299.04440  14.2%  1694 26955s
 62696 41634 5331.83440  128 3738 6179.00000 5299.04440  14.2%  1696 26979s
 62726 41650 5331.85774  129 3750 6179.00000 5299.04440  14.2%  1696 27008s
 62752 41672 5334.26334  130 3834 6179.00000 5299.04440  14.2%  1696 27033s
 62783 41691 5334.38648  131 3878 6179.00000 5299.04440  14.2%  1697 27057s
 62812 41711 5334.50257  132 3859 6179.00000 5299.04440  14.2%  1698 27094s
 62842 41733 5334.51826  133 3851 6179.00000 5299.04440  14.2%  1698 27140s
 62874 41754 5337.34357  134 3945 6179.00000 5299.04440  14.2%  1701 27173s
 62906 41784 5337.35470  135 3964 6179.00000 5299.04440  14.2%  1703 27205s
 62946 41842 5337.47875  136 3828 6179.00000 5299.04440  14.2%  1703 27233s
 63018 41936 5338.39949  141 3771 6179.00000 5299.04440  14.2%  1704 27269s
 63136 42003 5340.43514  147 3889 6179.00000 5299.04440  14.2%  1703 27300s
 63242 42103 5342.11315  155 3796 6179.00000 5299.04440  14.2%  1705 27333s
 63377 42236 5343.87774  162 3763 6179.00000 5299.04440  14.2%  1706 27373s
 63555 42209 5346.25315  169 3725 6179.00000 5299.04440  14.2%  1706 27391s
 63588 42282 5346.48886  170 3725 6179.00000 5299.04440  14.2%  1706 27421s
 63672 42396 5348.14022  176 3714 6179.00000 5299.04440  14.2%  1707 27455s
 63814 42429 5349.96992  181 3692 6179.00000 5299.04440  14.2%  1707 27495s
 63894 42634 5350.76821  185 3617 6179.00000 5299.04440  14.2%  1707 27533s
 64126 42589 5354.94230  193 3631 6179.00000 5299.04440  14.2%  1707 27554s
 64158 42610 5355.05741  194 3626 6179.00000 5299.04440  14.2%  1706 27580s
 64190 42690 5355.90387  195 3622 6179.00000 5299.04440  14.2%  1707 27617s
 64280 42849 5358.26511  200 3610 6179.00000 5299.04440  14.2%  1707 27656s
 64469 43019 5361.34278  208 3616 6179.00000 5299.04440  14.2%  1708 27699s
 64702 43236 5364.35182  222 3420 6179.00000 5299.04440  14.2%  1708 27753s
 64997 43368 5367.28767  238 3449 6179.00000 5299.04440  14.2%  1708 27798s
 65227 43326 5418.55195  241 2781 6179.00000 5299.04440  14.2%  1709 27828s
 65262 43466 5426.95195  242 2780 6179.00000 5299.04440  14.2%  1710 27873s
 65414 43680 5429.71363  253 2838 6179.00000 5299.04440  14.2%  1711 27922s
 65678 43939 5448.60964  263 2756 6179.00000 5299.04440  14.2%  1710 27970s
 66025 43871 5505.94493  268 2447 6179.00000 5299.04440  14.2%  1710 28015s
 66073 44069 5529.15716  269 2300 6179.00000 5299.04440  14.2%  1710 28060s
 66287 44348 5538.24147  278 2334 6179.00000 5299.04440  14.2%  1712 28116s
 66643 44713 5563.04394  300 2230 6179.00000 5299.04440  14.2%  1713 28181s
 67166 44967 5579.95973  321 2264 6179.00000 5299.04440  14.2%  1708 28242s
 67629 45209 5618.35800  339 2197 6179.00000 5299.04440  14.2%  1706 28317s
 68060 45501 5662.98380  359 2289 6179.00000 5299.04440  14.2%  1705 28390s
 68508 45860 5726.61214  384 1959 6179.00000 5299.04440  14.2%  1705 28451s
 69038 45980 5875.48730  397 2109 6179.00000 5299.04440  14.2%  1703 28512s
 69376 46153 5997.84809  407 2113 6179.00000 5299.04440  14.2%  1704 28584s
 69701 46430 6093.91063  426 2030 6179.00000 5299.04440  14.2%  1704 28664s
 70173 46613 5370.53797  109 4110 6179.00000 5299.04440  14.2%  1704 28748s
 70585 46911 5371.37870  111 3812 6179.00000 5299.04440  14.2%  1708 28828s
 71040 47126 5376.83083  110 3764 6179.00000 5299.04440  14.2%  1710 28907s
 71497 47004 5389.14043  113 3538 6179.00000 5299.04440  14.2%  1711 28980s
 71529 47108 5568.89162  113 3163 6179.00000 5299.04440  14.2%  1714 29055s
 71676 47113 5380.20587  114 3335 6179.00000 5299.04440  14.2%  1716 29121s
 71750 47359 5393.25798  114 3509 6179.00000 5299.04440  14.2%  1718 29207s
 72040 47710 5423.60145  118 3008 6179.00000 5299.04440  14.2%  1722 29306s
 72506 47991 5428.07586  122 3082 6179.00000 5299.04440  14.2%  1726 29401s
 72969 48170 5494.79054  125 2670 6179.00000 5299.04440  14.2%  1730 29488s
 73321 48477 5553.72513  134 2533 6179.00000 5299.04440  14.2%  1733 29592s
 73773 48559 5643.13815  138 2022 6179.00000 5299.04440  14.2%  1735 29795s
 74010 48895 5602.08040  140 2344 6179.00000 5299.04440  14.2%  1737 29896s
 74435 49293 5636.00133  148 2017 6179.00000 5299.04440  14.2%  1740 30002s
 75014 49864 5677.52282  156 1957 6179.00000 5299.04440  14.2%  1742 30115s
 75837 50342 5868.21830  166 1703 6179.00000 5299.04440  14.2%  1743 30252s
 76691 50543 5927.97009  177 1828 6179.00000 5299.04440  14.2%  1745 30390s
 77219 50631 5970.49432  184 1719 6179.00000 5299.04440  14.2%  1750 30497s
 77522 51265 6054.11702  187 1708 6179.00000 5299.04440  14.2%  1751 30631s
 78345 51826 6070.14531  193 1659 6179.00000 5299.04440  14.2%  1754 30769s
 79245 52306 6150.45922  202 1673 6179.00000 5299.04440  14.2%  1758 30915s
 80118 52749 5327.82889  114 3924 6179.00000 5299.04440  14.2%  1763 31062s
 80925 52555 5364.46468  126 3651 6179.00000 5299.04440  14.2%  1770 31176s
 81010 53099 5365.57221  128 3478 6179.00000 5299.04440  14.2%  1771 31315s
 81605 53863 5382.82632  141 3552 6179.00000 5299.04440  14.2%  1772 31472s
 82666 54335 5499.29808  157 2928 6179.00000 5299.04440  14.2%  1774 31653s
 83572 54751 5767.11394  176 3062 6179.00000 5299.04440  14.2%  1781 31833s
 84323 55558 5826.79325  198 2418 6179.00000 5299.04440  14.2%  1787 32011s
 85454 56351 6014.57840  240 2209 6179.00000 5299.04440  14.2%  1790 32205s
 86752 56755 5328.59133   99 3339 6179.00000 5299.04440  14.2%  1793 32379s
 87637 57489 5351.58758  101 2908 6179.00000 5299.04440  14.2%  1795 32583s
 88792 57948 5367.32808  108 3047 6179.00000 5299.04440  14.2%  1800 32814s
 89685 59015 5565.24639  116 2663 6179.00000 5299.04440  14.2%  1813 33168s
 91079 58583 5809.33552  133 2215 6179.00000 5299.04440  14.2%  1825 33430s
 91111 58604 5860.55315  134 2211 6179.00000 5299.04440  14.2%  1826 33744s
 91143 58625 5798.25811  135 2216 6179.00000 5299.04440  14.2%  1827 34101s
 91175 58651 5812.19847  136 2006 6179.00000 5299.04440  14.2%  1827 34416s
 91211 59029 5802.09957  136 2280 6179.00000 5299.04440  14.2%  1828 34762s
 91623 60335 5815.75479  137 2043 6179.00000 5299.04440  14.2%  1831 35206s
 93145 62059 5807.70423  137 2333 6179.00000 5299.04440  14.2%  1839 35643s
 95540 63139 6002.99866  169 1640 6179.00000 5299.04440  14.2%  1848 35970s
 97441 64856 6169.03345  197 1440 6179.00000 5299.58309  14.2%  1854 36323s
 99979 64305 5329.78403  105 3649 6179.00000 5299.58310  14.2%  1856 36563s
 100276 66417 5351.10868  113 3234 6179.00000 5299.58310  14.2%  1859 36908s
 102706 67653 5658.40255  176 1808 6179.00000 5299.58310  14.2%  1863 37255s
 104908 68656 6174.38462  430   53 6179.00000 5299.58310  14.2%  1870 37642s
 106720 69809 5370.50819  152 3168 6179.00000 5299.58310  14.2%  1881 38011s
 108483 71542 5405.84974  240 2988 6179.00000 5299.58310  14.2%  1887 38393s
 110870 72873 5469.59900  345 2843 6179.00000 5299.58310  14.2%  1892 38749s
 113038 74437 5532.15231  455 2372 6179.00000 5299.58310  14.2%  1894 39147s
 115500 75064 5646.94208  603 2300 6179.00000 5299.58310  14.2%  1898 39568s
 117235 76213 5320.35872  107 3942 6179.00000 5299.58310  14.2%  1911 40014s
 119005 78087 5669.19356  144 2769 6179.00000 5299.58310  14.2%  1932 40552s
 121676 79812 6048.87440  243 2254 6179.00000 5299.58310  14.2%  1939 41041s
 124527 81232 5546.67989  134 2624 6179.00000 5299.58310  14.2%  1949 41516s
 126971 84569 5797.85766  233 1923 6179.00000 5303.79822  14.2%  1952 42039s
 131432 85145 5434.19254  118 3367 6179.00000 5303.79867  14.2%  1940 42472s
 133556 86793 5592.31747  193 2611 6179.00000 5303.79867  14.2%  1948 42971s
 136206 88350 6111.30172  302 2062 6179.00000 5311.25344  14.0%  1951 43508s
 138896 90047 5346.29268  121 3691 6179.00000 5311.25344  14.0%  1965 44129s
 139199 89946 5896.61105  226 2079 6179.00000 5311.25344  14.0%  1967 44130s
 141680 91719 5355.22692  133 4084 6179.00000 5311.25344  14.0%  1981 44780s
 144393 93819 5387.63013  147 3228 6179.00000 5311.25344  14.0%  1999 45459s
 147516 95165 5369.52567  164 3576 6179.00000 5311.25344  14.0%  2011 46121s
 150148 96717 5391.49082  180 3052 6179.00000 5311.25344  14.0%  2019 46818s
 152864 99117 5409.73929  203 3080 6179.00000 5311.25344  14.0%  2050 47647s
 156477 101026 5424.13247  230 3303 6179.00000 5316.43245  14.0%  2081 48490s
 159790 103422 5445.14649  255 2966 6179.00000 5316.43245  14.0%  2102 49293s
 163398 105369 5590.40038  285 2779 6179.00000 5316.43245  14.0%  2126 50079s
 166651 107715 5477.21384  313 2847 6179.00000 5316.43245  14.0%  2145 50887s
 170202 109605 5492.20924  340 2970 6179.00000 5316.43245  14.0%  2167 51580s
 173340 111677 5505.70409  368 2964 6179.00000 5316.43245  14.0%  2187 52345s
 176648 113813 5517.74456  397 3029 6179.00000 5316.43245  14.0%  2203 53030s
 180139 115515 5561.55773  425 2875 6179.00000 5317.34439  13.9%  2220 53700s
 183354 116129 5585.11591  459 2859 6179.00000 5317.34439  13.9%  2240 54300s
 185110 119863 5653.37100  474 2686 6179.00000 5317.34439  13.9%  2248 55125s
 189590 123086 5670.30911  516 2693 6179.00000 5317.34439  13.9%  2264 55809s
 193157 126830 5754.77688  551 2672 6179.00000 5318.45416  13.9%  2277 56510s
 197189 128681 5907.37099  594 2489 6179.00000 5318.45416  13.9%  2279 57101s
H198516 128667                    6178.0000000 5318.45416  13.9%  2285 57101s
 199288 131947 5339.83582  111 3601 6178.00000 5318.45416  13.9%  2288 57864s
 202785 136084 5738.25779  131 2955 6178.00000 5318.45416  13.9%  2296 58604s
 207274 139305 5495.97019  100 3471 6178.00000 5318.45416  13.9%  2300 59287s
 210835 142434 5789.54143  221 2333 6178.00000 5318.45416  13.9%  2303 60008s
 214427 145716 5720.31011  254 2856 6178.00000 5318.45416  13.9%  2313 60639s
 217841 148561 5479.42189  103 3274 6178.00000 5318.45416  13.9%  2318 61220s
 220899 151501 5680.30295  221 2956 6178.00000 5318.45416  13.9%  2324 61875s
 223856 154177 6008.96424  452 2587 6178.00000 5318.45416  13.9%  2335 62500s
 226574 156924 5746.66782  219 2959 6178.00000 5318.45416  13.9%  2345 63165s
 229479 158613 5545.75995  128 3339 6178.00000 5319.38827  13.9%  2359 63738s
 231201 161548 5740.26078  197 3258 6178.00000 5319.38827  13.9%  2367 64487s
 234246 164387 5406.75927  164 2798 6178.00000 5319.38827  13.9%  2382 65335s
 237135 167947 5521.93509  347 2560 6178.00000 5319.38827  13.9%  2394 66236s
 240885 171896 5759.78139  567 1916 6178.00000 5321.14270  13.9%  2405 67015s
 245174 172888 5476.60202  175 3156 6178.00000 5321.14270  13.9%  2408 67481s
 246299 176429 5534.90429  219 3128 6178.00000 5321.14270  13.9%  2409 68175s
 250078 179406 5781.22070  397 2891 6178.00000 5321.22746  13.9%  2413 68848s
 253321 182261 5365.52914  131 4006 6178.00000 5321.22746  13.9%  2420 69499s
 256542 185256 5414.40092  183 3572 6178.00000 5321.22746  13.9%  2427 70145s
 259809 188751 5496.52819  246 3296 6178.00000 5321.26906  13.9%  2429 70786s
 263475 191173 5508.02375  364 3243 6178.00000 5321.26906  13.9%  2431 71400s
 266088 194424 5551.29567  423 3307 6178.00000 5321.26906  13.9%  2433 72054s
 269480 197806 5604.36961  472 2971 6178.00000 5321.26906  13.9%  2432 72678s
 273087 200620 5668.63037  539 2712 6178.00000 5321.45122  13.9%  2431 73408s
 276150 203710 5718.98457  612 2662 6178.00000 5322.65988  13.8%  2433 74184s
 279512 207886 5761.38445  675 2372 6178.00000 5322.65988  13.8%  2433 74923s
 284008 211674 5821.62807  753 2366 6178.00000 5322.65988  13.8%  2428 75623s
 288124 212328 5961.54636  782 2072 6178.00000 5322.65988  13.8%  2424 76257s
 288864 216578 infeasible  796      6178.00000 5322.65988  13.8%  2423 76934s
 290029 216578 5462.91995  116 3074 6178.00000 5322.65988  13.8%  2421 76935s
 293375 220176 5353.70695  142 3890 6178.00000 5322.68581  13.8%  2416 77536s
 297195 224224 5400.16304  236 3600 6178.00000 5322.68581  13.8%  2410 78162s
 301504 227640 5470.85553  356 3411 6178.00000 5322.68581  13.8%  2403 78711s
 305186 232808 5530.50610  455 2976 6178.00000 5322.68581  13.8%  2398 79397s
 310783 234971 5716.27704  596 2868 6178.00000 5322.68581  13.8%  2387 79842s
 313232 237216 5822.14474  682 2839 6178.00000 5322.68581  13.8%  2385 80295s
 315735 239843 5361.13704  110 3479 6178.00000 5322.68581  13.8%  2385 80781s
 318710 242662 5423.57172  211 3024 6178.00000 5322.68581  13.8%  2384 81283s
 321747 245942 5497.60702  316 2918 6178.00000 5322.68581  13.8%  2381 81809s
 325252 248760 5608.97329  449 2562 6178.00000 5322.68581  13.8%  2378 82296s
 328219 251350 5760.87519  568 2538 6178.00000 5322.68581  13.8%  2375 82803s
 331135 253313 5522.72008  119 3354 6178.00000 5322.68581  13.8%  2374 83257s
 333212 256720 5609.49002  212 3290 6178.00000 5322.68581  13.8%  2372 83827s
 336797 260725 5749.58764  319 3069 6178.00000 5322.68581  13.8%  2368 84479s
 340829 263682 5958.33091  484 2903 6178.00000 5323.12564  13.8%  2365 85037s
 343872 266418 5504.82245  127 2760 6178.00000 5323.12564  13.8%  2361 85594s
 346702 270038 5917.41757  221 2191 6178.00000 5323.12564  13.8%  2359 86218s
 350595 270616 5573.14227  123 3248 6178.00000 5323.12564  13.8%  2358 86400s

Cutting planes:
  Learned: 3
  Gomory: 106
  Lift-and-project: 1
  Cover: 2179
  Implied bound: 136
  Projected implied bound: 16
  Clique: 164
  MIR: 1291
  Mixing: 3
  StrongCG: 1148
  Flow cover: 6344
  GUB cover: 320
  Zero half: 576
  Mod-K: 3
  RLT: 3775
  Relax-and-lift: 460
  BQP: 10

Explored 351246 nodes (829270927 simplex iterations) in 86400.45 seconds (138034.86 work units)
Thread count was 32 (of 64 available processors)

Solution count 10: 6178 6179 6181 ... 6196

Time limit reached
Best objective 6.178000000000e+03, best bound 5.324000000000e+03, gap 13.8232%
Solved r101_Random2 -> /project2/ssuen_1733/output/v3-balance-hours/r101_Random2.pkl / .json
[Wed Dec 17 17:41:38 PST 2025] Finished run_single_instance for r101_Random2
