==========================================
SLURM_JOB_ID = 5322907
SLURM_JOB_NODELIST = b01-08
TMPDIR = /tmp/SLURM_5322907
==========================================
Using Python:
Python 3.10.18
Checking core dependencies:
numpy: 2.2.6
gurobi: (12, 0, 3)
[Tue Dec 16 15:01:06 PST 2025] Starting run_single_instance on b01-08.hpc.usc.edu for c101_Random1
Set parameter TokenServer to value "hpc-licenses.hpcc.usc.edu"
Set parameter TimeLimit to value 86400
Set parameter Seed to value 42
Set parameter OutputFlag to value 1
Gurobi Optimizer version 12.0.3 build v12.0.3rc0 (linux64 - "Rocky Linux 8.10 (Green Obsidian)")

CPU model: AMD EPYC 7513 32-Core Processor, instruction set [SSE2|AVX|AVX2]
Thread count: 64 physical cores, 64 logical processors, using up to 32 threads

Non-default parameters:
TimeLimit  86400
Seed  42

Optimize a model with 703650 rows, 728000 columns and 7279600 nonzeros
Model fingerprint: 0x5e59f842
Variable types: 0 continuous, 728000 integer (727500 binary)
Coefficient statistics:
  Matrix range     [1e+00, 1e+03]
  Objective range  [1e+00, 1e+02]
  Bounds range     [1e+00, 5e+01]
  RHS range        [1e+00, 1e+03]
Presolve removed 678700 rows and 699056 columns
Presolve time: 1.49s
Presolved: 24950 rows, 28944 columns, 211150 nonzeros
Variable types: 0 continuous, 28944 integer (28900 binary)
Performing another presolve...
Presolve removed 600 rows and 300 columns
Presolve time: 0.35s
Deterministic concurrent LP optimizer: primal and dual simplex
Showing primal log only...


Root simplex log...

Iteration    Objective       Primal Inf.    Dual Inf.      Time
   23612    7.3741211e+03   0.000000e+00   1.087853e+06      5s
Concurrent spin time: 0.10s

Solved with dual simplex

Root simplex log...

Iteration    Objective       Primal Inf.    Dual Inf.      Time
   16011    4.2617251e+03   0.000000e+00   0.000000e+00      5s

Root relaxation: objective 4.261725e+03, 16011 iterations, 2.11 seconds (2.89 work units)
Total elapsed time = 5.25s (DegenMoves)

    Nodes    |    Current Node    |     Objective Bounds      |     Work
 Expl Unexpl |  Obj  Depth IntInf | Incumbent    BestBd   Gap | It/Node Time

     0     0 4261.72506    0  906          - 4261.72506      -     -    5s
     0     0 4287.44666    0 1008          - 4287.44666      -     -    7s
     0     0 4292.34666    0 1017          - 4292.34666      -     -    7s
     0     0 4292.50221    0 1044          - 4292.50221      -     -    7s
     0     0 4292.50354    0 1057          - 4292.50354      -     -    7s
     0     0 4320.63255    0 1135          - 4320.63255      -     -    9s
     0     0 4326.45404    0 1063          - 4326.45404      -     -   10s
     0     0 4326.85230    0 1127          - 4326.85230      -     -   10s
     0     0 4326.88900    0 1123          - 4326.88900      -     -   10s
     0     0 4326.88900    0 1121          - 4326.88900      -     -   10s
     0     0 4349.67500    0 1152          - 4349.67500      -     -   13s
     0     0 4362.01138    0 1232          - 4362.01138      -     -   14s
     0     0 4364.72226    0 1222          - 4364.72226      -     -   15s
     0     0 4365.43746    0 1224          - 4365.43746      -     -   15s
     0     0 4365.45198    0 1183          - 4365.45198      -     -   15s
     0     0 4488.90935    0 1230          - 4488.90935      -     -   20s
     0     0 4507.65033    0 1288          - 4507.65033      -     -   21s
     0     0 4508.01520    0 1272          - 4508.01520      -     -   22s
     0     0 4508.09178    0 1306          - 4508.09178      -     -   22s
     0     0 4508.22594    0 1288          - 4508.22594      -     -   22s
     0     0 4508.23863    0 1288          - 4508.23863      -     -   22s
     0     0 4609.82656    0 1435          - 4609.82656      -     -   26s
     0     0 4620.89559    0 1455          - 4620.89559      -     -   28s
     0     0 4621.60712    0 1484          - 4621.60712      -     -   28s
     0     0 4621.63755    0 1465          - 4621.63755      -     -   28s
     0     0 4704.97963    0 1360          - 4704.97963      -     -   32s
     0     0 4709.91697    0 1437          - 4709.91697      -     -   33s
     0     0 4713.05080    0 1461          - 4713.05080      -     -   34s
     0     0 4713.18845    0 1446          - 4713.18845      -     -   35s
     0     0 4713.19654    0 1457          - 4713.19654      -     -   35s
     0     0 4765.97437    0 1504          - 4765.97437      -     -   38s
     0     0 4771.49748    0 1419          - 4771.49748      -     -   39s
     0     0 4771.97593    0 1454          - 4771.97593      -     -   40s
     0     0 4772.02346    0 1425          - 4772.02346      -     -   40s
     0     0 4803.28382    0 1432          - 4803.28382      -     -   43s
     0     0 4805.47396    0 1439          - 4805.47396      -     -   44s
     0     0 4805.92844    0 1469          - 4805.92844      -     -   45s
     0     0 4806.05724    0 1497          - 4806.05724      -     -   45s
     0     0 4806.07350    0 1509          - 4806.07350      -     -   45s
     0     0 4836.96998    0 1532          - 4836.96998      -     -   48s
     0     0 4838.63394    0 1657          - 4838.63394      -     -   49s
     0     0 4838.86975    0 1576          - 4838.86975      -     -   50s
     0     0 4838.91926    0 1617          - 4838.91926      -     -   50s
     0     0 4862.20655    0 1755          - 4862.20655      -     -   53s
     0     0 4865.17269    0 1832          - 4865.17269      -     -   54s
     0     0 4865.61661    0 1731          - 4865.61661      -     -   55s
     0     0 4865.65951    0 1750          - 4865.65951      -     -   55s
     0     0 4889.61652    0 1770          - 4889.61652      -     -   58s
     0     0 4892.12797    0 1849          - 4892.12797      -     -   59s
     0     0 4892.26239    0 1879          - 4892.26239      -     -   59s
     0     0 4937.99258    0 1747          - 4937.99258      -     -   63s
     0     0 4940.40910    0 1854          - 4940.40910      -     -   65s
     0     0 4940.70745    0 1845          - 4940.70745      -     -   65s
     0     0 4940.77518    0 1845          - 4940.77518      -     -   66s
     0     0 4955.16500    0 1794          - 4955.16500      -     -   68s
     0     0 4955.82061    0 1789          - 4955.82061      -     -   69s
     0     0 4956.20663    0 1861          - 4956.20663      -     -   69s
     0     0 4956.25497    0 1872          - 4956.25497      -     -   70s
     0     0 4967.50032    0 1798          - 4967.50032      -     -   72s
     0     0 4968.71151    0 1843          - 4968.71151      -     -   73s
     0     0 4969.03488    0 1826          - 4969.03488      -     -   74s
     0     0 4969.08794    0 1879          - 4969.08794      -     -   74s
     0     0 4979.92068    0 1707          - 4979.92068      -     -   76s
     0     0 4980.72321    0 1713          - 4980.72321      -     -   77s
     0     0 4980.96587    0 1718          - 4980.96587      -     -   78s
     0     0 4981.07539    0 1756          - 4981.07539      -     -   78s
     0     0 4991.21383    0 1755          - 4991.21383      -     -   80s
     0     0 4992.82855    0 1835          - 4992.82855      -     -   81s
     0     0 4993.32810    0 1745          - 4993.32810      -     -   81s
     0     0 4993.54644    0 1804          - 4993.54644      -     -   82s
     0     0 4993.57675    0 1792          - 4993.57675      -     -   82s
     0     0 5003.41215    0 1799          - 5003.41215      -     -   84s
     0     0 5005.87885    0 1806          - 5005.87885      -     -   86s
     0     0 5005.87885    0 1810          - 5005.87885      -     -   86s
     0     0 5014.99586    0 1824          - 5014.99586      -     -   88s
     0     0 5015.24498    0 1853          - 5015.24498      -     -   89s
     0     0 5015.35292    0 1885          - 5015.35292      -     -   90s
     0     0 5020.36385    0 1778          - 5020.36385      -     -   91s
     0     0 5021.67723    0 1802          - 5021.67723      -     -   92s
     0     0 5021.77266    0 1818          - 5021.77266      -     -   93s
     0     0 5026.93553    0 1819          - 5026.93553      -     -   95s
     0     0 5027.45086    0 1825          - 5027.45086      -     -   96s
     0     0 5027.51367    0 1812          - 5027.51367      -     -   96s
     0     0 5028.31328    0 1800          - 5028.31328      -     -   97s
     0     0 5028.31328    0 1763          - 5028.31328      -     -   97s
     0     2 5028.31563    0 1763          - 5028.31563      -     -  102s
     1     5 5032.74331    1 1755          - 5032.74331      -   807  110s
     3     8 5035.43156    2 1772          - 5032.94299      -  3771  115s
     7    16 5036.33552    3 1743          - 5036.33552      -  3714  122s
    15    32 5037.14066    4 1720          - 5036.33687      -  2847  127s
    31    60 5038.17873    5 1670          - 5037.14890      -  3080  134s
    63    92 5039.25775    6 1803          - 5038.17974      -  2828  138s
    95   155 5039.30295    7 1850          - 5039.27881      -  2216  160s
   158   237 5166.68826    9 1655          - 5039.27881      -  1709  170s
   242   343 5041.24034    9 1784          - 5039.27881      -  1912  177s
   356   453 5050.86352   13 1779          - 5039.27881      -  1666  185s
   468   528 5057.90283   16 1810          - 5039.27881      -  1514  192s
   545   613 5061.41715   19 1774          - 5039.27881      -  1498  198s
   630   695 5063.48269   21 1790          - 5039.27881      -  1454  205s
   712   787 5071.63428   23 1782          - 5039.27881      -  1429  210s
   804   863 5082.89005   25 1732          - 5039.27881      -  1368  219s
   880   946 5090.34462   26 1687          - 5039.27881      -  1378  227s
   963  1044 5085.92176   27 1774          - 5039.27881      -  1385  234s
  1065  1158 5093.43862   32 1688          - 5039.27881      -  1354  242s
  1183  1278 5093.52686   33 1692          - 5039.27881      -  1329  246s
  1303  1382 5098.77325   39 1623          - 5039.27881      -  1277  254s
  1409  1484 5100.55016   40 1748          - 5039.27881      -  1273  259s
  1511  1614 5105.62097   40 1673          - 5039.27881      -  1279  266s
  1643  1756 5102.01437   41 1777          - 5039.27881      -  1250  271s
  1785  1925 5106.61460   44 1729          - 5039.27881      -  1221  280s
  1958  2070 5109.77558   49 1682          - 5039.27881      -  1184  287s
  2107  2229 5113.87173   51 1668          - 5039.27881      -  1169  294s
  2270  2369 5117.66385   56 1697          - 5039.27881      -  1143  303s
  2410  2531 5138.39226   58 1633          - 5039.27881      -  1142  311s
  2572  2650 5238.95306   61 1585          - 5039.27881      -  1138  318s
  2693  2794 5145.90425   62 1590          - 5039.27881      -  1154  324s
  2837  2971 5151.12340   67 1525          - 5039.27881      -  1161  331s
  3014  3105 5158.01560   70 1561          - 5039.27881      -  1158  338s
  3148  3276 5159.36266   73 1520          - 5039.27881      -  1171  343s
  3319  3424 5161.71835   78 1557          - 5039.27881      -  1166  350s
  3467  3626 5166.30945   90 1566          - 5039.27881      -  1177  356s
  3669  3787 5169.05798   96 1558          - 5039.27881      -  1167  364s
  3830  3993 5170.51166   99 1534          - 5039.27881      -  1174  372s
  4036  4217 5173.24291  104 1540          - 5039.27881      -  1170  381s
  4262  4418 5177.33906  112 1481          - 5039.27881      -  1165  388s
  4463  4661 5178.31631  115 1507          - 5039.27881      -  1167  396s
  4706  4901 5182.69246  122 1486          - 5039.27881      -  1160  406s
  4948  5148 5189.38592  133 1417          - 5039.27881      -  1159  416s
  5197  5400 5201.93526  144 1440          - 5039.27881      -  1161  425s
  5461  5682 5196.65229  154 1377          - 5039.27881      -  1161  435s
  5751  6045 5206.30360  159 1367          - 5039.27881      -  1159  443s
  6122  6386 5210.75437  165 1415          - 5039.27881      -  1140  451s
  6463  6716 5212.62410  172 1429          - 5039.27881      -  1130  463s
  6807  7012 5218.89900  179 1289          - 5039.27881      -  1124  475s
  7113  7312 5282.67565  189 1271          - 5039.27881      -  1131  486s
  7419  7630 5230.22987  192 1366          - 5039.27881      -  1138  496s
  7739  8043 5253.90745  201 1317          - 5039.27881      -  1145  508s
  8164  8461 5264.79721  210 1439          - 5039.27881      -  1137  520s
  8584  8838 5279.90521  221 1395          - 5039.27881      -  1133  531s
  8967  9089 5284.36768  225 1394          - 5039.27881      -  1138  556s
  9218  9524 5299.10342  235 1317          - 5039.27881      -  1146  568s
  9653 10110 5303.02195  246 1278          - 5039.27881      -  1146  581s
 10246 10752 5316.79252  266 1312          - 5039.27881      -  1130  594s
 10899 11395 5371.01176  276 1367          - 5039.27881      -  1113  607s
 11555 12022 5383.60675  285 1371          - 5039.27881      -  1100  621s
 12197 12790 5601.48531  299 1435          - 5039.27881      -  1091  637s
 12994 13599 5408.20684  312 1344          - 5039.27881      -  1071  652s
 13825 14320 5422.14815  327 1309          - 5039.27881      -  1053  668s
 14590 14321 5217.23882   31 12869          - 5039.27881      -  1044  702s
H14591 13605                    20604.000000 5039.27881  75.5%  1044  708s
H14592 12925                    20396.000000 5039.27881  75.3%  1044  709s
H14592 12279                    19912.000000 5039.27881  74.7%  1044  709s
H14592 11665                    19708.000000 5039.27881  74.4%  1044  709s
H14592 11081                    18805.000000 5039.27881  73.2%  1044  709s
H14592 10527                    18298.000000 5039.27881  72.5%  1044  709s
 14594 10529 5317.15101  154 1114 18298.0000 5039.27881  72.5%  1044  711s
 14595 10529 5608.76307  243 1192 18298.0000 5039.27881  72.5%  1044  715s
 14596 10530 5177.35596  113 1447 18298.0000 5039.27881  72.5%  1044  720s
 14598 10531 5531.93987  176 1625 18298.0000 5039.27881  72.5%  1044  727s
 14600 10533 5614.41808  239 1635 18298.0000 5039.27881  72.5%  1043  731s
 14604 10535 5622.79596  145 1607 18298.0000 5039.31110  72.5%  1043  735s
 14623 10548 5398.27416   70 1667 18298.0000 5043.12274  72.4%  1042  740s
H14623 10020                    18135.000000 5168.00917  71.5%  1042  748s
H14623  9519                    17951.000000 5168.00917  71.2%  1042  748s
H14623  9042                    17887.000000 5168.00917  71.1%  1042  748s
H14623  8589                    17469.000000 5168.00917  70.4%  1042  748s
H14623  8159                    17457.000000 5168.00917  70.4%  1042  748s
H14623  7751                    17216.000000 5168.00917  70.0%  1042  749s
H14623  7363                    16808.000000 5168.00917  69.3%  1042  749s
H14623  6994                    16645.000000 5168.00917  69.0%  1042  749s
H14623  6644                    16207.000000 5168.00917  68.1%  1042  749s
H14623  6311                    15589.000000 5168.00917  66.8%  1042  749s
H14623  5995                    15584.000000 5168.00917  66.8%  1042  749s
H14623  5695                    15483.000000 5168.00917  66.6%  1042  749s
H14623  5409                    15043.000000 5168.00917  65.6%  1042  749s
H14623  5138                    14816.000000 5168.00917  65.1%  1042  749s
H14623  4881                    14600.000000 5168.00917  64.6%  1042  749s
H14623  4636                    14539.000000 5168.00917  64.5%  1042  749s
H14623  4404                    14441.000000 5168.00917  64.2%  1042  749s
H14623  4183                    14243.000000 5168.00917  63.7%  1042  749s
H14623  3973                    14203.000000 5168.00917  63.6%  1042  749s
H14623  3774                    14156.000000 5168.00917  63.5%  1042  749s
H14623  3585                    14107.000000 5168.00917  63.4%  1042  749s
H14623  3405                    14023.000000 5168.00917  63.1%  1042  749s
 14625  3406 5377.30166   55 1867 14023.0000 5199.92106  62.9%  1042  754s
 14626  3407 5348.94743   11 1839 14023.0000 5214.99339  62.8%  1042  757s
 14628  3408 5453.42190   99 1796 14023.0000 5222.28627  62.8%  1042  761s
 14635  3413 5647.53353  222 1932 14023.0000 5223.82203  62.7%  1041  766s
H14635  3242                    13883.000000 5312.36663  61.7%  1041  774s
H14635  3079                    13321.000000 5312.36663  60.1%  1041  774s
H14635  2924                    13283.000000 5312.36663  60.0%  1041  774s
H14635  2777                    13276.000000 5312.36663  60.0%  1041  774s
H14635  2637                    13274.000000 5312.36663  60.0%  1041  774s
H14635  2505                    13165.000000 5312.36663  59.6%  1041  774s
 14637  2506 5338.57619   45 1866 13165.0000 5335.85380  59.5%  1041  779s
 14638  2507 5449.41192  101 1763 13165.0000 5340.33480  59.4%  1041  783s
 14640  2508 5476.93356  100 1923 13165.0000 5342.10060  59.4%  1041  785s
H14643  2383                    13107.000000 5398.30090  58.8%  1040  797s
H14643  2263                    13071.000000 5398.30090  58.7%  1040  797s
H14643  2149                    12960.000000 5398.30090  58.3%  1040  797s
H14643  2041                    12931.000000 5398.30090  58.3%  1040  797s
H14643  1938                    12788.000000 5398.30090  57.8%  1040  797s
H14643  1840                    12564.000000 5398.30090  57.0%  1040  797s
H14643  1747                    12552.000000 5398.30090  57.0%  1040  797s
H14643  1659                    12522.000000 5398.30090  56.9%  1040  797s
H14643  1575                    12516.000000 5398.30090  56.9%  1040  797s
 14645  1577 5564.86573  212 1918 12516.0000 5413.18081  56.7%  1040  803s
 14646  1577 5515.64781  116 1920 12516.0000 5417.77627  56.7%  1040  807s
 14648  1579 5725.29961  254 2008 12516.0000 5419.88835  56.7%  1040  811s
H14653  1502                    12483.000000 5455.76683  56.3%  1040  822s
H14653  1426                    12391.000000 5455.76683  56.0%  1040  822s
 14655  1427 5562.36822  192 2191 12391.0000 5465.87699  55.9%  1040  828s
 14656  1428 5571.66530   99 2077 12391.0000 5468.97025  55.9%  1040  832s
 14659  1430 5469.89061  133 2115 12391.0000 5469.89061  55.9%  1039  835s
H14664  1360                    12346.000000 5508.46094  55.4%  1039  847s
H14664  1290                    12345.000000 5508.46094  55.4%  1039  847s
H14664  1225                    12291.000000 5508.46094  55.2%  1039  847s
H14664  1162                    12207.000000 5508.46094  54.9%  1039  847s
H14664  1103                    11978.000000 5508.46094  54.0%  1039  847s
H14664  1046                    11962.000000 5508.46094  54.0%  1039  847s
H14664   993                    11909.000000 5508.46094  53.7%  1039  847s
H14664   942                    11903.000000 5508.46094  53.7%  1039  847s
 14666   944 5604.11901  205 2128 11903.0000 5514.61452  53.7%  1039  852s
 14668   945 5516.11976  340 2174 11903.0000 5516.11976  53.7%  1039  855s
H14675   901                    11880.000000 5557.26917  53.2%  1038  869s
H14675   854                    11744.000000 5557.26917  52.7%  1038  869s
H14675   810                    11741.000000 5557.26917  52.7%  1038  869s
H14675   768                    11693.000000 5557.26917  52.5%  1038  869s
H14675   729                    11692.000000 5557.26917  52.5%  1038  869s
H14675   691                    11691.000000 5557.26917  52.5%  1038  869s
H14675   655                    11689.000000 5557.26917  52.5%  1038  869s
 14677   656 5566.49078   55 2047 11689.0000 5566.49078  52.4%  1038  875s
 14679   657 5617.73814  211 2117 11689.0000 5571.22318  52.3%  1038  881s
 14684   661 5571.58954   74 2115 11689.0000 5571.58954  52.3%  1038  885s
H14684   626                    11677.000000 5614.25362  51.9%  1038  895s
H14684   593                    11611.000000 5614.25362  51.6%  1038  895s
H14684   562                    11604.000000 5614.25362  51.6%  1038  895s
H14684   532                    11529.000000 5614.25362  51.3%  1038  897s
H14684   504                    11515.000000 5614.25362  51.2%  1038  897s
H14684   477                    11483.000000 5614.25362  51.1%  1038  897s
H14684   452                    11471.000000 5614.25362  51.1%  1038  897s
H14684   428                    11442.000000 5614.25362  50.9%  1038  897s
H14684   405                    11431.000000 5614.25362  50.9%  1038  897s
H14684   383                    11418.000000 5614.25362  50.8%  1038  897s
H14684   362                    11386.000000 5614.25362  50.7%  1038  897s
H14684   343                    11364.000000 5614.25362  50.6%  1038  897s
H14684   324                    11361.000000 5614.25362  50.6%  1038  897s
H14684   306                    11348.000000 5614.25362  50.5%  1038  897s
H14684   289                    11291.000000 5614.25362  50.3%  1038  897s
H14684   273                    11072.000000 5614.25362  49.3%  1038  897s
H14684   258                    11071.000000 5614.25362  49.3%  1038  898s
H14684   243                    11049.000000 5614.25362  49.2%  1038  898s
H14684   230                    11035.000000 5614.25362  49.1%  1038  898s
H14684   217                    10998.000000 5614.25362  49.0%  1038  898s
H14684   204                    10997.000000 5614.25362  48.9%  1038  898s
H14684   192                    10989.000000 5614.25362  48.9%  1038  898s
H14684   181                    10972.000000 5614.25362  48.8%  1038  898s
H14684   171                    10965.000000 5614.25362  48.8%  1038  898s
H14684   161                    10961.000000 5614.25362  48.8%  1038  898s
H14684   151                    10957.000000 5614.25362  48.8%  1038  898s
H14684   142                    10937.000000 5614.25362  48.7%  1038  898s
H14684   133                    10934.000000 5614.25362  48.7%  1038  898s
 14686   134 5620.89126   70 2219 10934.0000 5620.89126  48.6%  1037  904s
 14687   135 5621.82865   53 2221 10934.0000 5621.82865  48.6%  1037  906s
 14693   139 5726.98324  251 2276 10934.0000 5622.48508  48.6%  1037  912s
H14693   130                    10920.000000 5654.94349  48.2%  1037  922s
H14693   122                    10918.000000 5654.94349  48.2%  1037  922s
H14693   114                    10911.000000 5654.94349  48.2%  1037  922s
H14693   107                    10881.000000 5654.94349  48.0%  1037  922s
 14695   108 5663.33307  243 2291 10881.0000 5663.33307  48.0%  1037  928s
 14696   109 5666.75484  113 2218 10881.0000 5666.75484  47.9%  1037  932s
 14698   110 5667.80418  176 2214 10881.0000 5667.80418  47.9%  1037  935s
H14706   107                    10824.000000 5704.85634  47.3%  1036  950s
H14706   100                    10635.000000 5704.85634  46.4%  1036  950s
H14706    93                    10631.000000 5704.85634  46.3%  1036  950s
H14706    86                    10617.000000 5704.85634  46.3%  1036  950s
H14706    80                    10603.000000 5704.85634  46.2%  1036  950s
H14706    74                    10589.000000 5704.85634  46.1%  1036  950s
 14708    76 5711.54659   87 2198 10589.0000 5711.54659  46.1%  1036  956s
 14710    77 5713.69254  277 2165 10589.0000 5713.69254  46.0%  1036  960s
 14715    80 5714.08800  230 2194 10589.0000 5714.08800  46.0%  1035  965s
H14715    74                    10585.000000 5751.21745  45.7%  1035  975s
H14715    68                    10569.000000 5751.21745  45.6%  1035  975s
 14717    70 5757.49757  161 2231 10569.0000 5757.49757  45.5%  1035  980s
 14719    71 5760.89399  174 2198 10569.0000 5760.89399  45.5%  1035  986s
 14723    74 5761.42295   70 2161 10569.0000 5761.42295  45.5%  1035  990s
H14723    68                    10553.000000 5798.47726  45.1%  1035 1000s
H14723    63                    10540.000000 5798.47726  45.0%  1035 1000s
H14723    57                    10460.000000 5798.47726  44.6%  1035 1000s
H14723    52                    10400.000000 5798.47726  44.2%  1035 1000s
H14723    47                    10376.000000 5798.47726  44.1%  1035 1000s
 14725    48 5805.32073   55 2194 10376.0000 5805.32073  44.1%  1035 1006s
 14727    49 5808.64942  219 2245 10376.0000 5808.64942  44.0%  1034 1011s
 14734    54 5808.95915  236 2210 10376.0000 5808.95915  44.0%  1034 1015s
H14734    49                    10342.000000 5844.23358  43.5%  1034 1027s
H14734    44                    10327.000000 5844.23358  43.4%  1034 1027s
H14734    40                    10303.000000 5844.23358  43.3%  1034 1027s
H14734    35                    10272.000000 5844.23358  43.1%  1034 1027s
H14734    31                    10263.000000 5844.23358  43.1%  1034 1027s
 14736    32 5850.75740   68 2489 10263.0000 5850.75740  43.0%  1034 1034s
 14737    33 5852.70201   45 2442 10263.0000 5852.70201  43.0%  1034 1037s
 14739    34 5853.24068   41 2452 10263.0000 5853.24068  43.0%  1034 1040s
H14745    33                    10179.000000 5894.88748  42.1%  1033 1059s
H14745    29                    10151.000000 5894.88748  41.9%  1033 1060s
H14745    25                    10139.000000 5894.88748  41.9%  1033 1062s
H14745    21                    10067.000000 5894.88748  41.4%  1033 1064s
H14745    18                    10058.000000 5894.88748  41.4%  1033 1066s
H14745    14                    10049.000000 5894.88748  41.3%  1033 1066s
H14745    11                    10035.000000 5894.88748  41.3%  1033 1067s
H14745     8                    10034.000000 5894.88748  41.3%  1033 1068s
H14745     5                    10005.000000 5894.88748  41.1%  1033 1068s
H14745     2                    9998.0000000 5894.88748  41.0%  1033 1069s
H14745     0                    9991.0000000 5894.88748  41.0%  1033 1074s
H14745     0                    9985.0000000 5894.88748  41.0%  1033 1074s
H14745     0                    9971.0000000 5894.88748  40.9%  1033 1074s
H14745     0                    9970.0000000 5894.88748  40.9%  1033 1075s
H14745     0                    9965.0000000 5894.88748  40.8%  1033 1075s
H14745     0                    9964.0000000 5894.88748  40.8%  1033 1075s
H14745     0                    9958.0000000 5894.88748  40.8%  1033 1075s
H14745     0                    9908.0000000 5894.88748  40.5%  1033 1075s
H14745     0                    9893.0000000 5894.88748  40.4%  1033 1077s
H14745     0                    9890.0000000 5894.88748  40.4%  1033 1077s
H14745     0                    9886.0000000 5894.88748  40.4%  1033 1077s
H14745     0                    9853.0000000 5894.88748  40.2%  1033 1077s
H14745     0                    9846.0000000 5894.88748  40.1%  1033 1078s
H14745     0                    9824.0000000 5894.88748  40.0%  1033 1078s
H14745     0                    9822.0000000 5894.88748  40.0%  1033 1079s
H14745     0                    9816.0000000 5894.88748  39.9%  1033 1079s
H14745     0                    9815.0000000 5894.88748  39.9%  1033 1079s
H14745     0                    9797.0000000 5894.88748  39.8%  1033 1079s
H14745     0                    9772.0000000 5894.88748  39.7%  1033 1079s
 14747     0 5901.31808  132 2392 9772.00000 5901.31808  39.6%  1033 1086s
 14748     0 5903.40137  254 2384 9772.00000 5903.40137  39.6%  1033 1090s
 14756     0 5903.97443   99 2500 9772.00000 5903.97443  39.6%  1032 1096s
H14756     0                    9770.0000000 5932.65326  39.3%  1032 1107s
H14756     0                    9766.0000000 5932.65326  39.3%  1032 1107s
 14758     0 5937.93129   44 2571 9766.00000 5937.93129  39.2%  1032 1114s
 14759     0 5940.32279  133 2392 9766.00000 5940.32279  39.2%  1032 1119s
 14760     0 5940.84649  464 2480 9766.00000 5940.84649  39.2%  1032 1121s
 14765     0 5941.33011   27 2565 9766.00000 5941.33011  39.2%  1032 1125s
 14766     0 5941.33011  205 2566 9766.00000 5941.33011  39.2%  1032 1130s
 14767     0 5963.85354  300 2287 9766.00000 5963.85354  38.9%  1032 1140s
 14768     0 5976.77640  340 2390 9766.00000 5976.77640  38.8%  1032 1148s
 14769     0 5979.86511   56 2532 9766.00000 5979.86511  38.8%  1032 1153s
 14770     0 5980.27004  286 2484 9766.00000 5980.27004  38.8%  1031 1155s
 14774     0 5980.77646  128 2529 9766.00000 5980.77646  38.8%  1031 1160s
 14778     0 5980.84026  317 2394 9766.00000 5980.84026  38.8%  1031 1165s
 14779     0 6004.94518  211 2575 9766.00000 6004.94518  38.5%  1031 1177s
 14780     0 6011.42236  188 2355 9766.00000 6011.42236  38.4%  1031 1184s
 14781     0 6013.06085   20 2418 9766.00000 6013.06085  38.4%  1031 1187s
 14783     0 6013.82521  121 2543 9766.00000 6013.82521  38.4%  1031 1191s
 14790     0 6041.18531   31 2400 9766.00000 6041.18531  38.1%  1030 1205s
 14791     0 6045.24603   26 2469 9766.00000 6045.24603  38.1%  1030 1211s
 14792     0 6047.19214  128 2348 9766.00000 6047.19214  38.1%  1030 1215s
H14798     0                    9759.0000000 6074.07108  37.8%  1030 1229s
 14800     0 6079.88578  239 2251 9759.00000 6079.88578  37.7%  1029 1235s
 14802     0 6085.61081   19 2512 9759.00000 6085.61081  37.6%  1029 1242s
 14804     1 6086.43484  145 2423 9759.00000 6086.43484  37.6%  1029 1245s
 14811     5 6114.05833  227 2353 9759.00000 6114.05833  37.3%  1029 1259s
 14812     6 6120.20395  325 2441 9759.00000 6120.20395  37.3%  1029 1266s
 14814     7 6123.18233  122 2623 9759.00000 6123.18233  37.3%  1028 1272s
 14817     9 6123.59177  161 2622 9759.00000 6123.59177  37.3%  1028 1275s
H14821     8                    9744.0000000 6146.77106  36.9%  1028 1287s
 14823     9 6152.22428   70 2547 9744.00000 6152.22428  36.9%  1028 1294s
 14824    10 6153.68995   66 2591 9744.00000 6153.68995  36.8%  1028 1297s
 14826    11 6154.66112   11 2750 9744.00000 6154.66112  36.8%  1028 1300s
 14834    17 6174.88106  236 2734 9744.00000 6174.88106  36.6%  1027 1313s
 14835    17 6180.15677  222 2674 9744.00000 6180.15677  36.6%  1027 1319s
 14836    18 6181.14112   68 2877 9744.00000 6181.14112  36.6%  1027 1322s
 14840    21 6181.42499  100 2809 9744.00000 6181.42499  36.6%  1027 1325s
H14843    18                    9739.0000000 6198.82497  36.4%  1026 1337s
H14843    12                    9731.0000000 6198.82497  36.3%  1026 1337s
H14843     8                    9730.0000000 6198.82497  36.3%  1026 1337s
 14845     9 6201.98852  212 2537 9730.00000 6201.98852  36.3%  1026 1341s
 14847    10 6203.18918  132 2735 9730.00000 6203.18918  36.2%  1026 1345s
 14853    14 6215.99556   82 2627 9730.00000 6215.99556  36.1%  1026 1358s
 14854    15 6219.81969  118 2596 9730.00000 6219.81969  36.1%  1026 1362s
 14855    16 6220.72856  192 2629 9730.00000 6220.72856  36.1%  1026 1365s
H14862    14                    9728.0000000 6237.79581  35.9%  1025 1378s
 14864    16 6242.11638   99 2567 9728.00000 6242.11638  35.8%  1025 1384s
 14865    16 6243.86208   27 2526 9728.00000 6243.86208  35.8%  1025 1387s
 14868    18 6244.29538  340 2559 9728.00000 6244.29538  35.8%  1025 1390s
 14876    24 6259.56448  108 2660 9728.00000 6259.56448  35.7%  1024 1402s
 14877    24 6263.12120   55 2639 9728.00000 6263.12120  35.6%  1024 1408s
 14878    25 6264.20344  317 2817 9728.00000 6264.20344  35.6%  1024 1411s
 14883    28 6264.82663  121 2873 9728.00000 6264.82663  35.6%  1024 1415s
H14883    22                    9713.0000000 6280.71816  35.3%  1024 1426s
 14885    24 6283.57566  104 2882 9713.00000 6283.57566  35.3%  1024 1431s
 14887    25 6285.29025   53 2902 9713.00000 6285.29025  35.3%  1023 1437s
 14894    30 6298.84994  154 2710 9713.00000 6298.84994  35.2%  1023 1450s
 14895    30 6301.90419  243 2856 9713.00000 6301.90419  35.1%  1023 1456s
 14897    32 6303.11643   76 2949 9713.00000 6303.11643  35.1%  1023 1461s
H14903    29                    9711.0000000 6314.81519  35.0%  1022 1473s
 14905    30 6318.27284  215 2770 9711.00000 6318.27284  34.9%  1022 1479s
 14906    31 6320.28363  227 2925 9711.00000 6320.28363  34.9%  1022 1483s
 14907    31 6320.72218   69 2796 9711.00000 6320.72218  34.9%  1022 1486s
 14914    36 6333.21932  122 2725 9711.00000 6333.21932  34.8%  1022 1499s
 14915    37 6336.49049  230 2796 9711.00000 6336.49049  34.7%  1021 1504s
 14916    37 6337.85948   43 2899 9711.00000 6337.85948  34.7%  1021 1508s
 14918    39 6338.33334  266 2951 9711.00000 6338.33334  34.7%  1021 1511s
H14923    34                    9703.0000000 6351.27774  34.5%  1021 1524s
 14925    35 6354.30007   55 2603 9703.00000 6354.30007  34.5%  1021 1529s
 14926    36 6355.37237   11 2766 9703.00000 6355.37237  34.5%  1021 1532s
 14928    37 6356.21249   99 2799 9703.00000 6356.21249  34.5%  1021 1535s
 14935    42 6368.69559  222 2844 9703.00000 6368.69559  34.4%  1020 1549s
 14936    43 6372.19418   68 2689 9703.00000 6372.19418  34.3%  1020 1554s
 14937    43 6373.68527   45 2725 9703.00000 6373.68527  34.3%  1020 1558s
 14939    45 6374.32879   41 2755 9703.00000 6374.32879  34.3%  1020 1561s
 14945    49 6374.54095  212 2867 9703.00000 6374.54095  34.3%  1019 1565s
H14945    41                    9698.0000000 6393.30710  34.1%  1019 1578s
H14945    33                    9696.0000000 6393.30710  34.1%  1019 1578s
 14947    34 6398.77429  132 2574 9696.00000 6398.77429  34.0%  1019 1585s
 14948    35 6401.84296  254 2805 9696.00000 6401.84296  34.0%  1019 1590s
 14950    36 6403.37061  382 2843 9696.00000 6403.37061  34.0%  1019 1596s
 14957    41 6403.63422   33 2924 9696.00000 6403.63422  34.0%  1019 1600s
H14959    33                    9684.0000000 6419.38687  33.7%  1018 1612s
H14959    26                    9607.0000000 6419.38687  33.2%  1018 1612s
H14959    18                    9568.0000000 6419.38687  32.9%  1018 1612s
H14959    11                    9563.0000000 6419.38687  32.9%  1018 1613s
 14961    12 6422.97783   85 2693 9563.00000 6422.97783  32.8%  1018 1619s
 14962    13 6424.76351   96 2707 9563.00000 6424.76351  32.8%  1018 1623s
 14963    14 6425.47328   79 2851 9563.00000 6425.47328  32.8%  1018 1626s
 14968    17 6425.87821  340 2936 9563.00000 6425.87821  32.8%  1018 1630s
H14970    11                    9552.0000000 6440.81267  32.6%  1018 1644s
 14972    13 6444.65413   42 2976 9552.00000 6444.65413  32.5%  1018 1650s
 14974    14 6445.95958  128 2980 9552.00000 6445.95958  32.5%  1017 1655s
 14981    19 6446.26783   20 3155 9552.00000 6446.26783  32.5%  1017 1660s
H14981    11                    9509.0000000 6459.40615  32.1%  1017 1674s
 14983    12 6461.28279  121 2788 9509.00000 6461.28279  32.1%  1017 1680s
 14985    13 6463.59776  104 2895 9509.00000 6463.59776  32.0%  1017 1687s
 14987    15 6463.87650   53 3100 9509.00000 6463.87650  32.0%  1017 1690s
H14995    13                    9497.0000000 6477.97633  31.8%  1016 1704s
H14995     5                    9495.0000000 6477.97633  31.8%  1016 1704s
H14995     0                    9493.0000000 6477.97633  31.8%  1016 1704s
H14995     0                    9491.0000000 6477.97633  31.7%  1016 1704s
 14997     0 6480.52260   76 2814 9491.00000 6480.52260  31.7%  1016 1709s
 14998     0 6482.06186  176 2972 9491.00000 6482.06186  31.7%  1016 1714s
 14999     0 6482.37409  178 2995 9491.00000 6482.37409  31.7%  1016 1716s
 15004     0 6482.62644  145 3103 9491.00000 6482.62644  31.7%  1015 1720s
H15004     0                    9490.0000000 6495.26733  31.6%  1015 1735s
H15004     0                    9487.0000000 6495.26733  31.5%  1015 1735s
H15004     0                    9457.0000000 6495.26733  31.3%  1015 1736s
H15004     0                    9455.0000000 6495.26733  31.3%  1015 1737s
H15004     0                    9427.0000000 6495.26733  31.1%  1015 1737s
H15004     0                    9425.0000000 6495.26733  31.1%  1015 1738s
H15004     0                    9408.0000000 6495.26733  31.0%  1015 1739s
H15004     0                    9405.0000000 6495.26733  30.9%  1015 1739s
H15004     0                    9394.0000000 6495.26733  30.9%  1015 1739s
H15004     0                    9387.0000000 6495.26733  30.8%  1015 1740s
H15004     0                    9384.0000000 6495.26733  30.8%  1015 1740s
H15004     0                    9368.0000000 6495.26733  30.7%  1015 1740s
H15004     0                    9364.0000000 6495.26733  30.6%  1015 1741s
H15004     0                    9350.0000000 6495.26733  30.5%  1015 1741s
 15006     0 6497.65190  227 3072 9350.00000 6497.65190  30.5%  1015 1748s
 15007     0 6498.77469   69 3034 9350.00000 6498.77469  30.5%  1015 1752s
 15008     0 6499.16006   87 2983 9350.00000 6499.16006  30.5%  1015 1755s
 15015     0 6499.56826  230 3164 9350.00000 6499.56826  30.5%  1015 1760s
H15018     0                    9348.0000000 6510.91628  30.3%  1014 1774s
 15020     0 6512.70649  186 3327 9348.00000 6512.70649  30.3%  1014 1780s
 15022     0 6513.84121  130 3309 9348.00000 6513.84121  30.3%  1014 1785s
 15028     0 6514.16933   99 3546 9348.00000 6514.16933  30.3%  1014 1790s
 15029     0 6521.40447  154 3132 9348.00000 6521.40447  30.2%  1014 1799s
 15030     0 6523.50757   96 3194 9348.00000 6523.50757  30.2%  1014 1804s
 15031     0 6524.28511   49 3329 9348.00000 6524.28511  30.2%  1014 1807s
 15033     0 6524.74995  173 3407 9348.00000 6524.74995  30.2%  1013 1810s
H15037     0                    9346.0000000 6535.68484  30.1%  1013 1823s
 15039     0 6538.38851   41 3284 9346.00000 6538.38851  30.0%  1013 1829s
 15040     0 6539.23202  100 3365 9346.00000 6539.23202  30.0%  1013 1833s
 15041     0 6539.48402   80 3337 9346.00000 6539.48402  30.0%  1013 1835s
 15047     0 6548.17266  132 3130 9346.00000 6548.17266  29.9%  1012 1849s
 15048     0 6550.56122  254 3396 9346.00000 6550.56122  29.9%  1012 1855s
 15050     0 6552.10406  382 3385 9346.00000 6552.10406  29.9%  1012 1861s
 15055     0 6552.29821  192 3438 9346.00000 6552.29821  29.9%  1012 1865s
 15056     0 6563.84897   99 3250 9346.00000 6563.84897  29.8%  1012 1877s
 15057     0 6566.74498   33 3160 9346.00000 6566.74498  29.7%  1012 1884s
 15058     0 6568.31894   44 3202 9346.00000 6568.31894  29.7%  1012 1891s
 15060     0 6568.81814  464 3476 9346.00000 6568.81814  29.7%  1012 1895s
H15067     0                    9337.0000000 6574.72529  29.6%  1011 1909s
H15067     0                    9330.0000000 6574.72529  29.5%  1011 1909s
H15067     0                    9270.0000000 6574.72529  29.1%  1011 1909s
H15067     0                    9256.0000000 6574.72529  29.0%  1011 1909s
H15067     0                    9251.0000000 6574.72529  28.9%  1011 1910s
H15067     0                    9235.0000000 6574.72529  28.8%  1011 1910s
H15067     0                    9232.0000000 6574.72529  28.8%  1011 1910s
H15067     0                    9229.0000000 6574.72529  28.8%  1011 1910s
H15067     0                    9228.0000000 6574.72529  28.8%  1011 1910s
 15069     0 6576.93300   56 3218 9228.00000 6576.93300  28.7%  1011 1917s
 15070     0 6577.52706  286 3426 9228.00000 6577.52706  28.7%  1011 1921s
 15073     0 6577.95203  394 3561 9228.00000 6577.95203  28.7%  1011 1925s
H15077     0                    9221.0000000 6585.26451  28.6%  1010 1937s
 15079     0 6586.77277  211 3160 9221.00000 6586.77277  28.6%  1010 1943s
 15080     0 6588.03044  188 3332 9221.00000 6588.03044  28.6%  1010 1947s
 15081     0 6588.60583   20 3273 9221.00000 6588.60583  28.5%  1010 1950s
 15085     0 6589.20265  104 3471 9221.00000 6589.20265  28.5%  1010 1955s
H15087     0                    9198.0000000 6596.50307  28.3%  1010 1967s
H15087     0                    9197.0000000 6596.50307  28.3%  1010 1967s
H15087     0                    9194.0000000 6596.50307  28.3%  1010 1967s
H15087     0                    9192.0000000 6596.50307  28.2%  1010 1967s
H15087     0                    9148.0000000 6596.50307  27.9%  1010 1967s
H15087     0                    9143.0000000 6596.50307  27.9%  1010 1967s
 15089     0 6598.83119  144 3313 9143.00000 6598.83119  27.8%  1010 1974s
 15090     0 6599.50684   31 3284 9143.00000 6599.50684  27.8%  1010 1978s
 15091     0 6599.79254   26 3390 9143.00000 6599.79254  27.8%  1010 1981s
 15094     0 6600.10783  154 3430 9143.00000 6600.10783  27.8%  1009 1985s
H15103     0                    9131.0000000 6604.06493  27.7%  1009 1996s
 15105     0 6605.48242  215 3413 9131.00000 6605.48242  27.7%  1009 2001s
 15107     0 6606.43054   69 3338 9131.00000 6606.43054  27.6%  1008 2006s
 15111     0 6606.71586  227 3564 9131.00000 6606.71586  27.6%  1008 2010s
H15114     0                    9129.0000000 6612.96026  27.6%  1008 2022s
H15114     0                    9125.0000000 6612.96026  27.5%  1008 2024s
H15114     0                    9088.0000000 6612.96026  27.2%  1008 2026s
H15114     0                    9085.0000000 6612.96026  27.2%  1008 2027s
H15114     0                    9084.0000000 6612.96026  27.2%  1008 2027s
H15114     0                    9074.0000000 6612.96026  27.1%  1008 2028s
H15114     0                    9060.0000000 6612.96026  27.0%  1008 2030s
 15116     0 6615.18105   43 3340 9060.00000 6615.18105  27.0%  1008 2037s
 15117     0 6616.00302  161 3339 9060.00000 6616.00302  27.0%  1008 2040s
 15120     0 6616.42620  186 3467 9060.00000 6616.42620  27.0%  1008 2045s
H15126     0                    9048.0000000 6626.29745  26.8%  1007 2056s
 15128     0 6627.85016   99 3357 9048.00000 6627.85016  26.7%  1007 2061s
 15130     0 6628.34992   96 3598 9048.00000 6628.34992  26.7%  1007 2066s
 15135     0 6635.70119  222 3209 9048.00000 6635.70119  26.7%  1007 2079s
 15136     0 6637.44385   68 3237 9048.00000 6637.44385  26.6%  1007 2083s
 15137     0 6637.78079   45 3174 9048.00000 6637.78079  26.6%  1006 2086s
 15140     0 6638.21693  100 3358 9048.00000 6638.21693  26.6%  1006 2090s
 15145     0 6645.47166  212 3422 9048.00000 6645.47166  26.6%  1006 2104s
 15146     0 6647.16052  116 3460 9048.00000 6647.16052  26.5%  1006 2109s
 15147     0 6648.47091  132 3573 9048.00000 6648.47091  26.5%  1006 2114s
 15148     0 6649.08981  254 3719 9048.00000 6649.08981  26.5%  1006 2116s
 15149     0 6649.94323  136 3675 9048.00000 6649.94323  26.5%  1006 2120s
 15152     0 6650.46094   42 3863 9048.00000 6650.46094  26.5%  1005 2125s
 15157     0 6657.74087   33 3568 9048.00000 6657.74087  26.4%  1005 2138s
 15158     0 6659.42175   44 3609 9048.00000 6659.42175  26.4%  1005 2144s
 15159     0 6660.21299  133 3690 9048.00000 6660.21299  26.4%  1005 2149s
 15160     0 6660.57611  464 3741 9048.00000 6660.57611  26.4%  1005 2152s
 15163     0 6660.81732   79 3800 9048.00000 6660.81732  26.4%  1005 2155s
H15168     0                    9045.0000000 6666.18371  26.3%  1004 2169s
 15170     0 6667.45344  286 3475 9045.00000 6667.45344  26.3%  1004 2175s
 15173     0 6668.23956  394 3796 9045.00000 6668.23956  26.3%  1004 2181s
 15182     0 6676.21269  183 3334 9045.00000 6676.21269  26.2%  1003 2197s
 15183     0 6679.50555  121 3367 9045.00000 6679.50555  26.2%  1003 2203s
 15184     0 6680.90962   74 3278 9045.00000 6680.90962  26.1%  1003 2208s
 15185     0 6681.49149  104 3487 9045.00000 6681.49149  26.1%  1003 2211s
 15187     0 6681.95192   53 3647 9045.00000 6681.95192  26.1%  1003 2215s
 15192     0 6688.53262  128 3383 9045.00000 6688.53262  26.1%  1003 2228s
 15193     0 6691.05593  251 3405 9045.00000 6691.05593  26.0%  1003 2235s
 15195     0 6691.98172  243 3572 9045.00000 6691.98172  26.0%  1003 2241s
 15198     0 6692.30126  176 3538 9045.00000 6692.30126  26.0%  1002 2245s
 15205     0 6696.76454  215 3647 9045.00000 6696.76454  26.0%  1002 2258s
 15206     0 6698.47287  227 3524 9045.00000 6698.47287  25.9%  1002 2265s
 15208     0 6699.39319   87 3732 9045.00000 6699.39319  25.9%  1002 2271s
 15214     0 6699.49527  122 3816 9045.00000 6699.49527  25.9%  1001 2275s
H15214     0                    9030.0000000 6702.09433  25.8%  1001 2282s
 15216     0 6703.41804   43 3571 9030.00000 6703.41804  25.8%  1001 2287s
 15217     0 6703.94394  161 3680 9030.00000 6703.94394  25.8%  1001 2290s
 15223     0 6704.27916   70 3657 9030.00000 6704.27916  25.8%  1001 2295s
H15225     0                    9003.0000000 6710.72886  25.5%  1001 2306s
 15227     0 6712.32146  219 3276 9003.00000 6712.32146  25.4%  1001 2311s
 15228     0 6713.24111   99 3360 9003.00000 6713.24111  25.4%  1000 2315s
 15234     0 6713.67835  236 3528 9003.00000 6713.67835  25.4%  1000 2320s
H15240     0                    9002.0000000 6719.22347  25.4%  1000 2332s
 15242     0 6721.05188  107 3421 9002.00000 6721.05188  25.3%  1000 2338s
 15243     0 6721.82305   73 3484 9002.00000 6721.82305  25.3%   999 2342s
 15245     0 6722.25072  212 3487 9002.00000 6722.25072  25.3%   999 2346s
 15249     0 6722.52568  136 3661 9002.00000 6722.52568  25.3%   999 2350s
H15251     0                    9001.0000000 6727.85249  25.3%   999 2361s
 15253     0 6729.73526   82 3879 9001.00000 6729.73526  25.2%   999 2369s
 15254     0 6730.28211  118 3926 9001.00000 6730.28211  25.2%   999 2373s
 15255     0 6730.67634  192 3941 9001.00000 6730.67634  25.2%   999 2375s
 15262     0 6730.88555   96 4042 9001.00000 6730.88555  25.2%   998 2380s
 15263     0 6735.12484   79 3776 9001.00000 6735.12484  25.2%   998 2390s
 15264     0 6736.12977   99 3731 9001.00000 6736.12977  25.2%   998 2396s
 15265     0 6736.59012   27 3959 9001.00000 6736.59012  25.2%   998 2400s
 15269     0 6736.92189   56 4011 9001.00000 6736.92189  25.2%   998 2405s
H15274     0                    9000.0000000 6742.23411  25.1%   997 2419s
H15274     0                    8999.0000000 6742.23411  25.1%   997 2420s
H15274     0                    8988.0000000 6742.23411  25.0%   997 2422s
 15276     0 6743.71591  108 3869 8988.00000 6743.71591  25.0%   997 2431s
 15277     0 6744.55471   55 3755 8988.00000 6744.55471  25.0%   997 2435s
 15279     0 6745.11710  211 3941 8988.00000 6745.11710  25.0%   997 2440s
 15286     0 6749.48721   70 3753 8988.00000 6749.48721  24.9%   997 2454s
 15287     0 6750.51520   53 3503 8988.00000 6750.51520  24.9%   997 2461s
 15288     0 6751.12320  227 3651 8988.00000 6751.12320  24.9%   997 2465s
 15291     0 6751.65758   26 3695 8988.00000 6751.65758  24.9%   996 2470s
 15299     0 6751.80217  178 3884 8988.00000 6751.80217  24.9%   996 2475s
 15300     0 6754.88150  239 3647 8988.00000 6754.88150  24.8%   996 2484s
 15301     0 6755.93580  490 3883 8988.00000 6755.93580  24.8%   996 2490s
 15304     0 6756.32320  145 3822 8988.00000 6756.32320  24.8%   995 2495s
 15309     0 6760.39888  169 3707 8988.00000 6760.39888  24.8%   995 2507s
 15310     0 6761.52196  277 3566 8988.00000 6761.52196  24.8%   995 2511s
 15315     0 6761.83486  230 3760 8988.00000 6761.83486  24.8%   995 2515s
 15316     0 6765.10952   43 3912 8988.00000 6765.10952  24.7%   995 2524s
 15317     0 6766.29227  161 4032 8988.00000 6766.29227  24.7%   995 2528s
 15318     0 6766.75936  266 4063 8988.00000 6766.75936  24.7%   995 2531s
 15320     0 6767.05187  186 4157 8988.00000 6767.05187  24.7%   994 2535s
 15326     0 6767.15606   11 4186 8988.00000 6767.15606  24.7%   994 2540s
 15327     0 6770.27710  219 4004 8988.00000 6770.27710  24.7%   994 2549s
 15328     0 6771.36130   99 4101 8988.00000 6771.36130  24.7%   994 2554s
 15329     0 6771.82048  154 4262 8988.00000 6771.82048  24.7%   994 2557s
 15331     0 6772.09233   49 4485 8988.00000 6772.09233  24.7%   994 2560s
H15337     0                    8976.0000000 6775.33455  24.5%   993 2573s
H15337     0                    8974.0000000 6775.33455  24.5%   993 2573s
H15337     0                    8968.0000000 6775.33455  24.4%   993 2573s
H15337     0                    8964.0000000 6775.33455  24.4%   993 2573s
 15339     0 6776.04894   41 3929 8964.00000 6776.04894  24.4%   993 2579s
 15340     0 6776.44341  100 3872 8964.00000 6776.44341  24.4%   993 2582s
 15342     0 6776.82858  107 4156 8964.00000 6776.82858  24.4%   993 2585s
H15346     0                    8960.0000000 6779.04093  24.3%   993 2595s
 15348     0 6779.74482  254 3943 8960.00000 6779.74482  24.3%   993 2600s
 15351     0 6780.43820   62 4306 8960.00000 6780.43820  24.3%   992 2605s
H15356     0                    8950.0000000 6784.70974  24.2%   992 2617s
H15356     0                    8940.0000000 6784.70974  24.1%   992 2617s
 15358     0 6785.80403   44 4207 8940.00000 6785.80403  24.1%   992 2622s
 15359     0 6786.44152  133 4204 8940.00000 6786.44152  24.1%   992 2626s
 15361     0 6786.75030   85 4287 8940.00000 6786.75030  24.1%   992 2630s
 15369     0 6788.92907   56 3991 8940.00000 6788.92907  24.1%   991 2642s
 15370     0 6789.61575  286 4244 8940.00000 6789.61575  24.1%   991 2647s
 15371     0 6789.89629  162 4291 8940.00000 6789.89629  24.1%   991 2650s
 15377     0 6790.07444   55 4410 8940.00000 6790.07444  24.0%   991 2655s
H15377     0                    8933.0000000 6792.32094  24.0%   991 2669s
H15377     0                    8931.0000000 6792.32094  23.9%   991 2674s
H15377     0                    8928.0000000 6792.32094  23.9%   991 2674s
 15378     0 6792.32094  317 3969 8928.00000 6792.32094  23.9%   991 2675s
 15379     0 6792.96183  211 4150 8928.00000 6792.96183  23.9%   991 2680s
 15382     0 6793.41297  183 4230 8928.00000 6793.41297  23.9%   990 2686s
 15389     0 6793.49486  144 4368 8928.00000 6793.49486  23.9%   990 2690s
H15389     0                    8926.0000000 6796.23607  23.9%   990 2700s
H15389     0                    8922.0000000 6796.23607  23.8%   990 2700s
H15389     0                    8921.0000000 6796.23607  23.8%   990 2700s
 15392     0 6797.33785  128 4300 8921.00000 6797.33785  23.8%   990 2708s
 15393     0 6797.54454  251 4107 8921.00000 6797.54454  23.8%   990 2710s
 15399     0 6800.00249  178 4107 8921.00000 6800.00249  23.8%   989 2724s
 15400     0 6800.79283  239 4206 8921.00000 6800.79283  23.8%   989 2729s
 15401     0 6801.14005  490 4167 8921.00000 6801.14005  23.8%   989 2733s
 15402     0 6801.36328   19 4230 8921.00000 6801.36328  23.8%   989 2736s
 15406     0 6801.53524  227 4204 8921.00000 6801.53524  23.8%   989 2740s
 15409     0 6804.95664  169 3829 8921.00000 6804.95664  23.7%   989 2753s
 15410     0 6805.64138  277 4109 8921.00000 6805.64138  23.7%   989 2757s
 15412     0 6805.86359  325 4197 8921.00000 6805.86359  23.7%   989 2760s
 15416     0 6807.66978   43 4127 8921.00000 6807.66978  23.7%   988 2771s
 15417     0 6808.26483  161 4358 8921.00000 6808.26483  23.7%   988 2776s
 15419     0 6808.54215  174 4353 8921.00000 6808.54215  23.7%   988 2780s
 15424     0 6810.46980   66 4423 8921.00000 6810.46980  23.7%   988 2792s
 15425     0 6810.94549   55 4462 8921.00000 6810.94549  23.7%   988 2795s
 15427     0 6811.36887  219 4630 8921.00000 6811.36887  23.6%   988 2800s
 15431     0 6813.24023   49 4235 8921.00000 6813.24023  23.6%   987 2811s
 15432     0 6814.34507   70 4212 8921.00000 6814.34507  23.6%   987 2816s
 15434     0 6814.74523  236 4346 8921.00000 6814.74523  23.6%   987 2820s
 15439     0 6816.31941   41 4307 8921.00000 6816.31941  23.6%   987 2831s
 15441     0 6816.91093   80 4416 8921.00000 6816.91093  23.6%   987 2837s
 15446     0 6817.00798  116 4565 8921.00000 6817.00798  23.6%   986 2840s
 15449     0 6818.58301  136 4231 8921.00000 6818.58301  23.6%   986 2848s
 15450     0 6819.11038  382 4203 8921.00000 6819.11038  23.6%   986 2851s
 15452     0 6819.40366   42 4366 8921.00000 6819.40366  23.6%   986 2856s
 15461     0 6819.45703   85 4522 8921.00000 6819.45703  23.6%   985 2860s
 15462     0 6820.45494   96 4268 8921.00000 6820.45494  23.5%   985 2866s
 15463     0 6820.87425   79 4513 8921.00000 6820.87425  23.5%   985 2870s
 15468     0 6821.15447  340 4569 8921.00000 6821.15447  23.5%   985 2875s
 15472     0 6822.96154   42 4028 8921.00000 6822.96154  23.5%   985 2884s
 15473     0 6823.64681  394 4247 8921.00000 6823.64681  23.5%   985 2889s
 15474     0 6824.06211  128 4331 8921.00000 6824.06211  23.5%   985 2892s
 15477     0 6824.20231   55 4573 8921.00000 6824.20231  23.5%   984 2895s
 15479     0 6825.57976  211 4132 8921.00000 6825.57976  23.5%   984 2903s
 15480     0 6826.22206  188 4312 8921.00000 6826.22206  23.5%   984 2907s
 15482     0 6826.60873  183 4377 8921.00000 6826.60873  23.5%   984 2910s
 15488     0 6828.54229  227 4402 8921.00000 6828.54229  23.5%   984 2921s
 15490     0 6829.12427   31 4452 8921.00000 6829.12427  23.4%   984 2926s
 15496     0 6829.23071  113 4601 8921.00000 6829.23071  23.4%   983 2931s
 15497     0 6829.89201   76 4246 8921.00000 6829.89201  23.4%   983 2935s
 15499     0 6830.30858  178 4457 8921.00000 6830.30858  23.4%   983 2940s
 15507     0 6831.46947   69 4143 8921.00000 6831.46947  23.4%   982 2951s
 15509     0 6832.07861  169 4126 8921.00000 6832.07861  23.4%   982 2956s
 15514     0 6832.23045  122 4289 8921.00000 6832.23045  23.4%   982 2960s
H15514     0                    8920.0000000 6834.30951  23.4%   982 2968s
 15516     0 6835.00838   43 4358 8920.00000 6835.00838  23.4%   982 2973s
 15517     0 6835.29278  161 4342 8920.00000 6835.29278  23.4%   982 2975s
 15522     0 6835.51292  130 4562 8920.00000 6835.51292  23.4%   982 2980s
 15528     0 6836.77929   99 4353 8920.00000 6836.77929  23.4%   981 2990s
 15530     0 6837.44320   96 4355 8920.00000 6837.44320  23.3%   981 2997s
 15533     0 6837.55744  173 4317 8920.00000 6837.55744  23.3%   981 3000s
 15537     0 6839.24039   45 4625 8920.00000 6839.24039  23.3%   981 3009s
 15538     0 6839.90859  101 4657 8920.00000 6839.90859  23.3%   981 3014s
 15539     0 6840.07256   41 4551 8920.00000 6840.07256  23.3%   980 3016s
 15543     0 6840.24719   73 4791 8920.00000 6840.24719  23.3%   980 3020s
H15546     0                    8917.0000000 6843.13197  23.3%   980 3031s
H15546     0                    8914.0000000 6843.13197  23.2%   980 3031s
 15548     0 6843.54222  254 4422 8914.00000 6843.54222  23.2%   980 3038s
 15549     0 6844.03941  136 4549 8914.00000 6844.03941  23.2%   980 3041s
 15552     0 6844.30020   42 4628 8914.00000 6844.30020  23.2%   980 3045s
H15558     0                    8908.0000000 6846.28017  23.1%   979 3057s
 15560     0 6847.18427  464 4082 8908.00000 6847.18427  23.1%   979 3061s
 15562     0 6847.59997   96 4233 8908.00000 6847.59997  23.1%   979 3066s
H15565     0                    8902.0000000 6850.07872  23.1%   979 3081s
H15565     0                    8899.0000000 6850.07872  23.0%   979 3083s
H15565     0                    8898.0000000 6850.07872  23.0%   979 3084s
H15565     0                    8897.0000000 6850.07872  23.0%   979 3086s
 15567     0 6850.99724  300 4042 8897.00000 6850.99724  23.0%   979 3094s
 15568     0 6851.37364  340 4093 8897.00000 6851.37364  23.0%   979 3097s
 15569     0 6851.68461   56 4389 8897.00000 6851.68461  23.0%   979 3100s
 15574     0 6851.92740  128 4358 8897.00000 6851.92740  23.0%   978 3105s
H15577     0                    8894.0000000 6854.30365  22.9%   978 3116s
 15580     0 6854.89049  188 4474 8894.00000 6854.89049  22.9%   978 3121s
 15583     0 6855.05744  121 4572 8894.00000 6855.05744  22.9%   978 3125s
 15587     0 6856.31612   53 4200 8894.00000 6856.31612  22.9%   977 3134s
 15588     0 6856.68966  227 4189 8894.00000 6856.68966  22.9%   977 3137s
 15591     0 6856.90402   26 4433 8894.00000 6856.90402  22.9%   977 3141s
 15594     0 6858.23240  154 4223 8894.00000 6858.23240  22.9%   977 3149s
 15595     0 6858.68914  243 4593 8894.00000 6858.68914  22.9%   977 3152s
 15597     0 6858.92284   76 4379 8894.00000 6858.92284  22.9%   977 3155s
 15604     0 6860.14173  145 4596 8894.00000 6860.14173  22.9%   976 3166s
 15605     0 6860.72911  215 4410 8894.00000 6860.72911  22.9%   976 3171s
 15608     0 6861.09755   87 4452 8894.00000 6861.09755  22.9%   976 3176s
 15614     0 6861.14455  122 4703 8894.00000 6861.14455  22.9%   976 3180s
H15614     0                    8892.0000000 6863.11977  22.8%   976 3186s
 15616     0 6863.76319   43 4277 8892.00000 6863.76319  22.8%   976 3191s
 15619     0 6864.04702  174 4506 8892.00000 6864.04702  22.8%   975 3195s
 15624     0 6865.90437   66 4625 8892.00000 6865.90437  22.8%   975 3208s
 15625     0 6866.62212   55 4510 8892.00000 6866.62212  22.8%   975 3213s
 15626     0 6866.85561   11 4685 8892.00000 6866.85561  22.8%   975 3216s
 15628     0 6867.11006   99 4701 8892.00000 6867.11006  22.8%   975 3220s
 15632     0 6868.34705   70 4660 8892.00000 6868.34705  22.8%   975 3230s
 15634     0 6868.87596  236 4768 8892.00000 6868.87596  22.8%   974 3237s
 15636     0 6869.03268   68 4853 8892.00000 6869.03268  22.8%   974 3240s
 15642     0 6870.52106  107 4657 8892.00000 6870.52106  22.7%   974 3252s
 15646     3 6870.52106  116  911 8892.00000 6870.52106  22.7%  1102 3258s
 15647     4 6870.52106  132  987 8892.00000 6870.52106  22.7%  1102 3260s
 15648     5 6870.52106  254 1123 8892.00000 6870.52106  22.7%  1102 3265s
 15649     5 6870.52106  136 1283 8892.00000 6870.52106  22.7%  1101 3272s
 15650     6 6870.52106  382 1495 8892.00000 6870.52106  22.7%  1101 3282s
H15650     5                    8891.0000000 6870.52106  22.7%  1101 3290s
 15652     6 6870.52106   42 1734 8891.00000 6870.52106  22.7%  1101 3302s
 15653     7 6870.52106   82 1915 8891.00000 6870.52106  22.7%  1101 3316s
 15654     8 6870.52106  118 2068 8891.00000 6870.52106  22.7%  1101 3330s
 15655     8 6870.52106  192 2242 8891.00000 6870.52106  22.7%  1101 3345s
H15655     7                    8887.0000000 6870.52106  22.7%  1101 3363s
 15657     9 6870.52186   33 2559 8887.00000 6870.52186  22.7%  1101 3380s
 15658     9 6870.52186   44 3007 8887.00000 6870.52186  22.7%  1101 3397s
 15659    10 6870.94751  133 3442 8887.00000 6870.94751  22.7%  1101 3416s
 15660    11 6870.94751  464 3080 8887.00000 6870.94751  22.7%  1101 3430s
 15661    11 6870.94751   85 3843 8887.00000 6870.94751  22.7%  1101 3448s
 15662    12 6870.94751   96 3869 8887.00000 6870.94751  22.7%  1101 3460s
 15663    13 6870.94751   79 4072 8887.00000 6870.94751  22.7%  1101 3469s
 15664    13 6870.94751   99 4128 8887.00000 6870.94751  22.7%  1100 3479s
 15665    14 6870.94751   27 4356 8887.00000 6870.94751  22.7%  1100 3485s
 15666    15 6870.94751  205 4191 8887.00000 6870.94751  22.7%  1100 3490s
 15668    16 6870.94751  340 4514 8887.00000 6870.94751  22.7%  1100 3495s
 15672    19 6870.94751   42 4589 8887.00000 6870.94751  22.7%  1100 3500s
 15673    19 6875.90755  394 4063 8887.00000 6875.90755  22.6%  1100 3515s
 15674    20 6877.31379  128 3787 8887.00000 6877.31379  22.6%  1100 3521s
 15676    21 6877.70363  108 3754 8887.00000 6877.70363  22.6%  1100 3525s
 15680    24 6881.01577  188 3889 8887.00000 6881.01577  22.6%  1099 3539s
 15681    25 6881.75526   20 3749 8887.00000 6881.75526  22.6%  1099 3542s
 15684    27 6881.92632   74 3972 8887.00000 6881.92632  22.6%  1099 3545s
 15686    28 6884.08165   70 3743 8887.00000 6884.08165  22.5%  1099 3555s
 15687    29 6884.88920   53 3912 8887.00000 6884.88920  22.5%  1099 3560s
 15692    32 6885.10361  128 3955 8887.00000 6885.10361  22.5%  1098 3565s
H15692    30                    8886.0000000 6886.56841  22.5%  1098 3573s
 15694    31 6887.19392  154 3880 8886.00000 6887.19392  22.5%  1098 3577s
 15696    33 6887.34940  113 3892 8886.00000 6887.34940  22.5%  1098 3580s
 15701    36 6889.85785  490 3783 8886.00000 6889.85785  22.5%  1098 3598s
 15702    37 6890.93132   19 3774 8886.00000 6890.93132  22.5%  1098 3604s
 15703    37 6891.09346  349 3690 8886.00000 6891.09346  22.4%  1098 3606s
 15709    41 6891.16226  169 3948 8886.00000 6891.16226  22.4%  1097 3611s
 15710    42 6893.57450  277 4030 8886.00000 6893.57450  22.4%  1097 3621s
 15711    43 6893.99601  227 3747 8886.00000 6893.99601  22.4%  1097 3625s
 15716    46 6894.17081   43 3976 8886.00000 6894.17081  22.4%  1097 3631s
 15717    47 6896.14108  161 3875 8886.00000 6896.14108  22.4%  1097 3639s
 15718    47 6897.20747  266 3910 8886.00000 6897.20747  22.4%  1097 3644s
 15719    48 6897.49338  174 4014 8886.00000 6897.49338  22.4%  1097 3646s
 15724    51 6897.60269   66 4173 8886.00000 6897.60269  22.4%  1096 3652s
 15725    52 6900.54776   55 3482 8886.00000 6900.54776  22.3%  1096 3661s
 15726    53 6901.60778   11 3744 8886.00000 6901.60778  22.3%  1096 3667s
 15727    53 6902.00367  219 3802 8886.00000 6902.00367  22.3%  1096 3670s
 15733    57 6902.17744  173 3984 8886.00000 6902.17744  22.3%  1096 3677s
 15734    58 6903.92522  236 3842 8886.00000 6903.92522  22.3%  1096 3685s
 15735    59 6904.79532  222 4006 8886.00000 6904.79532  22.3%  1095 3691s
 15739    61 6905.08404   41 4199 8886.00000 6905.08404  22.3%  1095 3695s
 15742    63 6906.65214  107 3850 8886.00000 6906.65214  22.3%  1095 3705s
 15744    65 6907.29901   19 4034 8886.00000 6907.29901  22.3%  1095 3711s
 15751    69 6907.36826   62 4118 8886.00000 6907.36826  22.3%  1094 3716s
H15751    64                    8884.0000000 6909.15163  22.2%  1094 3731s
 15753    66 6909.67239   82 4011 8884.00000 6909.67239  22.2%  1094 3736s
 15756    68 6909.96756   99 4113 8884.00000 6909.96756  22.2%  1094 3740s
 15763    72 6910.06309   79 4160 8884.00000 6910.06309  22.2%  1094 3746s
 15764    73 6912.00695   99 3940 8884.00000 6912.00695  22.2%  1093 3752s
 15765    74 6912.63350   27 4004 8884.00000 6912.63350  22.2%  1093 3757s
 15767    75 6912.87334  300 3989 8884.00000 6912.87334  22.2%  1093 3760s
 15772    78 6913.86103   42 3951 8884.00000 6913.86103  22.2%  1093 3771s
 15774    80 6914.20880  128 4072 8884.00000 6914.20880  22.2%  1093 3776s
 15778    82 6914.25858  317 4101 8884.00000 6914.25858  22.2%  1092 3780s
H15778    75                    8882.0000000 6915.39861  22.1%  1092 3788s
 15780    77 6915.67670  188 3859 8882.00000 6915.67670  22.1%  1092 3791s
 15784    79 6915.88083   74 4130 8882.00000 6915.88083  22.1%  1092 3795s
 15788    82 6915.88847  227 4128 8882.00000 6915.88847  22.1%  1092 3800s
 15789    83 6918.42632  144 3790 8882.00000 6918.42632  22.1%  1092 3809s
 15790    83 6919.19595   31 3920 8882.00000 6919.19595  22.1%  1092 3814s
 15791    84 6919.38760   26 3978 8882.00000 6919.38760  22.1%  1092 3816s
 15796    87 6919.50425  113 4128 8882.00000 6919.50425  22.1%  1091 3823s
 15797    88 6922.09990   76 3839 8882.00000 6922.09990  22.1%  1091 3833s
 15798    89 6922.82125  176 3699 8882.00000 6922.82125  22.1%  1091 3838s
 15799    89 6923.06905  178 3792 8882.00000 6923.06905  22.1%  1091 3840s
 15805    93 6923.29799  215 3846 8882.00000 6923.29799  22.1%  1091 3845s
H15808    88                    8880.0000000 6925.70268  22.0%  1090 3861s
H15808    81                    8879.0000000 6925.70268  22.0%  1090 3861s
H15808    74                    8878.0000000 6925.70268  22.0%  1090 3862s
 15810    76 6926.45551  277 3837 8878.00000 6926.45551  22.0%  1090 3868s
 15811    76 6926.63195  227 3928 8878.00000 6926.63195  22.0%  1090 3870s
 15818    81 6928.27472  266 3778 8878.00000 6928.27472  22.0%  1090 3881s
 15819    82 6929.01479  174 3496 8878.00000 6929.01479  22.0%  1090 3885s
 15822    84 6929.35450  130 3950 8878.00000 6929.35450  21.9%  1089 3890s
 15829    88 6931.86748  154 4073 8878.00000 6931.86748  21.9%  1089 3902s
 15830    89 6932.92634   96 4138 8878.00000 6932.92634  21.9%  1089 3908s
 15831    90 6933.33828   49 4098 8878.00000 6933.33828  21.9%  1089 3911s
 15833    91 6933.63027  173 4190 8878.00000 6933.63027  21.9%  1089 3915s
 15838    94 6936.17665  101 3875 8878.00000 6936.17665  21.9%  1088 3926s
 15839    95 6936.75699   41 3899 8878.00000 6936.75699  21.9%  1088 3930s
 15843    98 6936.99836   73 3989 8878.00000 6936.99836  21.9%  1088 3935s
 15850   102 6938.98744  382 3876 8878.00000 6938.98744  21.8%  1088 3945s
 15852   104 6939.91907   42 4018 8878.00000 6939.91907  21.8%  1087 3951s
 15855   106 6940.14259  192 4210 8878.00000 6940.14259  21.8%  1087 3955s
 15859   108 6942.30248  133 3767 8878.00000 6942.30248  21.8%  1087 3964s
 15860   109 6943.17263  464 3739 8878.00000 6943.17263  21.8%  1087 3968s
 15861   110 6943.59378   85 3714 8878.00000 6943.59378  21.8%  1087 3971s
 15865   112 6946.23835   27 3773 8878.00000 6946.23835  21.8%  1086 3983s
 15866   113 6947.07073  205 3966 8878.00000 6947.07073  21.7%  1086 3988s
 15867   114 6947.36949  300 4025 8878.00000 6947.36949  21.7%  1086 3991s
 15873   118 6947.55071  394 4049 8878.00000 6947.55071  21.7%  1086 3995s
 15874   118 6948.73092  128 3765 8878.00000 6948.73092  21.7%  1086 4001s
 15875   119 6949.43688   96 3809 8878.00000 6949.43688  21.7%  1086 4005s
 15877   120 6949.86076   55 4008 8878.00000 6949.86076  21.7%  1086 4010s
 15881   123 6951.14280   20 3848 8878.00000 6951.14280  21.7%  1085 4020s
 15883   124 6951.69933  121 4217 8878.00000 6951.69933  21.7%  1085 4026s
 15888   128 6951.80627  227 4287 8878.00000 6951.80627  21.7%  1085 4030s
 15891   130 6952.99777   26 3830 8878.00000 6952.99777  21.7%  1085 4038s
 15892   130 6953.56211  128 3898 8878.00000 6953.56211  21.7%  1085 4043s
 15893   131 6953.73524  251 3781 8878.00000 6953.73524  21.7%  1085 4045s
 15898   134 6953.83538  176 3947 8878.00000 6953.83538  21.7%  1084 4050s
 15901   136 6955.72691  490 3933 8878.00000 6955.72691  21.7%  1084 4060s
 15903   138 6956.50997  349 3984 8878.00000 6956.50997  21.6%  1084 4067s
 15909   142 6956.56452  169 4011 8878.00000 6956.56452  21.6%  1083 4070s
 15910   142 6957.82639  277 3773 8878.00000 6957.82639  21.6%  1083 4077s
 15911   143 6958.36375  227 3713 8878.00000 6958.36375  21.6%  1083 4081s
 15914   145 6958.60414  122 3961 8878.00000 6958.60414  21.6%  1083 4085s
H15916   134                    8867.0000000 6960.58180  21.5%  1083 4095s
H15916   123                    8865.0000000 6960.58180  21.5%  1083 4095s
 15919   125 6961.52672  174 4015 8865.00000 6961.52672  21.5%  1083 4101s
 15923   128 6961.76054   70 4161 8865.00000 6961.76054  21.5%  1083 4105s
H15929   120                    8863.0000000 6963.45683  21.4%  1082 4114s
H15929   110                    8856.0000000 6963.45683  21.4%  1082 4114s
 15931   111 6964.31948   49 3950 8856.00000 6964.31948  21.4%  1082 4118s
 15932   112 6964.53344   70 4025 8856.00000 6964.53344  21.4%  1082 4121s
 15937   115 6964.72214   45 4178 8856.00000 6964.72214  21.4%  1082 4125s
H15939   106                    8855.0000000 6966.90797  21.3%  1081 4145s
 15941   107 6967.33086   80 3856 8855.00000 6967.33086  21.3%  1081 4151s
 15944   109 6967.53757   19 3853 8855.00000 6967.53757  21.3%  1081 4155s
 15946   110 6969.04489  116 3987 8855.00000 6969.04489  21.3%  1081 4164s
 15947   111 6969.58530  132 3947 8855.00000 6969.58530  21.3%  1081 4167s
 15949   112 6969.83203  136 4028 8855.00000 6969.83203  21.3%  1081 4171s
 15953   115 6969.97826   82 4104 8855.00000 6969.97826  21.3%  1081 4175s
 15955   116 6971.44230  192 4123 8855.00000 6971.44230  21.3%  1080 4182s
 15956   117 6971.87170   99 3970 8855.00000 6971.87170  21.3%  1080 4186s
 15959   119 6972.15164  133 4413 8855.00000 6972.15164  21.3%  1080 4190s
 15965   123 6973.32780   27 4137 8855.00000 6973.32780  21.2%  1080 4199s
 15966   124 6973.71283  205 4114 8855.00000 6973.71283  21.2%  1080 4203s
 15967   124 6973.82960  300 4140 8855.00000 6973.82960  21.2%  1080 4205s
 15975   130 6973.95024   96 4338 8855.00000 6973.95024  21.2%  1079 4210s
 15978   132 6974.97872  317 4059 8855.00000 6974.97872  21.2%  1079 4218s
 15979   132 6975.41437  211 4227 8855.00000 6975.41437  21.2%  1079 4221s
 15982   134 6975.70209  183 4315 8855.00000 6975.70209  21.2%  1079 4225s
 15986   137 6976.63431   70 3992 8855.00000 6976.63431  21.2%  1078 4234s
 15987   138 6976.90152   53 3995 8855.00000 6976.90152  21.2%  1078 4236s
 15990   140 6977.04572   31 4191 8855.00000 6977.04572  21.2%  1078 4240s
 15993   142 6978.22691  251 4180 8855.00000 6978.22691  21.2%  1078 4247s
 15994   142 6978.67182  154 4199 8855.00000 6978.67182  21.2%  1078 4250s
 15997   144 6979.03241   76 4183 8855.00000 6979.03241  21.2%  1078 4255s
 16002   148 6980.08893   19 4240 8855.00000 6980.08893  21.2%  1077 4262s
 16003   148 6980.47142  349 4312 8855.00000 6980.47142  21.2%  1077 4266s
 16005   150 6980.76292  215 4313 8855.00000 6980.76292  21.2%  1077 4270s
 16010   153 6982.09078  277 4260 8855.00000 6982.09078  21.2%  1077 4280s
 16011   154 6982.61030  227 4330 8855.00000 6982.61030  21.1%  1077 4285s
 16015   156 6982.93385  230 4356 8855.00000 6982.93385  21.1%  1076 4290s
 16018   158 6984.33532  266 4117 8855.00000 6984.33532  21.1%  1076 4298s
 16019   159 6984.72045  174 4170 8855.00000 6984.72045  21.1%  1076 4302s
 16020   160 6984.90631  186 4051 8855.00000 6984.90631  21.1%  1076 4305s
 16026   164 6985.81618   11 4072 8855.00000 6985.81618  21.1%  1076 4313s
 16027   164 6986.05756  219 4342 8855.00000 6986.05756  21.1%  1076 4317s
 16029   166 6986.18448  154 4342 8855.00000 6986.18448  21.1%  1075 4320s
 16037   171 6987.38356   45 4024 8855.00000 6987.38356  21.1%  1075 4330s
 16039   172 6987.80721   41 3969 8855.00000 6987.80721  21.1%  1075 4335s
 16046   177 6987.97694  116 4320 8855.00000 6987.97694  21.1%  1074 4340s
 16049   179 6989.28550  136 4004 8855.00000 6989.28550  21.1%  1074 4348s
 16050   180 6989.91670  382 3870 8855.00000 6989.91670  21.1%  1074 4351s
 16052   181 6990.16248   42 3936 8855.00000 6990.16248  21.1%  1074 4355s
 16059   186 6990.27444  133 4196 8855.00000 6990.27444  21.1%  1073 4361s
 16060   186 6990.75977  464 4145 8855.00000 6990.75977  21.1%  1073 4365s
 16062   188 6991.28560   96 3979 8855.00000 6991.28560  21.0%  1073 4370s
 16070   193 6991.42635  286 4238 8855.00000 6991.42635  21.0%  1073 4375s
 16072   194 6992.09463   42 4102 8855.00000 6992.09463  21.0%  1073 4381s
 16075   196 6992.44082   96 4245 8855.00000 6992.44082  21.0%  1072 4385s
 16082   201 6993.72746  183 4234 8855.00000 6993.72746  21.0%  1072 4394s
 16083   202 6994.20940  121 4257 8855.00000 6994.20940  21.0%  1072 4399s
 16084   202 6994.31371   74 4395 8855.00000 6994.31371  21.0%  1072 4401s
 16089   206 6994.37728  144 4401 8855.00000 6994.37728  21.0%  1071 4405s
 16090   206 6996.39560   31 4368 8855.00000 6996.39560  21.0%  1071 4415s
 16091   207 6997.35377   26 4129 8855.00000 6997.35377  21.0%  1071 4421s
H16092   190                    8853.0000000 6997.87618  21.0%  1071 4426s
 16098   194 6998.05000  176 4417 8853.00000 6998.05000  21.0%  1071 4430s
 16103   197 6999.10145  349 4257 8853.00000 6999.10145  20.9%  1070 4440s
 16106   199 6999.50318  227 4304 8853.00000 6999.50318  20.9%  1070 4445s
 16110   202 7000.39533  277 4168 8853.00000 7000.39533  20.9%  1070 4454s
 16111   202 7000.52777  227 4249 8853.00000 7000.52777  20.9%  1070 4456s
 16115   205 7000.71016  230 4234 8853.00000 7000.71016  20.9%  1070 4460s
 16118   207 7001.54314  266 4350 8853.00000 7001.54314  20.9%  1069 4467s
 16119   208 7002.10495  174 4351 8853.00000 7002.10495  20.9%  1069 4471s
 16122   210 7002.28849  130 4507 8853.00000 7002.28849  20.9%  1069 4475s
H16127   194                    8852.0000000 7003.39458  20.9%  1069 4498s
H16127   176                    8850.0000000 7003.39458  20.9%  1069 4498s
 16129   177 7003.98457  154 4576 8850.00000 7003.98457  20.9%  1069 4507s
 16131   179 7004.20270   49 4523 8850.00000 7004.20270  20.9%  1069 4510s
 16137   183 7004.28973   45 4621 8850.00000 7004.28973  20.9%  1068 4515s
 16138   183 7004.94969  101 4435 8850.00000 7004.94969  20.8%  1068 4520s
 16140   185 7005.31468  100 4512 8850.00000 7005.31468  20.8%  1068 4525s
 16147   189 7005.38590  132 4736 8850.00000 7005.38590  20.8%  1068 4530s
 16148   190 7006.75240  254 4369 8850.00000 7006.75240  20.8%  1067 4536s
 16149   191 7007.22117  136 4574 8850.00000 7007.22117  20.8%  1067 4540s
 16152   193 7007.43794   42 4627 8850.00000 7007.43794  20.8%  1067 4545s
 16160   198 7008.73614  464 4305 8850.00000 7008.73614  20.8%  1067 4555s
 16161   199 7009.34437   85 4420 8850.00000 7009.34437  20.8%  1067 4560s
 16164   201 7009.71345   99 4565 8850.00000 7009.71345  20.8%  1066 4565s
 16169   204 7010.81777   56 4501 8850.00000 7010.81777  20.8%  1066 4573s
 16170   205 7011.26141  286 4396 8850.00000 7011.26141  20.8%  1066 4577s
 16171   205 7011.49433  162 4375 8850.00000 7011.49433  20.8%  1066 4580s
 16176   209 7011.61808  108 4563 8850.00000 7011.61808  20.8%  1066 4585s
 16178   210 7012.47822  317 4464 8850.00000 7012.47822  20.8%  1065 4592s
 16180   211 7012.60773  188 4493 8850.00000 7012.60773  20.8%  1065 4595s
 16184   214 7013.67420   74 4640 8850.00000 7013.67420  20.7%  1065 4604s
 16185   215 7013.95981  104 4797 8850.00000 7013.95981  20.7%  1065 4608s
 16186   215 7014.15731   70 4624 8850.00000 7014.15731  20.7%  1065 4611s
 16190   218 7014.31719   31 4742 8850.00000 7014.31719  20.7%  1065 4615s
 16192   219 7016.02520  128 4381 8850.00000 7016.02520  20.7%  1065 4626s
 16193   220 7016.67701  251 4370 8850.00000 7016.67701  20.7%  1064 4631s
 16194   221 7017.04678  154 4470 8850.00000 7017.04678  20.7%  1064 4635s
 16196   222 7017.34130  113 4603 8850.00000 7017.34130  20.7%  1064 4640s
 16202   226 7017.48862   19 4772 8850.00000 7017.48862  20.7%  1064 4645s
 16204   227 7019.02030  145 4328 8850.00000 7019.02030  20.7%  1064 4653s
 16205   228 7019.40754  215 4462 8850.00000 7019.40754  20.7%  1064 4658s
 16206   229 7019.60179  227 4434 8850.00000 7019.60179  20.7%  1064 4661s
 16208   230 7019.95708   87 4606 8850.00000 7019.95708  20.7%  1064 4665s
 16213   233 7020.03850  137 4669 8850.00000 7020.03850  20.7%  1063 4670s
H16213   212                    8849.0000000 7021.18198  20.7%  1063 4677s
 16215   214 7021.73312  230 4279 8849.00000 7021.73312  20.6%  1063 4682s
 16216   214 7021.91203   43 4607 8849.00000 7021.91203  20.6%  1063 4685s
 16221   218 7022.06099  235 4726 8849.00000 7022.06099  20.6%  1063 4690s
 16225   220 7023.27770   55 4450 8849.00000 7023.27770  20.6%  1062 4700s
 16226   221 7023.90665   11 4507 8849.00000 7023.90665  20.6%  1062 4705s
 16229   223 7024.17888  154 4811 8849.00000 7024.17888  20.6%  1062 4710s
 16234   226 7025.16764  236 4501 8849.00000 7025.16764  20.6%  1062 4720s
 16236   228 7025.70935   68 4450 8849.00000 7025.70935  20.6%  1062 4727s
 16237   228 7025.79353   45 4689 8849.00000 7025.79353  20.6%  1062 4730s
 16243   232 7026.81330   73 4622 8849.00000 7026.81330  20.6%  1061 4739s
 16244   233 7027.12176   19 4647 8849.00000 7027.12176  20.6%  1061 4743s
 16245   234 7027.25367  212 4778 8849.00000 7027.25367  20.6%  1061 4745s
 16249   236 7027.43670  136 4783 8849.00000 7027.43670  20.6%  1061 4750s
 16252   238 7028.31732   42 4572 8849.00000 7028.31732  20.6%  1061 4758s
 16253   239 7028.68660   82 4579 8849.00000 7028.68660  20.6%  1061 4762s
 16254   240 7028.79350  118 4749 8849.00000 7028.79350  20.6%  1060 4765s
 16261   244 7028.91020   85 4855 8849.00000 7028.91020  20.6%  1060 4771s
 16263   246 7029.49237   79 4595 8849.00000 7029.49237  20.6%  1060 4777s
 16266   248 7029.57328  205 4682 8849.00000 7029.57328  20.6%  1060 4780s
 16269   250 7030.59871   56 4398 8849.00000 7030.59871  20.5%  1060 4788s
 16270   250 7031.08726  286 4591 8849.00000 7031.08726  20.5%  1059 4793s
 16271   251 7031.35762  162 4729 8849.00000 7031.35762  20.5%  1059 4796s
 16274   253 7031.46426  128 4878 8849.00000 7031.46426  20.5%  1059 4800s
 16278   256 7031.76868  317 4597 8849.00000 7031.76868  20.5%  1059 4806s
 16280   257 7031.98962  188 4734 8849.00000 7031.98962  20.5%  1059 4810s
 16286   261 7032.37240   70 4816 8849.00000 7032.37240  20.5%  1058 4817s
 16288   262 7032.51822  227 4826 8849.00000 7032.51822  20.5%  1058 4821s
 16292   265 7032.69840  128 4568 8849.00000 7032.69840  20.5%  1058 4826s
 16294   266 7032.89241  154 4777 8849.00000 7032.89241  20.5%  1058 4830s
 16301   271 7033.23178  490 4719 8849.00000 7033.23178  20.5%  1057 4837s
 16303   272 7033.45759  349 4614 8849.00000 7033.45759  20.5%  1057 4841s
 16309   276 7033.52272  169 4728 8849.00000 7033.52272  20.5%  1057 4845s
 16312   278 7033.87327  325 4789 8849.00000 7033.87327  20.5%  1057 4850s
 16318   282 7034.19676  266 4695 8849.00000 7034.19676  20.5%  1056 4857s
 16319   283 7034.36085  174 4660 8849.00000 7034.36085  20.5%  1056 4860s
 16326   288 7034.67295   11 4575 8849.00000 7034.67295  20.5%  1056 4867s
 16328   289 7034.82668   99 4666 8849.00000 7034.82668  20.5%  1056 4870s
 16332   292 7035.14374   70 4651 8849.00000 7035.14374  20.5%  1055 4876s
 16334   293 7035.31506  236 4596 8849.00000 7035.31506  20.5%  1055 4880s
 16339   296 7035.55063   41 4625 8849.00000 7035.55063  20.5%  1055 4887s
 16341   298 7035.66800   80 4676 8849.00000 7035.66800  20.5%  1055 4890s
 16347   302 7036.08200  132 4638 8849.00000 7036.08200  20.5%  1054 4896s
 16350   304 7036.25388  382 4792 8849.00000 7036.25388  20.5%  1054 4900s
 16357   308 7036.55977   33 4783 8849.00000 7036.55977  20.5%  1054 4906s
 16359   310 7037.11909  133 4570 8849.00000 7037.11909  20.5%  1054 4911s
 16364   313 7037.19362   99 4912 8849.00000 7037.19362  20.5%  1053 4915s
 16366   314 7037.50648  205 4767 8849.00000 7037.50648  20.5%  1053 4920s
 16370   317 7037.67713  286 4878 8849.00000 7037.67713  20.5%  1053 4925s
 16374   320 7037.88681  128 4757 8849.00000 7037.88681  20.5%  1053 4930s
 16379   323 7038.08114  211 4990 8849.00000 7038.08114  20.5%  1052 4935s
 16382   325 7038.56402  183 4717 8849.00000 7038.56402  20.5%  1052 4941s
 16385   327 7038.74165  104 4686 8849.00000 7038.74165  20.5%  1052 4945s
H16389   301                    8848.0000000 7038.93138  20.4%  1052 4960s
H16389   274                    8843.0000000 7038.93138  20.4%  1052 4967s
 16391   275 7039.00616   26 4856 8843.00000 7039.00616  20.4%  1052 4973s
 16393   276 7039.03425  251 4835 8843.00000 7039.03425  20.4%  1052 4975s
 16395   278 7039.37594  243 4534 8843.00000 7039.37594  20.4%  1051 4980s
 16398   280 7039.63069  176 4530 8843.00000 7039.63069  20.4%  1051 4985s
 16404   284 7040.70134  145 4245 8843.00000 7040.70134  20.4%  1051 4996s
 16405   284 7041.15297  215 4605 8843.00000 7041.15297  20.4%  1051 5000s
 16409   287 7041.36068  169 4653 8843.00000 7041.36068  20.4%  1050 5005s
 16412   289 7041.91394  325 4530 8843.00000 7041.91394  20.4%  1050 5012s
 16413   290 7042.22430  137 4583 8843.00000 7042.22430  20.4%  1050 5016s
 16415   291 7042.41215  230 4659 8843.00000 7042.41215  20.4%  1050 5020s
 16420   294 7042.77977  186 4712 8843.00000 7042.77977  20.4%  1050 5027s
 16421   295 7042.94151  235 4643 8843.00000 7042.94151  20.4%  1050 5030s
 16427   299 7043.03787  219 4880 8843.00000 7043.03787  20.4%  1049 5036s
 16429   300 7043.38805  154 4948 8843.00000 7043.38805  20.4%  1049 5041s
 16435   304 7043.46885  222 4999 8843.00000 7043.46885  20.3%  1049 5046s
 16436   305 7044.32951   68 4759 8843.00000 7044.32951  20.3%  1049 5051s
 16437   306 7044.73249   45 4755 8843.00000 7044.73249  20.3%  1049 5056s
 16439   307 7044.92496   41 4921 8843.00000 7044.92496  20.3%  1049 5060s
 16445   311 7044.98849  212 4950 8843.00000 7044.98849  20.3%  1048 5065s
 16447   312 7045.38143  132 4888 8843.00000 7045.38143  20.3%  1048 5071s
 16452   316 7045.49523   42 5190 8843.00000 7045.49523  20.3%  1048 5075s
 16454   317 7045.92929  118 5004 8843.00000 7045.92929  20.3%  1048 5081s
 16456   318 7046.18185   99 5124 8843.00000 7046.18185  20.3%  1047 5085s
 16462   322 7046.25377   96 5201 8843.00000 7046.25377  20.3%  1047 5091s
 16463   323 7046.61808   79 4886 8843.00000 7046.61808  20.3%  1047 5095s
 16467   326 7046.78913  300 4956 8843.00000 7046.78913  20.3%  1047 5100s
 16471   328 7047.41611  162 4900 8843.00000 7047.41611  20.3%  1047 5109s
 16472   329 7047.69787   42 5000 8843.00000 7047.69787  20.3%  1046 5113s
 16473   330 7047.78516  394 5040 8843.00000 7047.78516  20.3%  1046 5116s
 16477   332 7047.87762   55 5125 8843.00000 7047.87762  20.3%  1046 5120s
 16479   334 7048.03461  211 4962 8843.00000 7048.03461  20.3%  1046 5125s
 16484   337 7048.29255   74 4893 8843.00000 7048.29255  20.3%  1046 5132s
 16487   339 7048.41815   53 4891 8843.00000 7048.41815  20.3%  1046 5135s
 16492   342 7048.69174  128 4861 8843.00000 7048.69174  20.3%  1045 5141s
 16494   344 7048.86547  154 5093 8843.00000 7048.86547  20.3%  1045 5145s
 16498   346 7049.23000  176 4842 8843.00000 7049.23000  20.3%  1045 5152s
 16500   348 7049.37345  239 4896 8843.00000 7049.37345  20.3%  1045 5156s
 16505   351 7049.42226  215 5115 8843.00000 7049.42226  20.3%  1044 5161s
 16507   352 7049.75261   69 5134 8843.00000 7049.75261  20.3%  1044 5167s
 16510   354 7049.82709  277 5244 8843.00000 7049.82709  20.3%  1044 5170s
 16516   358 7050.01616   43 4796 8843.00000 7050.01616  20.3%  1044 5177s
 16519   360 7050.09994  174 5035 8843.00000 7050.09994  20.3%  1043 5180s
 16523   363 7050.32697   70 5237 8843.00000 7050.32697  20.3%  1043 5186s
 16528   366 7050.40980   99 5225 8843.00000 7050.40980  20.3%  1043 5190s
 16531   368 7050.98932   49 4914 8843.00000 7050.98932  20.3%  1043 5196s
 16535   372 7050.98932  222  911 8843.00000 7050.98932  20.3%  1124 5202s
 16537   374 7050.98932   45 1140 8843.00000 7050.98932  20.3%  1124 5209s
 16538   374 7050.98932  101 1333 8843.00000 7050.98932  20.3%  1124 5216s
 16539   375 7050.98932   41 1374 8843.00000 7050.98932  20.3%  1123 5225s
 16540   376 7050.98932  100 1597 8843.00000 7050.98932  20.3%  1123 5235s
 16541   376 7050.98932   80 1607 8843.00000 7050.98932  20.3%  1123 5247s
 16542   377 7050.98932  107 1837 8843.00000 7050.98932  20.3%  1123 5260s
 16543   378 7050.98932   73 1957 8843.00000 7050.98932  20.3%  1123 5276s
 16544   378 7050.98932   19 2070 8843.00000 7050.98932  20.3%  1123 5294s
 16545   379 7050.99242  212 2360 8843.00000 7050.99242  20.3%  1123 5311s
 16546   380 7050.99367  116 2659 8843.00000 7050.99367  20.3%  1123 5332s
 16547   380 7050.99367  132 2730 8843.00000 7050.99367  20.3%  1123 5351s
 16548   381 7051.35915  254 3314 8843.00000 7051.35915  20.3%  1123 5370s
 16549   382 7051.35915  136 3421 8843.00000 7051.35915  20.3%  1123 5390s
 16550   382 7051.35915  382 3846 8843.00000 7051.35915  20.3%  1123 5411s
 16551   383 7051.35915   62 3647 8843.00000 7051.35915  20.3%  1123 5427s
 16552   384 7051.35915   42 4200 8843.00000 7051.35915  20.3%  1123 5440s
 16553   384 7051.35915   82 4227 8843.00000 7051.35915  20.3%  1122 5455s
 16554   385 7051.35915  118 4387 8843.00000 7051.35915  20.3%  1122 5464s
 16555   386 7051.35915  192 4290 8843.00000 7051.35915  20.3%  1122 5471s
 16556   386 7051.35915   99 4318 8843.00000 7051.35915  20.3%  1122 5478s
 16557   387 7051.35915   33 4607 8843.00000 7051.35915  20.3%  1122 5482s
 16559   388 7051.35915  133 4733 8843.00000 7051.35915  20.3%  1122 5485s
H16561   370                    8840.0000000 7051.35915  20.2%  1122 5488s
 16564   372 7051.35915   99 4770 8840.00000 7051.35915  20.2%  1122 5492s
 16565   372 7052.34148   27 4477 8840.00000 7052.34148  20.2%  1122 5498s
 16566   373 7052.65422  205 4426 8840.00000 7052.65422  20.2%  1122 5502s
 16569   375 7052.69513   56 4389 8840.00000 7052.69513  20.2%  1121 5506s
 16570   376 7053.44517  286 4360 8840.00000 7053.44517  20.2%  1121 5512s
 16571   376 7053.68789  162 4317 8840.00000 7053.68789  20.2%  1121 5515s
 16575   379 7053.76755   96 4354 8840.00000 7053.76755  20.2%  1121 5520s
 16576   380 7054.35818  108 4378 8840.00000 7054.35818  20.2%  1121 5526s
 16581   383 7054.47757   20 4397 8840.00000 7054.47757  20.2%  1121 5532s
 16582   384 7055.55370  183 4392 8840.00000 7055.55370  20.2%  1121 5539s
 16583   384 7055.84964  121 4458 8840.00000 7055.84964  20.2%  1120 5542s
 16586   386 7055.90909   70 4559 8840.00000 7055.90909  20.2%  1120 5545s
 16589   388 7056.76024  144 4360 8840.00000 7056.76024  20.2%  1120 5560s
 16593   391 7056.96481  251 4370 8840.00000 7056.96481  20.2%  1120 5567s
 16594   392 7057.75486  154 4090 8840.00000 7057.75486  20.2%  1120 5571s
 16596   393 7058.01874  113 4364 8840.00000 7058.01874  20.2%  1120 5575s
 16601   396 7058.31229  490 4211 8840.00000 7058.31229  20.2%  1119 5583s
 16602   397 7058.40245   19 4360 8840.00000 7058.40245  20.2%  1119 5585s
 16607   400 7058.46963   69 4350 8840.00000 7058.46963  20.2%  1119 5590s
 16609   402 7059.15754  169 4369 8840.00000 7059.15754  20.1%  1119 5597s
 16613   404 7059.28390  137 4586 8840.00000 7059.28390  20.1%  1118 5602s
 16614   405 7059.60675  122 4530 8840.00000 7059.60675  20.1%  1118 5606s
 16618   408 7059.77481  266 4424 8840.00000 7059.77481  20.1%  1118 5610s
 16621   410 7060.60396  235 4373 8840.00000 7060.60396  20.1%  1118 5617s
 16622   410 7060.93855  130 4332 8840.00000 7060.93855  20.1%  1118 5620s
 16626   413 7061.11502   11 4613 8840.00000 7061.11502  20.1%  1118 5626s
 16627   414 7061.52591  219 4399 8840.00000 7061.52591  20.1%  1117 5643s
 16628   414 7061.69770   99 4354 8840.00000 7061.69770  20.1%  1117 5645s
 16633   418 7061.83378  173 4448 8840.00000 7061.83378  20.1%  1117 5652s
 16634   418 7062.34940  236 4318 8840.00000 7062.34940  20.1%  1117 5656s
 16637   420 7062.65475   45 4387 8840.00000 7062.65475  20.1%  1117 5660s
 16640   422 7063.17280  100 4126 8840.00000 7063.17280  20.1%  1117 5667s
 16642   424 7063.47986  107 4370 8840.00000 7063.47986  20.1%  1116 5671s
 16646   426 7063.50237  116 4587 8840.00000 7063.50237  20.1%  1116 5675s
 16648   428 7064.02811  254 4272 8840.00000 7064.02811  20.1%  1116 5681s
 16654   432 7064.11010  118 4388 8840.00000 7064.11010  20.1%  1116 5690s
 16655   432 7065.36132  192 4172 8840.00000 7065.36132  20.1%  1116 5698s
 16656   433 7065.89875   99 4297 8840.00000 7065.89875  20.1%  1116 5703s
 16657   434 7065.98919   33 4261 8840.00000 7065.98919  20.1%  1115 5705s
 16662   437 7066.04762   96 4411 8840.00000 7066.04762  20.1%  1115 5711s
 16663   438 7066.82048   79 4208 8840.00000 7066.82048  20.1%  1115 5719s
 16664   438 7067.01195   99 4262 8840.00000 7067.01195  20.1%  1115 5721s
 16669   442 7067.09901   56 4390 8840.00000 7067.09901  20.1%  1115 5725s
 16672   444 7067.55445   42 4213 8840.00000 7067.55445  20.1%  1114 5731s
 16678   448 7067.64375  317 4303 8840.00000 7067.64375  20.0%  1114 5736s
 16680   449 7068.04702  188 4313 8840.00000 7068.04702  20.0%  1114 5740s
 16685   452 7068.20987  104 4516 8840.00000 7068.20987  20.0%  1114 5746s
 16687   454 7068.53858   53 4309 8840.00000 7068.53858  20.0%  1113 5751s
 16693   458 7068.58091  251 4336 8840.00000 7068.58091  20.0%  1113 5756s
 16697   460 7068.65225   76 4393 8840.00000 7068.65225  20.0%  1113 5760s
 16703   464 7068.76059  349 4436 8840.00000 7068.76059  20.0%  1112 5765s
 16706   466 7069.00018  227 4530 8840.00000 7069.00018  20.0%  1112 5770s
 16711   470 7069.16031  227 4407 8840.00000 7069.16031  20.0%  1112 5776s
 16716   473 7069.26931   43 4530 8840.00000 7069.26931  20.0%  1112 5781s
 16718   474 7069.55440  266 4263 8840.00000 7069.55440  20.0%  1111 5785s
 16722   477 7069.85176  130 4382 8840.00000 7069.85176  20.0%  1111 5791s
 16726   480 7069.94169   11 4755 8840.00000 7069.94169  20.0%  1111 5795s
 16731   483 7070.09277   49 4570 8840.00000 7070.09277  20.0%  1111 5800s
 16734   485 7070.28951  236 4452 8840.00000 7070.28951  20.0%  1110 5806s
 16742   490 7070.37358  107 4395 8840.00000 7070.37358  20.0%  1110 5811s
 16744   492 7070.60660   19 4477 8840.00000 7070.60660  20.0%  1110 5815s
 16749   495 7071.02998  136 4339 8840.00000 7071.02998  20.0%  1109 5822s
 16751   496 7071.15407   62 4429 8840.00000 7071.15407  20.0%  1109 5825s
 16755   499 7071.80013  192 4195 8840.00000 7071.80013  20.0%  1109 5833s
 16756   500 7072.00281   99 4298 8840.00000 7072.00281  20.0%  1109 5836s
 16761   503 7072.09423   85 4380 8840.00000 7072.09423  20.0%  1109 5841s
 16763   504 7072.68773   79 4278 8840.00000 7072.68773  20.0%  1108 5847s
 16767   507 7072.72886  300 4429 8840.00000 7072.72886  20.0%  1108 5850s
 16770   509 7073.01953  286 4293 8840.00000 7073.01953  20.0%  1108 5855s
 16774   512 7073.26203  128 4253 8840.00000 7073.26203  20.0%  1108 5861s
 16778   514 7073.42412  317 4615 8840.00000 7073.42412  20.0%  1107 5865s
 16781   516 7073.69147   20 4155 8840.00000 7073.69147  20.0%  1107 5870s
 16785   519 7073.90449  104 4322 8840.00000 7073.90449  20.0%  1107 5875s
H16787   489                    8837.0000000 7074.01875  19.9%  1107 5880s
H16787   461                    8833.0000000 7074.01875  19.9%  1107 5880s
 16792   465 7074.20940  128 4550 8833.00000 7074.20940  19.9%  1107 5885s
 16796   467 7074.41430  113 4376 8833.00000 7074.41430  19.9%  1106 5890s
 16801   471 7074.58915  490 4430 8833.00000 7074.58915  19.9%  1106 5896s
H16801   443                    8832.0000000 7074.87751  19.9%  1106 5899s
H16801   416                    8828.0000000 7074.87751  19.9%  1106 5900s
 16806   419 7075.16266  227 4342 8828.00000 7075.16266  19.9%  1106 5905s
 16808   420 7075.41509   87 4439 8828.00000 7075.41509  19.9%  1105 5910s
 16812   423 7075.61777  325 4502 8828.00000 7075.61777  19.9%  1105 5915s
H16813   398                    8810.0000000 7075.86554  19.7%  1105 5920s
H16813   374                    8809.0000000 7075.86554  19.7%  1105 5921s
H16813   350                    8801.0000000 7075.86554  19.6%  1105 5921s
 16818   353 7075.97362  266 4655 8801.00000 7075.97362  19.6%  1105 5925s
H16820   332                    8796.0000000 7076.47494  19.5%  1105 5931s
 16823   334 7076.85087   70 4374 8796.00000 7076.85087  19.5%  1104 5936s
 16828   338 7076.94817   99 4631 8796.00000 7076.94817  19.5%  1104 5941s
 16830   339 7077.24066   96 4514 8796.00000 7077.24066  19.5%  1104 5945s
 16836   343 7077.59142   68 4609 8796.00000 7077.59142  19.5%  1104 5953s
 16837   344 7077.72977   45 4604 8796.00000 7077.72977  19.5%  1104 5955s
 16843   348 7077.82200   73 4586 8796.00000 7077.82200  19.5%  1103 5960s
 16844   348 7078.21059   19 4282 8796.00000 7078.21059  19.5%  1103 5968s
 16845   349 7078.31248  212 4705 8796.00000 7078.31248  19.5%  1103 5970s
 16851   353 7078.81690   62 4548 8796.00000 7078.81690  19.5%  1103 5978s
 16852   354 7078.98026   42 4458 8796.00000 7078.98026  19.5%  1103 5981s
 16857   357 7079.01722   33 4580 8796.00000 7079.01722  19.5%  1102 5985s
 16860   359 7079.30244  464 4637 8796.00000 7079.30244  19.5%  1102 5990s
 16865   362 7079.54105   27 4670 8796.00000 7079.54105  19.5%  1102 5996s
 16868   364 7079.71717  340 4804 8796.00000 7079.71717  19.5%  1102 6000s
 16875   369 7080.05559   96 4671 8796.00000 7080.05559  19.5%  1101 6007s
 16877   370 7080.18614   55 4702 8796.00000 7080.18614  19.5%  1101 6010s
 16881   373 7080.39022   20 4623 8796.00000 7080.39022  19.5%  1101 6016s
 16885   376 7080.53480  104 4635 8796.00000 7080.53480  19.5%  1100 6020s
 16888   378 7081.28358  227 4439 8796.00000 7081.28358  19.5%  1100 6027s
 16889   378 7081.52736  144 4589 8796.00000 7081.52736  19.5%  1100 6031s
 16893   381 7081.67506  251 4902 8796.00000 7081.67506  19.5%  1100 6035s
 16895   382 7081.98030  243 4726 8796.00000 7081.98030  19.5%  1100 6041s
 16898   384 7082.18845  176 4483 8796.00000 7082.18845  19.5%  1100 6046s
 16904   388 7082.24733  145 4751 8796.00000 7082.24733  19.5%  1099 6050s
 16906   390 7082.67419  227 4581 8796.00000 7082.67419  19.5%  1099 6057s
 16909   392 7082.75637  169 4672 8796.00000 7082.75637  19.5%  1099 6060s
 16914   395 7083.04378  122 4709 8796.00000 7083.04378  19.5%  1099 6067s
 16917   397 7083.13493  161 4759 8796.00000 7083.13493  19.5%  1098 6070s
H16918   371                    8795.0000000 7083.27493  19.5%  1098 6083s
H16918   346                    8793.0000000 7083.27493  19.4%  1098 6084s
H16918   323                    8792.0000000 7083.27493  19.4%  1098 6084s
 16919   323 7083.27493  174 4867 8792.00000 7083.27493  19.4%  1098 6086s
 16921   325 7083.38074  235 4915 8792.00000 7083.38074  19.4%  1098 6090s
 16925   327 7083.51387   55 4707 8792.00000 7083.51387  19.4%  1098 6096s
 16930   331 7083.59735   96 4922 8792.00000 7083.59735  19.4%  1097 6101s
 16933   333 7083.77260  173 4782 8792.00000 7083.77260  19.4%  1097 6105s
 16937   335 7083.94939   45 4625 8792.00000 7083.94939  19.4%  1097 6110s
 16943   339 7084.14589   73 4782 8792.00000 7084.14589  19.4%  1097 6115s
 16946   341 7084.38361  116 4586 8792.00000 7084.38361  19.4%  1096 6120s
 16948   343 7084.58132  254 4679 8792.00000 7084.58132  19.4%  1096 6125s
 16953   346 7084.67322   82 4848 8792.00000 7084.67322  19.4%  1096 6131s
 16960   351 7084.72124  464 4843 8792.00000 7084.72124  19.4%  1096 6135s
 16963   353 7084.93713   79 4742 8792.00000 7084.93713  19.4%  1095 6140s
 16966   355 7085.37627  205 4760 8792.00000 7085.37627  19.4%  1095 6146s
 16968   356 7085.58480  340 4628 8792.00000 7085.58480  19.4%  1095 6150s
 16972   359 7085.98108   42 4770 8792.00000 7085.98108  19.4%  1095 6158s
 16973   359 7086.11018  394 4669 8792.00000 7086.11018  19.4%  1095 6161s
 16976   361 7086.25343  108 4750 8792.00000 7086.25343  19.4%  1095 6165s
 16981   365 7086.79110   20 4783 8792.00000 7086.79110  19.4%  1094 6173s
 16982   365 7086.98147  183 4727 8792.00000 7086.98147  19.4%  1094 6175s
 16986   368 7087.06398   70 4875 8792.00000 7087.06398  19.4%  1094 6180s
 16988   369 7087.61509  227 4840 8792.00000 7087.61509  19.4%  1094 6186s
 16992   372 7087.68506  128 4866 8792.00000 7087.68506  19.4%  1093 6190s
 16994   373 7088.04819  154 4640 8792.00000 7088.04819  19.4%  1093 6195s
 16995   374 7088.26564  243 4646 8792.00000 7088.26564  19.4%  1093 6200s
 17000   377 7088.40706  239 4820 8792.00000 7088.40706  19.4%  1093 6205s
 17006   381 7088.97137  227 4514 8792.00000 7088.97137  19.4%  1093 6214s
 17007   382 7089.41411   69 4639 8792.00000 7089.41411  19.4%  1093 6219s
 17008   383 7089.58833   87 4764 8792.00000 7089.58833  19.4%  1092 6222s
 17011   385 7089.68491  227 4537 8792.00000 7089.68491  19.4%  1092 6225s
 17014   387 7090.15071  122 4647 8792.00000 7090.15071  19.4%  1092 6232s
 17015   387 7090.32453  230 4642 8792.00000 7090.32453  19.4%  1092 6235s
 17018   389 7090.52420  266 4762 8792.00000 7090.52420  19.4%  1092 6240s
 17022   392 7091.08552  130 4748 8792.00000 7091.08552  19.3%  1092 6248s
 17023   393 7091.26388   70 4629 8792.00000 7091.26388  19.3%  1092 6252s
 17027   395 7091.32125  219 4862 8792.00000 7091.32125  19.3%  1091 6256s
 17028   396 7091.69208   99 4720 8792.00000 7091.69208  19.3%  1091 6260s
 17030   397 7091.89396   96 4821 8792.00000 7091.89396  19.3%  1091 6265s
 17036   401 7092.44914   68 4690 8792.00000 7092.44914  19.3%  1091 6273s
 17037   402 7092.66917   45 4867 8792.00000 7092.66917  19.3%  1091 6276s
 17039   403 7092.79952   41 4941 8792.00000 7092.79952  19.3%  1090 6280s
 17046   408 7093.21162  116 4672 8792.00000 7093.21162  19.3%  1090 6288s
 17047   409 7093.40497  132 4806 8792.00000 7093.40497  19.3%  1090 6290s
 17053   413 7093.53568   82 4803 8792.00000 7093.53568  19.3%  1090 6295s
 17056   415 7093.97662   99 4438 8792.00000 7093.97662  19.3%  1089 6301s
 17059   417 7094.12804  133 4781 8792.00000 7094.12804  19.3%  1089 6305s
 17066   421 7094.56175  205 4542 8792.00000 7094.56175  19.3%  1089 6312s
 17068   423 7094.66335  340 4535 8792.00000 7094.66335  19.3%  1089 6315s
 17072   425 7094.95877   42 4515 8792.00000 7094.95877  19.3%  1088 6320s
 17075   427 7095.29511   96 4551 8792.00000 7095.29511  19.3%  1088 6325s
 17079   430 7095.54588  211 4586 8792.00000 7095.54588  19.3%  1088 6331s
 17082   432 7095.68079  183 4624 8792.00000 7095.68079  19.3%  1088 6335s
 17084   433 7096.04930   74 4796 8792.00000 7096.04930  19.3%  1088 6340s
 17087   435 7096.25975   53 4747 8792.00000 7096.25975  19.3%  1087 6345s
 17091   438 7096.46708   26 4709 8792.00000 7096.46708  19.3%  1087 6351s
 17094   440 7096.56490  154 4849 8792.00000 7096.56490  19.3%  1087 6355s
 17096   441 7096.80871  113 4856 8792.00000 7096.80871  19.3%  1087 6360s
 17102   445 7096.91030   19 4846 8792.00000 7096.91030  19.3%  1086 6365s
 17103   446 7097.29291  349 4641 8792.00000 7097.29291  19.3%  1086 6370s
 17105   447 7097.73875  215 4748 8792.00000 7097.73875  19.3%  1086 6376s
 17110   451 7097.80357  277 4718 8792.00000 7097.80357  19.3%  1086 6381s
 17112   452 7098.35568  325 4392 8792.00000 7098.35568  19.3%  1086 6387s
 17115   454 7098.48898  230 4669 8792.00000 7098.48898  19.3%  1086 6390s
 17120   457 7098.74543  186 4671 8792.00000 7098.74543  19.3%  1085 6398s
 17122   459 7098.87556  130 4645 8792.00000 7098.87556  19.3%  1085 6401s
 17126   461 7099.29483   11 4546 8792.00000 7099.29483  19.3%  1085 6408s
 17127   462 7099.41452  219 4696 8792.00000 7099.41452  19.3%  1085 6410s
 17132   465 7099.53850   70 4720 8792.00000 7099.53850  19.3%  1085 6415s
 17136   468 7099.83967   68 4536 8792.00000 7099.83967  19.2%  1084 6421s
 17138   469 7100.01083  101 4932 8792.00000 7100.01083  19.2%  1084 6425s
 17143   473 7100.09265   73 4910 8792.00000 7100.09265  19.2%  1084 6430s
 17146   475 7100.28532  116 4902 8792.00000 7100.28532  19.2%  1084 6435s
 17155   481 7100.33109  192 4999 8792.00000 7100.33109  19.2%  1083 6441s
 17156   481 7100.56370   99 5043 8792.00000 7100.56370  19.2%  1083 6445s
 17160   484 7100.71598  464 4761 8792.00000 7100.71598  19.2%  1083 6450s
 17163   486 7101.03415   79 4825 8792.00000 7101.03415  19.2%  1083 6455s
 17169   490 7101.14998   56 4936 8792.00000 7101.14998  19.2%  1082 6460s
 17172   492 7101.35716   42 4866 8792.00000 7101.35716  19.2%  1082 6465s
 17177   495 7101.50675   55 4975 8792.00000 7101.50675  19.2%  1082 6470s
H17178   460                    8791.0000000 7102.01033  19.2%  1082 6478s
 17180   461 7102.15549  188 4891 8791.00000 7102.15549  19.2%  1082 6482s
 17184   464 7102.20580   74 4999 8791.00000 7102.20580  19.2%  1081 6485s
 17188   467 7102.31079  227 5026 8791.00000 7102.31079  19.2%  1081 6490s
 17191   469 7102.59907   26 4664 8791.00000 7102.59907  19.2%  1081 6495s
 17193   470 7102.81243  251 4793 8791.00000 7102.81243  19.2%  1081 6500s
 17200   475 7102.85978  239 4846 8791.00000 7102.85978  19.2%  1080 6505s
 17205   478 7103.03740  215 4976 8791.00000 7103.03740  19.2%  1080 6510s
 17208   480 7103.28887   87 4896 8791.00000 7103.28887  19.2%  1080 6516s
 17212   483 7103.34425  325 4865 8791.00000 7103.34425  19.2%  1080 6520s
 17218   487 7103.53151  266 5031 8791.00000 7103.53151  19.2%  1079 6526s
H17218   451                    8789.0000000 7103.57200  19.2%  1079 6529s
H17218   417                    8788.0000000 7103.57200  19.2%  1079 6535s
H17218   385                    8786.0000000 7103.57200  19.1%  1079 6540s
 17224   389 7103.60533   66 4997 8786.00000 7103.60533  19.1%  1079 6546s
 17227   391 7103.78256  219 4980 8786.00000 7103.78256  19.1%  1079 6550s
 17232   394 7103.95602   70 4863 8786.00000 7103.95602  19.1%  1078 6555s
 17234   395 7104.15562  236 4755 8786.00000 7104.15562  19.1%  1078 6560s
 17238   398 7104.28495  101 4982 8786.00000 7104.28495  19.1%  1078 6565s
 17240   399 7104.88625  100 4948 8786.00000 7104.88625  19.1%  1078 6571s
 17243   401 7105.00208   73 4975 8786.00000 7105.00208  19.1%  1078 6575s
 17247   404 7105.39380  132 4820 8786.00000 7105.39380  19.1%  1077 6581s
 17249   405 7105.64326  136 4882 8786.00000 7105.64326  19.1%  1077 6586s
 17255   409 7105.71621  192 4949 8786.00000 7105.71621  19.1%  1077 6591s
 17256   410 7106.22324   99 4809 8786.00000 7106.22324  19.1%  1077 6597s
 17257   411 7106.22333   33 4809 8786.00000 7106.22333  19.1%  1077 6696s
 17258   414 7106.27085   40 4814 8786.00000 7106.22333  19.1%  1129 6755s
 17260   417 7106.55758   41 4663 8786.00000 7106.27280  19.1%  1130 6822s
 17264   422 7106.99148   42 4895 8786.00000 7106.55887  19.1%  1134 6897s
 17271   433 7107.47615   43 4900 8786.00000 7106.99148  19.1%  1140 6947s
 17284   433 7107.95098   44 4933 8786.00000 7107.47725  19.1%  1152 7047s
H17296   424                    8782.0000000 7107.47725  19.1%  1163 7219s
H17299   392                    8777.0000000 7107.47725  19.0%  1163 7219s
 17324   527 7109.22000   46 4851 8777.00000 7107.47725  19.0%  1198 7310s
H17363   485                    8775.0000000 7107.47725  19.0%  1211 7310s
 17468   481 7111.48946   48 5090 8775.00000 7107.47725  19.0%  1238 7344s
H17471   452                    8774.0000000 7107.47725  19.0%  1239 7344s
H17476   424                    8773.0000000 7107.47725  19.0%  1241 7344s
H17480   397                    8769.0000000 7107.47725  18.9%  1242 7344s
 17499   492 7114.00595   48 4867 8769.00000 7107.47725  18.9%  1249 7377s
 17600   489 7111.55674   49 4932 8769.00000 7107.47725  18.9%  1260 7404s
 17631   505 7125.44347   54 4383 8769.00000 7107.47725  18.9%  1264 7430s
 17657   524 7111.56802   50 4956 8769.00000 7107.47725  18.9%  1265 7457s
 17685   542 7197.06917   50 4025 8769.00000 7107.47725  18.9%  1270 7485s
H17688   517                    8767.0000000 7107.47725  18.9%  1270 7485s
 17712   588 7111.77061   51 5074 8767.00000 7107.47725  18.9%  1271 7523s
 17791   591 7112.11884   52 5070 8767.00000 7107.47725  18.9%  1279 7547s
H17796   566                    8766.0000000 7107.47725  18.9%  1280 7547s
H17799   555                    8765.0000000 7107.47725  18.9%  1280 7547s
H17803   555                    8764.0000000 7107.47725  18.9%  1280 7547s
 17820   640 7112.87544   52 4730 8764.00000 7107.47725  18.9%  1284 7575s
 17905   665 7112.27123   53 4941 8764.00000 7107.47725  18.9%  1291 7605s
 17930   731 7128.42524   63 4350 8764.00000 7107.47725  18.9%  1295 7636s
 17996   833 7112.40205   54 4874 8764.00000 7107.47725  18.9%  1298 7659s
 18098   913 7197.44206   54 3866 8764.00000 7107.47725  18.9%  1302 7685s
 18178   944 7112.68453   55 4926 8764.00000 7107.47725  18.9%  1308 7707s
 18209  1003 7130.54002   73 4184 8764.00000 7107.47725  18.9%  1310 7731s
 18268  1065 7112.88876   56 5088 8764.00000 7107.47725  18.9%  1312 7761s
 18330  1168 7168.14706   57 4147 8764.00000 7107.47725  18.9%  1316 7789s
 18433  1317 7112.91914   57 4879 8764.00000 7107.47725  18.9%  1319 7819s
 18582  1496 7152.64674   59 4070 8764.00000 7107.47725  18.9%  1321 7847s
 18761  1550 7113.18396   58 4856 8764.00000 7107.47725  18.9%  1322 7871s
 18815  1696 7114.38690   58 4569 8764.00000 7107.47725  18.9%  1323 7905s
 18961  1826 7113.45216   59 4957 8764.00000 7107.47725  18.9%  1325 7939s
 19091  2016 7154.06360   63 4078 8764.00000 7107.47725  18.9%  1331 7972s
 19281  2047 7113.48501   60 4874 8764.00000 7107.47725  18.9%  1334 7997s
 19314  2150 7202.93658   63 3939 8764.00000 7107.47725  18.9%  1337 8034s
 19417  2387 7114.15586   61 4840 8764.00000 7107.47725  18.9%  1338 8068s
 19654  2493 7203.89671   65 3956 8764.00000 7107.47725  18.9%  1337 8108s
H19690  2493                    8763.0000000 7107.47725  18.9%  1338 8108s
H19720  2493                    8762.0000000 7107.47725  18.9%  1340 8108s
 19760  2537 7114.42921   62 4820 8762.00000 7107.47725  18.9%  1340 8137s
 19804  2726 7126.40868   62 4772 8762.00000 7107.47725  18.9%  1342 8174s
 19993  3015 7114.50847   63 4816 8762.00000 7107.47725  18.9%  1346 8213s
 20282  3310 7114.89175   64 4960 8762.00000 7107.47725  18.9%  1347 8256s
H20458  3310                    8759.0000000 7107.47725  18.9%  1351 8256s
 20577  3342 7115.48847   65 4771 8759.00000 7107.47725  18.9%  1348 8284s
 20609  3371 7197.31879   70 3681 8759.00000 7107.47725  18.9%  1350 8321s
 20638  3403 7116.02560   66 4674 8759.00000 7107.47725  18.9%  1352 8348s
 20670  3489 7209.41978   71 3779 8759.00000 7107.47725  18.9%  1356 8391s
 20756  3645 7116.08509   67 4939 8759.00000 7107.47725  18.9%  1360 8429s
 20912  3923 7237.59071   71 3550 8759.00000 7107.47725  18.9%  1360 8476s
 21190  4135 7116.64755   68 4857 8759.00000 7107.47725  18.9%  1361 8524s
 21402  4429 7116.79810   69 4851 8759.00000 7107.47725  18.9%  1372 8580s
 21696  4743 7121.07124   70 4825 8759.00000 7107.47725  18.9%  1381 8631s
 22012  5079 7163.43862   74 3479 8759.00000 7107.47725  18.9%  1390 8684s
 22365  5454 7130.96045   71 4636 8759.00000 7107.47725  18.9%  1395 8751s
 22795  5839 7127.15230   71 4615 8759.00000 7107.47725  18.9%  1398 8824s
 23195  5991 7209.49410   77 3511 8759.00000 7107.47725  18.9%  1401 8890s
 23347  6345 7132.15869   73 4524 8759.00000 7107.47725  18.9%  1409 8951s
 23719  6704 7132.79519   74 4517 8759.00000 7107.47725  18.9%  1415 9024s
 24103  7148 7133.35712   75 4527 8759.00000 7111.48955  18.8%  1424 9108s
 24576  7610 7134.47420   76 4477 8759.00000 7111.48955  18.8%  1429 9183s
 25079  7975 7256.51771   77 3661 8759.00000 7111.48955  18.8%  1437 9264s
 25444  8428 7135.67550   78 4510 8759.00000 7111.48955  18.8%  1448 9350s
 25941  8976 7136.60841   80 4449 8759.00000 7111.48955  18.8%  1454 9437s
 26547  9476 7162.80438   81 4349 8759.00000 7111.48955  18.8%  1458 9524s
 27095  9850 7165.97881   82 4238 8759.00000 7111.48955  18.8%  1460 9607s
 27489 10262 7150.34526   84 3714 8759.00000 7111.48955  18.8%  1472 9693s
 27937 10876 7150.55182   85 3897 8759.00000 7111.48955  18.8%  1488 9790s
 28551 11463 7153.89779   88 4001 8759.00000 7111.48955  18.8%  1495 9889s
 29146 12422 7155.05436   90 3977 8759.00000 7111.48955  18.8%  1503 10002s
 30152 12446 7156.62075   92 3965 8759.00000 7111.48955  18.8%  1502 10068s
 30190 12479 7186.96547   92 3759 8759.00000 7111.55792  18.8%  1504 10143s
 30223 12518 7156.72901   93 4032 8759.00000 7111.55792  18.8%  1510 10199s
 30262 12568 7161.74889   93 3979 8759.00000 7111.55792  18.8%  1513 10273s
H30289 12567                    8755.0000000 7111.55792  18.8%  1515 10273s
 30312 13389 7157.06553   94 4039 8755.00000 7111.55792  18.8%  1516 10364s
 31154 13440 7225.62405   95 3526 8755.00000 7111.55792  18.8%  1513 10431s
H31157 13439                    8752.0000000 7111.55792  18.7%  1513 10431s
 31205 14025 7158.81100   96 4006 8752.00000 7111.55792  18.7%  1514 10518s
 31793 14423 7160.20237   98 4081 8752.00000 7111.55792  18.7%  1517 10599s
 32191 14882 7160.48591   99 4014 8752.00000 7111.55792  18.7%  1518 10711s
 32737 15776 7160.72384  100 4030 8752.00000 7111.55792  18.7%  1521 10826s
 33697 16583 7161.60962  102 4002 8752.00000 7111.55792  18.7%  1518 10934s
 34504 17667 7161.74044  103 3862 8752.00000 7111.55792  18.7%  1508 11037s
 35640 18622 7162.19696  105 4160 8752.00000 7111.55792  18.7%  1498 11162s
 36721 18833 7163.12602  107 4220 8752.00000 7111.55792  18.7%  1494 11263s
 36949 19418 7305.92492  108 3378 8752.00000 7111.55792  18.7%  1503 11387s
 37565 20090 7164.74671  110 4130 8752.00000 7111.55792  18.7%  1515 11521s
 38255 20769 7164.83284  112 4109 8752.00000 7111.55792  18.7%  1525 11651s
 38984 21282 7166.04054  114 4068 8752.00000 7111.55792  18.7%  1540 11774s
 39497 21346 7166.47078  117 4024 8752.00000 7111.55792  18.7%  1556 11874s
 39561 21878 7167.97362  118 4060 8752.00000 7111.55792  18.7%  1566 11995s
 40093 23041 7168.76301  119 3970 8752.00000 7111.55792  18.7%  1568 12146s
 41312 24615 7169.47584  121 4001 8752.00000 7111.55792  18.7%  1571 12297s
 42918 25884 7170.94889  124 3947 8752.00000 7111.55792  18.7%  1564 12447s
 44241 26723 7174.74557  127 3940 8752.00000 7112.68593  18.7%  1565 12587s
 45150 27031 7175.96695  130 3916 8752.00000 7112.77627  18.7%  1566 12726s
 45458 28117 7177.83602  133 4005 8752.00000 7112.77627  18.7%  1581 12912s
 46648 29120 7179.30710  135 3969 8752.00000 7112.77627  18.7%  1594 13092s
 47679 30439 7180.44836  138 4030 8752.00000 7112.77627  18.7%  1611 13283s
 49034 31191 7234.49642  140 3574 8752.00000 7112.77627  18.7%  1619 13462s
 49806 31809 7181.65550  142 3692 8752.00000 7112.77627  18.7%  1628 13658s
H49812 31808                    8751.0000000 7112.77627  18.7%  1630 13658s
H49822 31801                    8750.0000000 7112.77627  18.7%  1632 13658s
H50325 31794                    8748.0000000 7112.77627  18.7%  1641 13658s
 50440 33013 7184.54911  145 3851 8748.00000 7112.77627  18.7%  1642 13880s
 51729 34437 7185.45474  148 3797 8748.00000 7112.77627  18.7%  1659 14121s
 53273 35583 7187.74902  151 3991 8748.00000 7112.77627  18.7%  1673 14357s
 54427 37202 7286.46554  153 3486 8748.00000 7112.77627  18.7%  1688 14605s
 56094 37977 7197.75550  156 4103 8748.00000 7112.77627  18.7%  1699 14835s
H56163 37961                    8747.0000000 7112.77627  18.7%  1703 14836s
 56927 39551 7191.80234  160 4011 8747.00000 7112.77627  18.7%  1708 15101s
 58569 39552 7220.83914  224 12711 8747.00000 7112.77627  18.7%  1724 16257s
 58571 39553 7892.21526  250  892 8747.00000 7112.77627  18.7%  1724 16264s
 58572 39554 7601.30890  400 1058 8747.00000 7112.77627  18.7%  1724 16266s
 58573 39555 7679.37958  496 1156 8747.00000 7112.77627  18.7%  1724 16271s
 58574 39555 8476.30713  395 1240 8747.00000 7112.77627  18.7%  1724 16278s
 58575 39556 7900.42908   92 1389 8747.00000 7112.77627  18.7%  1724 16287s
 58576 39557 7188.09549   89 1523 8747.00000 7112.77627  18.7%  1724 16298s
 58577 39557 7237.68486   78 1529 8747.00000 7112.77627  18.7%  1724 16309s
 58578 39558 7454.23820   84 1825 8747.00000 7112.77627  18.7%  1724 16323s
 58579 39559 7275.67727  185 1965 8747.00000 7112.77627  18.7%  1724 16341s
 58580 39559 7415.24460  158 2131 8747.00000 7112.77627  18.7%  1724 16359s
 58581 39560 7326.05954  102 2273 8747.00000 7112.77627  18.7%  1724 16378s
 58582 39561 7868.70998  246 2525 8747.00000 7112.77627  18.7%  1724 16398s
 58583 39561 7846.26643  130 2443 8747.00000 7112.77627  18.7%  1724 16421s
 58584 39562 7269.26593  215 2784 8747.00000 7112.77627  18.7%  1724 16441s
 58585 39563 7995.28008  631 2837 8747.00000 7112.77627  18.7%  1724 16460s
 58586 39563 8246.90784  282 3104 8747.00000 7128.40323  18.5%  1724 16480s
 58587 39564 7982.75235  189 3473 8747.00000 7137.97054  18.4%  1724 16496s
 58588 39565 8702.43330  999 3330 8747.00000 7145.34635  18.3%  1724 16508s
 58589 39565 8192.79853  711 3682 8747.00000 7151.77617  18.2%  1724 16524s
 58590 39566 7456.40324  170 3577 8747.00000 7154.05832  18.2%  1724 16531s
 58591 39567 7155.27779   48 3544 8747.00000 7155.27779  18.2%  1724 16536s
 58592 39567 8160.05669  256 3537 8747.00000 7155.78474  18.2%  1724 16540s
 58595 39569 7507.54980  302 3619 8747.00000 7156.29826  18.2%  1723 16545s
 58604 39575 8582.35189  958 3786 8747.00000 7156.39464  18.2%  1723 16552s
 58605 39576 8615.03668  245 3350 8747.00000 7174.77774  18.0%  1723 16573s
 58606 39577 8399.21534  379 3359 8747.00000 7183.54015  17.9%  1723 16588s
 58607 39577 7355.38021  229 3532 8747.00000 7187.68260  17.8%  1723 16598s
 58608 39578 7189.72382   55 3579 8747.00000 7189.72382  17.8%  1723 16606s
 58609 39579 8083.97798  209 3807 8747.00000 7190.74122  17.8%  1723 16612s
 58610 39579 7630.30748  163 3739 8747.00000 7191.30082  17.8%  1723 16616s
 58615 39583 7582.26042  292 3764 8747.00000 7191.51826  17.8%  1723 16644s
 58616 39583 7721.32803   76 3562 8747.00000 7203.15896  17.6%  1723 16663s
 58617 39584 7804.07383  755 3677 8747.00000 7207.49088  17.6%  1723 16674s
 58618 39585 7857.84053  192 3962 8747.00000 7209.07816  17.6%  1723 16681s
 58619 39585 8402.40102   88 3780 8747.00000 7210.14285  17.6%  1723 16686s
 58621 39587 7210.65510   51 3898 8747.00000 7210.65510  17.6%  1723 16690s
 58623 39588 7414.69946  136 3909 8747.00000 7210.73546  17.6%  1723 16717s
 58624 39589 7368.05512  150 3796 8747.00000 7217.39984  17.5%  1723 16731s
 58625 39589 7286.78296  100 3738 8747.00000 7220.60003  17.5%  1723 16741s
 58626 39590 8113.28542  256 3843 8747.00000 7221.73021  17.4%  1723 16747s
 58627 39591 7981.59590  231 3779 8747.00000 7222.18437  17.4%  1723 16751s
 58629 39592 7639.85062  373 3957 8747.00000 7222.58695  17.4%  1722 16755s
 58637 39597 7246.92755  164 4079 8747.00000 7222.76166  17.4%  1722 16785s
 58638 39598 8544.15768  368 3731 8747.00000 7231.11712  17.3%  1722 16802s
 58639 39599 7527.85247  307 3828 8747.00000 7233.96244  17.3%  1722 16812s
 58640 39599 8361.35311  202 3905 8747.00000 7235.29236  17.3%  1722 16818s
 58641 39600 7236.91984  123 4043 8747.00000 7235.75717  17.3%  1722 16822s
 58644 39602 7275.00947  225 4081 8747.00000 7235.96192  17.3%  1722 16825s
 58646 39603 7529.48750  317 4091 8747.00000 7235.96656  17.3%  1722 16851s
 58647 39604 7716.14732  133 3839 8747.00000 7241.54790  17.2%  1722 16873s
 58648 39605 7537.03990  381 3883 8747.00000 7242.95943  17.2%  1722 16880s
 58649 39605 7973.13062  230 4010 8747.00000 7243.81753  17.2%  1722 16885s
 58652 39607 7965.13076  532 4032 8747.00000 7244.34393  17.2%  1722 16891s
 58656 39610 7439.67898  174 4136 8747.00000 7244.38177  17.2%  1722 16918s
 58657 39611 8403.11373  752 3628 8747.00000 7250.37443  17.1%  1722 16929s
 58658 39611 7398.23210  182 3619 8747.00000 7253.02523  17.1%  1722 16938s
 58659 39612 7253.98092   67 4052 8747.00000 7253.98092  17.1%  1722 16944s
 58660 39613 8188.90734  275 3848 8747.00000 7254.38187  17.1%  1722 16948s
 58662 39614 8243.69399  163 4152 8747.00000 7254.53994  17.1%  1722 16950s
 58667 39617 7322.77239  390 4106 8747.00000 7254.63823  17.1%  1721 16978s
 58668 39618 7485.71977  226 4125 8747.00000 7261.20350  17.0%  1721 16991s
 58669 39619 7263.50623  224 4178 8747.00000 7263.50623  17.0%  1721 16999s
 58670 39619 8188.41219  671 4095 8747.00000 7264.20242  17.0%  1721 17003s
 58671 39620 7892.21526  250 4240 8747.00000 7264.42557  16.9%  1721 17005s
 58676 39623 7264.71669   89 4356 8747.00000 7264.71669  16.9%  1721 17035s
 58677 39624 7271.36043   78 3901 8747.00000 7271.36043  16.9%  1721 17050s
 58678 39625 7454.23820   84 3880 8747.00000 7273.74424  16.8%  1721 17059s
 58679 39625 7275.67727  185 3953 8747.00000 7274.62908  16.8%  1721 17064s
 58680 39626 7415.24460  158 4062 8747.00000 7275.18379  16.8%  1721 17068s
 58681 39627 7326.05954  102 4117 8747.00000 7275.51647  16.8%  1721 17071s
 58685 39629 7995.28008  631 4169 8747.00000 7275.67184  16.8%  1721 17075s
 58687 39631 7982.75235  189 4227 8747.00000 7275.67877  16.8%  1721 17099s
 58688 39631 8702.43330  999 4012 8747.00000 7278.67423  16.8%  1721 17111s
 58689 39632 8192.79853  711 4196 8747.00000 7280.03684  16.8%  1721 17118s
 58690 39633 7456.40324  170 4245 8747.00000 7280.84794  16.8%  1721 17123s
 58691 39633 7281.16799   48 4280 8747.00000 7281.16799  16.8%  1721 17125s
 58696 39637 8603.49138  600 4513 8747.00000 7281.36624  16.8%  1721 17130s
 58697 39637 7440.86935  244 4575 8747.00000 7281.36883  16.8%  1720 17155s
 58698 39638 7285.61850   98 4033 8747.00000 7285.61850  16.7%  1720 17167s
 58699 39639 7386.95824  218 4207 8747.00000 7287.57519  16.7%  1720 17175s
 58701 39640 7589.73433  299 4193 8747.00000 7288.53382  16.7%  1720 17182s
 58703 39641 7999.40394  634 4316 8747.00000 7288.67492  16.7%  1720 17185s
 58707 39644 7355.38021  229 4276 8747.00000 7288.70997  16.7%  1720 17212s
 58708 39645 7293.33491   55 4357 8747.00000 7293.33491  16.6%  1720 17232s
 58709 39645 8083.97798  209 4164 8747.00000 7295.50033  16.6%  1720 17239s
 58710 39646 7630.30748  163 4235 8747.00000 7296.15649  16.6%  1720 17243s
 58711 39647 8566.68391  841 4314 8747.00000 7296.69577  16.6%  1720 17246s
 58715 39649 7582.26042  292 4482 8747.00000 7296.90514  16.6%  1720 17250s
 58717 39651 7804.07383  755 4428 8747.00000 7296.91117  16.6%  1720 17275s
 58718 39651 7857.84053  192 4020 8747.00000 7301.46509  16.5%  1720 17287s
 58719 39652 8402.40102   88 4164 8747.00000 7302.19753  16.5%  1720 17292s
 58720 39653 7460.82633  119 4077 8747.00000 7303.12034  16.5%  1720 17297s
 58721 39653 7303.40905   51 4132 8747.00000 7303.40905  16.5%  1720 17300s
 58724 39655 7368.05512  150 4426 8747.00000 7303.69200  16.5%  1720 17305s
 58728 39658 7809.34027  168 4420 8747.00000 7303.72116  16.5%  1720 17334s
 58729 39659 7639.85062  373 3948 8747.00000 7306.88155  16.5%  1720 17345s
 58730 39659 7353.71508  235 4001 8747.00000 7307.94739  16.5%  1720 17351s
 58732 39661 8413.61807  512 4191 8747.00000 7308.51171  16.4%  1719 17357s
 58735 39663 7584.54761  198 4156 8747.00000 7308.79379  16.4%  1719 17360s
 58739 39665 7527.85247  307 4120 8747.00000 7308.82586  16.4%  1719 17386s
 58740 39666 8361.35311  202 4035 8747.00000 7311.48668  16.4%  1719 17395s
 58741 39667 7312.81408  123 3917 8747.00000 7312.81408  16.4%  1719 17401s
 58743 39668 7458.06973  113 4210 8747.00000 7313.56979  16.4%  1719 17406s
 58748 39671 7537.03990  381 4112 8747.00000 7313.64656  16.4%  1719 17435s
 58749 39672 7973.13062  230 4089 8747.00000 7317.57608  16.3%  1719 17448s
 58750 39673 7905.74535  300 4177 8747.00000 7318.48115  16.3%  1719 17453s
 58751 39673 8570.62461  315 3933 8747.00000 7318.84813  16.3%  1719 17456s
 58752 39674 7965.13076  532 4297 8747.00000 7319.22961  16.3%  1719 17460s
 58759 39679 7319.40148   67 4153 8747.00000 7319.40148  16.3%  1719 17465s
 58760 39679 8188.90734  275 4081 8747.00000 7319.40456  16.3%  1719 17492s
 58761 39680 7322.37189  188 3985 8747.00000 7322.37189  16.3%  1719 17503s
 58762 39681 8243.69399  163 4068 8747.00000 7323.55238  16.3%  1719 17510s
 58763 39681 7324.23590   48 4156 8747.00000 7324.23590  16.3%  1719 17515s
 58766 39683 7768.35919  522 4107 8747.00000 7324.58626  16.3%  1718 17520s
 58769 39685 7324.60963  224 4462 8747.00000 7324.60963  16.3%  1718 17547s
 58770 39686 8188.41219  671 4147 8747.00000 7327.85050  16.2%  1718 17576s
 58771 39687 7892.21526  250 4142 8747.00000 7329.21947  16.2%  1718 17588s
 58772 39687 7601.30890  400 4009 8747.00000 7329.90500  16.2%  1718 17593s
 58773 39688 7679.37958  496 4191 8747.00000 7330.19355  16.2%  1718 17596s
 58776 39690 7330.39456   89 4196 8747.00000 7330.39456  16.2%  1718 17600s
 58778 39691 7454.23820   84 4131 8747.00000 7330.40342  16.2%  1718 17624s
 58779 39692 7333.29053  185 4200 8747.00000 7333.29053  16.2%  1718 17634s
 58780 39693 7415.24460  158 4334 8747.00000 7334.44989  16.1%  1718 17641s
 58782 39694 7868.70998  246 4488 8747.00000 7335.10514  16.1%  1718 17647s
 58784 39695 7335.24508  215 4652 8747.00000 7335.24508  16.1%  1718 17650s
 58788 39698 8702.43330  999 4667 8747.00000 7335.27576  16.1%  1718 17676s
 58789 39699 8192.79853  711 4284 8747.00000 7338.32349  16.1%  1718 17688s
 58790 39699 7456.40324  170 4175 8747.00000 7339.44090  16.1%  1718 17695s
 58791 39700 7339.98080   48 4417 8747.00000 7339.98080  16.1%  1718 17700s
 58794 39702 7479.49821  356 4384 8747.00000 7340.43290  16.1%  1718 17705s
 58798 39705 7340.48684   98 4497 8747.00000 7340.48684  16.1%  1718 17733s
 58799 39705 7386.95824  218 4198 8747.00000 7342.66716  16.1%  1718 17743s
 58800 39706 8545.43693  536 4374 8747.00000 7343.53504  16.0%  1717 17748s
 58801 39707 7589.73433  299 4476 8747.00000 7343.80860  16.0%  1717 17751s
 58803 39708 7999.40394  634 4377 8747.00000 7344.02835  16.0%  1717 17755s
 58807 39711 7355.38021  229 4530 8747.00000 7344.09572  16.0%  1717 17782s
 58808 39711 7347.11643   55 4194 8747.00000 7347.11643  16.0%  1717 17794s
 58809 39712 8083.97798  209 4308 8747.00000 7348.06305  16.0%  1717 17799s
 58810 39713 7630.30748  163 4366 8747.00000 7348.38470  16.0%  1717 17802s
 58812 39714 7837.28765  202 4424 8747.00000 7348.50199  16.0%  1717 17805s
 58816 39717 7721.32803   76 4462 8747.00000 7348.52693  16.0%  1717 17831s
 58817 39717 7804.07383  755 4040 8747.00000 7352.19402  15.9%  1717 17843s
 58818 39718 7857.84053  192 4351 8747.00000 7353.66107  15.9%  1717 17851s
 58819 39719 8402.40102   88 4268 8747.00000 7354.72718  15.9%  1717 17859s
 58820 39719 7460.82633  119 4419 8747.00000 7355.13113  15.9%  1717 17862s
 58821 39720 7355.32626   51 4431 8747.00000 7355.32626  15.9%  1717 17865s
 58827 39724 7981.59590  231 4564 8747.00000 7355.45141  15.9%  1717 17894s
 58828 39725 7809.34027  168 4247 8747.00000 7357.37816  15.9%  1717 18124s
 58829 39725 7639.85062  373 4353 8747.00000 7358.06202  15.9%  1717 18176s
 58831 39727 8070.32971  245 4403 8747.00000 7358.50096  15.9%  1717 18181s
 58836 39730 8039.80902  234 4412 8747.00000 7358.56854  15.9%  1716 18208s
 58837 39731 7361.90315  164 4126 8747.00000 7361.90315  15.8%  1716 18221s
 58838 39731 8544.15768  368 4447 8747.00000 7363.44739  15.8%  1716 18230s
 58839 39732 7527.85247  307 4314 8747.00000 7364.01481  15.8%  1716 18235s
 58841 39733 7364.57650  123 4432 8747.00000 7364.57650  15.8%  1716 18242s
 58844 39735 7364.66007  225 4324 8747.00000 7364.66007  15.8%  1716 18245s
 58845 39736 8080.42106  652 4236 8747.00000 7364.66165  15.8%  1716 18268s
 58846 39737 7529.48750  317 4545 8747.00000 7366.85716  15.8%  1716 18279s
 58847 39737 7716.14732  133 4369 8747.00000 7367.50986  15.8%  1716 18285s
 58849 39739 7973.13062  230 4511 8747.00000 7368.18341  15.8%  1716 18292s
 58850 39739 7905.74535  300 4661 8747.00000 7368.38442  15.8%  1716 18295s
 58853 39741 7368.46422  379 4539 8747.00000 7368.46422  15.8%  1716 18321s
 58854 39742 7371.40007  287 4250 8747.00000 7371.40007  15.7%  1716 18333s
 58855 39743 8527.65412  349 4425 8747.00000 7372.27181  15.7%  1716 18338s
 58856 39743 7439.67898  174 4363 8747.00000 7372.65870  15.7%  1716 18342s
 58857 39744 8403.11373  752 4483 8747.00000 7372.94702  15.7%  1716 18345s
 58862 39747 8243.69399  163 4708 8747.00000 7373.17099  15.7%  1716 18350s
 58864 39749 7414.58605  267 4727 8747.00000 7373.17620  15.7%  1716 18372s
 58865 39749 7850.15396  545 4266 8747.00000 7374.65090  15.7%  1716 18379s
 58866 39750 7768.35919  522 4386 8747.00000 7375.21685  15.7%  1716 18384s
 58867 39751 7375.70777  390 4101 8747.00000 7375.70777  15.7%  1716 18388s
 58868 39751 7485.71977  226 4055 8747.00000 7375.82842  15.7%  1715 18391s
 58873 39755 7679.37958  496 4294 8747.00000 7375.92212  15.7%  1715 18395s
 58876 39757 7375.94078   89 4516 8747.00000 7375.94078  15.7%  1715 18419s
 58877 39757 7378.01245   78 4338 8747.00000 7378.01245  15.7%  1715 18428s
 58878 39758 7454.23820   84 4251 8747.00000 7378.48610  15.6%  1715 18433s
 58879 39759 7378.68539  185 4496 8747.00000 7378.68539  15.6%  1715 18435s
 58884 39762 7378.82262  215 4622 8747.00000 7378.82262  15.6%  1715 18440s
 58885 39763 7995.28008  631 4729 8747.00000 7378.82488  15.6%  1715 18463s
 58886 39763 8246.90784  282 4501 8747.00000 7380.70109  15.6%  1715 18471s
 58887 39764 7982.75235  189 4517 8747.00000 7381.31446  15.6%  1715 18477s
 58888 39765 8702.43330  999 4484 8747.00000 7381.57786  15.6%  1715 18480s
 58893 39768 8459.45109  511 4756 8747.00000 7381.74495  15.6%  1715 18507s
 58894 39769 7479.49821  356 4498 8747.00000 7382.90145  15.6%  1715 18515s
 58896 39770 8603.49138  600 4596 8747.00000 7383.43412  15.6%  1715 18521s
 58900 39773 8545.43693  536 4583 8747.00000 7383.51492  15.6%  1715 18525s
 58902 39774 7884.74247  545 4491 8747.00000 7383.52268  15.6%  1715 18547s
 58903 39775 7999.40394  634 4603 8747.00000 7384.79754  15.6%  1714 18555s
 58904 39775 8582.35189  958 4584 8747.00000 7385.30643  15.6%  1714 18560s
 58906 39777 8399.21534  379 4623 8747.00000 7385.62906  15.6%  1714 18565s
 58910 39779 7630.30748  163 4829 8747.00000 7385.73581  15.6%  1714 18570s
 58912 39781 7837.28765  202 4892 8747.00000 7385.74078  15.6%  1714 18594s
 58913 39781 7387.83106  269 4236 8747.00000 7387.83106  15.5%  1714 18604s
 58914 39782 8729.29593  349 4641 8747.00000 7388.45068  15.5%  1714 18610s
 58916 39783 7721.32803   76 4733 8747.00000 7389.05666  15.5%  1714 18617s
 58918 39785 7857.84053  192 4916 8747.00000 7389.16816  15.5%  1714 18620s
 58923 39788 7414.69946  136 5006 8747.00000 7389.25054  15.5%  1714 18648s
 58924 39789 7391.86814  150 4519 8747.00000 7391.86814  15.5%  1714 18658s
 58925 39789 7392.97009  100 4707 8747.00000 7392.97009  15.5%  1714 18666s
 58926 39790 8113.28542  256 4755 8747.00000 7393.34515  15.5%  1714 18672s
 58927 39791 7981.59590  231 4796 8747.00000 7393.49167  15.5%  1714 18675s
 58930 39793 7393.58920  235 4946 8747.00000 7393.58920  15.5%  1714 18680s
 58932 39794 8413.61807  512 5126 8747.00000 7393.60788  15.5%  1714 18705s
 58933 39795 8461.19100  281 4570 8747.00000 7395.10335  15.5%  1714 18715s
 58934 39795 7395.98669   89 4864 8747.00000 7395.98669  15.4%  1714 18722s
 58935 39796 7584.54761  198 4746 8747.00000 7396.29143  15.4%  1714 18726s
 58937 39797 7396.52077  164 5047 8747.00000 7396.52077  15.4%  1713 18730s
 58943 39801 7458.06973  113 5064 8747.00000 7396.60753  15.4%  1713 18756s
 58944 39802 7397.64696  225 5041 8747.00000 7397.64696  15.4%  1713 18763s
 58945 39803 8080.42106  652 4882 8747.00000 7398.18000  15.4%  1713 18767s
 58946 39803 7529.48750  317 4970 8747.00000 7398.50689  15.4%  1713 18770s
 58948 39805 7537.03990  381 4787 8747.00000 7398.81299  15.4%  1713 18775s
 58954 39809 7398.87461  287 5109 8747.00000 7398.87461  15.4%  1713 18801s
 58955 39809 8527.65412  349 4833 8747.00000 7399.91800  15.4%  1713 18809s
 58956 39810 7439.67898  174 4818 8747.00000 7400.23394  15.4%  1713 18813s
 58957 39811 8403.11373  752 5050 8747.00000 7400.29722  15.4%  1713 18815s
 58963 39815 7400.44205   48 5044 8747.00000 7400.44205  15.4%  1713 18843s
 58964 39815 7414.58605  267 4483 8747.00000 7401.69268  15.4%  1713 18851s
 58965 39816 7850.15396  545 4635 8747.00000 7402.40478  15.4%  1713 18856s
 58967 39817 7402.74721  390 4751 8747.00000 7402.74721  15.4%  1713 18861s
 58972 39821 7601.30890  400 4679 8747.00000 7402.86303  15.4%  1712 18865s
 58973 39821 7679.37958  496 4635 8747.00000 7402.86481  15.4%  1712 18889s
 58974 39822 8476.30713  395 4590 8747.00000 7403.24633  15.4%  1712 18892s
 58975 39823 7900.42908   92 4782 8747.00000 7403.38383  15.4%  1712 18895s
 58981 39827 7403.47800  102 4843 8747.00000 7403.47800  15.4%  1712 18923s
 58982 39827 7868.70998  246 4681 8747.00000 7404.37981  15.3%  1712 18928s
 58983 39828 7846.26643  130 4422 8747.00000 7404.66708  15.3%  1712 18931s
 58987 39831 7982.75235  189 4563 8747.00000 7404.84963  15.3%  1712 18935s
 58990 39833 7456.40324  170 4667 8747.00000 7404.86352  15.3%  1712 18959s
 58991 39833 7405.54138   48 4521 8747.00000 7405.54138  15.3%  1712 18964s
 58992 39834 8160.05669  256 4421 8747.00000 7405.83926  15.3%  1712 18967s
 58994 39835 7479.49821  356 4647 8747.00000 7405.99213  15.3%  1712 18970s
 58999 39839 7406.07565  218 4792 8747.00000 7406.07565  15.3%  1712 18997s
 59000 39839 8545.43693  536 4463 8747.00000 7406.78190  15.3%  1712 19002s
 59001 39840 7589.73433  299 4628 8747.00000 7407.06186  15.3%  1712 19005s
 59006 39843 8399.21534  379 4709 8747.00000 7407.29107  15.3%  1711 19033s
 59007 39844 7408.80774  229 4499 8747.00000 7408.80774  15.3%  1711 19041s
 59008 39845 7409.21367   55 4463 8747.00000 7409.21367  15.3%  1711 19046s
 59010 39846 7630.30748  163 4568 8747.00000 7409.50418  15.3%  1711 19050s
 59016 39850 7721.32803   76 4625 8747.00000 7409.58924  15.3%  1711 19055s
 59018 39851 7857.84053  192 4776 8747.00000 7409.60359  15.3%  1711 19079s
 59019 39852 8402.40102   88 4565 8747.00000 7410.85979  15.3%  1711 19086s
 59020 39853 7460.82633  119 4608 8747.00000 7411.53348  15.3%  1711 19092s
 59021 39853 7411.77660   51 4800 8747.00000 7411.77660  15.3%  1711 19095s
 59025 39856 7411.95819  100 4874 8747.00000 7411.95819  15.3%  1711 19100s
 59029 39859 7639.85062  373 4858 8747.00000 7411.98633  15.3%  1711 19127s
 59030 39859 7413.03100  235 4627 8747.00000 7413.03100  15.3%  1711 19133s
 59031 39860 8070.32971  245 4874 8747.00000 7413.58156  15.2%  1711 19137s
 59032 39861 8413.61807  512 4808 8747.00000 7413.78925  15.2%  1711 19141s
 59035 39863 7584.54761  198 4828 8747.00000 7413.90223  15.2%  1711 19145s
 59038 39865 8544.15768  368 4940 8747.00000 7413.92373  15.2%  1711 19169s
 59039 39865 7527.85247  307 4674 8747.00000 7414.87600  15.2%  1711 19175s
 59041 39867 7415.40056  123 4792 8747.00000 7415.40056  15.2%  1710 19182s
 59044 39869 7415.51810  225 4782 8747.00000 7415.51810  15.2%  1710 19185s
 59046 39870 7529.48750  317 4897 8747.00000 7415.53012  15.2%  1710 19210s
 59047 39871 7716.14732  133 4449 8747.00000 7416.07843  15.2%  1710 19215s
 59049 39872 7973.13062  230 4842 8747.00000 7416.38626  15.2%  1710 19221s
 59054 39875 7416.44759  287 4873 8747.00000 7416.44759  15.2%  1710 19250s
 59055 39876 8527.65412  349 4717 8747.00000 7417.14678  15.2%  1710 19255s
 59060 39879 8188.90734  275 4759 8747.00000 7417.39524  15.2%  1710 19284s
 59061 39880 7417.63330  188 4703 8747.00000 7417.63330  15.2%  1710 19287s
 59063 39881 7417.78627   48 4828 8747.00000 7417.78627  15.2%  1710 19290s
 59070 39886 8188.41219  671 4750 8747.00000 7417.88982  15.2%  1710 19295s
 59071 39887 7892.21526  250 4869 8747.00000 7417.89044  15.2%  1710 19320s
 59072 39887 7601.30890  400 4831 8747.00000 7418.44009  15.2%  1710 19325s
 59073 39888 7679.37958  496 4755 8747.00000 7418.71424  15.2%  1710 19330s
 59076 39890 7418.92314   89 4932 8747.00000 7418.92314  15.2%  1709 19335s
 59078 39891 7454.23820   84 4926 8747.00000 7418.93187  15.2%  1709 19360s
 59080 39893 7419.40092  158 4791 8747.00000 7419.40092  15.2%  1709 19368s
 59082 39894 7868.70998  246 4880 8747.00000 7419.51047  15.2%  1709 19371s
 59086 39897 8246.90784  282 4918 8747.00000 7419.52792  15.2%  1709 19397s
 59087 39897 7982.75235  189 4788 8747.00000 7420.94498  15.2%  1709 19405s
 59088 39898 8702.43330  999 4928 8747.00000 7421.65276  15.2%  1709 19411s
 59089 39899 8192.79853  711 5085 8747.00000 7421.88761  15.1%  1709 19415s
 59093 39901 8459.45109  511 5111 8747.00000 7422.09055  15.1%  1709 19420s
 59096 39903 8603.49138  600 5177 8747.00000 7422.12146  15.1%  1709 19444s
 59097 39904 7440.86935  244 4991 8747.00000 7422.80834  15.1%  1709 19451s
 59098 39905 7423.12986   98 5261 8747.00000 7423.12986  15.1%  1709 19455s
 59102 39907 7884.74247  545 5117 8747.00000 7423.26582  15.1%  1709 19460s
 59103 39908 7999.40394  634 5177 8747.00000 7423.26754  15.1%  1709 19483s
 59104 39909 8582.35189  958 4980 8747.00000 7423.78457  15.1%  1709 19488s
 59105 39909 8615.03668  245 4982 8747.00000 7424.14277  15.1%  1709 19492s
 59106 39910 8399.21534  379 5150 8747.00000 7424.28866  15.1%  1709 19495s
 59110 39913 7630.30748  163 5395 8747.00000 7424.40471  15.1%  1708 19520s
 59111 39913 8566.68391  841 4799 8747.00000 7425.39022  15.1%  1708 19526s
 59112 39914 7837.28765  202 4575 8747.00000 7425.66083  15.1%  1708 19530s
 59114 39915 8729.29593  349 4865 8747.00000 7425.91576  15.1%  1708 19535s
 59118 39918 7857.84053  192 5000 8747.00000 7425.95632  15.1%  1708 19559s
 59119 39919 8402.40102   88 4958 8747.00000 7426.85947  15.1%  1708 19566s
 59120 39919 7460.82633  119 4887 8747.00000 7427.23556  15.1%  1708 19571s
 59121 39920 7427.40435   51 5057 8747.00000 7427.40435  15.1%  1708 19575s
 59126 39923 8113.28542  256 5252 8747.00000 7427.47200  15.1%  1708 19603s
 59127 39924 7981.59590  231 4943 8747.00000 7427.90027  15.1%  1708 19608s
 59128 39925 7809.34027  168 5089 8747.00000 7428.29603  15.1%  1708 19613s
 59129 39925 7639.85062  373 5065 8747.00000 7428.38478  15.1%  1708 19615s
 59133 39928 8461.19100  281 5151 8747.00000 7428.45715  15.1%  1708 19642s
 59134 39929 7430.29460   89 4800 8747.00000 7430.29460  15.1%  1708 19652s
 59135 39929 7584.54761  198 4876 8747.00000 7431.07467  15.0%  1708 19660s
 59137 39931 7431.72912  164 5180 8747.00000 7431.72912  15.0%  1708 19669s
 59138 39931 8544.15768  368 5101 8747.00000 7431.79912  15.0%  1708 19671s
 59143 39935 7458.06973  113 5202 8747.00000 7431.85407  15.0%  1708 19699s
 59144 39935 7432.59200  225 5228 8747.00000 7432.59200  15.0%  1707 19706s
 59145 39936 8080.42106  652 5109 8747.00000 7432.83313  15.0%  1707 19710s
 59148 39938 7537.03990  381 5041 8747.00000 7432.99361  15.0%  1707 19715s
 59152 39941 7965.13076  532 5288 8747.00000 7433.02958  15.0%  1707 19741s
 59153 39941 7433.82762  379 4918 8747.00000 7433.82762  15.0%  1707 19749s
 59154 39942 7434.04194  287 4967 8747.00000 7434.04194  15.0%  1707 19752s
 59155 39943 8527.65412  349 5168 8747.00000 7434.14367  15.0%  1707 19755s
 59160 39946 8188.90734  275 5184 8747.00000 7434.22076  15.0%  1707 19783s
 59161 39947 7434.96379  188 4747 8747.00000 7434.96379  15.0%  1707 19790s
 59163 39948 7435.35573   48 5134 8747.00000 7435.35573  15.0%  1707 19797s
 59166 39950 7768.35919  522 5151 8747.00000 7435.41901  15.0%  1707 19800s
 59168 39951 7485.71977  226 5059 8747.00000 7435.43044  15.0%  1707 19827s
 59169 39952 7435.75122  224 4796 8747.00000 7435.75122  15.0%  1707 19831s
 59170 39953 8188.41219  671 4943 8747.00000 7435.94097  15.0%  1707 19835s
 59174 39955 8476.30713  395 5064 8747.00000 7436.01200  15.0%  1707 19864s
 59175 39956 7900.42908   92 4865 8747.00000 7436.22815  15.0%  1707 19867s
 59178 39958 7454.23820   84 5005 8747.00000 7436.29277  15.0%  1707 19870s
 59179 39959 7436.29507  185 5041 8747.00000 7436.29507  15.0%  1706 19894s
 59180 39959 7436.47106  158 4897 8747.00000 7436.47106  15.0%  1706 19897s
 59182 39961 7868.70998  246 4892 8747.00000 7436.63295  15.0%  1706 19901s
 59185 39963 7995.28008  631 5034 8747.00000 7436.65514  15.0%  1706 19927s
 59186 39963 8246.90784  282 4980 8747.00000 7436.85333  15.0%  1706 19931s
 59189 39965 8192.79853  711 5185 8747.00000 7436.96128  15.0%  1706 19935s
 59190 39966 7456.40324  170 5111 8747.00000 7436.96457  15.0%  1706 19960s
 59191 39967 7437.52526   48 4727 8747.00000 7437.52526  15.0%  1706 19965s
 59193 39968 8459.45109  511 4847 8747.00000 7437.79754  15.0%  1706 19970s
 59198 39971 7437.84486   98 5241 8747.00000 7437.84486  15.0%  1706 19998s
 59199 39972 7438.34107  218 4914 8747.00000 7438.34107  15.0%  1706 20004s
 59200 39973 8545.43693  536 4933 8747.00000 7438.69726  15.0%  1706 20008s
 59201 39973 7589.73433  299 5051 8747.00000 7438.89973  15.0%  1706 20012s
 59203 39975 7999.40394  634 4962 8747.00000 7439.01395  15.0%  1706 20015s
 59206 39977 8399.21534  379 5079 8747.00000 7439.03227  15.0%  1706 20042s
 59207 39977 7439.30199  229 5014 8747.00000 7439.30199  15.0%  1706 20045s
 59210 39979 7630.30748  163 5169 8747.00000 7439.46140  14.9%  1706 20050s
 59213 39981 7439.47930  269 5217 8747.00000 7439.47930  14.9%  1705 20075s
 59215 39983 7582.26042  292 5299 8747.00000 7440.27035  14.9%  1705 20083s
 59216 39983 7721.32803   76 5452 8747.00000 7440.36241  14.9%  1705 20085s
 59221 39987 7440.47016   51 5474 8747.00000 7440.47016  14.9%  1705 20111s
 59222 39987 8020.37226  201 5177 8747.00000 7440.80018  14.9%  1705 20116s
 59224 39989 7441.07760  150 5394 8747.00000 7441.07760  14.9%  1705 20120s
 59228 39991 7809.34027  168 5170 8747.00000 7441.13121  14.9%  1705 20149s
 59229 39992 7639.85062  373 5036 8747.00000 7441.43080  14.9%  1705 20153s
 59230 39993 7441.62732  235 4794 8747.00000 7441.62732  14.9%  1705 20155s
 59233 39995 8461.19100  281 5258 8747.00000 7441.80045  14.9%  1705 20160s
 59236 39997 8039.80902  234 5182 8747.00000 7441.81319  14.9%  1705 20184s
 59237 39997 7442.31774  164 5103 8747.00000 7442.31774  14.9%  1705 20189s
 59238 39998 8544.15768  368 4876 8747.00000 7442.56127  14.9%  1705 20193s
 59239 39999 7527.85247  307 5122 8747.00000 7442.77019  14.9%  1705 20197s
 59241 40000 7442.84568  123 4981 8747.00000 7442.84568  14.9%  1705 20200s
 59245 40003 8080.42106  652 5058 8747.00000 7442.86334  14.9%  1705 20224s
 59246 40003 7529.48750  317 4949 8747.00000 7443.38105  14.9%  1705 20230s
 59248 40005 7537.03990  381 5188 8747.00000 7443.77983  14.9%  1704 20237s
 59249 40005 7973.13062  230 5214 8747.00000 7443.87299  14.9%  1704 20240s
 59254 40009 7443.96095  287 5463 8747.00000 7443.96095  14.9%  1704 20268s
 59255 40009 8527.65412  349 5143 8747.00000 7444.27064  14.9%  1704 20273s
 59256 40010 7444.41937  174 5185 8747.00000 7444.41937  14.9%  1704 20276s
 59259 40012 7444.49474   67 5177 8747.00000 7444.49474  14.9%  1704 20280s
 59261 40013 7444.50051  188 5148 8747.00000 7444.50051  14.9%  1704 20303s
 59262 40014 8243.69399  163 5082 8747.00000 7445.09746  14.9%  1704 20308s
 59263 40015 7445.46334   48 4925 8747.00000 7445.46334  14.9%  1704 20312s
 59264 40015 7445.71861  267 4985 8747.00000 7445.71861  14.9%  1704 20316s
 59268 40018 7485.71977  226 5064 8747.00000 7445.77887  14.9%  1704 20341s
 59269 40019 7446.88723  224 5126 8747.00000 7446.88723  14.9%  1704 20348s
 59270 40019 8188.41219  671 4821 8747.00000 7447.13063  14.9%  1704 20351s
 59272 40021 7601.30890  400 4908 8747.00000 7447.33808  14.9%  1704 20355s
 59276 40023 7447.38235   89 4997 8747.00000 7447.38235  14.9%  1704 20382s
 59277 40024 7447.76184   78 4857 8747.00000 7447.76184  14.9%  1704 20386s
 59280 40026 7447.98827  158 4942 8747.00000 7447.98827  14.9%  1704 20390s
 59282 40027 7868.70998  246 4958 8747.00000 7448.00409  14.9%  1704 20413s
 59283 40028 7846.26643  130 4835 8747.00000 7448.47927  14.8%  1703 20418s
 59284 40029 7448.67936  215 4877 8747.00000 7448.67936  14.8%  1703 20421s
 59287 40031 7982.75235  189 5019 8747.00000 7448.78661  14.8%  1703 20425s
 59288 40031 8702.43330  999 4952 8747.00000 7448.78880  14.8%  1703 20448s
 59289 40032 8192.79853  711 4875 8747.00000 7449.23129  14.8%  1703 20453s
 59290 40033 7456.40324  170 4920 8747.00000 7449.41009  14.8%  1703 20456s
 59293 40035 8459.45109  511 4950 8747.00000 7449.57047  14.8%  1703 20460s
 59295 40036 7507.54980  302 4941 8747.00000 7449.59029  14.8%  1703 20485s
 59297 40037 7450.29497  244 5161 8747.00000 7450.29497  14.8%  1703 20493s
 59299 40039 7450.36133  218 5305 8747.00000 7450.36133  14.8%  1703 20495s
 59302 40041 7884.74247  545 5260 8747.00000 7450.37961  14.8%  1703 20518s
 59303 40041 7999.40394  634 4986 8747.00000 7450.65338  14.8%  1703 20522s
 59305 40043 8615.03668  245 5100 8747.00000 7450.81182  14.8%  1703 20525s
 59308 40045 7450.83311   55 5142 8747.00000 7450.83311  14.8%  1703 20553s
 59309 40045 8083.97798  209 5019 8747.00000 7451.04866  14.8%  1703 20556s
 59311 40047 8566.68391  841 5066 8747.00000 7451.17183  14.8%  1703 20560s
 59314 40049 8729.29593  349 5180 8747.00000 7451.19654  14.8%  1703 20584s
 59315 40049 7582.26042  292 5009 8747.00000 7451.46527  14.8%  1703 20587s
 59317 40051 7804.07383  755 5055 8747.00000 7451.59818  14.8%  1703 20590s
 59321 40053 7451.62663   51 5074 8747.00000 7451.62663  14.8%  1702 20615s
 59323 40055 7451.96624  136 4945 8747.00000 7451.96624  14.8%  1702 20620s
 59327 40057 7981.59590  231 4929 8747.00000 7452.05378  14.8%  1702 20646s
 59329 40059 7639.85062  373 5149 8747.00000 7452.31792  14.8%  1702 20651s
 59333 40061 8461.19100  281 5035 8747.00000 7452.35443  14.8%  1702 20676s
 59334 40062 7452.77087   89 5134 8747.00000 7452.77087  14.8%  1702 20680s
 59336 40063 8039.80902  234 5324 8747.00000 7453.04163  14.8%  1702 20685s
 59341 40067 7453.16042  123 5428 8747.00000 7453.16042  14.8%  1702 20713s
 59342 40067 7453.70907  134 4965 8747.00000 7453.70907  14.8%  1702 20717s
 59343 40068 7458.06973  113 4917 8747.00000 7454.01018  14.8%  1702 20721s
 59345 40069 8080.42106  652 4949 8747.00000 7454.19482  14.8%  1702 20725s
 59349 40072 7973.13062  230 4987 8747.00000 7454.23330  14.8%  1702 20750s
 59350 40073 7905.74535  300 5053 8747.00000 7454.95678  14.8%  1702 20755s
 59352 40074 7965.13076  532 4929 8747.00000 7455.40172  14.8%  1702 20761s
 59355 40076 8527.65412  349 5135 8747.00000 7455.51780  14.8%  1701 20765s
 59361 40080 7455.57528  188 5204 8747.00000 7455.57528  14.8%  1701 20789s
 59362 40081 8243.69399  163 4858 8747.00000 7456.22186  14.8%  1701 20796s
 59363 40081 7456.58717   48 5028 8747.00000 7456.58717  14.8%  1701 20800s
 59367 40084 7456.77758  390 5032 8747.00000 7456.77758  14.8%  1701 20805s
 59370 40086 8188.41219  671 5144 8747.00000 7456.78676  14.8%  1701 20828s
 59371 40087 7892.21526  250 4899 8747.00000 7456.98395  14.7%  1701 20831s
 59373 40088 7679.37958  496 5101 8747.00000 7457.25972  14.7%  1701 20836s
 59378 40091 7457.37751   84 5262 8747.00000 7457.37751  14.7%  1701 20863s
 59379 40092 7457.62221  185 5005 8747.00000 7457.62221  14.7%  1701 20866s
 59381 40093 7457.80342  102 4962 8747.00000 7457.80342  14.7%  1701 20870s
 59384 40095 7457.83412  215 5044 8747.00000 7457.83412  14.7%  1701 20893s
 59385 40096 7995.28008  631 5157 8747.00000 7458.60836  14.7%  1701 20898s
 59386 40097 8246.90784  282 5202 8747.00000 7459.13715  14.7%  1701 20903s
 59387 40097 7982.75235  189 5273 8747.00000 7459.26114  14.7%  1700 20906s
 59393 40101 8459.45109  511 5330 8747.00000 7459.34898  14.7%  1700 20933s
 59394 40102 7479.49821  356 5078 8747.00000 7459.58126  14.7%  1700 20936s
 59396 40103 8603.49138  600 5337 8747.00000 7459.90957  14.7%  1700 20941s
 59400 40106 8545.43693  536 5315 8747.00000 7459.97621  14.7%  1700 20965s
 59402 40107 7884.74247  545 5195 8747.00000 7460.40006  14.7%  1700 20971s
 59406 40110 8399.21534  379 5271 8747.00000 7460.52215  14.7%  1700 20975s
 59407 40111 7460.52299  229 5274 8747.00000 7460.52299  14.7%  1700 20997s
 59408 40111 7460.96703   55 5051 8747.00000 7460.96703  14.7%  1700 21001s
 59409 40112 8083.97798  209 5124 8747.00000 7461.18175  14.7%  1700 21005s
 59415 40116 7582.26042  292 5353 8747.00000 7461.27349  14.7%  1700 21032s
 59416 40117 7721.32803   76 4987 8747.00000 7461.97835  14.7%  1700 21037s
 59417 40117 7804.07383  755 4715 8747.00000 7462.43100  14.7%  1700 21041s
 59419 40119 8402.40102   88 5107 8747.00000 7462.68984  14.7%  1700 21046s
 59424 40122 7462.73734  150 5087 8747.00000 7462.73734  14.7%  1699 21072s
 59425 40123 7463.16494  100 5133 8747.00000 7463.16494  14.7%  1699 21076s
 59427 40124 7981.59590  231 5225 8747.00000 7463.60755  14.7%  1699 21082s
 59430 40126 7463.69092  235 5134 8747.00000 7463.69092  14.7%  1699 21108s
 59431 40127 8070.32971  245 4781 8747.00000 7464.05715  14.7%  1699 21112s
 59432 40127 8413.61807  512 4744 8747.00000 7464.30376  14.7%  1699 21115s
 59437 40131 7464.47211  164 4997 8747.00000 7464.47211  14.7%  1699 21142s
 59438 40131 8544.15768  368 4953 8747.00000 7465.39676  14.7%  1699 21148s
 59439 40132 7527.85247  307 5305 8747.00000 7465.79815  14.6%  1699 21152s
 59440 40133 8361.35311  202 5280 8747.00000 7465.98923  14.6%  1699 21155s
 59445 40136 8080.42106  652 5323 8747.00000 7466.12387  14.6%  1699 21182s
 59446 40137 7529.48750  317 5316 8747.00000 7466.61654  14.6%  1699 21186s
 59450 40140 7905.74535  300  898 8747.00000 7466.61654  14.6%  1726 21192s
 59452 40142 7965.13076  532 1175 8747.00000 7466.61654  14.6%  1726 21200s
 59453 40142 7466.61654  379 1357 8747.00000 7466.61654  14.6%  1726 21207s
 59454 40143 7466.61654  287 1413 8747.00000 7466.61654  14.6%  1726 21216s
 59455 40144 8527.65412  349 1528 8747.00000 7466.61654  14.6%  1726 21228s
 59456 40144 7466.61654  174 1783 8747.00000 7466.61654  14.6%  1726 21242s
 59457 40145 8403.11373  752 1983 8747.00000 7466.61654  14.6%  1726 21259s
 59458 40146 7466.61654  182 2207 8747.00000 7466.61654  14.6%  1726 21279s
 59459 40146 7466.61654   67 2264 8747.00000 7466.61654  14.6%  1726 21300s
 59460 40147 8188.90734  275 2453 8747.00000 7466.61654  14.6%  1726 21323s
 59461 40148 7466.61654  188 2392 8747.00000 7466.61654  14.6%  1726 21344s
 59462 40148 8243.69399  163 2801 8747.00000 7466.61654  14.6%  1726 21368s
 59463 40149 7466.61654   48 3192 8747.00000 7466.61654  14.6%  1726 21389s
 59464 40150 7466.61654  267 3180 8747.00000 7466.61654  14.6%  1726 21412s
 59465 40150 7850.15396  545 3330 8747.00000 7466.61654  14.6%  1726 21431s
 59466 40151 7768.35919  522 4022 8747.00000 7466.61654  14.6%  1726 21452s
 59467 40152 7466.61654  390 4006 8747.00000 7466.61654  14.6%  1726 21472s
 59468 40152 7485.71977  226 4131 8747.00000 7466.61654  14.6%  1726 21489s
 59469 40153 7466.61654  224 4368 8747.00000 7466.61654  14.6%  1726 21503s
 59470 40154 8188.41219  671 4539 8747.00000 7466.61654  14.6%  1726 21513s
 59471 40154 7892.21526  250 4781 8747.00000 7466.61654  14.6%  1726 21521s
 59472 40155 7601.30890  400 4958 8747.00000 7466.61654  14.6%  1726 21527s
 59473 40156 7679.37958  496 4914 8747.00000 7466.61654  14.6%  1726 21530s
 59476 40158 7466.61654   89 5151 8747.00000 7466.61654  14.6%  1726 21535s
 59481 40161 7466.61654  102 5228 8747.00000 7466.61654  14.6%  1725 21540s
 59482 40162 7868.70998  246 4605 8747.00000 7467.85437  14.6%  1725 21547s
 59483 40162 7846.26643  130 4725 8747.00000 7468.16393  14.6%  1725 21550s
 59488 40166 8702.43330  999 4798 8747.00000 7468.25657  14.6%  1725 21578s
 59489 40166 8192.79853  711 4560 8747.00000 7469.18354  14.6%  1725 21585s
 59492 40168 8160.05669  256 4555 8747.00000 7469.50380  14.6%  1725 21590s
 59494 40170 7479.49821  356 4611 8747.00000 7469.50957  14.6%  1725 21616s
 59495 40170 7507.54980  302 4549 8747.00000 7470.25308  14.6%  1725 21622s
 59496 40171 8603.49138  600 4552 8747.00000 7470.47835  14.6%  1725 21625s
 59501 40174 7589.73433  299 4605 8747.00000 7470.57152  14.6%  1725 21652s
 59502 40175 7884.74247  545 4711 8747.00000 7472.00623  14.6%  1725 21660s
 59504 40176 8582.35189  958 4863 8747.00000 7472.39470  14.6%  1725 21666s
 59509 40180 8083.97798  209 4890 8747.00000 7472.44290  14.6%  1725 21696s
 59510 40180 7630.30748  163 4518 8747.00000 7473.31938  14.6%  1725 21712s
 59511 40181 8566.68391  841 4612 8747.00000 7473.70793  14.6%  1725 21716s
 59514 40183 8729.29593  349 4552 8747.00000 7473.88330  14.6%  1725 21720s
 59517 40185 7804.07383  755 4759 8747.00000 7473.89486  14.6%  1724 21746s
 59518 40186 7857.84053  192 4636 8747.00000 7474.68928  14.5%  1724 21751s
 59521 40188 7474.95889   51 4637 8747.00000 7474.95889  14.5%  1724 21755s
 59523 40189 7474.96437  136 4601 8747.00000 7474.96437  14.5%  1724 21782s
 59524 40190 7475.76302  150 4661 8747.00000 7475.76302  14.5%  1724 21787s
 59525 40190 7476.23218  100 4909 8747.00000 7476.23218  14.5%  1724 21791s
 59529 40193 7639.85062  373 5067 8747.00000 7476.39860  14.5%  1724 21795s
 59532 40195 8413.61807  512 4940 8747.00000 7476.41220  14.5%  1724 21823s
 59533 40196 8461.19100  281 4479 8747.00000 7477.12858  14.5%  1724 21829s
 59534 40196 7477.33327   89 4679 8747.00000 7477.33327  14.5%  1724 21831s
 59538 40199 8544.15768  368 4838 8747.00000 7477.44927  14.5%  1724 21859s
 59539 40200 7527.85247  307 4510 8747.00000 7478.11737  14.5%  1724 21864s
 59540 40200 8361.35311  202 4732 8747.00000 7478.19157  14.5%  1724 21866s
 59544 40203 7478.25065  225 4692 8747.00000 7478.25065  14.5%  1724 21894s
 59545 40204 8080.42106  652 4552 8747.00000 7479.00796  14.5%  1724 21899s
 59546 40204 7529.48750  317 4646 8747.00000 7479.23122  14.5%  1724 21901s
 59549 40206 7973.13062  230 4703 8747.00000 7479.37107  14.5%  1724 21905s
 59551 40208 8570.62461  315 4761 8747.00000 7479.37706  14.5%  1723 21931s
 59552 40208 7965.13076  532 4820 8747.00000 7479.95086  14.5%  1723 21947s
 59553 40209 7480.20531  379 4793 8747.00000 7480.20531  14.5%  1723 21952s
 59556 40211 7480.28854  174 4451 8747.00000 7480.28854  14.5%  1723 21955s
 59557 40212 8403.11373  752 4416 8747.00000 7480.29103  14.5%  1723 21981s
 59558 40212 7480.82172  182 4604 8747.00000 7480.82172  14.5%  1723 21985s
 59561 40214 7481.05424  188 4721 8747.00000 7481.05424  14.5%  1723 21990s
 59564 40216 7481.07469  267 4881 8747.00000 7481.07469  14.5%  1723 22017s
 59565 40217 7850.15396  545 4911 8747.00000 7481.52840  14.5%  1723 22024s
 59566 40218 7768.35919  522 4917 8747.00000 7481.75776  14.5%  1723 22027s
 59569 40220 7481.86911  224 4781 8747.00000 7481.86911  14.5%  1723 22030s
 59570 40220 8188.41219  671 4818 8747.00000 7481.86922  14.5%  1723 22057s
 59571 40221 7892.21526  250 4695 8747.00000 7482.25651  14.5%  1723 22060s
 59574 40223 8476.30713  395 4656 8747.00000 7482.48927  14.5%  1723 22065s
 59575 40224 7900.42908   92 4783 8747.00000 7482.49052  14.5%  1723 22091s
 59576 40224 7483.81075   89 4662 8747.00000 7483.81075  14.4%  1723 22100s
 59577 40225 7484.41501   78 4649 8747.00000 7484.41501  14.4%  1723 22105s
 59579 40226 7484.79221  185 4895 8747.00000 7484.79221  14.4%  1723 22110s
 59582 40228 7868.70998  246 4829 8747.00000 7484.82973  14.4%  1723 22137s
 59583 40229 7846.26643  130 4694 8747.00000 7485.81692  14.4%  1723 22144s
 59584 40230 7486.08431  215 4571 8747.00000 7486.08431  14.4%  1723 22147s
 59585 40230 7995.28008  631 4641 8747.00000 7486.20312  14.4%  1722 22150s
 59589 40233 8192.79853  711 4832 8747.00000 7486.24110  14.4%  1722 22175s
 59590 40234 7487.01450  170 4692 8747.00000 7487.01450  14.4%  1722 22199s
 59591 40234 7487.42956   48 4864 8747.00000 7487.42956  14.4%  1722 22209s
 59592 40235 8160.05669  256 4839 8747.00000 7487.55740  14.4%  1722 22211s
 59596 40238 8603.49138  600 4963 8747.00000 7487.63407  14.4%  1722 22239s
 59597 40238 7488.01798  244 4689 8747.00000 7488.01798  14.4%  1722 22242s
 59599 40240 7488.14937  218 4744 8747.00000 7488.14937  14.4%  1722 22245s
 59603 40242 7999.40394  634 4792 8747.00000 7488.18700  14.4%  1722 22270s
 59605 40244 8615.03668  245 4821 8747.00000 7488.61543  14.4%  1722 22276s
 59608 40246 7488.67661   55 4674 8747.00000 7488.67661  14.4%  1722 22302s
 59609 40246 8083.97798  209 4831 8747.00000 7488.93933  14.4%  1722 22306s
 59611 40248 8566.68391  841 4787 8747.00000 7489.19676  14.4%  1722 22310s
 59614 40250 8729.29593  349 4695 8747.00000 7489.23436  14.4%  1722 22338s
 59615 40250 7582.26042  292 4565 8747.00000 7489.78638  14.4%  1722 22341s
 59616 40251 7721.32803   76 4837 8747.00000 7490.03089  14.4%  1722 22345s
 59621 40254 7490.13597   51 5044 8747.00000 7490.13597  14.4%  1721 22376s
 59623 40256 7490.38546  136 4913 8747.00000 7490.38546  14.4%  1721 22381s
 59626 40258 8113.28542  256 4804 8747.00000 7490.43325  14.4%  1721 22406s
 59627 40258 7981.59590  231 4876 8747.00000 7491.05701  14.4%  1721 22411s
 59628 40259 7809.34027  168 4812 8747.00000 7491.41151  14.4%  1721 22415s
 59631 40261 8070.32971  245 5030 8747.00000 7491.60690  14.4%  1721 22420s
 59635 40264 7584.54761  198 4999 8747.00000 7491.63305  14.4%  1721 22447s
 59637 40265 7491.98371  164 5028 8747.00000 7491.98371  14.3%  1721 22451s
 59641 40268 7492.06291  123 4804 8747.00000 7492.06291  14.3%  1721 22481s
 59643 40269 7492.30721  113 4827 8747.00000 7492.30721  14.3%  1721 22486s
 59647 40272 7716.14732  133 4815 8747.00000 7492.39191  14.3%  1721 22513s
 59648 40272 7537.03990  381 4833 8747.00000 7492.53775  14.3%  1721 22515s
 59651 40274 8570.62461  315 4902 8747.00000 7492.64025  14.3%  1721 22541s
 59652 40275 7965.13076  532 4704 8747.00000 7493.16500  14.3%  1721 22545s
 59654 40276 7493.41738  287 5117 8747.00000 7493.41738  14.3%  1720 22550s
 59658 40279 7493.45067  182 5187 8747.00000 7493.45067  14.3%  1720 22577s
 59659 40280 7493.74661   67 4743 8747.00000 7493.74661  14.3%  1720 22580s
 59663 40282 7493.93318   48 4904 8747.00000 7493.93318  14.3%  1720 22585s
 59664 40283 7493.93593  267 4923 8747.00000 7493.93593  14.3%  1720 22610s
 59668 40286 7493.98027  226 4829 8747.00000 7493.98027  14.3%  1720 22638s
 59669 40286 7494.17766  224 4742 8747.00000 7494.17766  14.3%  1720 22641s
 59672 40288 7601.30890  400 4774 8747.00000 7494.36709  14.3%  1720 22646s
 59674 40290 8476.30713  395 4814 8747.00000 7494.37961  14.3%  1720 22671s
 59675 40290 7900.42908   92 4749 8747.00000 7495.18272  14.3%  1720 22677s
 59676 40291 7495.45152   89 4718 8747.00000 7495.45152  14.3%  1720 22680s
 59680 40294 7495.60629  158 4859 8747.00000 7495.60629  14.3%  1720 22685s
 59681 40294 7495.60732  102 4928 8747.00000 7495.60732  14.3%  1720 22709s
 59682 40295 7868.70998  246 4656 8747.00000 7496.28723  14.3%  1720 22714s
 59683 40296 7846.26643  130 4508 8747.00000 7496.69420  14.3%  1720 22718s
 59685 40297 7995.28008  631 4652 8747.00000 7496.80312  14.3%  1720 22721s
 59688 40299 8702.43330  999 4450 8747.00000 7496.83114  14.3%  1720 22744s
 59689 40300 8192.79853  711 4395 8747.00000 7497.41617  14.3%  1719 22765s
 59690 40300 7497.71822  170 4807 8747.00000 7497.71822  14.3%  1719 22770s
 59694 40303 7497.84887  356 4867 8747.00000 7497.84887  14.3%  1719 22775s
 59695 40304 7507.54980  302 4830 8747.00000 7497.84914  14.3%  1719 22800s
 59697 40305 7498.16504  244 4834 8747.00000 7498.16504  14.3%  1719 22805s
 59701 40308 7589.73433  299 4831 8747.00000 7498.21592  14.3%  1719 22831s
 59702 40308 7884.74247  545 4803 8747.00000 7498.67483  14.3%  1719 22835s
 59704 40310 8582.35189  958 5187 8747.00000 7498.94480  14.3%  1719 22840s
 59707 40312 7498.97084  229 4877 8747.00000 7498.97084  14.3%  1719 22866s
 59709 40313 8083.97798  209 4853 8747.00000 7499.19190  14.3%  1719 22870s
 59713 40316 7499.23314  269 4911 8747.00000 7499.23314  14.3%  1719 22896s
 59716 40318 7721.32803   76 4830 8747.00000 7499.37330  14.3%  1719 22923s
 59717 40318 7804.07383  755 4547 8747.00000 7499.98913  14.3%  1719 22929s
 59718 40319 7857.84053  192 4675 8747.00000 7500.13197  14.3%  1719 22931s
 59722 40322 8020.37226  201 4682 8747.00000 7500.28006  14.3%  1719 22935s
 59724 40323 7500.28500  150 4651 8747.00000 7500.28500  14.3%  1718 22961s
 59725 40324 7500.99183  100 4719 8747.00000 7500.99183  14.2%  1718 22967s
 59726 40324 8113.28542  256 4776 8747.00000 7501.71049  14.2%  1718 22972s
 59729 40326 7639.85062  373 4807 8747.00000 7501.83871  14.2%  1718 22975s
 59731 40328 8070.32971  245 4804 8747.00000 7501.85122  14.2%  1718 22999s
 59732 40328 8413.61807  512 4711 8747.00000 7502.09468  14.2%  1718 23002s
 59734 40330 7502.22763   89 4895 8747.00000 7502.22763  14.2%  1718 23005s
 59738 40332 8544.15768  368 4984 8747.00000 7502.25065  14.2%  1718 23028s
 59739 40333 7527.85247  307 4927 8747.00000 7502.33054  14.2%  1718 23030s
 59743 40336 7502.41106  113 5147 8747.00000 7502.41106  14.2%  1718 23056s
 59745 40337 8080.42106  652 4940 8747.00000 7502.67352  14.2%  1718 23060s
 59751 40341 8570.62461  315 5141 8747.00000 7502.80611  14.2%  1718 23065s
 59752 40342 7965.13076  532 5178 8747.00000 7502.80764  14.2%  1718 23089s
 59753 40342 7503.18997  379 4822 8747.00000 7503.18997  14.2%  1718 23092s
 59754 40343 7503.39410  287 4820 8747.00000 7503.39410  14.2%  1718 23095s
 59758 40346 7503.54460  182 4924 8747.00000 7503.54460  14.2%  1717 23100s
 59760 40347 8188.90734  275 5088 8747.00000 7503.55918  14.2%  1717 23125s
 59761 40348 7504.90059  188 4990 8747.00000 7504.90059  14.2%  1717 23132s
 59762 40348 8243.69399  163 5035 8747.00000 7505.47800  14.2%  1717 23137s
 59764 40350 7505.57404  267 5074 8747.00000 7505.57404  14.2%  1717 23140s
 59766 40351 7768.35919  522 5163 8747.00000 7505.59589  14.2%  1717 23166s
 59769 40353 7505.72558  224 4965 8747.00000 7505.72558  14.2%  1717 23170s
 59770 40354 8188.41219  671 4992 8747.00000 7505.72645  14.2%  1717 23192s
 59771 40354 7892.21526  250 4910 8747.00000 7506.25332  14.2%  1717 23197s
 59773 40356 7679.37958  496 5091 8747.00000 7506.38773  14.2%  1717 23200s
 59776 40358 7506.40788   89 5087 8747.00000 7506.40788  14.2%  1717 23223s
 59777 40358 7506.74358   78 4805 8747.00000 7506.74358  14.2%  1717 23229s
 59778 40359 7506.84629   84 4799 8747.00000 7506.84629  14.2%  1717 23232s
 59781 40361 7506.93487  102 4928 8747.00000 7506.93487  14.2%  1717 23235s
 59784 40363 7506.95771  215 4941 8747.00000 7506.95771  14.2%  1717 23258s
 59785 40364 7995.28008  631 4655 8747.00000 7508.04943  14.2%  1717 23264s
 59786 40364 8246.90784  282 4815 8747.00000 7508.80490  14.2%  1717 23270s
 59788 40366 8702.43330  999 4980 8747.00000 7509.21773  14.2%  1717 23276s
 59792 40368 8160.05669  256 5104 8747.00000 7509.32371  14.1%  1717 23280s
 59793 40369 8459.45109  511 5099 8747.00000 7509.32392  14.1%  1716 23304s
 59794 40370 7509.92394  356 4941 8747.00000 7509.92394  14.1%  1716 23325s
 59795 40370 7510.17878  302 4845 8747.00000 7510.17878  14.1%  1716 23333s
 59796 40371 8603.49138  600 5057 8747.00000 7510.28910  14.1%  1716 23336s
 59799 40373 7510.34478  218 4980 8747.00000 7510.34478  14.1%  1716 23361s
 59800 40374 8545.43693  536 4732 8747.00000 7510.78789  14.1%  1716 23365s
 59803 40376 7999.40394  634 4902 8747.00000 7510.99220  14.1%  1716 23370s
 59808 40379 7511.02866   55 4991 8747.00000 7511.02866  14.1%  1716 23398s
 59809 40380 8083.97798  209 4858 8747.00000 7511.25655  14.1%  1716 23400s
 59812 40382 7837.28765  202 4890 8747.00000 7511.44412  14.1%  1716 23405s
 59816 40384 7721.32803   76 4960 8747.00000 7511.48303  14.1%  1716 23429s
 59817 40385 7804.07383  755 5073 8747.00000 7511.87173  14.1%  1716 23433s
 59818 40386 7857.84053  192 5067 8747.00000 7512.03638  14.1%  1716 23436s
 59823 40389 7512.15699  136 5054 8747.00000 7512.15699  14.1%  1716 23463s
 59824 40390 7512.68311  150 4871 8747.00000 7512.68311  14.1%  1716 23468s
 59825 40390 7513.00781  100 4994 8747.00000 7513.00781  14.1%  1716 23472s
 59827 40392 7981.59590  231 5058 8747.00000 7513.13706  14.1%  1716 23475s
 59831 40394 8070.32971  245 5131 8747.00000 7513.19531  14.1%  1715 23503s
 59832 40395 8413.61807  512 4920 8747.00000 7513.59478  14.1%  1715 23508s
 59833 40396 8461.19100  281 4969 8747.00000 7513.75192  14.1%  1715 23510s
 59836 40398 8039.80902  234 4938 8747.00000 7513.81472  14.1%  1715 23534s
 59837 40398 7514.03829  164 4872 8747.00000 7514.03829  14.1%  1715 23537s
 59839 40400 7527.85247  307 5009 8747.00000 7514.19614  14.1%  1715 23541s
 59843 40402 7514.23595  113 5087 8747.00000 7514.23595  14.1%  1715 23567s
 59844 40403 7514.83769  225 4656 8747.00000 7514.83769  14.1%  1715 23571s
 59845 40404 8080.42106  652 4792 8747.00000 7515.17034  14.1%  1715 23575s
 59848 40406 7537.03990  381 5003 8747.00000 7515.44973  14.1%  1715 23580s
 59850 40407 7905.74535  300 5016 8747.00000 7515.46263  14.1%  1715 23605s
 59852 40408 7965.13076  532 4985 8747.00000 7516.07175  14.1%  1715 23612s
 59856 40411 7516.15824  174 5140 8747.00000 7516.15824  14.1%  1715 23615s
 59857 40412 8403.11373  752 5193 8747.00000 7516.15931  14.1%  1715 23638s
 59858 40412 7516.43805  182 4980 8747.00000 7516.43805  14.1%  1715 23641s
 59861 40414 7516.60108  188 4833 8747.00000 7516.60108  14.1%  1715 23645s
 59864 40416 7516.61837  267 5024 8747.00000 7516.61837  14.1%  1714 23668s
 59865 40417 7850.15396  545 4864 8747.00000 7516.77927  14.1%  1714 23672s
 59867 40418 7517.00455  390 5017 8747.00000 7517.00455  14.1%  1714 23676s
 59870 40420 8188.41219  671 4991 8747.00000 7517.04580  14.1%  1714 23701s
 59871 40421 7892.21526  250 4773 8747.00000 7517.47431  14.1%  1714 23705s
 59874 40423 8476.30713  395 4848 8747.00000 7517.69251  14.1%  1714 23710s
 59876 40424 7517.70052   89 4951 8747.00000 7517.70052  14.1%  1714 23735s
 59878 40426 7518.13734   84 4827 8747.00000 7518.13734  14.0%  1714 23740s
 59883 40429 7846.26643  130 4934 8747.00000 7518.19779  14.0%  1714 23765s
 59884 40430 7518.68274  215 4754 8747.00000 7518.68274  14.0%  1714 23770s
 59886 40431 8246.90784  282 4977 8747.00000 7518.92924  14.0%  1714 23775s
 59889 40433 8192.79853  711 5039 8747.00000 7518.94944  14.0%  1714 23799s
 59890 40434 7519.32397  170 4703 8747.00000 7519.32397  14.0%  1714 23803s
 59891 40434 7519.49558   48 5058 8747.00000 7519.49558  14.0%  1714 23806s
 59895 40437 7519.63532  302 5005 8747.00000 7519.63532  14.0%  1714 23810s
 59897 40438 7519.64107  244 5062 8747.00000 7519.64107  14.0%  1714 23834s
 59898 40439 7519.94602   98 4569 8747.00000 7519.94602  14.0%  1713 23838s
 59899 40440 7520.14596  218 4720 8747.00000 7520.14596  14.0%  1713 23840s
 59902 40442 7884.74247  545 5034 8747.00000 7520.25803  14.0%  1713 23869s
 59903 40442 7999.40394  634 4968 8747.00000 7520.65960  14.0%  1713 23876s
 59905 40444 8615.03668  245 4999 8747.00000 7520.88002  14.0%  1713 23880s
 59909 40446 8083.97798  209 5114 8747.00000 7520.94312  14.0%  1713 23908s
 59910 40447 7630.30748  163 5059 8747.00000 7521.30805  14.0%  1713 23912s
 59911 40448 8566.68391  841 5012 8747.00000 7521.53886  14.0%  1713 23915s
 59915 40450 7582.26042  292 5242 8747.00000 7521.63556  14.0%  1713 23942s
 59916 40451 7721.32803   76 5090 8747.00000 7521.82793  14.0%  1713 23945s
 59922 40455 8020.37226  201 5215 8747.00000 7522.04134  14.0%  1713 23950s
 59923 40456 7522.04260  136 5303 8747.00000 7522.04260  14.0%  1713 23975s
 59926 40458 8113.28542  256 5228 8747.00000 7522.54681  14.0%  1713 23980s
 59929 40460 7639.85062  373 5102 8747.00000 7522.57968  14.0%  1713 24006s
 59930 40460 7522.78764  235 4964 8747.00000 7522.78764  14.0%  1713 24011s
 59932 40462 8413.61807  512 5040 8747.00000 7522.95065  14.0%  1713 24015s
 59938 40466 8544.15768  368 5093 8747.00000 7523.00106  14.0%  1712 24042s
 59939 40466 7527.85247  307 4885 8747.00000 7523.38701  14.0%  1712 24046s
 59941 40468 7523.63244  123 4996 8747.00000 7523.63244  14.0%  1712 24050s
 59945 40470 8080.42106  652 5045 8747.00000 7523.66610  14.0%  1712 24076s
 59946 40471 7529.48750  317 4925 8747.00000 7523.84905  14.0%  1712 24091s
 59948 40472 7537.03990  381 4981 8747.00000 7523.89216  14.0%  1712 24095s
 59950 40474 7905.74535  300 4994 8747.00000 7523.89699  14.0%  1712 24120s
 59952 40475 7965.13076  532 4843 8747.00000 7524.17344  14.0%  1712 24125s
 59957 40478 8403.11373  752 4982 8747.00000 7524.27131  14.0%  1712 24151s
 59958 40479 7524.55843  182 4819 8747.00000 7524.55843  14.0%  1712 24155s
 59962 40482 8243.69399  163 4866 8747.00000 7524.74039  14.0%  1712 24160s
 59964 40483 7524.74626  267 4930 8747.00000 7524.74626  14.0%  1712 24185s
 59967 40485 7525.02096  390 4948 8747.00000 7525.02096  14.0%  1712 24190s
 59970 40487 8188.41219  671 5001 8747.00000 7525.03927  14.0%  1711 24216s
 59972 40488 7601.30890  400 4915 8747.00000 7525.18954  14.0%  1711 24220s
 59978 40492 7525.24462   84 4971 8747.00000 7525.24462  14.0%  1711 24246s
 59982 40495 7868.70998  246 4996 8747.00000 7525.36384  14.0%  1711 24250s
 59983 40496 7846.26643  130 5024 8747.00000 7525.36755  14.0%  1711 24273s
 59984 40496 7525.52617  215 4839 8747.00000 7525.52617  14.0%  1711 24276s
 59987 40498 7982.75235  189 4863 8747.00000 7525.67372  14.0%  1711 24280s
 59989 40500 8192.79853  711 4923 8747.00000 7525.67910  14.0%  1711 24303s
 59990 40500 7525.79567  170 4713 8747.00000 7525.79567  14.0%  1711 24305s
 59994 40503 7525.99496  356 4879 8747.00000 7525.99496  14.0%  1711 24310s
 59995 40504 7525.99654  302 4864 8747.00000 7525.99654  14.0%  1711 24332s
 59997 40505 7526.06626  244 4829 8747.00000 7526.06626  14.0%  1711 24335s
 59998 40506 7526.06900   98 4894 8747.00000 7526.06900  14.0%  1711 24360s
 60004 40510 8582.35189  958 4916 8747.00000 7526.18484  14.0%  1710 24388s
 60005 40510 8615.03668  245 4869 8747.00000 7526.32271  14.0%  1710 24390s
 60008 40512 7526.38800   55 5063 8747.00000 7526.38800  14.0%  1710 24416s
 60010 40514 7630.30748  163 5089 8747.00000 7526.62694  14.0%  1710 24421s
 60013 40516 7526.68027  269 5091 8747.00000 7526.68027  14.0%  1710 24448s
 60015 40517 7582.26042  292 4977 8747.00000 7526.82995  13.9%  1710 24451s
 60019 40520 8402.40102   88 5089 8747.00000 7526.85802  13.9%  1710 24476s
 60021 40521 7527.26378   51 5039 8747.00000 7527.26378  13.9%  1710 24480s
 60026 40524 8113.28542  256 4987 8747.00000 7527.33647  13.9%  1710 24508s
 60027 40525 7981.59590  231 4903 8747.00000 7527.69643  13.9%  1710 24521s
 60029 40526 7639.85062  373 4979 8747.00000 7527.83028  13.9%  1710 24525s
 60034 40530 7527.88937   89 5015 8747.00000 7527.88937  13.9%  1710 24552s
 60036 40531 8039.80902  234 5012 8747.00000 7528.13446  13.9%  1710 24557s
 60040 40534 8361.35311  202 5140 8747.00000 7528.17830  13.9%  1709 24582s
 60041 40534 7528.30671  123 4842 8747.00000 7528.30671  13.9%  1709 24585s
 60045 40537 8080.42106  652 4897 8747.00000 7528.44499  13.9%  1709 24590s
 60046 40538 7529.48750  317 4961 8747.00000 7528.44797  13.9%  1709 24614s
 60047 40538 7716.14732  133 4817 8747.00000 7528.73693  13.9%  1709 24616s
 60050 40540 7905.74535  300 5026 8747.00000 7528.87981  13.9%  1709 24644s
 60051 40541 8570.62461  315 4945 8747.00000 7529.11356  13.9%  1709 24647s
 60054 40543 7529.22275  287 5040 8747.00000 7529.22275  13.9%  1709 24650s
 60058 40546 7529.23760  182 4945 8747.00000 7529.23760  13.9%  1709 24674s
 60059 40546 7529.67318   67 4651 8747.00000 7529.67318  13.9%  1709 24679s
 60060 40547 8188.90734  275 4903 8747.00000 7530.00623  13.9%  1709 24683s
 60061 40548 7530.14003  188 5038 8747.00000 7530.14003  13.9%  1709 24685s
 60065 40550 7850.15396  545 5185 8747.00000 7530.19823  13.9%  1709 24712s
 60066 40551 7768.35919  522 4992 8747.00000 7530.45635  13.9%  1709 24715s
 60070 40554 8188.41219  671 5032 8747.00000 7530.64231  13.9%  1709 24720s
 60071 40554 7892.21526  250 5032 8747.00000 7530.64554  13.9%  1709 24744s
 60072 40555 7601.30890  400 4821 8747.00000 7530.92984  13.9%  1709 24748s
 60073 40556 7679.37958  496 5039 8747.00000 7531.13561  13.9%  1708 24750s
 60079 40560 7531.22983  185 5034 8747.00000 7531.22983  13.9%  1708 24779s
 60080 40560 7531.50918  158 4923 8747.00000 7531.50918  13.9%  1708 24845s
 60081 40561 7531.58222  102 4886 8747.00000 7531.58222  13.9%  1708 24856s
 60085 40564 7995.28008  631 5077 8747.00000 7531.62990  13.9%  1708 24881s
 60087 40565 7982.75235  189 4969 8747.00000 7531.81396  13.9%  1708 24885s
 60091 40568 7531.86220   48 5076 8747.00000 7531.86220  13.9%  1708 24910s
 60093 40569 8459.45109  511 5144 8747.00000 7532.32714  13.9%  1708 24916s
 60096 40571 8603.49138  600 5032 8747.00000 7532.44689  13.9%  1708 24920s
 60097 40572 7532.44933  244 5027 8747.00000 7532.44933  13.9%  1708 24945s
 60099 40573 7532.89824  218 4980 8747.00000 7532.89824  13.9%  1708 24952s
 60102 40575 7884.74247  545 5173 8747.00000 7532.99951  13.9%  1708 24955s
 60103 40576 7999.40394  634 5207 8747.00000 7533.00322  13.9%  1708 24981s
 60105 40577 8615.03668  245 5154 8747.00000 7533.67010  13.9%  1708 24987s
 60108 40579 7533.71628   55 5144 8747.00000 7533.71628  13.9%  1707 25012s
 60109 40580 8083.97798  209 4942 8747.00000 7534.01750  13.9%  1707 25015s
 60111 40581 8566.68391  841 4998 8747.00000 7534.34597  13.9%  1707 25021s
 60115 40584 7582.26042  292 5028 8747.00000 7534.41070  13.9%  1707 25048s
 60116 40584 7721.32803   76 4918 8747.00000 7534.74851  13.9%  1707 25052s
 60117 40585 7804.07383  755 4918 8747.00000 7534.74870  13.9%  1707 25175s
 60118 40589 7534.76777   70 4794 8747.00000 7534.74870  13.9%  1722 25237s
 60120 40592 7534.86117   71 4961 8747.00000 7534.76783  13.9%  1723 25302s
 60124 40599 7534.98172   72 4996 8747.00000 7534.86135  13.9%  1724 25367s
 60132 40604 7550.14172   73 4969 8747.00000 7534.98298  13.9%  1726 25481s
 60140 40624 7579.77733   74 4178 8747.00000 7534.98298  13.9%  1731 25629s
 60163 40647 7583.91628   75 4174 8747.00000 7537.42494  13.8%  1742 25740s
 60194 40689 7585.22927   76 3991 8747.00000 7538.23302  13.8%  1750 25838s
 60247 40806 7585.61171   77 4084 8747.00000 7538.26039  13.8%  1750 25922s
 60381 40865 7590.01988   82 3978 8747.00000 7538.26039  13.8%  1751 25969s
 60485 40862 7591.25232   87 4025 8747.00000 7538.26039  13.8%  1751 25990s
 60517 40888 7591.63822   88 3864 8747.00000 7538.26039  13.8%  1751 26019s
 60553 40908 7592.17048   89 3868 8747.00000 7538.26039  13.8%  1751 26039s
 60585 40931 7592.35586   90 3858 8747.00000 7538.26039  13.8%  1751 26060s
 60619 40952 7592.54020   91 3911 8747.00000 7538.26039  13.8%  1750 26082s
 60651 40986 7626.49024   92 3521 8747.00000 7538.26039  13.8%  1751 26111s
 60696 41029 7634.94413   93 3688 8747.00000 7538.26039  13.8%  1751 26144s
 60754 41123 7635.36303   94 3656 8747.00000 7538.26039  13.8%  1751 26171s
 60867 41189 7635.47701   95 3646 8747.00000 7538.26039  13.8%  1750 26200s
 60971 41266 7636.70014   99 3768 8747.00000 7538.26039  13.8%  1750 26227s
 61083 41397 7666.95330  103 3755 8747.00000 7538.26039  13.8%  1749 26254s
 61251 41498 7710.27094  118 3072 8747.00000 7538.26039  13.8%  1748 26281s
 61408 41635 7712.01137  125 3311 8747.00000 7538.26039  13.8%  1746 26316s
 61599 41739 7795.36007  103 3680 8747.00000 7538.66138  13.8%  1745 26346s
 61767 41891 7714.97079  137 3127 8747.00000 7538.66138  13.8%  1743 26374s
 61975 42040 7795.45299  104 3611 8747.00000 7538.66138  13.8%  1741 26402s
 62193 42126 7812.68397  110 3626 8747.00000 7538.66138  13.8%  1738 26432s
 62352 42284 7813.22495  113 3549 8747.00000 7538.66138  13.8%  1737 26461s
 62563 42367 7819.75103  119 3427 8747.00000 7538.66138  13.8%  1735 26493s
 62716 42474 7819.81228  120 3538 8747.00000 7538.66138  13.8%  1735 26530s
 62874 42453 7840.82958  122 3304 8747.00000 7538.66138  13.8%  1735 26548s
 62906 42474 7842.43595  123 3365 8747.00000 7538.66138  13.8%  1734 26566s
 62938 42495 7842.73586  124 3324 8747.00000 7538.66138  13.8%  1734 26593s
 62969 42516 7842.99948  125 3459 8747.00000 7538.66138  13.8%  1734 26612s
 63001 42577 7843.05995  126 3389 8747.00000 7538.66138  13.8%  1734 26635s
 63072 42677 7843.26647  127 3376 8747.00000 7538.66138  13.8%  1733 26668s
 63196 42893 7845.46102  129 3386 8747.00000 7538.66138  13.8%  1732 26705s
 63453 43099 7845.52229  130 3500 8747.00000 7538.66138  13.8%  1729 26745s
 63745 43290 7847.87385  141 3322 8747.00000 7538.66138  13.8%  1726 26786s
 64033 43396 7852.07643  152 3417 8747.00000 7538.66138  13.8%  1724 26828s
 64235 43574 7854.64251  161 3358 8747.00000 7538.66138  13.8%  1724 26871s
 64481 43737 7859.75906  169 3308 8747.00000 7538.66138  13.8%  1722 26920s
 64726 43950 7917.80453  173 3174 8747.00000 7538.66138  13.8%  1721 26966s
 65020 44162 7941.14460  179 3257 8747.00000 7538.66138  13.8%  1720 27014s
 65330 44313 7963.85737  182 2642 8747.00000 7538.66138  13.8%  1717 27066s
 65608 44523 7989.97020  191 2644 8747.00000 7538.66138  13.8%  1718 27135s
 65924 44685 8011.84177  203 2938 8747.00000 7538.66138  13.8%  1717 27211s
 66192 44952 8018.08318  215 2940 8747.00000 7538.66138  13.8%  1718 27272s
 66548 45243 8051.68700  230 2803 8747.00000 7538.66138  13.8%  1716 27328s
 66960 45604 8066.55353  250 2594 8747.00000 7538.66138  13.8%  1713 27389s
 67480 45923 8087.26641  269 2566 8747.00000 7538.66138  13.8%  1709 27462s
 68023 46149 8107.32549  290 2596 8747.00000 7538.70530  13.8%  1705 27545s
 68442 46505 8167.09442  297 2613 8747.00000 7538.70530  13.8%  1704 27614s
 68938 46755 8253.96013  310 2428 8747.00000 7538.70530  13.8%  1701 27679s
 69353 46649 8273.57542  327 2390 8747.00000 7538.70530  13.8%  1700 27722s
 69386 46671 8274.97562  328 2397 8747.00000 7538.70530  13.8%  1699 27766s
 69419 46915 8275.40523  329 2396 8747.00000 7538.70530  13.8%  1699 27825s
 69676 47283 8280.27032  332 2372 8747.00000 7538.70530  13.8%  1696 27904s
 70166 47717 8482.19340  343 2290 8747.00000 7538.70530  13.8%  1694 28002s
 70766 48040 8626.46069  376 2091 8747.00000 7538.70530  13.8%  1691 28165s
 71293 47897 8661.75888  403 1980 8747.00000 7538.70530  13.8%  1689 28228s
H71325 45935                    8743.0000000 7538.70530  13.8%  1690 28297s
 71419 46663 8664.36331  405 2038 8743.00000 7538.70530  13.8%  1690 28394s
 72344 46923 7679.80811   78 3925 8743.00000 7538.70530  13.8%  1682 28502s
 73025 47066 7729.66391   80 2613 8743.00000 7538.70530  13.8%  1678 28614s
 73449 47255 7689.65831   84 3317 8743.00000 7538.70530  13.8%  1679 28739s
 73785 47509 7694.39138   86 3237 8743.00000 7538.70530  13.8%  1685 28846s
 74153 47761 7703.25881  106 3216 8743.00000 7538.70530  13.8%  1691 28947s
 74528 47816 7703.72133  107 3088 8743.00000 7538.70530  13.8%  1693 29029s
 74708 48313 7815.66328  107 2842 8743.00000 7538.70530  13.8%  1693 29142s
 75265 48924 7730.96699  108 3063 8743.00000 7538.70530  13.8%  1693 29264s
 76075 49497 7727.88043  124 2970 8743.00000 7538.70530  13.8%  1691 29401s
 76946 50106 7803.30826  127 2780 8743.00000 7538.70530  13.8%  1690 29544s
 77931 50860 7756.49390  132 2563 8743.00000 7538.70530  13.8%  1687 29691s
 79035 51090 7759.38733  145 2736 8743.00000 7538.70530  13.8%  1681 29819s
 79678 51052 7764.64912  157 2912 8743.00000 7538.70530  13.8%  1680 29930s
 79880 51613 7777.70511  155 2883 8743.00000 7538.70530  13.8%  1680 30082s
 80529 51437 7773.26264  158 2819 8743.00000 7538.70530  13.8%  1681 30194s
 80569 51998 7782.10372  159 2850 8743.00000 7538.70530  13.8%  1682 30327s
 81143 52680 7773.64005  159 2842 8743.00000 7538.70530  13.8%  1683 30493s
 82032 53774 7789.92455  165 2634 8743.00000 7538.70530  13.8%  1683 30661s
 83426 54772 7798.88860  184 2830 8743.00000 7538.70530  13.8%  1677 30832s
 84933 54881 7830.02053  190 2677 8743.00000 7538.70530  13.8%  1670 30984s
 85584 55703 7834.57829  201 2592 8743.00000 7539.45142  13.8%  1670 31171s
 86694 56212 7854.31287  220 2720 8743.00000 7539.45142  13.8%  1667 31454s
 87617 57400 7924.39089  229 2668 8743.00000 7539.45142  13.8%  1672 31702s
 89113 57121 7871.72551  249 2738 8743.00000 7539.45142  13.8%  1673 31851s
 89333 58420 7878.13151  251 2740 8743.00000 7539.45142  13.8%  1673 32099s
 90769 59477 7910.90283  255 2562 8743.00000 7539.45142  13.8%  1675 32338s
 92332 60390 7950.16873  269 2678 8743.00000 7539.45142  13.8%  1675 32571s
 93808 61191 8044.38749  282 2465 8743.00000 7539.45142  13.8%  1676 32820s
 95120 62484 7947.98212  297 2615 8743.00000 7539.45142  13.8%  1679 33069s
 96923 62201 7949.77741  338 2502 8743.00000 7539.45142  13.8%  1677 33263s
 97279 62977 7950.29099  339 2602 8743.00000 7539.45142  13.8%  1676 33514s
 98241 63773 7957.34106  362 2748 8743.00000 7539.45142  13.8%  1684 33781s
 99362 65341 7968.27288  378 2641 8743.00000 7539.45142  13.8%  1690 34087s
 101336 65673 7994.89422  419 2544 8743.00000 7539.45142  13.8%  1691 34360s
 102372 67583 7994.56139  447 2581 8743.00000 7539.45142  13.8%  1695 34697s
 104633 68250 8028.49321  471 2440 8743.00000 7539.45142  13.8%  1695 35048s
 106088 69784 8011.60575  481 2783 8743.00000 7539.45142  13.8%  1693 35408s
 108210 70678 8039.84911  529 2598 8743.00000 7539.45142  13.8%  1697 35783s
 109874 71704 8060.86617  569 2527 8743.00000 7539.45142  13.8%  1706 36110s
 111459 72253 8073.38012  587 2624 8743.00000 7539.45142  13.8%  1708 36450s
 112596 72615 8078.71547  603 2608 8743.00000 7539.45142  13.8%  1707 36798s
 113345 75484 8090.72835  626 2454 8743.00000 7539.45142  13.8%  1711 37294s
 116492 77450 8152.70312  680 2189 8743.00000 7539.45142  13.8%  1713 37883s
H116896 75371                    8741.0000000 7539.45142  13.7%  1714 37883s
 119581 75728 8213.35507  714 2310 8741.00000 7539.45142  13.7%  1715 38313s
 120883 78417 8230.95709  721 2291 8741.00000 7539.45142  13.7%  1721 38802s
 124044 79721 8264.95184  754 2129 8741.00000 7539.45142  13.7%  1722 39231s
H124487 77671                    8734.0000000 7539.45142  13.7%  1721 39231s
 126508 80198 8287.83195  785 2169 8734.00000 7539.45142  13.7%  1720 39777s
 129885 80218 8339.27688  844 1991 8734.00000 7546.63055  13.6%  1718 40168s
 131075 82862 8382.85918  845 2033 8734.00000 7546.63055  13.6%  1721 40682s
 134252 85817 8413.38548  890 2151 8734.00000 7546.63055  13.6%  1716 41259s
 138473 86782 8482.15077  929 1822 8734.00000 7546.63055  13.6%  1709 41840s
 140954 90689 8664.36121  987 1646 8734.00000 7546.63055  13.6%  1711 42418s
 145870 93227 8588.98316 1110 1723 8734.00000 7546.63055  13.6%  1700 42999s
 150147 95621 8654.18955 1247 1602 8734.00000 7546.63055  13.6%  1691 43478s
 154056 97850 7570.36757  136 5073 8734.00000 7546.63055  13.6%  1677 43904s
 157791 98487 7713.04227  166 2923 8734.00000 7546.63055  13.6%  1660 44274s
 159789 100758 7729.70181  190 2950 8734.00000 7546.63055  13.6%  1654 44693s
 162837 103783 7801.47829  266 2871 8734.00000 7546.63055  13.6%  1646 45173s
 167141 105430 7874.88121  426 2631 8734.00000 7546.63055  13.6%  1636 45578s
 169432 107410 7962.84002  520 2596 8734.00000 7546.63055  13.6%  1633 46092s
 171533 110759 8018.78112  680 2498 8734.00000 7546.63055  13.6%  1634 46559s
 174979 115293 8098.85669  829 2323 8734.00000 7546.63055  13.6%  1625 47119s
 179584 115453 8315.49942 1074 2051 8734.00000 7546.63055  13.6%  1614 47409s
H179628 115425                    8733.0000000 7546.63055  13.6%  1614 47409s
 179744 119986 8315.81893 1075 2086 8733.00000 7546.63055  13.6%  1614 47841s
 184323 123296 7725.60999  130 2898 8733.00000 7546.63055  13.6%  1600 48279s
 187783 125867 8262.84697  216 2092 8733.00000 7546.63055  13.6%  1590 48645s
 190495 129573 8719.90158  329 1804 8733.00000 7546.63055  13.6%  1582 49068s
 194271 131727 8099.76101  139 4086 8733.00000 7546.63055  13.6%  1574 49435s
 196531 134711 8145.90937  152 3478 8733.00000 7546.63055  13.6%  1570 49845s
 199594 137788 8679.38781  227 2044 8733.00000 7546.63055  13.6%  1566 50315s
 202829 140407 7823.49655  124 2550 8733.00000 7546.63055  13.6%  1565 50710s
 205543 143206 8481.00006  181 1679 8733.00000 7546.63055  13.6%  1560 51225s
 208482 145172 7657.15338   83 4035 8733.00000 7546.63055  13.6%  1554 51775s
 210472 152917 7745.31632   85 3156 8733.00000 7546.63055  13.6%  1550 52610s
 218575 155888 7590.94200  106 4056 8733.00000 7553.37239  13.5%  1534 53093s
 221647 159566 7680.93592  159 3516 8733.00000 7553.37239  13.5%  1535 53571s
 225499 163448 7742.88024  280 2893 8733.00000 7553.37239  13.5%  1531 54015s
 229448 166743 7798.06156  417 3095 8733.00000 7553.37239  13.5%  1525 54441s
 232836 170607 7938.47588  505 2783 8733.00000 7553.37239  13.5%  1519 54835s
 236700 176603 8032.43143  629 2685 8733.00000 7553.37239  13.5%  1511 55381s
 242705 179317 8125.97351  838 2745 8733.00000 7553.37239  13.5%  1495 55674s
 245531 183211 8174.36152  944 2564 8733.00000 7553.37239  13.5%  1488 55999s
 249522 186086 8239.76560 1069 2793 8733.00000 7553.37239  13.5%  1478 56320s
 252489 187716 8306.27666 1225 2395 8733.00000 7557.36137  13.5%  1472 56623s
 254184 190293 8591.26896 1349 2318 8733.00000 7557.36137  13.5%  1471 57012s
 256863 193664 8714.04628 1460 2216 8733.00000 7557.36137  13.5%  1467 57386s
 260486 195058 7661.63053  130 3812 8733.00000 7557.36137  13.5%  1461 57702s
 261954 198042 7721.35392  164 3029 8733.00000 7557.36137  13.5%  1463 58098s
 265056 201034 8068.26304  212 2351 8733.00000 7557.36137  13.5%  1462 58582s
 268262 203608 7579.22413  155 4494 8733.00000 7557.36137  13.5%  1461 59066s
 270870 209275 7755.71655  196 3213 8733.00000 7557.36137  13.5%  1464 59661s
 276613 214601 7843.12230  375 2920 8733.00000 7557.36137  13.5%  1455 60120s
 281999 218002 7922.02181  552 2909 8733.00000 7557.36137  13.5%  1447 60531s
 285505 220660 7993.20841  684 2791 8733.00000 7557.36137  13.5%  1442 60900s
 288357 223936 8043.99578  792 2777 8733.00000 7557.36137  13.5%  1441 61284s
 291673 227302 8114.94203  928 2761 8733.00000 7557.36137  13.5%  1440 61684s
 295320 229947 8250.85639 1100 2428 8733.00000 7557.36137  13.5%  1437 62065s
 298197 233606 8366.08473 1258 2463 8733.00000 7557.36137  13.5%  1437 62584s
 302045 235489 8615.94399 1563 2028 8733.00000 7557.36137  13.5%  1437 63130s
 303954 240441 7710.89002   90 2961 8733.00000 7557.36137  13.5%  1438 63656s
 308968 246355 7846.90644  206 2825 8733.00000 7557.36137  13.5%  1432 64102s
 314922 251087 7917.83562  392 2756 8733.00000 7557.36137  13.5%  1422 64457s
 319738 253835 8011.43697  583 2545 8733.00000 7557.36137  13.5%  1413 64765s
 322553 255437 8080.46640  722 2344 8733.00000 7557.36137  13.5%  1411 65022s
 324155 259389 8120.35882  802 2341 8733.00000 7557.36137  13.5%  1409 65355s
 328215 266214 8273.20007 1000 2108 8733.00000 7557.36137  13.5%  1404 65875s
 335310 267198 8562.22981 1415 1919 8733.00000 7557.36137  13.5%  1391 66139s
 336438 268708 7717.82852  168 3725 8733.00000 7557.36137  13.5%  1393 66445s
 337976 269167 7744.13594  171 2966 8733.00000 7557.36137  13.5%  1395 66827s
 338484 271706 7766.51893  180 2720 8733.00000 7557.36137  13.5%  1396 67176s
 341126 274535 7855.00956  192 2838 8733.00000 7557.36137  13.5%  1396 67538s
 344063 278387 7881.16066  235 2489 8733.00000 7557.36137  13.5%  1395 67936s
 347949 282475 7949.10671  320 2381 8733.00000 7557.36137  13.5%  1392 68298s
 352177 285496 8070.68603  382 2016 8733.00000 7557.36137  13.5%  1387 68612s
 355292 288932 8134.49144  455 1832 8733.00000 7557.36137  13.5%  1385 68947s
 358804 294241 8183.36759  515 1888 8733.00000 7557.36137  13.5%  1382 69472s
 364331 295756 8283.74524  608 1830 8733.00000 7557.36137  13.5%  1377 69781s
 366018 297431 8356.81248  693 1765 8733.00000 7557.36137  13.5%  1379 70144s
 366378 297431 7638.90695   94 3518 8733.00000 7557.36137  13.5%  1381 70145s
 367779 299670 8413.03167  761 1635 8733.00000 7557.36137  13.5%  1383 70548s
 370091 301555 8479.04719  838 1556 8733.00000 7557.36137  13.5%  1386 70982s
 372051 304094 8607.88183  913 1579 8733.00000 7557.36137  13.5%  1390 71449s
 374660 306762 7590.85055  142 4685 8733.00000 7557.36137  13.5%  1395 71944s
 377352 309134 7651.87161  160 3254 8733.00000 7557.36137  13.5%  1398 72441s
 379818 310270 7697.08405  203 3136 8733.00000 7557.36137  13.5%  1403 73014s
 380972 313839 7718.19137  246 2914 8733.00000 7557.36137  13.5%  1408 73603s
 384569 317695 7769.19779  379 3107 8733.00000 7557.36137  13.5%  1413 74184s
 388476 321210 7819.13262  478 2863 8733.00000 7557.36137  13.5%  1416 74668s
 392071 324489 7856.69111  552 2782 8733.00000 7566.23676  13.4%  1417 75115s
 395414 327494 7887.88898  594 2719 8733.00000 7566.23676  13.4%  1419 75568s
 398657 330084 7929.49920  638 2479 8733.00000 7566.23676  13.4%  1420 76024s
 401363 333326 7974.21894  702 2604 8733.00000 7566.23676  13.4%  1424 76507s
 404814 335143 8010.58099  791 2492 8733.00000 7566.23676  13.4%  1426 76979s
 404873 335143 7760.53662  294 3075 8733.00000 7566.23676  13.4%  1426 76980s
 406825 337713 8024.28143  819 2481 8733.00000 7566.23676  13.4%  1430 77482s
 409463 341473 8072.08909  917 2445 8733.00000 7566.23676  13.4%  1434 78014s
 413483 345045 8127.28158 1003 2366 8733.00000 7567.43827  13.3%  1435 78519s
 417106 349215 8252.56241 1089 2080 8733.00000 7567.43827  13.3%  1436 79027s
 421430 353515 8366.76343 1145 2106 8733.00000 7567.43827  13.3%  1434 79546s
 425841 355587 8339.66262 1247 2057 8733.00000 7567.43827  13.3%  1433 79957s
 428007 358330 8392.39931 1302 2140 8733.00000 7567.43827  13.3%  1434 80403s
 430893 360908 8428.97151 1368 1870 8733.00000 7567.43827  13.3%  1435 80866s
 433587 363335 8584.79157 1465 1695 8733.00000 7567.43827  13.3%  1437 81466s
 436150 366517 7662.13889  127 4053 8733.00000 7567.43827  13.3%  1440 82000s
 439523 369346 7682.08742  158 3032 8733.00000 7567.43827  13.3%  1441 82586s
 442352 369602 7705.24542  189 3140 8733.00000 7567.43827  13.3%  1443 82984s
 442608 372122 7711.74536  196 3049 8733.00000 7567.43827  13.3%  1444 83455s
 445128 376849 7737.17480  238 2841 8733.00000 7567.43827  13.3%  1444 84027s
 449883 382290 7809.26285  364 2882 8733.00000 7567.43827  13.3%  1442 84553s
 455373 384840 7999.61435  405 2353 8733.00000 7567.43827  13.3%  1438 85011s
 458004 388803 7929.54280  412 2664 8733.00000 7567.43827  13.3%  1437 85634s
 462194 392203 8011.91730  509 2625 8733.00000 7567.43827  13.3%  1439 86170s
 465689 392567 8021.53313  578 2685 8733.00000 7569.24511  13.3%  1441 86400s

Cutting planes:
  Gomory: 149
  Cover: 2684
  Implied bound: 119
  Projected implied bound: 13
  Clique: 215
  MIR: 1637
  Mixing: 2
  StrongCG: 952
  Flow cover: 7530
  GUB cover: 388
  Inf proof: 1
  Zero half: 731
  Mod-K: 6
  RLT: 2404
  Relax-and-lift: 287

Explored 466053 nodes (671398269 simplex iterations) in 86400.34 seconds (132018.78 work units)
Thread count was 32 (of 64 available processors)

Solution count 10: 8733 8734 8741 ... 8755

Time limit reached
Best objective 8.733000000000e+03, best bound 7.570000000000e+03, gap 13.3173%
Solved c101_Random1 -> /project2/ssuen_1733/output/v3-balance-hours/c101_Random1.pkl / .json
[Wed Dec 17 15:01:36 PST 2025] Finished run_single_instance for c101_Random1
