==========================================
SLURM_JOB_ID = 5322922
SLURM_JOB_NODELIST = a04-19
TMPDIR = /tmp/SLURM_5322922
==========================================
Using Python:
Python 3.10.18
Checking core dependencies:
numpy: 2.2.6
gurobi: (12, 0, 3)
[Tue Dec 16 19:34:03 PST 2025] Starting run_single_instance on a04-19.hpc.usc.edu for rc101_Random1
Set parameter TokenServer to value "hpc-licenses.hpcc.usc.edu"
Set parameter TimeLimit to value 86400
Set parameter Seed to value 42
Set parameter OutputFlag to value 1
Gurobi Optimizer version 12.0.3 build v12.0.3rc0 (linux64 - "Rocky Linux 8.10 (Green Obsidian)")

CPU model: AMD EPYC 7513 32-Core Processor, instruction set [SSE2|AVX|AVX2]
Thread count: 64 physical cores, 64 logical processors, using up to 32 threads

Non-default parameters:
TimeLimit  86400
Seed  42

Optimize a model with 703650 rows, 728000 columns and 7279600 nonzeros
Model fingerprint: 0xca175668
Variable types: 0 continuous, 728000 integer (727500 binary)
Coefficient statistics:
  Matrix range     [1e+00, 1e+03]
  Objective range  [1e+00, 1e+02]
  Bounds range     [1e+00, 5e+01]
  RHS range        [1e+00, 1e+03]
Presolve removed 679100 rows and 699456 columns
Presolve time: 1.70s
Presolved: 24550 rows, 28544 columns, 206750 nonzeros
Variable types: 0 continuous, 28544 integer (28500 binary)
Performing another presolve...
Presolve removed 600 rows and 300 columns
Presolve time: 0.35s
Deterministic concurrent LP optimizer: primal and dual simplex
Showing primal log only...


Root simplex log...

Iteration    Objective       Primal Inf.    Dual Inf.      Time
   19924    8.1049137e+03   0.000000e+00   7.628422e+06      5s
Concurrent spin time: 0.14s

Solved with dual simplex

Root simplex log...

Iteration    Objective       Primal Inf.    Dual Inf.      Time
   16854    4.6639197e+03   0.000000e+00   0.000000e+00      6s

Root relaxation: objective 4.663920e+03, 16854 iterations, 2.14 seconds (2.69 work units)
Total elapsed time = 5.73s (DegenMoves)

    Nodes    |    Current Node    |     Objective Bounds      |     Work
 Expl Unexpl |  Obj  Depth IntInf | Incumbent    BestBd   Gap | It/Node Time

     0     0 4663.91967    0  842          - 4663.91967      -     -    6s
     0     0 4698.47790    0 1009          - 4698.47790      -     -    7s
     0     0 4703.02247    0  993          - 4703.02247      -     -    7s
     0     0 4703.02247    0  990          - 4703.02247      -     -    7s
     0     0 4930.22264    0  905          - 4930.22264      -     -    8s
     0     0 4930.95666    0  923          - 4930.95666      -     -    9s
     0     0 4931.05977    0  893          - 4931.05977      -     -    9s
     0     0 4931.06109    0  898          - 4931.06109      -     -    9s
     0     0 4961.46717    0 1028          - 4961.46717      -     -   10s
     0     0 4965.30469    0 1077          - 4965.30469      -     -   11s
     0     0 4965.45300    0 1072          - 4965.45300      -     -   11s
     0     0 4965.53684    0 1091          - 4965.53684      -     -   11s
     0     0 4965.53684    0 1099          - 4965.53684      -     -   11s
     0     0 4986.38016    0 1076          - 4986.38016      -     -   13s
     0     0 4987.68230    0 1077          - 4987.68230      -     -   13s
     0     0 4987.76862    0 1066          - 4987.76862      -     -   13s
     0     0 4987.79767    0 1013          - 4987.79767      -     -   14s
     0     0 5037.33695    0 1112          - 5037.33695      -     -   16s
     0     0 5041.81543    0 1173          - 5041.81543      -     -   16s
     0     0 5042.48069    0 1183          - 5042.48069      -     -   17s
     0     0 5049.31234    0 1178          - 5049.31234      -     -   17s
     0     0 5049.54343    0 1188          - 5049.54343      -     -   17s
     0     0 5049.54343    0 1194          - 5049.54343      -     -   17s
     0     0 5115.69624    0 1290          - 5115.69624      -     -   19s
     0     0 5122.00481    0 1349          - 5122.00481      -     -   20s
     0     0 5122.29769    0 1424          - 5122.29769      -     -   20s
     0     0 5122.30273    0 1420          - 5122.30273      -     -   20s
     0     0 5163.48715    0 1163          - 5163.48715      -     -   21s
     0     0 5168.83392    0 1275          - 5168.83392      -     -   22s
     0     0 5169.59084    0 1280          - 5169.59084      -     -   23s
     0     0 5169.64253    0 1312          - 5169.64253      -     -   23s
     0     0 5237.85120    0 1180          - 5237.85120      -     -   25s
     0     0 5243.14826    0 1252          - 5243.14826      -     -   25s
     0     0 5243.83719    0 1221          - 5243.83719      -     -   26s
     0     0 5243.92175    0 1278          - 5243.92175      -     -   26s
     0     0 5293.32421    0 1321          - 5293.32421      -     -   28s
     0     0 5300.99523    0 1345          - 5300.99523      -     -   29s
     0     0 5301.67388    0 1359          - 5301.67388      -     -   29s
     0     0 5301.78443    0 1406          - 5301.78443      -     -   30s
     0     0 5366.15153    0 1397          - 5366.15153      -     -   32s
     0     0 5374.71583    0 1462          - 5374.71583      -     -   33s
     0     0 5375.21891    0 1438          - 5375.21891      -     -   33s
     0     0 5375.48901    0 1495          - 5375.48901      -     -   33s
     0     0 5375.50423    0 1499          - 5375.50423      -     -   33s
     0     0 5440.39544    0 1429          - 5440.39544      -     -   36s
     0     0 5446.03203    0 1469          - 5446.03203      -     -   37s
     0     0 5446.94086    0 1495          - 5446.94086      -     -   37s
     0     0 5446.94827    0 1526          - 5446.94827      -     -   37s
     0     0 5471.48754    0 1359          - 5471.48754      -     -   39s
     0     0 5472.60158    0 1502          - 5472.60158      -     -   40s
     0     0 5472.64334    0 1525          - 5472.64334      -     -   40s
     0     0 5504.14014    0 1426          - 5504.14014      -     -   41s
     0     0 5511.93478    0 1508          - 5511.93478      -     -   42s
     0     0 5513.22223    0 1496          - 5513.22223      -     -   42s
     0     0 5513.25395    0 1491          - 5513.25395      -     -   43s
     0     0 5529.19300    0 1370          - 5529.19300      -     -   44s
     0     0 5531.43632    0 1495          - 5531.43632      -     -   45s
     0     0 5531.91623    0 1467          - 5531.91623      -     -   45s
     0     0 5531.94146    0 1464          - 5531.94146      -     -   46s
     0     0 5540.29605    0 1438          - 5540.29605      -     -   47s
     0     0 5541.68428    0 1607          - 5541.68428      -     -   48s
     0     0 5541.71462    0 1598          - 5541.71462      -     -   48s
     0     0 5546.66627    0 1574          - 5546.66627      -     -   50s
     0     0 5548.45617    0 1481          - 5548.45617      -     -   50s
     0     0 5548.45617    0 1529          - 5548.45617      -     -   51s
     0     0 5552.79219    0 1526          - 5552.79219      -     -   52s
     0     0 5554.32780    0 1609          - 5554.32780      -     -   53s
     0     0 5554.32780    0 1609          - 5554.32780      -     -   53s
     0     0 5561.54367    0 1644          - 5561.54367      -     -   54s
     0     0 5561.98478    0 1637          - 5561.98478      -     -   55s
     0     0 5562.14294    0 1699          - 5562.14294      -     -   55s
     0     0 5566.54781    0 1643          - 5566.54781      -     -   57s
     0     0 5567.33440    0 1580          - 5567.33440      -     -   57s
     0     0 5567.33440    0 1592          - 5567.33440      -     -   57s
     0     0 5571.20981    0 1588          - 5571.20981      -     -   59s
     0     0 5572.39731    0 1586          - 5572.39731      -     -   59s
     0     0 5572.46101    0 1615          - 5572.46101      -     -   59s
     0     0 5578.68444    0 1640          - 5578.68444      -     -   61s
     0     0 5579.92083    0 1692          - 5579.92083      -     -   61s
     0     0 5580.53277    0 1656          - 5580.53277      -     -   62s
     0     0 5580.71914    0 1643          - 5580.71914      -     -   62s
     0     0 5588.05165    0 1707          - 5588.05165      -     -   63s
     0     0 5589.14816    0 1573          - 5589.14816      -     -   64s
     0     0 5589.26287    0 1543          - 5589.26287      -     -   65s
     0     0 5594.53197    0 1594          - 5594.53197      -     -   66s
     0     0 5595.78709    0 1614          - 5595.78709      -     -   67s
     0     0 5596.16046    0 1628          - 5596.16046      -     -   67s
     0     0 5596.18651    0 1657          - 5596.18651      -     -   67s
     0     0 5600.98159    0 1638          - 5600.98159      -     -   68s
     0     0 5602.97149    0 1713          - 5602.97149      -     -   69s
     0     0 5602.97149    0 1660          - 5602.97149      -     -   69s
     0     0 5610.07863    0 1582          - 5610.07863      -     -   70s
     0     0 5610.57324    0 1604          - 5610.57324      -     -   71s
     0     0 5610.67023    0 1661          - 5610.67023      -     -   71s
     0     0 5613.40818    0 1711          - 5613.40818      -     -   72s
     0     0 5614.02076    0 1681          - 5614.02076      -     -   72s
     0     0 5614.02076    0 1684          - 5614.02076      -     -   72s
     0     0 5615.55075    0 1622          - 5615.55075      -     -   73s
     0     0 5620.81232    0 1597          - 5620.81232      -     -   74s
     0     2 5620.81232    0 1596          - 5620.81232      -     -   75s
     7    16 5632.67846    3 1591          - 5632.41737      -  1838   80s
    31    64 5637.03430    5 1546          - 5637.03430      -  1548   86s
    95   158 5638.30029    7 1536          - 5637.48134      -  1173  108s
   157   249 5641.60759    9 1594          - 5637.48134      -   880  114s
   248   339 5642.54592   10 1581          - 5637.48134      -  1058  120s
   338   411 5647.62145   13 1537          - 5637.48134      -   993  129s
   410   483 5649.96631   16 1544          - 5637.48134      -  1043  134s
   482   570 5653.77154   20 1581          - 5637.48134      -  1063  140s
   647   731 5657.85132   23 1514          - 5637.48134      -   964  146s
   730   811 5657.90935   24 1496          - 5637.48134      -   916  150s
   893   969 5662.21920   32 1472          - 5637.48134      -   863  155s
  1056  1154 5669.01277   38 1449          - 5637.48134      -   846  161s
  1153  1254 5670.40774   40 1474          - 5637.48134      -   826  165s
  1356  1467 5674.63133   43 1460          - 5637.48134      -   783  170s
  1466  1579 5675.28314   45 1518          - 5637.48134      -   762  175s
  1578  1697 5676.78949   49 1531          - 5637.48134      -   749  181s
  1696  1824 5677.98056   53 1530          - 5637.48134      -   731  185s
  1965  2128 5681.20789   59 1469          - 5637.48134      -   706  193s
  2127  2276 5686.44082   65 1380          - 5637.48134      -   687  196s
  2275  2437 5690.03229   69 1522          - 5637.48134      -   677  202s
  2436  2589 5693.88016   73 1388          - 5637.48134      -   667  206s
  2743  2906 5697.03332   78 1300          - 5637.48134      -   650  212s
  2905  3128 5698.90764   85 1381          - 5637.48134      -   643  215s
  3356  3618 5701.71497   93 1367          - 5637.48134      -   609  222s
  3617  3771 5703.50350  100 1443          - 5637.48134      -   590  226s
  3770  4013 5705.91939  103 1448          - 5637.48134      -   595  230s
  4279  4601 5709.62316  118 1462          - 5637.48134      -   572  240s
  4959  5233 5715.93626  134 1399          - 5637.48134      -   537  247s
  5234  5470 5717.13528  141 1319          - 5637.48134      -   530  252s
  5471  5813 5718.62491  148 1325          - 5637.48134      -   530  255s
  6139  6427 5726.83507  162 1452          - 5637.48134      -   513  264s
  6428  6736 5733.29970  177 1408          - 5637.48134      -   511  269s
  6737  7074 5738.40779  186 1344          - 5637.48134      -   509  273s
  7075  7405 5743.84513  191 1451          - 5637.48134      -   507  278s
  7406  7626 5750.39739  211 1426          - 5637.48134      -   506  283s
  7627  7946 5767.58234  213 1308          - 5637.48134      -   515  289s
  7947  8335 5774.03111  224 1326          - 5637.48134      -   518  294s
  8338  8836 5795.50139  247 1195          - 5637.48134      -   515  299s
  8839  9482 5788.33102  272 1306          - 5637.48134      -   507  304s
  9485 10244 5796.56903  289 1256          - 5637.48134      -   491  310s
 10247 10916 5806.29859  301 1145          - 5637.48134      -   474  315s
 10924 11615 5813.81744  336 1126          - 5637.48134      -   463  320s
 11627 12346 5822.98728  349 1204          - 5637.48134      -   453  325s
 12360 13019 5832.20117  363 1181          - 5637.48134      -   445  331s
 13054 13737 5854.49631  388 1245          - 5637.48134      -   439  338s
 13778 14412 5866.74584  409 1101          - 5637.48134      -   433  345s
 14472 14413 5803.34960   18 12777          - 5637.48134      -   430  376s
 14474 14414 6019.63293  160  854          - 5637.48134      -   430  382s
 14476 14416 6010.19464  206  957          - 5637.48134      -   430  385s
 14479 14418 5864.26128   33 1271          - 5637.48134      -   430  390s
 14481 14419 5866.56537  164 1524          - 5637.48134      -   430  395s
 14484 14421 6148.09815  393 1558          - 5637.48134      -   429  400s
 14493 14427 5706.25224   13 1667          - 5706.25224      -   429  410s
 14495 14428 5907.71845  238 1783          - 5797.92297      -   429  418s
 14496 14429 5807.11368   65 1757          - 5807.11368      -   429  421s
 14500 14432 5811.83013  126 1798          - 5811.83013      -   429  425s
 14504 14434 5928.41813  225 1724          - 5869.00273      -   429  432s
 14505 14435 5897.69163   77 1743          - 5897.69163      -   429  438s
 14506 14436 6130.00319  258 1733          - 5901.91442      -   429  440s
 14513 14440 6083.57610  216 1784          - 5904.00747      -   429  445s
 14514 14441 6099.66060  431 1794          - 5969.69062      -   429  453s
 14515 14442 6214.33685  399 1861          - 5981.85024      -   429  457s
 14517 14443 6095.25071  140 1789          - 5987.92977      -   429  461s
 14524 14448 6097.71455   17 1772          - 6097.71455      -   428  471s
 14525 14448 6116.62979  104 1877          - 6116.62979      -   428  476s
 14527 14450 6121.84410  196 2009          - 6121.84410      -   428  480s
 14533 14454 6212.03436  178 1946          - 6212.03436      -   428  491s
 14534 14454 6223.68221  129 1894          - 6223.68221      -   428  495s
 14537 14456 6226.74801  119 2045          - 6226.74801      -   428  500s
 14542 14460 6254.78952   19 1987          - 6254.78952      -   428  510s
 14544 14461 6264.58327   77 1969          - 6264.58327      -   428  517s
 14549 14464 6265.10114   68 2090          - 6265.10114      -   428  521s
 14550 14465 6306.44194  202 2049          - 6306.44194      -   428  528s
 14551 14466 6313.74191  273 2043          - 6313.74191      -   428  532s
 14552 14466 6315.30584   43 2096          - 6315.30584      -   427  535s
 14558 14470 6343.23246  209 2049          - 6343.23246      -   427  548s
H14558 13745                    11222.000000 6349.35454  43.4%   427  552s
H14558 13056                    11198.000000 6349.35454  43.3%   427  552s
H14558 12402                    11000.000000 6349.35454  42.3%   427  552s
H14558 11780                    10960.000000 6349.35454  42.1%   427  552s
H14558 11190                    10930.000000 6349.35454  41.9%   427  552s
H14558 10629                    10812.000000 6349.35454  41.3%   427  552s
H14558 10096                    10807.000000 6349.35454  41.2%   427  552s
H14558  9589                    10805.000000 6349.35454  41.2%   427  552s
H14558  9108                    10778.000000 6349.35454  41.1%   427  552s
H14558  8652                    10717.000000 6349.35454  40.8%   427  552s
H14558  8218                    10685.000000 6349.35454  40.6%   427  552s
H14558  7805                    10653.000000 6349.35454  40.4%   427  552s
 14561  7807 6351.14065   86 2156 10653.0000 6351.14065  40.4%   427  555s
H14565  7418                    10641.000000 6376.33904  40.1%   427  567s
H14565  7046                    10482.000000 6376.33904  39.2%   427  567s
H14565  6692                    10481.000000 6376.33904  39.2%   427  567s
H14565  6356                    10479.000000 6376.33904  39.2%   427  567s
H14565  6036                    10477.000000 6376.33904  39.1%   427  567s
H14565  5733                    10426.000000 6376.33904  38.8%   427  567s
H14565  5445                    10335.000000 6376.33904  38.3%   427  567s
H14565  5171                    10332.000000 6376.33904  38.3%   427  567s
H14565  4911                    10314.000000 6376.63079  38.2%   427  568s
H14565  4664                    10309.000000 6376.63079  38.1%   427  568s
H14565  4429                    10265.000000 6376.63079  37.9%   427  568s
H14565  4206                    10259.000000 6376.63079  37.8%   427  568s
H14565  3994                    10253.000000 6376.63079  37.8%   427  568s
H14565  3793                    10239.000000 6376.63079  37.7%   427  568s
H14565  3601                    10225.000000 6376.63079  37.6%   427  568s
H14565  3420                    10217.000000 6376.63079  37.6%   427  568s
H14565  3247                    10205.000000 6376.63079  37.5%   427  568s
H14565  3083                    10190.000000 6376.63079  37.4%   427  568s
H14565  2928                    10170.000000 6376.63079  37.3%   427  569s
H14565  2780                    10162.000000 6376.63079  37.3%   427  569s
H14565  2639                    10155.000000 6376.63079  37.2%   427  569s
H14565  2506                    10153.000000 6376.63079  37.2%   427  569s
 14567  2507 6379.87133   45 2081 10153.0000 6379.87133  37.2%   427  572s
 14569  2509 6381.66107  500 2061 10153.0000 6381.66107  37.1%   427  575s
H14574  2384                    10084.000000 6403.55194  36.5%   427  584s
H14574  2263                    10051.000000 6403.55194  36.3%   427  584s
H14574  2148                    10030.000000 6403.55194  36.2%   427  584s
H14574  2039                    9912.0000000 6403.55194  35.4%   427  584s
H14574  1936                    9694.0000000 6403.55194  33.9%   427  584s
H14574  1837                    9665.0000000 6403.55194  33.7%   427  584s
H14574  1743                    9663.0000000 6403.55194  33.7%   427  585s
H14574  1655                    9644.0000000 6403.68481  33.6%   427  585s
H14574  1570                    9607.0000000 6403.68481  33.3%   427  585s
H14574  1490                    9601.0000000 6403.68481  33.3%   427  585s
H14574  1414                    9522.0000000 6403.68481  32.7%   427  585s
H14574  1341                    9521.0000000 6403.68481  32.7%   427  585s
H14574  1272                    9503.0000000 6403.68481  32.6%   427  585s
H14574  1207                    9499.0000000 6403.68481  32.6%   427  585s
H14575  1146                    9467.0000000 6408.23413  32.3%   427  589s
H14575  1087                    9464.0000000 6408.23413  32.3%   427  589s
H14575  1031                    9427.0000000 6408.23413  32.0%   427  589s
H14575   978                    9393.0000000 6408.23413  31.8%   427  589s
H14575   927                    9374.0000000 6408.23413  31.6%   427  589s
H14575   879                    9319.0000000 6408.23413  31.2%   427  589s
 14576   879 6408.23413  206 1960 9319.00000 6408.23413  31.2%   427  590s
H14581   837                    9261.0000000 6430.43455  30.6%   427  601s
H14581   793                    9225.0000000 6430.50137  30.3%   427  602s
 14583   794 6434.92432  213 2132 9225.00000 6434.92432  30.2%   427  605s
 14586   796 6437.23832  230 2204 9225.00000 6437.23832  30.2%   426  610s
H14588   755                    9221.0000000 6460.03126  29.9%   426  621s
H14588   716                    9177.0000000 6460.03126  29.6%   426  621s
H14588   678                    9139.0000000 6460.03126  29.3%   426  621s
H14588   642                    9076.0000000 6460.03126  28.8%   426  621s
H14588   608                    9073.0000000 6460.03126  28.8%   426  621s
 14590   610 6466.01578  487 2118 9073.00000 6466.01578  28.7%   426  626s
 14591   610 6468.80962  384 2252 9073.00000 6468.80962  28.7%   426  630s
 14597   614 6469.61727  106 2238 9073.00000 6469.61727  28.7%   426  635s
H14597   581                    9068.0000000 6488.25224  28.4%   426  644s
H14597   550                    9067.0000000 6488.25224  28.4%   426  644s
 14599   552 6492.08108   53 2255 9067.00000 6492.08108  28.4%   426  648s
 14600   552 6493.48700  126 2185 9067.00000 6493.48700  28.4%   426  650s
 14606   556 6493.87476  258 2196 9067.00000 6493.87476  28.4%   426  655s
H14606   526                    9049.0000000 6509.30012  28.1%   426  662s
H14606   497                    9034.0000000 6509.30012  27.9%   426  662s
H14606   470                    9024.0000000 6509.30012  27.9%   426  662s
H14606   444                    9002.0000000 6509.30012  27.7%   426  662s
H14606   420                    8998.0000000 6509.30012  27.7%   426  662s
H14606   397                    8996.0000000 6509.30012  27.6%   426  662s
H14606   375                    8982.0000000 6509.37316  27.5%   426  663s
H14606   354                    8980.0000000 6509.37316  27.5%   426  663s
H14606   334                    8979.0000000 6509.37316  27.5%   426  663s
 14608   336 6513.51728   69 2109 8979.00000 6513.51728  27.5%   426  667s
H14608   317                    8965.0000000 6514.29883  27.3%   426  669s
 14610   318 6514.40505  316 2233 8965.00000 6514.40505  27.3%   426  670s
H14618   304                    8848.0000000 6514.49757  26.4%   426  676s
H14618   286                    8847.0000000 6514.49757  26.4%   426  676s
H14618   269                    8835.0000000 6514.49757  26.3%   426  676s
H14618   254                    8825.0000000 6514.49757  26.2%   426  676s
H14618   238                    8805.0000000 6514.49757  26.0%   426  676s
H14618   224                    8804.0000000 6514.49757  26.0%   426  676s
H14618   210                    8781.0000000 6514.49757  25.8%   426  676s
H14618   197                    8777.0000000 6514.49757  25.8%   426  676s
H14618   185                    8774.0000000 6514.49757  25.8%   426  676s
H14619   174                    8757.0000000 6524.23673  25.5%   426  682s
H14619   163                    8752.0000000 6524.23673  25.5%   426  682s
H14619   152                    8747.0000000 6524.23673  25.4%   426  682s
H14619   142                    8745.0000000 6524.23673  25.4%   426  682s
H14619   133                    8742.0000000 6524.26325  25.4%   426  684s
H14619   124                    8728.0000000 6524.26325  25.2%   426  684s
H14619   115                    8716.0000000 6524.26325  25.1%   426  685s
H14619   107                    8708.0000000 6524.26325  25.1%   426  685s
H14619    99                    8693.0000000 6524.26325  24.9%   426  685s
H14619    91                    8684.0000000 6524.26325  24.9%   426  685s
H14619    84                    8681.0000000 6524.26325  24.8%   426  685s
H14619    78                    8680.0000000 6524.26325  24.8%   426  686s
H14619    71                    8675.0000000 6524.26325  24.8%   426  686s
H14619    65                    8673.0000000 6524.26325  24.8%   426  686s
 14621    66 6528.50227  149 2389 8673.00000 6528.50227  24.7%   425  691s
 14623    68 6530.47277   37 2390 8673.00000 6530.47277  24.7%   425  696s
H14627    64                    8664.0000000 6530.67283  24.6%   425  701s
H14628    59                    8662.0000000 6540.60764  24.5%   425  708s
H14628    54                    8654.0000000 6540.63630  24.4%   425  709s
H14628    48                    8650.0000000 6540.63630  24.4%   425  709s
H14628    43                    8649.0000000 6540.63630  24.4%   425  709s
H14628    39                    8645.0000000 6540.63630  24.3%   425  709s
 14630    40 6543.78532  479 2295 8645.00000 6543.78532  24.3%   425  713s
 14631    41 6544.54626  104 2484 8645.00000 6544.54626  24.3%   425  715s
 14637    45 6557.88185  119 2323 8645.00000 6557.88185  24.1%   425  726s
 14638    46 6560.24049  107 2435 8645.00000 6560.24049  24.1%   425  730s
 14642    48 6561.65640   19 2500 8645.00000 6561.65640  24.1%   425  735s
H14645    44                    8642.0000000 6570.02081  24.0%   425  743s
H14645    39                    8638.0000000 6570.02081  23.9%   425  743s
 14647    41 6572.26546  142 2412 8638.00000 6572.26546  23.9%   425  747s
 14649    42 6572.98149   68 2605 8638.00000 6572.98149  23.9%   425  750s
H14652    39                    8631.0000000 6583.10891  23.7%   425  760s
 14655    41 6585.71208  154 2692 8631.00000 6585.71208  23.7%   424  766s
 14660    44 6593.67975  210 2366 8631.00000 6593.67975  23.6%   424  774s
 14661    45 6595.15773   86 2451 8631.00000 6595.15773  23.6%   424  777s
 14665    48 6595.41044  172 2527 8631.00000 6595.41044  23.6%   424  780s
H14666    42                    8623.0000000 6599.05417  23.5%   424  787s
H14666    37                    8615.0000000 6599.05417  23.4%   424  788s
H14666    32                    8610.0000000 6599.05417  23.4%   424  788s
H14666    27                    8603.0000000 6599.05417  23.3%   424  789s
H14666    22                    8600.0000000 6599.05417  23.3%   424  789s
H14666    18                    8590.0000000 6599.05417  23.2%   424  789s
H14666    14                    8586.0000000 6599.05417  23.1%   424  790s
H14666    10                    8585.0000000 6599.05417  23.1%   424  790s
H14666     6                    8583.0000000 6599.05417  23.1%   424  791s
H14666     2                    8581.0000000 6599.05417  23.1%   424  791s
H14666     0                    8574.0000000 6599.05417  23.0%   424  791s
H14666     0                    8569.0000000 6599.05417  23.0%   424  791s
H14666     0                    8564.0000000 6599.05417  22.9%   424  792s
H14666     0                    8562.0000000 6599.05417  22.9%   424  792s
H14666     0                    8557.0000000 6599.05417  22.9%   424  792s
 14669     0 6600.12414  500 2565 8557.00000 6600.12414  22.9%   424  795s
 14674     0 6604.96388  160 2283 8557.00000 6604.96388  22.8%   424  804s
 14675     0 6606.96092   37 2381 8557.00000 6606.96092  22.8%   424  808s
 14676     0 6607.52039  206 2415 8557.00000 6607.52039  22.8%   424  810s
 14683     0 6614.21040  213 2488 8557.00000 6614.21040  22.7%   424  821s
 14685     0 6616.01354  195 2553 8557.00000 6616.01354  22.7%   424  826s
H14691     0                    8548.0000000 6622.93190  22.5%   423  838s
 14693     1 6624.93994   13 2867 8548.00000 6624.93994  22.5%   423  842s
 14695     3 6625.68124  238 2691 8548.00000 6625.68124  22.5%   423  845s
H14700     2                    8541.0000000 6634.02925  22.3%   423  856s
H14700     0                    8540.0000000 6634.02925  22.3%   423  857s
H14700     0                    8536.0000000 6634.02925  22.3%   423  858s
H14700     0                    8528.0000000 6634.02925  22.2%   423  860s
H14700     0                    8518.0000000 6634.02925  22.1%   423  860s
 14702     0 6635.58686  110 2386 8518.00000 6635.58686  22.1%   423  865s
 14707     0 6636.65878   76 2754 8518.00000 6636.65878  22.1%   423  870s
 14711     0 6643.70799  247 2492 8518.00000 6643.70799  22.0%   423  879s
 14712     0 6645.73671   49 2757 8518.00000 6645.73671  22.0%   423  883s
 14713     0 6646.20262  216 2851 8518.00000 6646.20262  22.0%   423  885s
H14720     0                    8516.0000000 6652.72509  21.9%   423  897s
H14720     0                    8509.0000000 6652.72509  21.8%   423  899s
 14721     0 6652.72509  149 2535 8509.00000 6652.72509  21.8%   423  900s
 14723     0 6654.31110   37 2540 8509.00000 6654.31110  21.8%   423  905s
 14730     0 6660.73400  479 2499 8509.00000 6660.73400  21.7%   422  915s
 14732     0 6663.37929  328 2658 8509.00000 6663.37929  21.7%   422  921s
 14737     4 6669.43035  119 2562 8509.00000 6669.43035  21.6%   422  930s
 14739     5 6671.23795   96 2605 8509.00000 6671.23795  21.6%   422  935s
 14745     9 6674.76932  118 2654 8509.00000 6674.76932  21.6%   422  944s
 14746    10 6676.16243  278 2600 8509.00000 6676.16243  21.5%   422  947s
 14748    11 6676.99937  118 2518 8509.00000 6676.99937  21.5%   422  950s
 14753    14 6680.91768  433 2661 8509.00000 6680.91768  21.5%   422  957s
 14754    15 6682.31651   77 2782 8509.00000 6682.31651  21.5%   422  960s
 14759    18 6687.55046  319 2723 8509.00000 6687.55046  21.4%   421  970s
 14762    20 6689.01419  127 2855 8509.00000 6689.01419  21.4%   421  975s
 14769    25 6693.82668  500 2796 8509.00000 6693.82668  21.3%   421  984s
 14770    26 6695.35216   67 2918 8509.00000 6695.35216  21.3%   421  988s
 14772    27 6695.69958   18 2900 8509.00000 6695.69958  21.3%   421  990s
 14776    30 6701.18513  206 2556 8509.00000 6701.18513  21.2%   421  999s
 14777    30 6702.67682  174 2825 8509.00000 6702.67682  21.2%   421 1003s
 14779    32 6703.04971   33 2856 8509.00000 6703.04971  21.2%   421 1005s
H14782    27                    8501.0000000 6707.27364  21.1%   421 1014s
 14783    27 6707.30934  213 2788 8501.00000 6707.30934  21.1%   421 1015s
 14785    29 6709.06843  195 2951 8501.00000 6709.06843  21.1%   421 1020s
H14793    27                    8494.0000000 6713.99303  21.0%   421 1032s
H14793    21                    8486.0000000 6713.99303  20.9%   421 1032s
 14795    22 6715.75557  238 2776 8486.00000 6715.75557  20.9%   420 1036s
 14797    24 6716.84639  106 2982 8486.00000 6716.84639  20.8%   420 1040s
H14803    21                    8484.0000000 6721.97479  20.8%   420 1052s
H14803    14                    8481.0000000 6721.97479  20.7%   420 1052s
H14803     8                    8477.0000000 6721.97479  20.7%   420 1052s
H14803     2                    8474.0000000 6721.97479  20.7%   420 1052s
 14805     3 6722.88422   77 3063 8474.00000 6722.88422  20.7%   420 1056s
 14810     6 6723.42459  316 2988 8474.00000 6723.42459  20.7%   420 1061s
H14810     0                    8470.0000000 6727.08303  20.6%   420 1067s
 14812     2 6728.04612   49 3012 8470.00000 6728.04612  20.6%   420 1070s
H14817     0                    8469.0000000 6732.24327  20.5%   420 1084s
H14817     0                    8464.0000000 6732.24327  20.5%   420 1084s
H14817     0                    8458.0000000 6732.24327  20.4%   420 1084s
H14817     0                    8448.0000000 6732.24327  20.3%   420 1085s
H14817     0                    8447.0000000 6732.24327  20.3%   420 1085s
H14817     0                    8446.0000000 6732.24327  20.3%   420 1086s
H14817     0                    8424.0000000 6732.24327  20.1%   420 1086s
 14820     0 6733.54485   97 2880 8424.00000 6733.54485  20.1%   420 1091s
H14825     0                    8421.0000000 6738.04382  20.0%   420 1100s
 14828     0 6739.68109   47 2900 8421.00000 6739.68109  20.0%   420 1106s
 14833     0 6740.04286  178 3071 8421.00000 6740.04286  20.0%   419 1110s
 14834     0 6743.39369  129 2989 8421.00000 6743.39369  19.9%   419 1115s
 14837     0 6744.50497  119 3007 8421.00000 6744.50497  19.9%   419 1120s
 14843     0 6747.25787  161 2985 8421.00000 6747.25787  19.9%   419 1129s
 14844     0 6748.27522   77 2889 8421.00000 6748.27522  19.9%   419 1133s
 14846     0 6748.63906  278 3092 8421.00000 6748.63906  19.9%   419 1135s
 14855     0 6753.81581  154 2800 8421.00000 6753.81581  19.8%   419 1145s
 14857     0 6755.30268  248 3053 8421.00000 6755.30268  19.8%   419 1151s
 14864     0 6755.64383  213 3116 8421.00000 6755.64383  19.8%   418 1155s
 14865     0 6760.24824  172 2907 8421.00000 6760.24824  19.7%   418 1163s
 14866     0 6762.11727  261 2842 8421.00000 6762.11727  19.7%   418 1167s
 14868     0 6762.60711   81 3092 8421.00000 6762.60711  19.7%   418 1171s
 14873     1 6767.41960  132 2985 8421.00000 6767.41960  19.6%   418 1180s
 14876     3 6768.79110  206 3104 8421.00000 6768.79110  19.6%   418 1185s
 14881     7 6770.86961  164 3085 8421.00000 6770.86961  19.6%   418 1193s
 14882     7 6771.33917  428 3239 8421.00000 6771.33917  19.6%   418 1195s
 14888    11 6774.67612   17 3156 8421.00000 6774.67612  19.6%   418 1205s
 14891    13 6775.58222  384 3151 8421.00000 6775.58222  19.5%   418 1210s
 14897    17 6777.81865  106 3028 8421.00000 6777.81865  19.5%   418 1217s
 14898    18 6778.45387   97 3046 8421.00000 6778.45387  19.5%   418 1220s
 14904    22 6778.88828  225 3281 8421.00000 6778.88828  19.5%   417 1225s
 14905    23 6781.42762   77 3236 8421.00000 6781.42762  19.5%   417 1232s
 14906    23 6782.09754  258 2965 8421.00000 6782.09754  19.5%   417 1235s
 14913    28 6782.66095  216 3137 8421.00000 6782.66095  19.5%   417 1240s
H14913    19                    8415.0000000 6784.88411  19.4%   417 1246s
 14916    21 6785.96812  129 3270 8415.00000 6785.96812  19.4%   417 1250s
 14922    25 6789.58090  165 3050 8415.00000 6789.58090  19.3%   417 1259s
 14923    26 6790.71770   37 3118 8415.00000 6790.71770  19.3%   417 1262s
 14925    27 6791.15609  104 3031 8415.00000 6791.15609  19.3%   417 1265s
 14933    32 6791.40461  178 3239 8415.00000 6791.40461  19.3%   417 1270s
 14934    33 6794.22583  129 3023 8415.00000 6794.22583  19.3%   417 1276s
 14936    34 6795.44705  227 3371 8415.00000 6795.44705  19.2%   416 1280s
 14943    39 6798.28112  161 2892 8415.00000 6798.28112  19.2%   416 1290s
 14945    40 6799.22418  118 3191 8415.00000 6799.22418  19.2%   416 1295s
H14950    34                    8410.0000000 6801.04081  19.1%   416 1302s
 14952    35 6801.47902   43 3054 8410.00000 6801.47902  19.1%   416 1305s
 14959    40 6801.99731  319 3139 8410.00000 6801.99731  19.1%   416 1310s
H14961    31                    8407.0000000 6805.11445  19.1%   416 1317s
H14961    21                    8395.0000000 6805.11445  18.9%   416 1318s
 14963    22 6806.12242  123 2997 8395.00000 6806.12242  18.9%   416 1321s
 14968    26 6806.65432   81 3183 8395.00000 6806.65432  18.9%   416 1325s
H14970    17                    8394.0000000 6808.52722  18.9%   416 1331s
H14970     8                    8392.0000000 6808.52722  18.9%   416 1331s
 14973    10 6809.27319  132 3337 8392.00000 6809.27319  18.9%   415 1336s
H14978     4                    8362.0000000 6810.99647  18.5%   415 1344s
H14978     0                    8361.0000000 6810.99647  18.5%   415 1344s
 14979     0 6810.99647   33 2932 8361.00000 6810.99647  18.5%   415 1345s
 14983     0 6811.69310  213 3405 8361.00000 6811.69310  18.5%   415 1350s
 14985     0 6813.67308  195 3170 8361.00000 6813.67308  18.5%   415 1356s
 14987     1 6814.56722  221 3418 8361.00000 6814.56722  18.5%   415 1360s
H14992     0                    8357.0000000 6815.86449  18.4%   415 1370s
H14992     0                    8351.0000000 6815.86449  18.4%   415 1371s
 14994     0 6816.23302  121 3398 8351.00000 6816.23302  18.4%   415 1375s
 15000     0 6818.52050  126 2990 8351.00000 6818.52050  18.4%   415 1385s
 15002     0 6820.12060  110 3059 8351.00000 6820.12060  18.3%   415 1391s
 15008     0 6820.46161   69 3241 8351.00000 6820.46161  18.3%   414 1395s
 15011     0 6822.43763  247 2937 8351.00000 6822.43763  18.3%   414 1402s
 15012     1 6823.29916   49 3094 8351.00000 6823.29916  18.3%   414 1406s
 15015     3 6823.77300  399 3210 8351.00000 6823.77300  18.3%   414 1410s
H15020     0                    8334.0000000 6825.99489  18.1%   414 1417s
 15022     0 6826.63129  165 2925 8334.00000 6826.63129  18.1%   414 1420s
 15032     4 6829.29648  328 3132 8334.00000 6829.29648  18.1%   414 1429s
 15033     5 6829.86952  178 3257 8334.00000 6829.86952  18.0%   414 1431s
 15036     7 6830.29512  227 3305 8334.00000 6830.29512  18.0%   414 1435s
 15039     9 6831.77660   96 3158 8334.00000 6831.77660  18.0%   414 1440s
 15042    11 6832.70872   19 3331 8334.00000 6832.70872  18.0%   414 1445s
 15046    14 6835.28845  278 3162 8334.00000 6835.28845  18.0%   413 1452s
 15047    14 6836.24127  142 3386 8334.00000 6836.24127  18.0%   413 1455s
 15053    18 6838.39066  433 3202 8334.00000 6838.39066  17.9%   413 1464s
 15054    19 6839.02473   77 3174 8334.00000 6839.02473  17.9%   413 1467s
 15056    20 6839.54406   62 3488 8334.00000 6839.54406  17.9%   413 1470s
 15061    24 6841.73389   86 3186 8334.00000 6841.73389  17.9%   413 1478s
 15062    24 6842.51547  127 3239 8334.00000 6842.51547  17.9%   413 1481s
 15065    26 6842.84934  172 3523 8334.00000 6842.84934  17.9%   413 1485s
 15071    30 6844.97073   32 3397 8334.00000 6844.97073  17.9%   413 1493s
 15072    31 6845.87456   18 3259 8334.00000 6845.87456  17.9%   413 1496s
 15075    33 6846.18190   37 3495 8334.00000 6846.18190  17.9%   413 1500s
H15079    25                    8333.0000000 6847.43274  17.8%   413 1507s
 15081    26 6848.09431  164 3489 8333.00000 6848.09431  17.8%   412 1511s
 15086    29 6848.31029  230 3564 8333.00000 6848.31029  17.8%   412 1515s
 15088    31 6851.17634   17 3408 8333.00000 6851.17634  17.8%   412 1521s
 15090    32 6851.61624  487 3439 8333.00000 6851.61624  17.8%   412 1525s
H15094    22                    8332.0000000 6852.86809  17.8%   412 1532s
 15097    24 6853.54132  106 3436 8332.00000 6853.54132  17.7%   412 1536s
H15103    16                    8323.0000000 6854.96731  17.6%   412 1543s
 15105    17 6855.37809   77 3489 8323.00000 6855.37809  17.6%   412 1546s
H15109     9                    8320.0000000 6856.42685  17.6%   412 1586s
H15109     0                    8319.0000000 6856.42685  17.6%   412 1627s
H15109     0                    8310.0000000 6856.42685  17.5%   412 1631s
H15109     0                    8301.0000000 6856.42685  17.4%   412 1631s
H15109     0                    8291.0000000 6856.42685  17.3%   412 1633s
H15109     0                    8289.0000000 6856.42685  17.3%   412 1633s
H15109     0                    8272.0000000 6856.42685  17.1%   412 1634s
H15109     0                    8268.0000000 6856.42685  17.1%   412 1636s
 15110     0 6856.42685  316 3371 8268.00000 6856.42685  17.1%   412 1647s
 15111     0 6856.62167  247 3351 8268.00000 6856.62167  17.1%   412 1653s
 15113     0 6856.88119  216 3489 8268.00000 6856.88119  17.1%   412 1656s
 15119     0 6859.42297  313 3207 8268.00000 6859.42297  17.0%   411 1665s
 15121     0 6860.19497  149 3141 8268.00000 6860.19497  17.0%   411 1670s
 15127     0 6861.06433  196 3292 8268.00000 6861.06433  17.0%   411 1676s
 15130     0 6861.52133  479 3432 8268.00000 6861.52133  17.0%   411 1680s
 15134     0 6862.64876  129 3263 8268.00000 6862.64876  17.0%   411 1685s
 15138     0 6863.34370  107 3642 8268.00000 6863.34370  17.0%   411 1690s
 15142     0 6864.72955   19 3333 8268.00000 6864.72955  17.0%   411 1695s
 15148     0 6865.06289  118 3453 8268.00000 6865.06289  17.0%   411 1700s
 15150     0 6866.39064  202 3491 8268.00000 6866.39064  17.0%   411 1706s
 15156     0 6866.52002   62 3625 8268.00000 6866.52002  17.0%   410 1710s
 15158     0 6867.67047  209 3340 8268.00000 6867.67047  16.9%   410 1716s
 15164     0 6867.81267  213 3532 8268.00000 6867.81267  16.9%   410 1720s
 15166     0 6868.97476  261 3468 8268.00000 6868.97476  16.9%   410 1726s
 15171     0 6869.09176   32 3645 8268.00000 6869.09176  16.9%   410 1730s
 15173     0 6870.35847  132 3379 8268.00000 6870.35847  16.9%   410 1735s
 15179     0 6871.25480   33 3598 8268.00000 6871.25480  16.9%   410 1743s
 15180     0 6871.60725  573 3616 8268.00000 6871.60725  16.9%   410 1745s
 15186     0 6872.12199  230 3546 8268.00000 6872.12199  16.9%   410 1751s
 15192     0 6872.25092   91 3604 8268.00000 6872.25092  16.9%   409 1755s
 15195     0 6872.86144  238 3593 8268.00000 6872.86144  16.9%   409 1760s
 15201     3 6873.00364  550 3655 8268.00000 6873.00364  16.9%   409 1765s
 15204     5 6873.86902  225 3576 8268.00000 6873.86902  16.9%   409 1770s
 15208     8 6874.41523   69 3501 8268.00000 6874.41523  16.9%   409 1776s
 15211    10 6874.97317  247 3550 8268.00000 6874.97317  16.8%   409 1780s
 15216    13 6875.60466  129 3576 8268.00000 6875.60466  16.8%   409 1786s
 15221    16 6875.99457  149 3737 8268.00000 6875.99457  16.8%   409 1790s
 15224    18 6877.01066   17 3378 8268.00000 6877.01066  16.8%   409 1795s
 15227    20 6877.45760  196 3640 8268.00000 6877.45760  16.8%   409 1800s
 15231    23 6878.49352  104 3581 8268.00000 6878.49352  16.8%   408 1805s
 15234    25 6879.16742  129 3725 8268.00000 6879.16742  16.8%   408 1810s
 15238    28 6880.37090  107 3457 8268.00000 6880.37090  16.8%   408 1817s
 15239    28 6881.01950   96 3494 8268.00000 6881.01950  16.8%   408 1820s
 15244    32 6881.35394   77 3648 8268.00000 6881.35394  16.8%   408 1825s
 15248    34 6882.03814  118 3465 8268.00000 6882.03814  16.8%   408 1830s
 15254    38 6882.42852   77 3481 8268.00000 6882.42852  16.8%   408 1835s
 15255    39 6883.92101  154 3412 8268.00000 6883.92101  16.7%   408 1840s
 15258    41 6884.65037  209 3527 8268.00000 6884.65037  16.7%   408 1846s
 15264    45 6885.11336  213 3413 8268.00000 6885.11336  16.7%   408 1851s
 15271    50 6886.03406   32 3335 8268.00000 6886.03406  16.7%   407 1858s
 15272    50 6886.27108   18 3429 8268.00000 6886.27108  16.7%   407 1860s
 15279    55 6886.77633   33 3474 8268.00000 6886.77633  16.7%   407 1866s
 15283    58 6887.07400  213 3543 8268.00000 6887.07400  16.7%   407 1870s
 15286    60 6888.01386  230 3362 8268.00000 6888.01386  16.7%   407 1875s
 15293    64 6888.24535   13 3423 8268.00000 6888.24535  16.7%   407 1880s
 15298    68 6888.69145   97 3545 8268.00000 6888.69145  16.7%   407 1886s
 15301    70 6889.33998  550 3435 8268.00000 6889.33998  16.7%   407 1890s
 15306    73 6889.64563  258 3348 8268.00000 6889.64563  16.7%   406 1895s
H15309    73                    8265.0000000 6889.64563  16.6%   475 1900s
 15313    75 6889.64563  216 1186 8265.00000 6889.64563  16.6%   474 1908s
 15314    76 6889.64563  431 1265 8265.00000 6889.64563  16.6%   474 1914s
 15315    77 6889.64563  399 1402 8265.00000 6889.64563  16.6%   474 1921s
 15316    77 6889.64563  129 1808 8265.00000 6889.64563  16.6%   474 1931s
 15317    78 6889.64563  140 1825 8265.00000 6889.64563  16.6%   474 1942s
 15318    79 6889.64563   16 1899 8265.00000 6889.64563  16.6%   474 1953s
 15319    79 6889.64563  313 2108 8265.00000 6889.64563  16.6%   474 1963s
 15320    80 6889.85341   97 2355 8265.00000 6889.85341  16.6%   474 1974s
 15321    81 6889.85341  149 2761 8265.00000 6889.85341  16.6%   474 1987s
 15322    81 6889.85341  165 2669 8265.00000 6889.85341  16.6%   474 1998s
 15323    82 6889.85341   37 2650 8265.00000 6889.85341  16.6%   474 2010s
 15324    83 6889.85341   17 2777 8265.00000 6889.85341  16.6%   474 2019s
 15325    83 6889.85341  104 2925 8265.00000 6889.85341  16.6%   474 2028s
 15326    84 6889.85341  181 3047 8265.00000 6889.85341  16.6%   474 2036s
 15327    85 6891.08567  196 3171 8265.00000 6891.08567  16.6%   474 2041s
 15329    86 6892.23574  304 3120 8265.00000 6892.23574  16.6%   474 2046s
 15334    89 6892.44791  129 3273 8265.00000 6892.44791  16.6%   474 2051s
 15335    90 6896.51273  165 2997 8265.00000 6896.51273  16.6%   474 2060s
 15337    91 6897.66784  119 3049 8265.00000 6897.66784  16.5%   474 2065s
 15343    95 6899.60740  161 3037 8265.00000 6899.60740  16.5%   474 2074s
 15344    96 6899.99489   77 2907 8265.00000 6899.99489  16.5%   474 2076s
 15349    99 6901.80094   68 3173 8265.00000 6901.80094  16.5%   473 2084s
 15350   100 6902.11030  202 3297 8265.00000 6902.11030  16.5%   473 2086s
 15357   105 6902.27746  248 3370 8265.00000 6902.27746  16.5%   473 2091s
 15358   105 6903.26087  209 3216 8265.00000 6903.26087  16.5%   473 2095s
 15364   109 6903.60906  213 3287 8265.00000 6903.60906  16.5%   473 2101s
 15365   110 6904.52296  172 3288 8265.00000 6904.52296  16.5%   473 2108s
 15366   111 6904.91768  261 3321 8265.00000 6904.91768  16.5%   473 2111s
 15372   115 6905.09083   18 3502 8265.00000 6905.09083  16.5%   473 2117s
 15373   115 6906.30550  132 3373 8265.00000 6906.30550  16.4%   473 2121s
 15376   117 6906.85559  206 3360 8265.00000 6906.85559  16.4%   473 2125s
 15379   119 6908.25502   33 3332 8265.00000 6908.25502  16.4%   472 2132s
 15380   120 6908.75999  573 3351 8265.00000 6908.75999  16.4%   472 2135s
 15385   123 6909.50523  195 3247 8265.00000 6909.50523  16.4%   472 2143s
 15387   125 6909.87151  221 3322 8265.00000 6909.87151  16.4%   472 2145s
 15393   129 6910.69525   13 3380 8265.00000 6910.69525  16.4%   472 2152s
 15395   130 6910.99280  238 3263 8265.00000 6910.99280  16.4%   472 2155s
H15398   124                    8263.0000000 6911.75104  16.4%   472 2162s
 15403   127 6912.01576  602 3296 8263.00000 6912.01576  16.3%   472 2165s
 15406   129 6912.99256  258 3172 8263.00000 6912.99256  16.3%   472 2178s
 15407   130 6913.37867   76 3176 8263.00000 6913.37867  16.3%   472 2180s
 15412   133 6913.50680   49 3319 8263.00000 6913.50680  16.3%   471 2185s
 15414   135 6914.65056  431 3317 8263.00000 6914.65056  16.3%   471 2190s
 15419   138 6915.32066  313 3334 8263.00000 6915.32066  16.3%   471 2197s
 15422   140 6915.66760  165 3439 8263.00000 6915.66760  16.3%   471 2200s
 15426   143 6916.97017  181 3292 8263.00000 6916.97017  16.3%   471 2207s
 15429   145 6917.23540  304 3492 8263.00000 6917.23540  16.3%   471 2212s
 15430   145 6919.07187  479 3165 8263.00000 6919.07187  16.3%   471 2218s
 15431   146 6919.43503  104 3201 8263.00000 6919.43503  16.3%   471 2221s
 15436   149 6919.61984  227 3324 8263.00000 6919.61984  16.3%   471 2227s
 15437   150 6920.51247  119 3386 8263.00000 6920.51247  16.2%   471 2231s
 15439   151 6920.86960   96 3450 8263.00000 6920.86960  16.2%   471 2235s
 15445   155 6922.02270  118 3300 8263.00000 6922.02270  16.2%   470 2242s
 15447   157 6922.57343  142 3268 8263.00000 6922.57343  16.2%   470 2246s
 15451   159 6923.09817  273 3269 8263.00000 6923.09817  16.2%   470 2250s
 15456   163 6923.44652   62 3221 8263.00000 6923.44652  16.2%   470 2255s
 15462   167 6924.10275  127 3347 8263.00000 6924.10275  16.2%   470 2261s
 15468   171 6924.78574   81 3177 8263.00000 6924.78574  16.2%   470 2267s
 15472   173 6925.03316   18 3261 8263.00000 6925.03316  16.2%   470 2270s
 15477   177 6925.78697  174 3320 8263.00000 6925.78697  16.2%   469 2276s
 15482   180 6926.41482  428 3136 8263.00000 6926.41482  16.2%   469 2281s
 15488   184 6926.82935   17 3418 8263.00000 6926.82935  16.2%   469 2285s
 15491   186 6927.65620  384 3214 8263.00000 6927.65620  16.2%   469 2290s
 15495   189 6928.15494  238 3241 8263.00000 6928.15494  16.2%   469 2296s
 15500   192 6928.76771  126 3266 8263.00000 6928.76771  16.1%   469 2301s
 15505   195 6929.01044   77 3323 8263.00000 6929.01044  16.1%   469 2305s
H15506   182                    8259.0000000 6929.54452  16.1%   469 2309s
 15508   183 6929.67748   69 3156 8259.00000 6929.67748  16.1%   469 2310s
 15512   186 6930.19176   49 3220 8259.00000 6930.19176  16.1%   468 2315s
 15517   189 6931.10936  140 3028 8259.00000 6931.10936  16.1%   468 2322s
 15519   191 6931.54663  313 3209 8259.00000 6931.54663  16.1%   468 2325s
 15524   194 6932.32173   17 3290 8259.00000 6932.32173  16.1%   468 2330s
H15528   184                    8255.0000000 6932.52168  16.0%   468 2335s
 15535   188 6933.17060  165 3462 8255.00000 6933.17060  16.0%   468 2341s
 15540   192 6933.43613  246 3281 8255.00000 6933.43613  16.0%   468 2345s
 15542   193 6934.33243   19 3325 8255.00000 6934.33243  16.0%   468 2350s
 15548   197 6935.12313  118 3358 8255.00000 6935.12313  16.0%   467 2357s
 15550   198 6935.43060  202 3277 8255.00000 6935.43060  16.0%   467 2360s
H15553   186                    8252.0000000 6936.55762  15.9%   467 2366s
H15553   172                    8250.0000000 6936.55762  15.9%   467 2366s
 15555   174 6937.05795  154 3308 8250.00000 6937.05795  15.9%   467 2370s
 15561   178 6937.64197   86 3363 8250.00000 6937.64197  15.9%   467 2376s
 15565   180 6937.83464  172 3477 8250.00000 6937.83464  15.9%   467 2380s
 15568   182 6938.67930   81 3179 8250.00000 6938.67930  15.9%   467 2386s
 15574   186 6939.40498  160 3395 8250.00000 6939.40498  15.9%   467 2392s
 15576   188 6939.86066  206 3385 8250.00000 6939.86066  15.9%   466 2395s
H15579   176                    8247.0000000 6940.79523  15.8%   466 2401s
 15581   177 6941.35195  164 3424 8247.00000 6941.35195  15.8%   466 2406s
 15587   181 6942.05562  221 3289 8247.00000 6942.05562  15.8%   466 2412s
 15589   182 6942.27661  130 3383 8247.00000 6942.27661  15.8%   466 2415s
 15594   186 6942.96464  121 3405 8247.00000 6942.96464  15.8%   466 2421s
 15599   189 6943.22220   53 3589 8247.00000 6943.22220  15.8%   466 2425s
 15601   190 6944.35883  550 3410 8247.00000 6944.35883  15.8%   466 2430s
 15607   194 6944.90160   76 3251 8247.00000 6944.90160  15.8%   466 2435s
 15612   198 6945.11106   49 3478 8247.00000 6945.11106  15.8%   465 2440s
 15616   200 6946.00486  129 3574 8247.00000 6946.00486  15.8%   465 2445s
 15618   202 6946.60969   16 3360 8247.00000 6946.60969  15.8%   465 2450s
 15625   206 6946.76191  104 3482 8247.00000 6946.76191  15.8%   465 2455s
 15631   210 6947.16359  104 3481 8247.00000 6947.16359  15.8%   465 2460s
 15633   212 6947.78869  178 3434 8247.00000 6947.78869  15.8%   465 2465s
 15640   216 6947.95198  246 3601 8247.00000 6947.95198  15.8%   465 2470s
 15642   218 6948.84549   19 3503 8247.00000 6948.84549  15.7%   465 2476s
 15646   220 6949.06372  278 3589 8247.00000 6949.06372  15.7%   464 2480s
 15649   222 6949.74278   68 3385 8247.00000 6949.74278  15.7%   464 2485s
 15653   225 6950.22153  433 3510 8247.00000 6950.22153  15.7%   464 2490s
 15660   230 6950.87791  210 3437 8247.00000 6950.87791  15.7%   464 2497s
 15663   232 6950.99204  123 3531 8247.00000 6950.99204  15.7%   464 2500s
 15666   234 6951.55003  261 3399 8247.00000 6951.55003  15.7%   464 2505s
 15670   236 6952.29336   67 3456 8247.00000 6952.29336  15.7%   464 2510s
 15675   240 6952.52762   37 3518 8247.00000 6952.52762  15.7%   464 2515s
 15677   241 6953.85417  174 3390 8247.00000 6953.85417  15.7%   463 2521s
 15683   245 6953.96403  213 3473 8247.00000 6953.96403  15.7%   463 2525s
 15684   246 6954.66655  393 3415 8247.00000 6954.66655  15.7%   463 2542s
 15685   246 6954.89167  195 3400 8247.00000 6954.89167  15.7%   463 2546s
 15690   250 6955.02791  487 3536 8247.00000 6955.02791  15.7%   463 2550s
 15696   254 6955.51703   65 3477 8247.00000 6955.51703  15.7%   463 2555s
 15699   256 6956.14739   53 3568 8247.00000 6956.14739  15.7%   463 2560s
 15704   259 6956.93476  225 3368 8247.00000 6956.93476  15.6%   463 2566s
 15706   260 6957.48413  258 3550 8247.00000 6957.48413  15.6%   463 2570s
 15713   265 6958.19720  216 3379 8247.00000 6958.19720  15.6%   462 2576s
 15717   268 6958.62664  140 3323 8247.00000 6958.62664  15.6%   462 2580s
 15720   270 6959.43986   97 3208 8247.00000 6959.43986  15.6%   462 2585s
 15725   273 6959.91433  104 3534 8247.00000 6959.91433  15.6%   462 2590s
 15730   276 6960.54924  479 3308 8247.00000 6960.54924  15.6%   462 2595s
 15736   280 6961.00599  227 3497 8247.00000 6961.00599  15.6%   462 2601s
 15738   282 6961.83522  107 3549 8247.00000 6961.83522  15.6%   462 2605s
 15743   285 6962.53654  161 3490 8247.00000 6962.53654  15.6%   462 2612s
 15744   286 6963.06259   77 3390 8247.00000 6963.06259  15.6%   462 2615s
 15749   289 6963.31098   68 3490 8247.00000 6963.31098  15.6%   461 2620s
 15751   290 6964.24915  273 3488 8247.00000 6964.24915  15.6%   461 2626s
 15756   294 6964.77277   62 3516 8247.00000 6964.77277  15.5%   461 2631s
 15759   296 6965.11778  319 3620 8247.00000 6965.11778  15.5%   461 2635s
 15764   299 6965.58403  213 3676 8247.00000 6965.58403  15.5%   461 2641s
 15769   302 6965.95501  500 3479 8247.00000 6965.95501  15.5%   461 2645s
 15773   305 6966.31106  132 3605 8247.00000 6966.31106  15.5%   461 2650s
 15777   308 6966.79158  174 3574 8247.00000 6966.79158  15.5%   461 2655s
 15784   312 6967.37190  393 3532 8247.00000 6967.37190  15.5%   460 2661s
 15789   316 6967.50659  130 3505 8247.00000 6967.50659  15.5%   460 2665s
 15791   317 6968.12373  384 3626 8247.00000 6968.12373  15.5%   460 2670s
 15796   320 6968.35040   65 3582 8247.00000 6968.35040  15.5%   460 2675s
 15802   324 6968.74887  110 3763 8247.00000 6968.74887  15.5%   460 2680s
 15808   328 6969.01983   69 3720 8247.00000 6969.01983  15.5%   460 2685s
 15812   331 6969.28269   49 3598 8247.00000 6969.28269  15.5%   460 2690s
 15817   334 6969.55378  140 3786 8247.00000 6969.55378  15.5%   459 2695s
 15822   338 6969.86422  165 3685 8247.00000 6969.86422  15.5%   459 2700s
 15828   342 6970.19292   47 3737 8247.00000 6970.19292  15.5%   459 2706s
 15832   344 6970.65797  328 3673 8247.00000 6970.65797  15.5%   459 2710s
 15839   349 6970.78970   96 3716 8247.00000 6970.78970  15.5%   459 2716s
 15844   352 6971.05138   77 3729 8247.00000 6971.05138  15.5%   459 2720s
 15851   357 6971.19503  273 3629 8247.00000 6971.19503  15.5%   458 2725s
 15858   362 6971.38670  209 3644 8247.00000 6971.38670  15.5%   458 2730s
 15864   366 6971.57043  213 3596 8247.00000 6971.57043  15.5%   458 2735s
 15871   370 6971.73506   32 3730 8247.00000 6971.73506  15.5%   458 2740s
 15877   374 6972.08798  174 3719 8247.00000 6972.08798  15.5%   458 2745s
 15882   378 6972.61342  428 3702 8247.00000 6972.61342  15.5%   457 2750s
 15886   380 6972.81188  230 3653 8247.00000 6972.81188  15.5%   457 2755s
 15892   384 6973.15651   91 3657 8247.00000 6973.15651  15.4%   457 2760s
 15899   389 6973.35481   53 3613 8247.00000 6973.35481  15.4%   457 2765s
 15905   393 6973.52023   77 3752 8247.00000 6973.52023  15.4%   457 2770s
 15910   396 6973.76627  316 3836 8247.00000 6973.76627  15.4%   457 2775s
 15917   401 6974.08142  140 3679 8247.00000 6974.08142  15.4%   456 2781s
 15923   405 6974.28195   37 3649 8247.00000 6974.28195  15.4%   456 2785s
 15928   408 6974.50351   47 3699 8247.00000 6974.50351  15.4%   456 2790s
 15933   412 6974.84186  178 3673 8247.00000 6974.84186  15.4%   456 2795s
 15940   416 6975.06578  246 3634 8247.00000 6975.06578  15.4%   456 2800s
 15944   419 6975.13481   77 3631 8247.00000 6975.13481  15.4%   456 2885s
 15945   423 6975.13481   31 3617 8247.00000 6975.13481  15.4%   492 2903s
 15947   426 6975.43981   32 3512 8247.00000 6975.13524  15.4%   493 2922s
 15951   433 6975.58336   33 3468 8247.00000 6975.43981  15.4%   493 2937s
 15959   446 6977.50068   34 3509 8247.00000 6975.58341  15.4%   495 2958s
 15975   473 6977.97980   35 3629 8247.00000 6976.19632  15.4%   500 2991s
H15979   440                    8233.0000000 6976.19632  15.3%   500 2991s
 16007   447 6984.00036   36 3209 8233.00000 6976.47200  15.3%   508 3066s
 16023   553 6984.58453   37 3575 8233.00000 6976.47200  15.3%   518 3105s
 16134   548 6985.07879   38 3351 8233.00000 6976.47200  15.3%   530 3120s
H16140   516                    8232.0000000 6976.47200  15.3%   531 3120s
H16141   486                    8231.0000000 6976.47200  15.2%   531 3120s
 16166   604 6985.41850   39 3402 8231.00000 6976.47200  15.2%   534 3140s
 16292   594 6985.78337   44 3227 8231.00000 6976.47200  15.2%   540 3147s
H16294   566                    8228.0000000 6976.47200  15.2%   540 3147s
H16320   532                    8222.0000000 6976.47200  15.1%   541 3147s
 16324   629 6986.06265   45 3336 8222.00000 6976.47200  15.1%   541 3162s
H16423   604                    8221.0000000 6976.47200  15.1%   546 3177s
 16455   681 6987.94297   51 3383 8221.00000 6976.47200  15.1%   548 3191s
 16542   684 6988.38795   53 3374 8221.00000 6976.47200  15.1%   552 3199s
 16574   704 6988.06070   51 3403 8221.00000 6976.47200  15.1%   553 3211s
 16605   726 6988.25427   52 3381 8221.00000 6976.47200  15.1%   554 3219s
 16637   746 6988.51246   53 3355 8221.00000 6976.47200  15.1%   554 3231s
 16668   768 6988.61599   54 3346 8221.00000 6976.47200  15.1%   555 3238s
 16700   789 6988.76740   55 3319 8221.00000 6976.47200  15.1%   556 3248s
 16732   820 6989.04044   56 3346 8221.00000 6976.47200  15.1%   558 3260s
H16740   820                    8220.0000000 6976.47200  15.1%   558 3260s
 16763   852 6989.39857   57 3293 8220.00000 6976.47200  15.1%   559 3269s
 16795   884 6989.52995   58 3206 8220.00000 6976.47200  15.1%   560 3277s
 16827   925 6990.52394   59 3161 8220.00000 6976.47200  15.1%   562 3291s
 16868   956 6990.59886   60 3202 8220.00000 6976.47200  15.1%   564 3304s
 16899   994 6990.72419   61 3142 8220.00000 6976.47200  15.1%   565 3321s
 16937  1038 6990.75160   62 3210 8220.00000 6976.47200  15.1%   569 3335s
H16945  1038                    8218.0000000 6976.47200  15.1%   569 3335s
 16981  1138 6990.83835   63 3029 8218.00000 6976.47200  15.1%   571 3352s
 17081  1271 6991.33970   67 3099 8218.00000 6976.47200  15.1%   576 3368s
 17214  1417 6991.95608   72 3132 8218.00000 6976.47200  15.1%   579 3382s
 17360  1547 6993.01981   77 3010 8218.00000 6976.47200  15.1%   582 3397s
H17362  1547                    8216.0000000 6976.47200  15.1%   583 3397s
 17490  1709 6993.03528   78 2990 8216.00000 6976.47200  15.1%   586 3413s
 17652  1741 6993.09569   79 2966 8216.00000 6976.47200  15.1%   589 3422s
 17684  1773 6993.19951   80 3089 8216.00000 6976.47200  15.1%   590 3436s
 17716  1805 6993.33808   81 3040 8216.00000 6976.47200  15.1%   592 3444s
 17748  1876 6993.35437   82 3038 8216.00000 6976.47200  15.1%   592 3456s
 17819  1908 6994.86791   89 3125 8216.00000 6976.47200  15.1%   594 3498s
 17851  1965 6994.98925   90 3095 8216.00000 6976.47200  15.1%   595 3555s
 17908  2020 6995.08873   91 3058 8216.00000 6976.47200  15.1%   597 3575s
 17963  2087 6995.46256   92 3121 8216.00000 6976.47200  15.1%   599 3594s
 18030  2142 6998.01801   91 3093 8216.00000 6976.47200  15.1%   602 3616s
 18085  2208 6995.66426   93 3056 8216.00000 6976.47200  15.1%   607 3640s
 18151  2269 6995.76786   93 3068 8216.00000 6976.47200  15.1%   611 3671s
 18212  2341 6999.32339   92 3001 8216.00000 6976.47200  15.1%   614 3692s
 18284  2426 6996.09177   94 3032 8216.00000 6976.47200  15.1%   616 3715s
 18369  2503 6996.26112   94 3011 8216.00000 6976.47200  15.1%   618 3742s
 18448  2578 6996.42716   95 2985 8216.00000 6976.47200  15.1%   621 3778s
 18523  2657 6996.60221   95 2974 8216.00000 6976.47200  15.1%   624 3811s
 18602  2743 6997.55411   96 2958 8216.00000 6976.47200  15.1%   629 3849s
 18667  2743 7009.24908   91 2601 8216.00000 6976.47200  15.1%   631 3850s
 18688  2837 6998.78343   97 2870 8216.00000 6976.47200  15.1%   632 3884s
 18782  2930 6998.85239   98 2938 8216.00000 6976.47200  15.1%   634 3916s
 18875  3034 6999.53039   99 2979 8216.00000 6976.47200  15.1%   638 3945s
 18979  3148 7009.50851   97 2892 8216.00000 6976.47200  15.1%   641 3971s
 19095  3248 6999.87171  100 2844 8216.00000 6976.47200  15.1%   644 4008s
 19213  3349 7025.45618   98 2823 8216.00000 6976.47200  15.1%   648 4061s
 19314  3442 7022.76488   99 2670 8216.00000 6976.47200  15.1%   652 4126s
 19407  3575 6999.90827  101 2816 8216.00000 6976.47200  15.1%   656 4184s
 19544  3671 7000.11071  102 2952 8216.00000 6976.47200  15.1%   657 4265s
 19650  3773 7002.51540  103 2869 8216.00000 6976.47200  15.1%   661 4336s
 19752  3887 7003.68014  104 2870 8216.00000 6976.47200  15.1%   664 4401s
 19866  3987 7001.16803  103 2889 8216.00000 6976.47200  15.1%   667 4443s
 19966  4081 7001.20169  104 2861 8216.00000 6976.47200  15.1%   672 4510s
 20060  4212 7001.32139  105 2834 8216.00000 6976.47200  15.1%   675 4575s
 20191  4360 7001.43451  106 2876 8216.00000 6976.47200  15.1%   678 4632s
 20339  4522 7001.68592  107 2931 8216.00000 6976.47200  15.1%   683 4692s
 20501  4683 7001.98268  108 2842 8216.00000 6976.47200  15.1%   687 4735s
 20662  4926 7002.37276  109 2894 8216.00000 6976.47200  15.1%   691 4781s
 20905  5228 7003.54703  107 2849 8216.00000 6976.47200  15.1%   696 4832s
 21207  5562 7003.34338  110 2823 8216.00000 6976.47200  15.1%   703 4880s
 21547  5918 7008.19424  110 2829 8216.00000 6976.47200  15.1%   709 4939s
 21953  6371 7031.16755  108 2602 8216.00000 6976.47200  15.1%   713 5001s
 22423  6855 7005.35527  108 2881 8216.00000 6976.47200  15.1%   723 5062s
 22928  6991 7006.17993  111 2996 8216.00000 6976.47200  15.1%   735 5181s
 23064  7538 7006.88080  111 2955 8216.00000 6976.47200  15.1%   741 5240s
 23613  8211 7011.93333  111 2855 8216.00000 6976.47200  15.1%   754 5305s
 24308  9011 7007.24804  112 2956 8216.00000 6976.47200  15.1%   763 5372s
 25144  9741 7021.22309  122 2675 8216.00000 6976.72390  15.1%   770 5446s
 25888 10388 7021.78522  133 2742 8216.00000 6976.72390  15.1%   781 5578s
 26553 11192 7026.77443  137 2887 8216.00000 6977.51099  15.1%   792 5647s
 27385 12123 7034.08840  146 2853 8216.00000 6977.51099  15.1%   799 5720s
 28330 12950 7040.03501  152 2762 8216.00000 6977.51099  15.1%   806 5808s
 29175 13766 7042.43022  156 2802 8216.00000 6977.97987  15.1%   814 5905s
 30067 14311 7053.05595  171 2574 8216.00000 6977.97987  15.1%   825 5970s
 30632 14850 7059.52107  178 2681 8216.00000 6977.97987  15.1%   835 6034s
 31173 15677 7065.43338  177 2609 8216.00000 6977.97987  15.1%   843 6105s
 32085 16338 7070.91617  194 2768 8216.00000 6977.97987  15.1%   847 6178s
 32757 16866 7075.10204  197 2645 8216.00000 6977.97987  15.1%   858 6254s
 33305 17306 7081.22584  202 2526 8216.00000 6978.72390  15.1%   871 6325s
 33762 17389 7085.97966  213 2612 8216.00000 6978.72390  15.1%   882 6390s
 33845 17851 7088.24675  219 2493 8216.00000 6978.72390  15.1%   886 6483s
 34323 18400 7095.58199  238 2555 8216.00000 6978.72390  15.1%   903 6587s
 34872 18904 7108.14940  240 2507 8216.00000 6978.72390  15.1%   920 6781s
 35378 19808 7110.28560  246 2714 8216.00000 6978.72390  15.1%   940 6893s
 36282 20796 7122.05748  259 2598 8216.00000 6978.72390  15.1%   953 7011s
 37270 21952 7144.40483  270 2608 8216.00000 6978.72390  15.1%   963 7124s
 38428 22979 7166.04537  283 2699 8216.00000 6978.72390  15.1%   973 7232s
 39473 23999 7253.32453  286 2488 8216.00000 6978.72390  15.1%   981 7364s
 40589 25115 7169.34593  300 2630 8216.00000 6978.72390  15.1%   993 7495s
 41754 26242 7312.92618  301 2662 8216.00000 6978.72390  15.1%  1004 7614s
 42881 27102 7185.41719  320 2766 8216.00000 6978.72390  15.1%  1013 7737s
 43780 28285 7205.27332  327 2483 8216.00000 6978.72390  15.1%  1018 7873s
 45009 29248 7217.93316  358 2647 8216.00000 6978.72390  15.1%  1030 8017s
 46022 30004 7236.05720  377 2478 8216.00000 6978.72390  15.1%  1050 8156s
 46799 30905 7250.55511  391 2389 8216.00000 6978.72390  15.1%  1066 8374s
 47719 32348 7277.13398  393 2335 8216.00000 6978.72390  15.1%  1081 8575s
 49234 32910 7353.92619  396 2214 8216.00000 6978.72390  15.1%  1095 8732s
 49797 34361 7354.05120  401 2356 8216.00000 6978.72390  15.1%  1104 8954s
 51248 35793 7444.00483  407 2094 8216.00000 6978.72390  15.1%  1117 9145s
 52734 37591 7422.17943  425 2181 8216.00000 6978.72390  15.1%  1126 9387s
 54545 39333 7480.85796  453 2213 8216.00000 6978.72390  15.1%  1138 9595s
 56320 41623 7528.90284  484 2063 8216.00000 6978.72390  15.1%  1143 9799s
 56989 41623 infeasible  464      8216.00000 6978.72390  15.1%  1140 9800s
 58739 41624 7999.40188  421 12569 8216.00000 6978.72390  15.1%  1145 10635s
 58741 41625 7065.69480  127  859 8216.00000 6978.72390  15.1%  1145 10641s
 58743 41627 7929.94244  544 1145 8216.00000 6978.72390  15.1%  1145 10645s
 58745 41628 7387.90444  253 1281 8216.00000 6978.72390  15.1%  1145 10655s
 58746 41629 7969.15808  572 1459 8216.00000 6978.72390  15.1%  1145 10665s
 58747 41629 7499.12042  314 1575 8216.00000 6978.72390  15.1%  1145 10676s
 58748 41630 7916.10719  472 1685 8216.00000 6978.72390  15.1%  1145 10688s
 58749 41631 8009.74703  601 1986 8216.00000 6978.72390  15.1%  1145 10700s
 58750 41631 7450.56611  213 2044 8216.00000 6978.72390  15.1%  1145 10713s
 58751 41632 7533.52583  481 2052 8216.00000 6978.72390  15.1%  1145 10725s
 58752 41633 7562.49449  185 2300 8216.00000 6978.72390  15.1%  1145 10738s
 58753 41633 7024.31793  123 2512 8216.00000 6978.72390  15.1%  1145 10750s
 58754 41634 7866.81217  404 2515 8216.00000 6978.72390  15.1%  1145 10761s
 58755 41635 7808.11872  502 2510 8216.00000 6982.48439  15.0%  1145 10771s
 58756 41635 7296.80832  341 2492 8216.00000 6994.04143  14.9%  1145 10779s
 58757 41636 7172.28780  211 2589 8216.00000 6999.85836  14.8%  1145 10787s
 58758 41637 7696.78975  422 2567 8216.00000 7005.47072  14.7%  1145 10793s
 58759 41637 8190.64078  942 2755 8216.00000 7008.72839  14.7%  1145 10798s
 58760 41638 7058.64788   72 2665 8216.00000 7009.94843  14.7%  1145 10801s
 58764 41641 7510.61018  510 2677 8216.00000 7010.73455  14.7%  1145 10805s
 58771 41645 7810.28154  521 2945 8216.00000 7021.82148  14.5%  1145 10821s
 58772 41646 7032.84550   72 2772 8216.00000 7024.28099  14.5%  1145 10826s
 58774 41647 7724.14164  431 3030 8216.00000 7025.59616  14.5%  1145 10832s
 58778 41650 7067.78758   72 3059 8216.00000 7025.86235  14.5%  1145 10835s
 58780 41651 7465.94079  464 3047 8216.00000 7025.86639  14.5%  1144 10856s
 58781 41652 7112.56381  254 2898 8216.00000 7031.24624  14.4%  1144 10863s
 58782 41653 7039.32500  109 2967 8216.00000 7033.73552  14.4%  1144 10868s
 58783 41653 7074.40336  154 2938 8216.00000 7034.56142  14.4%  1144 10871s
 58785 41655 7985.24201  587 2979 8216.00000 7034.99508  14.4%  1144 10875s
 58788 41657 7804.66431  491 3095 8216.00000 7035.03921  14.4%  1144 10896s
 58789 41657 7616.20314  246 2926 8216.00000 7038.63349  14.3%  1144 10904s
 58790 41658 7602.86955  495 2926 8216.00000 7039.75928  14.3%  1144 10908s
 58792 41659 7509.58389  473 2993 8216.00000 7040.24130  14.3%  1144 10910s
 58796 41662 7188.61378  255 3021 8216.00000 7040.27621  14.3%  1144 10933s
 58797 41663 7708.19077  240 2904 8216.00000 7043.03700  14.3%  1144 10939s
 58798 41663 7044.51075   78 3057 8216.00000 7044.51075  14.3%  1144 10942s
 58799 41664 7596.16616  272 3017 8216.00000 7045.17936  14.3%  1144 10945s
 58804 41667 7106.97062  229 3228 8216.00000 7045.51008  14.2%  1144 10970s
 58805 41668 7059.54845  142 2980 8216.00000 7047.07254  14.2%  1144 10979s
 58806 41669 7427.63201  330 3023 8216.00000 7047.60298  14.2%  1144 10983s
 58809 41671 8095.44233  343 3078 8216.00000 7047.74189  14.2%  1144 10985s
 58815 41675 7320.80975  368 3057 8216.00000 7047.77489  14.2%  1144 11007s
 58816 41675 7203.97248  373 3115 8216.00000 7051.35864  14.2%  1144 11012s
 58817 41676 8213.59057  396 3099 8216.00000 7052.16317  14.2%  1144 11015s
 58822 41679 8093.94943  164 3068 8216.00000 7052.46967  14.2%  1144 11041s
 58823 41680 7134.71731  291 3079 8216.00000 7055.77863  14.1%  1144 11047s
 58824 41681 7288.80976  136 3148 8216.00000 7056.53936  14.1%  1144 11050s
 58830 41685 7587.46626  407 3279 8216.00000 7057.07274  14.1%  1144 11055s
 58832 41686 7161.71670  294 3305 8216.00000 7057.07745  14.1%  1143 11078s
 58833 41687 7060.13847   49 3205 8216.00000 7060.13847  14.1%  1143 11085s
 58834 41687 7061.40579  120 3191 8216.00000 7061.40579  14.1%  1143 11090s
 58839 41691 7999.40188  421 3332 8216.00000 7061.91790  14.0%  1143 11095s
 58841 41692 7065.69480  127 3381 8216.00000 7061.92318  14.0%  1143 11116s
 58842 41693 7115.11490  121 3123 8216.00000 7065.04818  14.0%  1143 11124s
 58843 41693 7929.94244  544 3264 8216.00000 7066.12350  14.0%  1143 11127s
 58845 41695 7387.90444  253 3376 8216.00000 7066.40738  14.0%  1143 11130s
 58852 41699 7562.49449  185 3420 8216.00000 7066.55409  14.0%  1143 11154s
 58853 41700 7070.35487  123 3300 8216.00000 7070.35487  13.9%  1143 11162s
 58854 41701 7866.81217  404 3115 8216.00000 7071.64779  13.9%  1143 11166s
 58856 41702 7296.80832  341 3306 8216.00000 7072.14392  13.9%  1143 11170s
 58862 41706 7892.57092  436 3331 8216.00000 7072.34765  13.9%  1143 11193s
 58863 41707 7790.10037  589 3304 8216.00000 7074.18030  13.9%  1143 11205s
 58865 41708 7234.69807  285 3317 8216.00000 7075.12395  13.9%  1143 11210s
 58869 41711 8032.09699  609 3445 8216.00000 7075.18693  13.9%  1143 11232s
 58870 41711 7434.14443  391 3357 8216.00000 7077.10634  13.9%  1143 11239s
 58871 41712 7810.28154  521 3245 8216.00000 7077.59749  13.9%  1143 11241s
 58877 41716 7092.84181  252 3398 8216.00000 7077.85125  13.9%  1143 11245s
 58878 41717 7077.85192   72 3411 8216.00000 7077.85192  13.9%  1143 11267s
 58879 41717 7713.22978  494 3300 8216.00000 7080.33637  13.8%  1143 11274s
 58880 41718 7465.94079  464 3519 8216.00000 7081.24232  13.8%  1143 11279s
 58881 41719 7112.56381  254 3533 8216.00000 7081.47400  13.8%  1143 11281s
 58887 41723 7081.69398   74 3573 8216.00000 7081.69398  13.8%  1142 11308s
 58888 41723 7804.66431  491 3366 8216.00000 7083.73736  13.8%  1142 11314s
 58889 41724 7616.20314  246 3384 8216.00000 7084.42258  13.8%  1142 11316s
 58893 41727 7822.31123  298 3335 8216.00000 7084.70489  13.8%  1142 11320s
 58895 41728 7915.73827  611 3308 8216.00000 7084.71037  13.8%  1142 11344s
 58896 41729 7188.61378  255 3247 8216.00000 7089.07775  13.7%  1142 11353s
 58897 41729 7708.19077  240 3064 8216.00000 7090.35575  13.7%  1142 11357s
 58898 41730 7090.87776   78 3344 8216.00000 7090.87776  13.7%  1142 11360s
 58903 41733 8127.28992  623 3631 8216.00000 7091.17849  13.7%  1142 11386s
 58904 41734 7106.97062  229 3374 8216.00000 7093.68339  13.7%  1142 11392s
 58905 41735 7094.51528  142 3358 8216.00000 7094.51528  13.7%  1142 11396s
 58908 41737 7095.00032   50 3444 8216.00000 7095.00032  13.6%  1142 11400s
 58911 41739 7279.13066  119 3536 8216.00000 7095.01563  13.6%  1142 11421s
 58912 41739 7097.66939  165 3237 8216.00000 7097.66939  13.6%  1142 11433s
 58913 41740 7997.17907  688 3260 8216.00000 7098.22625  13.6%  1142 11436s
 58915 41741 7320.80975  368 3285 8216.00000 7098.62762  13.6%  1142 11440s
 58920 41745 7699.98069  489 3458 8216.00000 7098.70665  13.6%  1142 11461s
 58921 41745 7913.17991  574 3368 8216.00000 7100.53363  13.6%  1142 11467s
 58923 41747 7134.71731  291 3302 8216.00000 7101.22200  13.6%  1142 11470s
 58928 41750 7801.42712  476 3414 8216.00000 7101.29871  13.6%  1142 11491s
 58929 41751 7237.20078  230 3378 8216.00000 7103.83404  13.5%  1142 11498s
 58930 41751 7587.46626  407 3512 8216.00000 7105.05279  13.5%  1142 11501s
 58935 41755 7105.30003  270 3490 8216.00000 7105.30003  13.5%  1141 11524s
 58936 41755 7117.69694  221 3190 8216.00000 7106.50332  13.5%  1141 11528s
 58937 41756 7609.94611  502 3486 8216.00000 7107.67821  13.5%  1141 11532s
 58939 41757 7999.40188  421 3558 8216.00000 7108.11911  13.5%  1141 11535s
 58943 41760 7929.94244  544 3606 8216.00000 7108.14244  13.5%  1141 11556s
 58944 41761 7224.07951  363 3459 8216.00000 7109.48569  13.5%  1141 11563s
 58945 41761 7387.90444  253 3487 8216.00000 7110.14154  13.5%  1141 11566s
 58947 41763 7499.12042  314 3386 8216.00000 7110.64180  13.5%  1141 11570s
 58952 41766 7562.49449  185 3417 8216.00000 7110.69557  13.5%  1141 11591s
 58953 41767 7112.91578  123 3335 8216.00000 7112.91578  13.4%  1141 11597s
 58954 41767 7866.81217  404 3396 8216.00000 7113.44341  13.4%  1141 11600s
 58957 41769 7172.28780  211 3485 8216.00000 7114.07312  13.4%  1141 11605s
 58962 41773 7892.57092  436 3610 8216.00000 7114.12960  13.4%  1141 11625s
 58963 41773 7790.10037  589 3289 8216.00000 7115.20059  13.4%  1141 11751s
 58964 41774 7510.61018  510 3379 8216.00000 7116.00221  13.4%  1141 11773s
 58965 41775 7234.69807  285 3496 8216.00000 7116.59572  13.4%  1141 11777s
 58968 41777 7116.78169  132 3474 8216.00000 7116.78169  13.4%  1141 11780s
 58970 41778 7434.14443  391 3465 8216.00000 7116.78795  13.4%  1141 11800s
 58971 41779 7810.28154  521 3298 8216.00000 7118.53672  13.4%  1141 11805s
 58973 41780 7119.76618  136 3249 8216.00000 7119.76618  13.3%  1141 11811s
 58976 41782 7897.81765  563 3474 8216.00000 7120.09857  13.3%  1141 11815s
 58979 41784 7713.22978  494 3445 8216.00000 7120.11487  13.3%  1141 11835s
 58980 41785 7465.94079  464 3170 8216.00000 7121.96330  13.3%  1141 11840s
 58982 41786 7122.75172  109 3363 8216.00000 7122.75172  13.3%  1141 11845s
 58988 41790 7804.66431  491 3285 8216.00000 7123.10609  13.3%  1140 11869s
 58989 41791 7616.20314  246 3174 8216.00000 7126.23319  13.3%  1140 11875s
 58992 41793 7509.58389  473 3464 8216.00000 7126.95315  13.3%  1140 11880s
 58995 41795 7915.73827  611 3361 8216.00000 7126.99152  13.3%  1140 11902s
 58996 41795 7188.61378  255 3263 8216.00000 7128.73473  13.2%  1140 11907s
 58997 41796 7708.19077  240 3258 8216.00000 7129.39245  13.2%  1140 11910s
 59001 41799 7378.74488  187 3315 8216.00000 7129.80303  13.2%  1140 11915s
 59003 41800 8127.28992  623 3359 8216.00000 7129.82444  13.2%  1140 11936s
 59004 41801 7134.24056  229 3173 8216.00000 7134.24056  13.2%  1140 11944s
 59005 41801 7134.99643  142 3059 8216.00000 7134.99643  13.2%  1140 11946s
 59007 41803 7245.81124  441 3321 8216.00000 7135.96242  13.1%  1140 11951s
 59010 41805 7136.47117  193 3581 8216.00000 7136.47117  13.1%  1140 11955s
 59013 41807 7997.17907  688 3518 8216.00000 7136.50422  13.1%  1140 11977s
 59014 41807 7320.62776  439 3254 8216.00000 7137.98858  13.1%  1140 11981s
 59016 41809 7203.97248  373 3415 8216.00000 7138.64558  13.1%  1140 11985s
 59020 41811 7699.98069  489 3347 8216.00000 7138.75357  13.1%  1140 12009s
 59021 41812 7913.17991  574 3240 8216.00000 7140.63573  13.1%  1140 12013s
 59022 41813 8093.94943  164 3188 8216.00000 7140.99839  13.1%  1140 12015s
 59026 41815 7537.32605  343 3349 8216.00000 7141.40583  13.1%  1140 12020s
 59029 41817 7237.20078  230 3495 8216.00000 7141.43427  13.1%  1140 12041s
 59030 41818 7587.46626  407 3143 8216.00000 7142.86417  13.1%  1140 12046s
 59032 41819 7161.71670  294 3258 8216.00000 7143.38435  13.1%  1140 12050s
 59038 41823 7143.48792  220 3306 8216.00000 7143.48792  13.1%  1139 12073s
 59039 41824 7999.40188  421 3074 8216.00000 7145.53379  13.0%  1139 12079s
 59040 41825 7642.01111  207 3110 8216.00000 7146.41482  13.0%  1139 12081s
 59042 41826 7147.22859  121 3534 8216.00000 7147.22859  13.0%  1139 12086s
 59047 41829 7499.12042  314 3454 8216.00000 7147.28837  13.0%  1139 12108s
 59048 41830 7916.10719  472 3352 8216.00000 7148.15094  13.0%  1139 12111s
 59050 41831 7450.56611  213 3638 8216.00000 7148.85846  13.0%  1139 12115s
 59054 41834 7866.81217  404 3689 8216.00000 7148.98287  13.0%  1139 12138s
 59055 41835 7808.11872  502 3463 8216.00000 7149.66455  13.0%  1139 12142s
 59058 41837 7696.78975  422 3708 8216.00000 7149.83990  13.0%  1139 12165s
 59060 41838 7150.85451   72 3600 8216.00000 7150.85451  13.0%  1139 12170s
 59065 41841 7234.69807  285 3394 8216.00000 7150.92619  13.0%  1139 12191s
 59066 41842 7911.45429  751 3627 8216.00000 7152.19433  12.9%  1139 12196s
 59068 41843 7152.71840  132 3582 8216.00000 7152.71840  12.9%  1139 12200s
 59071 41845 7810.28154  521 3567 8216.00000 7152.79695  12.9%  1139 12222s
 59072 41846 7154.11072   72 3481 8216.00000 7154.11072  12.9%  1139 12225s
 59075 41848 7521.84133  503 3523 8216.00000 7154.54837  12.9%  1139 12230s
 59080 41851 7465.94079  464 3580 8216.00000 7154.57057  12.9%  1139 12252s
 59081 41852 7155.27863  254 3570 8216.00000 7155.27863  12.9%  1139 12255s
 59086 41855 7155.76372  111 3588 8216.00000 7155.76372  12.9%  1139 12279s
 59087 41856 7156.08255   74 3416 8216.00000 7156.08255  12.9%  1139 12281s
 59092 41859 7509.58389  473 3763 8216.00000 7156.41564  12.9%  1138 12285s
 59093 41860 7822.31123  298 3667 8216.00000 7156.41878  12.9%  1138 12306s
 59094 41861 7742.61882  492 3616 8216.00000 7157.66847  12.9%  1138 12310s
 59096 41862 7188.61378  255 3595 8216.00000 7158.37560  12.9%  1138 12315s
 59101 41865 7378.74488  187 3598 8216.00000 7158.62204  12.9%  1138 12340s
 59102 41866 7213.46165  278 3413 8216.00000 7160.72189  12.8%  1138 12345s
 59104 41867 7161.76424  229 3528 8216.00000 7161.76424  12.8%  1138 12350s
 59108 41870 7161.93551   50 3733 8216.00000 7161.93551  12.8%  1138 12375s
 59110 41871 7162.79045  193 3639 8216.00000 7162.79045  12.8%  1138 12380s
 59113 41873 7997.17907  688 3695 8216.00000 7162.88663  12.8%  1138 12403s
 59114 41874 7320.62776  439 3627 8216.00000 7163.55509  12.8%  1138 12407s
 59117 41876 8213.59057  396 3767 8216.00000 7163.85317  12.8%  1138 12410s
 59119 41877 8149.09904  287 3788 8216.00000 7163.86250  12.8%  1138 12431s
 59120 41878 7699.98069  489 3628 8216.00000 7164.41678  12.8%  1138 12435s
 59125 41881 7164.87966  190 3807 8216.00000 7164.87966  12.8%  1138 12460s
 59126 41882 7537.32605  343 3543 8216.00000 7165.87024  12.8%  1138 12465s
 59128 41883 7801.42712  476 3641 8216.00000 7166.55109  12.8%  1138 12470s
 59132 41886 7166.67977  294 3648 8216.00000 7166.67977  12.8%  1138 12494s
 59133 41887 7168.26425   49 3575 8216.00000 7168.26425  12.8%  1138 12498s
 59134 41887 7168.69503  120 3639 8216.00000 7168.69503  12.7%  1138 12501s
 59138 41890 7168.90115  220 3922 8216.00000 7168.90115  12.7%  1138 12505s
 59140 41891 7642.01111  207 3931 8216.00000 7168.90632  12.7%  1138 12526s
 59142 41893 7169.38826  121 3788 8216.00000 7169.38826  12.7%  1137 12530s
 59147 41896 7499.12042  314 3785 8216.00000 7169.48184  12.7%  1137 12555s
 59150 41898 7450.56611  213 3788 8216.00000 7170.02402  12.7%  1137 12560s
 59153 41900 7170.05337  123 3763 8216.00000 7170.05337  12.7%  1137 12580s
 59156 41902 7296.80832  341 3874 8216.00000 7171.01840  12.7%  1137 12586s
 59160 41905 7171.17551   72 3882 8216.00000 7171.17551  12.7%  1137 12609s
 59161 41905 7685.37147  267 3863 8216.00000 7171.39683  12.7%  1137 12611s
 59164 41907 7510.61018  510 3937 8216.00000 7171.56725  12.7%  1137 12615s
 59166 41909 7911.45429  751 3899 8216.00000 7171.57903  12.7%  1137 12635s
 59168 41910 7172.80273  132 3810 8216.00000 7172.80273  12.7%  1137 12641s
 59173 41913 7172.99302  136 3837 8216.00000 7172.99302  12.7%  1137 12664s
 59174 41914 7724.14164  431 3454 8216.00000 7173.86955  12.7%  1137 12667s
 59176 41915 7897.81765  563 3671 8216.00000 7174.15822  12.7%  1137 12670s
 59180 41918 7465.94079  464 3851 8216.00000 7174.19747  12.7%  1137 12693s
 59181 41919 7175.37514  254 3683 8216.00000 7175.37514  12.7%  1137 12699s
 59182 41919 7175.55093  109 3846 8216.00000 7175.55093  12.7%  1137 12700s
 59186 41922 7175.68310  111 3910 8216.00000 7175.68310  12.7%  1137 12724s
 59187 41923 7176.44988   74 3847 8216.00000 7176.44988  12.7%  1137 12727s
 59188 41923 7804.66431  491 3757 8216.00000 7176.84738  12.6%  1137 12730s
 59194 41927 7742.61882  492 3959 8216.00000 7177.06849  12.6%  1136 12754s
 59195 41928 7915.73827  611 3738 8216.00000 7178.35064  12.6%  1136 12759s
 59196 41929 7188.61378  255 3909 8216.00000 7178.56828  12.6%  1136 12761s
 59200 41931 7178.76619  129 3933 8216.00000 7178.76619  12.6%  1136 12784s
 59201 41932 7378.74488  187 3788 8216.00000 7179.59063  12.6%  1136 12788s
 59202 41933 7213.46165  278 3930 8216.00000 7179.82284  12.6%  1136 12790s
 59208 41937 7180.01616   50 4028 8216.00000 7180.01616  12.6%  1136 12815s
 59211 41939 7279.13066  119 3900 8216.00000 7180.64698  12.6%  1136 12820s
 59213 41940 7997.17907  688 3899 8216.00000 7180.66821  12.6%  1136 12843s
 59214 41941 7320.62776  439 3868 8216.00000 7180.85504  12.6%  1136 12845s
 59219 41944 8149.09904  287 4078 8216.00000 7181.02528  12.6%  1136 12869s
 59220 41945 7699.98069  489 3722 8216.00000 7181.40083  12.6%  1136 12871s
 59224 41947 7288.80976  136 3840 8216.00000 7181.58714  12.6%  1136 12894s
 59225 41948 7182.13844  190 3494 8216.00000 7182.13844  12.6%  1136 12898s
 59227 41949 7182.36874  219 3536 8216.00000 7182.36874  12.6%  1136 12900s
 59231 41952 7399.75071   94 3621 8216.00000 7182.44016  12.6%  1136 12924s
 59232 41953 7182.76628  294 3585 8216.00000 7182.76628  12.6%  1136 12926s
 59235 41955 7183.20372  270 3708 8216.00000 7183.20372  12.6%  1136 12930s
 59238 41957 7183.22199  220 3757 8216.00000 7183.22199  12.6%  1136 12950s
 59241 41959 7183.97583  127 3682 8216.00000 7183.97583  12.6%  1136 12955s
 59243 41960 7929.94244  544 3718 8216.00000 7183.98857  12.6%  1136 12978s
 59244 41961 7224.07951  363 3565 8216.00000 7184.57046  12.6%  1136 12981s
 59248 41963 7916.10719  472 3751 8216.00000 7184.82035  12.6%  1135 13006s
 59251 41965 7533.52583  481 3730 8216.00000 7185.34783  12.5%  1135 13010s
 59254 41967 7866.81217  404 3755 8216.00000 7185.37654  12.5%  1135 13033s
 59255 41968 7808.11872  502 3683 8216.00000 7185.65824  12.5%  1135 13035s
 59260 41971 7185.86395   72 3819 8216.00000 7185.86395  12.5%  1135 13060s
 59265 41975 7234.69807  285 3855 8216.00000 7186.12925  12.5%  1135 13065s
 59268 41977 7186.14031  132 3894 8216.00000 7186.14031  12.5%  1135 13086s
 59270 41978 7434.14443  391 3689 8216.00000 7186.90235  12.5%  1135 13090s
 59274 41981 7724.14164  431 3760 8216.00000 7186.97246  12.5%  1135 13112s
 59276 41982 7897.81765  563 3839 8216.00000 7187.17949  12.5%  1135 13115s
 59279 41984 7713.22978  494 3861 8216.00000 7187.21370  12.5%  1135 13137s
 59281 41985 7187.43352  254 3832 8216.00000 7187.43352  12.5%  1135 13140s
 59285 41988 7985.24201  587 3929 8216.00000 7187.49493  12.5%  1135 13164s
 59286 41989 7188.08805  111 3766 8216.00000 7188.08805  12.5%  1135 13167s
 59288 41990 7804.66431  491 3802 8216.00000 7188.20636  12.5%  1135 13170s
 59291 41992 7614.91550  548 3847 8216.00000 7188.22931  12.5%  1135 13191s
 59293 41993 7822.31123  298 4093 8216.00000 7189.13354  12.5%  1135 13197s
 59297 41996 7708.19077  240 4108 8216.00000 7189.28186  12.5%  1135 13200s
 59298 41997 7189.28256   78 4149 8216.00000 7189.28256  12.5%  1135 13223s
 59299 41997 7596.16616  272 3809 8216.00000 7189.68082  12.5%  1134 13226s
 59304 42001 7189.88681  229 4037 8216.00000 7189.88681  12.5%  1134 13230s
 59305 42001 7189.88684  142 4023 8216.00000 7189.88684  12.5%  1134 13250s
 59309 42004 8095.44233  343 4017 8216.00000 7190.23343  12.5%  1134 13255s
 59311 42005 7279.13066  119 4056 8216.00000 7190.24759  12.5%  1134 13277s
 59312 42006 7191.04073  165 3810 8216.00000 7191.04073  12.5%  1134 13281s
 59315 42008 7320.80975  368 3964 8216.00000 7191.42510  12.5%  1134 13285s
 59319 42011 8149.09904  287 4017 8216.00000 7191.45991  12.5%  1134 13308s
 59320 42011 7699.98069  489 3801 8216.00000 7191.65092  12.5%  1134 13310s
 59325 42015 7191.79874  190 3971 8216.00000 7191.79874  12.5%  1134 13335s
 59331 42019 7399.75071   94 3816 8216.00000 7192.01374  12.5%  1134 13360s
 59336 42022 7192.20717  221 3996 8216.00000 7192.20717  12.5%  1134 13384s
 59337 42023 7609.94611  502 3772 8216.00000 7192.61643  12.5%  1134 13387s
 59339 42024 7999.40188  421 3832 8216.00000 7192.86606  12.5%  1134 13390s
 59341 42025 7192.89089  127 3943 8216.00000 7192.89089  12.5%  1134 13412s
 59343 42027 7929.94244  544 3773 8216.00000 7193.57113  12.4%  1134 13417s
 59346 42029 7969.15808  572 3681 8216.00000 7193.79496  12.4%  1134 13420s
 59348 42030 7916.10719  472 3702 8216.00000 7193.80580  12.4%  1134 13441s
 59350 42031 7450.56611  213 3923 8216.00000 7194.04669  12.4%  1134 13445s
 59352 42033 7562.49449  185 3940 8216.00000 7194.06475  12.4%  1133 13468s
 59353 42033 7194.41936  123 3909 8216.00000 7194.41936  12.4%  1133 13470s
 59357 42036 7194.50159  211 4107 8216.00000 7194.50159  12.4%  1133 13495s
 59359 42037 8190.64078  942 3959 8216.00000 7194.98250  12.4%  1133 13500s
 59362 42039 7892.57092  436 3973 8216.00000 7195.03573  12.4%  1133 13522s
 59364 42041 7510.61018  510 4026 8216.00000 7195.36542  12.4%  1133 13526s
 59367 42043 7876.79288  580 4208 8216.00000 7195.39763  12.4%  1133 13549s
 59368 42043 7195.52324  132 4156 8216.00000 7195.52324  12.4%  1133 13551s
 59373 42047 7195.66409  136 4255 8216.00000 7195.66409  12.4%  1133 13575s
 59379 42051 7713.22978  494 4181 8216.00000 7195.90017  12.4%  1133 13600s
 59383 42053 7196.24097  154 4052 8216.00000 7196.24097  12.4%  1133 13605s
 59385 42055 7985.24201  587 4090 8216.00000 7196.24819  12.4%  1133 13625s
 59388 42057 7804.66431  491 3926 8216.00000 7197.15551  12.4%  1133 13631s
 59391 42059 7614.91550  548 3982 8216.00000 7197.20183  12.4%  1133 13653s
 59392 42059 7509.58389  473 3845 8216.00000 7197.83289  12.4%  1133 13656s
 59394 42061 7742.61882  492 3883 8216.00000 7198.09511  12.4%  1133 13660s
 59400 42065 7198.17215  129 3944 8216.00000 7198.17215  12.4%  1133 13684s
 59401 42065 7378.74488  187 3773 8216.00000 7198.67274  12.4%  1133 13687s
 59403 42067 8127.28992  623 3919 8216.00000 7198.80476  12.4%  1132 13690s
 59406 42069 7427.63201  330 3918 8216.00000 7198.82810  12.4%  1132 13712s
 59408 42070 7199.28270   50 4006 8216.00000 7199.28270  12.4%  1132 13717s
 59412 42073 7199.42768  165 4117 8216.00000 7199.42768  12.4%  1132 13720s
 59413 42073 7997.17907  688 4110 8216.00000 7199.43055  12.4%  1132 13743s
 59414 42074 7320.62776  439 4109 8216.00000 7199.87405  12.4%  1132 13746s
 59418 42077 8082.22320  634 4118 8216.00000 7200.25693  12.4%  1132 13750s
 59420 42078 7699.98069  489 4154 8216.00000 7200.28559  12.4%  1132 13774s
 59421 42079 7913.17991  574 4116 8216.00000 7201.21911  12.4%  1132 13778s
 59422 42079 8093.94943  164 4190 8216.00000 7201.46363  12.3%  1132 13780s
 59428 42083 7801.42712  476 4265 8216.00000 7201.65025  12.3%  1132 13785s
 59429 42084 7237.20078  230 4288 8216.00000 7201.65127  12.3%  1132 13806s
 59433 42087 7201.92669   49 4243 8216.00000 7201.92669  12.3%  1132 13810s
 59435 42088 7201.93187  270 4378 8216.00000 7201.93187  12.3%  1132 13832s
 59436 42089 7202.52215  221 3882 8216.00000 7202.52215  12.3%  1132 13835s
 59441 42092 7202.83742  127 4178 8216.00000 7202.83742  12.3%  1132 13859s
 59442 42093 7203.26297  121 4034 8216.00000 7203.26297  12.3%  1132 13862s
 59444 42094 7224.07951  363 4165 8216.00000 7203.48855  12.3%  1132 13865s
 59449 42097 8009.74703  601 4278 8216.00000 7203.57729  12.3%  1132 13889s
 59450 42098 7450.56611  213 4193 8216.00000 7203.91953  12.3%  1132 13892s
 59452 42099 7562.49449  185 4180 8216.00000 7204.18726  12.3%  1132 13895s
 59456 42102 7296.80832  341 4246 8216.00000 7204.24620  12.3%  1131 13919s
 59457 42103 7204.49594  211 4214 8216.00000 7204.49594  12.3%  1131 13921s
 59460 42105 7204.72504   72 4294 8216.00000 7204.72504  12.3%  1131 13925s
 59462 42106 7892.57092  436 4186 8216.00000 7204.74105  12.3%  1131 13947s
 59465 42108 7234.69807  285 4403 8216.00000 7204.88382  12.3%  1131 13950s
 59467 42109 7876.79288  580 4356 8216.00000 7204.89002  12.3%  1131 13970s
 59472 42114 7205.05712   72  867 8216.00000 7205.05712  12.3%  1145 13979s
 59473 42115 7205.05712  136 1031 8216.00000 7205.05712  12.3%  1145 13980s
 59475 42116 7521.84133  503 1175 8216.00000 7205.05712  12.3%  1145 13986s
 59476 42117 7897.81765  563 1343 8216.00000 7205.05712  12.3%  1145 13991s
 59477 42118 7205.05712  252 1587 8216.00000 7205.05712  12.3%  1145 14001s
 59478 42118 7205.05712   72 1541 8216.00000 7205.05712  12.3%  1145 14011s
 59479 42119 7713.22978  494 1732 8216.00000 7205.05712  12.3%  1145 14023s
 59480 42120 7465.94079  464 1876 8216.00000 7205.05712  12.3%  1145 14036s
 59481 42120 7205.05712  254 2076 8216.00000 7205.05712  12.3%  1145 14049s
 59482 42121 7205.05712  109 2284 8216.00000 7205.05712  12.3%  1145 14062s
 59483 42122 7205.05712  154 2560 8216.00000 7205.05712  12.3%  1145 14079s
 59484 42122 7205.05712  132 2766 8216.00000 7205.05712  12.3%  1145 14094s
 59485 42123 7985.24201  587 2820 8216.00000 7205.05712  12.3%  1145 14108s
 59486 42124 7205.05712  111 2945 8216.00000 7205.05712  12.3%  1145 14123s
 59487 42124 7205.05712   74 2931 8216.00000 7205.05712  12.3%  1145 14135s
 59488 42125 7804.66431  491 3239 8216.00000 7205.05712  12.3%  1145 14151s
 59489 42126 7616.20314  246 3351 8216.00000 7205.05712  12.3%  1145 14162s
 59490 42126 7602.86955  495 3283 8216.00000 7205.05712  12.3%  1145 14170s
 59491 42127 7614.91550  548 3571 8216.00000 7205.05712  12.3%  1145 14179s
 59492 42128 7509.58389  473 3736 8216.00000 7205.05712  12.3%  1145 14186s
 59493 42128 7822.31123  298 3914 8216.00000 7205.05712  12.3%  1144 14193s
 59494 42129 7742.61882  492 4070 8216.00000 7205.05712  12.3%  1144 14198s
 59495 42130 7915.73827  611 4174 8216.00000 7205.05712  12.3%  1144 14200s
 59500 42133 7205.05712  129 4285 8216.00000 7205.05712  12.3%  1144 14207s
 59501 42134 7378.74488  187 4034 8216.00000 7205.93933  12.3%  1144 14212s
 59504 42136 7206.12203  229 3961 8216.00000 7206.12203  12.3%  1144 14215s
 59506 42137 7427.63201  330 3899 8216.00000 7206.13154  12.3%  1144 14238s
 59507 42138 7245.81124  441 3982 8216.00000 7206.65779  12.3%  1144 14242s
 59509 42139 8095.44233  343 3866 8216.00000 7206.86009  12.3%  1144 14245s
 59513 42142 7997.17907  688 3820 8216.00000 7206.89283  12.3%  1144 14269s
 59514 42142 7320.62776  439 3769 8216.00000 7207.53120  12.3%  1144 14272s
 59516 42144 7207.73257  373 3684 8216.00000 7207.73257  12.3%  1144 14275s
 59518 42145 8082.22320  634 3859 8216.00000 7207.74215  12.3%  1144 14298s
 59519 42146 8149.09904  287 3639 8216.00000 7208.41745  12.3%  1144 14301s
 59523 42148 7208.63843  291 3741 8216.00000 7208.63843  12.3%  1144 14326s
 59524 42149 7288.80976  136 3788 8216.00000 7209.24391  12.3%  1144 14332s
 59526 42150 7537.32605  343 3855 8216.00000 7209.45988  12.3%  1144 14335s
 59529 42152 7237.20078  230 3855 8216.00000 7209.47531  12.3%  1144 14359s
 59530 42153 7587.46626  407 3928 8216.00000 7210.40771  12.2%  1144 14363s
 59531 42154 7399.75071   94 3844 8216.00000 7210.65860  12.2%  1144 14365s
 59535 42156 7210.72597  270 3767 8216.00000 7210.72597  12.2%  1144 14391s
 59537 42158 7609.94611  502 3961 8216.00000 7211.16561  12.2%  1144 14395s
 59540 42160 7642.01111  207 3965 8216.00000 7211.21769  12.2%  1144 14419s
 59541 42160 7211.75921  127 3792 8216.00000 7211.75921  12.2%  1144 14423s
 59542 42161 7212.03900  121 3914 8216.00000 7212.03900  12.2%  1144 14425s
 59546 42164 7969.15808  572 3876 8216.00000 7212.12430  12.2%  1143 14451s
 59548 42165 7916.10719  472 3920 8216.00000 7212.49349  12.2%  1143 14455s
 59551 42167 7533.52583  481 4009 8216.00000 7212.53343  12.2%  1143 14482s
 59552 42168 7562.49449  185 3701 8216.00000 7212.87703  12.2%  1143 14485s
 59557 42171 7213.13469  211 3815 8216.00000 7213.13469  12.2%  1143 14490s
 59560 42173 7213.15118   72 3924 8216.00000 7213.15118  12.2%  1143 14514s
 59561 42174 7685.37147  267 4030 8216.00000 7213.70866  12.2%  1143 14522s
 59564 42176 7510.61018  510 4026 8216.00000 7213.93942  12.2%  1143 14525s
 59566 42177 7911.45429  751 4105 8216.00000 7213.95039  12.2%  1143 14549s
 59567 42178 7876.79288  580 3885 8216.00000 7214.48357  12.2%  1143 14553s
 59568 42178 7214.64966  132 3890 8216.00000 7214.64966  12.2%  1143 14555s
 59572 42181 7214.79598   72 3901 8216.00000 7214.79598  12.2%  1143 14582s
 59573 42182 7215.31783  136 3884 8216.00000 7215.31783  12.2%  1143 14587s
 59575 42183 7521.84133  503 3806 8216.00000 7215.57766  12.2%  1143 14590s
 59579 42186 7713.22978  494 3939 8216.00000 7215.65493  12.2%  1143 14616s
 59580 42186 7465.94079  464 3792 8216.00000 7216.86247  12.2%  1143 14621s
 59583 42188 7217.26215  154 3895 8216.00000 7217.26215  12.2%  1143 14625s
 59586 42190 7217.28879  111 3898 8216.00000 7217.28879  12.2%  1143 14650s
 59587 42191 7218.29891   74 3725 8216.00000 7218.29891  12.1%  1143 14655s
 59591 42194 7614.91550  548 3792 8216.00000 7218.66014  12.1%  1143 14660s
 59592 42194 7509.58389  473 3832 8216.00000 7218.66077  12.1%  1143 14685s
 59593 42195 7822.31123  298 3723 8216.00000 7219.45125  12.1%  1143 14690s
 59597 42198 7708.19077  240 3862 8216.00000 7219.59927  12.1%  1142 14715s
 59598 42198 7219.97690   78 3692 8216.00000 7219.97690  12.1%  1142 14722s
 59600 42200 7220.19914  129 3707 8216.00000 7220.19914  12.1%  1142 14725s
 59603 42202 8127.28992  623 3831 8216.00000 7220.22341  12.1%  1142 14747s
 59604 42202 7220.78515  229 3861 8216.00000 7220.78515  12.1%  1142 14751s
 59609 42206 8095.44233  343 3794 8216.00000 7220.93794  12.1%  1142 14775s
 59611 42207 7279.13066  119 3761 8216.00000 7221.66193  12.1%  1142 14781s
 59616 42210 7221.80940  373 3834 8216.00000 7221.80940  12.1%  1142 14804s
 59617 42211 8213.59057  396 3521 8216.00000 7222.33708  12.1%  1142 14808s
 59618 42212 8082.22320  634 3799 8216.00000 7222.50509  12.1%  1142 14810s
 59622 42214 8093.94943  164 3752 8216.00000 7222.56343  12.1%  1142 14833s
 59623 42215 7222.74532  291 3760 8216.00000 7222.74532  12.1%  1142 14836s
 59626 42217 7537.32605  343 3730 8216.00000 7222.80621  12.1%  1142 14859s
 59627 42218 7222.87295  219 3631 8216.00000 7222.87295  12.1%  1142 14860s
 59632 42221 7222.95484  294 3650 8216.00000 7222.95484  12.1%  1142 14884s
 59633 42222 7223.46250   49 3613 8216.00000 7223.46250  12.1%  1142 14998s
 59634 42222 7223.59713  120 3585 8216.00000 7223.59713  12.1%  1142 15020s
 59637 42224 7609.94611  502 3745 8216.00000 7223.63342  12.1%  1142 15042s
 59638 42225 7224.11665  220 3643 8216.00000 7224.11665  12.1%  1142 15045s
 59643 42228 7929.94244  544 3756 8216.00000 7224.31508  12.1%  1142 15071s
 59644 42229 7224.89890  363 3886 8216.00000 7224.89890  12.1%  1142 15075s
 59647 42231 7499.12042  314 4027 8216.00000 7225.45003  12.1%  1142 15080s
 59651 42234 7533.52583  481 3983 8216.00000 7225.48628  12.1%  1141 15104s
 59652 42234 7562.49449  185 3866 8216.00000 7226.45563  12.0%  1141 15108s
 59653 42235 7226.77058  123 4129 8216.00000 7226.77058  12.0%  1141 15110s
 59658 42238 7696.78975  422 4186 8216.00000 7226.94450  12.0%  1141 15134s
 59659 42239 8190.64078  942 4062 8216.00000 7227.00942  12.0%  1141 15135s
 59662 42241 7892.57092  436 4104 8216.00000 7227.07157  12.0%  1141 15158s
 59663 42242 7790.10037  589 3839 8216.00000 7227.23051  12.0%  1141 15160s
 59668 42245 7227.33440  132 4043 8216.00000 7227.33440  12.0%  1141 15186s
 59670 42246 7434.14443  391 3880 8216.00000 7227.91756  12.0%  1141 15191s
 59673 42248 7227.95452  136 3939 8216.00000 7227.95452  12.0%  1141 15215s
 59675 42250 7521.84133  503 3866 8216.00000 7228.71821  12.0%  1141 15221s
 59679 42252 7713.22978  494 3841 8216.00000 7228.84774  12.0%  1141 15248s
 59680 42253 7465.94079  464 3773 8216.00000 7229.34564  12.0%  1141 15250s
 59686 42257 7229.53999  111 4053 8216.00000 7229.53999  12.0%  1141 15278s
 59687 42258 7230.24487   74 3782 8216.00000 7230.24487  12.0%  1141 15281s
 59692 42261 7509.58389  473 3845 8216.00000 7230.37143  12.0%  1141 15304s
 59693 42262 7822.31123  298 3775 8216.00000 7230.81307  12.0%  1141 15307s
 59695 42263 7915.73827  611 3834 8216.00000 7231.05920  12.0%  1141 15310s
 59698 42265 7231.08438   78 4019 8216.00000 7231.08438  12.0%  1141 15331s
 59702 42268 7231.31997  278 3886 8216.00000 7231.31997  12.0%  1140 15335s
 59703 42268 8127.28992  623 3873 8216.00000 7231.32026  12.0%  1140 15355s
 59709 42272 8095.44233  343 3988 8216.00000 7231.71836  12.0%  1140 15381s
 59712 42274 7231.95340  165 3720 8216.00000 7231.95340  12.0%  1140 15385s
 59715 42276 7320.80975  368 3971 8216.00000 7231.96934  12.0%  1140 15406s
 59718 42278 8082.22320  634 3904 8216.00000 7232.34884  12.0%  1140 15410s
 59721 42280 7913.17991  574 4037 8216.00000 7232.40483  12.0%  1140 15433s
 59722 42281 8093.94943  164 4032 8216.00000 7232.65604  12.0%  1140 15435s
 59727 42284 7232.86237  219 4038 8216.00000 7232.86237  12.0%  1140 15460s
 59730 42286 7587.46626  407 4010 8216.00000 7233.55136  12.0%  1140 15465s
 59734 42289 7233.58436  120 4102 8216.00000 7233.58436  12.0%  1140 15488s
 59736 42290 7233.72386  221 3976 8216.00000 7233.72386  12.0%  1140 15490s
 59741 42294 7233.74430  127 3997 8216.00000 7233.74430  12.0%  1140 15512s
 59744 42296 7233.95702  363 4046 8216.00000 7233.95702  12.0%  1140 15515s
 59749 42299 8009.74703  601 4067 8216.00000 7234.01001  12.0%  1140 15538s
 59750 42300 7450.56611  213 4072 8216.00000 7234.34760  11.9%  1140 15540s
 59755 42303 7808.11872  502 4090 8216.00000 7234.50387  11.9%  1139 15564s
 59756 42304 7296.80832  341 3932 8216.00000 7234.74500  11.9%  1139 15566s
 59762 42308 7892.57092  436 3961 8216.00000 7234.93755  11.9%  1139 15590s
 59767 42311 7876.79288  580 3972 8216.00000 7235.11983  11.9%  1139 15615s
 59769 42312 8032.09699  609 3916 8216.00000 7235.13846  11.9%  1139 15637s
 59771 42314 7810.28154  521 3983 8216.00000 7235.37896  11.9%  1139 15640s
 59773 42315 7235.38574  136 4039 8216.00000 7235.38574  11.9%  1139 15662s
 59774 42316 7724.14164  431 3914 8216.00000 7235.92800  11.9%  1139 15665s
 59780 42320 7465.94079  464 4036 8216.00000 7236.17133  11.9%  1139 15691s
 59782 42321 7236.72187  109 4014 8216.00000 7236.72187  11.9%  1139 15696s
 59786 42324 7236.81471  111 4087 8216.00000 7236.81471  11.9%  1139 15719s
 59787 42324 7237.25231   74 3901 8216.00000 7237.25231  11.9%  1139 15721s
 59791 42327 7614.91550  548 4101 8216.00000 7237.44017  11.9%  1139 15725s
 59793 42328 7822.31123  298 4037 8216.00000 7237.44978  11.9%  1139 15745s
 59796 42330 7237.87465  255 3822 8216.00000 7237.87465  11.9%  1139 15750s
 59798 42332 7237.88720   78 3829 8216.00000 7237.88720  11.9%  1139 15770s
 59801 42334 7378.74488  187 3824 8216.00000 7238.54942  11.9%  1139 15775s
 59803 42335 8127.28992  623 3856 8216.00000 7238.55864  11.9%  1139 15795s
 59809 42339 8095.44233  343 3854 8216.00000 7238.70231  11.9%  1138 15818s
 59812 42341 7238.81996  165 3725 8216.00000 7238.81996  11.9%  1138 15820s
 59814 42342 7320.62776  439 3746 8216.00000 7238.82459  11.9%  1138 15843s
 59817 42344 8213.59057  396 3990 8216.00000 7238.94100  11.9%  1138 15845s
 59818 42345 8082.22320  634 4027 8216.00000 7238.94317  11.9%  1138 15866s
 59822 42348 8093.94943  164 3858 8216.00000 7239.26083  11.9%  1138 15892s
 59824 42349 7288.80976  136 3854 8216.00000 7239.54988  11.9%  1138 15895s
 59827 42351 7239.58036  219 3916 8216.00000 7239.58036  11.9%  1138 15916s
 59830 42353 7587.46626  407 3872 8216.00000 7240.00501  11.9%  1138 15920s
 59832 42354 7240.01278  294 3939 8216.00000 7240.01278  11.9%  1138 15941s
 59835 42356 7240.26295  270 3858 8216.00000 7240.26295  11.9%  1138 15945s
 59838 42358 7240.28685  220 4007 8216.00000 7240.28685  11.9%  1138 15968s
 59841 42360 7240.33798  127 3945 8216.00000 7240.33798  11.9%  1138 15990s
 59845 42363 7387.90444  253 3923 8216.00000 7240.55999  11.9%  1138 16015s
 59848 42365 7916.10719  472 3960 8216.00000 7240.58572  11.9%  1138 16037s
 59850 42366 7450.56611  213 3925 8216.00000 7240.59636  11.9%  1138 16059s
 59851 42367 7533.52583  481 3656 8216.00000 7240.87816  11.9%  1138 16061s
 59853 42368 7241.20902  123 3827 8216.00000 7241.20902  11.9%  1138 16065s
 59856 42370 7296.80832  341 3946 8216.00000 7241.25450  11.9%  1138 16086s
 59859 42372 8190.64078  942 3785 8216.00000 7241.59321  11.9%  1137 16090s
 59862 42374 7892.57092  436 3872 8216.00000 7241.61592  11.9%  1137 16114s
 59863 42375 7790.10037  589 3821 8216.00000 7241.85074  11.9%  1137 16116s
 59868 42378 7241.99231  132 3961 8216.00000 7241.99231  11.9%  1137 16140s
 59873 42382 7242.17899  136 3953 8216.00000 7242.17899  11.9%  1137 16165s
 59877 42384 7242.26505  252 3936 8216.00000 7242.26505  11.9%  1137 16187s
 59879 42386 7713.22978  494 3859 8216.00000 7242.44899  11.8%  1137 16190s
 59886 42390 7242.52372  111 3840 8216.00000 7242.52372  11.8%  1137 16216s
 59889 42392 7616.20314  246 3779 8216.00000 7242.55013  11.8%  1137 16240s
 59892 42394 7509.58389  473 3869 8216.00000 7242.59454  11.8%  1137 16262s
 59894 42396 7742.61882  492 3927 8216.00000 7242.75376  11.8%  1137 16265s
 59896 42397 7242.76885  255 3977 8216.00000 7242.76885  11.8%  1137 16287s
 59899 42399 7596.16616  272 3888 8216.00000 7242.88854  11.8%  1137 16290s
 59902 42401 7242.91192  278 3891 8216.00000 7242.91192  11.8%  1137 16311s
 59907 42404 7245.81124  441 3903 8216.00000 7243.01379  11.8%  1137 16334s
 59908 42405 7243.09101   50 3894 8216.00000 7243.09101  11.8%  1137 16336s
 59912 42408 7243.21586  165 4017 8216.00000 7243.21586  11.8%  1136 16358s
 59915 42410 7320.80975  368 3912 8216.00000 7243.27043  11.8%  1136 16360s
 59916 42410 7243.27206  373 3975 8216.00000 7243.27206  11.8%  1136 16381s
 59921 42414 7913.17991  574 3840 8216.00000 7243.56152  11.8%  1136 16406s
 59926 42417 7537.32605  343 3893 8216.00000 7243.73083  11.8%  1136 16410s
 59928 42418 7801.42712  476 3938 8216.00000 7243.73868  11.8%  1136 16430s
 59931 42420 7399.75071   94 3705 8216.00000 7244.24410  11.8%  1136 16435s
 59935 42423 7244.28322  270 3870 8216.00000 7244.28322  11.8%  1136 16457s
 59939 42426 7999.40188  421 3903 8216.00000 7244.39161  11.8%  1136 16480s
 59942 42428 7244.43491  121 3878 8216.00000 7244.43491  11.8%  1136 16505s
 59947 42431 7499.12042  314 3952 8216.00000 7244.60466  11.8%  1136 16529s
 59948 42432 7916.10719  472 3825 8216.00000 7244.64741  11.8%  1136 16530s
 59952 42434 7562.49449  185 3929 8216.00000 7244.68474  11.8%  1136 16555s
 59956 42437 7296.80832  341 3920 8216.00000 7244.73993  11.8%  1136 16577s
 59959 42439 8190.64078  942 3968 8216.00000 7244.77047  11.8%  1136 16598s
 59960 42440 7244.85307   72 3868 8216.00000 7244.85307  11.8%  1136 16600s
 59963 42442 7790.10037  589 3818 8216.00000 7244.89617  11.8%  1136 16620s
 59969 42446 8032.09699  609 3887 8216.00000 7244.99518  11.8%  1135 16643s
 59970 42446 7434.14443  391 3794 8216.00000 7245.21725  11.8%  1135 16645s
 59974 42449 7724.14164  431 3921 8216.00000 7245.29362  11.8%  1135 16669s
 59975 42450 7521.84133  503 3772 8216.00000 7245.93505  11.8%  1135 16672s
 59977 42451 7246.42791  252 3900 8216.00000 7246.42791  11.8%  1135 16675s
 59979 42452 7713.22978  494 3913 8216.00000 7246.44844  11.8%  1135 16698s
 59981 42454 7246.59762  254 3865 8216.00000 7246.59762  11.8%  1135 16700s
 59986 42457 7246.64616  111 3864 8216.00000 7246.64616  11.8%  1135 16722s
 59988 42458 7804.66431  491 3578 8216.00000 7246.88410  11.8%  1135 16725s
 59990 42460 7602.86955  495 3772 8216.00000 7246.90130  11.8%  1135 16746s
 59994 42462 7742.61882  492 3740 8216.00000 7247.16539  11.8%  1135 16768s
 59995 42463 7915.73827  611 3682 8216.00000 7248.02710  11.8%  1135 16772s
 59996 42464 7248.54205  255 3736 8216.00000 7248.54205  11.8%  1135 16775s
 60002 42468 7248.73522  278 3990 8216.00000 7248.73522  11.8%  1135 16799s
 60003 42468 8127.28992  623 3958 8216.00000 7249.04406  11.8%  1135 16802s
 60007 42471 7249.19178  441 3950 8216.00000 7249.19178  11.8%  1135 16826s
 60013 42475 7997.17907  688 3958 8216.00000 7249.29155  11.8%  1135 16852s
 60016 42477 7249.65245  373 3973 8216.00000 7249.65245  11.8%  1135 16856s
 60018 42478 8082.22320  634 3845 8216.00000 7249.66837  11.8%  1134 16877s
 60020 42480 7699.98069  489 3898 8216.00000 7249.93289  11.8%  1134 16881s
 60024 42482 7288.80976  136 3997 8216.00000 7249.96424  11.8%  1134 16901s
 60026 42484 7537.32605  343 3740 8216.00000 7250.51628  11.8%  1134 16905s
 60029 42486 7250.55352  230 3829 8216.00000 7250.55352  11.8%  1134 16927s
 60030 42486 7587.46626  407 3741 8216.00000 7250.98791  11.7%  1134 16930s
 60035 42490 7251.09157  270 3719 8216.00000 7251.09157  11.7%  1134 16952s
 60037 42491 7609.94611  502 3733 8216.00000 7251.19074  11.7%  1134 17047s
 60038 42495 7251.85255   61 3914 8216.00000 7251.19178  11.7%  1143 17078s
 60040 42498 7252.34998   62 3789 8216.00000 7251.88090  11.7%  1143 17110s
 60044 42505 7252.42115   63 3698 8216.00000 7252.35065  11.7%  1143 17135s
 60052 42518 7253.14567   64 3857 8216.00000 7252.43151  11.7%  1144 17176s
 60068 42529 7302.93487   65 3669 8216.00000 7253.14576  11.7%  1146 17251s
 60084 42555 7307.95581   66 3493 8216.00000 7253.14576  11.7%  1149 17313s
 60116 42703 7317.86283   67 3445 8216.00000 7253.14576  11.7%  1151 17364s
 60274 42688 7319.08149   72 3244 8216.00000 7253.14576  11.7%  1154 17386s
 60312 42783 7319.54221   73 3071 8216.00000 7253.14576  11.7%  1154 17408s
 60420 42779 7323.03091   78 3192 8216.00000 7253.14576  11.7%  1155 17421s
 60452 42804 7322.05096   78 3115 8216.00000 7253.14576  11.7%  1155 17439s
 60487 42823 7321.61806   79 3085 8216.00000 7253.14576  11.7%  1156 17454s
 60518 42856 7322.28106   79 3072 8216.00000 7253.14576  11.7%  1156 17479s
 60561 42873 7322.46154   80 3116 8216.00000 7253.14576  11.7%  1156 17495s
 60593 42919 7323.01236   81 3047 8216.00000 7253.14576  11.7%  1157 17513s
 60649 42932 7323.49119   83 2978 8216.00000 7253.14576  11.7%  1157 17525s
 60681 42952 7324.42490   84 3012 8216.00000 7253.14576  11.7%  1157 17542s
 60712 42974 7337.38267   85 2890 8216.00000 7253.14576  11.7%  1158 17555s
 60744 42995 7327.31587   83 2905 8216.00000 7253.14576  11.7%  1158 17575s
 60776 43019 7328.35501   85 2990 8216.00000 7253.14576  11.7%  1159 17587s
 60810 43039 7332.45496   84 3013 8216.00000 7253.14576  11.7%  1159 17607s
 60842 43062 7332.39859   84 2962 8216.00000 7253.14576  11.7%  1159 17619s
 60875 43095 7346.29359   84 2797 8216.00000 7253.14576  11.7%  1160 17638s
 60919 43142 7329.06024   86 2909 8216.00000 7253.14576  11.7%  1161 17658s
 60981 43203 7328.91098   86 2944 8216.00000 7253.14576  11.7%  1161 17674s
 61063 43291 7329.40362   87 3043 8216.00000 7253.14576  11.7%  1161 17695s
 61178 43388 7329.42812   87 2880 8216.00000 7253.14576  11.7%  1162 17713s
 61313 43382 7339.94382   86 3007 8216.00000 7253.14576  11.7%  1162 17731s
 61352 43510 7335.01217   88 2950 8216.00000 7253.14576  11.7%  1162 17753s
 61493 43625 7335.34246   87 2997 8216.00000 7253.14576  11.7%  1162 17774s
 61655 43730 7339.19964   88 2982 8216.00000 7253.14576  11.7%  1163 17795s
 61814 43708 7335.77658   87 2948 8216.00000 7253.14576  11.7%  1164 17919s
 61845 43826 7329.87916   88 3105 8216.00000 7253.14576  11.7%  1164 17958s
 61974 43815 7335.64010   89 3028 8216.00000 7253.14576  11.7%  1164 17972s
 62006 43907 7335.82453   88 3050 8216.00000 7253.14576  11.7%  1164 17994s
 62108 44046 7339.90194   89 2945 8216.00000 7253.14576  11.7%  1165 18018s
 62281 44158 7356.71965   89 2896 8216.00000 7253.14576  11.7%  1165 18043s
 62451 44249 7346.00186   90 2883 8216.00000 7253.14576  11.7%  1167 18068s
 62599 44420 7345.12477   91 3087 8216.00000 7253.14576  11.7%  1167 18097s
 62819 44605 7348.81704   94 3020 8216.00000 7253.14576  11.7%  1168 18126s
 63077 44835 7349.85557   96 2863 8216.00000 7253.14576  11.7%  1168 18157s
 63393 45000 7357.73462  104 3118 8216.00000 7253.14576  11.7%  1168 18182s
 63666 44940 7361.40683  106 2849 8216.00000 7253.14576  11.7%  1167 18201s
 63699 45041 7357.81699  105 3102 8216.00000 7253.14576  11.7%  1167 18226s
 63811 45244 7360.05911  108 2945 8216.00000 7253.14576  11.7%  1168 18253s
 64051 45444 7362.36047  112 2616 8216.00000 7253.14576  11.7%  1168 18283s
 64331 45618 7368.45225  121 2966 8216.00000 7253.14576  11.7%  1168 18311s
 64604 45922 7372.42299  126 2761 8216.00000 7253.14576  11.7%  1169 18350s
 65021 46273 7372.47980  127 2794 8216.00000 7253.14576  11.7%  1168 18394s
 65533 46568 7379.71494  137 3038 8216.00000 7253.14576  11.7%  1166 18429s
 66037 46803 7401.45423  137 2887 8216.00000 7253.54385  11.7%  1164 18475s
 66493 46702 7400.44232  135 2923 8216.00000 7253.54385  11.7%  1163 18515s
 66560 46710 7384.07912  138 3101 8216.00000 7253.54385  11.7%  1165 18543s
 66592 46739 7381.17241  137 2770 8216.00000 7253.54385  11.7%  1165 18593s
 66636 46861 7383.54877  139 2883 8216.00000 7253.69423  11.7%  1166 18633s
 66773 46847 7386.27820  141 2997 8216.00000 7253.69423  11.7%  1166 18659s
 66805 46931 7386.33256  142 2935 8216.00000 7253.69423  11.7%  1166 18688s
 66900 47241 7388.69348  146 3067 8216.00000 7253.69423  11.7%  1166 18727s
 67257 47513 7391.42572  155 3011 8216.00000 7253.69423  11.7%  1166 18777s
 67687 47401 7397.20026  161 2850 8216.00000 7253.69423  11.7%  1166 18811s
 67720 47422 7397.33674  162 2864 8216.00000 7253.69423  11.7%  1167 18842s
 67752 47468 7399.63748  163 2813 8216.00000 7253.69423  11.7%  1167 18872s
 67809 47701 7398.72639  163 2907 8216.00000 7253.69423  11.7%  1167 18917s
 68082 48013 7399.89605  164 2933 8216.00000 7253.69423  11.7%  1166 18966s
 68534 48352 7406.09358  172 2836 8216.00000 7253.69423  11.7%  1166 19023s
 69060 48640 7403.87413  173 2693 8216.00000 7253.69423  11.7%  1167 19080s
 69561 48980 7405.07405  174 2765 8216.00000 7253.69423  11.7%  1168 19146s
 70086 49395 7409.53538  177 2865 8216.00000 7253.69423  11.7%  1169 19206s
 70695 49789 7416.29494  182 2755 8216.00000 7253.69423  11.7%  1169 19272s
 71369 50041 7421.42208  187 2763 8216.00000 7253.70968  11.7%  1169 19345s
 71867 50448 7438.85910  198 2892 8216.00000 7253.70968  11.7%  1171 19412s
 72453 50794 7431.68989  202 2732 8216.00000 7253.70968  11.7%  1173 19510s
 73041 51133 7468.21658  207 2794 8216.00000 7253.70968  11.7%  1175 19585s
 73665 51388 7435.12470  210 2820 8216.00000 7253.70968  11.7%  1177 19665s
 74142 51743 7438.76136  223 2748 8216.00000 7253.70968  11.7%  1181 19746s
 74656 52257 7470.21090  233 2914 8216.00000 7253.70968  11.7%  1183 19825s
 75344 52813 7492.48083  234 2685 8216.00000 7253.70968  11.7%  1185 19913s
 76188 53215 7529.70793  236 2741 8216.00000 7253.70968  11.7%  1185 20015s
 76907 53204 7782.81415  237 2834 8216.00000 7253.70968  11.7%  1188 20088s
 77137 53159 7502.45735  237 2705 8216.00000 7253.70968  11.7%  1189 20150s
 77169 53433 7512.65669  239 2807 8216.00000 7253.70968  11.7%  1189 20237s
 77468 53823 7519.43554  239 2682 8216.00000 7253.70968  11.7%  1190 20328s
 78020 54256 7561.33874  242 2550 8216.00000 7253.70968  11.7%  1193 20429s
 78659 54785 7526.52218  249 2363 8216.00000 7253.70968  11.7%  1195 20537s
 79418 55376 7534.95135  249 2697 8216.00000 7253.70968  11.7%  1200 20651s
 80283 55920 7539.40013  254 2737 8216.00000 7253.70968  11.7%  1202 20770s
 81199 56364 7557.30657  260 2563 8216.00000 7253.74469  11.7%  1205 20893s
 82026 56987 7563.43691  272 2756 8216.00000 7253.74469  11.7%  1209 21029s
 82988 57509 7579.92682  285 2580 8216.00000 7253.74469  11.7%  1213 21157s
 83868 58229 7591.92990  302 2550 8216.00000 7253.74469  11.7%  1219 21297s
 84934 58866 7650.24989  324 2618 8216.00000 7253.74469  11.7%  1224 21448s
 86074 58993 7626.31548  346 2535 8216.00000 7253.74469  11.7%  1228 21590s
 86619 59770 7629.66090  349 2660 8216.00000 7253.74469  11.7%  1235 21734s
 87578 59779 7651.60560  378 2456 8216.00000 7253.74469  11.7%  1243 21864s
 87906 60670 7656.34311  379 2472 8216.00000 7253.74469  11.7%  1246 22033s
 88917 61489 7670.57665  391 2308 8216.00000 7253.74469  11.7%  1250 22223s
 90123 62628 7740.59995  398 2157 8216.00000 7253.74469  11.7%  1258 22421s
 91707 62900 7794.34964  427 2188 8216.00000 7253.74469  11.7%  1266 22690s
 92521 64854 7787.40759  444 2067 8216.00000 7253.74469  11.7%  1269 22923s
 94851 65701 7869.20427  483 2100 8216.00000 7253.87826  11.7%  1270 23125s
 96626 66690 7902.18171  501 2143 8216.00000 7253.87826  11.7%  1271 23386s
 98249 66781 8013.61797  523 2153 8216.00000 7253.87826  11.7%  1277 23568s
 98948 68278 8009.22582  534 2097 8216.00000 7253.87826  11.7%  1278 23804s
 100828 69066 8095.78079  558 2069 8216.00000 7253.87826  11.7%  1285 24025s
 102334 70378 7459.91835  104 2994 8216.00000 7253.87826  11.7%  1293 24252s
 104254 71410 7673.59681  162 2314 8216.00000 7253.98101  11.7%  1301 24474s
 106007 73050 8097.92199  244 1503 8216.00000 7253.98101  11.7%  1306 24727s
 108320 73331 7381.55385   90 3476 8216.00000 7255.27778  11.7%  1310 24951s
 109383 75695 7428.15096  116 3163 8216.00000 7255.27778  11.7%  1313 25215s
 112278 76755 7570.83310  170 2882 8216.00000 7255.27778  11.7%  1314 25474s
 114392 78758 7638.72453  258 2882 8216.00000 7255.27778  11.7%  1318 25769s
 117235 80378 7778.39771  377 2894 8216.00000 7255.27778  11.7%  1319 26090s
 119963 81181 7857.27130  551 2167 8216.00000 7255.27778  11.7%  1323 26369s
 121787 82263 7955.89625  679 1886 8216.00000 7255.33342  11.7%  1322 26654s
 123610 83963 8009.77180  794 1575 8216.00000 7255.33342  11.7%  1321 27054s
 126103 85469 7281.99278  101 3489 8216.00000 7255.33342  11.7%  1324 27421s
H126457 83215                    8215.0000000 7255.33342  11.7%  1325 27421s
 128485 86031 7479.50795  141 3098 8215.00000 7255.33342  11.7%  1332 27856s
 132355 86436 8163.05646  232 2110 8215.00000 7256.06759  11.7%  1338 28223s
 134098 89391 7339.57039   92 3479 8215.00000 7256.06759  11.7%  1348 28648s
 137822 90157 7362.96127  134 3527 8215.00000 7256.06759  11.7%  1363 29037s
 140104 92838 7370.35088  150 3272 8215.00000 7256.06759  11.7%  1368 29521s
 143995 94099 7408.23610  195 3125 8215.00000 7256.06759  11.7%  1382 29933s
 146617 97413 7457.38780  217 3293 8215.00000 7256.06759  11.7%  1391 30375s
 150983 99657 7515.01416  266 2619 8215.00000 7261.92150  11.6%  1398 30713s
 154794 102853 7548.86858  317 2789 8215.00000 7261.92150  11.6%  1398 31031s
 159421 104012 7603.65523  345 2653 8215.00000 7261.92150  11.6%  1390 31311s
 162346 105821 7645.52428  353 2650 8215.00000 7261.92150  11.6%  1391 31593s
 165276 107175 7777.34666  375 2487 8215.00000 7261.92150  11.6%  1394 31885s
 167764 108671 7778.13277  387 2657 8215.00000 7261.92150  11.6%  1399 32204s
 170127 111247 7914.60571  413 2456 8215.00000 7261.92150  11.6%  1401 32538s
 173702 113052 7995.47740  473 2424 8215.00000 7261.92150  11.6%  1401 32897s
 176974 115703 7329.38926  109 3371 8215.00000 7261.92150  11.6%  1402 33338s
 180835 117725 7558.68775  200 2481 8215.00000 7261.92150  11.6%  1406 33680s
 184222 120733 7724.44332  336 1933 8215.00000 7261.92150  11.6%  1406 34039s
 187495 123577 7327.38766   94 3543 8215.00000 7261.92150  11.6%  1408 34388s
 190575 126421 7300.11729   86 3547 8215.00000 7261.92150  11.6%  1413 34742s
 193521 129743 7362.24612  123 3123 8215.00000 7261.92150  11.6%  1418 35116s
 196956 133872 7417.66738  175 2577 8215.00000 7261.92150  11.6%  1420 35508s
 201194 136359 7491.89338  241 2598 8215.00000 7261.92150  11.6%  1420 35841s
 203793 139394 7548.94380  297 2040 8215.00000 7261.92150  11.6%  1427 36188s
 206960 142635 7611.62329  366 1741 8215.00000 7261.92150  11.6%  1431 36603s
 210295 145299 7747.61341  506 1467 8215.00000 7261.92150  11.6%  1438 36994s
 213107 148938 7753.41213  659 1335 8215.00000 7261.92150  11.6%  1443 37422s
 216924 152270 7965.00237  787 1179 8215.00000 7261.92150  11.6%  1448 37812s
 220344 156087 7996.67524  856  990 8215.00000 7261.92150  11.6%  1449 38201s
 224308 158672 7387.84281  133 3445 8215.00000 7261.92150  11.6%  1451 38609s
 227053 161452 7441.42140  154 3339 8215.00000 7261.92150  11.6%  1451 38985s
 229950 164305 7519.64642  221 2772 8215.00000 7261.92150  11.6%  1453 39370s
 232991 167836 7626.71696  303 2929 8215.00000 7261.92150  11.6%  1457 39793s
 236719 171619 7749.04255  446 3124 8215.00000 7261.92150  11.6%  1459 40173s
 240624 174102 8051.92784  606 2784 8215.00000 7261.92150  11.6%  1459 40510s
 243447 175181 7397.85214  106 3320 8215.00000 7261.92150  11.6%  1463 40816s
 244538 178037 7424.82183  120 3306 8215.00000 7261.92150  11.6%  1466 41253s
 247567 180910 7479.93709  154 2496 8215.00000 7261.92150  11.6%  1474 41672s
 250631 183267 7556.01874  240 2553 8215.00000 7268.58089  11.5%  1481 42118s
 253067 186917 7588.35961  296 2536 8215.00000 7268.58089  11.5%  1485 42589s
 256872 190544 7658.47366  380 2320 8215.00000 7268.58089  11.5%  1490 43031s
 260569 194335 7718.54015  475 2221 8215.00000 7268.58089  11.5%  1495 43472s
 264497 196186 7769.56224  577 1842 8215.00000 7268.58089  11.5%  1498 43822s
 266400 198727 7809.23290  588 1585 8215.00000 7268.58089  11.5%  1500 44181s
 269065 203468 7917.45134  648 1631 8215.00000 7268.58089  11.5%  1500 44678s
 274052 206692 7912.80335  709 1660 8215.00000 7268.58089  11.5%  1500 45096s
 277631 210361 8049.88545  774 1391 8215.00000 7268.58089  11.5%  1502 45466s
 281572 213912 7291.98799   87 3566 8215.00000 7268.58089  11.5%  1501 45826s
 285392 215234 7931.72850  151 2971 8215.00000 7268.58089  11.5%  1500 46117s
 286874 218383 8052.92656  175 2019 8215.00000 7268.58089  11.5%  1499 46491s
 290318 220868 7309.67258  103 3554 8215.00000 7268.58089  11.5%  1500 46897s
 292920 223696 7368.67800  167 3256 8215.00000 7268.58089  11.5%  1503 47292s
 295748 226287 7438.54676  237 3159 8215.00000 7268.58089  11.5%  1504 47693s
 298405 231284 7505.85109  305 2840 8215.00000 7268.58089  11.5%  1504 48192s
 303534 233787 7668.79805  507 2754 8215.00000 7268.58089  11.5%  1501 48524s
 306137 237390 7815.11288  620 2341 8215.00000 7268.58089  11.5%  1501 48918s
 310013 239959 7388.65337  141 3258 8215.00000 7268.58089  11.5%  1501 49333s
 312739 243406 7444.92526  196 3169 8215.00000 7268.58089  11.5%  1501 49760s
 316291 246538 7510.89817  278 3156 8215.00000 7268.58089  11.5%  1498 50149s
 319549 250255 7662.75077  317 3000 8215.00000 7268.58089  11.5%  1498 50537s
 323500 253139 7796.35266  403 3111 8215.00000 7268.58089  11.5%  1497 50922s
 326722 253171 7878.01560  507 3001 8215.00000 7268.58089  11.5%  1497 51374s
/var/spool/slurm/d/job5322922/slurm_script: line 99: 1405825 Killed                  "$ENV_PY" -m src.experiments.run_single_instance --project-root "$PROJECT_ROOT" --output-root "$OUTPUT_ROOT" --instance "$INSTANCE" --event-type "$EVENT_TYPE" --gurobi-output "$GUROBI_OUTPUT" "${EXTRA_ARGS[@]}"
[Wed Dec 17 11:03:49 PST 2025] Finished run_single_instance for rc101_Random1
[2025-12-17T11:03:49.234] error: Detected 1 oom_kill event in StepId=5322922.batch. Some of the step tasks have been OOM Killed.
