==========================================
SLURM_JOB_ID = 5322916
SLURM_JOB_NODELIST = b22-11
TMPDIR = /tmp/SLURM_5322916
==========================================
Using Python:
Python 3.10.18
Checking core dependencies:
numpy: 2.2.6
gurobi: (12, 0, 3)
[Tue Dec 16 17:21:11 PST 2025] Starting run_single_instance on b22-11.hpc.usc.edu for r101_Skewed2
Set parameter TokenServer to value "hpc-licenses.hpcc.usc.edu"
Set parameter TimeLimit to value 86400
Set parameter Seed to value 42
Set parameter OutputFlag to value 1
Gurobi Optimizer version 12.0.3 build v12.0.3rc0 (linux64 - "Rocky Linux 8.10 (Green Obsidian)")

CPU model: AMD EPYC 7542 32-Core Processor, instruction set [SSE2|AVX|AVX2]
Thread count: 64 physical cores, 128 logical processors, using up to 32 threads

Non-default parameters:
TimeLimit  86400
Seed  42

Optimize a model with 703650 rows, 728000 columns and 7279600 nonzeros
Model fingerprint: 0xf8765295
Variable types: 0 continuous, 728000 integer (727500 binary)
Coefficient statistics:
  Matrix range     [1e+00, 1e+03]
  Objective range  [1e+00, 9e+01]
  Bounds range     [1e+00, 5e+01]
  RHS range        [1e+00, 1e+03]
Presolve removed 677300 rows and 697653 columns
Presolve time: 1.80s
Presolved: 26350 rows, 30347 columns, 226550 nonzeros
Variable types: 0 continuous, 30347 integer (30300 binary)
Performing another presolve...
Presolve removed 550 rows and 150 columns
Presolve time: 0.41s
Deterministic concurrent LP optimizer: primal and dual simplex
Showing primal log only...


Root simplex log...

Iteration    Objective       Primal Inf.    Dual Inf.      Time
   16422    9.0596188e+03   0.000000e+00   9.767084e+05      5s
Concurrent spin time: 0.23s

Solved with dual simplex

Root simplex log...

Iteration    Objective       Primal Inf.    Dual Inf.      Time
   16322    4.1356111e+03   0.000000e+00   0.000000e+00      7s

Root relaxation: objective 4.135611e+03, 16322 iterations, 3.17 seconds (3.55 work units)
Total elapsed time = 7.08s (DegenMoves)

    Nodes    |    Current Node    |     Objective Bounds      |     Work
 Expl Unexpl |  Obj  Depth IntInf | Incumbent    BestBd   Gap | It/Node Time

     0     0 4135.61107    0  884          - 4135.61107      -     -    7s
     0     0 4169.98263    0  986          - 4169.98263      -     -   10s
     0     0 4175.22550    0 1016          - 4175.22550      -     -   11s
     0     0 4175.22550    0 1009          - 4175.22550      -     -   11s
     0     0 4201.40174    0 1029          - 4201.40174      -     -   14s
     0     0 4204.57395    0 1035          - 4204.57395      -     -   14s
     0     0 4205.07945    0 1049          - 4205.07945      -     -   15s
     0     0 4205.10023    0 1061          - 4205.10023      -     -   15s
     0     0 4205.10023    0 1064          - 4205.10023      -     -   15s
     0     0 4230.40063    0 1158          - 4230.40063      -     -   19s
     0     0 4233.30040    0 1093          - 4233.30040      -     -   20s
     0     0 4233.38977    0 1119          - 4233.38977      -     -   20s
     0     0 4233.40380    0 1101          - 4233.40380      -     -   21s
     0     0 4249.42232    0 1193          - 4249.42232      -     -   25s
     0     0 4250.38349    0 1203          - 4250.38349      -     -   26s
     0     0 4250.50515    0 1221          - 4250.50515      -     -   26s
     0     0 4250.52449    0 1215          - 4250.52449      -     -   27s
     0     0 4273.52472    0 1158          - 4273.52472      -     -   30s
     0     0 4273.97649    0 1184          - 4273.97649      -     -   31s
     0     0 4274.29453    0 1270          - 4274.29453      -     -   31s
     0     0 4274.31216    0 1290          - 4274.31216      -     -   31s
     0     0 4297.70055    0 1143          - 4297.70055      -     -   34s
     0     0 4299.50232    0 1373          - 4299.50232      -     -   35s
     0     0 4299.82124    0 1271          - 4299.82124      -     -   36s
     0     0 4299.89734    0 1309          - 4299.89734      -     -   36s
     0     0 4299.92235    0 1327          - 4299.92235      -     -   37s
     0     0 4329.16598    0 1270          - 4329.16598      -     -   40s
     0     0 4331.11189    0 1315          - 4331.11189      -     -   42s
     0     0 4331.16815    0 1356          - 4331.16815      -     -   42s
     0     0 4331.21699    0 1318          - 4331.21699      -     -   42s
     0     0 4331.23615    0 1374          - 4331.23615      -     -   42s
     0     0 4361.00495    0 1301          - 4361.00495      -     -   48s
     0     0 4363.07356    0 1417          - 4363.07356      -     -   49s
     0     0 4363.62934    0 1365          - 4363.62934      -     -   50s
     0     0 4363.68638    0 1392          - 4363.68638      -     -   50s
     0     0 4363.68818    0 1409          - 4363.68818      -     -   50s
     0     0 4388.96637    0 1328          - 4388.96637      -     -   54s
     0     0 4390.65683    0 1261          - 4390.65683      -     -   55s
     0     0 4390.77368    0 1251          - 4390.77368      -     -   56s
     0     0 4390.78291    0 1254          - 4390.78291      -     -   56s
     0     0 4409.40411    0 1339          - 4409.40411      -     -   60s
     0     0 4410.54654    0 1409          - 4410.54654      -     -   61s
     0     0 4410.69046    0 1414          - 4410.69046      -     -   62s
     0     0 4410.70527    0 1467          - 4410.70527      -     -   62s
     0     0 4433.38556    0 1474          - 4433.38556      -     -   66s
     0     0 4436.30903    0 1507          - 4436.30903      -     -   68s
     0     0 4436.68653    0 1533          - 4436.68653      -     -   68s
     0     0 4436.81157    0 1531          - 4436.81157      -     -   69s
     0     0 4436.82394    0 1520          - 4436.82394      -     -   69s
     0     0 4455.03356    0 1466          - 4455.03356      -     -   72s
     0     0 4456.32304    0 1515          - 4456.32304      -     -   73s
     0     0 4456.46476    0 1537          - 4456.46476      -     -   74s
     0     0 4456.49746    0 1563          - 4456.49746      -     -   74s
     0     0 4469.03147    0 1468          - 4469.03147      -     -   77s
     0     0 4471.21769    0 1511          - 4471.21769      -     -   79s
     0     0 4471.39166    0 1487          - 4471.39166      -     -   80s
     0     0 4471.47997    0 1494          - 4471.47997      -     -   80s
     0     0 4471.48761    0 1505          - 4471.48761      -     -   80s
     0     0 4482.40039    0 1565          - 4482.40039      -     -   83s
     0     0 4483.55949    0 1680          - 4483.55949      -     -   84s
     0     0 4483.91995    0 1642          - 4483.91995      -     -   85s
     0     0 4483.97080    0 1612          - 4483.97080      -     -   85s
     0     0 4495.74777    0 1617          - 4495.74777      -     -   88s
     0     0 4496.22775    0 1518          - 4496.22775      -     -   89s
     0     0 4496.30486    0 1588          - 4496.30486      -     -   89s
     0     0 4502.57242    0 1490          - 4502.57242      -     -   92s
     0     0 4503.51609    0 1645          - 4503.51609      -     -   93s
     0     0 4504.09112    0 1651          - 4504.09112      -     -   94s
     0     0 4504.20528    0 1717          - 4504.20528      -     -   95s
     0     0 4504.21305    0 1726          - 4504.21305      -     -   95s
     0     0 4516.19708    0 1606          - 4516.19708      -     -   98s
     0     0 4516.98359    0 1544          - 4516.98359      -     -   99s
     0     0 4517.08480    0 1572          - 4517.08480      -     -  100s
     0     0 4522.95542    0 1546          - 4522.95542      -     -  103s
     0     0 4523.48225    0 1539          - 4523.48225      -     -  104s
     0     0 4523.61664    0 1555          - 4523.61664      -     -  104s
     0     0 4523.62928    0 1573          - 4523.62928      -     -  105s
     0     0 4534.81429    0 1549          - 4534.81429      -     -  107s
     0     0 4535.24283    0 1569          - 4535.24283      -     -  108s
     0     0 4535.39644    0 1562          - 4535.39644      -     -  108s
     0     0 4535.40505    0 1581          - 4535.40505      -     -  108s
     0     0 4547.13516    0 1544          - 4547.13516      -     -  111s
     0     0 4547.69394    0 1538          - 4547.69394      -     -  112s
     0     0 4548.88034    0 1589          - 4548.88034      -     -  113s
     0     0 4548.89097    0 1552          - 4548.89097      -     -  113s
     0     0 4556.28413    0 1681          - 4556.28413      -     -  116s
     0     0 4556.90447    0 1703          - 4556.90447      -     -  117s
     0     0 4556.97903    0 1714          - 4556.97903      -     -  117s
     0     0 4558.52221    0 1730          - 4558.52221      -     -  119s
     0     0 4558.96118    0 1693          - 4558.96118      -     -  120s
     0     0 4558.98525    0 1759          - 4558.98525      -     -  121s
     0     0 4562.35870    0 1831          - 4562.35870      -     -  123s
     0     0 4564.19251    0 1846          - 4564.19251      -     -  124s
     0     0 4564.46770    0 1860          - 4564.46770      -     -  125s
     0     0 4564.50592    0 1925          - 4564.50592      -     -  126s
     0     0 4571.49777    0 1761          - 4571.49777      -     -  127s
     0     0 4571.85839    0 1853          - 4571.85839      -     -  129s
     0     0 4571.89477    0 1879          - 4571.89477      -     -  129s
     0     0 4572.99839    0 1866          - 4572.99839      -     -  130s
     0     0 4573.37437    0 1908          - 4573.37437      -     -  130s
     0     0 4573.85426    0 1850          - 4573.85426      -     -  132s
     0     0 4574.03903    0 1895          - 4574.03903      -     -  132s
     0     0 4574.07040    0 1950          - 4574.07040      -     -  133s
     0     0 4574.87296    0 1874          - 4574.87296      -     -  134s
     0     0 4574.87309    0 1869          - 4574.87309      -     -  134s
     0     2 4574.87512    0 1869          - 4574.87512      -     -  139s
     1     5 4574.90019    1 1857          - 4574.87512      -   510  143s
     3     8 4575.65667    2 1851          - 4575.13491      -  1860  145s
     7    16 4576.77717    3 1815          - 4575.67476      -  1328  154s
    15    32 4577.03267    4 1783          - 4576.78105      -  1952  159s
    31    64 4577.82962    5 1768          - 4577.60039      -  2194  174s
    63    94 4578.61405    6 1703          - 4578.14956      -  2956  184s
    93   158 4578.61525    7 1723          - 4578.14956      -  3913  217s
   157   304 4579.57692    9 1658          - 4578.14956      -  2752  226s
   303   386 4583.15236   11 1743          - 4578.14956      -  1866  231s
   387   450 4585.60592   13 1710          - 4578.14956      -  1757  238s
   451   528 4586.75363   16 1734          - 4578.14956      -  1812  247s
   529   598 4592.69852   19 1677          - 4578.14956      -  1734  254s
   599   672 4594.08516   21 1619          - 4578.14956      -  1771  261s
   673   740 4595.62033   23 1599          - 4578.14956      -  1712  269s
   751   811 4600.80624   25 1636          - 4578.14956      -  1633  279s
   830   870 4596.52616   25 1609          - 4578.14956      -  1589  288s
   895   932 4616.41899   26 1624          - 4578.14956      -  1609  294s
   961  1009 4616.55193   27 1594          - 4578.14956      -  1619  301s
  1046  1087 4617.90468   33 1578          - 4578.14956      -  1591  306s
  1124  1158 4620.28820   37 1533          - 4578.14956      -  1582  317s
  1201  1243 4621.58428   39 1547          - 4578.14956      -  1557  326s
  1294  1363 4621.84963   40 1572          - 4578.14956      -  1555  333s
  1426  1480 4623.08769   44 1599          - 4578.14956      -  1484  339s
  1543  1576 4624.14308   48 1605          - 4578.14956      -  1440  351s
  1639  1676 4626.23713   55 1543          - 4578.14956      -  1425  361s
  1739  1798 4627.19014   60 1542          - 4578.14956      -  1424  373s
  1863  1939 4640.24939   62 1560          - 4578.14956      -  1399  383s
  2006  2091 4709.54043   63 1463          - 4578.14956      -  1365  391s
  2158  2249 4646.89212   64 1588          - 4578.14956      -  1327  402s
  2318  2427 4649.21337   68 1494          - 4578.14956      -  1292  411s
  2498  2573 4652.50570   73 1606          - 4578.14956      -  1253  425s
  2644  2725 4652.18830   77 1448          - 4578.14956      -  1242  437s
  2801  2935 4653.87534   81 1477          - 4578.14956      -  1231  447s
  3013  3113 4656.44343   85 1533          - 4578.14956      -  1198  457s
  3193  3316 4670.24893   89 1406          - 4578.14956      -  1179  472s
  3411  3506 4661.13201  100 1483          - 4578.14956      -  1155  484s
  3616  3723 4665.03827  105 1550          - 4578.14956      -  1138  500s
  3848  3919 4667.55892  112 1523          - 4578.14956      -  1115  516s
  4052  4124 4683.16847  113 1430          - 4578.14956      -  1106  530s
  4273  4284 4689.83121  118 1483          - 4578.14956      -  1099  544s
  4439  4448 4691.47559  120 1423          - 4578.14956      -  1112  559s
  4607  4685 4696.67288  125 1454          - 4578.14956      -  1120  571s
  4846  4954 4714.20090  135 1379          - 4578.14956      -  1113  589s
  5115  5275 4737.21680  137 1451          - 4578.14956      -  1101  604s
  5438  5532 4739.29199  147 1422          - 4578.14956      -  1081  623s
  5697  5821 4742.30825  155 1365          - 4578.14956      -  1080  638s
  5992  6142 4748.57586  158 1370          - 4578.14956      -  1071  652s
  6317  6494 4751.84153  164 1459          - 4578.14956      -  1060  669s
  6673  6822 4759.21270  171 1353          - 4578.14956      -  1048  688s
  7009  7166 4764.61288  180 1397          - 4578.14956      -  1043  706s
  7357  7546 4786.29625  189 1450          - 4578.14956      -  1038  728s
  7741  7943 4841.93437  191 1471          - 4578.14956      -  1030  749s
  8146  8422 4851.25091  202 1449          - 4578.14956      -  1023  768s
  8633  8837 4858.69647  214 1396          - 4578.14956      -  1008  787s
  9054  9306 4865.14777  226 1354          - 4578.14956      -  1004  807s
  9545  9816 4874.07047  233 1442          - 4578.14956      -   995  833s
 10067 10381 4882.25429  242 1334          - 4578.14956      -   988  858s
 10650 10975 4921.18214  254 1324          - 4578.14956      -   976  880s
 11279 11484 4930.32693  281 1221          - 4578.14956      -   963  908s
 11808 12200 4946.15430  288 1238          - 4578.14956      -   961  932s
 12544 12892 4963.13815  315 1210          - 4578.14956      -   946  957s
 13274 13695 4976.32261  336 1240          - 4578.14956      -   936  984s
 14103 14510 4985.53688  354 1268          - 4578.14956      -   921 1014s
 14933 14511 4906.05427  193 14000          - 4578.14956      -   910 1058s
 14935 14512 4664.23071   24  983          - 4578.14956      -   910 1069s
 14936 14513 4790.79335  170 1011          - 4578.14956      -   910 1071s
 14938 14514 4929.41161  248 1089          - 4578.14956      -   909 1077s
 14939 14515 5164.68465  413 1233          - 4578.14956      -   909 1080s
 14940 14516 4747.13675  117 1339          - 4578.14956      -   909 1085s
 14941 14516 4989.09518   95 1454          - 4578.14956      -   909 1091s
 14942 14517 4822.35281  240 1557          - 4578.14956      -   909 1096s
 14943 14518 4715.57643  224 1571          - 4593.04471      -   909 1100s
 14945 14519 4826.05374  150 1568          - 4604.05012      -   909 1105s
 14951 14523 4733.16440  161 1668          - 4604.50689      -   909 1111s
 14952 14524 4956.90938  221 1599          - 4646.50732      -   909 1118s
 14953 14524 4859.70961   99 1669          - 4665.16672      -   908 1124s
 14954 14525 4820.63733   41 1561          - 4668.92236      -   908 1127s
 14957 14527 4838.26007   55 1579          - 4670.27128      -   908 1130s
 14963 14531 4865.45065  120 1801          - 4697.84539      -   908 1139s
 14964 14532 4799.48095  141 1823          - 4701.88673      -   908 1144s
 14965 14532 4781.35376  175 1717          - 4703.72647      -   908 1147s
 14970 14536 4845.39083   64 1749          - 4704.00781      -   907 1151s
 14971 14536 4854.38248  294 1928          - 4731.42242      -   907 1159s
 14972 14537 4957.02352  210 2181          - 4738.14612      -   907 1165s
 14977 14540 4743.01260  211 2058          - 4739.52824      -   907 1170s
 14982 14544 4754.25740   76 2073          - 4754.25740      -   907 1180s
 14983 14544 4819.02534  180 2030          - 4758.74955      -   907 1185s
 14985 14546 4875.78866  196 2075          - 4760.33315      -   907 1190s
 14989 14548 5081.86428  432 2066          - 4772.60033      -   906 1201s
 14991 14550 5150.51921  390 2048          - 4775.42618      -   906 1206s
 14997 14554 4775.57774   93 2108          - 4775.57774      -   906 1211s
 14998 14554 4794.56763   28 2046          - 4794.56763      -   906 1221s
 14999 14555 4798.53886   38 2120          - 4798.53886      -   906 1227s
 15001 14556 4800.16024   11 2266          - 4800.16024      -   906 1231s
 15006 14560 4800.24165  207 2162          - 4800.24165      -   905 1235s
 15007 14560 4814.89711  146 2018          - 4814.89711      -   905 1244s
 15008 14561 5179.30570  427 2046          - 4818.55333      -   905 1249s
 15009 14562 5130.29341  191 2087          - 4820.15947      -   905 1252s
 15011 14563 4820.84778    9 2157          - 4820.84778      -   905 1255s
 15017 14567 4921.43029  202 2048          - 4832.36309      -   905 1266s
 15018 14568 4920.69470  203 2163          - 4837.27884      -   905 1272s
 15019 14568 4838.19762   86 2319          - 4838.19762      -   904 1275s
 15025 14572 4838.52427   54 2196          - 4838.52427      -   904 1281s
H15025 13841                    7418.0000000 4850.36211  34.6%   904 1288s
H15025 13148                    7396.0000000 4850.36211  34.4%   904 1288s
H15025 12489                    7354.0000000 4850.36211  34.0%   904 1288s
H15025 11863                    7348.0000000 4850.36211  34.0%   904 1288s
H15025 11268                    7345.0000000 4850.36211  34.0%   904 1288s
H15025 10703                    7294.0000000 4850.44808  33.5%   904 1290s
H15025 10166                    7255.0000000 4850.44808  33.1%   904 1290s
H15025  9656                    7245.0000000 4850.44808  33.1%   904 1290s
H15025  9172                    7234.0000000 4850.44808  32.9%   904 1290s
H15025  8712                    7232.0000000 4850.44808  32.9%   904 1290s
H15025  8275                    7226.0000000 4850.44808  32.9%   904 1290s
H15025  7859                    7221.0000000 4850.44808  32.8%   904 1291s
H15025  7465                    7216.0000000 4850.44808  32.8%   904 1291s
H15025  7090                    7210.0000000 4850.44808  32.7%   904 1291s
 15027  7092 4871.61262   94 2432 7210.00000 4852.87427  32.7%   904 1295s
 15031  7094 4854.15799   57 2448 7210.00000 4854.15799  32.7%   904 1300s
H15034  6739                    7181.0000000 4866.85155  32.2%   904 1311s
H15034  6401                    7100.0000000 4866.85155  31.5%   904 1311s
H15034  6079                    7098.0000000 4866.85155  31.4%   904 1311s
 15036  6081 4869.98291  170 2329 7098.00000 4869.98291  31.4%   903 1317s
 15037  6081 4911.78055  160 2290 7098.00000 4870.65477  31.4%   903 1320s
 15045  6087 4871.02614  150 2379 7098.00000 4871.02614  31.4%   903 1327s
H15045  5781                    7093.0000000 4880.96186  31.2%   903 1336s
H15045  5490                    7062.0000000 4880.96186  30.9%   903 1336s
H15045  5214                    7042.0000000 4880.96186  30.7%   903 1336s
 15047  5215 4883.80692  174 2371 7042.00000 4883.80692  30.6%   903 1341s
 15049  5216 4884.94349  169 2394 7042.00000 4884.94349  30.6%   903 1345s
 15053  5219 4885.12132   99 2485 7042.00000 4885.12132  30.6%   902 1350s
H15053  4956                    7038.0000000 4892.23693  30.5%   902 1359s
 15055  4957 4918.17493  282 2353 7038.00000 4893.69180  30.5%   902 1363s
 15056  4958 4894.04276  225 2417 7038.00000 4894.04276  30.5%   902 1365s
 15060  4961 4944.80579  217 2409 7038.00000 4894.18000  30.5%   902 1370s
H15060  4710                    7034.0000000 4902.75911  30.3%   902 1379s
H15060  4473                    6999.0000000 4902.75911  30.0%   902 1379s
H15060  4247                    6961.0000000 4902.75911  29.6%   902 1379s
H15060  4033                    6951.0000000 4902.75911  29.5%   902 1379s
 15062  4034 5077.93780  201 2479 6951.00000 4905.20576  29.4%   902 1383s
 15063  4035 4905.98041  120 2475 6951.00000 4905.98041  29.4%   902 1386s
 15069  4039 4906.28835  131 2521 6951.00000 4906.28835  29.4%   901 1392s
H15069  3834                    6950.0000000 4914.91177  29.3%   901 1401s
 15071  3835 4917.73263  294 2588 6950.00000 4917.73263  29.2%   901 1408s
 15072  3836 4957.02352  210 2556 6950.00000 4918.45198  29.2%   901 1410s
 15078  3840 4918.89797   35 2642 6950.00000 4918.89797  29.2%   901 1419s
H15078  3646                    6944.0000000 4928.66132  29.0%   901 1431s
H15078  3461                    6936.0000000 4928.66132  28.9%   901 1434s
H15078  3286                    6935.0000000 4928.66132  28.9%   901 1434s
H15078  3119                    6931.0000000 4928.66132  28.9%   901 1435s
H15078  2961                    6927.0000000 4928.66132  28.8%   901 1436s
H15078  2810                    6923.0000000 4928.66132  28.8%   901 1436s
H15078  2667                    6897.0000000 4928.66132  28.5%   901 1436s
H15078  2531                    6893.0000000 4928.66132  28.5%   901 1436s
H15078  2402                    6883.0000000 4928.66132  28.4%   901 1436s
 15080  2403 4930.06030  207 2373 6883.00000 4930.06030  28.4%   901 1440s
 15082  2404 4930.98638   76 2647 6883.00000 4930.98638  28.4%   901 1445s
 15085  2406 4931.01113  196 2651 6883.00000 4931.01113  28.4%   901 1450s
H15085  2284                    6873.0000000 4939.94884  28.1%   901 1460s
 15087  2286 5254.42394  596 2537 6873.00000 4942.46696  28.1%   900 1465s
 15090  2288 4943.09288   81 2695 6873.00000 4943.09288  28.1%   900 1470s
H15094  2172                    6862.0000000 4952.19587  27.8%   900 1482s
 15096  2174 4954.52154   44 2430 6862.00000 4954.52154  27.8%   900 1488s
 15097  2174 4955.68927   93 2444 6862.00000 4955.68927  27.8%   900 1492s
 15099  2176 4956.16580   38 2522 6862.00000 4956.16580  27.8%   900 1495s
 15104  2179 4962.94411  200 2632 6862.00000 4962.94411  27.7%   899 1507s
 15105  2180 4964.82430  170 2617 6862.00000 4964.82430  27.6%   899 1512s
 15106  2180 4965.28371  207 2770 6862.00000 4965.28371  27.6%   899 1515s
 15112  2184 4965.63785   90 2790 6862.00000 4965.63785  27.6%   899 1521s
H15112  2072                    6857.0000000 4971.87602  27.5%   899 1530s
H15112  1965                    6841.0000000 4971.87602  27.3%   899 1531s
 15114  1967 4973.29137   56 2625 6841.00000 4973.29137  27.3%   899 1535s
 15116  1968 4973.82101  100 2713 6841.00000 4973.82101  27.3%   899 1540s
 15122  1972 4979.18869  174 2630 6841.00000 4979.18869  27.2%   898 1552s
 15123  1973 4980.64751  102 2770 6841.00000 4980.64751  27.2%   898 1558s
 15124  1973 4981.15959   92 2717 6841.00000 4981.15959  27.2%   898 1561s
 15128  1976 5034.84718  240 2842 6841.00000 4981.40316  27.2%   898 1565s
H15131  1876                    6838.0000000 4988.57230  27.0%   898 1581s
H15131  1779                    6828.0000000 4988.57230  26.9%   898 1586s
 15133  1780 4991.68430  193 2857 6828.00000 4991.68430  26.9%   898 1595s
 15135  1782 4992.71469   24 2758 6828.00000 4992.71469  26.9%   898 1602s
 15140  1785 4992.81128  117 2812 6828.00000 4992.81128  26.9%   897 1605s
 15141  1786 4997.97606   95 2825 6828.00000 4997.97606  26.8%   897 1615s
 15143  1787 4999.46377  224 2870 6828.00000 4999.46377  26.8%   897 1624s
 15144  1788 4999.57704  233 2876 6828.00000 4999.57704  26.8%   897 1625s
H15150  1699                    6808.0000000 5004.60695  26.5%   897 1639s
 15152  1700 5005.90990  221 3024 6808.00000 5005.90990  26.5%   897 1644s
 15153  1701 5006.36832   99 2893 6808.00000 5006.36832  26.5%   896 1647s
 15155  1702 5006.57113  282 3084 6808.00000 5006.57113  26.5%   896 1650s
H15161  1617                    6788.0000000 5011.48950  26.2%   896 1662s
H15161  1532                    6787.0000000 5011.48950  26.2%   896 1662s
 15163  1533 5013.37634  120 2904 6787.00000 5013.37634  26.1%   896 1668s
 15164  1534 5013.78761  141 3007 6787.00000 5013.78761  26.1%   896 1670s
 15169  1537 5013.94135  131 3094 6787.00000 5013.94135  26.1%   896 1675s
H15169  1456                    6763.0000000 5017.64980  25.8%   896 1684s
 15171  1458 5018.92085  294 2973 6763.00000 5018.92085  25.8%   895 1690s
 15174  1460 5019.36795  127 2965 6763.00000 5019.36795  25.8%   895 1695s
 15177  1462 5023.43594  211 2929 6763.00000 5023.43594  25.7%   895 1704s
 15178  1462 5024.86249   35 2847 6763.00000 5024.86249  25.7%   895 1710s
 15183  1466 5025.33586  180 3077 6763.00000 5025.33586  25.7%   895 1715s
H15187  1391                    6753.0000000 5030.23531  25.5%   894 1729s
H15187  1317                    6751.0000000 5030.23531  25.5%   894 1732s
H15187  1247                    6743.0000000 5030.23531  25.4%   894 1733s
H15187  1180                    6736.0000000 5030.23531  25.3%   894 1735s
H15187  1117                    6725.0000000 5030.23531  25.2%   894 1736s
H15187  1057                    6722.0000000 5030.23531  25.2%   894 1736s
 15189  1059 5081.86428  432 3133 6722.00000 5031.54042  25.1%   894 1744s
 15190  1059 5031.89569   81 3157 6722.00000 5031.89569  25.1%   894 1747s
 15192  1061 5032.30310   23 3183 6722.00000 5032.30310  25.1%   894 1750s
H15197  1006                    6713.0000000 5036.82394  25.0%   894 1763s
H15197   951                    6712.0000000 5036.82394  25.0%   894 1763s
 15199   952 5038.16414   38 3142 6712.00000 5038.16414  24.9%   894 1768s
 15200   953 5038.58622  173 3220 6712.00000 5038.58622  24.9%   894 1770s
 15204   956 5038.98909  200 3309 6712.00000 5038.98909  24.9%   893 1775s
 15209   959 5130.29341  191 3033 6712.00000 5043.32257  24.9%   893 1786s
 15210   960 5044.23670  223 3044 6712.00000 5044.23670  24.8%   893 1790s
 15214   962 5044.70784   56 3068 6712.00000 5044.70784  24.8%   893 1795s
H15219   913                    6711.0000000 5048.77507  24.8%   893 1806s
H15219   863                    6710.0000000 5048.77507  24.8%   893 1806s
 15221   864 5050.16481  209 2893 6710.00000 5050.16481  24.7%   892 1811s
 15223   865 5050.76825  102 3168 6710.00000 5050.76825  24.7%   892 1816s
 15229   869 5050.89143   46 3183 6710.00000 5050.89143  24.7%   892 1820s
 15232   871 5054.67815  120 3045 6710.00000 5054.67815  24.7%   892 1831s
 15233   872 5055.80011  193 3147 6710.00000 5055.80011  24.7%   892 1836s
 15235   873 5056.46751   24 3148 6710.00000 5056.46751  24.6%   892 1842s
 15241   877 5056.53402   95 3295 6710.00000 5056.53402  24.6%   891 1846s
H15241   828                    6707.0000000 5063.40133  24.5%   891 1860s
 15243   830 5064.66306  224 3086 6707.00000 5064.66306  24.5%   891 1866s
 15244   830 5065.08385  233 3211 6707.00000 5065.08385  24.5%   891 1870s
 15250   834 5065.38073  259 3378 6707.00000 5065.38073  24.5%   891 1875s
 15252   836 5069.06893  221 3358 6707.00000 5069.06893  24.4%   891 1886s
 15254   837 5070.03216   41 3334 6707.00000 5070.03216  24.4%   891 1892s
 15255   838 5070.34634  282 3427 6707.00000 5070.34634  24.4%   890 1895s
 15261   842 5073.37763  119 3351 6707.00000 5073.37763  24.4%   890 1908s
 15262   842 5077.93780  201 3445 6707.00000 5074.41626  24.3%   890 1913s
 15263   843 5075.06920  120 3527 6707.00000 5075.06920  24.3%   890 1917s
 15265   844 5075.33639  175 3566 6707.00000 5075.33639  24.3%   890 1920s
 15272   849 5075.41024  210 3627 6707.00000 5075.41024  24.3%   889 1925s
 15273   850 5076.44393   59 3363 6707.00000 5076.44393  24.3%   889 1931s
 15274   850 5077.11943  127 3396 6707.00000 5077.11943  24.3%   889 1936s
 15276   852 5077.40664   94 3597 6707.00000 5077.40664  24.3%   889 1941s
 15282   856 5077.47517   76 3422 6707.00000 5077.47517  24.3%   889 1945s
H15282   807                    6704.0000000 5080.35044  24.2%   889 1956s
 15284   808 5081.90277  213 3297 6704.00000 5081.90277  24.2%   889 1962s
 15285   809 5082.70219  196 3344 6704.00000 5082.70219  24.2%   889 1966s
 15287   810 5254.42394  596 3434 6704.00000 5082.96439  24.2%   889 1970s
H15292   766                    6695.0000000 5085.18582  24.0%   888 1981s
H15292   722                    6687.0000000 5085.18582  24.0%   888 1981s
 15294   724 5147.04109  222 3440 6687.00000 5086.04639  23.9%   888 1985s
 15297   726 5086.42034   93 3584 6687.00000 5086.42034  23.9%   888 1990s
 15302   729 5144.48434  199 3410 6687.00000 5089.19376  23.9%   888 2001s
 15303   730 5089.86184   41 3522 6687.00000 5089.86184  23.9%   888 2005s
 15306   732 5090.30670  207 3737 6687.00000 5090.30670  23.9%   888 2010s
H15309   691                    6676.0000000 5092.20049  23.7%   887 2020s
 15312   693 5092.76523   90 3554 6676.00000 5092.76523  23.7%   887 2026s
 15316   695 5092.86086  100 3594 6676.00000 5092.86086  23.7%   887 2030s
 15317   696 5094.61240  202 3590 6676.00000 5094.61240  23.7%   887 2036s
 15318   697 5095.25275  203 3579 6676.00000 5095.25275  23.7%   887 2040s
 15322   699 5095.63131  174 3633 6676.00000 5095.63131  23.7%   887 2045s
H15326   660                    6668.0000000 5097.45894  23.6%   886 2061s
H15326   621                    6652.0000000 5097.45894  23.4%   886 2061s
H15326   583                    6651.0000000 5097.45894  23.4%   886 2062s
H15326   548                    6647.0000000 5097.45894  23.3%   886 2064s
 15327   549 5097.45894   94 3387 6647.00000 5097.45894  23.3%   886 2066s
 15328   549 5098.08210  240 3444 6647.00000 5098.08210  23.3%   886 2070s
 15330   551 5098.52144  156 3672 6647.00000 5098.52144  23.3%   886 2075s
 15337   555 5098.63240  160 3643 6647.00000 5098.63240  23.3%   886 2080s
 15338   556 5100.85393  248 3519 6647.00000 5100.85393  23.3%   886 2088s
 15339   557 5164.68465  413 3536 6647.00000 5101.56248  23.3%   886 2093s
 15340   557 5101.80021  117 3489 6647.00000 5101.80021  23.2%   886 2095s
 15346   561 5101.90639  183 3588 6647.00000 5101.90639  23.2%   885 2101s
 15347   562 5104.24044  174 3449 6647.00000 5104.24044  23.2%   885 2109s
 15348   563 5105.00153  268 3659 6647.00000 5105.00153  23.2%   885 2113s
 15349   563 5105.42002  169 3657 6647.00000 5105.42002  23.2%   885 2117s
 15350   564 5105.60720  259 3675 6647.00000 5105.60720  23.2%   885 2120s
 15355   567 5105.70305  282 3654 6647.00000 5105.70305  23.2%   885 2125s
 15356   568 5107.69195  225 3547 6647.00000 5107.69195  23.2%   885 2133s
 15357   569 5108.48214   55 3655 6647.00000 5108.48214  23.1%   885 2138s
 15358   569 5108.67251   45 3649 6647.00000 5108.67251  23.1%   885 2140s
 15364   573 5108.83704  141 3674 6647.00000 5108.83704  23.1%   884 2145s
 15365   574 5110.69345  175 3432 6647.00000 5110.69345  23.1%   884 2154s
 15366   575 5258.09145  605 3533 6647.00000 5111.29749  23.1%   884 2158s
 15367   575 5111.57063   92 3600 6647.00000 5111.57063  23.1%   884 2161s
 15373   579 5111.70299   59 3733 6647.00000 5111.70299  23.1%   884 2165s
 15375   581 5113.32393  187 3601 6647.00000 5113.32393  23.1%   884 2174s
 15376   581 5113.96912   94 3687 6647.00000 5113.96912  23.1%   883 2179s
 15377   582 5114.21526  211 3862 6647.00000 5114.21526  23.1%   883 2181s
 15382   585 5114.34539   76 3900 6647.00000 5114.34539  23.1%   883 2185s
 15387   589 5254.42394  596 3550 6647.00000 5115.79797  23.0%   883 2195s
 15388   589 5116.58348   72 3541 6647.00000 5116.58348  23.0%   883 2200s
 15390   591 5116.96092   81 3634 6647.00000 5116.96092  23.0%   883 2207s
 15393   593 5117.02623  219 3720 6647.00000 5117.02623  23.0%   883 2210s
 15398   596 5118.10074   28 3706 6647.00000 5118.10074  23.0%   882 2221s
 15399   597 5118.80796   38 3676 6647.00000 5118.80796  23.0%   882 2227s
 15400   597 5118.99736  173 3673 6647.00000 5118.99736  23.0%   882 2230s
 15405   601 5119.15685  170 3795 6647.00000 5119.15685  23.0%   882 2235s
 15409   603 5130.29341  191 3776 6647.00000 5120.86156  23.0%   882 2245s
 15410   604 5121.42277  223 3912 6647.00000 5121.42277  23.0%   882 2250s
 15413   606 5121.84956  118 3989 6647.00000 5121.84956  22.9%   881 2255s
 15419   610 5123.51666   86 3710 6647.00000 5123.51666  22.9%   881 2267s
 15420   611 5124.05270  188 3648 6647.00000 5124.05270  22.9%   881 2271s
 15422   612 5124.38983  174 3944 6647.00000 5124.38983  22.9%   881 2276s
 15430   617 5124.44105  156 3937 6647.00000 5124.44105  22.9%   880 2280s
 15433   619 5126.36993  193 3804 6647.00000 5126.36993  22.9%   880 2292s
 15434   620 5126.83437   50 3826 6647.00000 5126.83437  22.9%   880 2295s
 15436   621 5127.26418  170 3710 6647.00000 5127.26418  22.9%   880 2301s
 15441   625 5127.33922   95 3937 6647.00000 5127.33922  22.9%   880 2306s
 15442   625 5129.34717  240 3649 6647.00000 5129.34717  22.8%   880 2315s
 15444   627 5129.96522  233 3879 6647.00000 5129.96522  22.8%   880 2321s
 15446   628 5130.08422  183 3926 6647.00000 5130.08422  22.8%   879 2325s
 15451   631 5131.83752  161 3704 6647.00000 5131.83752  22.8%   879 2336s
 15452   632 5132.27989  221 3844 6647.00000 5132.27989  22.8%   879 2340s
 15456   635 5132.59235  225 3879 6647.00000 5132.59235  22.8%   879 2345s
 15460   637 5134.13258  217 3591 6647.00000 5134.13258  22.8%   879 2354s
 15461   638 5134.72046  119 3698 6647.00000 5134.72046  22.8%   879 2359s
 15462   639 5134.87830  201 3669 6647.00000 5134.87830  22.7%   879 2361s
 15467   642 5135.00388   92 3898 6647.00000 5135.00388  22.7%   878 2365s
 15469   643 5136.69973  131 3801 6647.00000 5136.69973  22.7%   878 2374s
 15470   644 5137.43655   64 3854 6647.00000 5137.43655  22.7%   878 2379s
 15471   645 5137.56677  294 3775 6647.00000 5137.56677  22.7%   878 2381s
 15476   648 5137.65717   94 3790 6647.00000 5137.65717  22.7%   878 2386s
 15477   649 5138.51378  211 3663 6647.00000 5138.51378  22.7%   878 2392s
 15478   649 5139.19265   35 3758 6647.00000 5139.19265  22.7%   878 2396s
 15480   651 5139.52602  207 3854 6647.00000 5139.52602  22.7%   878 2400s
 15487   655 5254.42394  596 3861 6647.00000 5139.59061  22.7%   877 2405s
 15488   656 5141.23953   72 3712 6647.00000 5141.23953  22.7%   877 2413s
 15489   657 5141.75998  432 3572 6647.00000 5141.75998  22.6%   877 2417s
 15491   658 5150.51921  390 3778 6647.00000 5142.04927  22.6%   877 2421s
 15495   661 5142.12179   37 3837 6647.00000 5142.12179  22.6%   877 2425s
 15496   661 5143.25825   44 3703 6647.00000 5143.25825  22.6%   877 2432s
 15497   662 5143.55087   93 3639 6647.00000 5143.55087  22.6%   877 2435s
 15500   664 5143.82745  173 3966 6647.00000 5143.82745  22.6%   876 2440s
H15504   624                    6643.0000000 5145.93247  22.5%   876 2453s
H15504   583                    6625.0000000 5145.93247  22.3%   876 2453s
H15504   544                    6624.0000000 5145.93247  22.3%   876 2453s
 15506   545 5146.55262  207 4087 6624.00000 5146.55262  22.3%   876 2459s
 15507   546 5146.77386  146 3903 6624.00000 5146.77386  22.3%   876 2462s
 15509   547 5146.93348  191 4074 6624.00000 5146.93348  22.3%   876 2466s
 15515   551 5146.97693   96 3946 6624.00000 5146.97693  22.3%   876 2470s
 15516   552 5148.23774  100 3809 6624.00000 5148.23774  22.3%   876 2478s
 15517   552 5148.87917  202 3779 6624.00000 5148.87917  22.3%   875 2483s
 15518   553 5149.00117  203 3748 6624.00000 5149.00117  22.3%   875 2485s
 15523   556 5149.16463  102 4053 6624.00000 5149.16463  22.3%   875 2490s
H15525   520                    6611.0000000 5150.56318  22.1%   875 2501s
 15527   521 5150.84495   94 4024 6611.00000 5150.84495  22.1%   875 2505s
 15530   523 5151.14056  156 4192 6611.00000 5151.14056  22.1%   875 2511s
 15534   526 5151.16081   50 4175 6611.00000 5151.16081  22.1%   874 2515s
 15535   526 5152.98601   24 3844 6611.00000 5152.98601  22.1%   874 2524s
 15536   527 5153.42853  170 3988 6611.00000 5153.42853  22.0%   874 2529s
 15537   528 5153.54885  160 4042 6611.00000 5153.54885  22.0%   874 2532s
 15540   530 5153.60748  117 4181 6611.00000 5153.60748  22.0%   874 2535s
H15541   494                    6592.0000000 5155.08171  21.8%   874 2587s
H15541   459                    6586.0000000 5155.08171  21.7%   874 2622s
H15541   426                    6569.0000000 5155.08171  21.5%   874 2645s
H15541   394                    6566.0000000 5155.08171  21.5%   874 2655s
H15541   364                    6565.0000000 5155.08171  21.5%   874 2664s
 15542   365 5155.08171  240 3947 6565.00000 5155.08171  21.5%   874 2676s
 15543   366 5155.64797  224 4002 6565.00000 5155.64797  21.5%   874 2695s
 15545   367 5156.02940  150 4125 6565.00000 5156.02940  21.5%   874 2700s
 15551   371 5156.07163  161 4088 6565.00000 5156.07163  21.5%   874 2705s
 15552   372 5157.87538  221 4036 6565.00000 5157.87538  21.4%   873 2717s
 15553   372 5158.54898   99 4025 6565.00000 5158.54898  21.4%   873 2724s
 15554   373 5158.77070   41 4192 6565.00000 5158.77070  21.4%   873 2728s
 15555   374 5158.87158  282 4058 6565.00000 5158.87158  21.4%   873 2730s
 15561   378 5158.99891  119 4191 6565.00000 5158.99891  21.4%   873 2736s
 15562   378 5159.59188  201 3846 6565.00000 5159.59188  21.4%   873 2742s
 15563   379 5159.81556  120 3937 6565.00000 5159.81556  21.4%   873 2746s
 15566   381 5258.09145  605 3952 6565.00000 5159.95517  21.4%   873 2750s
 15572   385 5160.74832  210 4121 6565.00000 5160.74832  21.4%   872 2759s
 15573   386 5160.90501   59 4091 6565.00000 5160.90501  21.4%   872 2762s
 15574   386 5161.04200  127 4167 6565.00000 5161.04200  21.4%   872 2765s
 15582   392 5161.12280   76 4022 6565.00000 5161.12280  21.4%   872 2771s
 15583   392 5161.85384  180 4183 6565.00000 5161.85384  21.4%   872 2776s
 15584   393 5162.10966  213 4246 6565.00000 5162.10966  21.4%   872 2780s
 15586   394 5162.35539   38 4065 6565.00000 5162.35539  21.4%   872 2785s
 15592   398 5162.48455   23 4356 6565.00000 5162.48455  21.4%   871 2790s
 15594   400 5163.17947  222 4220 6565.00000 5163.17947  21.4%   871 2797s
 15595   400 5163.37029   37 4036 6565.00000 5163.37029  21.4%   871 2800s
 15598   402 5163.59382   28 4190 6565.00000 5163.59382  21.3%   871 2805s
 15604   406 5163.63106  200 4194 6565.00000 5163.63106  21.3%   871 2810s
 15605   407 5164.17220  170 4205 6565.00000 5164.17220  21.3%   871 2815s
 15608   409 5179.30570  427 4339 6565.00000 5164.46492  21.3%   870 2820s
 15613   412 5165.18573  118 4129 6565.00000 5165.18573  21.3%   870 2828s
 15614   413 5165.39223   56 4105 6565.00000 5165.39223  21.3%   870 2831s
 15616   414 5165.60189  100 4403 6565.00000 5165.60189  21.3%   870 2836s
 15622   418 5165.63612  174 4461 6565.00000 5165.63612  21.3%   870 2840s
 15623   419 5166.51132  102 4083 6565.00000 5166.51132  21.3%   870 2847s
 15624   420 5166.90197   92 4264 6565.00000 5166.90197  21.3%   869 2850s
 15627   422 5167.16296   94 4300 6565.00000 5167.16296  21.3%   869 2856s
 15634   426 5167.21232   50 4548 6565.00000 5167.21232  21.3%   869 2860s
 15635   427 5167.68608   24 4605 6565.00000 5167.68608  21.3%   869 2865s
 15638   429 5167.93036  248 4530 6565.00000 5167.93036  21.3%   869 2871s
 15644   433 5167.97348  233 4535 6565.00000 5167.97348  21.3%   868 2875s
 15646   434 5168.53805  183 4222 6565.00000 5168.53805  21.3%   868 2882s
 15649   436 5168.62895  169 4392 6565.00000 5168.62895  21.3%   868 2885s
 15656   441 5169.04613  225 4353 6565.00000 5169.04613  21.3%   868 2894s
 15657   442 5169.19922   55 4432 6565.00000 5169.19922  21.3%   868 2897s
 15662   445 5169.24316  201 4454 6565.00000 5169.24316  21.3%   867 2901s
 15663   446 5170.09551  120 4325 6565.00000 5170.09551  21.2%   867 2906s
 15665   447 5170.55831  175 4488 6565.00000 5170.55831  21.2%   867 2911s
 15670   450 5170.61720   64 4520 6565.00000 5170.61720  21.2%   867 2916s
 15671   451 5171.04560  294 4282 6565.00000 5171.04560  21.2%   867 2921s
 15674   453 5171.27007  127 4246 6565.00000 5171.27007  21.2%   867 2925s
 15680   457 5172.10862  207 4138 6565.00000 5172.10862  21.2%   866 2935s
 15682   458 5172.52864   76 4249 6565.00000 5172.52864  21.2%   866 2941s
 15686   461 5172.60831   38 4477 6565.00000 5172.60831  21.2%   866 2945s
 15688   462 5173.37317   72 4330 6565.00000 5173.37317  21.2%   866 2954s
 15689   463 5173.61057  432 4510 6565.00000 5173.61057  21.2%   866 2959s
 15690   464 5173.70440   81 4304 6565.00000 5173.70440  21.2%   866 2961s
 15692   465 5173.79451   23 4355 6565.00000 5173.79451  21.2%   866 2965s
 15698   469 5173.81510   28 4422 6565.00000 5173.81510  21.2%   865 2970s
 15699   470 5174.57432   38 4348 6565.00000 5174.57432  21.2%   865 2975s
 15701   471 5175.12241   11 4357 6565.00000 5175.12241  21.2%   865 2981s
 15705   474 5175.17853  170 4415 6565.00000 5175.17853  21.2%   865 2985s
H15705   438                    6553.0000000 5175.86659  21.0%   865 2992s
 15707   439 5176.05753  146 4570 6553.00000 5176.05753  21.0%   865 2995s
 15710   441 5176.24564  223 4484 6553.00000 5176.24564  21.0%   865 3000s
 15716   445 5176.68263  100 4434 6553.00000 5176.68263  21.0%   864 3009s
 15717   446 5176.83213  202 4437 6553.00000 5176.83213  21.0%   864 3011s
 15721   448 5176.91004  209 4579 6553.00000 5176.91004  21.0%   864 3015s
 15729   454 5177.42457   46 4331 6553.00000 5177.42457  21.0%   864 3024s
 15730   454 5177.65655  156 4544 6553.00000 5177.65655  21.0%   864 3028s
 15731   455 5177.76505   57 4512 6553.00000 5177.76505  21.0%   864 3030s
 15738   460 5177.82866  248 4648 6553.00000 5177.82866  21.0%   863 3035s
 15740   461 5178.14435  117 4374 6553.00000 5178.14435  21.0%   863 3040s
 15744   464 5178.88040  233 4533 6553.00000 5178.88040  21.0%   863 3049s
 15745   464 5179.14474  150 4482 6553.00000 5179.14474  21.0%   863 3052s
 15747   466 5179.26032  174 4561 6553.00000 5179.26032  21.0%   863 3055s
 15752   469 5180.05310  221 4501 6553.00000 5180.05310  21.0%   862 3065s
 15754   470 5180.30202   41 4464 6553.00000 5180.30202  20.9%   862 3070s
 15759   474 5180.44008  224 4580 6553.00000 5180.44008  20.9%   862 3075s
 15763   476 5180.80749  120 4324 6553.00000 5180.80749  20.9%   862 3083s
 15764   477 5180.98511  141 4391 6553.00000 5180.98511  20.9%   862 3087s
 15766   478 5258.09145  605 4441 6553.00000 5181.07311  20.9%   862 3090s
 15772   482 5181.12840  210 4576 6553.00000 5181.12840  20.9%   861 3095s
 15774   484 5181.59767  127 4534 6553.00000 5181.59767  20.9%   861 3103s
 15775   484 5181.65076  187 4459 6553.00000 5181.65076  20.9%   861 3105s
 15780   488 5181.70703  207 4591 6553.00000 5181.70703  20.9%   861 3110s
 15784   490 5181.89403  213 4755 6553.00000 5181.89403  20.9%   861 3116s
 15790   494 5181.95675   81 4744 6553.00000 5181.95675  20.9%   860 3121s
 15791   495 5182.17559  390 4600 6553.00000 5182.17559  20.9%   860 3125s
 15794   497 5182.39208  222 4652 6553.00000 5182.39208  20.9%   860 3130s
 15798   500 5182.71411   28 4629 6553.00000 5182.71411  20.9%   860 3138s
 15799   500 5182.82807   38 4651 6553.00000 5182.82807  20.9%   860 3140s
 15804   504 5182.91460  200 4788 6553.00000 5182.91460  20.9%   860 3145s
 15807   506 5183.17002  146 4525 6553.00000 5183.17002  20.9%   859 3150s
 15810   508 5183.31059  223 4797 6553.00000 5183.31059  20.9%   859 3155s
 15816   512 5183.86815  100 4537 6553.00000 5183.86815  20.9%   859 3165s
 15818   513 5184.14769  203 4552 6553.00000 5184.14769  20.9%   859 3171s
 15822   516 5184.20437  174 4626 6553.00000 5184.20437  20.9%   859 3177s
 15823   516 5185.03554  102 4418 6553.00000 5185.03554  20.9%   859 3185s
 15825   518 5185.63412   54 4736 6553.00000 5185.63412  20.9%   858 3192s
 15827   519 5185.72647   94 4835 6553.00000 5185.72647  20.9%   858 3195s
 15832   522 5186.54166  120 4531 6553.00000 5186.54166  20.9%   858 3205s
 15834   524 5186.85750   50 4573 6553.00000 5186.85750  20.8%   858 3211s
 15838   526 5186.90270  248 4655 6553.00000 5186.90270  20.8%   858 3215s
 15839   527 5187.27246  413 4509 6553.00000 5187.27246  20.8%   858 3220s
 15842   529 5187.50704  240 4648 6553.00000 5187.50704  20.8%   857 3225s
 15845   531 5187.64708  150 4649 6553.00000 5187.64708  20.8%   857 3231s
 15847   532 5187.77653  174 4606 6553.00000 5187.77653  20.8%   857 3236s
 15851   535 5187.81466  161 4687 6553.00000 5187.81466  20.8%   857 3241s
 15852   536 5188.05589  221 4269 6553.00000 5188.05589  20.8%   857 3245s
 15855   538 5188.15625  282 4374 6553.00000 5188.15625  20.8%   857 3250s
 15860   541 5188.17269  217 4544 6553.00000 5188.17269  20.8%   857 3255s
 15861   542 5188.53780  119 4496 6553.00000 5188.53780  20.8%   856 3260s
 15862   542 5188.88534  201 4585 6553.00000 5188.88534  20.8%   856 3266s
 15865   544 5188.96958  175 4678 6553.00000 5188.96958  20.8%   856 3270s
 15870   548 5189.52523   64 4509 6553.00000 5189.52523  20.8%   856 3278s
 15874   551 5189.52523  127  980 6553.00000 5189.52523  20.8%   931 3289s
 15875   552 5189.52523  187 1083 6553.00000 5189.52523  20.8%   931 3292s
 15876   553 5189.52523   94 1007 6553.00000 5189.52523  20.8%   931 3296s
H15876   525                    6551.0000000 5189.52523  20.8%   931 3301s
H15877   498                    6547.0000000 5189.52523  20.7%   931 3310s
H15878   474                    6545.0000000 5189.52523  20.7%   931 3322s
 15880   475 5189.52523  207 1843 6545.00000 5189.52523  20.7%   931 3336s
 15881   476 5189.52523  170 2090 6545.00000 5189.52523  20.7%   931 3353s
H15881   452                    6543.0000000 5189.52523  20.7%   931 3371s
 15883   453 5189.52633  180 2646 6543.00000 5189.52633  20.7%   931 3390s
 15884   454 5189.52633  213 2839 6543.00000 5189.52633  20.7%   931 3407s
 15885   455 5189.52633  196 2909 6543.00000 5189.52633  20.7%   931 3422s
 15886   455 5189.55027   38 3214 6543.00000 5189.55027  20.7%   931 3439s
 15887   456 5254.42394  596 3336 6543.00000 5189.55027  20.7%   931 3453s
 15888   457 5189.55027   72 3785 6543.00000 5189.55027  20.7%   931 3468s
 15889   457 5189.55027  432 3769 6543.00000 5189.55027  20.7%   931 3478s
 15890   458 5189.55027   81 3961 6543.00000 5189.55027  20.7%   931 3489s
 15891   459 5189.55027  390 4133 6543.00000 5189.55027  20.7%   930 3496s
 15893   460 5189.55027  219 4323 6543.00000 5189.55027  20.7%   930 3502s
 15896   462 5189.56991   44 4411 6543.00000 5189.56991  20.7%   930 3505s
 15898   463 5192.19181   28 3806 6543.00000 5192.19181  20.6%   930 3521s
 15899   464 5192.87371   38 3652 6543.00000 5192.87371  20.6%   930 3527s
 15901   465 5193.02500   11 3685 6543.00000 5193.02500  20.6%   930 3530s
 15905   468 5193.03435  170 3719 6543.00000 5193.03435  20.6%   930 3535s
 15906   469 5195.26040  207 3543 6543.00000 5195.26040  20.6%   930 3545s
 15908   470 5195.84546  427 3551 6543.00000 5195.84546  20.6%   929 3551s
 15913   473 5195.89601  118 3463 6543.00000 5195.89601  20.6%   929 3556s
 15914   474 5197.61297   56 3663 6543.00000 5197.61297  20.6%   929 3565s
 15916   475 5198.02103  100 3744 6543.00000 5198.02103  20.6%   929 3570s
 15920   478 5199.47449  188 3658 6543.00000 5199.47449  20.5%   929 3582s
 15921   479 5199.92239  209 3890 6543.00000 5199.92239  20.5%   929 3585s
 15925   481 5200.08394   54 3834 6543.00000 5200.08394  20.5%   928 3590s
H15926   457                    6541.0000000 5201.44408  20.5%   928 3608s
H15926   434                    6540.0000000 5201.44408  20.5%   928 3610s
 15928   435 5201.77446  240 3727 6540.00000 5201.77446  20.5%   928 3615s
 15933   439 5201.87910  193 3739 6540.00000 5201.87910  20.5%   928 3622s
 15934   439 5203.87598   50 3664 6540.00000 5203.87598  20.4%   928 3631s
 15935   440 5204.41221   24 3728 6540.00000 5204.41221  20.4%   928 3636s
 15938   442 5204.58078  248 3807 6540.00000 5204.58078  20.4%   928 3640s
 15942   445 5206.40171  240 3742 6540.00000 5206.40171  20.4%   927 3652s
 15943   445 5207.34862  224 3845 6540.00000 5207.34862  20.4%   927 3659s
 15944   446 5207.49475  233 3731 6540.00000 5207.49475  20.4%   927 3662s
 15949   449 5207.56798  169 3855 6540.00000 5207.56798  20.4%   927 3665s
 15951   451 5208.87234  161 3934 6540.00000 5208.87234  20.4%   927 3675s
 15953   452 5209.31083   99 3882 6540.00000 5209.31083  20.3%   927 3681s
 15957   455 5209.34702   55 3834 6540.00000 5209.34702  20.3%   927 3686s
H15957   430                    6528.0000000 5210.31215  20.2%   927 3694s
 15958   430 5210.31215   45 3873 6528.00000 5210.31215  20.2%   927 3702s
 15959   431 5210.52097  224 3859 6528.00000 5210.52097  20.2%   927 3705s
 15966   436 5258.09145  605 4123 6528.00000 5210.65122  20.2%   926 3713s
 15967   436 5211.55737   92 4070 6528.00000 5211.55737  20.2%   926 3719s
 15968   437 5376.87108  699 4020 6528.00000 5211.78641  20.2%   926 3722s
 15971   439 5211.92608  294 4031 6528.00000 5211.92608  20.2%   926 3725s
 15975   442 5212.97223  187 4045 6528.00000 5212.97223  20.1%   926 3736s
 15977   443 5213.39090  211 4232 6528.00000 5213.39090  20.1%   925 3741s
 15982   446 5213.45180   76 4134 6528.00000 5213.45180  20.1%   925 3748s
 15983   447 5214.83353  180 3872 6528.00000 5214.83353  20.1%   925 3756s
 15984   448 5215.38452  213 3999 6528.00000 5215.38452  20.1%   925 3761s
 15987   450 5254.42394  596 4197 6528.00000 5215.53434  20.1%   925 3765s
 15992   453 5215.54643   23 4207 6528.00000 5215.54643  20.1%   925 3770s
 15993   454 5216.58475  219 4086 6528.00000 5216.58475  20.1%   925 3777s
 15994   454 5216.85819  222 4160 6528.00000 5216.85819  20.1%   924 3781s
 15998   457 5217.00728   28 4271 6528.00000 5217.00728  20.1%   924 3785s
 16003   460 5217.02121   41 4357 6528.00000 5217.02121  20.1%   924 3790s
 16004   461 5218.50283  200 4010 6528.00000 5218.50283  20.1%   924 3800s
 16005   462 5218.99809  170 4046 6528.00000 5218.99809  20.1%   924 3805s
 16008   464 5219.28882  427 4313 6528.00000 5219.28882  20.0%   924 3810s
 16011   466 5219.29706    9 4374 6528.00000 5219.29706  20.0%   923 3817s
 16012   466 5220.96607   90 4032 6528.00000 5220.96607  20.0%   923 3825s
 16013   467 5221.48173  118 4043 6528.00000 5221.48173  20.0%   923 3831s
 16016   469 5221.61909  100 4202 6528.00000 5221.61909  20.0%   923 3835s
 16021   472 5221.63056  209 4178 6528.00000 5221.63056  20.0%   923 3841s
 16022   473 5223.45378  174 3910 6528.00000 5223.45378  20.0%   923 3852s
 16023   474 5223.90478  102 3987 6528.00000 5223.90478  20.0%   923 3857s
 16025   475 5224.04861   54 4077 6528.00000 5224.04861  20.0%   923 3860s
 16030   478 5224.66797  156 4035 6528.00000 5224.66797  20.0%   922 3869s
 16031   479 5224.79384   57 4181 6528.00000 5224.79384  20.0%   922 3872s
 16034   481 5224.86389   50 4266 6528.00000 5224.86389  20.0%   922 3875s
 16037   483 5225.50613  160 4132 6528.00000 5225.50613  20.0%   922 3884s
 16038   484 5225.65417  248 4113 6528.00000 5225.65417  20.0%   922 3886s
 16041   486 5225.75881   95 4226 6528.00000 5225.75881  19.9%   922 3890s
 16045   488 5226.29760  150 4248 6528.00000 5226.29760  19.9%   922 3898s
 16046   489 5226.58101  183 4229 6528.00000 5226.58101  19.9%   921 3902s
 16048   490 5226.70264  268 4417 6528.00000 5226.70264  19.9%   921 3905s
 16054   494 5227.34969   41 4153 6528.00000 5227.34969  19.9%   921 3914s
 16055   495 5227.59186  282 4069 6528.00000 5227.59186  19.9%   921 3917s
 16057   496 5227.68314   55 4099 6528.00000 5227.68314  19.9%   921 3920s
 16065   502 5227.73459  175 4230 6528.00000 5227.73459  19.9%   920 3925s
 16066   502 5258.09145  605 4305 6528.00000 5228.51099  19.9%   920 3933s
 16067   503 5228.73940   92 4250 6528.00000 5228.73940  19.9%   920 3936s
 16069   504 5228.91355  131 4272 6528.00000 5228.91355  19.9%   920 3941s
 16074   508 5229.67454  127 4030 6528.00000 5229.67454  19.9%   920 3952s
 16075   508 5229.96632  187 4278 6528.00000 5229.96632  19.9%   920 3955s
 16078   510 5230.10568   35 4293 6528.00000 5230.10568  19.9%   920 3960s
 16083   514 5230.68161  180 4347 6528.00000 5230.68161  19.9%   919 3968s
 16084   514 5230.94052  213 4423 6528.00000 5230.94052  19.9%   919 3973s
 16086   516 5231.02770   38 4368 6528.00000 5231.02770  19.9%   919 3975s
 16094   521 5231.05774  222 4522 6528.00000 5231.05774  19.9%   919 3980s
 16095   522 5231.47531   37 4287 6528.00000 5231.47531  19.9%   919 3985s
 16097   523 5231.70195   93 4040 6528.00000 5231.70195  19.9%   919 3990s
 16103   527 5231.76928   41 4253 6528.00000 5231.76928  19.9%   918 3995s
 16105   528 5232.23300  170 4381 6528.00000 5232.23300  19.8%   918 4001s
 16107   530 5232.36135  146 4482 6528.00000 5232.36135  19.8%   918 4005s
 16114   534 5232.41318   56 4635 6528.00000 5232.41318  19.8%   918 4010s
 16115   535 5232.88796   96 4226 6528.00000 5232.88796  19.8%   918 4016s
 16117   536 5233.07813  202 4173 6528.00000 5233.07813  19.8%   917 4020s
 16122   540 5233.52813  174 4145 6528.00000 5233.52813  19.8%   917 4028s
 16123   540 5233.68033  102 4155 6528.00000 5233.68033  19.8%   917 4031s
 16126   542 5233.79459   84 4320 6528.00000 5233.79459  19.8%   917 4036s
 16129   544 5234.20591   46 4251 6528.00000 5234.20591  19.8%   917 4043s
 16130   545 5234.43616  156 4279 6528.00000 5234.43616  19.8%   917 4047s
 16133   547 5234.52102  193 4305 6528.00000 5234.52102  19.8%   917 4050s
H16136   517                    6525.0000000 5234.98417  19.8%   916 4058s
 16138   518 5235.13576  248 4092 6525.00000 5235.13576  19.8%   916 4061s
 16144   522 5235.20672  233 4234 6525.00000 5235.20672  19.8%   916 4067s
 16145   523 5235.69803  150 4034 6525.00000 5235.69803  19.8%   916 4072s
 16146   524 5235.88091  183 4197 6525.00000 5235.88091  19.8%   916 4075s
 16153   528 5235.96300   99 4230 6525.00000 5235.96300  19.8%   915 4081s
H16153   497                    6516.0000000 5236.33643  19.6%   915 4085s
H16153   468                    6514.0000000 5236.33643  19.6%   915 4085s
 16157   471 5236.51001   55 4289 6514.00000 5236.51001  19.6%   915 4090s
 16161   474 5236.72314  119 4296 6514.00000 5236.72314  19.6%   915 4096s
 16163   475 5236.91156  120 4464 6514.00000 5236.91156  19.6%   915 4100s
 16168   478 5376.87108  699 4502 6514.00000 5236.94242  19.6%   915 4105s
H16168   449                    6512.0000000 5237.52720  19.6%   915 4125s
H16168   421                    6510.0000000 5237.52720  19.5%   915 4134s
H16168   395                    6508.0000000 5237.52720  19.5%   915 4161s
H16168   371                    6502.0000000 5237.52720  19.4%   915 4192s
 16169   372 5237.52720  131 4289 6502.00000 5237.52720  19.4%   914 4222s
 16170   373 5237.64466   64 4427 6502.00000 5237.64466  19.4%   914 4237s
 16172   374 5237.71073  210 4530 6502.00000 5237.71073  19.4%   914 4240s
H16176   353                    6486.0000000 5238.59134  19.2%   914 4250s
 16178   354 5239.06871   35 4256 6486.00000 5239.06871  19.2%   914 4255s
 16181   356 5239.30252  170 4270 6486.00000 5239.30252  19.2%   914 4260s
 16188   361 5239.33361   72 4254 6486.00000 5239.33361  19.2%   913 4265s
 16189   361 5239.83112  432 4192 6486.00000 5239.83112  19.2%   913 4270s
 16191   363 5240.04182  390 4406 6486.00000 5240.04182  19.2%   913 4275s
 16197   367 5240.07395   93 4403 6486.00000 5240.07395  19.2%   913 4280s
 16198   367 5240.74593   28 4188 6486.00000 5240.74593  19.2%   913 4286s
 16199   368 5241.10811   38 4185 6486.00000 5241.10811  19.2%   913 4290s
 16203   371 5241.27487   41 4257 6486.00000 5241.27487  19.2%   913 4295s
 16206   373 5241.81307  207 4197 6486.00000 5241.81307  19.2%   912 4302s
 16208   374 5241.92870  427 4182 6486.00000 5241.92870  19.2%   912 4305s
 16213   377 5242.21428  118 4170 6486.00000 5242.21428  19.2%   912 4312s
 16215   379 5242.37802   96 4203 6486.00000 5242.37802  19.2%   912 4317s
 16219   381 5242.39207   86 4272 6486.00000 5242.39207  19.2%   912 4321s
 16221   383 5242.69019  209 4092 6486.00000 5242.69019  19.2%   912 4326s
 16226   386 5242.74219   84 4263 6486.00000 5242.74219  19.2%   911 4331s
 16227   387 5243.07528   94 4179 6486.00000 5243.07528  19.2%   911 4336s
 16230   389 5243.23381  156 4091 6486.00000 5243.23381  19.2%   911 4340s
 16236   393 5243.46465  170 4181 6486.00000 5243.46465  19.2%   911 4346s
 16241   396 5243.54577   95 4431 6486.00000 5243.54577  19.2%   910 4350s
 16245   399 5244.06326  150 4057 6486.00000 5244.06326  19.1%   910 4358s
 16246   399 5244.27578  183 4098 6486.00000 5244.27578  19.1%   910 4362s
 16247   400 5244.38936  174 4111 6486.00000 5244.38936  19.1%   910 4365s
 16252   403 5244.48045  221 4303 6486.00000 5244.48045  19.1%   910 4371s
 16253   404 5244.84931   99 4279 6486.00000 5244.84931  19.1%   910 4376s
 16255   405 5245.09013  282 4345 6486.00000 5245.09013  19.1%   910 4382s
 16258   407 5245.13133   45 4486 6486.00000 5245.13133  19.1%   909 4385s
 16263   411 5245.35345  120 4240 6486.00000 5245.35345  19.1%   909 4393s
 16264   411 5245.45869  141 4391 6486.00000 5245.45869  19.1%   909 4395s
 16271   416 5245.53864  294 4521 6486.00000 5245.53864  19.1%   909 4402s
 16274   418 5245.61439  127 4472 6486.00000 5245.61439  19.1%   909 4405s
 16276   419 5245.84285   94 4229 6486.00000 5245.84285  19.1%   908 4412s
 16278   421 5246.04815   35 4185 6486.00000 5246.04815  19.1%   908 4416s
 16283   424 5246.11615  180 4312 6486.00000 5246.11615  19.1%   908 4420s
 16285   425 5246.48043  196 4190 6486.00000 5246.48043  19.1%   908 4427s
 16287   427 5254.42394  596 4416 6486.00000 5246.70405  19.1%   908 4431s
 16291   429 5246.75037  390 4426 6486.00000 5246.75037  19.1%   908 4437s
 16292   430 5246.98934   23 4349 6486.00000 5246.98934  19.1%   908 4440s
 16296   433 5247.16692   44 4411 6486.00000 5247.16692  19.1%   907 4445s
 16300   435 5247.50352  173 4359 6486.00000 5247.50352  19.1%   907 4452s
 16302   437 5247.69468  199 4452 6486.00000 5247.69468  19.1%   907 4456s
 16307   440 5247.76840  146 4443 6486.00000 5247.76840  19.1%   907 4460s
 16311   443 5248.39730    9 4354 6486.00000 5248.39730  19.1%   907 4469s
 16312   443 5248.53900   90 4419 6486.00000 5248.53900  19.1%   906 4471s
 16314   445 5248.66291   56 4297 6486.00000 5248.66291  19.1%   906 4475s
 16321   449 5249.23476  209 4270 6486.00000 5249.23476  19.1%   906 4484s
 16322   450 5249.50857  174 4359 6486.00000 5249.50857  19.1%   906 4488s
 16323   451 5249.60220  102 4182 6486.00000 5249.60220  19.1%   906 4490s
 16330   455 5249.68063  156 4327 6486.00000 5249.68063  19.1%   905 4496s
 16331   456 5250.39602   57 4486 6486.00000 5250.39602  19.1%   905 4502s
 16332   457 5250.61313  120 4591 6486.00000 5250.61313  19.0%   905 4506s
 16333   457 5250.78609  193 4540 6486.00000 5250.78609  19.0%   905 4510s
 16339   461 5250.86963  413 4596 6486.00000 5250.86963  19.0%   905 4515s
 16340   462 5251.46588  117 4535 6486.00000 5251.46588  19.0%   905 4521s
 16341   463 5251.67689   95 4402 6486.00000 5251.67689  19.0%   905 4525s
 16347   467 5251.76267  174 4388 6486.00000 5251.76267  19.0%   905 4530s
 16349   468 5251.99247  169 4481 6486.00000 5251.99247  19.0%   904 4536s
 16350   469 5252.25173  259 4466 6486.00000 5252.25173  19.0%   904 4540s
 16354   471 5252.37304   41 4554 6486.00000 5252.37304  19.0%   904 4545s
 16359   475 5252.71276  224 4506 6486.00000 5252.71276  19.0%   904 4552s
 16360   475 5252.92788  217 4516 6486.00000 5252.92788  19.0%   904 4555s
 16366   479 5258.09145  605 4625 6486.00000 5252.99073  19.0%   903 4561s
 16367   480 5253.65042   92 4604 6486.00000 5253.65042  19.0%   903 4568s
 16368   481 5376.87108  699 4467 6486.00000 5253.91940  19.0%   903 4571s
 16371   483 5254.03292  294 4456 6486.00000 5254.03292  19.0%   903 4575s
 16377   487 5254.29158  211 4632 6486.00000 5254.29158  19.0%   903 4581s
 16382   490 5254.38069   76 4516 6486.00000 5254.38069  19.0%   903 4586s
 16383   491 5254.80239  180 4433 6486.00000 5254.80239  19.0%   903 4591s
 16385   492 5255.02652  196 4556 6486.00000 5255.02652  19.0%   902 4595s
 16390   495 5255.49257   81 4617 6486.00000 5255.49257  19.0%   902 4604s
 16391   496 5255.68191  390 4549 6486.00000 5255.68191  19.0%   902 4607s
 16393   497 5255.75320  219 4448 6486.00000 5255.75320  19.0%   902 4610s
 16401   503 5255.80167   11 4638 6486.00000 5255.80167  19.0%   902 4616s
 16403   504 5256.03082   41 4506 6486.00000 5256.03082  19.0%   901 4621s
 16408   507 5256.08255  427 4725 6486.00000 5256.08255  19.0%   901 4625s
 16412   510 5256.29803   90 4446 6486.00000 5256.29803  19.0%   901 4630s
 16415   512 5256.47061   96 4731 6486.00000 5256.47061  19.0%   901 4635s
 16421   516 5256.61165  209 4619 6486.00000 5256.61165  19.0%   900 4642s
 16424   518 5256.66007   92 4710 6486.00000 5256.66007  19.0%   900 4645s
 16429   521 5256.73619   46 4673 6486.00000 5256.73619  19.0%   900 4650s
 16433   524 5256.83467  193 4812 6486.00000 5256.83467  19.0%   900 4655s
 16438   527 5256.88697  248 4988 6486.00000 5256.88697  19.0%   900 4660s
 16439   528 5257.26205  413 4526 6486.00000 5257.26205  18.9%   899 4665s
 16441   529 5257.47711   95 4700 6486.00000 5257.47711  18.9%   899 4670s
 16448   534 5257.52312  268 4764 6486.00000 5257.52312  18.9%   899 4675s
 16450   535 5257.69808  259 4593 6486.00000 5257.69808  18.9%   899 4680s
 16456   539 5257.85167  225 4490 6486.00000 5257.85167  18.9%   899 4687s
 16458   541 5257.95728   45 4741 6486.00000 5257.95728  18.9%   898 4690s
 16463   544 5258.00376  120 4636 6486.00000 5258.00376  18.9%   898 4695s
 16466   546 5258.18720  605 4746 6486.00000 5258.18720  18.9%   898 4700s
 16471   549 5258.24547  294 4687 6486.00000 5258.24547  18.9%   898 4706s
 16473   551 5258.42729   59 4655 6486.00000 5258.42729  18.9%   898 4710s
 16478   554 5258.52723   35 4754 6486.00000 5258.52723  18.9%   897 4715s
 16481   556 5258.64580  170 4764 6486.00000 5258.64580  18.9%   897 4720s
 16486   559 5258.76077   38 4866 6486.00000 5258.76077  18.9%   897 4725s
 16489   561 5259.06141  432 4625 6486.00000 5259.06141  18.9%   897 4732s
 16491   563 5259.31286  390 4787 6486.00000 5259.31286  18.9%   897 4736s
 16494   565 5259.32830  222 4740 6486.00000 5259.32830  18.9%   896 4740s
 16496   566 5259.53833   44 4798 6486.00000 5259.53833  18.9%   896 4745s
 16503   571 5259.61437   41 4648 6486.00000 5259.61437  18.9%   896 4750s
 16505   572 5259.94278  170 4596 6486.00000 5259.94278  18.9%   896 4757s
 16506   573 5260.23298  207 4712 6486.00000 5260.23298  18.9%   896 4760s
 16508   574 5260.40893  427 4847 6486.00000 5260.40893  18.9%   896 4765s
 16517   580 5260.44411  202 4898 6486.00000 5260.44411  18.9%   895 4771s
 16518   581 5260.82252  203 4687 6486.00000 5260.82252  18.9%   895 4775s
 16521   583 5261.00910  209 4777 6486.00000 5261.00910  18.9%   895 4780s
 16526   586 5261.02514   84 4831 6486.00000 5261.02514  18.9%   895 4785s
 16529   588 5261.26017   46 4756 6486.00000 5261.26017  18.9%   895 4791s
 16533   591 5261.29167  193 4723 6486.00000 5261.29167  18.9%   894 4796s
 16534   591 5261.48597   50 4637 6486.00000 5261.48597  18.9%   894 4800s
 16539   595 5261.56422  413 4644 6486.00000 5261.56422  18.9%   894 4805s
 16541   596 5261.86181   95 4683 6486.00000 5261.86181  18.9%   894 4811s
 16546   599 5261.98308  183 4696 6486.00000 5261.98308  18.9%   894 4815s
 16550   602 5262.42872  259 4782 6486.00000 5262.42872  18.9%   893 4821s
 16552   603 5262.64623  221 4829 6486.00000 5262.64623  18.9%   893 4825s
 16559   608 5262.67937  224 4744 6486.00000 5262.67937  18.9%   893 4831s
 16560   609 5262.97179  217 4745 6486.00000 5262.97179  18.9%   893 4835s
 16564   611 5263.11074  141 4938 6486.00000 5263.11074  18.9%   893 4840s
 16568   614 5376.87108  699 4929 6486.00000 5263.45191  18.8%   892 4847s
 16569   615 5263.55160  131 4948 6486.00000 5263.55160  18.8%   892 4850s
 16575   619 5263.62646  187 5003 6486.00000 5263.62646  18.8%   892 4857s
 16576   619 5264.05758   94 4777 6486.00000 5264.05758  18.8%   892 4861s
 16578   621 5264.31652   35 4920 6486.00000 5264.31652  18.8%   892 4866s
 16583   624 5264.37898  180 5033 6486.00000 5264.37898  18.8%   892 4870s
 16586   626 5264.77508   38 4877 6486.00000 5264.77508  18.8%   891 4878s
 16587   627 5264.89453  596 4944 6486.00000 5264.89453  18.8%   891 4881s
 16592   630 5264.96018   23 5099 6486.00000 5264.96018  18.8%   891 4887s
 16593   631 5265.21785  219 4766 6486.00000 5265.21785  18.8%   891 4890s
 16595   632 5265.43707   37 4831 6486.00000 5265.43707  18.8%   891 4895s
 16602   637 5265.48569  199 4958 6486.00000 5265.48569  18.8%   891 4901s
 16603   637 5265.74820   41 4880 6486.00000 5265.74820  18.8%   891 4905s
 16608   641 5265.90003  427 4930 6486.00000 5265.90003  18.8%   890 4910s
 16611   643 5266.54811    9 4734 6486.00000 5266.54811  18.8%   890 4917s
 16612   643 5266.71383   90 4886 6486.00000 5266.71383  18.8%   890 4921s
 16618   647 5266.78898  203 5023 6486.00000 5266.78898  18.8%   890 4927s
 16619   648 5267.50154   86 4575 6486.00000 5267.50154  18.8%   890 4934s
 16620   649 5267.66041  188 4695 6486.00000 5267.66041  18.8%   890 4937s
 16623   651 5267.74872  102 4665 6486.00000 5267.74872  18.8%   889 4940s
 16631   656 5267.78429   57 4795 6486.00000 5267.78429  18.8%   889 4947s
 16632   657 5268.02971  120 4720 6486.00000 5268.02971  18.8%   889 4951s
 16635   659 5268.17519   24 4849 6486.00000 5268.17519  18.8%   889 4955s
 16640   662 5268.19978  117 4863 6486.00000 5268.19978  18.8%   889 4960s
 16641   663 5268.54891   95 4706 6486.00000 5268.54891  18.8%   889 4965s
 16643   664 5268.71876  224 4762 6486.00000 5268.71876  18.8%   888 4970s
 16648   667 5268.98124  268 4864 6486.00000 5268.98124  18.8%   888 4977s
 16649   668 5269.04970  169 4906 6486.00000 5269.04970  18.8%   888 4980s
 16654   671 5269.10272   41 4958 6486.00000 5269.10272  18.8%   888 4986s
 16655   672 5269.35113  282 4740 6486.00000 5269.35113  18.8%   888 4990s
 16658   674 5269.50095   45 4781 6486.00000 5269.50095  18.8%   888 4995s
 16664   678 5269.87077  141 4528 6486.00000 5269.87077  18.8%   887 5003s
 16665   679 5270.11640  175 4568 6486.00000 5270.11640  18.7%   887 5007s
 16667   680 5270.22312   92 4649 6486.00000 5270.22312  18.7%   887 5010s
 16673   684 5270.26497   59 4832 6486.00000 5270.26497  18.7%   887 5015s
 16675   685 5270.48352  187 4615 6486.00000 5270.48352  18.7%   887 5020s
 16681   689 5270.52853  170 4855 6486.00000 5270.52853  18.7%   886 5026s
 16683   691 5270.97765  180 4561 6486.00000 5270.97765  18.7%   886 5032s
 16689   695 5271.02424  432 4871 6486.00000 5271.02424  18.7%   886 5035s
 16692   697 5271.09252   23 4701 6486.00000 5271.09252  18.7%   886 5040s
 16696   699 5271.23364   44 4584 6486.00000 5271.23364  18.7%   886 5045s
 16703   704 5271.32648   41 4681 6486.00000 5271.32648  18.7%   885 5051s
 16705   705 5271.47083  170 4531 6486.00000 5271.47083  18.7%   885 5056s
 16712   710 5271.52795   90 4629 6486.00000 5271.52795  18.7%   885 5060s
 16715   712 5272.00536   96 4666 6486.00000 5272.00536  18.7%   885 5066s
 16717   713 5272.17678  202 4760 6486.00000 5272.17678  18.7%   884 5070s
 16723   717 5272.52013  102 4473 6486.00000 5272.52013  18.7%   884 5079s
 16724   718 5272.69272   92 4608 6486.00000 5272.69272  18.7%   884 5082s
 16726   719 5272.76673   84 4606 6486.00000 5272.76673  18.7%   884 5085s
 16733   724 5272.82110  193 4622 6486.00000 5272.82110  18.7%   884 5091s
 16736   727 5273.19277  170 14000 6486.00000 5273.19277  18.7%   933 5095s
 16738   728 5273.19277  248  980 6486.00000 5273.19277  18.7%   933 5105s
 16740   730 5273.19277  117 1035 6486.00000 5273.19277  18.7%   933 5112s
 16741   730 5273.19277   95 1179 6486.00000 5273.19277  18.7%   933 5118s
 16742   731 5273.19277  240 1459 6486.00000 5273.19277  18.7%   933 5126s
 16743   732 5273.19277  224 1591 6486.00000 5273.19277  18.7%   933 5138s
 16744   732 5273.19277  233 1778 6486.00000 5273.19277  18.7%   932 5155s
 16745   733 5273.19277  150 2214 6486.00000 5273.19277  18.7%   932 5173s
 16746   734 5273.19277  183 2167 6486.00000 5273.19277  18.7%   932 5195s
 16747   734 5273.19277  174 2306 6486.00000 5273.19277  18.7%   932 5213s
 16748   735 5273.19287  268 2578 6486.00000 5273.19287  18.7%   932 5233s
 16749   736 5273.19899  169 3049 6486.00000 5273.19899  18.7%   932 5253s
 16750   736 5273.19899  259 3170 6486.00000 5273.19899  18.7%   932 5271s
 16751   737 5273.19899  161 3536 6486.00000 5273.19899  18.7%   932 5287s
 16752   738 5273.19899  221 3839 6486.00000 5273.19899  18.7%   932 5304s
 16753   738 5273.19899   99 4085 6486.00000 5273.19899  18.7%   932 5319s
 16754   739 5273.19899   41 4269 6486.00000 5273.19899  18.7%   932 5331s
 16755   740 5273.19899  282 4394 6486.00000 5273.19899  18.7%   932 5339s
 16756   740 5273.19899  225 4393 6486.00000 5273.19899  18.7%   932 5346s
 16757   741 5273.19899   55 4569 6486.00000 5273.19899  18.7%   932 5352s
 16758   742 5273.19899   45 4397 6486.00000 5273.19899  18.7%   932 5355s
 16764   746 5273.19899  141 4475 6486.00000 5273.19899  18.7%   931 5362s
 16765   746 5274.30597  175 4137 6486.00000 5274.30597  18.7%   931 5371s
 16766   747 5274.53549  605 4154 6486.00000 5274.53549  18.7%   931 5375s
 16772   751 5274.60925  210 4213 6486.00000 5274.60925  18.7%   931 5382s
 16773   752 5275.22795   59 4281 6486.00000 5275.22795  18.7%   931 5387s
 16775   753 5275.45435  187 4324 6486.00000 5275.45435  18.7%   931 5391s
 16778   755 5275.46486   35 4408 6486.00000 5275.46486  18.7%   931 5395s
 16780   756 5276.02982  207 4455 6486.00000 5276.02982  18.7%   930 5402s
 16784   759 5276.10369  213 4382 6486.00000 5276.10369  18.7%   930 5405s
 16790   763 5276.12044   81 4354 6486.00000 5276.12044  18.7%   930 5411s
 16791   764 5276.52237  390 4340 6486.00000 5276.52237  18.6%   930 5415s
 16795   766 5276.66939   37 4289 6486.00000 5276.66939  18.6%   930 5420s
 16799   769 5276.69089   38 4436 6486.00000 5276.69089  18.6%   929 5425s
 16800   770 5277.06150  173 4437 6486.00000 5277.06150  18.6%   929 5443s
 16801   770 5277.14299   11 4498 6486.00000 5277.14299  18.6%   929 5445s
 16806   774 5277.17152  207 4577 6486.00000 5277.17152  18.6%   929 5450s
 16808   775 5277.64461  427 4278 6486.00000 5277.64461  18.6%   929 5457s
 16812   778 5277.67938   90 4431 6486.00000 5277.67938  18.6%   929 5460s
 16815   780 5277.89842   96 4478 6486.00000 5277.89842  18.6%   929 5467s
 16816   780 5278.00541  100 4255 6486.00000 5278.00541  18.6%   929 5470s
 16821   784 5278.04195  209 4463 6486.00000 5278.04195  18.6%   928 5476s
 16823   785 5278.27045  102 4336 6486.00000 5278.27045  18.6%   928 5481s
 16829   789 5278.31504   46 4416 6486.00000 5278.31504  18.6%   928 5488s
 16830   790 5278.66376  156 4403 6486.00000 5278.66376  18.6%   928 5492s
 16832   791 5278.80044  120 4473 6486.00000 5278.80044  18.6%   928 5495s
 16836   794 5278.82059  170 4597 6486.00000 5278.82059  18.6%   927 5500s
 16838   795 5279.08581  248 4533 6486.00000 5279.08581  18.6%   927 5505s
 16845   800 5279.13209  150 4389 6486.00000 5279.13209  18.6%   927 5512s
 16846   800 5279.34206  183 4356 6486.00000 5279.34206  18.6%   927 5515s
 16850   803 5279.39334  259 4462 6486.00000 5279.39334  18.6%   927 5521s
 16852   804 5279.51934  221 4306 6486.00000 5279.51934  18.6%   927 5525s
 16859   809 5279.53752  224 4305 6486.00000 5279.53752  18.6%   926 5531s
 16861   810 5279.69877  119 4470 6486.00000 5279.69877  18.6%   926 5535s
 16864   812 5279.71795  141 4510 6486.00000 5279.71795  18.6%   926 5540s
 16866   814 5279.90214  605 4495 6486.00000 5279.90214  18.6%   926 5545s
 16870   816 5279.92070   64 4440 6486.00000 5279.92070  18.6%   926 5553s
 16871   817 5280.49094  294 4270 6486.00000 5280.49094  18.6%   925 5561s
 16873   818 5280.71461   59 4475 6486.00000 5280.71461  18.6%   925 5566s
 16878   822 5280.75725   35 4501 6486.00000 5280.75725  18.6%   925 5575s
 16879   822 5281.28035  214 4443 6486.00000 5281.28035  18.6%   925 5582s
 16880   823 5281.41483  207 4540 6486.00000 5281.41483  18.6%   925 5585s
 16884   826 5281.63389  213 4576 6486.00000 5281.63389  18.6%   925 5593s
 16885   826 5281.69111  196 4540 6486.00000 5281.69111  18.6%   925 5595s
 16890   830 5281.72375   81 4547 6486.00000 5281.72375  18.6%   924 5600s
 16893   832 5281.86016  219 4640 6486.00000 5281.86016  18.6%   924 5605s
H16898   790                    6480.0000000 5281.98844  18.5%   924 5618s
H16898   748                    6476.0000000 5281.98844  18.4%   924 5619s
H16898   708                    6474.0000000 5281.98844  18.4%   924 5620s
 16899   709 5281.98844   38 4559 6474.00000 5281.98844  18.4%   924 5625s
 16901   710 5282.05128   11 4461 6474.00000 5282.05128  18.4%   924 5630s
 16907   714 5282.10192  146 4644 6474.00000 5282.10192  18.4%   924 5636s
 16908   715 5282.53413  427 4361 6474.00000 5282.53413  18.4%   923 5641s
 16911   717 5282.72748    9 4495 6474.00000 5282.72748  18.4%   923 5645s
 16914   719 5282.90576   56 4483 6474.00000 5282.90576  18.4%   923 5650s
 16919   722 5282.97149   86 4559 6474.00000 5282.97149  18.4%   923 5656s
 16921   723 5283.12715  209 4539 6474.00000 5283.12715  18.4%   923 5660s
 16926   727 5283.21971   84 4520 6474.00000 5283.21971  18.4%   922 5666s
 16930   729 5283.24583  156 4494 6474.00000 5283.24583  18.4%   922 5670s
 16935   733 5283.33835   24 4560 6474.00000 5283.33835  18.4%   922 5676s
 16938   735 5283.62112  248 4553 6474.00000 5283.62112  18.4%   922 5680s
 16944   739 5283.76594  233 4560 6474.00000 5283.76594  18.4%   921 5686s
 16950   743 5283.82197  259 4760 6474.00000 5283.82197  18.4%   921 5692s
 16952   744 5284.05968  221 4668 6474.00000 5284.05968  18.4%   921 5696s
 16956   747 5284.08768  225 4707 6474.00000 5284.08768  18.4%   921 5700s
 16960   749 5284.24455  217 4843 6474.00000 5284.24455  18.4%   921 5705s
 16962   751 5284.47044  201 4775 6474.00000 5284.47044  18.4%   921 5710s
 16967   754 5284.58087   92 4619 6474.00000 5284.58087  18.4%   920 5715s
 16970   756 5284.76675   64 4634 6474.00000 5284.76675  18.4%   920 5721s
 16975   759 5284.88222  187 4663 6474.00000 5284.88222  18.4%   920 5725s
 16979   762 5285.25527  214 4460 6474.00000 5285.25527  18.4%   920 5732s
 16981   763 5285.36625  170 4698 6474.00000 5285.36625  18.4%   919 5735s
 16986   767 5285.40796   38 4720 6474.00000 5285.40796  18.4%   919 5740s
 16987   767 5286.13208  596 4576 6474.00000 5286.13208  18.3%   919 5747s
 16988   768 5286.38917   72 4613 6474.00000 5286.38917  18.3%   919 5750s
 16991   770 5286.56206  390 4729 6474.00000 5286.56206  18.3%   919 5755s
 16997   774 5286.83416   93 4763 6474.00000 5286.83416  18.3%   919 5764s
 16998   775 5286.92707   28 4717 6474.00000 5286.92707  18.3%   919 5766s
 17004   779 5286.98674  200 4890 6474.00000 5286.98674  18.3%   918 5771s
 17005   779 5287.44468  170 4653 6474.00000 5287.44468  18.3%   918 5776s
 17009   782 5287.52764  191 4886 6474.00000 5287.52764  18.3%   918 5781s
 17010   783 5287.83411  223 4793 6474.00000 5287.83411  18.3%   918 5785s
 17014   785 5287.95617   56 4932 6474.00000 5287.95617  18.3%   918 5790s
 17016   787 5288.19827  100 4910 6474.00000 5288.19827  18.3%   918 5796s
 17022   791 5288.24165  174 4981 6474.00000 5288.24165  18.3%   917 5801s
 17024   792 5288.54669   92 4866 6474.00000 5288.54669  18.3%   917 5806s
 17028   795 5288.58263  240 4919 6474.00000 5288.58263  18.3%   917 5810s
 17030   796 5288.75710  156 4846 6474.00000 5288.75710  18.3%   917 5815s
 17035   799 5288.83320   24 4763 6474.00000 5288.83320  18.3%   917 5820s
 17040   803 5288.87286  117 4821 6474.00000 5288.87286  18.3%   916 5825s
 17044   805 5288.91176  233 4916 6474.00000 5288.91176  18.3%   916 5830s
 17050   809 5289.00061  259 4879 6474.00000 5289.00061  18.3%   916 5836s
 17052   811 5289.12016  221 4858 6474.00000 5289.12016  18.3%   916 5840s
 17056   813 5289.22777  225 4785 6474.00000 5289.22777  18.3%   915 5845s
 17061   817 5289.32111  119 4826 6474.00000 5289.32111  18.3%   915 5850s
 17064   819 5289.44445  141 4822 6474.00000 5289.44445  18.3%   915 5855s
 17067   821 5289.55570   92 4831 6474.00000 5289.55570  18.3%   915 5860s
 17071   823 5289.64391  294 4913 6474.00000 5289.64391  18.3%   915 5865s
 17075   826 5289.67231  187 4887 6474.00000 5289.67231  18.3%   914 5870s
 17084   832 5289.71766  213 4793 6474.00000 5289.71766  18.3%   914 5876s
 17087   834 5289.84756  596 4748 6474.00000 5289.84756  18.3%   914 5880s
 17090   836 5290.05474   81 4772 6474.00000 5290.05474  18.3%   914 5887s
 17094   839 5290.12759  222 4842 6474.00000 5290.12759  18.3%   913 5891s
 17096   840 5290.25370   44 4819 6474.00000 5290.25370  18.3%   913 5895s
 17102   844 5290.30618  199 4853 6474.00000 5290.30618  18.3%   913 5900s
 17107   847 5290.44574  146 4914 6474.00000 5290.44574  18.3%   913 5905s
 17110   849 5290.55477  223 4838 6474.00000 5290.55477  18.3%   913 5910s
 17115   853 5290.59659   96 4946 6474.00000 5290.59659  18.3%   912 5915s
 17119   855 5290.66504   86 4789 6474.00000 5290.66504  18.3%   912 5920s
 17123   858 5290.77555  102 4898 6474.00000 5290.77555  18.3%   912 5925s
 17126   860 5290.91270   84 4749 6474.00000 5290.91270  18.3%   912 5930s
 17131   863 5290.97986   57 4830 6474.00000 5290.97986  18.3%   911 5936s
 17132   864 5291.23371  120 4647 6474.00000 5291.23371  18.3%   911 5940s
 17136   867 5291.46076  170 4928 6474.00000 5291.46076  18.3%   911 5945s
 17138   868 5291.68709  248 4743 6474.00000 5291.68709  18.3%   911 5950s
 17142   871 5291.82495  240 4820 6474.00000 5291.82495  18.3%   911 5955s
 17149   875 5292.21167  169 4921 6474.00000 5292.21167  18.3%   910 5963s
 17150   876 5292.31987  259 4928 6474.00000 5292.31987  18.3%   910 5965s
 17157   881 5292.36909   55 5024 6474.00000 5292.36909  18.3%   910 5970s
 17160   883 5292.52180  217 5056 6474.00000 5292.52180  18.2%   910 5975s
 17166   887 5292.68553  605 4885 6474.00000 5292.68553  18.2%   910 5981s
 17170   889 5292.73152   64 5046 6474.00000 5292.73152  18.2%   909 5986s
 17172   891 5292.99327  210 5031 6474.00000 5292.99327  18.2%   909 5991s
 17176   893 5293.02775   94 5117 6474.00000 5293.02775  18.2%   909 5995s
 17178   895 5293.19940   35 5000 6474.00000 5293.19940  18.2%   909 6000s
 17183   898 5293.28510  180 4948 6474.00000 5293.28510  18.2%   909 6006s
 17189   902 5293.32511  432 5131 6474.00000 5293.32511  18.2%   908 6012s
 17191   903 5293.48774  390 5047 6474.00000 5293.48774  18.2%   908 6015s
 17197   907 5293.52380   93 4950 6474.00000 5293.52380  18.2%   908 6020s
 17200   909 5293.64426  173 4988 6474.00000 5293.64426  18.2%   908 6025s
 17204   912 5293.69421  200 4866 6474.00000 5293.69421  18.2%   908 6030s
 17208   915 5293.75868  427 4849 6474.00000 5293.75868  18.2%   907 6035s
 17213   918 5293.81398  118 4998 6474.00000 5293.81398  18.2%   907 6040s
 17218   921 5293.91367  203 5014 6474.00000 5293.91367  18.2%   907 6045s
 17221   923 5294.03904  209 4865 6474.00000 5294.03904  18.2%   907 6050s
 17226   927 5294.07593   84 5001 6474.00000 5294.07593  18.2%   906 6055s
 17228   928 5294.28034  240 4634 6474.00000 5294.28034  18.2%   906 6060s
 17234   932 5294.32722   50 4753 6474.00000 5294.32722  18.2%   906 6066s
 17240   936 5294.38982  117 4784 6474.00000 5294.38982  18.2%   906 6071s
 17242   937 5294.51074  240 4749 6474.00000 5294.51074  18.2%   906 6075s
 17247   941 5294.75652  174 4777 6474.00000 5294.75652  18.2%   905 6083s
 17248   941 5294.86206  268 4645 6474.00000 5294.86206  18.2%   905 6085s
H17254   889                    6470.0000000 5295.22885  18.2%   905 6228s
 17255   890 5295.22885  282 4767 6470.00000 5295.22885  18.2%   905 6276s
H17255   837                    6464.0000000 5295.34097  18.1%   905 6305s
 17258   839 5295.66369   45 4771 6464.00000 5295.66369  18.1%   905 6310s
 17264   843 5295.68873  141 4798 6464.00000 5295.68873  18.1%   904 6315s
 17266   844 5296.15910  605 4781 6464.00000 5296.15910  18.1%   904 6321s
 17269   846 5296.24968  131 4871 6464.00000 5296.24968  18.1%   904 6325s
 17274   850 5296.54776  127 4733 6464.00000 5296.54776  18.1%   904 6333s
 17275   850 5296.63496  187 4917 6464.00000 5296.63496  18.1%   904 6335s
 17280   854 5296.73234  207 4886 6464.00000 5296.73234  18.1%   904 6340s
 17282   855 5297.05697   76 4616 6464.00000 5297.05697  18.1%   903 6346s
 17285   857 5297.15730  196 4871 6464.00000 5297.15730  18.1%   903 6350s
 17289   860 5297.40629  432 4795 6464.00000 5297.40629  18.0%   903 6357s
 17291   861 5297.51323  390 4911 6464.00000 5297.51323  18.0%   903 6360s
 17295   864 5297.78718   37 4806 6464.00000 5297.78718  18.0%   903 6366s
 17297   865 5297.90197   93 4929 6464.00000 5297.90197  18.0%   903 6370s
 17302   868 5298.09311  199 4729 6464.00000 5298.09311  18.0%   902 6376s
 17306   871 5298.16147  207 4900 6464.00000 5298.16147  18.0%   902 6380s
 17310   874 5298.30795  223 4923 6464.00000 5298.30795  18.0%   902 6385s
 17315   877 5298.37471   96 4855 6464.00000 5298.37471  18.0%   902 6391s
 17316   878 5298.65940  100 5022 6464.00000 5298.65940  18.0%   902 6395s
H17317   824                    6463.0000000 5298.75184  18.0%   902 6398s
 17320   826 5298.75877  188 4984 6463.00000 5298.75877  18.0%   901 6401s
 17323   828 5298.83588  102 4952 6463.00000 5298.83588  18.0%   901 6405s
 17329   832 5298.91931   46 5076 6463.00000 5298.91931  18.0%   901 6411s
 17334   836 5298.99417   50 4903 6463.00000 5298.99417  18.0%   901 6416s
 17338   838 5299.03265  248 4996 6463.00000 5299.03265  18.0%   901 6421s
 17339   839 5299.40971  413 4802 6463.00000 5299.40971  18.0%   900 6425s
 17341   840 5299.69204   95 4866 6463.00000 5299.69204  18.0%   900 6430s
 17345   843 5299.74475  150 4840 6463.00000 5299.74475  18.0%   900 6435s
 17348   845 5299.89252  268 4858 6463.00000 5299.89252  18.0%   900 6440s
 17351   847 5300.06626  161 4858 6463.00000 5300.06626  18.0%   900 6445s
 17356   850 5300.12527  225 4800 6463.00000 5300.12527  18.0%   900 6451s
 17358   852 5300.29097   45 4868 6463.00000 5300.29097  18.0%   900 6455s
 17362   854 5300.31901  201 4992 6463.00000 5300.31901  18.0%   899 6460s
 17365   856 5300.53954  175 4876 6463.00000 5300.53954  18.0%   899 6465s
 17370   860 5300.88463   64 4821 6463.00000 5300.88463  18.0%   899 6473s
 17371   860 5301.00841  294 4951 6463.00000 5301.00841  18.0%   899 6475s
 17375   863 5301.06091  187 4816 6463.00000 5301.06091  18.0%   899 6480s
 17380   866 5301.20436  207 4940 6463.00000 5301.20436  18.0%   898 6487s
 17381   867 5301.30700  170 4797 6463.00000 5301.30700  18.0%   898 6490s
 17385   870 5301.45806  196 4908 6463.00000 5301.45806  18.0%   898 6496s
 17389   872 5301.49120  432 4892 6463.00000 5301.49120  18.0%   898 6501s
 17391   874 5301.65503  390 5080 6463.00000 5301.65503  18.0%   898 6506s
 17395   876 5301.71262   37 5120 6463.00000 5301.71262  18.0%   898 6510s
 17401   880 5301.94416   11 4927 6463.00000 5301.94416  18.0%   897 6518s
 17402   881 5302.07920  199 5179 6463.00000 5302.07920  18.0%   897 6520s
 17408   885 5302.11131  427 5038 6463.00000 5302.11131  18.0%   897 6526s
 17410   886 5302.30895  223 4797 6463.00000 5302.30895  18.0%   897 6530s
 17415   890 5302.33997   96 4912 6463.00000 5302.33997  18.0%   897 6535s
 17416   890 5302.83429  100 4889 6463.00000 5302.83429  18.0%   897 6540s
 17418   892 5303.10194  203 5073 6463.00000 5303.10194  17.9%   896 6546s
 17422   894 5303.15784  174 5186 6463.00000 5303.15784  17.9%   896 6551s
 17423   895 5303.35858  102 5066 6463.00000 5303.35858  17.9%   896 6555s
 17428   898 5303.50543  240 5097 6463.00000 5303.50543  17.9%   896 6562s
 17431   902 5303.67308   57 14000 6463.00000 5303.67308  17.9%   928 6565s
 17433   903 5303.67308  193  980 6463.00000 5303.67308  17.9%   928 6575s
 17435   905 5303.67308   24 1101 6463.00000 5303.67308  17.9%   927 6582s
 17436   905 5303.67308  170 1199 6463.00000 5303.67308  17.9%   927 6588s
 17437   906 5303.67308  160 1453 6463.00000 5303.67308  17.9%   927 6599s
H17437   860                    6459.0000000 5303.67308  17.9%   927 6611s
 17439   861 5303.67308  413 1882 6459.00000 5303.67308  17.9%   927 6630s
 17440   862 5303.67308  117 2014 6459.00000 5303.67308  17.9%   927 6652s
 17441   863 5303.67308   95 2300 6459.00000 5303.67308  17.9%   927 6675s
 17442   863 5303.67308  240 2538 6459.00000 5303.67308  17.9%   927 6697s
 17443   864 5303.68653  224 2830 6459.00000 5303.68653  17.9%   927 6718s
 17444   865 5303.76145  233 2835 6459.00000 5303.76145  17.9%   927 6739s
 17445   865 5303.76145  150 3308 6459.00000 5303.76145  17.9%   927 6759s
 17446   866 5303.76145  183 3373 6459.00000 5303.76145  17.9%   927 6778s
 17447   867 5303.76145  174 3720 6459.00000 5303.76145  17.9%   927 6795s
 17448   867 5303.76145  268 4200 6459.00000 5303.76145  17.9%   927 6810s
 17449   868 5303.76145  169 4193 6459.00000 5303.76145  17.9%   927 6824s
 17450   869 5303.76145  259 4496 6459.00000 5303.76145  17.9%   927 6835s
 17451   869 5303.76145  161 4584 6459.00000 5303.76145  17.9%   927 6842s
 17452   870 5303.76145  221 4753 6459.00000 5303.76145  17.9%   927 6848s
 17453   871 5303.76145   99 4691 6459.00000 5303.76145  17.9%   926 6853s
 17454   871 5303.76145   41 5185 6459.00000 5303.76145  17.9%   926 6857s
 17456   873 5303.76145  225 5084 6459.00000 5303.76145  17.9%   926 6860s
 17460   875 5303.76145  217 5017 6459.00000 5303.76145  17.9%   926 6866s
 17461   876 5304.32326  119 4792 6459.00000 5304.32326  17.9%   926 6872s
 17463   877 5304.47135  120 4716 6459.00000 5304.47135  17.9%   926 6875s
 17466   879 5304.48738  605 4788 6459.00000 5304.48738  17.9%   926 6880s
 17468   881 5376.87108  699 4961 6459.00000 5304.77815  17.9%   926 6886s
 17471   883 5304.78804  294 5001 6459.00000 5304.78804  17.9%   926 6890s
 17473   884 5305.18164   59 4729 6459.00000 5305.18164  17.9%   925 6896s
 17477   887 5305.24332  211 4881 6459.00000 5305.24332  17.9%   925 6900s
 17480   889 5305.40855  207 4871 6459.00000 5305.40855  17.9%   925 6907s
 17482   890 5305.47394   76 4961 6459.00000 5305.47394  17.9%   925 6910s
 17486   893 5305.48273   38 4929 6459.00000 5305.48273  17.9%   925 6915s
 17487   893 5305.70606  596 4843 6459.00000 5305.70606  17.9%   925 6927s
 17489   895 5305.74275  432 5013 6459.00000 5305.74275  17.9%   925 6930s
 17492   897 5305.74823   23 4970 6459.00000 5305.74823  17.9%   924 6935s
 17495   899 5305.99393   37 4904 6459.00000 5305.99393  17.9%   924 6940s
 17498   901 5306.00105   28 4959 6459.00000 5306.00105  17.9%   924 6945s
 17500   902 5306.15379  173 4791 6459.00000 5306.15379  17.8%   924 6950s
 17504   905 5306.18394  200 4899 6459.00000 5306.18394  17.8%   924 6957s
 17505   905 5306.55405  170 4729 6459.00000 5306.55405  17.8%   924 6962s
 17507   907 5306.68405  146 4957 6459.00000 5306.68405  17.8%   924 6965s
 17511   909 5306.69449    9 5085 6459.00000 5306.69449  17.8%   923 6972s
 17512   910 5306.86277   90 4722 6459.00000 5306.86277  17.8%   923 6975s
 17516   913 5306.97227  100 4843 6459.00000 5306.97227  17.8%   923 6983s
 17517   913 5307.30737  202 4724 6459.00000 5307.30737  17.8%   923 6987s
 17519   915 5307.44197   86 4645 6459.00000 5307.44197  17.8%   923 6990s
 17523   917 5307.45845  102 4756 6459.00000 5307.45845  17.8%   923 6997s
 17524   918 5307.75082   92 4833 6459.00000 5307.75082  17.8%   923 7018s
 17525   919 5307.83546   54 4750 6459.00000 5307.83546  17.8%   923 7023s
 17527   920 5307.86614   94 4804 6459.00000 5307.86614  17.8%   923 7025s
 17530   922 5308.15885  156 4797 6459.00000 5308.15885  17.8%   922 7033s
 17531   923 5308.23730   57 4582 6459.00000 5308.23730  17.8%   922 7036s
 17537   927 5308.28926  160 4658 6459.00000 5308.28926  17.8%   922 7043s
 17538   927 5308.42344  248 4815 6459.00000 5308.42344  17.8%   922 7045s
 17543   931 5308.48922  224 4838 6459.00000 5308.48922  17.8%   922 7053s
 17544   931 5308.61425  233 4731 6459.00000 5308.61425  17.8%   922 7055s
 17550   935 5308.67150  259 4753 6459.00000 5308.67150  17.8%   921 7064s
 17551   936 5309.08738  161 4597 6459.00000 5309.08738  17.8%   921 7069s
 17552   937 5309.22634  221 4842 6459.00000 5309.22634  17.8%   921 7072s
 17555   939 5309.28140  282 4827 6459.00000 5309.28140  17.8%   921 7075s
 17557   940 5309.28578   55 4918 6459.00000 5309.28578  17.8%   921 7080s
 17558   941 5309.85280   45 4709 6459.00000 5309.85280  17.8%   921 7086s
 17560   942 5310.17548  217 4709 6459.00000 5310.17548  17.8%   921 7091s
 17564   945 5310.20898  141 4761 6459.00000 5310.20898  17.8%   921 7096s
 17565   945 5310.47946  175 4703 6459.00000 5310.47946  17.8%   921 7100s
 17570   949 5310.60161   64 4831 6459.00000 5310.60161  17.8%   920 7106s
 17571   949 5310.88092  294 4693 6459.00000 5310.88092  17.8%   920 7110s
 17575   952 5311.01366  187 4573 6459.00000 5311.01366  17.8%   920 7115s
 17580   955 5311.16012  207 4810 6459.00000 5311.16012  17.8%   920 7122s
 17582   957 5311.23405   76 4796 6459.00000 5311.23405  17.8%   920 7125s
 17588   961 5311.29199   72 4756 6459.00000 5311.29199  17.8%   919 7131s
 17593   964 5311.41445  219 4933 6459.00000 5311.41445  17.8%   919 7137s
 17598   967 5311.45634   28 5085 6459.00000 5311.45634  17.8%   919 7142s
 17599   968 5311.67414   38 4686 6459.00000 5311.67414  17.8%   919 7145s
 17603   971 5311.78536   41 4741 6459.00000 5311.78536  17.8%   919 7150s
 17607   973 5312.09105  146 4677 6459.00000 5312.09105  17.8%   918 7156s
 17608   974 5312.22439  427 4610 6459.00000 5312.22439  17.8%   918 7160s
 17613   977 5312.39997  118 4551 6459.00000 5312.39997  17.8%   918 7167s
 17614   978 5312.49750   56 4671 6459.00000 5312.49750  17.8%   918 7170s
 17619   981 5312.58165   86 4746 6459.00000 5312.58165  17.7%   918 7175s
 17625   985 5312.64491   54 4799 6459.00000 5312.64491  17.7%   917 7181s
 17627   987 5312.76985   94 4719 6459.00000 5312.76985  17.7%   917 7185s
 17632   990 5312.79470  120 4915 6459.00000 5312.79470  17.7%   917 7190s
 17634   991 5313.03740   50 4741 6459.00000 5313.03740  17.7%   917 7195s
 17638   994 5313.10250  248 4929 6459.00000 5313.10250  17.7%   917 7201s
 17642   997 5313.14737  240 4856 6459.00000 5313.14737  17.7%   917 7206s
 17647  1000 5313.16661  174 4906 6459.00000 5313.16661  17.7%   916 7211s
 17650  1002 5313.23825  259 4907 6459.00000 5313.23825  17.7%   916 7215s
 17654  1005 5313.31180   41 4869 6459.00000 5313.31180  17.7%   916 7220s
 17659  1008 5313.47605  224 4794 6459.00000 5313.47605  17.7%   916 7227s
 17663  1011 5313.53998  120 4921 6459.00000 5313.53998  17.7%   915 7230s
 17669  1015 5313.64753  131 4862 6459.00000 5313.64753  17.7%   915 7236s
 17673  1017 5313.68688   59 4810 6459.00000 5313.68688  17.7%   915 7240s
 17678  1021 5313.73093   35 4742 6459.00000 5313.73093  17.7%   915 7245s
 17683  1024 5313.79852  180 4678 6459.00000 5313.79852  17.7%   914 7250s
 17688  1027 5313.91532   72 4727 6459.00000 5313.91532  17.7%   914 7256s
 17690  1029 5314.10590   81 4670 6459.00000 5314.10590  17.7%   914 7260s
 17696  1033 5314.20820   44 4778 6459.00000 5314.20820  17.7%   914 7267s
 17700  1035 5314.25571  173 4804 6459.00000 5314.25571  17.7%   914 7271s
 17701  1036 5314.48935   11 4553 6459.00000 5314.48935  17.7%   914 7275s
 17705  1039 5314.67065  170 4816 6459.00000 5314.67065  17.7%   913 7280s
 17707  1040 5314.82277  146 4718 6459.00000 5314.82277  17.7%   913 7285s
 17712  1043 5314.93978   90 4778 6459.00000 5314.93978  17.7%   913 7291s
 17716  1046 5315.03240  100 4717 6459.00000 5315.03240  17.7%   913 7295s
 17721  1049 5315.13807  209 4788 6459.00000 5315.13807  17.7%   912 7301s
 17725  1052 5315.48898   54 4781 6459.00000 5315.48898  17.7%   912 7308s
 17726  1053 5315.62110   84 4837 6459.00000 5315.62110  17.7%   912 7310s
 17731  1056 5315.70130   57 4987 6459.00000 5315.70130  17.7%   912 7316s
 17733  1057 5315.99971  193 4958 6459.00000 5315.99971  17.7%   912 7322s
 17736  1059 5316.05326  170 4949 6459.00000 5316.05326  17.7%   912 7325s
 17738  1061 5316.32423  248 4841 6459.00000 5316.32423  17.7%   912 7331s
 17740  1062 5316.45458  117 4948 6459.00000 5316.45458  17.7%   911 7335s
 17745  1065 5316.71314  150 4850 6459.00000 5316.71314  17.7%   911 7343s
 17747  1067 5316.76720  174 4962 6459.00000 5316.76720  17.7%   911 7345s
 17751  1069 5316.87021  161 4798 6459.00000 5316.87021  17.7%   911 7351s
 17756  1073 5316.92602  225 4943 6459.00000 5316.92602  17.7%   911 7356s
 17758  1074 5317.11146   45 4856 6459.00000 5317.11146  17.7%   911 7360s
 17763  1077 5317.16045  120 4979 6459.00000 5317.16045  17.7%   910 7366s
 17765  1079 5317.31821  175 4967 6459.00000 5317.31821  17.7%   910 7370s
 17770  1082 5317.38555   64 5063 6459.00000 5317.38555  17.7%   910 7375s
 17774  1085 5317.50360  127 5033 6459.00000 5317.50360  17.7%   910 7380s
 17778  1087 5317.55289   35 4839 6459.00000 5317.55289  17.7%   910 7385s
 17783  1091 5317.64581  180 4927 6459.00000 5317.64581  17.7%   909 7391s
 17789  1095 5317.67225  432 4972 6459.00000 5317.67225  17.7%   909 7396s
 17791  1096 5317.83946  390 5009 6459.00000 5317.83946  17.7%   909 7400s
 17797  1100 5317.89729   93 4984 6459.00000 5317.89729  17.7%   909 7406s
 17801  1103 5317.95482   11 4988 6459.00000 5317.95482  17.7%   908 7411s
 17804  1105 5318.02816  200 5007 6459.00000 5318.02816  17.7%   908 7415s
 17809  1108 5318.11546  191 4856 6459.00000 5318.11546  17.7%   908 7421s
 17813  1111 5318.13065  118 5024 6459.00000 5318.13065  17.7%   908 7425s
 17817  1113 5318.22484  202 5017 6459.00000 5318.22484  17.7%   908 7431s
 17820  1115 5318.29632  188 4940 6459.00000 5318.29632  17.7%   907 7435s
 17824  1118 5318.38042   92 4809 6459.00000 5318.38042  17.7%   907 7440s
 17828  1121 5318.53814  240 4741 6459.00000 5318.53814  17.7%   907 7446s
 17832  1123 5318.63508  120 4610 6459.00000 5318.63508  17.7%   907 7450s
 17835  1125 5318.76902   24 4860 6459.00000 5318.76902  17.7%   907 7455s
 17839  1128 5318.84806  413 5069 6459.00000 5318.84806  17.7%   906 7461s
 17841  1129 5319.07071   95 4859 6459.00000 5319.07071  17.6%   906 7465s
 17846  1133 5319.10604  183 4853 6459.00000 5319.10604  17.6%   906 7470s
 17851  1136 5319.25461  161 4972 6459.00000 5319.25461  17.6%   906 7476s
 17852  1137 5319.45658  221 4916 6459.00000 5319.45658  17.6%   906 7480s
 17857  1140 5319.55322   55 4945 6459.00000 5319.55322  17.6%   906 7485s
 17862  1143 5319.65505  201 4933 6459.00000 5319.65505  17.6%   905 7491s
 17865  1145 5319.66800  175 5016 6459.00000 5319.66800  17.6%   905 7495s
 17870  1149 5319.75017   64 5005 6459.00000 5319.75017  17.6%   905 7500s
H17872  1085                    6454.0000000 5319.75812  17.6%   905 7504s
H17872  1024                    6448.0000000 5319.75812  17.5%   905 7506s
 17876  1027 5319.82084   94 5059 6448.00000 5319.82084  17.5%   905 7511s
 17881  1030 5319.85803  170 5067 6448.00000 5319.85803  17.5%   904 7516s
 17883  1031 5320.17867  180 5012 6448.00000 5320.17867  17.5%   904 7521s
 17887  1034 5320.19808  596 4975 6448.00000 5320.19808  17.5%   904 7526s
 17891  1037 5320.24140  390 5035 6448.00000 5320.24140  17.5%   904 7530s
 17894  1039 5320.46593  222 4885 6448.00000 5320.46593  17.5%   904 7537s
 17897  1041 5320.48218   93 5060 6448.00000 5320.48218  17.5%   903 7541s
 17899  1042 5320.68573   38 5074 6448.00000 5320.68573  17.5%   903 7545s
 17904  1045 5320.75117  200 5056 6448.00000 5320.75117  17.5%   903 7552s
 17905  1046 5321.05535  170 4803 6448.00000 5321.05535  17.5%   903 7556s
 17907  1047 5321.28941  146 5168 6448.00000 5321.28941  17.5%   903 7561s
 17912  1051 5321.32883   90 4949 6448.00000 5321.32883  17.5%   903 7566s
 17913  1051 5321.66135  118 4673 6448.00000 5321.66135  17.5%   903 7571s
 17915  1053 5321.83247   96 4695 6448.00000 5321.83247  17.5%   903 7575s
 17921  1057 5321.86230  209 4766 6448.00000 5321.86230  17.5%   902 7580s
H17921   996                    6446.0000000 5321.90611  17.4%   902 7584s
H17921   938                    6443.0000000 5321.90611  17.4%   902 7584s
 17922   938 5321.90611  174 4702 6443.00000 5321.90611  17.4%   902 7585s
 17928   942 5321.94670  240 4683 6443.00000 5321.94670  17.4%   902 7591s
 17930   944 5322.02812  156 4824 6443.00000 5322.02812  17.4%   902 7595s
 17937   948 5322.09628  160 4825 6443.00000 5322.09628  17.4%   901 7601s
 17941   951 5322.12656   95 4907 6443.00000 5322.12656  17.4%   901 7606s
 17943   952 5322.42779  224 4815 6443.00000 5322.42779  17.4%   901 7611s
 17948   956 5322.50199  268 5045 6443.00000 5322.50199  17.4%   901 7617s
 17949   956 5322.82347  169 4722 6443.00000 5322.82347  17.4%   901 7621s
 17951   958 5322.93148  161 4924 6443.00000 5322.93148  17.4%   901 7625s
 17954   960 5323.13885   41 4633 6443.00000 5323.13885  17.4%   901 7631s
 17956   961 5323.29420  225 4857 6443.00000 5323.29420  17.4%   901 7636s
 17961   964 5323.46536  119 4849 6443.00000 5323.46536  17.4%   900 7643s
 17963   966 5323.54400  120 4882 6443.00000 5323.54400  17.4%   900 7646s
 17968   969 5376.87108  699 4917 6443.00000 5323.56887  17.4%   900 7650s
 17971   971 5323.76389  294 4891 6443.00000 5323.76389  17.4%   900 7656s
 17976   974 5323.86614   94 4722 6443.00000 5323.86614  17.4%   900 7675s
 17982   978 5324.10968   76 4597 6443.00000 5324.10968  17.4%   899 7682s
 17985   980 5324.17253  196 4704 6443.00000 5324.17253  17.4%   899 7685s
 17989   983 5324.34109  432 4708 6443.00000 5324.34109  17.4%   899 7691s
 17995   987 5324.45836   37 4949 6443.00000 5324.45836  17.4%   899 7696s
 17996   988 5324.61820   44 4635 6443.00000 5324.61820  17.4%   899 7700s
 18002   992 5324.72367  199 4774 6443.00000 5324.72367  17.4%   898 7706s
 18007   995 5324.78055  146 4754 6443.00000 5324.78055  17.4%   898 7712s
 18011   998 5324.82406    9 4776 6443.00000 5324.82406  17.4%   898 7716s
 18016  1001 5324.87892  100 4883 6443.00000 5324.87892  17.4%   898 7720s
 18019  1003 5325.06040   86 4930 6443.00000 5325.06040  17.4%   897 7726s
 18023  1006 5325.10594  102 5011 6443.00000 5325.10594  17.4%   897 7731s
 18026  1008 5325.18658   84 4996 6443.00000 5325.18658  17.3%   897 7735s
 18032  1012 5325.34248  120 4738 6443.00000 5325.34248  17.3%   897 7743s
 18034  1013 5325.40086   50 4929 6443.00000 5325.40086  17.3%   897 7745s
 18039  1016 5325.49923  413 4896 6443.00000 5325.49923  17.3%   896 7751s
 18045  1020 5325.53186  150 5049 6443.00000 5325.53186  17.3%   896 7757s
 18046  1021 5325.67174  183 4965 6443.00000 5325.67174  17.3%   896 7760s
 18052  1025 5325.74744  221 5036 6443.00000 5325.74744  17.3%   896 7766s
 18056  1028 5325.82821  225 5033 6443.00000 5325.82821  17.3%   896 7770s
 18060  1030 5325.88442  217 4962 6443.00000 5325.88442  17.3%   895 7775s
 18065  1034 5325.92337  175 4936 6443.00000 5325.92337  17.3%   895 7782s
 18069  1036 5325.94294  131 5081 6443.00000 5325.94294  17.3%   895 7786s
 18074  1041 5325.95691  127  980 6443.00000 5325.95691  17.3%   924 7797s
 18075  1042 5325.95691  187 1058 6443.00000 5325.95691  17.3%   924 7801s
 18077  1043 5325.95691  211 1146 6443.00000 5325.95691  17.3%   923 7810s
 18078  1044 5325.95691   35 1420 6443.00000 5325.95691  17.3%   923 7818s
 18079  1045 5325.95691  214 1604 6443.00000 5325.95691  17.3%   923 7831s
 18080  1045 5325.95691  207 1877 6443.00000 5325.95691  17.3%   923 7848s
 18081  1046 5325.95691  170 2020 6443.00000 5325.95691  17.3%   923 7867s
 18082  1047 5325.95691   76 2134 6443.00000 5325.95691  17.3%   923 7886s
 18083  1047 5325.95691  180 2540 6443.00000 5325.95691  17.3%   923 7908s
 18084  1048 5325.97940  213 2629 6443.00000 5325.97940  17.3%   923 7934s
 18085  1049 5325.97940  196 2854 6443.00000 5325.97940  17.3%   923 7959s
 18086  1049 5326.04117   38 3281 6443.00000 5326.04117  17.3%   923 7982s
 18087  1050 5326.04117  596 3457 6443.00000 5326.04117  17.3%   923 8002s
 18088  1051 5326.04117   72 3613 6443.00000 5326.04117  17.3%   923 8020s
 18089  1051 5326.04117  432 3803 6443.00000 5326.04117  17.3%   923 8036s
 18090  1052 5326.04117   81 4107 6443.00000 5326.04117  17.3%   923 8052s
 18091  1053 5326.04117  390 4123 6443.00000 5326.04117  17.3%   923 8065s
 18092  1053 5326.04117   23 4453 6443.00000 5326.04117  17.3%   923 8073s
 18093  1054 5326.04117  219 4578 6443.00000 5326.04117  17.3%   923 8080s
 18094  1055 5326.04117  222 4660 6443.00000 5326.04117  17.3%   923 8085s
 18097  1057 5326.04117   93 4717 6443.00000 5326.04117  17.3%   922 8090s
 18101  1059 5326.04117   11 4781 6443.00000 5326.04117  17.3%   922 8095s
 18102  1060 5326.70651  199 4626 6443.00000 5326.70651  17.3%   922 8102s
 18104  1061 5326.78645  200 4628 6443.00000 5326.78645  17.3%   922 8105s
 18108  1064 5326.99798  427 4826 6443.00000 5326.99798  17.3%   922 8113s
 18111  1066 5327.02429    9 4789 6443.00000 5327.02429  17.3%   922 8115s
 18113  1067 5327.09739  118 4772 6443.00000 5327.09739  17.3%   922 8121s
 18120  1072 5327.15917  188 4772 6443.00000 5327.15917  17.3%   921 8128s
 18121  1073 5327.26505  209 4734 6443.00000 5327.26505  17.3%   921 8130s
 18125  1075 5327.30925   54 4679 6443.00000 5327.30925  17.3%   921 8136s
 18126  1076 5327.39276   84 4706 6443.00000 5327.39276  17.3%   921 8144s
 18127  1077 5327.41724   94 4768 6443.00000 5327.41724  17.3%   921 8145s
 18131  1079 5327.45348   57 4754 6443.00000 5327.45348  17.3%   921 8151s
 18133  1081 5327.61704  193 4643 6443.00000 5327.61704  17.3%   921 8155s
 18137  1083 5327.65153  160 4777 6443.00000 5327.65153  17.3%   920 8160s
 18139  1085 5327.80570  413 4673 6443.00000 5327.80570  17.3%   920 8165s
 18146  1089 5327.83548  183 4672 6443.00000 5327.83548  17.3%   920 8172s
 18149  1091 5327.92053  169 4713 6443.00000 5327.92053  17.3%   920 8175s
 18151  1093 5327.98783  161 4583 6443.00000 5327.98783  17.3%   920 8181s
 18156  1096 5328.00602  225 4686 6443.00000 5328.00602  17.3%   919 8187s
 18159  1098 5328.04546  224 4767 6443.00000 5328.04546  17.3%   919 8190s
 18161  1099 5328.13666  119 4758 6443.00000 5328.13666  17.3%   919 8205s
 18164  1101 5328.16593  141 4762 6443.00000 5328.16593  17.3%   919 8211s
 18170  1105 5328.22277   64 4925 6443.00000 5328.22277  17.3%   919 8218s
 18171  1106 5328.28611  294 4784 6443.00000 5328.28611  17.3%   919 8220s
 18175  1109 5328.30752  187 4826 6443.00000 5328.30752  17.3%   918 8227s
 18176  1109 5328.46915   94 4806 6443.00000 5328.46915  17.3%   918 8230s
 18181  1113 5328.55625  170 4765 6443.00000 5328.55625  17.3%   918 8240s
 18182  1113 5328.80280   76 4623 6443.00000 5328.80280  17.3%   918 8245s
 18187  1117 5328.87262  596 4766 6443.00000 5328.87262  17.3%   918 8254s
 18188  1117 5329.05064   72 4784 6443.00000 5329.05064  17.3%   918 8257s
 18191  1119 5329.08266  390 4859 6443.00000 5329.08266  17.3%   918 8261s
 18195  1122 5329.14621   37 4774 6443.00000 5329.14621  17.3%   917 8266s
 18202  1127 5329.19638  199 4855 6443.00000 5329.19638  17.3%   917 8272s
 18206  1129 5329.20700  207 4768 6443.00000 5329.20700  17.3%   917 8275s
 18212  1133 5329.28050   90 4669 6443.00000 5329.28050  17.3%   917 8280s
 18216  1136 5329.39317  100 4832 6443.00000 5329.39317  17.3%   916 8285s
 18220  1139 5329.49055  188 4734 6443.00000 5329.49055  17.3%   916 8291s
 18225  1142 5329.51600   54 4860 6443.00000 5329.51600  17.3%   916 8295s
 18231  1146 5329.57562   57 4837 6443.00000 5329.57562  17.3%   916 8301s
 18237  1150 5329.63658  160 4817 6443.00000 5329.63658  17.3%   915 8306s
 18241  1153 5329.67176   95 4842 6443.00000 5329.67176  17.3%   915 8310s
 18245  1155 5329.69838  150 4798 6443.00000 5329.69838  17.3%   915 8315s
 18249  1158 5329.78198  169 4764 6443.00000 5329.78198  17.3%   915 8320s
 18254  1161 5329.86387   41 4739 6443.00000 5329.86387  17.3%   915 8326s
 18257  1163 5329.88061   55 4782 6443.00000 5329.88061  17.3%   914 8330s
 18262  1167 5329.94213  201 4829 6443.00000 5329.94213  17.3%   914 8336s
 18264  1168 5330.07005  141 4760 6443.00000 5330.07005  17.3%   914 8340s
 18268  1171 5376.87108  699 4678 6443.00000 5330.13510  17.3%   914 8345s
 18273  1174 5330.17448   59 4750 6443.00000 5330.17448  17.3%   914 8350s
 18278  1177 5330.20148   35 4836 6443.00000 5330.20148  17.3%   913 8355s
 18283  1181 5330.33950  180 4775 6443.00000 5330.33950  17.3%   913 8362s
 18287  1183 5330.37576  596 4860 6443.00000 5330.37576  17.3%   913 8365s
 18290  1185 5330.47398   81 4732 6443.00000 5330.47398  17.3%   913 8370s
 18295  1189 5330.54266   37 4704 6443.00000 5330.54266  17.3%   912 8375s
 18299  1191 5330.60880   38 4724 6443.00000 5330.60880  17.3%   912 8380s
 18304  1195 5330.67980  200 4818 6443.00000 5330.67980  17.3%   912 8402s
 18306  1196 5330.70433  207 4834 6443.00000 5330.70433  17.3%   912 8405s
 18310  1199 5330.77512  223 4819 6443.00000 5330.77512  17.3%   912 8410s
 18314  1201 5330.81599   56 4883 6443.00000 5330.81599  17.3%   912 8415s
 18319  1205 5330.85095   86 4799 6443.00000 5330.85095  17.3%   911 8421s
 18324  1208 5330.87007   92 4886 6443.00000 5330.87007  17.3%   911 8425s
 18330  1212 5330.91505  156 4931 6443.00000 5330.91505  17.3%   911 8430s
 18334  1215 5330.94077   50 4833 6443.00000 5330.94077  17.3%   911 8435s
 18339  1218 5331.00133  413 4658 6443.00000 5331.00133  17.3%   910 8440s
 18344  1221 5331.06941  233 4819 6443.00000 5331.06941  17.3%   910 8446s
 18350  1225 5331.12815  259 4911 6443.00000 5331.12815  17.3%   910 8450s
 18353  1227 5331.17512   99 4840 6443.00000 5331.17512  17.3%   910 8455s
 18359  1231 5331.23135  224 4790 6443.00000 5331.23135  17.3%   909 8460s
 18363  1234 5331.25234  120 4958 6443.00000 5331.25234  17.3%   909 8465s
 18367  1237 5331.35407   92 4834 6443.00000 5331.35407  17.3%   909 8470s
 18372  1240 5331.39167  210 4951 6443.00000 5331.39167  17.3%   909 8476s
 18375  1242 5331.52020  187 4989 6443.00000 5331.52020  17.3%   908 8480s
 18379  1245 5331.56872  214 5023 6443.00000 5331.56872  17.3%   908 8485s
 18383  1247 5331.61135  180 4994 6443.00000 5331.61135  17.2%   908 8490s
 18390  1252 5331.65474   81 5050 6443.00000 5331.65474  17.2%   908 8496s
 18398  1257 5331.68429   28 5010 6443.00000 5331.68429  17.2%   907 8501s
 18400  1259 5331.80114  173 4981 6443.00000 5331.80114  17.2%   907 8505s
 18408  1264 5331.82584  427 4908 6443.00000 5331.82584  17.2%   907 8510s
 18414  1268 5331.89082   56 4938 6443.00000 5331.89082  17.2%   907 8515s
 18420  1272 5331.94424  188 5010 6443.00000 5331.94424  17.2%   906 8520s
 18424  1275 5331.96057   92 5033 6443.00000 5331.96057  17.2%   906 8525s
 18428  1277 5332.03863  240 4907 6443.00000 5332.03863  17.2%   906 8530s
 18433  1281 5332.06890  193 5006 6443.00000 5332.06890  17.2%   906 8535s
 18438  1284 5332.11061  248 5002 6443.00000 5332.11061  17.2%   905 8540s
 18442  1287 5332.14158  240 4985 6443.00000 5332.14158  17.2%   905 8545s
 18448  1291 5332.19308  268 5116 6443.00000 5332.19308  17.2%   905 8552s
 18454  1295 5332.20883   41 5064 6443.00000 5332.20883  17.2%   905 8556s
 18456  1296 5332.31214  225 5015 6443.00000 5332.31214  17.2%   905 8560s
 18461  1299 5332.34039  119 5082 6443.00000 5332.34039  17.2%   904 8566s
 18465  1302 5332.41062  175 4977 6443.00000 5332.41062  17.2%   904 8570s
 18470  1305 5332.41808   64 5023 6443.00000 5332.41808  17.2%   904 8576s
 18472  1307 5332.52704  210 5152 6443.00000 5332.52704  17.2%   904 8580s
 18476  1309 5332.55010   94 5046 6443.00000 5332.55010  17.2%   904 8585s
 18480  1312 5332.55334  207 5237 6443.00000 5332.55334  17.2%   903 8591s
 18483  1314 5332.66023  180 5092 6443.00000 5332.66023  17.2%   903 8595s
 18489  1318 5332.67623  432 5207 6443.00000 5332.67623  17.2%   903 8601s
 18492  1320 5332.69091   23 5253 6443.00000 5332.69091  17.2%   903 8605s
 18495  1322 5332.77362   37 5108 6443.00000 5332.77362  17.2%   903 8611s
 18500  1325 5332.78710  173 5169 6443.00000 5332.78710  17.2%   902 8615s
 18504  1328 5332.81529  200 5058 6443.00000 5332.81529  17.2%   902 8620s
 18509  1331 5332.93632  191 5132 6443.00000 5332.93632  17.2%   902 8625s
 18513  1334 5332.99154  118 5061 6443.00000 5332.99154  17.2%   902 8630s
 18517  1337 5333.01783  202 5246 6443.00000 5333.01783  17.2%   902 8635s
 18522  1340 5333.03998  174 5235 6443.00000 5333.03998  17.2%   901 8640s
 18527  1343 5333.10248   94 5019 6443.00000 5333.10248  17.2%   901 8646s
 18531  1346 5333.10783   57 4860 6443.00000 5333.10783  17.2%   901 8650s
 18535  1349 5333.15248   24 4981 6443.00000 5333.15248  17.2%   901 8655s
 18538  1351 5333.18753  248 4960 6443.00000 5333.18753  17.2%   900 8660s
 18542  1353 5333.21703  240 4948 6443.00000 5333.21703  17.2%   900 8665s
 18547  1357 5333.24301  174 5058 6443.00000 5333.24301  17.2%   900 8670s
 18550  1359 5333.24848  259 4980 6443.00000 5333.24848  17.2%   900 8675s
 18551  1359 5333.24883  161 4980 6443.00000 5333.24883  17.2%   900 8766s
 18552  1363 5333.47393   66 4930 6443.00000 5333.24883  17.2%   920 8828s
 18554  1366 5333.98924   67 4902 6443.00000 5333.47393  17.2%   921 8915s
 18558  1373 5334.11399   68 4829 6443.00000 5333.98934  17.2%   924 8973s
 18566  1386 5334.51505   69 4834 6443.00000 5334.12224  17.2%   928 9035s
 18582  1395 5348.81197   70 4184 6443.00000 5334.51586  17.2%   941 9157s
H18597  1341                    6440.0000000 5334.51586  17.2%   953 9261s
H18607  1265                    6433.0000000 5334.51586  17.1%   963 9261s
 18627  1413 5360.06621   71 4331 6433.00000 5338.05225  17.0%   973 9347s
 18784  1392 5381.16616   77 3839 6433.00000 5339.02801  17.0%   992 9376s
H18796  1320                    6432.0000000 5339.02801  17.0%   994 9376s
 18815  1411 5365.95552   73 4028 6432.00000 5339.02801  17.0%   997 9408s
 18913  1410 5367.07880   74 4048 6432.00000 5339.02801  17.0%  1004 9429s
 18944  1430 5367.49253   75 4031 6432.00000 5339.02801  17.0%  1006 9451s
H18972  1356                    6431.0000000 5339.02801  17.0%  1007 9451s
 18975  1385 5384.09425   84 3673 6431.00000 5339.02801  17.0%  1008 9473s
H18976  1323                    6429.0000000 5339.02801  17.0%  1007 9473s
 19005  1373 5368.02959   76 4073 6429.00000 5339.02801  17.0%  1009 9499s
H19025  1307                    6427.0000000 5339.02801  16.9%  1010 9499s
H19056  1241                    6426.0000000 5339.02801  16.9%  1012 9499s
 19065  1268 5371.33794   79 3976 6426.00000 5339.02801  16.9%  1012 9521s
 19095  1290 5373.28725   80 3824 6426.00000 5339.02801  16.9%  1014 9544s
 19127  1310 5379.84975   81 3902 6426.00000 5339.02801  16.9%  1016 9565s
H19154  1248                    6423.0000000 5339.02801  16.9%  1017 9565s
 19158  1274 5381.93297   82 3872 6423.00000 5339.02801  16.9%  1017 9589s
 19185  1294 5382.29850   83 3800 6423.00000 5339.02801  16.9%  1018 9613s
 19214  1314 5382.40703   84 3857 6423.00000 5339.02801  16.9%  1020 9636s
 19244  1335 5388.16217   85 3740 6423.00000 5339.02801  16.9%  1022 9659s
H19254  1282                    6422.0000000 5339.02801  16.9%  1023 9659s
 19275  1361 5389.35782   86 3706 6422.00000 5339.02801  16.9%  1024 9684s
H19280  1311                    6420.0000000 5339.02801  16.8%  1024 9684s
H19286  1264                    6417.0000000 5339.02801  16.8%  1024 9684s
H19294  1218                    6413.0000000 5339.02801  16.7%  1024 9684s
 19361  1299 5390.99542   89 3776 6413.00000 5339.02801  16.7%  1027 9713s
 19465  1297 5398.43415   90 3824 6413.00000 5339.02801  16.7%  1032 9728s
H19485  1249                    6404.0000000 5339.02801  16.6%  1032 9728s
 19497  1324 5397.30314  105 3697 6404.00000 5339.02801  16.6%  1033 9763s
H19576  1289                    6402.0000000 5339.02801  16.6%  1039 9787s
H19585  1249                    6399.0000000 5339.02801  16.6%  1039 9787s
 19606  1340 5399.56662   92 3873 6399.00000 5339.02801  16.6%  1040 9818s
 19704  1409 5399.47409  113 3564 6399.00000 5339.02801  16.6%  1045 9853s
 19806  1404 5400.54365   95 3703 6399.00000 5339.02801  16.6%  1051 9880s
H19832  1360                    6398.0000000 5339.02801  16.6%  1052 9880s
 19835  1451 5401.63405   96 3703 6398.00000 5339.02801  16.6%  1052 9924s
 19927  1526 5406.74034   97 3717 6398.00000 5339.02801  16.6%  1059 9966s
 20032  1601 5409.40804   99 3766 6398.00000 5339.02801  16.6%  1065 10002s
 20142  1618 5411.64019  100 3671 6398.00000 5339.02801  16.6%  1073 10043s
 20174  1659 5411.77147  101 3595 6398.00000 5339.02801  16.6%  1077 10075s
 20215  1705 5412.00773  102 3684 6398.00000 5339.02801  16.6%  1080 10104s
 20261  1750 5412.02576  103 3664 6398.00000 5339.02801  16.6%  1083 10133s
 20306  1799 5412.09649  104 3665 6398.00000 5339.02801  16.6%  1087 10171s
H20336  1799                    6395.0000000 5339.02801  16.5%  1087 10171s
 20355  1944 5412.36466  105 3611 6395.00000 5339.02801  16.5%  1088 10215s
 20501  2109 5413.78904  111 3641 6395.00000 5339.02801  16.5%  1095 10259s
 20666  2241 5419.62280  115 3738 6395.00000 5339.02801  16.5%  1103 10311s
H20674  2241                    6387.0000000 5339.02801  16.4%  1103 10311s
 20798  2419 5420.74885  117 3846 6387.00000 5339.02801  16.4%  1111 10369s
 20976  2615 5423.55130  123 3880 6387.00000 5339.02801  16.4%  1118 10419s
 21172  2848 5438.40727  128 3764 6387.00000 5339.02801  16.4%  1126 10472s
H21405  3023                    6377.0000000 5339.02801  16.3%  1132 10521s
H21576  3023                    6374.0000000 5339.02801  16.2%  1138 10521s
 21580  3315 5457.86107  141 3270 6374.00000 5339.02801  16.2%  1138 10577s
 21872  3479 5461.33839  151 3333 6374.00000 5339.02801  16.2%  1144 10641s
 22036  3701 5468.94087  152 3255 6374.00000 5339.02801  16.2%  1155 10699s
 22258  3876 5477.91957  158 3212 6374.00000 5339.02801  16.2%  1163 10758s
H22278  3876                    6365.0000000 5339.02801  16.1%  1163 10758s
H22342  3876                    6362.0000000 5339.02801  16.1%  1164 10758s
 22435  4166 5483.08312  163 3317 6362.00000 5339.02801  16.1%  1167 10824s
H22725  4244                    6361.0000000 5339.02801  16.1%  1175 10872s
H22762  4244                    6358.0000000 5339.02801  16.0%  1176 10872s
 22803  4514 5514.75606  230 3021 6358.00000 5339.02801  16.0%  1179 10953s
 23085  4855 infeasible  166      6358.00000 5339.02801  16.0%  1191 11023s
 23428  5100 5541.19545  242 3054 6358.00000 5339.02801  16.0%  1200 11089s
H23452  5100                    6356.0000000 5339.02801  16.0%  1201 11089s
H23532  5100                    6353.0000000 5339.02801  16.0%  1201 11089s
 23675  5335 5480.32481  110 3572 6353.00000 5339.02801  16.0%  1203 11164s
 23928  5407 5483.27193  113 3359 6353.00000 5339.02801  16.0%  1210 11361s
 24031  5684 5483.87769  114 3488 6353.00000 5339.02801  16.0%  1212 11447s
 24317  5713 5512.62096  119 3220 6353.00000 5339.02801  16.0%  1222 11506s
H24318  5713                    6351.0000000 5339.02801  15.9%  1222 11506s
H24335  5713                    6349.0000000 5339.02801  15.9%  1224 11506s
 24352  5745 5514.57350  120 3150 6349.00000 5339.02801  15.9%  1225 11566s
 24384  5777 5515.25498  121 3208 6349.00000 5339.02801  15.9%  1230 11612s
 24416  5878 5515.46601  122 3249 6349.00000 5339.02801  15.9%  1232 11672s
 24519  6184 5524.66677  128 3183 6349.00000 5339.02801  15.9%  1236 11753s
 24853  6571 5551.42825  136 3054 6349.00000 5339.02801  15.9%  1245 11852s
 25272  7028 5580.66039  150 2994 6349.00000 5339.02801  15.9%  1259 11952s
 25742  7513 5602.23082  166 2952 6349.00000 5339.10797  15.9%  1272 12053s
 26313  7914 5694.20639  177 2815 6349.00000 5339.10797  15.9%  1281 12175s
 26836  8224 5747.23995  194 2655 6349.00000 5339.10797  15.9%  1292 12298s
 27212  8592 5861.91179  205 2574 6349.00000 5339.10797  15.9%  1312 12415s
 27584  8920 6122.16852  216 2598 6349.00000 5339.10797  15.9%  1333 12519s
H27798  8920                    6348.0000000 5339.10797  15.9%  1339 12519s
H27841  8919                    6345.0000000 5339.10797  15.9%  1340 12519s
 27935  9392 6240.01476  232 2365 6345.00000 5339.10797  15.9%  1344 12640s
 28444  9876 5385.99497   73 4119 6345.00000 5339.10797  15.9%  1359 12772s
 28978 10434 5403.92441   85 3553 6345.00000 5339.10797  15.9%  1375 12945s
H28986 10434                    6344.0000000 5339.10797  15.8%  1375 12945s
 29611 10688 5414.94636  100 3859 6344.00000 5339.10797  15.8%  1394 13052s
H29627 10687                    6341.0000000 5339.10797  15.8%  1395 13052s
 29906 10859 5425.20031  110 3559 6341.00000 5339.10797  15.8%  1406 13373s
 30078 11344 5427.88870  115 3659 6341.00000 5339.10797  15.8%  1415 13532s
 30569 11897 5439.73169  137 3614 6341.00000 5339.10797  15.8%  1430 13699s
H30687 11891                    6337.0000000 5339.10797  15.7%  1436 13700s
H30741 11884                    6336.0000000 5339.10797  15.7%  1437 13700s
 31154 12527 5457.82880  159 3321 6336.00000 5339.10797  15.7%  1447 13888s
 31826 13269 5488.28456  183 3082 6336.00000 5339.10797  15.7%  1470 14082s
 32613 13795 5540.58127  213 3087 6336.00000 5339.10797  15.7%  1489 14262s
H33185 13926                    6335.0000000 5339.10797  15.7%  1507 14399s
 33337 14793 5583.42861  238 3118 6335.00000 5339.10797  15.7%  1509 14612s
 34279 15484 5656.91444  267 3007 6335.00000 5339.10797  15.7%  1526 14794s
 35021 16150 5693.10519  298 3166 6335.00000 5339.10797  15.7%  1538 15023s
 35786 16680 5783.97440  331 2947 6335.00000 5341.04545  15.7%  1561 15230s
 36377 17485 5972.90603  358 2621 6335.00000 5341.04545  15.7%  1580 15471s
 37205 18015 6105.41655  378 2676 6335.00000 5341.04545  15.7%  1604 15698s
 37847 18854 5398.98402   93 3663 6335.00000 5341.04545  15.7%  1627 15946s
 38707 18988 5411.99241  118 3639 6335.00000 5341.04545  15.7%  1650 16116s
 38841 19688 5414.73698  122 3599 6335.00000 5341.04545  15.7%  1656 16354s
 39569 20523 5432.63271  149 3358 6335.00000 5341.04545  15.7%  1669 16606s
H40280 20518                    6334.0000000 5341.04545  15.7%  1679 16606s
 40443 21602 5443.88454  171 3342 6334.00000 5341.04545  15.7%  1683 16892s
 41629 22288 5471.47359  210 3174 6334.00000 5341.04545  15.7%  1701 17156s
 42335 23346 5490.58436  233 3278 6334.00000 5341.04545  15.7%  1720 17465s
 43444 24038 5539.48947  264 3001 6334.00000 5341.04545  15.7%  1745 17754s
 44185 25262 5581.54529  288 3125 6334.00000 5341.04545  15.7%  1759 18088s
 45483 26426 5657.30162  330 2841 6334.00000 5341.04545  15.7%  1781 18423s
 46798 27261 5743.92685  361 2929 6334.00000 5341.04545  15.7%  1795 18770s
 47676 28433 5852.39321  407 2777 6334.00000 5341.04545  15.7%  1816 19130s
 48963 29485 5956.91747  462 2571 6334.00000 5341.04545  15.7%  1836 19524s
 50087 29517 5452.55099   85 3628 6334.00000 5341.04545  15.7%  1872 19768s
 50119 29774 5485.37758   86 3222 6334.00000 5341.04545  15.7%  1873 20056s
 50380 31098 5488.01035   88 3257 6334.00000 5341.04545  15.7%  1879 20478s
 51783 32200 5669.30708  128 2783 6334.00000 5341.04545  15.7%  1906 20911s
 53019 33303 5456.59829   84 3458 6334.00000 5341.04545  15.7%  1937 21382s
 54294 33479 5552.43075   92 3050 6334.00000 5341.04545  15.7%  1980 21707s
 54480 34745 infeasible   96      6334.00000 5341.04545  15.7%  1992 22191s
 55788 36202 5991.24601  112 2594 6334.00000 5341.04545  15.7%  2033 22818s
 57293 37675 6087.37026  127 2338 6334.00000 5341.04545  15.7%  2066 23340s
 58951 39291 5422.22799  123 3737 6334.00000 5341.04545  15.7%  2100 23916s
 60608 41015 5506.74700  201 3137 6334.00000 5341.04545  15.7%  2139 24509s
 62392 42783 5587.37116  299 2798 6334.00000 5341.04545  15.7%  2171 25129s
 64240 44528 5809.53612  396 2686 6334.00000 5341.04545  15.7%  2211 25751s
 66077 46616 6187.94926  464 2686 6334.00000 5344.16726  15.6%  2244 26426s
 68321 48558 5577.95138  120 3114 6334.00000 5344.16726  15.6%  2270 27106s
 70405 50554 5547.69583   94 3335 6334.00000 5344.16726  15.6%  2306 27794s
 72534 52501 5525.66572  136 3224 6334.00000 5344.16726  15.6%  2341 28523s
 74667 54232 5563.59254  180 3282 6334.00000 5344.16726  15.6%  2377 29230s
 76576 56134 5602.75928  212 3034 6334.00000 5344.16726  15.6%  2407 30039s
 78658 58814 5651.16273  229 2806 6334.00000 5344.16726  15.6%  2441 30999s
 81556 61330 5686.68950  300 2983 6334.00000 5344.16726  15.6%  2467 31855s
 84356 64372 5771.53817  359 2584 6334.00000 5344.16726  15.6%  2489 32748s
 87514 66640 5852.32371  441 2651 6334.00000 5344.16726  15.6%  2505 33677s
 90117 68781 6093.42765  459 2507 6334.00000 5344.16726  15.6%  2540 34686s
 92610 72853 6305.39811  491 2465 6334.00000 5344.16726  15.6%  2588 35942s
 97328 76451 5849.82917  185 2747 6334.00000 5344.16726  15.6%  2587 36910s
 101308 80269 5443.16448  115 3709 6334.00000 5344.16726  15.6%  2576 37840s
 105313 83587 5559.24012  228 3181 6334.00000 5344.16726  15.6%  2559 38667s
 108722 86743 5748.87367  329 2809 6334.00000 5344.16726  15.6%  2556 39489s
 112216 89466 5448.07522  103 3309 6334.00000 5344.16726  15.6%  2556 40293s
 115236 92680 5581.32494  164 3143 6334.00000 5344.16726  15.6%  2556 41189s
 118763 95890 5857.77548  268 2739 6334.00000 5344.16726  15.6%  2541 41978s
 122206 99919 5475.29181  156 3382 6334.00000 5344.16726  15.6%  2534 42983s
 126361 101855 5573.89481  303 3142 6334.00000 5344.16726  15.6%  2527 43696s
 128457 105653 5722.51329  351 3166 6334.00000 5344.16726  15.6%  2525 44650s
 132492 107623 6306.52904  493 2537 6334.00000 5344.16726  15.6%  2520 45413s
 134630 111040 5488.03681  121 3369 6334.00000 5344.16726  15.6%  2523 46358s
 138427 113541 5454.09175   90 3499 6334.00000 5344.16726  15.6%  2523 47136s
 141064 117545 5690.01233  171 2871 6334.00000 5344.16726  15.6%  2521 48091s
 145410 120475 5420.69293   97 3900 6334.00000 5344.16726  15.6%  2515 48937s
 148651 123627 5997.56306  171 2785 6334.00000 5344.16726  15.6%  2516 49791s
 151983 127672 5512.98468  119 3625 6334.00000 5344.16726  15.6%  2518 50776s
 156194 129952 6176.75640  275 2470 6334.00000 5344.16726  15.6%  2513 51516s
 158799 132582 5652.03966   98 3152 6334.00000 5344.16726  15.6%  2512 52378s
 161902 135748 5457.86004  119 3530 6334.00000 5344.16726  15.6%  2515 53241s
 165320 139007 5559.88787  231 3256 6334.00000 5344.16726  15.6%  2509 54065s
 168633 142858 5667.00824  346 2940 6334.00000 5344.16726  15.6%  2502 54920s
 172718 144984 5895.72967  471 2687 6334.00000 5344.16726  15.6%  2492 55663s
 175132 147466 6167.86822  556 2064 6334.00000 5344.16726  15.6%  2493 56528s
 177983 150758 5585.06442  127 3092 6334.00000 5344.16726  15.6%  2502 57382s
 181564 154565 5445.06151   90 3800 6334.00000 5344.16726  15.6%  2503 58380s
 186019 157048 5696.77395  186 3218 6334.00000 5344.16726  15.6%  2498 59084s
 188661 159955 6209.79172  278 2826 6334.00000 5344.16726  15.6%  2498 59846s
 191622 159987 5451.70450  115 3945 6334.00000 5344.16726  15.6%  2493 60422s
 191654 160416 5452.42659  116 3848 6334.00000 5344.16726  15.6%  2493 61107s
 192085 163774 5452.55845  117 3816 6334.00000 5344.16726  15.6%  2492 61963s
 195654 166714 5496.08962  210 3699 6334.00000 5344.16726  15.6%  2487 62816s
 198912 170199 5578.12710  320 3080 6334.00000 5344.16726  15.6%  2485 63676s
 202628 173318 5782.63876  435 2992 6334.00000 5344.16726  15.6%  2482 64486s
 205852 176640 6052.88365  556 2673 6334.00000 5344.16726  15.6%  2479 65330s
 209489 179580 5625.25805  121 3090 6334.00000 5344.16726  15.6%  2476 66128s
 212771 182657 6232.90512  237 2213 6334.00000 5344.16726  15.6%  2474 67134s
 216154 186548 5657.99460  150 3143 6334.00000 5377.68676  15.1%  2473 68017s
 220191 189880 5990.68572  263 2703 6334.00000 5377.68676  15.1%  2466 68832s
 223831 192376 5616.78272  137 3403 6334.00000 5377.68676  15.1%  2462 69622s
 226547 195543 5715.42936  254 2962 6334.00000 5377.68676  15.1%  2464 70435s
 229768 199038 5979.99248  378 3124 6334.00000 5377.68676  15.1%  2465 71213s
 233368 202144 5474.95443  144 3709 6334.00000 5377.68676  15.1%  2460 72030s
 236657 203801 5809.00951  220 3130 6334.00000 5377.68676  15.1%  2460 72688s
 238374 206941 6168.00406  282 2953 6334.00000 5377.68676  15.1%  2459 73604s
 241967 208387 5616.96521  105 3158 6334.00000 5381.54273  15.0%  2462 74435s
 243612 214363 5460.90568   77 3800 6334.00000 5381.54273  15.0%  2472 76190s
 250466 217676 6117.58036  348 1482 6334.00000 5383.22629  15.0%  2478 77207s
 254290 221048 5767.96978  125 2940 6334.00000 5383.22629  15.0%  2477 78258s
 257954 224274 6029.96576  230 2783 6334.00000 5383.22629  15.0%  2474 79204s
 261543 227897 5490.72749  140 3695 6334.00000 5383.22629  15.0%  2475 80116s
 265395 231364 5573.20579  278 3008 6334.00000 5383.22629  15.0%  2474 80932s
 268862 235296 5787.05142  405 2991 6334.00000 5383.22629  15.0%  2471 81808s
 272983 238968 6044.26053  573 2516 6334.00000 5383.22629  15.0%  2466 82730s
 276948 241993 5508.79916  106 3694 6334.00000 5383.22629  15.0%  2462 83624s
 280255 244204 5606.29622  204 3374 6334.00000 5383.22629  15.0%  2461 84321s
 282629 247765 5685.99239  278 3362 6334.00000 5383.22629  15.0%  2461 85161s
 286327 249656 5951.16836  385 3001 6334.00000 5383.22629  15.0%  2459 85798s
 288238 252632 6045.70331  456 3029 6334.00000 5383.22629  15.0%  2457 86400s

Cutting planes:
  Learned: 3
  Gomory: 46
  Cover: 2516
  Implied bound: 190
  Projected implied bound: 10
  Clique: 89
  MIR: 1551
  Mixing: 1
  StrongCG: 1155
  Flow cover: 5317
  GUB cover: 288
  Inf proof: 1
  Zero half: 377
  Mod-K: 5
  RLT: 1704
  Relax-and-lift: 192
  BQP: 5

Explored 291395 nodes (714738482 simplex iterations) in 86400.64 seconds (117051.40 work units)
Thread count was 32 (of 128 available processors)

Solution count 10: 6334 6335 6336 ... 6351

Time limit reached
Best objective 6.334000000000e+03, best bound 5.384000000000e+03, gap 14.9984%
Solved r101_Skewed2 -> /project2/ssuen_1733/output/v3-balance-hours/r101_Skewed2.pkl / .json
[Wed Dec 17 17:21:51 PST 2025] Finished run_single_instance for r101_Skewed2
