==========================================
SLURM_JOB_ID = 5322911
SLURM_JOB_NODELIST = b22-25
TMPDIR = /tmp/SLURM_5322911
==========================================
Using Python:
Python 3.10.18
Checking core dependencies:
numpy: 2.2.6
gurobi: (12, 0, 3)
[Tue Dec 16 16:03:49 PST 2025] Starting run_single_instance on b22-25.hpc.usc.edu for c201_Skewed2
Set parameter TokenServer to value "hpc-licenses.hpcc.usc.edu"
Set parameter TimeLimit to value 86400
Set parameter Seed to value 42
Set parameter OutputFlag to value 1
Gurobi Optimizer version 12.0.3 build v12.0.3rc0 (linux64 - "Rocky Linux 8.10 (Green Obsidian)")

CPU model: AMD EPYC 7542 32-Core Processor, instruction set [SSE2|AVX|AVX2]
Thread count: 64 physical cores, 128 logical processors, using up to 32 threads

Non-default parameters:
TimeLimit  86400
Seed  42

Optimize a model with 703650 rows, 728000 columns and 7279600 nonzeros
Model fingerprint: 0x75937ad0
Variable types: 0 continuous, 728000 integer (727500 binary)
Coefficient statistics:
  Matrix range     [1e+00, 1e+03]
  Objective range  [2e+00, 1e+02]
  Bounds range     [1e+00, 5e+01]
  RHS range        [1e+00, 1e+03]
Presolve removed 677100 rows and 697454 columns
Presolve time: 2.15s
Presolved: 26550 rows, 30546 columns, 228750 nonzeros
Variable types: 0 continuous, 30546 integer (30500 binary)
Performing another presolve...
Presolve removed 650 rows and 200 columns
Presolve time: 0.40s
Deterministic concurrent LP optimizer: primal and dual simplex
Showing primal log only...


Root simplex log...

Iteration    Objective       Primal Inf.    Dual Inf.      Time
    8917    1.3602294e+04   2.225007e+01   9.511602e+09      5s
Concurrent spin time: 0.29s

Solved with dual simplex

Root simplex log...

Iteration    Objective       Primal Inf.    Dual Inf.      Time
   17295    4.7019547e+03   0.000000e+00   0.000000e+00      9s

Root relaxation: objective 4.701955e+03, 17295 iterations, 4.19 seconds (4.78 work units)
Total elapsed time = 8.81s (DegenMoves)

    Nodes    |    Current Node    |     Objective Bounds      |     Work
 Expl Unexpl |  Obj  Depth IntInf | Incumbent    BestBd   Gap | It/Node Time

     0     0 4701.95469    0  877          - 4701.95469      -     -    9s
     0     0 4720.37437    0 1000          - 4720.37437      -     -   11s
     0     0 4722.91846    0  969          - 4722.91846      -     -   12s
     0     0 4723.29283    0 1018          - 4723.29283      -     -   12s
     0     0 4723.29333    0 1015          - 4723.29333      -     -   12s
     0     0 4734.76305    0 1039          - 4734.76305      -     -   14s
     0     0 4736.28924    0 1100          - 4736.28924      -     -   14s
     0     0 4736.28924    0 1084          - 4736.28924      -     -   14s
     0     0 4736.28924    0 1085          - 4736.28924      -     -   14s
     0     0 4789.61264    0 1065          - 4789.61264      -     -   19s
     0     0 4793.91963    0 1041          - 4793.91963      -     -   20s
     0     0 4794.38526    0 1056          - 4794.38526      -     -   20s
     0     0 4794.45715    0 1049          - 4794.45715      -     -   20s
     0     0 4794.46439    0 1080          - 4794.46439      -     -   20s
     0     0 4861.90420    0 1186          - 4861.90420      -     -   25s
     0     0 4866.95716    0 1238          - 4866.95716      -     -   26s
     0     0 4867.53468    0 1300          - 4867.53468      -     -   27s
     0     0 4867.71611    0 1280          - 4867.71611      -     -   27s
     0     0 4867.71611    0 1282          - 4867.71611      -     -   27s
     0     0 4931.55829    0 1257          - 4931.55829      -     -   31s
     0     0 4948.22062    0 1309          - 4948.22062      -     -   32s
     0     0 4949.58619    0 1368          - 4949.58619      -     -   33s
     0     0 4949.90211    0 1351          - 4949.90211      -     -   33s
     0     0 4949.95383    0 1378          - 4949.95383      -     -   33s
     0     0 4949.97189    0 1386          - 4949.97189      -     -   33s
     0     0 4980.37369    0 1332          - 4980.37369      -     -   37s
     0     0 4982.59166    0 1441          - 4982.59166      -     -   38s
     0     0 4982.77448    0 1501          - 4982.77448      -     -   39s
     0     0 4982.79809    0 1547          - 4982.79809      -     -   39s
     0     0 5007.36589    0 1304          - 5007.36589      -     -   42s
     0     0 5009.30093    0 1419          - 5009.30093      -     -   43s
     0     0 5009.49600    0 1371          - 5009.49600      -     -   43s
     0     0 5009.52111    0 1406          - 5009.52111      -     -   43s
     0     0 5035.61645    0 1440          - 5035.61645      -     -   47s
     0     0 5038.73823    0 1441          - 5038.73823      -     -   48s
     0     0 5038.89104    0 1396          - 5038.89104      -     -   48s
     0     0 5038.89864    0 1407          - 5038.89864      -     -   48s
     0     0 5069.61821    0 1429          - 5069.61821      -     -   51s
     0     0 5070.44461    0 1456          - 5070.44461      -     -   52s
     0     0 5070.74355    0 1515          - 5070.74355      -     -   53s
     0     0 5070.82104    0 1518          - 5070.82104      -     -   53s
     0     0 5103.05431    0 1457          - 5103.05431      -     -   56s
     0     0 5105.10666    0 1573          - 5105.10666      -     -   58s
     0     0 5105.47820    0 1586          - 5105.47820      -     -   58s
     0     0 5105.48910    0 1605          - 5105.48910      -     -   58s
     0     0 5124.63837    0 1480          - 5124.63837      -     -   61s
     0     0 5127.01800    0 1539          - 5127.01800      -     -   63s
     0     0 5127.17327    0 1507          - 5127.17327      -     -   63s
     0     0 5127.22505    0 1507          - 5127.22505      -     -   63s
     0     0 5133.47906    0 1573          - 5133.47906      -     -   66s
     0     0 5134.98390    0 1579          - 5134.98390      -     -   67s
     0     0 5135.21094    0 1658          - 5135.21094      -     -   68s
     0     0 5135.22463    0 1693          - 5135.22463      -     -   68s
     0     0 5140.00435    0 1521          - 5140.00435      -     -   69s
     0     0 5140.53974    0 1472          - 5140.53974      -     -   70s
     0     0 5140.65340    0 1558          - 5140.65340      -     -   70s
     0     0 5140.67001    0 1549          - 5140.67001      -     -   71s
     0     0 5143.92853    0 1486          - 5143.92853      -     -   72s
     0     0 5144.68552    0 1574          - 5144.68552      -     -   73s
     0     0 5144.79050    0 1595          - 5144.79050      -     -   73s
     0     0 5149.05975    0 1555          - 5149.05975      -     -   75s
     0     0 5149.41362    0 1573          - 5149.41362      -     -   76s
     0     0 5149.41362    0 1586          - 5149.41362      -     -   76s
     0     0 5152.56187    0 1655          - 5152.56187      -     -   77s
     0     0 5153.66581    0 1623          - 5153.66581      -     -   78s
     0     0 5153.66581    0 1626          - 5153.66581      -     -   79s
     0     0 5156.73586    0 1636          - 5156.73586      -     -   80s
     0     0 5156.84666    0 1696          - 5156.84666      -     -   80s
     0     0 5158.64464    0 1684          - 5158.64464      -     -   82s
     0     0 5158.77835    0 1710          - 5158.77835      -     -   82s
     0     0 5158.80341    0 1704          - 5158.80341      -     -   82s
     0     0 5160.02997    0 1718          - 5160.02997      -     -   83s
     0     0 5160.05120    0 1755          - 5160.05120      -     -   84s
     0     0 5160.79434    0 1663          - 5160.79434      -     -   85s
     0     0 5161.06082    0 1704          - 5161.06082      -     -   86s
     0     0 5162.30256    0 1782          - 5162.30256      -     -   87s
     0     0 5162.55877    0 1722          - 5162.55877      -     -   88s
     0     0 5162.61080    0 1753          - 5162.61080      -     -   88s
     0     0 5164.90105    0 1715          - 5164.90105      -     -   89s
     0     0 5165.17116    0 1698          - 5165.17116      -     -   90s
     0     0 5165.19616    0 1702          - 5165.19616      -     -   90s
     0     0 5173.64440    0 1677          - 5173.64440      -     -   92s
     0     0 5174.11810    0 1682          - 5174.11810      -     -   92s
     0     0 5174.12958    0 1769          - 5174.12958      -     -   93s
     0     0 5184.77362    0 1666          - 5184.77362      -     -   94s
     0     0 5184.97964    0 1680          - 5184.97964      -     -   95s
     0     0 5185.02540    0 1678          - 5185.02540      -     -   95s
     0     0 5197.27461    0 1645          - 5197.27461      -     -   97s
     0     0 5198.02842    0 1653          - 5198.02842      -     -   98s
     0     0 5198.29894    0 1631          - 5198.29894      -     -   98s
     0     0 5198.32877    0 1657          - 5198.32877      -     -   99s
     0     0 5215.51422    0 1586          - 5215.51422      -     -  101s
     0     0 5216.19674    0 1594          - 5216.19674      -     -  102s
     0     0 5216.27002    0 1650          - 5216.27002      -     -  102s
     0     0 5228.79401    0 1653          - 5228.79401      -     -  103s
     0     0 5229.29440    0 1654          - 5229.29440      -     -  104s
     0     0 5229.37843    0 1704          - 5229.37843      -     -  105s
     0     0 5230.47783    0 1664          - 5230.47783      -     -  106s
     0     0 5230.56201    0 1650          - 5230.56201      -     -  106s
     0     0 5230.77778    0 1644          - 5230.77778      -     -  106s
     0     0 5230.89435    0 1673          - 5230.89435      -     -  107s
     0     0 5231.22982    0 1653          - 5231.22982      -     -  107s
     0     0 5231.51634    0 1653          - 5231.51634      -     -  108s
     0     2 5232.09386    0 1637          - 5232.09386      -     -  112s
     1     5 5234.20390    1 1682          - 5234.20390      -  1724  116s
     7    16 5236.25192    3 1657          - 5235.61634      -  2076  122s
    15    32 5236.95201    4 1687          - 5236.95201      -  1960  126s
    31    64 5237.77914    5 1667          - 5236.96112      -  2031  130s
    95   157 5240.12215    7 1656          - 5237.88897      -  1437  151s
   158   261 5242.96952    9 1590          - 5237.88897      -  1186  156s
   276   350 5243.13703   10 1648          - 5237.88897      -   967  163s
   367   414 5246.66996   14 1508          - 5237.88897      -   895  169s
   437   477 5248.58095   17 1574          - 5237.88897      -   896  173s
   500   547 5253.51206   18 1607          - 5237.88897      -   931  176s
   570   607 5254.23782   19 1583          - 5237.88897      -   906  182s
   632   672 5254.91277   20 1494          - 5237.88897      -   902  190s
   762   794 5256.07119   24 1526          - 5237.88897      -   907  201s
   821   862 5260.55661   26 1564          - 5237.88897      -   937  206s
   889   942 5258.94951   26 1539          - 5237.88897      -   934  211s
   969  1036 5259.10749   28 1523          - 5237.88897      -   935  216s
  1071  1127 5260.61868   31 1517          - 5237.88897      -   903  223s
  1162  1208 5518.52128   34 1388          - 5237.88897      -   891  228s
  1243  1284 5263.92054   35 1505          - 5237.88897      -   889  236s
  1319  1364 5265.35453   36 1469          - 5237.88897      -   898  244s
  1401  1439 5268.32722   38 1509          - 5237.88897      -   920  250s
  1484  1547 5272.02093   41 1470          - 5240.02835      -   952  260s
  1592  1662 5274.62742   44 1410          - 5240.02835      -   968  267s
  1709  1781 5276.63860   48 1376          - 5240.02835      -   962  274s
  1828  1903 5278.12089   52 1361          - 5240.02835      -   959  285s
  1950  2036 5280.50274   58 1328          - 5240.02835      -   959  292s
  2085  2182 5284.73351   61 1420          - 5240.02835      -   944  303s
  2231  2330 5284.74611   62 1355          - 5240.02835      -   928  312s
  2383  2493 5287.34294   66 1385          - 5240.02835      -   918  323s
  2556  2685 5288.71322   68 1353          - 5240.02835      -   907  334s
  2752  2863 5290.80823   73 1491          - 5240.02835      -   881  344s
  2938  3069 5306.03994   75 1478          - 5240.02835      -   871  355s
  3148  3324 5297.11321   82 1427          - 5240.02835      -   859  360s
  3409  3584 5298.65537   88 1428          - 5240.02835      -   828  366s
  3677  3852 5299.81888   94 1400          - 5240.02835      -   804  373s
  3949  4152 5303.89558  101 1355          - 5240.02835      -   783  381s
  4269  4393 5308.04054  108 1350          - 5240.02835      -   758  389s
  4522  4686 5309.40916  110 1333          - 5240.02835      -   750  399s
  4823  4946 5311.90210  116 1315          - 5240.02835      -   736  408s
  5087  5265 5318.53266  127 1349          - 5240.02835      -   732  419s
  5416  5545 5320.42650  136 1354          - 5240.02835      -   718  428s
  5706  5792 5322.52902  140 1329          - 5240.02835      -   713  438s
  5955  6087 5326.17308  147 1416          - 5240.02835      -   714  445s
  6262  6358 5331.93083  155 1368          - 5240.02835      -   709  453s
  6543  6625 5337.12111  163 1273          - 5240.02835      -   709  461s
  6822  6911 5344.57900  170 1238          - 5240.02835      -   709  470s
  7116  7238 5348.68007  184 1231          - 5240.02835      -   710  479s
  7451  7638 5355.96918  205 1243          - 5240.02835      -   709  492s
  7873  8028 5388.19376  224 1289          - 5240.02835      -   701  501s
  8301  8422 5421.79880  257 1259          - 5240.02835      -   694  511s
  8723  8821 5394.72838  277 1131          - 5240.02835      -   690  521s
  9136  9290 5402.67748  293 1104          - 5240.02835      -   687  531s
  9633  9746 5434.54988  298 1162          - 5240.02835      -   680  544s
 10103 10174 5438.46421  309 1096          - 5240.02835      -   676  559s
 10555 10670 5446.50048  312 1150          - 5240.02835      -   677  573s
 11079 11203 5460.42888  337 1200          - 5240.02835      -   674  590s
 11660 11814 5471.76440  352 1159          - 5240.02835      -   672  609s
 12305 12382 5477.65323  371 1183          - 5240.02835      -   665  627s
 13047 13097 5488.81929  394 1157          - 5242.97533      -   654  641s
 13796 13832 5492.45722  437 1146          - 5242.97533      -   644  656s
 14564 13833 5621.09050   59 14106          - 5242.97533      -   635  700s
 14566 13834 5729.50943  350  841          - 5242.97533      -   635  708s
 14567 13835 5540.10692  410  998          - 5242.97533      -   635  710s
 14569 13836 5364.09177   32 1277          - 5242.97533      -   635  717s
 14570 13837 5898.04836  158 1293          - 5242.97533      -   635  720s
 14572 13838 5737.93180  233 1335          - 5242.97533      -   635  725s
 14574 13840 5536.52761   82 1590          - 5242.97533      -   634  732s
 14576 13841 5896.77989  185 1523          - 5242.97533      -   634  736s
 14578 13842 5436.65801  303 1571          - 5242.97533      -   634  740s
 14583 13846 5367.21909   36 1668          - 5307.60289      -   634  752s
 14584 13846 5763.90402  226 1558          - 5377.88434      -   634  758s
 14585 13847 5421.59359  126 1596          - 5421.59359      -   634  764s
 14586 13848 5455.52665  227 1539          - 5429.25636      -   634  767s
 14588 13849 5518.18300   78 1652          - 5432.15534      -   634  770s
 14594 13853 5863.92347  519 1622          - 5506.27538      -   634  781s
 14595 13854 5545.68838   98 1676          - 5522.36633      -   634  787s
 14596 13854 5663.05919  174 1681          - 5529.48158      -   634  790s
 14604 13860 5759.62475  210 1744          - 5531.45838      -   633  796s
 14605 13860 5692.60262  188 1651          - 5574.06722      -   633  803s
 14606 13861 5588.29544   15 1764          - 5588.29544      -   633  808s
 14607 13862 5667.79441  136 1838          - 5591.19191      -   633  811s
 14614 13866 5724.23250  211 1919          - 5592.32496      -   633  815s
 14616 13868 5647.89830  180 1956          - 5647.89830      -   633  826s
 14617 13868 5657.71090   58 1896          - 5657.71090      -   633  831s
 14618 13869 5671.45179  256 1852          - 5662.31063      -   633  835s
 14624 13873 5776.73377  262 1988          - 5663.99839      -   632  842s
 14625 13874 5889.46968  517 1911          - 5716.82546      -   632  852s
 14626 13874 5731.79922  195 1985          - 5731.79922      -   632  859s
 14627 13875 5831.63808   38 1848          - 5735.17614      -   632  861s
 14634 13880 5735.72953  317 2050          - 5735.72953      -   632  867s
 14635 13880 5771.20827  126 1909          - 5771.20827      -   632  876s
 14636 13881 5779.88810  240 1863          - 5779.88810      -   632  881s
 14638 13882 5886.38325   48 1983          - 5782.07460      -   632  885s
 14643 13886 5814.78269  140 2007          - 5814.78269      -   631  898s
 14644 13886 5824.60809  357 2111          - 5824.60809      -   631  905s
 14646 13888 5827.93385  246 2121          - 5827.93385      -   631  911s
 14651 13891 5828.11747  373 2145          - 5828.11747      -   631  915s
 14652 13892 5868.44179  189 1953          - 5868.44179      -   631  924s
 14653 13892 5874.68970  238 2027          - 5874.68970      -   631  929s
 14654 13893 5876.71514  223 2026          - 5876.71514      -   631  931s
 14657 13895 5877.52339  154 1984          - 5877.52339      -   631  935s
 14661 13898 5895.71511  189 2074          - 5895.71511      -   631  946s
 14662 13898 5902.89437   39 2058          - 5902.89437      -   631  951s
 14666 13901 5903.75478  350 2105          - 5903.75478      -   630  955s
 14669 13903 5932.20893   32 2072          - 5932.20893      -   630  968s
 14670 13904 5937.98036  158 1998          - 5937.98036      -   630  973s
 14671 13904 5939.75366  237 2057          - 5939.75366      -   630  976s
 14676 13908 5940.41997  185 2112          - 5940.41997      -   630  982s
 14677 13908 5970.11432  245 2027          - 5970.11432      -   630  992s
 14678 13909 5977.19826  303 2122          - 5977.19826      -   630  997s
 14679 13910 5979.01575  144 2134          - 5979.01575      -   630 1000s
 14684 13913 5979.94491  226 2123          - 5979.94491      -   630 1006s
 14685 13914 6010.32196  126 1977          - 6010.32196      -   630 1016s
 14686 13914 6018.04345  227 2106          - 6018.04345      -   630 1021s
 14687 13915 6021.45701   47 2095          - 6021.45701      -   630 1026s
 14690 13917 6022.78697   85 2190          - 6022.78697      -   629 1030s
 14695 13920 6053.69544   98 2080          - 6053.69544      -   629 1046s
 14696 13921 6062.58095  174 2036          - 6062.58095      -   629 1054s
 14697 13922 6064.37323  191 2117          - 6064.37323      -   629 1058s
 14698 13922 6065.22714   78 2115          - 6065.22714      -   629 1060s
 14704 13926 6065.63424  210 2156          - 6065.63424      -   629 1065s
 14705 13927 6088.60590  188 2303          - 6088.60590      -   629 1077s
 14706 13928 6093.01660   15 2328          - 6093.01660      -   629 1082s
 14707 13928 6094.40593  136 2377          - 6094.40593      -   629 1085s
 14712 13932 6095.06130   91 2352          - 6095.06130      -   629 1094s
 14713 13932 6124.53981  154 2152          - 6124.53981      -   628 1106s
 14714 13933 6132.22162  211 2205          - 6132.22162      -   628 1113s
 14715 13934 6134.61119  125 2362          - 6134.61119      -   628 1118s
 14716 13934 6135.92391  180 2316          - 6135.92391      -   628 1120s
 14721 13938 6136.45308  102 2361          - 6136.45308      -   628 1125s
 14724 13940 6155.21881  262 2285          - 6155.21881      -   628 1142s
 14725 13940 6161.82987  517 2345          - 6161.82987      -   628 1150s
 14727 13942 6164.32180   38 2350          - 6164.32180      -   628 1156s
 14734 13946 6164.67288  317 2351          - 6164.67288      -   628 1160s
 14735 13947 6177.84451  126 2367          - 6177.84451      -   628 1171s
 14736 13948 6181.12950  240 2368          - 6181.12950      -   628 1177s
 14737 13948 6182.50278   88 2371          - 6182.50278      -   627 1181s
 14742 13952 6182.84634  256 2383          - 6182.84634      -   627 1185s
 14745 13954 6201.41667  141 2421          - 6201.41667      -   627 1197s
 14746 13954 6209.25217  246 2481          - 6209.25217      -   627 1206s
 14747 13955 6211.15818   52 2595          - 6211.15818      -   627 1210s
 14751 13958 6211.85864  373 2611          - 6211.85864      -   627 1215s
 14756 13961 6226.19296  252 2608          - 6226.19296      -   627 1230s
 14757 13962 6229.72536  154 2649          - 6229.72536      -   627 1237s
 14758 13962 6230.50738   69 2641          - 6230.50738      -   627 1240s
 14763 13966 6231.04502  188 2629          - 6231.04502      -   626 1245s
 14771 13971 6248.88468  237 2384          - 6248.88468      -   626 1262s
 14772 13972 6253.87386  233 2497          - 6253.87386      -   626 1269s
 14773 13972 6256.06990  311 2512          - 6256.06990      -   626 1273s
 14774 13973 6256.77908   82 2482          - 6256.77908      -   626 1276s
 14777 13975 6257.22162  245 2461          - 6257.22162      -   626 1280s
 14780 13977 6275.34170  344 2501          - 6275.34170      -   626 1296s
 14781 13978 6279.58428  176 2602          - 6279.58428      -   626 1303s
 14782 13978 6281.72835   50 2531          - 6281.72835      -   626 1308s
 14783 13979 6282.23077   36 2623          - 6282.23077      -   626 1311s
 14789 13983 6282.51142   83 2733          - 6282.51142      -   625 1315s
 14791 13984 6296.48244  210 2489          - 6296.48244      -   625 1329s
 14792 13985 6299.88993  409 2629          - 6299.88993      -   625 1335s
 14794 13986 6301.78643  519 2630          - 6301.78643      -   625 1341s
 14801 13991 6302.02576   18 2708          - 6302.02576      -   625 1345s
 14804 13993 6316.41755  210 2628          - 6316.41755      -   625 1359s
 14805 13994 6323.04088  188 2647          - 6323.04088      -   625 1370s
 14806 13994 6325.11502   15 2535          - 6325.11502      -   625 1375s
 14808 13996 6326.12610  232 2661          - 6326.12610      -   624 1380s
 14815 14000 6335.34574  125 2650          - 6335.34574      -   624 1395s
 14816 14001 6338.41798  180 2634          - 6338.41798      -   624 1401s
 14818 14002 6339.43711  256 2680          - 6339.43711      -   624 1406s
 14825 14007 6339.59204  517 2708          - 6339.59204      -   624 1411s
 14826 14008 6352.10633  195 2414          - 6352.10633      -   624 1423s
 14827 14008 6355.16420   38 2533          - 6355.16420      -   624 1431s
 14829 14010 6356.48847   98 2594          - 6356.48847      -   624 1436s
 14835 14014 6356.61488  126 2669          - 6356.61488      -   623 1440s
 14836 14014 6372.66967  240 2519          - 6372.66967      -   623 1453s
 14837 14015 6377.15826   88 2559          - 6377.15826      -   623 1462s
 14838 14016 6378.39949   48 2727          - 6378.39949      -   623 1466s
 14840 14017 6378.98605  169 2745          - 6378.98605      -   623 1470s
 14844 14020 6387.58605  357 2560          - 6387.58605      -   623 1484s
 14845 14020 6389.69263  141 2726          - 6389.69263      -   623 1490s
 14847 14022 6391.87413   52 2797          - 6391.87413      -   623 1497s
 14851 14024 6392.04619  373 2762          - 6392.04619      -   623 1500s
 14855 14027 6404.92205  145 2620          - 6404.92205      -   622 1515s
 14856 14028 6407.11410  252 2668          - 6407.11410      -   622 1521s
 14858 14029 6408.22668   69 2705          - 6408.22668      -   622 1526s
 14863 14032 6419.88290  188 2824          - 6419.88290      -   622 1540s
 14864 14033 6422.98292   59 2675          - 6422.98292      -   622 1547s
 14865 14034 6424.28001  115 2880          - 6424.28001      -   622 1552s
 14867 14035 6425.01049  410 2908          - 6425.01049      -   622 1556s
 14872 14038 6425.11803  233 2944          - 6425.11803      -   622 1560s
 14873 14039 6434.48951  311 2786          - 6434.48951      -   622 1572s
 14874 14040 6437.31145   82 2797          - 6437.31145      -   622 1579s
 14875 14040 6438.52034  186 2860          - 6438.52034      -   622 1583s
 14876 14041 6438.83728  185 2937          - 6438.83728      -   622 1585s
 14883 14046 6439.07539   36 3002          - 6439.07539      -   621 1591s
 14884 14046 6444.58120  226 2927          - 6444.58120      -   621 1602s
 14885 14047 6446.68741  126 2780          - 6446.68741      -   621 1608s
 14886 14048 6447.18050  227 2759          - 6447.18050      -   621 1611s
 14889 14050 6447.56156   83 2820          - 6447.56156      -   621 1615s
 14892 14052 6456.70853  409 2813          - 6456.70853      -   621 1629s
 14893 14052 6460.05796   38 2709          - 6460.05796      -   621 1637s
 14894 14053 6462.03100  519 2790          - 6462.03100      -   621 1642s
 14895 14054 6462.49379   98 2774          - 6462.49379      -   621 1645s
 14902 14058 6462.76706   17 2778          - 6462.76706      -   621 1650s
 14903 14059 6470.37458  125 2808          - 6470.37458      -   620 1662s
 14904 14060 6473.32160  210 2907          - 6473.32160      -   620 1669s
 14905 14060 6474.67421  188 3071          - 6474.67421      -   620 1674s
 14906 14061 6475.08661   15 3072          - 6475.08661      -   620 1677s
 14910 14064 6475.30405  520 3186          - 6475.30405      -   620 1680s
 14913 14066 6485.07174  154 2910          - 6485.07174      -   620 1692s
 14914 14066 6487.01864  211 2879          - 6487.01864      -   620 1698s
 14915 14067 6488.13741  125 3030          - 6488.13741      -   620 1702s
 14917 14068 6488.66455   58 3110          - 6488.66455      -   620 1705s
 14923 14072 6495.12244  258 2856          - 6495.12244      -   620 1719s
 14924 14073 6496.36600  262 3009          - 6496.36600      -   620 1723s
 14925 14074 6496.74135  517 3092          - 6496.74135      -   620 1725s
 14930 14077 6497.01627  101 3124          - 6497.01627      -   619 1730s
 14933 14079 6504.02407  338 2915          - 6504.02407      -   619 1742s
 14934 14080 6505.79500  317 2883          - 6505.79500      -   619 1748s
 14935 14080 6506.38601  126 2948          - 6506.38601      -   619 1751s
 14939 14083 6506.71046   32 3087          - 6506.71046      -   619 1755s
 14942 14085 6517.57789  256 2980          - 6517.57789      -   619 1771s
 14943 14086 6519.92840  140 2977          - 6519.92840      -   619 1778s
 14944 14086 6520.82977  357 3061          - 6520.82977      -   619 1782s
 14945 14087 6521.26707  141 3116          - 6521.26707      -   619 1785s
 14951 14091 6528.68695  373 3053          - 6528.68695      -   618 1800s
 14952 14092 6530.50745  189 2900          - 6530.50745      -   618 1806s
 14954 14093 6531.51139  223 3120          - 6531.51139      -   618 1812s
 14957 14095 6531.66742  154 3094          - 6531.66742      -   618 1815s
 14962 14098 6539.94484   39 3007          - 6539.94484      -   618 1829s
 14963 14099 6541.48571  188 2946          - 6541.48571      -   618 1834s
 14964 14100 6542.06816   59 2890          - 6542.06816      -   618 1838s
 14965 14100 6542.63185  115 3049          - 6542.63185      -   618 1840s
 14968 14102 6543.06963  554 3174          - 6543.06963      -   618 1845s
 14973 14106 6551.43488  311 2877          - 6551.43488      -   618 1859s
 14974 14106 6553.27921   82 3073          - 6553.27921      -   618 1865s
 14975 14107 6554.53875  186 2991          - 6554.53875      -   617 1870s
 14977 14108 6555.15727  245 3201          - 6555.15727      -   617 1876s
 14982 14112 6555.29246   50 3307          - 6555.29246      -   617 1881s
 14983 14112 6562.79413   36 3186          - 6562.79413      -   617 1894s
 14984 14113 6565.18348  226 3144          - 6565.18348      -   617 1901s
 14985 14114 6565.83193  126 3230          - 6565.83193      -   617 1905s
 14988 14116 6566.20439   78 3182          - 6566.20439      -   617 1910s
 14995 14120 6575.22004   98 3045          - 6575.22004      -   617 1927s
 14996 14121 6578.07593  174 3225          - 6578.07593      -   617 1933s
 14997 14122 6579.69178  191 3375          - 6579.69178      -   617 1938s
 14998 14122 6580.13709   78 3292          - 6580.13709      -   617 1942s
 15000 14124 6580.41403  156 3428          - 6580.41403      -   616 1945s
 15007 14128 6586.40512  136 2988          - 6586.40512      -   616 1961s
 15008 14129 6588.27319  232 3225          - 6588.27319      -   616 1968s
 15009 14130 6588.87887   44 3348          - 6588.87887      -   616 1971s
 15011 14131 6589.23361  177 3307          - 6589.23361      -   616 1975s
 15016 14134 6596.59354  180 2907          - 6596.59354      -   616 1988s
 15017 14135 6598.15682   58 3008          - 6598.15682      -   616 1993s
 15018 14136 6598.94099  256 3110          - 6598.94099      -   616 1998s
 15019 14136 6599.29070  107 3056          - 6599.29070      -   616 2000s
 15023 14139 6599.54676  258 3310          - 6599.54676      -   616 2005s
 15028 14142 6604.71690  188 3030          - 6604.71690      -   615 2018s
 15029 14143 6606.64396   98 3071          - 6606.64396      -   615 2024s
 15030 14144 6607.34260  101 3238          - 6607.34260      -   615 2028s
 15031 14144 6607.68836   14 3272          - 6607.68836      -   615 2031s
 15036 14148 6607.85893  240 3355          - 6607.85893      -   615 2036s
 15037 14148 6611.75578   88 3097          - 6611.75578      -   615 2045s
 15038 14149 6613.20689   48 3155          - 6613.20689      -   615 2050s
 15040 14150 6614.25322  169 3227          - 6614.25322      -   615 2057s
 15042 14152 6614.38543  256 3310          - 6614.38543      -   615 2060s
 15047 14155 6620.16261   52 2914          - 6620.16261      -   615 2074s
 15048 14156 6621.25741  356 3081          - 6621.25741      -   614 2080s
 15049 14156 6622.39723  310 3155          - 6622.39723      -   614 2085s
 15052 14158 6622.99365  189 3277          - 6622.99365      -   614 2090s
 15058 14162 6627.30625   69 3121          - 6627.30625      -   614 2103s
 15059 14163 6628.47261   68 3149          - 6628.47261      -   614 2109s
 15060 14164 6629.24363   58 3093          - 6629.24363      -   614 2113s
 15061 14164 6629.38928  189 3291          - 6629.38928      -   614 2115s
 15066 14168 6634.66865  350 3328          - 6634.66865      -   614 2131s
 15067 14168 6636.06056  410 3349          - 6636.06056      -   614 2137s
 15068 14169 6636.61395  554 3436          - 6636.61395      -   614 2142s
 15069 14170 6637.00159   32 3360          - 6637.00159      -   614 2145s
 15074 14173 6637.15460   82 3580          - 6637.15460      -   613 2150s
 15075 14174 6641.22862  186 3291          - 6641.22862      -   613 2163s
 15076 14174 6642.42919  185 3393          - 6642.42919      -   613 2169s
 15077 14175 6643.09013  245 3452          - 6643.09013      -   613 2174s
 15078 14176 6643.26816  303 3490          - 6643.26816      -   613 2176s
 15081 14178 6643.45134  176 3545          - 6643.45134      -   613 2180s
 15086 14181 6648.19955  227 3144          - 6648.19955      -   613 2194s
 15087 14182 6649.32544   47 3314          - 6649.32544      -   613 2200s
 15089 14183 6650.40893   83 3379          - 6650.40893      -   613 2207s
 15091 14184 6650.67987  210 3592          - 6650.67987      -   613 2210s
 15096 14188 6656.61496  174 3272          - 6656.61496      -   613 2226s
 15097 14188 6657.71590  191 3551          - 6657.71590      -   612 2231s
 15098 14189 6659.16382   78 3472          - 6659.16382      -   612 2238s
 15099 14190 6659.72470  241 3512          - 6659.72470      -   612 2242s
 15101 14191 6660.00822   18 3584          - 6660.00822      -   612 2245s
 15106 14194 6664.64096   15 3294          - 6664.64096      -   612 2260s
 15107 14195 6666.20527  136 3336          - 6666.20527      -   612 2266s
 15109 14196 6666.95051   44 3453          - 6666.95051      -   612 2272s
 15111 14198 6667.09378  177 3582          - 6667.09378      -   612 2275s
 15116 14201 6671.15133  180 3363          - 6671.15133      -   612 2288s
 15117 14202 6672.80259   58 3405          - 6672.80259      -   612 2295s
 15119 14203 6673.49757  107 3578          - 6673.49757      -   612 2302s
 15121 14204 6673.65963  102 3606          - 6673.65963      -   612 2305s
 15128 14209 6677.24521  188 3355          - 6677.24521      -   611 2319s
 15129 14210 6678.18295   98 3588          - 6678.18295      -   611 2325s
 15131 14211 6678.62514   14 3593          - 6678.62514      -   611 2330s
 15137 14215 6682.89753   88 3413          - 6682.89753      -   611 2346s
 15138 14216 6683.89440   48 3536          - 6683.89440      -   611 2351s
 15139 14216 6684.37757   32 3565          - 6684.37757      -   611 2355s
 15141 14218 6684.79762   72 3465          - 6684.79762      -   611 2360s
 15148 14222 6687.44382  356 3316          - 6687.44382      -   610 2372s
 15149 14223 6688.36185  310 3332          - 6688.36185      -   610 2377s
 15150 14224 6688.66431   38 3481          - 6688.66431      -   610 2381s
 15154 14226 6688.84564  223 3572          - 6688.84564      -   610 2385s
 15159 14230 6691.55691   68 3600          - 6691.55691      -   610 2397s
 15160 14230 6692.23978   58 3670          - 6692.23978      -   610 2401s
 15161 14231 6692.98069  189 3764          - 6692.98069      -   610 2406s
 15163 14232 6693.19072  188 3805          - 6693.19072      -   610 2410s
 15167 14235 6696.08474  410 3375          - 6696.08474      -   610 2421s
 15168 14236 6696.79178  554 3345          - 6696.79178      -   610 2425s
 15170 14237 6697.22688  158 3475          - 6697.22688      -   610 2430s
 15175 14240 6700.05071  186 3398          - 6700.05071      -   609 2443s
 15176 14241 6701.08569  185 3322          - 6701.08569      -   609 2449s
 15177 14242 6701.35601  245 3365          - 6701.35601      -   609 2452s
 15180 14244 6701.50102  344 3334          - 6701.50102      -   609 2455s
 15185 14247 6705.09048  126 3522          - 6705.09048      -   609 2469s
 15186 14248 6706.30077  227 3609          - 6706.30077      -   609 2474s
 15187 14248 6707.02100   47 3693          - 6707.02100      -   609 2480s
 15189 14250 6707.43567   83 3639          - 6707.43567      -   609 2485s
 15195 14254 6709.71569   98 3387          - 6709.71569      -   609 2497s
 15196 14254 6710.18728  174 3364          - 6710.18728      -   609 2501s
 15198 14256 6710.58256   78 3559          - 6710.58256      -   608 2507s
 15202 14258 6710.65586   17 3686          - 6710.65586      -   608 2511s
 15203 14259 6713.74994  125 3475          - 6713.74994      -   608 2520s
 15204 14260 6714.63411  210 3541          - 6714.63411      -   608 2526s
 15205 14260 6715.43152  188 3676          - 6715.43152      -   608 2532s
 15206 14261 6715.70182   15 3693          - 6715.70182      -   608 2536s
 15208 14262 6715.85525  232 3746          - 6715.85525      -   608 2540s
 15213 14266 6719.69871  154 3409          - 6719.69871      -   608 2554s
 15214 14266 6720.38507  211 3506          - 6720.38507      -   608 2559s
 15215 14267 6720.79369  125 3605          - 6720.79369      -   608 2563s
 15216 14268 6720.91188  180 3514          - 6720.91188      -   608 2565s
 15222 14272 6721.02277   18 3611          - 6721.02277      -   607 2570s
 15224 14273 6722.78601  262 3673          - 6722.78601      -   607 2579s
 15225 14274 6723.32042  517 3802          - 6723.32042      -   607 2583s
 15226 14274 6723.48691  195 3741          - 6723.48691      -   607 2586s
 15232 14278 6723.59438  193 3905          - 6723.59438      -   607 2590s
 15234 14280 6726.30494  317 3633          - 6726.30494      -   607 2601s
 15235 14280 6727.21746  126 3756          - 6727.21746      -   607 2606s
 15237 14282 6727.68453   88 3873          - 6727.68453      -   607 2613s
 15238 14282 6727.76110   48 3659          - 6727.76110      -   607 2615s
 15243 14286 6729.40132  140 3708          - 6729.40132      -   607 2627s
 15244 14286 6730.53628  357 3760          - 6730.53628      -   607 2633s
 15245 14287 6730.81589  141 3765          - 6730.81589      -   607 2636s
 15249 14290 6730.96341  310 3894          - 6730.96341      -   606 2641s
 15250 14290 6733.12879   38 3558          - 6733.12879      -   606 2650s
 15252 14292 6733.90020  189 3740          - 6733.90020      -   606 2656s
 15253 14292 6734.28192  238 3793          - 6734.28192      -   606 2660s
 15255 14294 6734.51207  145 3850          - 6734.51207      -   606 2665s
 15259 14296 6736.38954   68 3595          - 6736.38954      -   606 2677s
 15260 14297 6736.82024   58 3640          - 6736.82024      -   606 2680s
 15262 14298 6737.08276   39 3720          - 6737.08276      -   606 2685s
 15268 14302 6739.22507  554 3610          - 6739.22507      -   606 2697s
 15269 14303 6740.05697   32 3536          - 6740.05697      -   606 2703s
 15270 14304 6740.36895  158 3584          - 6740.36895      -   606 2706s
 15273 14306 6740.55535  311 3754          - 6740.55535      -   605 2710s
 15276 14308 6741.91531  185 3455          - 6741.91531      -   605 2719s
 15277 14308 6742.59155  245 3519          - 6742.59155      -   605 2724s
 15278 14309 6742.79848  303 3797          - 6742.79848      -   605 2727s
 15280 14310 6742.91699  344 3617          - 6742.91699      -   605 2730s
 15286 14314 6744.15862  227 3825          - 6744.15862      -   605 2741s
 15287 14315 6744.68082   47 3679          - 6744.68082      -   605 2745s
 15290 14317 6745.10424   85 3913          - 6745.10424      -   605 2751s
 15294 14320 6745.13555  519 3875          - 6745.13555      -   605 2755s
 15295 14320 6747.90395   98 3775          - 6747.90395      -   605 2764s
 15296 14321 6748.77324  174 3782          - 6748.77324      -   605 2768s
 15297 14322 6749.10664  191 3822          - 6749.10664      -   604 2773s
 15298 14322 6749.20870   78 3907          - 6749.20870      -   604 2775s
 15304 14326 6750.42749  210 3700          - 6750.42749      -   604 2786s
 15306 14328 6750.73672   15 3810          - 6750.73672      -   604 2791s
 15311 14331 6750.78964  177 3932          - 6750.78964      -   604 2795s
 15312 14332 6751.90203   91 3873          - 6751.90203      -   604 2801s
 15313 14332 6752.37260  154 3980          - 6752.37260      -   604 2805s
 15318 14336 6752.47838  256 4075          - 6752.47838      -   604 2810s
 15319 14336 6753.76346  107 3791          - 6753.76346      -   604 2816s
 15320 14337 6754.27297  126 3930          - 6754.27297      -   604 2821s
H15321 13608                    10961.000000 6754.57995  38.4%   604 2825s
H15321 12915                    10959.000000 6754.57995  38.4%   604 2825s
H15321 12257                    10913.000000 6754.57995  38.1%   604 2825s
H15321 11631                    10852.000000 6754.57995  37.8%   604 2825s
H15321 11037                    10820.000000 6754.57995  37.6%   604 2825s
H15321 10472                    10818.000000 6754.57995  37.6%   604 2825s
H15321  9936                    10803.000000 6754.57995  37.5%   604 2825s
H15321  9427                    10798.000000 6754.57995  37.4%   604 2825s
H15325  8945                    10797.000000 6756.98301  37.4%   603 2838s
H15325  8485                    10679.000000 6756.98301  36.7%   603 2838s
H15325  8048                    10598.000000 6756.98301  36.2%   603 2838s
H15325  7633                    10588.000000 6756.98301  36.2%   603 2839s
H15325  7238                    10586.000000 6756.98301  36.2%   603 2839s
H15325  6864                    10585.000000 6756.98301  36.2%   603 2839s
H15325  6508                    10536.000000 6756.98301  35.9%   603 2839s
H15325  6170                    10525.000000 6756.98301  35.8%   603 2839s
H15325  5848                    10483.000000 6756.98301  35.5%   603 2839s
H15325  5543                    10475.000000 6756.98301  35.5%   603 2839s
H15325  5253                    10474.000000 6756.98301  35.5%   603 2839s
H15325  4978                    10467.000000 6756.98301  35.4%   603 2840s
H15325  4716                    10433.000000 6756.98301  35.2%   603 2840s
H15325  4468                    10431.000000 6756.98301  35.2%   603 2840s
H15325  4232                    10430.000000 6756.98301  35.2%   603 2840s
H15325  4007                    10426.000000 6756.98301  35.2%   603 2840s
H15325  3794                    10414.000000 6756.98301  35.1%   603 2840s
H15325  3592                    10411.000000 6756.98301  35.1%   603 2840s
 15327  3594 6757.74421   38 3839 10411.0000 6757.74421  35.1%   603 2846s
 15328  3594 6758.10465  188 3842 10411.0000 6758.10465  35.1%   603 2850s
 15332  3597 6758.25884  193 3988 10411.0000 6758.25884  35.1%   603 2855s
H15333  3405                    10324.000000 6760.02019  34.5%   603 2865s
H15333  3222                    10304.000000 6760.02019  34.4%   603 2865s
H15333  3048                    10284.000000 6760.02019  34.3%   603 2865s
H15333  2883                    10236.000000 6760.02019  34.0%   603 2865s
H15333  2726                    10221.000000 6760.02019  33.9%   603 2865s
H15333  2577                    10201.000000 6760.02019  33.7%   603 2865s
 15335  2578 6760.91072  126 3849 10201.0000 6760.91072  33.7%   603 2871s
 15337  2579 6761.19362   88 3971 10201.0000 6761.19362  33.7%   603 2875s
H15340  2439                    10200.000000 6763.18694  33.7%   603 2887s
H15340  2304                    10199.000000 6763.18694  33.7%   603 2887s
H15340  2176                    10167.000000 6763.18694  33.5%   603 2887s
H15340  2054                    10132.000000 6763.18694  33.2%   603 2887s
 15342  2056 6764.11554  256 3887 10132.0000 6764.11554  33.2%   603 2894s
 15343  2056 6764.35048  140 4029 10132.0000 6764.35048  33.2%   603 2897s
 15346  2058 6764.49246  246 4078 10132.0000 6764.49246  33.2%   603 2900s
 15348  2060 6766.25108  356 3671 10132.0000 6766.25108  33.2%   602 2910s
 15350  2061 6766.92467   38 3880 10132.0000 6766.92467  33.2%   602 2917s
 15352  2062 6767.12021  189 3974 10132.0000 6767.12021  33.2%   602 2920s
H15354  1948                    10122.000000 6769.40489  33.1%   602 2931s
 15356  1949 6770.20435  252 3942 10122.0000 6770.20435  33.1%   602 2937s
 15357  1950 6770.53430  154 4002 10122.0000 6770.53430  33.1%   602 2940s
 15361  1952 6770.64816  189 3948 10122.0000 6770.64816  33.1%   602 2945s
 15362  1953 6773.71127   39 3875 10122.0000 6773.71127  33.1%   602 2957s
 15363  1954 6774.95434  188 3880 10122.0000 6774.95434  33.1%   602 2964s
 15364  1954 6775.55693   59 3965 10122.0000 6775.55693  33.1%   602 2968s
 15365  1955 6775.64999  115 4027 10122.0000 6775.64999  33.1%   602 2970s
 15371  1959 6775.70020  237 4126 10122.0000 6775.70020  33.1%   602 2975s
H15371  1847                    10101.000000 6777.63821  32.9%   602 2990s
H15371  1741                    10097.000000 6777.63821  32.9%   602 2991s
H15371  1641                    10067.000000 6777.63821  32.7%   602 2992s
H15371  1545                    10045.000000 6777.63821  32.5%   602 3000s
H15371  1455                    10042.000000 6777.63821  32.5%   602 3000s
H15371  1368                    10032.000000 6777.63821  32.4%   602 3000s
H15371  1286                    10010.000000 6777.63821  32.3%   602 3002s
H15371  1209                    9968.0000000 6777.63821  32.0%   602 3002s
H15371  1135                    9959.0000000 6777.63821  31.9%   602 3004s
H15371  1065                    9956.0000000 6777.63821  31.9%   602 3006s
 15373  1066 6778.19059  311 3813 9956.00000 6778.19059  31.9%   602 3010s
 15375  1068 6778.54133  186 3872 9956.00000 6778.54133  31.9%   601 3016s
 15380  1071 6778.62681  344 4044 9956.00000 6778.62681  31.9%   601 3021s
 15381  1072 6779.97962  176 4170 9956.00000 6779.97962  31.9%   601 3028s
 15382  1072 6780.43182   50 3975 9956.00000 6780.43182  31.9%   601 3033s
 15383  1073 6780.55987   36 4194 9956.00000 6780.55987  31.9%   601 3035s
 15390  1078 6780.66492   85 4360 9956.00000 6780.66492  31.9%   601 3041s
H15390  1010                    9951.0000000 6783.15746  31.8%   601 3052s
H15390   946                    9901.0000000 6783.15746  31.5%   601 3052s
H15390   885                    9900.0000000 6783.15746  31.5%   601 3052s
 15392   886 6783.82462  409 4100 9900.00000 6783.82462  31.5%   601 3057s
 15393   887 6784.11700   38 4129 9900.00000 6784.11700  31.5%   601 3061s
 15395   888 6784.33045   98 4187 9900.00000 6784.33045  31.5%   601 3066s
 15399   891 6784.38783  241 4296 9900.00000 6784.38783  31.5%   600 3071s
H15399   832                    9858.0000000 6786.14887  31.2%   600 3081s
H15399   777                    9850.0000000 6786.14887  31.1%   600 3081s
H15399   724                    9830.0000000 6786.14887  31.0%   600 3081s
H15399   674                    9818.0000000 6786.14887  30.9%   600 3081s
 15401   675 6786.64220   18 4368 9818.00000 6786.64220  30.9%   600 3086s
 15403   676 6786.97308  125 4262 9818.00000 6786.97308  30.9%   600 3091s
 15409   680 6787.05566   44 4277 9818.00000 6787.05566  30.9%   600 3095s
H15410   633                    9800.0000000 6788.20271  30.7%   600 3103s
 15412   634 6788.74636   91 4058 9800.00000 6788.74636  30.7%   600 3110s
 15415   636 6788.97711  125 4266 9800.00000 6788.97711  30.7%   600 3115s
 15420   640 6789.04017  126 4192 9800.00000 6789.04017  30.7%   600 3121s
 15421   640 6791.50947  102 4086 9800.00000 6791.50947  30.7%   600 3131s
H15421   593                    9738.0000000 6792.34256  30.2%   600 3138s
H15421   549                    9724.0000000 6792.34256  30.1%   600 3138s
H15421   507                    9684.0000000 6792.34256  29.9%   600 3138s
H15421   468                    9661.0000000 6792.34256  29.7%   600 3138s
H15421   430                    9659.0000000 6792.34256  29.7%   600 3138s
H15421   394                    9656.0000000 6792.34256  29.7%   600 3138s
H15421   360                    9613.0000000 6792.34256  29.3%   600 3138s
H15421   328                    9612.0000000 6792.34256  29.3%   600 3138s
H15421   297                    9607.0000000 6792.34256  29.3%   600 3138s
 15423   299 6792.55215  258 4077 9607.00000 6792.55215  29.3%   600 3142s
 15426   301 6792.66885  195 4142 9607.00000 6792.66885  29.3%   599 3145s
H15428   273                    9588.0000000 6793.67134  29.1%   599 3162s
H15428   245                    9569.0000000 6793.67134  29.0%   599 3162s
H15428   218                    9548.0000000 6793.67134  28.8%   599 3166s
H15428   193                    9538.0000000 6793.67134  28.8%   599 3168s
H15428   169                    9537.0000000 6793.67134  28.8%   599 3169s
H15428   146                    9533.0000000 6793.67134  28.7%   599 3169s
 15430   147 6793.96656  101 4338 9533.00000 6793.96656  28.7%   599 3174s
 15431   148 6794.04803   14 4281 9533.00000 6794.04803  28.7%   599 3176s
 15435   151 6794.10142  126 4365 9533.00000 6794.10142  28.7%   599 3180s
 15436   151 6795.55268  240 3975 9533.00000 6795.55268  28.7%   599 3187s
 15437   152 6795.92956   88 4168 9533.00000 6795.92956  28.7%   599 3191s
 15439   153 6796.21828   32 4097 9533.00000 6796.21828  28.7%   599 3196s
 15445   157 6796.26836  141 4194 9533.00000 6796.26836  28.7%   599 3201s
H15445   134                    9530.0000000 6797.45871  28.7%   599 3209s
H15445   113                    9515.0000000 6797.45871  28.6%   599 3209s
 15447   115 6797.96085   52 3950 9515.00000 6797.96085  28.6%   599 3214s
 15448   115 6798.10668  356 4022 9515.00000 6798.10668  28.6%   599 3216s
 15450   117 6798.21787   38 4117 9515.00000 6798.21787  28.6%   599 3220s
 15454   119 6800.26371  223 3892 9515.00000 6800.26371  28.5%   598 3233s
 15455   120 6800.89639  145 4115 9515.00000 6800.89639  28.5%   598 3238s
 15456   121 6801.09305  252 4152 9515.00000 6801.09305  28.5%   598 3242s
 15458   122 6801.19087   69 4127 9515.00000 6801.19087  28.5%   598 3245s
 15462   125 6801.23162   39 4251 9515.00000 6801.23162  28.5%   598 3250s
H15462   103                    9507.0000000 6802.91646  28.4%   598 3258s
 15464   104 6803.73787   59 4021 9507.00000 6803.73787  28.4%   598 3265s
 15466   105 6804.05634  350 4172 9507.00000 6804.05634  28.4%   598 3270s
 15471   109 6805.88443  237 3777 9507.00000 6805.88443  28.4%   598 3283s
 15472   109 6806.47303  233 3818 9507.00000 6806.47303  28.4%   598 3288s
 15473   110 6806.83367  311 3942 9507.00000 6806.83367  28.4%   598 3292s
 15475   111 6806.94578  186 3970 9507.00000 6806.94578  28.4%   598 3295s
H15479    93                    9503.0000000 6807.97963  28.4%   597 3309s
H15479    74                    9502.0000000 6807.97963  28.4%   597 3312s
H15479    55                    9500.0000000 6807.97963  28.3%   597 3313s
H15479    37                    9487.0000000 6807.97963  28.2%   597 3316s
H15479    19                    9485.0000000 6807.97963  28.2%   597 3318s
H15479     3                    9478.0000000 6807.97963  28.2%   597 3318s
H15479     0                    9455.0000000 6807.97963  28.0%   597 3318s
 15481     0 6808.37619  176 3984 9455.00000 6808.37619  28.0%   597 3324s
 15482     0 6808.45322   50 4006 9455.00000 6808.45322  28.0%   597 3326s
 15486     0 6808.56864  227 4055 9455.00000 6808.56864  28.0%   597 3330s
 15490     0 6809.48760   85 3950 9455.00000 6809.48760  28.0%   597 3340s
 15491     0 6809.86131  210 4033 9455.00000 6809.86131  28.0%   597 3345s
 15493     0 6810.11624   38 4161 9455.00000 6810.11624  28.0%   597 3351s
H15496     0                    9451.0000000 6810.84162  27.9%   597 3360s
H15496     0                    9446.0000000 6810.84162  27.9%   597 3361s
H15496     0                    9444.0000000 6810.84162  27.9%   597 3361s
 15498     0 6811.18721   78 4136 9444.00000 6811.18721  27.9%   597 3365s
 15501     0 6811.43743   18 4296 9444.00000 6811.43743  27.9%   597 3371s
 15504     0 6812.52030  210 3993 9444.00000 6812.52030  27.9%   596 3382s
 15505     0 6812.79727  188 4222 9444.00000 6812.79727  27.9%   596 3387s
 15507     0 6812.94425  136 4399 9444.00000 6812.94425  27.9%   596 3390s
 15513     0 6813.00213  154 4314 9444.00000 6813.00213  27.9%   596 3396s
 15514     0 6813.67759  211 4163 9444.00000 6813.67759  27.9%   596 3402s
 15518     3 6813.67759  256  876 9444.00000 6813.67759  27.9%   704 3412s
 15520     5 6813.67759  126 1117 9444.00000 6813.67759  27.9%   704 3419s
 15521     5 6813.67759  102 1215 9444.00000 6813.67759  27.9%   704 3426s
 15522     6 6813.67759   18 1361 9444.00000 6813.67759  27.9%   704 3436s
H15522     5                    9424.0000000 6813.67759  27.7%   704 3447s
H15522     5                    9422.0000000 6813.67759  27.7%   704 3447s
 15524     6 6813.67759  262 1598 9422.00000 6813.67759  27.7%   704 3461s
 15525     7 6813.67759  517 1820 9422.00000 6813.67759  27.7%   704 3478s
 15526     8 6813.67759  195 2048 9422.00000 6813.67759  27.7%   704 3495s
 15527     8 6813.74017   38 2035 9422.00000 6813.74017  27.7%   704 3511s
 15528     9 6813.74017  188 2607 9422.00000 6813.74017  27.7%   704 3527s
 15529    10 6813.74017   98 2378 9422.00000 6813.74017  27.7%   704 3543s
 15530    10 6813.74117  101 2797 9422.00000 6813.74117  27.7%   704 3559s
 15531    11 6813.74117   14 2895 9422.00000 6813.74117  27.7%   704 3576s
 15532    12 6813.74117  193 2972 9422.00000 6813.74117  27.7%   704 3593s
 15533    12 6813.74117  338 3200 9422.00000 6813.74117  27.7%   704 3607s
 15534    13 6813.74117  317 3488 9422.00000 6813.74117  27.7%   704 3619s
 15535    14 6813.74117  126 3578 9422.00000 6813.74117  27.7%   704 3629s
 15536    14 6813.74117  240 3649 9422.00000 6813.74117  27.7%   704 3636s
 15537    15 6813.74117   88 3679 9422.00000 6813.74117  27.7%   703 3644s
 15538    16 6813.74117   48 3959 9422.00000 6813.74117  27.7%   703 3649s
 15539    16 6813.84432   32 3878 9422.00000 6813.84432  27.7%   703 3651s
 15544    20 6813.89815  357 4119 9422.00000 6813.89815  27.7%   703 3658s
 15545    20 6817.43824  141 3439 9422.00000 6817.43824  27.6%   703 3670s
 15546    21 6817.98160  246 3344 9422.00000 6817.98160  27.6%   703 3675s
 15552    25 6818.30823  189 3514 9422.00000 6818.30823  27.6%   703 3683s
 15553    26 6821.55778  238 3259 9422.00000 6821.55778  27.6%   703 3695s
 15554    26 6822.19177  223 3389 9422.00000 6822.19177  27.6%   703 3700s
 15557    28 6822.48789  154 3466 9422.00000 6822.48789  27.6%   703 3705s
 15559    30 6825.07807   68 3348 9422.00000 6825.07807  27.6%   702 3720s
H15559    28                    9420.0000000 6825.64965  27.5%   702 3725s
H15559    25                    9419.0000000 6825.64965  27.5%   702 3725s
 15564    28 6825.86923   59 3544 9419.00000 6825.86923  27.5%   702 3730s
 15567    30 6828.12315  410 3469 9419.00000 6828.12315  27.5%   702 3745s
 15569    31 6829.00707   32 3488 9419.00000 6829.00707  27.5%   702 3752s
 15573    34 6829.08228  311 3563 9419.00000 6829.08228  27.5%   702 3755s
H15574    33                    9405.0000000 6831.82201  27.4%   702 3775s
 15576    34 6833.16704  185 3438 9405.00000 6833.16704  27.3%   702 3783s
 15577    35 6833.55565  245 3463 9405.00000 6833.55565  27.3%   702 3787s
 15582    38 6833.62529   50 3650 9405.00000 6833.62529  27.3%   701 3793s
 15583    39 6835.07985   36 3591 9405.00000 6835.07985  27.3%   701 3801s
 15584    39 6835.42254  226 3658 9405.00000 6835.42254  27.3%   701 3805s
 15588    42 6835.61828   78 3910 9405.00000 6835.61828  27.3%   701 3810s
H15591    40                    9397.0000000 6837.65132  27.2%   701 3828s
 15592    41 6837.65132  409 3598 9397.00000 6837.65132  27.2%   701 3834s
 15593    41 6838.19783   38 3694 9397.00000 6838.19783  27.2%   701 3839s
 15594    42 6838.36518  519 3773 9397.00000 6838.36518  27.2%   701 3841s
 15597    44 6838.50089  191 3838 9397.00000 6838.50089  27.2%   701 3845s
 15600    46 6840.20634  156 3304 9397.00000 6840.20634  27.2%   701 3859s
 15601    47 6840.94581   18 3657 9397.00000 6840.94581  27.2%   701 3864s
 15602    47 6841.08962   17 3654 9397.00000 6841.08962  27.2%   701 3866s
 15606    50 6841.15147   15 3700 9397.00000 6841.15147  27.2%   700 3871s
 15607    51 6842.60329  136 3601 9397.00000 6842.60329  27.2%   700 3878s
 15608    51 6842.90013  232 3690 9397.00000 6842.90013  27.2%   700 3881s
 15610    53 6843.06030  520 3675 9397.00000 6843.06030  27.2%   700 3885s
 15615    56 6843.08712  125 3785 9397.00000 6843.08712  27.2%   700 3890s
 15616    57 6844.27731  180 3460 9397.00000 6844.27731  27.2%   700 3897s
 15617    57 6844.52274   58 3661 9397.00000 6844.52274  27.2%   700 3900s
 15621    60 6844.70830  102 3627 9397.00000 6844.70830  27.2%   700 3905s
 15625    63 6847.29373  517 3599 9397.00000 6847.29373  27.1%   700 3917s
 15626    63 6847.56411  195 3739 9397.00000 6847.56411  27.1%   699 3921s
 15630    66 6847.70369  101 3766 9397.00000 6847.70369  27.1%   699 3925s
 15632    67 6849.99517  193 3598 9397.00000 6849.99517  27.1%   699 3938s
 15633    68 6850.70590  338 3628 9397.00000 6850.70590  27.1%   699 3944s
 15634    69 6850.83000  317 3700 9397.00000 6850.83000  27.1%   699 3946s
 15638    71 6851.01898   48 3712 9397.00000 6851.01898  27.1%   699 3950s
 15640    73 6852.89410  169 3573 9397.00000 6852.89410  27.1%   699 3961s
 15641    73 6853.49786   72 3781 9397.00000 6853.49786  27.1%   699 3965s
 15643    75 6853.88123  140 3786 9397.00000 6853.88123  27.1%   699 3970s
H15646    71                    9395.0000000 6855.77264  27.0%   699 3982s
 15648    72 6856.61937  356 3661 9395.00000 6856.61937  27.0%   699 3987s
 15649    73 6856.88525  310 3871 9395.00000 6856.88525  27.0%   698 3990s
 15653    75 6857.06658  238 3966 9395.00000 6857.06658  27.0%   698 3995s
 15656    77 6857.07936  252 4064 9395.00000 6857.07936  27.0%   698 4001s
 15657    78 6859.27622  154 3931 9395.00000 6859.27622  27.0%   698 4011s
 15658    79 6860.08392   69 3753 9395.00000 6860.08392  27.0%   698 4017s
 15659    79 6860.36593   68 3987 9395.00000 6860.36593  27.0%   698 4020s
 15665    83 6860.45775  115 4044 9395.00000 6860.45775  27.0%   698 4028s
 15666    84 6862.76938  350 3934 9395.00000 6862.76938  27.0%   698 4039s
 15667    85 6863.35593  410 3998 9395.00000 6863.35593  26.9%   698 4043s
 15668    85 6863.60386  554 4027 9395.00000 6863.60386  26.9%   698 4046s
 15672    88 6863.68986  233 4230 9395.00000 6863.68986  26.9%   697 4050s
H15672    81                    9390.0000000 6864.98534  26.9%   697 4057s
H15672    74                    9368.0000000 6864.98534  26.7%   697 4057s
 15674    75 6865.38016   82 3706 9368.00000 6865.38016  26.7%   697 4061s
 15676    77 6865.63911  185 3794 9368.00000 6865.63911  26.7%   697 4065s
 15681    80 6867.00756  176 3751 9368.00000 6867.00756  26.7%   697 4078s
 15682    81 6867.53609   50 3945 9368.00000 6867.53609  26.7%   697 4082s
 15683    81 6867.72304   36 3942 9368.00000 6867.72304  26.7%   697 4085s
H15688    78                    9366.0000000 6868.87504  26.7%   697 4096s
 15690    79 6869.24436   85 3975 9366.00000 6869.24436  26.7%   697 4100s
 15694    82 6869.43122  519 4029 9366.00000 6869.43122  26.7%   696 4105s
H15695    75                    9364.0000000 6870.76537  26.6%   696 4114s
 15697    77 6871.21990  191 3829 9364.00000 6871.21990  26.6%   696 4118s
 15698    77 6871.31618   78 4004 9364.00000 6871.31618  26.6%   696 4120s
 15702    80 6872.64511   17 3779 9364.00000 6872.64511  26.6%   696 4131s
 15703    81 6872.96525  125 3912 9364.00000 6872.96525  26.6%   696 4135s
 15707    83 6873.18623  136 4113 9364.00000 6873.18623  26.6%   696 4140s
 15709    85 6874.59737   44 3815 9364.00000 6874.59737  26.6%   696 4150s
 15710    85 6874.91659  520 3907 9364.00000 6874.91659  26.6%   696 4155s
 15715    89 6875.02169  125 4051 9364.00000 6875.02169  26.6%   696 4160s
H15715    81                    9354.0000000 6876.07342  26.5%   696 4168s
 15717    82 6876.44687   58 4157 9354.00000 6876.44687  26.5%   695 4172s
 15720    84 6876.60639  126 4253 9354.00000 6876.60639  26.5%   695 4176s
 15724    87 6877.66312  262 4211 9354.00000 6877.66312  26.5%   695 4185s
 15726    88 6878.23861  195 4200 9354.00000 6878.23861  26.5%   695 4192s
 15729    90 6878.29821   98 4285 9354.00000 6878.29821  26.5%   695 4196s
H15729    82                    9337.0000000 6879.23932  26.3%   695 4208s
H15729    75                    9333.0000000 6879.23932  26.3%   695 4210s
H15729    67                    9332.0000000 6879.23932  26.3%   695 4210s
H15729    60                    9328.0000000 6879.23932  26.3%   695 4211s
H15729    54                    9324.0000000 6879.23932  26.2%   695 4211s
H15729    47                    9317.0000000 6879.23932  26.2%   695 4213s
 15731    48 6879.60193   14 4309 9317.00000 6879.60193  26.2%   695 4218s
 15732    49 6879.65794  193 4187 9317.00000 6879.65794  26.2%   695 4220s
H15736    46                    9310.0000000 6880.98829  26.1%   695 4234s
 15738    47 6881.30363   48 4105 9310.00000 6881.30363  26.1%   695 4238s
 15739    48 6881.43489   32 4023 9310.00000 6881.43489  26.1%   694 4241s
 15742    50 6881.49238  256 4243 9310.00000 6881.49238  26.1%   694 4245s
 15743    50 6882.14267  140 4019 9310.00000 6882.14267  26.1%   694 4250s
 15745    52 6882.46033  141 4105 9310.00000 6882.46033  26.1%   694 4256s
 15750    55 6882.51143   38 4248 9310.00000 6882.51143  26.1%   694 4260s
H15750    49                    9309.0000000 6883.40688  26.1%   694 4267s
 15752    50 6883.78688  189 4322 9309.00000 6883.78688  26.1%   694 4272s
 15753    51 6884.00218  238 4107 9309.00000 6884.00218  26.1%   694 4276s
 15757    54 6884.10870  154 4302 9309.00000 6884.10870  26.0%   694 4280s
 15760    56 6884.87630   58 4192 9309.00000 6884.87630  26.0%   694 4289s
 15761    56 6885.20440  189 4131 9309.00000 6885.20440  26.0%   693 4294s
 15762    57 6885.33586   39 4091 9309.00000 6885.33586  26.0%   693 4297s
 15765    59 6885.40170  115 4227 9309.00000 6885.40170  26.0%   693 4300s
 15767    60 6885.93203  410 4012 9309.00000 6885.93203  26.0%   693 4309s
 15768    61 6886.11627  554 4060 9309.00000 6886.11627  26.0%   693 4312s
 15770    62 6886.22245  158 4153 9309.00000 6886.22245  26.0%   693 4315s
 15774    65 6887.04071   82 4034 9309.00000 6887.04071  26.0%   693 4325s
 15776    66 6887.35740  185 4064 9309.00000 6887.35740  26.0%   693 4330s
 15780    69 6887.42806  344 4238 9309.00000 6887.42806  26.0%   693 4336s
 15781    70 6888.23065  176 3930 9309.00000 6888.23065  26.0%   693 4343s
 15782    70 6888.53069   50 3949 9309.00000 6888.53069  26.0%   693 4347s
 15785    72 6888.61685  126 4023 9309.00000 6888.61685  26.0%   692 4350s
 15788    74 6889.40903   78 4079 9309.00000 6889.40903  26.0%   692 4358s
 15789    75 6889.82847   83 4071 9309.00000 6889.82847  26.0%   692 4363s
 15790    76 6889.92163   85 4017 9309.00000 6889.92163  26.0%   692 4365s
 15795    79 6890.04680   98 4094 9309.00000 6890.04680  26.0%   692 4371s
 15796    80 6890.68061  174 3965 9309.00000 6890.68061  26.0%   692 4375s
 15799    82 6890.92667  241 4121 9309.00000 6890.92667  26.0%   692 4380s
 15804    85 6891.72187  210 4194 9309.00000 6891.72187  26.0%   692 4389s
 15805    86 6891.93249  188 4226 9309.00000 6891.93249  26.0%   692 4392s
 15807    87 6892.02107  136 4183 9309.00000 6892.02107  26.0%   691 4395s
 15811    90 6892.42014  177 4073 9309.00000 6892.42014  26.0%   691 4403s
 15812    90 6892.55552   91 3991 9309.00000 6892.55552  26.0%   691 4406s
 15814    92 6892.67751  211 4110 9309.00000 6892.67751  26.0%   691 4410s
 15819    95 6893.25509  107 3971 9309.00000 6893.25509  26.0%   691 4420s
 15822    97 6893.58505   18 4116 9309.00000 6893.58505  25.9%   691 4425s
 15826   100 6894.66348  195 4003 9309.00000 6894.66348  25.9%   691 4436s
 15827   100 6894.94801   38 4055 9309.00000 6894.94801  25.9%   691 4440s
 15829   102 6895.13741   98 4049 9309.00000 6895.13741  25.9%   691 4445s
H15832    93                    9291.0000000 6896.17227  25.8%   690 4456s
H15832    83                    9288.0000000 6896.17227  25.8%   690 4456s
H15832    74                    9283.0000000 6896.17227  25.7%   690 4456s
H15832    65                    9282.0000000 6896.17227  25.7%   690 4456s
 15834    66 6896.54299  317 3918 9282.00000 6896.54299  25.7%   690 4461s
 15837    68 6896.69499   88 4002 9282.00000 6896.69499  25.7%   690 4465s
 15843    72 6897.14691  140 4085 9282.00000 6897.14691  25.7%   690 4473s
 15844    73 6897.32937  357 4052 9282.00000 6897.32937  25.7%   690 4476s
 15848    75 6897.42612  356 4068 9282.00000 6897.42612  25.7%   690 4480s
H15850    67                    9280.0000000 6898.09536  25.7%   690 4500s
H15850    58                    9279.0000000 6898.09536  25.7%   690 4502s
 15852    59 6898.36222  189 4045 9279.00000 6898.36222  25.7%   690 4506s
 15855    61 6898.49872  145 4135 9279.00000 6898.49872  25.7%   689 4510s
 15858    63 6899.63437   69 3905 9279.00000 6899.63437  25.6%   689 4521s
 15859    64 6899.96359   68 4141 9279.00000 6899.96359  25.6%   689 4525s
 15863    66 6900.14853  188 4261 9279.00000 6900.14853  25.6%   689 4530s
 15866    68 6900.70344  350 4053 9279.00000 6900.70344  25.6%   689 4536s
 15868    70 6901.00047  554 4170 9279.00000 6901.00047  25.6%   689 4541s
 15872    72 6901.04545  233 4301 9279.00000 6901.04545  25.6%   689 4545s
 15874    74 6901.30889   82 4085 9279.00000 6901.30889  25.6%   689 4550s
 15879    77 6901.79984  144 4116 9279.00000 6901.79984  25.6%   688 4558s
 15880    78 6901.95269  344 4145 9279.00000 6901.95269  25.6%   688 4561s
 15884    80 6902.10598  226 4090 9279.00000 6902.10598  25.6%   688 4565s
 15886    82 6902.48009  227 4092 9279.00000 6902.48009  25.6%   688 4571s
 15889    84 6902.64504   83 4145 9279.00000 6902.64504  25.6%   688 4575s
 15894    87 6903.26176  519 4081 9279.00000 6903.26176  25.6%   688 4584s
 15895    88 6903.57559   98 4081 9279.00000 6903.57559  25.6%   688 4588s
 15897    89 6903.70084  191 4131 9279.00000 6903.70084  25.6%   688 4591s
 15902    92 6904.25350   17 3969 9279.00000 6904.25350  25.6%   687 4600s
 15904    94 6904.56943  210 4204 9279.00000 6904.56943  25.6%   687 4606s
 15909    97 6904.63866   44 4263 9279.00000 6904.63866  25.6%   687 4610s
 15912    99 6905.21238   91 3947 9279.00000 6905.21238  25.6%   687 4617s
 15913   100 6905.58286  154 4146 9279.00000 6905.58286  25.6%   687 4620s
 15916   102 6905.68832  180 4169 9279.00000 6905.68832  25.6%   687 4625s
 15919   104 6906.66524  107 4112 9279.00000 6906.66524  25.6%   687 4634s
 15920   104 6906.88025  126 4194 9279.00000 6906.88025  25.6%   687 4638s
 15921   105 6906.92313  102 4233 9279.00000 6906.92313  25.6%   687 4640s
 15927   109 6907.62670   38 4100 9279.00000 6907.62670  25.6%   686 4649s
 15928   110 6908.06314  188 4101 9279.00000 6908.06314  25.6%   686 4654s
 15929   110 6908.17454   98 4269 9279.00000 6908.17454  25.6%   686 4656s
 15933   113 6908.21453  338 4418 9279.00000 6908.21453  25.6%   686 4660s
 15934   114 6908.75224  317 4237 9279.00000 6908.75224  25.5%   686 4666s
 15935   114 6909.04037  126 4211 9279.00000 6909.04037  25.5%   686 4670s
 15939   117 6909.23040   32 4300 9279.00000 6909.23040  25.5%   686 4675s
 15942   119 6909.83613  256 3940 9279.00000 6909.83613  25.5%   686 4682s
 15944   120 6910.11100  357 4171 9279.00000 6910.11100  25.5%   686 4686s
 15949   124 6910.17882  310 4359 9279.00000 6910.17882  25.5%   685 4691s
 15950   124 6910.90967   38 4140 9279.00000 6910.90967  25.5%   685 4698s
 15951   125 6911.02039  373 4199 9279.00000 6911.02039  25.5%   685 4700s
 15956   128 6911.40240  252 4036 9279.00000 6911.40240  25.5%   685 4708s
 15957   129 6911.54709  154 4216 9279.00000 6911.54709  25.5%   685 4711s
 15959   130 6911.66312   68 4336 9279.00000 6911.66312  25.5%   685 4715s
 15964   134 6912.34611   59 4125 9279.00000 6912.34611  25.5%   685 4725s
 15966   135 6912.72754  350 4206 9279.00000 6912.72754  25.5%   685 4731s
 15969   137 6912.87762   32 4310 9279.00000 6912.87762  25.5%   684 4735s
 15972   139 6913.50938  233 4107 9279.00000 6913.50938  25.5%   684 4743s
 15973   140 6913.74255  311 4230 9279.00000 6913.74255  25.5%   684 4746s
 15977   142 6913.83120  245 4308 9279.00000 6913.83120  25.5%   684 4750s
 15982   146 6914.66452   50 3905 9279.00000 6914.66452  25.5%   684 4760s
 15984   147 6915.03965  226 3970 9279.00000 6915.03965  25.5%   684 4765s
 15990   151 6915.15131   85 4086 9279.00000 6915.15131  25.5%   684 4771s
 15991   152 6916.32527  210 4074 9279.00000 6916.32527  25.5%   684 4778s
 15992   152 6916.77320  409 4105 9279.00000 6916.77320  25.5%   683 4782s
 15994   154 6916.90773  519 4197 9279.00000 6916.90773  25.5%   683 4785s
 15998   156 6917.82167   78 4060 9279.00000 6917.82167  25.4%   683 4794s
 15999   157 6918.00004  241 4115 9279.00000 6918.00004  25.4%   683 4797s
 16001   158 6918.14457   18 4142 9279.00000 6918.14457  25.4%   683 4800s
 16005   161 6918.67110  188 3929 9279.00000 6918.67110  25.4%   683 4808s
 16006   162 6918.84365   15 3989 9279.00000 6918.84365  25.4%   683 4811s
 16009   164 6918.93041   44 4045 9279.00000 6918.93041  25.4%   683 4815s
 16013   166 6919.50227  154 3930 9279.00000 6919.50227  25.4%   683 4824s
 16014   167 6919.66762  211 3951 9279.00000 6919.66762  25.4%   683 4827s
 16017   169 6919.81510   58 4108 9279.00000 6919.81510  25.4%   682 4830s
 16021   172 6920.44027  102 3986 9279.00000 6920.44027  25.4%   682 4838s
 16022   172 6920.55912   18 4115 9279.00000 6920.55912  25.4%   682 4840s
 16026   175 6920.64280  195 4082 9279.00000 6920.64280  25.4%   682 4845s
 16027   176 6921.87558   38 4046 9279.00000 6921.87558  25.4%   682 4853s
 16028   176 6922.27835  188 4112 9279.00000 6922.27835  25.4%   682 4858s
 16029   177 6922.42711   98 4100 9279.00000 6922.42711  25.4%   682 4861s
 16031   178 6922.55352   14 4226 9279.00000 6922.55352  25.4%   682 4865s
 16038   183 6922.59973   48 4252 9279.00000 6922.59973  25.4%   682 4871s
 16039   184 6923.42736   32 4024 9279.00000 6923.42736  25.4%   681 4880s
 16041   185 6924.04041   72 4150 9279.00000 6924.04041  25.4%   681 4888s
 16043   186 6924.09349  140 4399 9279.00000 6924.09349  25.4%   681 4890s
 16049   190 6924.24584  310 4151 9279.00000 6924.24584  25.4%   681 4898s
 16051   192 6924.31042  373 4210 9279.00000 6924.31042  25.4%   681 4900s
 16054   194 6924.78708  223 4022 9279.00000 6924.78708  25.4%   681 4907s
 16055   194 6924.94930  145 4067 9279.00000 6924.94930  25.4%   681 4910s
H16058   177                    9269.0000000 6925.24515  25.3%   681 4919s
H16058   160                    9268.0000000 6925.24515  25.3%   681 4919s
 16060   162 6925.30750   58 4072 9268.00000 6925.30750  25.3%   681 4921s
 16064   164 6925.41288   59 4185 9268.00000 6925.41288  25.3%   680 4925s
 16066   166 6926.04129  350 4180 9268.00000 6926.04129  25.3%   680 4933s
 16067   166 6926.22792  410 4123 9268.00000 6926.22792  25.3%   680 4937s
 16069   168 6926.29119   32 4188 9268.00000 6926.29119  25.3%   680 4940s
 16072   170 6926.74272  233 4110 9268.00000 6926.74272  25.3%   680 4947s
 16073   170 6926.96416  311 4276 9268.00000 6926.96416  25.3%   680 4952s
 16075   172 6927.07883  186 4184 9268.00000 6927.07883  25.3%   680 4955s
 16080   175 6927.51470  344 3992 9268.00000 6927.51470  25.3%   680 4964s
 16081   176 6927.63087  176 4043 9268.00000 6927.63087  25.3%   680 4966s
 16085   178 6927.74002  126 4275 9268.00000 6927.74002  25.3%   680 4970s
 16087   180 6928.16404   47 4077 9268.00000 6928.16404  25.2%   679 4977s
 16089   181 6928.38342   83 4195 9268.00000 6928.38342  25.2%   679 4981s
 16093   184 6928.44234   38 4260 9268.00000 6928.44234  25.2%   679 4985s
H16093   165                    9261.0000000 6928.74166  25.2%   679 4988s
H16093   147                    9250.0000000 6928.74166  25.1%   679 4989s
 16095   148 6928.83350   98 4316 9250.00000 6928.83350  25.1%   679 4991s
 16100   151 6928.90010  156 4360 9250.00000 6928.90010  25.1%   679 4996s
H16100   134                    9249.0000000 6929.13662  25.1%   679 4999s
 16102   136 6929.23377   17 4317 9249.00000 6929.23377  25.1%   679 5002s
 16104   137 6929.32318  210 4160 9249.00000 6929.32318  25.1%   679 5005s
 16109   140 6929.37811   44 4320 9249.00000 6929.37811  25.1%   679 5010s
H16109   123                    9245.0000000 6929.72345  25.0%   679 5017s
H16109   107                    9240.0000000 6929.72345  25.0%   679 5030s
H16109    91                    9233.0000000 6929.72345  24.9%   679 5032s
H16109    77                    9231.0000000 6929.72345  24.9%   679 5033s
H16109    63                    9217.0000000 6929.72345  24.8%   679 5035s
 16112    65 6929.91910   91 4267 9217.00000 6929.91910  24.8%   678 5040s
 16116    68 6930.01330  180 4233 9217.00000 6930.01330  24.8%   678 5046s
 16119    70 6930.08515  107 4255 9217.00000 6930.08515  24.8%   678 5050s
 16122    72 6930.16244   18 4296 9217.00000 6930.16244  24.8%   678 5055s
 16128    76 6930.24168  188 4310 9217.00000 6930.24168  24.8%   678 5061s
H16128    62                    9216.0000000 6930.50979  24.8%   678 5065s
 16131    64 6930.86504   14 4287 9216.00000 6930.86504  24.8%   678 5071s
 16134    66 6930.89616  317 4432 9216.00000 6930.89616  24.8%   677 5075s
 16135    67 6931.54400  126 4173 9216.00000 6931.54400  24.8%   677 5081s
 16136    67 6931.87606  240 4375 9216.00000 6931.87606  24.8%   677 5086s
 16138    69 6932.01605   48 4356 9216.00000 6932.01605  24.8%   677 5090s
 16142    71 6932.04274  256 4348 9216.00000 6932.04274  24.8%   677 5095s
H16142    57                    9215.0000000 6932.82654  24.8%   677 5100s
 16144    59 6933.08743  357 4329 9215.00000 6933.08743  24.8%   677 5105s
 16146    60 6933.24359  246 4479 9215.00000 6933.24359  24.8%   677 5110s
 16151    63 6933.58077  373 4411 9215.00000 6933.58077  24.8%   677 5118s
 16152    64 6933.77996  189 4547 9215.00000 6933.77996  24.8%   677 5121s
 16155    66 6933.85626  145 4512 9215.00000 6933.85626  24.8%   677 5125s
 16160    69 6934.35631   58 4307 9215.00000 6934.35631  24.7%   676 5134s
 16161    70 6934.70090  189 4356 9215.00000 6934.70090  24.7%   676 5139s
 16162    71 6934.79762   39 4596 9215.00000 6934.79762  24.7%   676 5141s
 16166    73 6934.85012  350 4654 9215.00000 6934.85012  24.7%   676 5145s
 16167    74 6935.55436  410 4227 9215.00000 6935.55436  24.7%   676 5151s
 16168    75 6935.84307  554 4379 9215.00000 6935.84307  24.7%   676 5156s
 16171    77 6935.97941  237 4450 9215.00000 6935.97941  24.7%   676 5160s
 16175    79 6936.00405  186 4645 9215.00000 6936.00405  24.7%   676 5165s
 16177    81 6936.45556  245 4544 9215.00000 6936.45556  24.7%   676 5171s
 16181    83 6936.56319  176 4425 9215.00000 6936.56319  24.7%   675 5175s
 16183    85 6936.81368   36 4319 9215.00000 6936.81368  24.7%   675 5180s
 16186    87 6937.04129  227 4545 9215.00000 6937.04129  24.7%   675 5185s
 16191    90 6937.33572  210 4425 9215.00000 6937.33572  24.7%   675 5193s
 16192    91 6937.41590  409 4402 9215.00000 6937.41590  24.7%   675 5195s
 16200    96 6937.45823  156 4573 9215.00000 6937.45823  24.7%   675 5201s
 16202    97 6937.85024   17 4482 9215.00000 6937.85024  24.7%   675 5207s
 16205    99 6937.89438  188 4473 9215.00000 6937.89438  24.7%   674 5210s
 16207   101 6938.34663  136 4206 9215.00000 6938.34663  24.7%   674 5217s
 16208   101 6938.60999  232 4302 9215.00000 6938.60999  24.7%   674 5221s
 16212   104 6938.74252   91 4426 9215.00000 6938.74252  24.7%   674 5225s
 16215   106 6939.08788  125 4427 9215.00000 6939.08788  24.7%   674 5231s
 16217   107 6939.23399   58 4552 9215.00000 6939.23399  24.7%   674 5235s
 16222   111 6939.45815   18 4387 9215.00000 6939.45815  24.7%   674 5243s
 16223   111 6939.55335  258 4482 9215.00000 6939.55335  24.7%   674 5245s
 16228   115 6939.63467  188 4578 9215.00000 6939.63467  24.7%   674 5250s
 16229   115 6939.95026   98 4380 9215.00000 6939.95026  24.7%   673 5255s
 16234   119 6940.07027  317 4320 9215.00000 6940.07027  24.7%   673 5260s
 16237   121 6940.17556   88 4279 9215.00000 6940.17556  24.7%   673 5265s
 16242   124 6940.25914  256 4433 9215.00000 6940.25914  24.7%   673 5270s
 16244   125 6940.69175  357 4391 9215.00000 6940.69175  24.7%   673 5276s
 16247   127 6940.83644   52 4448 9215.00000 6940.83644  24.7%   673 5280s
 16249   129 6941.07048  310 4430 9215.00000 6941.07048  24.7%   673 5286s
 16251   130 6941.28231  373 4461 9215.00000 6941.28231  24.7%   673 5290s
 16255   133 6941.46371  145 4487 9215.00000 6941.46371  24.7%   672 5296s
 16258   135 6941.57129   69 4585 9215.00000 6941.57129  24.7%   672 5300s
 16261   137 6941.88717  189 4359 9215.00000 6941.88717  24.7%   672 5305s
 16264   139 6942.03873   59 4614 9215.00000 6942.03873  24.7%   672 5310s
 16267   141 6942.40483  410 4583 9215.00000 6942.40483  24.7%   672 5316s
 16270   143 6942.56040  158 4457 9215.00000 6942.56040  24.7%   672 5320s
 16273   145 6942.73397  311 4594 9215.00000 6942.73397  24.7%   672 5326s
 16276   147 6942.82195  185 4624 9215.00000 6942.82195  24.7%   672 5330s
 16278   148 6943.07095  303 4605 9215.00000 6943.07095  24.7%   671 5335s
 16282   152 6943.07095   50  876 9215.00000 6943.07095  24.7%   738 5345s
H16283   145                    9213.0000000 6943.07095  24.6%   738 5352s
 16285   146 6943.07095  126 1189 9213.00000 6943.07095  24.6%   738 5359s
 16286   147 6943.07095  227 1330 9213.00000 6943.07095  24.6%   738 5371s
 16287   148 6943.07095   47 1571 9213.00000 6943.07095  24.6%   738 5383s
 16288   148 6943.07095   78 1619 9213.00000 6943.07095  24.6%   738 5398s
 16289   149 6943.07095   83 1833 9213.00000 6943.07095  24.6%   738 5414s
 16290   150 6943.07095   85 1953 9213.00000 6943.07095  24.6%   738 5429s
 16291   150 6943.07095  210 2171 9213.00000 6943.07095  24.6%   738 5445s
 16292   151 6943.07095  409 2392 9213.00000 6943.07095  24.6%   738 5463s
 16293   152 6943.07095   38 2521 9213.00000 6943.07095  24.6%   738 5480s
 16294   152 6943.07095  519 2776 9213.00000 6943.07095  24.6%   738 5500s
 16295   153 6943.07136   98 2967 9213.00000 6943.07136  24.6%   738 5521s
 16296   154 6943.07136  174 3332 9213.00000 6943.07136  24.6%   738 5542s
 16297   154 6943.07136  191 3554 9213.00000 6943.07136  24.6%   738 5561s
 16298   155 6943.07136   78 3601 9213.00000 6943.07136  24.6%   738 5576s
 16299   156 6943.07136  241 3728 9213.00000 6943.07136  24.6%   738 5588s
 16300   156 6943.07136  156 3948 9213.00000 6943.07136  24.6%   737 5599s
 16301   157 6943.07136   18 4453 9213.00000 6943.07136  24.6%   737 5607s
 16302   158 6943.07136   17 4455 9213.00000 6943.07136  24.6%   737 5613s
 16303   158 6943.07136  125 4310 9213.00000 6943.07136  24.6%   737 5617s
 16304   159 6943.07136  210 4478 9213.00000 6943.07136  24.6%   737 5620s
 16312   164 6943.07136   91 4553 9213.00000 6943.07136  24.6%   737 5628s
 16313   165 6943.93144  154 4133 9213.00000 6943.93144  24.6%   737 5634s
 16314   166 6944.19903  211 4163 9213.00000 6944.19903  24.6%   737 5638s
 16316   167 6944.24679  180 4083 9213.00000 6944.24679  24.6%   737 5640s
 16318   168 6945.02429  256 3750 9213.00000 6945.02429  24.6%   737 5651s
 16320   170 6945.29164  126 3886 9213.00000 6945.29164  24.6%   737 5655s
 16325   173 6945.34768  517 3888 9213.00000 6945.34768  24.6%   736 5661s
 16326   174 6946.55254  195 3854 9213.00000 6946.55254  24.6%   736 5668s
 16327   174 6946.75168   38 3876 9213.00000 6946.75168  24.6%   736 5671s
 16331   177 6946.80873   14 3979 9213.00000 6946.80873  24.6%   736 5677s
 16332   178 6947.34781  193 4118 9213.00000 6947.34781  24.6%   736 5682s
 16333   178 6947.50677  338 4018 9213.00000 6947.50677  24.6%   736 5685s
 16338   182 6947.61069   48 4041 9213.00000 6947.61069  24.6%   736 5693s
H16338   172                    9201.0000000 6948.04414  24.5%   736 5705s
 16340   173 6948.28955  169 4046 9201.00000 6948.28955  24.5%   736 5710s
 16345   176 6948.41307  141 3933 9201.00000 6948.41307  24.5%   735 5718s
 16346   177 6948.71954  246 4053 9201.00000 6948.71954  24.5%   735 5723s
 16348   178 6948.88789  356 4045 9201.00000 6948.88789  24.5%   735 5726s
 16351   180 6948.90602  373 4046 9201.00000 6948.90602  24.5%   735 5731s
H16351   170                    9195.0000000 6949.49715  24.4%   735 5747s
 16353   172 6949.70310  238 4072 9195.00000 6949.70310  24.4%   735 5751s
 16356   174 6949.84146  252 4119 9195.00000 6949.84146  24.4%   735 5755s
 16360   176 6950.22718   58 3944 9195.00000 6950.22718  24.4%   735 5764s
 16361   177 6950.30665  189 4142 9195.00000 6950.30665  24.4%   735 5766s
 16365   180 6950.33241  115 4202 9195.00000 6950.33241  24.4%   735 5772s
 16366   180 6950.70143  350 4065 9195.00000 6950.70143  24.4%   734 5776s
 16370   183 6950.81645  158 4039 9195.00000 6950.81645  24.4%   734 5783s
 16371   184 6951.40840  237 4062 9195.00000 6951.40840  24.4%   734 5788s
 16372   184 6951.49604  233 3978 9195.00000 6951.49604  24.4%   734 5790s
 16375   186 6951.52033  186 4076 9195.00000 6951.52033  24.4%   734 5795s
 16377   188 6951.91309  245 4116 9195.00000 6951.91309  24.4%   734 5801s
 16379   189 6951.93492  144 4137 9195.00000 6951.93492  24.4%   734 5805s
 16381   190 6952.22282  176 4048 9195.00000 6952.22282  24.4%   734 5810s
 16384   192 6952.24227  226 4155 9195.00000 6952.24227  24.4%   734 5815s
 16386   194 6952.84381  227 3968 9195.00000 6952.84381  24.4%   734 5821s
 16391   197 6952.87772  210 3956 9195.00000 6952.87772  24.4%   733 5828s
 16392   198 6953.33596  409 4028 9195.00000 6953.33596  24.4%   733 5832s
 16393   198 6953.50719   38 4028 9195.00000 6953.50719  24.4%   733 5835s
 16397   201 6953.57203  191 4052 9195.00000 6953.57203  24.4%   733 5843s
 16398   202 6954.46812   78 3888 9195.00000 6954.46812  24.4%   733 5849s
 16399   202 6954.96917  241 3859 9195.00000 6954.96917  24.4%   733 5852s
 16401   204 6955.08847   18 3937 9195.00000 6955.08847  24.4%   733 5856s
 16404   206 6955.09824  210 4054 9195.00000 6955.09824  24.4%   733 5861s
 16405   206 6955.78441  188 3742 9195.00000 6955.78441  24.4%   733 5866s
 16408   208 6955.94109  232 3903 9195.00000 6955.94109  24.4%   733 5870s
 16410   210 6956.31850  520 3900 9195.00000 6956.31850  24.3%   733 5877s
 16412   211 6956.43245   91 3974 9195.00000 6956.43245  24.3%   732 5880s
 16417   214 6956.88469   58 3845 9195.00000 6956.88469  24.3%   732 5889s
 16418   215 6957.02195  256 3843 9195.00000 6957.02195  24.3%   732 5891s
 16422   218 6957.13470   18 3914 9195.00000 6957.13470  24.3%   732 5895s
 16424   219 6957.53571  262 3919 9195.00000 6957.53571  24.3%   732 5902s
 16426   220 6957.68797  195 3946 9195.00000 6957.68797  24.3%   732 5906s
 16430   223 6957.72363  101 3997 9195.00000 6957.72363  24.3%   732 5910s
 16431   224 6958.27971   14 3987 9195.00000 6958.27971  24.3%   732 5916s
 16433   225 6958.58204  338 3992 9195.00000 6958.58204  24.3%   732 5921s
 16437   228 6958.92402   88 3954 9195.00000 6958.92402  24.3%   731 5928s
 16438   228 6959.11526   48 4024 9195.00000 6959.11526  24.3%   731 5931s
 16442   231 6959.20509  256 4043 9195.00000 6959.20509  24.3%   731 5935s
 16443   232 6960.34175  140 4031 9195.00000 6960.34175  24.3%   731 5942s
 16444   232 6960.71885  357 4084 9195.00000 6960.71885  24.3%   731 5947s
 16445   233 6960.83892  141 4032 9195.00000 6960.83892  24.3%   731 5950s
 16449   236 6960.92673  310 4108 9195.00000 6960.92673  24.3%   731 5955s
 16450   236 6961.88815   38 3832 9195.00000 6961.88815  24.3%   731 5961s
 16452   238 6962.13961  189 3866 9195.00000 6962.13961  24.3%   731 5966s
 16456   240 6962.17394  252 4050 9195.00000 6962.17394  24.3%   730 5970s
 16457   241 6963.43396  154 3837 9195.00000 6963.43396  24.3%   730 5978s
 16458   242 6963.65480   69 3827 9195.00000 6963.65480  24.3%   730 5981s
 16464   246 6963.70542   59 4062 9195.00000 6963.70542  24.3%   730 5986s
 16465   246 6964.55244  115 3898 9195.00000 6964.55244  24.3%   730 5992s
 16466   247 6964.79351  350 3902 9195.00000 6964.79351  24.3%   730 5995s
 16468   248 6964.97732  554 4015 9195.00000 6964.97732  24.3%   730 6000s
 16473   252 6965.53471  311 3947 9195.00000 6965.53471  24.2%   730 6009s
 16474   252 6965.65133   82 3959 9195.00000 6965.65133  24.2%   730 6011s
 16477   254 6965.75201  245 4019 9195.00000 6965.75201  24.2%   730 6015s
 16480   256 6966.18205  344 3956 9195.00000 6966.18205  24.2%   729 6022s
 16482   258 6966.38947   50 4145 9195.00000 6966.38947  24.2%   729 6026s
 16486   260 6966.86366  227 4006 9195.00000 6966.86366  24.2%   729 6034s
 16487   261 6966.98658   47 4035 9195.00000 6966.98658  24.2%   729 6036s
 16493   265 6967.05207   38 4193 9195.00000 6967.05207  24.2%   729 6040s
H16495   249                    9191.0000000 6967.34246  24.2%   729 6045s
H16495   233                    9186.0000000 6967.34246  24.2%   729 6046s
 16498   235 6967.63670   78 4060 9186.00000 6967.63670  24.1%   729 6051s
 16502   238 6968.06175   17 4066 9186.00000 6968.06175  24.1%   728 6059s
 16503   239 6968.22050  125 4061 9186.00000 6968.22050  24.1%   728 6062s
 16504   239 6968.34936  210 4068 9186.00000 6968.34936  24.1%   728 6066s
 16507   241 6968.43082  136 4094 9186.00000 6968.43082  24.1%   728 6070s
 16510   243 6968.81161  520 4013 9186.00000 6968.81161  24.1%   728 6078s
 16511   244 6968.90796  177 4005 9186.00000 6968.90796  24.1%   728 6080s
 16516   247 6969.47465  180 3874 9186.00000 6969.47465  24.1%   728 6091s
 16518   249 6969.73991  256 4174 9186.00000 6969.73991  24.1%   728 6095s
 16522   251 6970.23840   18 3942 9186.00000 6970.23840  24.1%   728 6108s
 16523   252 6970.35963  258 3986 9186.00000 6970.35963  24.1%   728 6110s
 16528   255 6970.42157  188 4112 9186.00000 6970.42157  24.1%   727 6115s
 16529   256 6970.84324   98 3966 9186.00000 6970.84324  24.1%   727 6120s
 16531   257 6971.15205   14 4049 9186.00000 6971.15205  24.1%   727 6125s
 16535   260 6971.29244  126 4073 9186.00000 6971.29244  24.1%   727 6130s
 16540   263 6971.67099  169 3850 9186.00000 6971.67099  24.1%   727 6138s
 16541   264 6971.93905   72 3887 9186.00000 6971.93905  24.1%   727 6141s
 16544   266 6972.02791  357 3975 9186.00000 6972.02791  24.1%   727 6145s
 16546   267 6972.21797  246 3974 9186.00000 6972.21797  24.1%   727 6150s
 16550   270 6972.35206   38 4059 9186.00000 6972.35206  24.1%   726 6157s
 16551   271 6972.78674  373 3829 9186.00000 6972.78674  24.1%   726 6182s
 16552   271 6972.98862  189 3939 9186.00000 6972.98862  24.1%   726 6186s
 16555   273 6973.12318  145 4109 9186.00000 6973.12318  24.1%   726 6190s
 16559   276 6973.36341   68 4079 9186.00000 6973.36341  24.1%   726 6196s
 16563   279 6973.41391  188 4130 9186.00000 6973.41391  24.1%   726 6200s
 16564   279 6973.67108   59 3959 9186.00000 6973.67108  24.1%   726 6205s
 16569   283 6973.76652   32 4026 9186.00000 6973.76652  24.1%   725 6210s
 16571   284 6974.21877  237 4211 9186.00000 6974.21877  24.1%   725 6217s
 16572   285 6974.33545  233 4127 9186.00000 6974.33545  24.1%   725 6220s
 16576   287 6974.41901  185 4187 9186.00000 6974.41901  24.1%   725 6225s
 16577   288 6974.73105  245 4066 9186.00000 6974.73105  24.1%   725 6230s
 16582   291 6974.81203   50 4029 9186.00000 6974.81203  24.1%   725 6236s
 16583   292 6975.03532   36 4037 9186.00000 6975.03532  24.1%   725 6240s
 16587   295 6975.25077   47 4206 9186.00000 6975.25077  24.1%   725 6245s
 16589   296 6975.63410   83 4113 9186.00000 6975.63410  24.1%   725 6250s
 16593   299 6975.72598   38 4090 9186.00000 6975.72598  24.1%   724 6255s
 16594   299 6976.26369  519 3892 9186.00000 6976.26369  24.1%   724 6263s
 16595   300 6976.50634   98 4069 9186.00000 6976.50634  24.1%   724 6266s
 16597   301 6976.59860  191 4147 9186.00000 6976.59860  24.1%   724 6270s
 16601   304 6976.94828   18 3995 9186.00000 6976.94828  24.0%   724 6276s
 16602   305 6977.37321   17 3857 9186.00000 6977.37321  24.0%   724 6280s
 16606   307 6977.48567   15 4077 9186.00000 6977.48567  24.0%   724 6285s
 16610   310 6977.79536  520 4015 9186.00000 6977.79536  24.0%   724 6292s
 16612   311 6977.97435   91 4039 9186.00000 6977.97435  24.0%   724 6295s
 16617   315 6978.00291   58 4146 9186.00000 6978.00291  24.0%   723 6300s
 16619   316 6978.86507  107 3974 9186.00000 6978.86507  24.0%   723 6309s
 16620   317 6978.93270  126 4079 9186.00000 6978.93270  24.0%   723 6310s
 16624   319 6978.99913  262 4199 9186.00000 6978.99913  24.0%   723 6316s
 16625   320 6979.34699  517 4168 9186.00000 6979.34699  24.0%   723 6320s
 16630   323 6979.53895  101 4293 9186.00000 6979.53895  24.0%   723 6326s
 16631   324 6979.99050   14 4250 9186.00000 6979.99050  24.0%   723 6330s
 16633   325 6980.33855  338 4217 9186.00000 6980.33855  24.0%   723 6335s
 16636   327 6980.67279  240 4107 9186.00000 6980.67279  24.0%   723 6342s
 16637   328 6980.81863   88 4269 9186.00000 6980.81863  24.0%   723 6345s
 16642   331 6981.09685  256 4300 9186.00000 6981.09685  24.0%   722 6353s
 16645   333 6981.12662  141 4261 9186.00000 6981.12662  24.0%   722 6357s
 16647   335 6981.38754   52 4372 9186.00000 6981.38754  24.0%   722 6360s
 16652   338 6981.44857  189 4310 9186.00000 6981.44857  24.0%   722 6365s
 16654   339 6981.98239  223 4132 9186.00000 6981.98239  24.0%   722 6371s
 16658   342 6982.06547   69 4223 9186.00000 6982.06547  24.0%   722 6375s
 16661   344 6982.36264  189 4258 9186.00000 6982.36264  24.0%   721 6381s
 16665   347 6982.46893  115 4204 9186.00000 6982.46893  24.0%   721 6385s
 16668   349 6982.83058  554 4212 9186.00000 6982.83058  24.0%   721 6390s
 16673   352 6982.91820  311 4196 9186.00000 6982.91820  24.0%   721 6396s
 16674   353 6983.25030   82 4235 9186.00000 6983.25030  24.0%   721 6400s
 16677   355 6983.41467  245 4349 9186.00000 6983.41467  24.0%   721 6405s
 16681   357 6983.61872  176 4227 9186.00000 6983.61872  24.0%   721 6413s
 16683   359 6983.68496   36 4347 9186.00000 6983.68496  24.0%   721 6415s
 16686   361 6984.23125  227 4120 9186.00000 6984.23125  24.0%   720 6423s
 16687   361 6984.42073   47 4192 9186.00000 6984.42073  24.0%   720 6426s
 16689   363 6984.53588   83 4134 9186.00000 6984.53588  24.0%   720 6430s
 16694   366 6984.96090  519 4346 9186.00000 6984.96090  24.0%   720 6438s
 16695   367 6985.15284   98 4308 9186.00000 6985.15284  24.0%   720 6440s
 16701   371 6985.26080   18 4447 9186.00000 6985.26080  24.0%   720 6446s
 16702   371 6985.54974   17 4272 9186.00000 6985.54974  24.0%   720 6451s
 16705   373 6985.68936  188 4555 9186.00000 6985.68936  24.0%   720 6455s
 16707   375 6986.05416  136 4336 9186.00000 6986.05416  23.9%   720 6460s
 16712   378 6986.18024   91 4461 9186.00000 6986.18024  23.9%   719 6465s
 16715   380 6986.31961  125 4493 9186.00000 6986.31961  23.9%   719 6470s
 16718   382 6986.65337  256 4328 9186.00000 6986.65337  23.9%   719 6476s
 16722   385 6986.77103   18 4374 9186.00000 6986.77103  23.9%   719 6482s
 16723   385 6987.03605  258 4272 9186.00000 6987.03605  23.9%   719 6485s
 16726   387 6987.16840  195 4273 9186.00000 6987.16840  23.9%   719 6490s
 16730   390 6987.28917  101 4273 9186.00000 6987.28917  23.9%   719 6495s
 16734   393 6987.40057  317 4227 9186.00000 6987.40057  23.9%   718 6500s
 16737   395 6987.56076   88 4164 9186.00000 6987.56076  23.9%   718 6505s
 16740   397 6987.68211  169 4137 9186.00000 6987.68211  23.9%   718 6510s
 16745   400 6987.86931  141 4249 9186.00000 6987.86931  23.9%   718 6517s
 16748   402 6987.92717  356 4354 9186.00000 6987.92717  23.9%   718 6520s
 16751   404 6988.04595  373 4197 9186.00000 6988.04595  23.9%   718 6525s
 16754   406 6988.11972  223 4188 9186.00000 6988.11972  23.9%   717 6530s
 16760   410 6988.24424   58 4258 9186.00000 6988.24424  23.9%   717 6535s
 16765   413 6988.34676  115 4345 9186.00000 6988.34676  23.9%   717 6542s
 16769   416 6988.42635   32 4307 9186.00000 6988.42635  23.9%   717 6547s
 16774   419 6988.46679   82 4246 9186.00000 6988.46679  23.9%   717 6551s
 16777   421 6988.55815  245 4228 9186.00000 6988.55815  23.9%   717 6555s
 16783   425 6988.62237   36 4308 9186.00000 6988.62237  23.9%   716 6560s
 16786   427 6988.65243  227 4256 9186.00000 6988.65243  23.9%   716 6565s
 16788   429 6988.66148   78 4278 9186.00000 6988.66148  23.9%   716 6570s
 16791   431 6988.67007  210 4216 9186.00000 6988.67007  23.9%   716 6692s
 16792   434 6988.67007   40 4192 9186.00000 6988.67007  23.9%   755 6736s
 16794   438 6988.76461   41 4309 9186.00000 6988.67089  23.9%   757 6787s
 16798   444 6988.89121   42 4343 9186.00000 6988.76461  23.9%   759 6848s
 16806   451 6989.21380   43 4138 9186.00000 6988.89963  23.9%   765 6959s
 16816   472 6990.38257   44 4330 9186.00000 6989.26739  23.9%   781 7103s
 16841   496 6992.20404   45 4297 9186.00000 6990.38257  23.9%   821 7232s
H16845   465                    9182.0000000 6990.38257  23.9%   823 7232s
H16862   430                    9178.0000000 6990.38257  23.8%   830 7232s
 16873   559 6992.63069   46 4253 9178.00000 6992.20519  23.8%   847 7322s
 17006   606 6993.43651   48 4362 9178.00000 6992.20519  23.8%   870 7364s
H17059   561                    9175.0000000 6992.20519  23.8%   876 7364s
 17099   631 6993.46000   49 4358 9175.00000 6992.20519  23.8%   879 7410s
 17184   692 6993.63649   50 4321 9175.00000 6992.20519  23.8%   888 7444s
 17273   738 6995.33766   51 4189 9175.00000 6992.20519  23.8%   893 7476s
 17349   744 7057.47349   59 3621 9175.00000 6992.20519  23.8%   899 7498s
 17380   794 6995.57220   52 4249 9175.00000 6992.20519  23.8%   900 7525s
 17441   844 6995.85012   53 4245 9175.00000 6992.20519  23.8%   902 7552s
 17511   908 6996.09366   54 4369 9175.00000 6992.20519  23.8%   906 7581s
 17598   957 6996.11950   55 4233 9175.00000 6992.20519  23.8%   910 7608s
 17676   998 6996.54327   56 4260 9175.00000 6992.20519  23.8%   916 7642s
 17743  1002 6996.73661   57 4380 9175.00000 6992.20519  23.8%   923 7665s
H17755   975                    9166.0000000 6992.20519  23.7%   923 7665s
 17770  1058 7104.79218   78 3332 9166.00000 6992.20519  23.7%   925 7697s
 17853  1085 6997.10495   58 4353 9166.00000 6992.20519  23.7%   930 7721s
H17880  1119                    9156.0000000 6992.20519  23.6%   932 7750s
H17884  1119                    9155.0000000 6992.20519  23.6%   932 7750s
H17905  1119                    9123.0000000 6992.20519  23.4%   934 7750s
H17916  1173                    9117.0000000 6992.20519  23.3%   935 7777s
H17920  1173                    9116.0000000 6992.20519  23.3%   935 7777s
 17970  1238 6997.36105   59 4270 9116.00000 6992.20519  23.3%   938 7807s
H17972  1238                    9114.0000000 6992.20519  23.3%   938 7807s
H17975  1238                    9109.0000000 6992.20519  23.2%   938 7807s
H17990  1238                    9104.0000000 6992.20519  23.2%   939 7807s
 18035  1287 7144.50742   83 3207 9104.00000 6992.20519  23.2%   942 7846s
H18041  1287                    9103.0000000 6992.20519  23.2%   943 7846s
H18084  1360                    9102.0000000 6992.20519  23.2%   947 7881s
H18089  1360                    9089.0000000 6992.20519  23.1%   947 7881s
 18157  1421 6997.80468   61 4136 9089.00000 6992.20519  23.1%   951 7910s
H18158  1421                    9087.0000000 6992.20519  23.1%   951 7910s
 18220  1539 6998.12087   62 4065 9087.00000 6992.20519  23.1%   954 7953s
 18340  1588 6998.19904   63 3994 9087.00000 6992.20519  23.1%   962 7982s
 18389  1683 6998.23988   64 4067 9087.00000 6992.20519  23.1%   965 8032s
 18484  1767 6998.45968   65 4066 9087.00000 6992.20519  23.1%   976 8077s
H18490  1767                    9086.0000000 6992.20519  23.0%   976 8077s
H18498  1767                    9083.0000000 6992.20519  23.0%   976 8077s
H18500  1767                    9082.0000000 6992.20519  23.0%   977 8077s
 18568  1912 6998.93742   66 4223 9082.00000 6992.20519  23.0%   980 8127s
 18713  2001 6999.16142   67 4062 9082.00000 6992.20519  23.0%   988 8194s
H18714  2001                    9081.0000000 6992.20519  23.0%   988 8194s
H18802  2029                    9074.0000000 6992.20519  22.9%   997 8230s
H18819  2029                    9073.0000000 6992.20519  22.9%   999 8230s
 18832  2156 7181.81876  114 2854 9073.00000 6992.20519  22.9%   999 8296s
 18959  2343 6999.46894   69 4237 9073.00000 6992.20519  22.9%  1010 8352s
 19146  2379 6999.61368   70 4361 9073.00000 6992.20519  22.9%  1020 8390s
H19151  2379                    9071.0000000 6992.20519  22.9%  1020 8390s
 19182  2546 7000.20978   71 4045 9071.00000 6992.20519  22.9%  1023 8463s
 19349  2629 7196.15936  133 2809 9071.00000 6992.20519  22.9%  1036 8524s
 19432  2787 7000.98543   73 3866 9071.00000 6992.20519  22.9%  1045 8593s
 19590  2973 7001.26227   74 3856 9071.00000 6992.20519  22.9%  1053 8656s
 19776  3131 7001.49190   76 3887 9071.00000 6992.20519  22.9%  1066 8716s
H19780  3131                    9070.0000000 6992.20519  22.9%  1066 8716s
H19790  3131                    9068.0000000 6992.20519  22.9%  1066 8716s
H19791  3131                    9060.0000000 6992.20519  22.8%  1066 8716s
H19793  3131                    9057.0000000 6992.20519  22.8%  1067 8716s
H19864  3131                    9046.0000000 6992.20519  22.7%  1073 8716s
 19934  3215 7001.51459   77 3835 9046.00000 6992.20519  22.7%  1074 8874s
 19965  3215 7191.77283  132 3093 9046.00000 6992.20519  22.7%  1077 8875s
 20018  3431 7002.11717   78 3867 9046.00000 6992.20519  22.7%  1080 8947s
 20234  3644 7002.63987   79 3825 9046.00000 6992.20519  22.7%  1095 9026s
H20447  3677                    9045.0000000 6992.20519  22.7%  1110 9074s
H20448  3677                    9044.0000000 6992.20519  22.7%  1110 9074s
H20449  3677                    9041.0000000 6992.20519  22.7%  1110 9074s
H20450  3677                    9040.0000000 6992.20519  22.7%  1110 9074s
 20480  3746 7242.73407  169 3065 9040.00000 6992.20519  22.7%  1113 9129s
 20549  3988 7003.67927   82 3933 9040.00000 6992.20519  22.7%  1117 9204s
 20791  4236 7004.19481   84 3875 9040.00000 6992.20519  22.7%  1132 9292s
 21039  4414 7004.35799   85 3856 9040.00000 6992.20519  22.7%  1154 9374s
 21217  4596 7004.36372   86 3816 9040.00000 6992.20519  22.7%  1167 9457s
 21399  4733 7005.21173   88 4000 9040.00000 6992.20519  22.7%  1181 9531s
 21536  4984 7011.91712   89 3992 9040.00000 6992.20519  22.7%  1191 9613s
 21787  5282 7012.24230   91 3907 9040.00000 6992.20519  22.7%  1204 9711s
 22087  5744 7013.19765   93 3832 9040.00000 6992.20519  22.7%  1223 9821s
H22553  6105                    9036.0000000 6992.20519  22.6%  1239 9914s
 22918  6251 7512.34375  228 2899 9036.00000 6992.20519  22.6%  1254 10000s
 23064  6361 7014.83049   97 3986 9036.00000 6992.20519  22.6%  1264 10085s
H23174  6776                    9034.0000000 6992.20519  22.6%  1275 10187s
H23410  6776                    9028.0000000 6992.20519  22.5%  1281 10187s
 23591  7387 7015.16963   99 3957 9028.00000 6992.20519  22.5%  1283 10297s
 24208  7978 7015.75825  101 3990 9028.00000 6992.20519  22.5%  1291 10438s
H24859  8342                    9025.0000000 6992.20519  22.5%  1301 10560s
H24890  8342                    9024.0000000 6992.20519  22.5%  1303 10560s
 25239  8962 7017.93794  104 3948 9024.00000 6992.20519  22.5%  1319 10691s
 25904  9387 7027.22933  105 3743 9024.00000 6992.20519  22.5%  1330 10882s
 26351  9799 7019.29757  108 3866 9024.00000 6992.20519  22.5%  1348 11013s
H26393  9799                    9023.0000000 6992.20519  22.5%  1350 11013s
H26511  9799                    9022.0000000 6992.20519  22.5%  1358 11013s
 26775 10409 7019.29757  109 3865 9022.00000 6992.20519  22.5%  1364 11165s
 27389 10680 7020.28843  111 3906 9022.00000 6992.20519  22.5%  1383 11299s
 27685 10730 7096.76917  113 3624 9022.00000 6992.20519  22.5%  1398 11406s
 27735 11098 7021.43266  114 3973 9022.00000 6992.20519  22.5%  1402 11545s
 28131 11816 7024.69748  114 3945 9022.00000 6992.20519  22.5%  1411 11718s
 28897 11847 7028.38496  117 3939 9022.00000 6992.20519  22.5%  1423 11817s
 28930 11908 7025.40264  117 3827 9022.00000 6992.20519  22.5%  1425 11923s
 28991 12260 7029.08904  119 3848 9022.00000 6992.20519  22.5%  1430 12070s
 29345 12959 7029.63710  120 3956 9022.00000 6992.20519  22.5%  1447 12245s
 30136 13867 7030.50523  122 3875 9022.00000 6992.20519  22.5%  1458 12430s
 31121 14735 7031.10922  124 3853 9022.00000 6992.20519  22.5%  1468 12635s
 32111 15672 7032.15525  126 3817 9022.00000 6992.20519  22.5%  1478 12877s
 33071 16414 7034.76801  130 3689 9022.00000 6992.20519  22.5%  1501 13060s
 33872 16946 7137.93392  132 3730 9022.00000 6992.20519  22.5%  1514 13323s
 34460 17533 7036.85165  134 3581 9022.00000 6993.03601  22.5%  1528 13529s
 35061 18186 7037.90382  136 3685 9022.00000 6993.03601  22.5%  1553 13745s
 35748 19075 7041.25735  137 3627 9022.00000 6993.03601  22.5%  1575 13968s
 36742 19865 7051.13843  141 3626 9022.00000 6993.03601  22.5%  1587 14199s
 37571 20498 7051.92731  144 3495 9022.00000 6993.03601  22.5%  1605 14419s
 38204 21319 7053.66976  146 3578 9022.00000 6993.03601  22.5%  1623 14655s
 39093 21935 7067.91862  150 3469 9022.00000 6993.03601  22.5%  1632 14873s
H39098 21935                    9021.0000000 6993.03601  22.5%  1632 14873s
 39740 22356 7076.79194  153 3377 9021.00000 6993.03601  22.5%  1642 15078s
 40163 23400 7074.02873  156 3613 9021.00000 6993.03601  22.5%  1656 15375s
 41211 24599 7077.49160  162 3600 9021.00000 6993.03601  22.5%  1678 15678s
 42460 25069 7078.76783  166 3539 9021.00000 6993.03601  22.5%  1693 15928s
H42492 25044                    9016.0000000 6993.03601  22.4%  1693 15928s
H42600 25030                    9013.0000000 6993.03601  22.4%  1697 15928s
H42784 24920                    9002.0000000 6993.03601  22.3%  1700 15928s
 42932 25641 7080.99939  168 3610 9002.00000 6993.03601  22.3%  1705 16199s
H42938 25614                    9000.0000000 6993.03601  22.3%  1706 16199s
H43057 25507                    8992.0000000 6993.03601  22.2%  1710 16199s
 43657 27252 7170.40354  173 3055 8992.00000 6993.03601  22.2%  1723 16546s
 45456 28337 7088.39712  179 3390 8992.00000 6993.03601  22.2%  1723 16840s
H45588 28310                    8990.0000000 6993.03601  22.2%  1723 16840s
 46564 29815 7089.29519  183 3417 8990.00000 6995.57242  22.2%  1728 17198s
 48135 30506 7091.29552  187 3106 8990.00000 6995.57242  22.2%  1740 17488s
H48192 30484                    8988.0000000 6995.57242  22.2%  1740 17488s
H48366 30480                    8987.0000000 6995.57242  22.2%  1743 17488s
H48581 30461                    8985.0000000 6995.57242  22.1%  1747 17488s
 48872 31972 7093.13665  192 3175 8985.00000 6995.57242  22.1%  1752 17868s
 50457 33093 7097.13974  200 3217 8985.00000 6995.57242  22.1%  1769 18244s
H51045 33057                    8980.0000000 6995.57242  22.1%  1788 18244s
 51596 34496 7101.80201  208 3147 8980.00000 6995.57242  22.1%  1794 18649s
 53082 35113 7103.79000  215 3319 8980.00000 6995.57242  22.1%  1816 19004s
H53101 34343                    8927.0000000 6995.57242  21.6%  1818 19005s
H53730 34846                    8878.0000000 6995.57242  21.2%  1839 19406s
H53734 34728                    8869.0000000 6995.57242  21.1%  1841 19407s
H53882 34556                    8855.0000000 6995.57242  21.0%  1839 19407s
H53906 34364                    8837.0000000 6995.57242  20.8%  1842 19407s
 54778 36015 7105.52450  222 3291 8837.00000 6995.57242  20.8%  1860 19973s
 56463 37965 7106.92625  229 3265 8837.00000 6995.57242  20.8%  1878 20444s
 58483 40148 7111.05697  236 3329 8837.00000 6995.57242  20.8%  1888 20952s
 60703 41493 7111.60931  243 3238 8837.00000 6995.57242  20.8%  1898 21385s
H60715 41488                    8836.0000000 6995.57242  20.8%  1900 21385s
H60950 41476                    8835.0000000 6995.57242  20.8%  1901 21385s
H61220 41458                    8833.0000000 6995.57242  20.8%  1902 21385s
 62071 41459 7748.13604  443 13977 8833.00000 6995.57242  20.8%  1906 22586s
 62073 41460 7385.36906  457  875 8833.00000 6995.57242  20.8%  1906 22593s
 62074 41461 7232.59475  272  937 8833.00000 6995.57242  20.8%  1906 22595s
 62075 41462 7127.71445  247 1173 8833.00000 6995.57242  20.8%  1906 22601s
 62076 41462 7846.69403  596 1247 8833.00000 6995.57242  20.8%  1906 22608s
 62077 41463 7217.12929  192 1301 8833.00000 6995.57242  20.8%  1906 22618s
 62078 41464 7332.58526  498 1400 8833.00000 6995.57242  20.8%  1906 22631s
 62079 41464 7417.01567  298 1625 8833.00000 6995.57242  20.8%  1906 22646s
 62080 41465 7350.57541  318 1893 8833.00000 6995.57242  20.8%  1906 22666s
 62081 41466 7216.09067  277 1915 8833.00000 6995.57242  20.8%  1906 22686s
 62082 41466 8666.54246  916 2020 8833.00000 6995.57242  20.8%  1906 22705s
 62083 41467 7113.11990   91 2146 8833.00000 6995.57242  20.8%  1906 22725s
 62084 41468 7828.74588  417 2351 8833.00000 6995.57242  20.8%  1906 22748s
 62085 41468 7182.89853  392 2522 8833.00000 6995.57242  20.8%  1906 22771s
 62086 41469 7079.31778   68 2718 8833.00000 6995.57242  20.8%  1906 22791s
 62087 41470 7854.97873  546 2706 8833.00000 6995.57242  20.8%  1905 22810s
 62088 41470 7706.68510  510 3084 8833.00000 6995.57242  20.8%  1905 22827s
 62089 41471 7051.51216   86 3200 8833.00000 7004.50075  20.7%  1905 22845s
 62090 41472 7232.25205  397 3437 8833.00000 7009.51386  20.6%  1905 22857s
 62091 41472 8775.53548  361 3132 8833.00000 7013.23739  20.6%  1905 22869s
 62092 41473 7422.10280  355 3333 8833.00000 7014.80475  20.6%  1905 22876s
 62093 41474 7428.33174  295 3332 8833.00000 7015.51421  20.6%  1905 22882s
 62094 41474 7459.72317   97 3416 8833.00000 7015.76855  20.6%  1905 22885s
 62100 41478 7289.38770  206 3383 8833.00000 7015.97872  20.6%  1905 22890s
 62103 41480 7032.03440  105 3497 8833.00000 7025.77946  20.5%  1905 22910s
 62104 41481 8559.18062  761 3354 8833.00000 7031.41727  20.4%  1905 22923s
 62105 41482 7125.29898   78 3289 8833.00000 7033.23301  20.4%  1905 22931s
 62106 41482 7334.39688  134 3138 8833.00000 7033.91343  20.4%  1905 22936s
 62109 41484 7910.15155  612 3378 8833.00000 7034.19951  20.4%  1905 22940s
 62111 41486 7280.61689  388 3319 8833.00000 7034.20937  20.4%  1905 22976s
 62112 41486 7273.02864  206 3501 8833.00000 7042.21967  20.3%  1905 22994s
 62113 41487 7305.69218  310 3507 8833.00000 7044.51119  20.2%  1905 23004s
 62114 41488 7547.26525  609 3461 8833.00000 7045.73382  20.2%  1905 23010s
 62116 41489 7436.51915  321 3604 8833.00000 7046.28738  20.2%  1905 23016s
 62120 41492 7576.25993  465 3643 8833.00000 7046.39702  20.2%  1904 23053s
 62121 41492 7584.64022  411 3446 8833.00000 7051.89720  20.2%  1904 23066s
 62122 41493 7250.22616  100 3444 8833.00000 7053.76627  20.1%  1904 23074s
 62123 41494 7662.41647  408 3662 8833.00000 7054.43765  20.1%  1904 23079s
 62124 41494 7120.20756  123 3647 8833.00000 7054.64543  20.1%  1904 23082s
 62128 41497 8403.76497  137 3677 8833.00000 7054.74073  20.1%  1904 23121s
 62129 41498 8243.01852  539 3261 8833.00000 7059.71923  20.1%  1904 23133s
 62130 41498 7061.06014   61 3299 8833.00000 7061.06014  20.1%  1904 23139s
 62131 41499 7061.28556   90 3329 8833.00000 7061.28556  20.1%  1904 23142s
 62135 41502 7061.38171  111 3422 8833.00000 7061.38171  20.1%  1904 23180s
 62136 41502 7275.24757  223 3206 8833.00000 7064.88267  20.0%  1904 23202s
 62137 41503 7215.46334  218 3633 8833.00000 7065.85847  20.0%  1904 23208s
 62138 41504 8383.44075  623 3599 8833.00000 7066.20752  20.0%  1904 23211s
 62140 41505 7156.75906  211 3552 8833.00000 7066.44350  20.0%  1904 23215s
H62143 39430                    8827.0000000 7066.58196  19.9%  1904 23252s
H62143 37457                    8824.0000000 7066.58196  19.9%  1904 23252s
H62143 35583                    8823.0000000 7066.58196  19.9%  1904 23252s
H62144 33804                    8821.0000000 7070.45179  19.8%  1904 23264s
 62146 33805 7886.91683  454 3479 8821.00000 7072.18427  19.8%  1904 23272s
 62147 33806 8077.09243  119 3519 8821.00000 7072.62644  19.8%  1904 23276s
 62151 33808 7293.62062  305 3709 8821.00000 7072.78238  19.8%  1904 23316s
 62152 33809 7758.41479  225 3355 8821.00000 7077.42216  19.8%  1903 23333s
 62153 33810 7591.43082  378 3427 8821.00000 7079.11297  19.7%  1903 23341s
 62155 33811 7549.41930  394 3363 8821.00000 7079.57478  19.7%  1903 23347s
 62159 33814 7430.89236  132 3382 8821.00000 7079.67618  19.7%  1903 23350s
 62161 33815 7400.03804  253 3492 8821.00000 7079.68915  19.7%  1903 23386s
 62162 33816 8667.44660  790 3292 8821.00000 7082.59493  19.7%  1903 23396s
 62163 33816 7190.03853  169 3694 8821.00000 7084.18132  19.7%  1903 23404s
 62164 33817 8561.28853  780 3543 8821.00000 7084.66479  19.7%  1903 23408s
 62165 33818 7401.46298  417 3448 8821.00000 7084.88270  19.7%  1903 23411s
 62169 33820 7266.21697  266 3544 8821.00000 7084.95766  19.7%  1903 23453s
 62170 33821 7212.57649  133 3514 8821.00000 7087.16024  19.7%  1903 23463s
 62171 33822 7748.13604  443 3636 8821.00000 7088.03760  19.6%  1903 23469s
 62172 33822 8375.21616  618 3668 8821.00000 7088.23256  19.6%  1903 23472s
 62174 33824 7232.59475  272 3758 8821.00000 7088.35260  19.6%  1903 23475s
 62176 33825 7846.69403  596 3737 8821.00000 7088.37096  19.6%  1903 23517s
 62177 33826 7217.12929  192 3545 8821.00000 7091.07264  19.6%  1903 23530s
 62178 33826 7332.58526  498 3549 8821.00000 7092.49807  19.6%  1903 23538s
 62179 33827 7417.01567  298 3766 8821.00000 7093.09981  19.6%  1903 23544s
 62180 33828 7350.57541  318 3666 8821.00000 7093.37107  19.6%  1903 23547s
 62182 33829 8666.54246  916 3649 8821.00000 7093.51995  19.6%  1903 23550s
 62185 33831 7182.89853  392 3659 8821.00000 7093.53212  19.6%  1902 23587s
 62186 33832 7095.75809   68 3874 8821.00000 7095.75809  19.6%  1902 23610s
 62187 33832 7854.97873  546 3872 8821.00000 7096.40453  19.6%  1902 23618s
 62188 33833 7706.68510  510 3799 8821.00000 7096.68851  19.5%  1902 23621s
 62191 33835 8775.53548  361 3857 8821.00000 7096.82788  19.5%  1902 23625s
 62193 33836 7428.33174  295 3852 8821.00000 7096.88039  19.5%  1902 23664s
 62194 33837 7459.72317   97 3811 8821.00000 7099.61855  19.5%  1902 23674s
 62195 33838 7323.26326  129 3691 8821.00000 7100.63372  19.5%  1902 23680s
 62197 33839 7128.61318  133 3778 8821.00000 7101.08703  19.5%  1902 23686s
 62203 33843 7101.17262  105 3975 8821.00000 7101.17262  19.5%  1902 23725s
 62204 33844 8559.18062  761 3565 8821.00000 7103.55416  19.5%  1902 23735s
 62205 33844 7125.29898   78 3756 8821.00000 7104.51168  19.5%  1902 23742s
 62206 33845 7334.39688  134 3808 8821.00000 7104.75820  19.5%  1902 23745s
 62209 33847 7910.15155  612 3873 8821.00000 7104.93253  19.5%  1902 23750s
 62211 33848 7280.61689  388 3945 8821.00000 7104.93904  19.5%  1902 23789s
 62212 33849 7273.02864  206 3818 8821.00000 7107.50589  19.4%  1902 23800s
 62213 33850 7305.69218  310 3894 8821.00000 7108.13301  19.4%  1902 23806s
 62215 33851 8469.56138  321 4040 8821.00000 7108.51790  19.4%  1902 23812s
 62218 33853 8095.71300  537 4108 8821.00000 7108.56170  19.4%  1901 23852s
 62219 33854 7468.05515  511 3555 8821.00000 7112.55240  19.4%  1901 23868s
 62220 33854 7576.25993  465 3921 8821.00000 7114.31735  19.3%  1901 23878s
 62221 33855 7584.64022  411 3974 8821.00000 7114.88830  19.3%  1901 23883s
 62222 33856 7250.22616  100 3926 8821.00000 7115.12955  19.3%  1901 23886s
 62225 33858 7135.11807  197 4094 8821.00000 7115.27612  19.3%  1901 23890s
 62227 33859 7527.99863   94 4105 8821.00000 7115.28579  19.3%  1901 23925s
 62228 33860 8403.76497  137 3745 8821.00000 7118.96421  19.3%  1901 23937s
 62229 33860 8243.01852  539 3747 8821.00000 7120.09337  19.3%  1901 23943s
 62230 33861 7120.63847   61 3712 8821.00000 7120.63847  19.3%  1901 23947s
 62231 33862 7120.83053   90 3843 8821.00000 7120.83053  19.3%  1901 23950s
 62236 33865 7275.24757  223 3841 8821.00000 7120.98055  19.3%  1901 23955s
 62238 33866 8383.44075  623 3905 8821.00000 7120.98605  19.3%  1901 23991s
 62239 33867 8078.72393  582 3625 8821.00000 7123.87517  19.2%  1901 24018s
 62240 33868 7156.75906  211 3785 8821.00000 7124.74073  19.2%  1901 24026s
 62241 33868 7554.95563  194 3864 8821.00000 7125.06950  19.2%  1901 24030s
 62244 33870 7779.34865  107 3824 8821.00000 7125.31078  19.2%  1901 24035s
 62246 33872 7886.91683  454 3858 8821.00000 7125.31981  19.2%  1901 24070s
 62247 33872 8077.09243  119 3659 8821.00000 7127.47112  19.2%  1901 24081s
 62248 33873 7341.91702  368 3708 8821.00000 7128.43905  19.2%  1901 24087s
 62249 33874 7804.52324  524 3632 8821.00000 7129.08497  19.2%  1901 24093s
 62250 33874 7152.78030  231 3776 8821.00000 7129.23020  19.2%  1901 24095s
 62255 33878 7549.41930  394 3833 8821.00000 7129.34062  19.2%  1900 24132s
 62256 33878 7459.95426  438 3617 8821.00000 7131.53393  19.2%  1900 24142s
 62257 33879 7193.79576  233 3849 8821.00000 7132.39045  19.1%  1900 24149s
 62258 33880 7529.42999  518 4005 8821.00000 7132.69978  19.1%  1900 24153s
 62259 33880 7430.89236  132 3958 8821.00000 7132.87828  19.1%  1900 24156s
 62262 33882 8667.44660  790 3919 8821.00000 7133.00483  19.1%  1900 24160s
 62264 33884 8561.28853  780 3974 8821.00000 7133.01121  19.1%  1900 24194s
 62265 33884 7401.46298  417 3826 8821.00000 7135.29558  19.1%  1900 24205s
 62266 33885 7210.41562  135 3772 8821.00000 7136.14477  19.1%  1900 24213s
 62267 33886 7505.76063  484 3939 8821.00000 7136.57054  19.1%  1900 24218s
 62268 33886 7268.44569  167 3951 8821.00000 7136.73081  19.1%  1900 24220s
 62272 33889 8375.21616  618 4076 8821.00000 7136.84849  19.1%  1900 24259s
 62273 33890 7385.36906  457 3818 8821.00000 7139.17186  19.1%  1900 24271s
 62274 33890 7232.59475  272 3768 8821.00000 7139.75247  19.1%  1900 24277s
 62275 33891 7140.02608  247 3913 8821.00000 7140.02608  19.1%  1900 24281s
 62278 33893 7332.58526  498 3920 8821.00000 7140.17772  19.1%  1900 24285s
 62280 33894 7350.57541  318 3910 8821.00000 7140.19315  19.1%  1900 24321s
 62281 33895 7216.09067  277 3645 8821.00000 7141.27755  19.0%  1900 24329s
 62282 33896 8666.54246  916 3800 8821.00000 7141.67528  19.0%  1900 24333s
 62283 33896 7141.81477   91 4045 8821.00000 7141.81477  19.0%  1899 24336s
 62288 33900 7706.68510  510 3995 8821.00000 7141.89082  19.0%  1899 24371s
 62289 33900 7143.62843   86 3781 8821.00000 7143.62843  19.0%  1899 24582s
 62290 33901 7232.25205  397 3756 8821.00000 7144.12770  19.0%  1899 24629s
 62291 33902 8775.53548  361 3816 8821.00000 7144.31798  19.0%  1899 24632s
 62292 33902 7422.10280  355 3910 8821.00000 7144.45000  19.0%  1899 24635s
 62295 33904 7323.26326  129 3947 8821.00000 7144.54728  19.0%  1899 24673s
 62296 33905 8438.69833  648 3689 8821.00000 7146.92241  19.0%  1899 24684s
 62297 33906 7147.81374  133 3651 8821.00000 7147.81374  19.0%  1899 24690s
 62299 33907 7323.80300   74 3763 8821.00000 7148.73287  19.0%  1899 24698s
 62301 33908 7148.85991  151 3756 8821.00000 7148.85991  19.0%  1899 24701s
 62306 33912 7334.39688  134 3872 8821.00000 7148.92998  19.0%  1899 24739s
 62307 33912 7150.99517  125 3649 8821.00000 7150.99517  18.9%  1899 24749s
 62308 33913 7777.32382  269 3973 8821.00000 7151.79835  18.9%  1899 24756s
 62309 33914 7910.15155  612 3943 8821.00000 7152.23075  18.9%  1899 24760s
 62312 33916 7273.02864  206 3932 8821.00000 7152.45045  18.9%  1899 24766s
 62314 33917 7547.26525  609 4042 8821.00000 7152.46113  18.9%  1899 24800s
 62315 33918 8469.56138  321 3727 8821.00000 7153.86035  18.9%  1899 24808s
 62316 33918 7436.51915  321 3798 8821.00000 7154.63985  18.9%  1898 24814s
 62317 33919 7319.70568  405 3862 8821.00000 7154.87913  18.9%  1898 24817s
 62319 33920 7468.05515  511 4017 8821.00000 7154.99849  18.9%  1898 24820s
 62323 33923 7662.41647  408 3906 8821.00000 7155.03981  18.9%  1898 24856s
 62324 33924 7156.37159  123 3719 8821.00000 7156.37159  18.9%  1898 24865s
 62326 33925 7702.50984  500 3896 8821.00000 7157.07830  18.9%  1898 24873s
 62327 33926 7527.99863   94 3947 8821.00000 7157.20971  18.9%  1898 24875s
 62330 33928 7157.33054   61 3932 8821.00000 7157.33054  18.9%  1898 24880s
 62332 33929 7787.14286  491 4066 8821.00000 7157.33870  18.9%  1898 24913s
 62333 33930 7498.59651  521 3842 8821.00000 7158.54497  18.8%  1898 24921s
 62334 33930 7159.03757   70 3926 8821.00000 7159.03757  18.8%  1898 24927s
 62335 33931 7159.33472  111 3911 8821.00000 7159.33472  18.8%  1898 24931s
 62338 33933 8383.44075  623 4042 8821.00000 7159.49213  18.8%  1898 24935s
 62339 33934 8078.72393  582 4166 8821.00000 7159.49493  18.8%  1898 24971s
 62340 33934 7160.40744  211 4013 8821.00000 7160.40744  18.8%  1898 24979s
 62341 33935 7554.95563  194 3986 8821.00000 7160.89971  18.8%  1898 24984s
 62342 33936 7600.74907  541 4195 8821.00000 7161.05190  18.8%  1898 24987s
 62345 33938 8726.56312  886 4174 8821.00000 7161.09900  18.8%  1898 25025s
 62346 33938 7886.91683  454 4183 8821.00000 7161.98572  18.8%  1898 25033s
 62347 33939 8077.09243  119 4108 8821.00000 7162.48798  18.8%  1898 25037s
 62348 33940 7341.91702  368 4170 8821.00000 7162.67426  18.8%  1898 25040s
 62352 33942 7758.41479  225 4456 8821.00000 7162.90862  18.8%  1897 25045s
 62353 33943 7591.43082  378 4388 8821.00000 7162.91035  18.8%  1897 25079s
 62354 33944 7194.05297  218 3973 8821.00000 7164.40451  18.8%  1897 25086s
 62355 33944 7549.41930  394 3845 8821.00000 7165.17915  18.8%  1897 25091s
 62357 33946 7193.79576  233 4025 8821.00000 7165.75666  18.8%  1897 25097s
 62359 33947 7430.89236  132 4113 8821.00000 7165.88963  18.8%  1897 25100s
 62360 33948 7460.04841  151 4141 8821.00000 7165.89431  18.8%  1897 25133s
 62361 33948 7400.03804  253 4057 8821.00000 7166.93082  18.8%  1897 25141s
 62362 33949 8667.44660  790 4010 8821.00000 7167.35508  18.7%  1897 25145s
 62364 33950 8561.28853  780 4105 8821.00000 7167.81646  18.7%  1897 25152s
 62366 33952 7210.41562  135 4276 8821.00000 7167.89947  18.7%  1897 25155s
 62368 33953 7268.44569  167 4306 8821.00000 7167.90807  18.7%  1897 25187s
 62369 33954 7266.21697  266 3997 8821.00000 7168.31231  18.7%  1897 25191s
 62371 33955 7748.13604  443 4108 8821.00000 7168.61944  18.7%  1897 25196s
 62375 33958 7168.69550  247 4156 8821.00000 7168.69550  18.7%  1897 25233s
 62376 33958 7846.69403  596 3908 8821.00000 7169.52039  18.7%  1897 25240s
 62377 33959 7217.12929  192 3908 8821.00000 7169.94104  18.7%  1897 25245s
 62379 33960 7417.01567  298 4050 8821.00000 7170.26431  18.7%  1897 25250s
 62383 33963 7170.33930   91 4263 8821.00000 7170.33930  18.7%  1896 25289s
 62384 33964 7828.74588  417 4018 8821.00000 7171.45309  18.7%  1896 25297s
 62385 33964 7182.89853  392 4218 8821.00000 7172.20791  18.7%  1896 25303s
 62386 33965 7172.42584   68 4212 8821.00000 7172.42584  18.7%  1896 25305s
 62389 33967 7172.60366   86 4331 8821.00000 7172.60366  18.7%  1896 25310s
 62390 33968 7232.25205  397 4304 8821.00000 7172.60583  18.7%  1896 25345s
 62391 33968 8775.53548  361 3954 8821.00000 7173.37110  18.7%  1896 25351s
 62392 33969 7422.10280  355 4124 8821.00000 7173.63185  18.7%  1896 25355s
 62395 33971 7323.26326  129 4140 8821.00000 7173.80636  18.7%  1896 25360s
 62397 33972 7173.83114  133 4251 8821.00000 7173.83114  18.7%  1896 25395s
 62398 33973 7915.21973  595 4063 8821.00000 7175.67957  18.7%  1896 25404s
 62399 33974 7323.80300   74 4061 8821.00000 7176.15128  18.6%  1896 25410s
 62402 33976 7176.44880  113 4250 8821.00000 7176.44880  18.6%  1896 25416s
 62404 33977 8559.18062  761 4359 8821.00000 7176.46622  18.6%  1896 25449s
 62405 33978 7177.74182   78 4023 8821.00000 7177.74182  18.6%  1896 25458s
 62406 33978 7334.39688  134 3924 8821.00000 7178.26536  18.6%  1896 25464s
 62407 33979 7178.49290  125 4077 8821.00000 7178.49290  18.6%  1896 25466s
 62409 33980 7910.15155  612 4131 8821.00000 7178.78163  18.6%  1896 25471s
 62412 33982 7273.02864  206 4177 8821.00000 7178.84483  18.6%  1896 25507s
 62413 33983 7305.69218  310 4012 8821.00000 7179.53618  18.6%  1896 25512s
 62414 33984 7547.26525  609 4092 8821.00000 7180.06356  18.6%  1896 25517s
 62415 33984 8469.56138  321 4311 8821.00000 7180.25195  18.6%  1895 25521s
 62417 33986 7319.70568  405 4235 8821.00000 7180.38159  18.6%  1895 25525s
 62420 33988 7576.25993  465 4297 8821.00000 7180.39665  18.6%  1895 25561s
 62421 33988 7584.64022  411 4169 8821.00000 7181.15869  18.6%  1895 25568s
 62422 33989 7250.22616  100 4154 8821.00000 7181.56485  18.6%  1895 25573s
 62423 33990 7662.41647  408 4193 8821.00000 7181.72453  18.6%  1895 25576s
 62426 33992 7702.50984  500 4126 8821.00000 7181.83263  18.6%  1895 25580s
 62427 33992 7527.99863   94 4230 8821.00000 7181.83676  18.6%  1895 25612s
 62428 33993 8403.76497  137 3966 8821.00000 7182.99268  18.6%  1895 25619s
 62429 33994 8243.01852  539 3975 8821.00000 7183.36616  18.6%  1895 25623s
 62430 33994 7183.56505   61 4091 8821.00000 7183.56505  18.6%  1895 25626s
 62432 33996 7787.14286  491 4318 8821.00000 7183.66589  18.6%  1895 25630s
 62436 33998 7275.24757  223 4194 8821.00000 7183.71348  18.6%  1895 25668s
 62437 33999 7215.46334  218 4210 8821.00000 7184.40119  18.6%  1895 25674s
 62438 34000 8383.44075  623 4366 8821.00000 7184.64939  18.6%  1895 25678s
 62439 34000 8078.72393  582 4406 8821.00000 7184.79259  18.5%  1895 25681s
 62442 34002 7600.74907  541 4540 8821.00000 7184.83164  18.5%  1895 25714s
 62443 34003 7185.13110  122 4396 8821.00000 7185.13110  18.5%  1895 25719s
 62444 34004 7779.34865  107 4335 8821.00000 7185.25498  18.5%  1895 25722s
 62447 34006 8077.09243  119 4339 8821.00000 7185.35696  18.5%  1895 25725s
 62450 34008 7185.37554  231 4364 8821.00000 7185.37554  18.5%  1894 25762s
 62451 34008 7293.62062  305 4059 8821.00000 7186.41836  18.5%  1894 25770s
 62453 34010 7591.43082  378 4113 8821.00000 7186.86649  18.5%  1894 25777s
 62456 34012 7459.95426  438 4167 8821.00000 7186.95092  18.5%  1894 25780s
 62457 34012 7193.79576  233 4163 8821.00000 7186.95302  18.5%  1894 25815s
 62458 34013 7529.42999  518 4194 8821.00000 7187.69457  18.5%  1894 25821s
 62460 34014 7460.04841  151 4252 8821.00000 7188.05148  18.5%  1894 25827s
 62463 34016 7190.03853  169 4433 8821.00000 7188.13155  18.5%  1894 25830s
 62465 34018 7401.46298  417 4462 8821.00000 7188.14426  18.5%  1894 25866s
 62466 34018 7210.41562  135 4240 8821.00000 7188.47808  18.5%  1894 25870s
 62469 34020 7266.21697  266 4343 8821.00000 7188.67967  18.5%  1894 25875s
 62471 34022 7748.13604  443 4356 8821.00000 7188.69433  18.5%  1894 25912s
 62472 34022 8375.21616  618 4269 8821.00000 7189.02727  18.5%  1894 25916s
 62474 34024 7232.59475  272 4265 8821.00000 7189.28122  18.5%  1894 25921s
 62477 34026 7217.12929  192 4276 8821.00000 7189.35892  18.5%  1894 25925s
 62479 34027 7417.01567  298 4319 8821.00000 7189.36653  18.5%  1894 25960s
 62480 34028 7350.57541  318 4367 8821.00000 7190.08542  18.5%  1894 25966s
 62481 34028 7216.09067  277 4290 8821.00000 7190.37199  18.5%  1893 25970s
 62485 34031 7190.46676  392 4461 8821.00000 7190.46676  18.5%  1893 26009s
 62486 34032 7190.93218   68 4240 8821.00000 7190.93218  18.5%  1893 26014s
 62487 34032 7854.97873  546 4377 8821.00000 7191.17055  18.5%  1893 26018s
 62488 34033 7706.68510  510 4408 8821.00000 7191.25347  18.5%  1893 26021s
 62492 34036 7422.10280  355 4427 8821.00000 7191.33526  18.5%  1893 26062s
 62493 34036 7428.33174  295 4139 8821.00000 7191.82902  18.5%  1893 26068s
 62494 34037 7459.72317   97 4168 8821.00000 7192.04033  18.5%  1893 26071s
 62496 34038 8438.69833  648 4324 8821.00000 7192.15025  18.5%  1893 26075s
 62499 34040 7323.80300   74 4378 8821.00000 7192.17144  18.5%  1893 26112s
 62500 34041 7289.38770  206 4374 8821.00000 7192.50830  18.5%  1893 26117s
 62502 34042 7192.71012  113 4401 8821.00000 7192.71012  18.5%  1893 26121s
 62505 34044 7192.81129   78 4355 8821.00000 7192.81129  18.5%  1893 26125s
 62507 34046 7192.82022  125 4350 8821.00000 7192.82022  18.5%  1893 26158s
 62508 34046 7777.32382  269 4315 8821.00000 7193.50385  18.5%  1893 26165s
 62510 34048 7193.87946  160 4314 8821.00000 7193.87946  18.4%  1893 26174s
 62511 34048 7280.61689  388 4235 8821.00000 7193.95757  18.4%  1893 26176s
 62515 34051 8469.56138  321 4316 8821.00000 7194.01250  18.4%  1892 26211s
 62516 34052 7436.51915  321 4306 8821.00000 7194.63191  18.4%  1892 26217s
 62517 34052 7319.70568  405 4603 8821.00000 7194.94793  18.4%  1892 26221s
 62519 34054 7468.05515  511 4572 8821.00000 7195.12418  18.4%  1892 26225s
 62522 34056 7250.22616  100 4620 8821.00000 7195.14764  18.4%  1892 26261s
 62523 34056 7662.41647  408 4351 8821.00000 7196.25653  18.4%  1892 26268s
 62524 34057 7196.85746  123 4542 8821.00000 7196.85746  18.4%  1892 26275s
 62526 34058 7702.50984  500 4620 8821.00000 7197.15775  18.4%  1892 26281s
 62530 34061 7197.23479   61 4768 8821.00000 7197.23479  18.4%  1892 26285s
 62531 34062 7197.23577   90 4806 8821.00000 7197.23577  18.4%  1892 26320s
 62532 34062 7787.14286  491 4335 8821.00000 7198.52946  18.4%  1892 26328s
 62533 34063 7498.59651  521 4448 8821.00000 7199.02460  18.4%  1892 26334s
 62534 34064 7199.25889   70 4404 8821.00000 7199.25889  18.4%  1892 26338s
 62535 34064 7199.40435  111 4502 8821.00000 7199.40435  18.4%  1892 26341s
 62537 34066 7215.46334  218 4583 8821.00000 7199.46743  18.4%  1892 26345s
 62539 34067 8078.72393  582 4591 8821.00000 7199.47801  18.4%  1892 26380s
 62541 34068 7554.95563  194 4489 8821.00000 7200.01365  18.4%  1892 26387s
 62542 34069 7600.74907  541 4495 8821.00000 7200.10199  18.4%  1892 26390s
 62547 34072 8077.09243  119 4558 8821.00000 7200.16574  18.4%  1891 26429s
 62548 34073 7341.91702  368 4345 8821.00000 7200.66869  18.4%  1891 26433s
 62549 34074 7804.52324  524 4502 8821.00000 7200.99829  18.4%  1891 26438s
 62550 34074 7201.19581  231 4506 8821.00000 7201.19581  18.4%  1891 26442s
 62551 34075 7293.62062  305 4523 8821.00000 7201.31127  18.4%  1891 26445s
 62554 34077 7201.40525  218 4691 8821.00000 7201.40525  18.4%  1891 26450s
 62555 34078 7549.41930  394 4638 8821.00000 7201.40916  18.4%  1891 26483s
 62556 34078 7459.95426  438 4192 8821.00000 7202.28834  18.4%  1891 26491s
 62557 34079 7202.67884  233 4388 8821.00000 7202.67884  18.3%  1891 26496s
 62559 34080 7430.89236  132 4515 8821.00000 7202.79813  18.3%  1891 26500s
 62562 34082 8667.44660  790 4535 8821.00000 7202.85152  18.3%  1891 26536s
 62563 34083 7203.33157  169 4361 8821.00000 7203.33157  18.3%  1891 26541s
 62564 34084 8561.28853  780 4434 8821.00000 7203.61837  18.3%  1891 26545s
 62567 34086 7505.76063  484 4611 8821.00000 7203.74380  18.3%  1891 26550s
 62569 34087 7266.21697  266 4486 8821.00000 7203.75632  18.3%  1891 26587s
 62570 34088 7212.57649  133 4389 8821.00000 7204.02337  18.3%  1891 26591s
 62572 34089 8375.21616  618 4572 8821.00000 7204.25853  18.3%  1891 26596s
 62575 34091 7204.31829  247 4630 8821.00000 7204.31829  18.3%  1891 26635s
 62576 34092 7846.69403  596 4383 8821.00000 7204.84270  18.3%  1891 26641s
 62577 34092 7217.12929  192 4477 8821.00000 7205.01013  18.3%  1891 26645s
 62580 34094 7350.57541  318 4597 8821.00000 7205.15765  18.3%  1890 26650s
 62581 34095 7216.09067  277 4578 8821.00000 7205.16167  18.3%  1890 26684s
 62582 34096 8666.54246  916 4264 8821.00000 7206.45696  18.3%  1890 26692s
 62583 34096 7206.72462   91 4534 8821.00000 7206.72462  18.3%  1890 26696s
 62585 34098 7207.09233  392 4500 8821.00000 7207.09233  18.3%  1890 26702s
 62588 34100 7706.68510  510 4621 8821.00000 7207.15071  18.3%  1890 26739s
 62589 34100 7207.83412   86 4239 8821.00000 7207.83412  18.3%  1890 26746s
 62590 34101 7232.25205  397 4381 8821.00000 7208.10632  18.3%  1890 26750s
 62593 34103 7428.33174  295 4523 8821.00000 7208.25667  18.3%  1890 26755s
 62594 34104 7459.72317   97 4521 8821.00000 7208.26045  18.3%  1890 26790s
 62595 34104 7323.26326  129 4365 8821.00000 7208.82467  18.3%  1890 26796s
 62596 34105 8438.69833  648 4346 8821.00000 7209.26145  18.3%  1890 26801s
 62598 34106 7915.21973  595 4488 8821.00000 7209.45444  18.3%  1890 26806s
 62601 34108 7209.51449  151 4584 8821.00000 7209.51449  18.3%  1890 26810s
 62602 34109 7209.51648  113 4679 8821.00000 7209.51648  18.3%  1890 26843s
 62603 34110 7210.85433  105 4250 8821.00000 7210.85433  18.3%  1890 26852s
 62604 34110 8559.18062  761 4440 8821.00000 7211.10036  18.3%  1890 26855s
 62606 34112 7334.39688  134 4499 8821.00000 7211.54315  18.2%  1890 26862s
 62608 34113 7777.32382  269 4684 8821.00000 7211.63924  18.2%  1890 26865s
 62610 34114 7211.65015  160 4711 8821.00000 7211.65015  18.2%  1890 26900s
 62611 34115 7280.61689  388 4457 8821.00000 7212.30856  18.2%  1890 26907s
 62612 34116 7273.02864  206 4667 8821.00000 7212.64258  18.2%  1890 26912s
 62613 34116 7305.69218  310 4620 8821.00000 7212.79410  18.2%  1889 26915s
 62616 34118 7436.51915  321 4690 8821.00000 7212.84872  18.2%  1889 26952s
 62617 34119 7319.70568  405 4407 8821.00000 7213.35274  18.2%  1889 26958s
 62618 34120 8095.71300  537 4548 8821.00000 7213.65642  18.2%  1889 26963s
 62620 34121 7576.25993  465 4616 8821.00000 7213.72982  18.2%  1889 26966s
 62624 34124 7213.76409  123 4716 8821.00000 7213.76409  18.2%  1889 27002s
 62625 34124 7214.53218  197 4430 8821.00000 7214.53218  18.2%  1889 27008s
 62626 34125 7702.50984  500 4514 8821.00000 7214.79112  18.2%  1889 27012s
 62628 34126 8403.76497  137 4603 8821.00000 7214.99264  18.2%  1889 27016s
 62631 34128 7215.02537   90 4736 8821.00000 7215.02537  18.2%  1889 27052s
 62632 34129 7787.14286  491 4649 8821.00000 7215.25111  18.2%  1889 27056s
 62634 34130 7215.35580   70 4715 8821.00000 7215.35580  18.2%  1889 27060s
 62636 34132 7275.24757  223 4809 8821.00000 7215.37542  18.2%  1889 27097s
 62637 34132 7215.94005  218 4466 8821.00000 7215.94005  18.2%  1889 27104s
 62638 34133 8383.44075  623 4546 8821.00000 7216.29808  18.2%  1889 27108s
 62639 34134 8078.72393  582 4650 8821.00000 7216.38974  18.2%  1889 27110s
 62642 34136 7600.74907  541 4704 8821.00000 7216.43652  18.2%  1889 27150s
 62643 34136 7216.80145  122 4588 8821.00000 7216.80145  18.2%  1889 27155s
 62644 34137 7779.34865  107 4635 8821.00000 7217.09845  18.2%  1889 27160s
 62647 34139 8077.09243  119 4886 8821.00000 7217.24421  18.2%  1888 27165s
 62648 34140 7341.91702  368 5006 8821.00000 7217.24626  18.2%  1888 27200s
 62649 34140 7804.52324  524 4665 8821.00000 7217.72874  18.2%  1888 27206s
 62650 34141 7217.93804  231 4857 8821.00000 7217.93804  18.2%  1888 27210s
 62653 34143 7591.43082  378 4745 8821.00000 7218.01933  18.2%  1888 27248s
 62654 34144 7218.50619  218 4523 8821.00000 7218.50619  18.2%  1888 27253s
 62655 34144 7549.41930  394 4491 8821.00000 7218.69545  18.2%  1888 27256s
 62657 34146 7218.81338  233 4573 8821.00000 7218.81338  18.2%  1888 27260s
 62661 34148 7400.03804  253 4654 8821.00000 7218.87887  18.2%  1888 27295s
 62662 34149 8667.44660  790 4441 8821.00000 7219.80145  18.2%  1888 27302s
 62663 34150 7220.13938  169 4580 8821.00000 7220.13938  18.1%  1888 27306s
 62664 34150 8561.28853  780 4698 8821.00000 7220.33791  18.1%  1888 27310s
 62668 34153 7268.44569  167 4745 8821.00000 7220.42831  18.1%  1888 27348s
 62669 34154 7266.21697  266 4669 8821.00000 7221.04343  18.1%  1888 27355s
 62670 34154 7221.27001  133 4747 8821.00000 7221.27001  18.1%  1888 27360s
 62673 34156 7385.36906  457 4791 8821.00000 7221.47630  18.1%  1888 27365s
 62675 34158 7221.48334  247 4817 8821.00000 7221.48334  18.1%  1888 27400s
 62676 34158 7846.69403  596 4661 8821.00000 7221.85868  18.1%  1888 27406s
 62678 34160 7332.58526  498 4499 8821.00000 7222.29745  18.1%  1888 27412s
 62681 34162 7222.34042  277 4742 8821.00000 7222.34042  18.1%  1887 27415s
 62682 34162 8666.54246  916 4713 8821.00000 7222.34108  18.1%  1887 27449s
 62683 34163 7222.83368   91 4532 8821.00000 7222.83368  18.1%  1887 27455s
 62684 34164 7828.74588  417 4749 8821.00000 7223.10712  18.1%  1887 27461s
 62686 34165 7223.23185   68 4731 8821.00000 7223.23185  18.1%  1887 27465s
 62688 34166 7706.68510  510 4766 8821.00000 7223.25133  18.1%  1887 27502s
 62689 34167 7223.72196   86 4643 8821.00000 7223.72196  18.1%  1887 27507s
 62690 34168 7232.25205  397 4720 8821.00000 7223.95094  18.1%  1887 27510s
 62694 34170 7459.72317   97 4767 8821.00000 7224.03371  18.1%  1887 27551s
 62695 34171 7323.26326  129 4474 8821.00000 7224.32900  18.1%  1887 27556s
 62697 34172 7224.50762  133 4757 8821.00000 7224.50762  18.1%  1887 27561s
 62700 34174 7289.38770  206 5039 8821.00000 7224.53589  18.1%  1887 27601s
 62701 34175 7224.76667  151 4500 8821.00000 7224.76667  18.1%  1887 27605s
 62703 34176 7224.92616  105 4710 8821.00000 7224.92616  18.1%  1887 27610s
 62705 34178 7224.93734   78 4862 8821.00000 7224.93734  18.1%  1887 27648s
 62706 34178 7334.39688  134 4754 8821.00000 7225.18051  18.1%  1887 27653s
 62707 34179 7225.22789  125 4886 8821.00000 7225.22789  18.1%  1887 27655s
 62710 34181 7225.25403  160 4837 8821.00000 7225.25403  18.1%  1887 27697s
 62711 34182 7280.61689  388 4678 8821.00000 7225.44584  18.1%  1887 27701s
 62714 34184 7547.26525  609 4700 8821.00000 7225.56528  18.1%  1886 27706s
 62716 34185 7436.51915  321 4760 8821.00000 7225.57521  18.1%  1886 27743s
 62717 34186 7319.70568  405 4706 8821.00000 7226.02975  18.1%  1886 27749s
 62718 34186 8095.71300  537 4653 8821.00000 7226.06954  18.1%  1886 27751s
 62720 34188 7576.25993  465 4746 8821.00000 7226.29986  18.1%  1886 27756s
 62723 34190 7662.41647  408 4810 8821.00000 7226.34440  18.1%  1886 27793s
 62724 34190 7227.20541  123 4579 8821.00000 7227.20541  18.1%  1886 27800s
 62726 34192 7702.50984  500 4765 8821.00000 7227.52140  18.1%  1886 27806s
 62729 34194 8243.01852  539 4772 8821.00000 7227.59468  18.1%  1886 27846s
 62730 34194 7228.05279   61 4496 8821.00000 7228.05279  18.1%  1886 27852s
 62731 34195 7228.19444   90 4451 8821.00000 7228.19444  18.1%  1886 27855s
 62734 34197 7228.38460   70 4588 8821.00000 7228.38460  18.1%  1886 27861s
 62737 34199 7228.41046  218 4686 8821.00000 7228.41046  18.1%  1886 27899s
 62738 34200 8383.44075  623 4570 8821.00000 7229.10513  18.0%  1886 27906s
 62739 34200 8078.72393  582 4587 8821.00000 7229.38475  18.0%  1886 27910s
 62743 34203 7229.49801  122 4755 8821.00000 7229.49801  18.0%  1886 27915s
 62745 34204 8726.56312  886 4807 8821.00000 7229.50782  18.0%  1886 27951s
 62746 34205 7886.91683  454 4599 8821.00000 7230.10278  18.0%  1885 27957s
 62747 34206 8077.09243  119 4580 8821.00000 7230.33714  18.0%  1885 27961s
 62749 34207 7804.52324  524 4622 8821.00000 7230.48255  18.0%  1885 27965s
 62751 34208 7293.62062  305 4662 8821.00000 7230.50142  18.0%  1885 28002s
 62752 34209 7758.41479  225 4623 8821.00000 7230.97828  18.0%  1885 28008s
 62753 34210 7591.43082  378 4535 8821.00000 7231.18619  18.0%  1885 28012s
 62755 34211 7549.41930  394 4491 8821.00000 7231.30458  18.0%  1885 28015s
 62760 34214 7460.04841  151 4555 8821.00000 7231.35122  18.0%  1885 28057s
 62761 34215 7400.03804  253 4479 8821.00000 7231.66309  18.0%  1885 28061s
 62763 34216 7231.82178  169 4765 8821.00000 7231.82178  18.0%  1885 28065s
 62767 34219 7505.76063  484 4841 8821.00000 7231.85966  18.0%  1885 28103s
 62768 34220 7268.44569  167 4665 8821.00000 7232.20259  18.0%  1885 28107s
 62769 34220 7266.21697  266 4687 8821.00000 7232.31932  18.0%  1885 28110s
H62770 32498                    8819.0000000 7232.41087  18.0%  1885 28113s
 62773 32500 7385.36906  457 4779 8819.00000 7232.42697  18.0%  1885 28149s
 62774 32501 7232.73541  272 4528 8819.00000 7232.73541  18.0%  1885 28154s
 62775 32501 7232.83334  247 4540 8819.00000 7232.83334  18.0%  1885 28157s
 62777 32503 7232.88969  192 4552 8819.00000 7232.88969  18.0%  1885 28160s
 62779 32504 7417.01567  298 4623 8819.00000 7232.90521  18.0%  1884 28196s
 62780 32505 7350.57541  318 4725 8819.00000 7233.18469  18.0%  1884 28200s
 62782 32506 8666.54246  916 4561 8819.00000 7233.34406  18.0%  1884 28205s
 62785 32508 7233.36436  392 4650 8819.00000 7233.36436  18.0%  1884 28241s
 62786 32509 7233.82131   68 4741 8819.00000 7233.82131  18.0%  1884 28245s
 62789 32511 7234.01786   86 4972 8819.00000 7234.01786  18.0%  1884 28250s
 62791 32512 8775.53548  361 4952 8819.00000 7234.03185  18.0%  1884 28287s
 62792 32513 7422.10280  355 4754 8819.00000 7234.21764  18.0%  1884 28290s
 62796 32515 8438.69833  648 4776 8819.00000 7234.30637  18.0%  1884 28328s
 62797 32516 7234.52112  133 4753 8819.00000 7234.52112  18.0%  1884 28331s
 62799 32517 7323.80300   74 4800 8819.00000 7234.60038  18.0%  1884 28335s
 62802 32519 7234.65681  113 4727 8819.00000 7234.65681  18.0%  1884 28372s
 62803 32520 7234.93771  105 4753 8819.00000 7234.93771  18.0%  1884 28377s
 62805 32521 7235.03113   78 4616 8819.00000 7235.03113  18.0%  1884 28380s
 62807 32523 7235.04783  125 4909 8819.00000 7235.04783  18.0%  1884 28416s
 62810 32525 7235.22681  160 4646 8819.00000 7235.22681  18.0%  1884 28421s
 62813 32527 7305.69218  310 4793 8819.00000 7235.25159  18.0%  1883 28457s
 62814 32527 7547.26525  609 4749 8819.00000 7235.59006  18.0%  1883 28461s
 62817 32529 7319.70568  405 4781 8819.00000 7235.70134  18.0%  1883 28465s
 62820 32531 7576.25993  465 4800 8819.00000 7235.71973  18.0%  1883 28501s
 62823 32535 7662.41647  408 13977 8819.00000 7235.92075  18.0%  1904 28505s
 62825 32536 7235.92075  197  887 8819.00000 7235.92075  18.0%  1904 28513s
 62826 32537 7702.50984  500 1021 8819.00000 7235.92075  18.0%  1904 28516s
 62827 32538 7527.99863   94 1191 8819.00000 7235.92075  18.0%  1904 28522s
 62828 32538 8403.76497  137 1204 8819.00000 7235.92075  18.0%  1904 28530s
 62829 32539 8243.01852  539 1280 8819.00000 7235.92075  18.0%  1904 28541s
 62830 32540 7235.92075   61 1562 8819.00000 7235.92075  18.0%  1904 28555s
 62831 32540 7235.92075   90 1690 8819.00000 7235.92075  18.0%  1904 28571s
 62832 32541 7787.14286  491 1928 8819.00000 7235.92075  18.0%  1904 28588s
 62833 32542 7498.59651  521 1950 8819.00000 7235.92075  18.0%  1904 28606s
 62834 32542 7235.92075   70 2110 8819.00000 7235.92075  18.0%  1904 28623s
 62835 32543 7235.92075  111 2300 8819.00000 7235.92075  18.0%  1904 28645s
 62836 32544 7275.24757  223 2393 8819.00000 7235.92075  18.0%  1904 28666s
 62837 32544 7235.92075  218 2480 8819.00000 7235.92075  18.0%  1904 28689s
 62838 32545 8383.44075  623 2730 8819.00000 7235.92075  18.0%  1904 28711s
 62839 32546 8078.72393  582 2928 8819.00000 7235.92075  18.0%  1904 28736s
 62840 32546 7235.92075  211 3324 8819.00000 7235.92075  18.0%  1904 28757s
 62841 32547 7554.95563  194 3644 8819.00000 7235.92075  18.0%  1904 28777s
 62842 32548 7600.74907  541 3447 8819.00000 7235.92075  18.0%  1904 28799s
 62843 32548 7235.92075  122 3817 8819.00000 7235.92075  18.0%  1903 28814s
 62844 32549 7779.34865  107 4076 8819.00000 7235.92075  18.0%  1903 28827s
 62845 32550 8726.56312  886 4247 8819.00000 7235.92075  18.0%  1903 28839s
 62846 32550 7886.91683  454 4177 8819.00000 7235.92075  18.0%  1903 28848s
 62847 32551 8077.09243  119 4438 8819.00000 7235.92075  18.0%  1903 28855s
 62848 32552 7341.91702  368 4614 8819.00000 7235.92075  18.0%  1903 28860s
 62850 32553 7235.92075  231 4577 8819.00000 7235.92075  18.0%  1903 28866s
 62856 32557 7459.95426  438 4665 8819.00000 7235.92075  18.0%  1903 28874s
 62857 32558 7237.04064  233 4531 8819.00000 7237.04064  17.9%  1903 28882s
 62858 32558 7529.42999  518 4499 8819.00000 7237.23979  17.9%  1903 28885s
 62861 32560 7400.03804  253 4302 8819.00000 7237.27609  17.9%  1903 28923s
 62862 32561 8667.44660  790 4559 8819.00000 7237.78108  17.9%  1903 28928s
 62863 32562 7237.86463  169 4432 8819.00000 7237.86463  17.9%  1903 28930s
 62867 32564 7505.76063  484 4409 8819.00000 7237.93193  17.9%  1903 28969s
 62868 32565 7268.44569  167 4407 8819.00000 7238.79621  17.9%  1903 28976s
 62870 32566 7239.00803  133 4337 8819.00000 7239.00803  17.9%  1903 28981s
 62873 32568 7385.36906  457 4326 8819.00000 7239.03903  17.9%  1903 29021s
 62874 32569 7239.68900  272 4332 8819.00000 7239.68900  17.9%  1903 29028s
 62875 32570 7239.91233  247 4330 8819.00000 7239.91233  17.9%  1903 29032s
 62877 32571 7240.01260  192 4594 8819.00000 7240.01260  17.9%  1902 29035s
 62879 32572 7417.01567  298 4444 8819.00000 7240.02682  17.9%  1902 29078s
 62880 32573 7350.57541  318 4252 8819.00000 7240.48999  17.9%  1902 29096s
 62881 32574 7240.74838  277 4494 8819.00000 7240.74838  17.9%  1902 29103s
 62882 32574 8666.54246  916 4517 8819.00000 7240.81666  17.9%  1902 29105s
 62884 32576 7828.74588  417 4543 8819.00000 7240.83813  17.9%  1902 29143s
 62885 32576 7241.59173  392 4449 8819.00000 7241.59173  17.9%  1902 29149s
 62886 32577 7241.83292   68 4469 8819.00000 7241.83292  17.9%  1902 29152s
 62889 32579 7241.88653   86 4308 8819.00000 7241.88653  17.9%  1902 29155s
 62890 32580 7241.88776  397 4490 8819.00000 7241.88776  17.9%  1902 29192s
 62891 32580 8775.53548  361 4392 8819.00000 7242.22347  17.9%  1902 29197s
 62893 32582 7428.33174  295 4557 8819.00000 7242.34977  17.9%  1902 29200s
 62896 32584 8438.69833  648 4513 8819.00000 7242.37495  17.9%  1902 29239s
 62897 32584 7242.54549  133 4431 8819.00000 7242.54549  17.9%  1902 29242s
 62899 32586 7323.80300   74 4618 8819.00000 7242.64868  17.9%  1902 29245s
 62901 32587 7242.66299  151 4595 8819.00000 7242.66299  17.9%  1902 29282s
 62902 32588 7242.83532  113 4559 8819.00000 7242.83532  17.9%  1902 29285s
 62905 32590 7243.07058   78 4579 8819.00000 7243.07058  17.9%  1902 29290s
 62906 32590 7334.39688  134 4629 8819.00000 7243.07348  17.9%  1902 29326s
 62907 32591 7243.50830  125 4391 8819.00000 7243.50830  17.9%  1902 29330s
 62911 32594 7280.61689  388 4402 8819.00000 7243.70398  17.9%  1901 29371s
 62912 32594 7273.02864  206 4439 8819.00000 7244.23587  17.9%  1901 29393s
 62913 32595 7305.69218  310 4483 8819.00000 7244.42222  17.9%  1901 29397s
 62915 32596 8469.56138  321 4457 8819.00000 7244.50138  17.9%  1901 29400s
 62918 32598 8095.71300  537 4507 8819.00000 7244.52959  17.9%  1901 29439s
 62919 32599 7468.05515  511 4500 8819.00000 7244.74888  17.9%  1901 29442s
 62921 32600 7584.64022  411 4543 8819.00000 7244.88349  17.8%  1901 29445s
 62923 32602 7662.41647  408 4547 8819.00000 7244.90028  17.8%  1901 29482s
 62924 32602 7245.25433  123 4534 8819.00000 7245.25433  17.8%  1901 29486s
 62927 32604 7527.99863   94 4633 8819.00000 7245.29722  17.8%  1901 29526s
 62928 32605 8403.76497  137 4596 8819.00000 7245.71813  17.8%  1901 29530s
 62930 32606 7246.05951   61 4601 8819.00000 7246.05951  17.8%  1901 29537s
 62933 32608 7498.59651  521 4612 8819.00000 7246.09539  17.8%  1901 29575s
 62934 32609 7246.63449   70 4286 8819.00000 7246.63449  17.8%  1901 29582s
 62936 32610 7275.24757  223 4466 8819.00000 7246.82711  17.8%  1901 29585s
 62940 32613 7246.87562  211 4438 8819.00000 7246.87562  17.8%  1901 29628s
 62941 32614 7554.95563  194 4334 8819.00000 7247.36540  17.8%  1901 29633s
 62942 32614 7600.74907  541 4344 8819.00000 7247.47204  17.8%  1900 29636s
 62946 32617 7886.91683  454 4405 8819.00000 7247.57715  17.8%  1900 29674s
 62947 32618 8077.09243  119 4134 8819.00000 7248.51620  17.8%  1900 29682s
 62948 32618 7341.91702  368 4300 8819.00000 7248.83390  17.8%  1900 29686s
 62952 32621 7758.41479  225 4330 8819.00000 7248.96268  17.8%  1900 29690s
 62953 32622 7591.43082  378 4248 8819.00000 7248.96765  17.8%  1900 29724s
 62954 32622 7249.39016  218 4257 8819.00000 7249.39016  17.8%  1900 29730s
 62957 32624 7249.65045  233 4413 8819.00000 7249.65045  17.8%  1900 29735s
 62960 32626 7460.04841  151 4536 8819.00000 7249.68038  17.8%  1900 29771s
 62961 32627 7400.03804  253 4414 8819.00000 7250.08088  17.8%  1900 29793s
 62962 32628 8667.44660  790 4476 8819.00000 7250.22478  17.8%  1900 29797s
 62965 32630 7401.46298  417 4307 8819.00000 7250.30232  17.8%  1900 29800s
 62969 32632 7266.21697  266 4446 8819.00000 7250.33182  17.8%  1900 29836s
 62970 32633 7250.91593  133 4171 8819.00000 7250.91593  17.8%  1900 29842s
 62972 32634 8375.21616  618 4346 8819.00000 7251.09948  17.8%  1900 29846s
 62975 32636 7251.13725  247 4462 8819.00000 7251.13725  17.8%  1899 29882s
 62976 32637 7846.69403  596 4455 8819.00000 7251.89405  17.8%  1899 29888s
 62977 32638 7252.05434  192 4440 8819.00000 7252.05434  17.8%  1899 29890s
 62980 32640 7350.57541  318 4557 8819.00000 7252.15467  17.8%  1899 29895s
 62981 32640 7252.15915  277 4451 8819.00000 7252.15915  17.8%  1899 29931s
 62982 32641 8666.54246  916 4391 8819.00000 7252.55442  17.8%  1899 29936s
 62984 32642 7828.74588  417 4565 8819.00000 7252.71899  17.8%  1899 29940s
 62987 32644 7854.97873  546 4625 8819.00000 7252.76019  17.8%  1899 29972s
 62988 32645 7706.68510  510 4306 8819.00000 7253.55842  17.8%  1899 29979s
 62989 32646 7253.68312   86 4418 8819.00000 7253.68312  17.7%  1899 29982s
 62992 32648 7422.10280  355 4385 8819.00000 7253.76439  17.7%  1899 29985s
 62994 32649 7459.72317   97 4518 8819.00000 7253.77645  17.7%  1899 30022s
 62995 32650 7323.26326  129 4499 8819.00000 7253.94658  17.7%  1899 30025s
 62998 32652 7915.21973  595 4456 8819.00000 7254.00686  17.7%  1899 30061s
 63000 32653 7289.38770  206 4402 8819.00000 7254.33670  17.7%  1899 30067s
 63002 32654 7254.36953  113 4241 8819.00000 7254.36953  17.7%  1899 30104s
 63003 32655 7254.54607  105 4343 8819.00000 7254.54607  17.7%  1899 30107s
 63005 32656 7254.60314   78 4351 8819.00000 7254.60314  17.7%  1899 30110s
 63006 32657 7334.39688  134 4402 8819.00000 7254.60498  17.7%  1899 30144s
 63007 32658 7255.45169  125 4241 8819.00000 7255.45169  17.7%  1899 30150s
 63009 32659 7910.15155  612 4406 8819.00000 7255.78950  17.7%  1898 30156s
 63012 32661 7273.02864  206 4609 8819.00000 7255.84321  17.7%  1898 30192s
 63013 32662 7305.69218  310 4403 8819.00000 7256.28221  17.7%  1898 30197s
 63014 32662 7547.26525  609 4611 8819.00000 7256.50672  17.7%  1898 30201s
 63017 32664 7319.70568  405 4648 8819.00000 7256.63754  17.7%  1898 30205s
 63018 32665 8095.71300  537 4664 8819.00000 7256.64179  17.7%  1898 30239s
 63019 32666 7468.05515  511 4525 8819.00000 7257.14581  17.7%  1898 30245s
 63021 32667 7584.64022  411 4464 8819.00000 7257.32357  17.7%  1898 30250s
 63024 32669 7257.34387  123 4513 8819.00000 7257.34387  17.7%  1898 30285s
 63025 32670 7257.72200  197 4503 8819.00000 7257.72200  17.7%  1898 30290s
 63028 32672 8403.76497  137 4483 8819.00000 7257.90839  17.7%  1898 30295s
 63029 32672 8243.01852  539 4497 8819.00000 7257.91199  17.7%  1898 30329s
 63030 32673 7258.19690   61 4291 8819.00000 7258.19690  17.7%  1898 30337s
 63031 32674 7258.36945   90 4214 8819.00000 7258.36945  17.7%  1898 30341s
 63035 32676 7258.44482  111 4278 8819.00000 7258.44482  17.7%  1898 30380s
 63037 32678 7258.77165  218 4434 8819.00000 7258.77165  17.7%  1898 30385s
 63041 32680 7554.95563  194 4415 8819.00000 7258.86420  17.7%  1897 30423s
 63042 32681 7600.74907  541 4318 8819.00000 7259.03780  17.7%  1897 30740s
 63043 32682 7259.09992  122 4323 8819.00000 7259.09992  17.7%  1897 30819s
 63044 32682 7779.34865  107 4389 8819.00000 7259.12594  17.7%  1897 30820s
 63047 32684 8077.09243  119 4289 8819.00000 7259.18342  17.7%  1897 30856s
 63048 32685 7341.91702  368 4283 8819.00000 7259.99260  17.7%  1897 30862s
 63049 32686 7804.52324  524 4159 8819.00000 7260.15104  17.7%  1897 30865s
 63052 32688 7758.41479  225 4383 8819.00000 7260.20453  17.7%  1897 30901s
 63053 32688 7591.43082  378 4322 8819.00000 7260.56003  17.7%  1897 30906s
 63055 32690 7549.41930  394 4450 8819.00000 7260.75249  17.7%  1897 30910s
 63058 32692 7529.42999  518 4363 8819.00000 7260.78444  17.7%  1897 30945s
 63059 32692 7430.89236  132 4296 8819.00000 7261.52046  17.7%  1897 30952s
 63060 32693 7460.04841  151 4506 8819.00000 7261.90794  17.7%  1897 30957s
 63062 32694 8667.44660  790 4434 8819.00000 7262.01339  17.7%  1897 30960s
 63064 32696 8561.28853  780 4480 8819.00000 7262.02803  17.7%  1897 30993s
 63065 32696 7401.46298  417 4455 8819.00000 7262.34653  17.7%  1897 30997s
 63066 32697 7262.48924  135 4406 8819.00000 7262.48924  17.6%  1897 31000s
 63070 32700 7262.56205  133 4538 8819.00000 7262.56205  17.6%  1897 31037s
 63071 32700 7748.13604  443 4391 8819.00000 7262.79228  17.6%  1897 31041s
 63072 32701 8375.21616  618 4398 8819.00000 7263.10656  17.6%  1897 31045s
 63076 32704 7846.69403  596 4515 8819.00000 7263.23174  17.6%  1896 31083s
 63077 32704 7263.51944  192 4408 8819.00000 7263.51944  17.6%  1896 31087s
 63079 32706 7417.01567  298 4512 8819.00000 7263.61252  17.6%  1896 31090s
 63084 32709 7828.74588  417 4624 8819.00000 7263.64533  17.6%  1896 31129s
 63085 32710 7263.94226  392 4390 8819.00000 7263.94226  17.6%  1896 31133s
 63086 32710 7264.14397   68 4423 8819.00000 7264.14397  17.6%  1896 31136s
 63089 32712 7264.17961   86 4509 8819.00000 7264.17961  17.6%  1896 31173s
 63090 32713 7264.43196  397 4313 8819.00000 7264.43196  17.6%  1896 31176s
 63092 32714 7422.10280  355 4461 8819.00000 7264.59935  17.6%  1896 31180s
 63096 32717 8438.69833  648 4536 8819.00000 7264.62602  17.6%  1896 31215s
 63097 32718 7265.28346  133 4240 8819.00000 7265.28346  17.6%  1896 31222s
 63098 32718 7915.21973  595 4396 8819.00000 7265.49751  17.6%  1896 31226s
 63101 32720 7265.56940  151 4510 8819.00000 7265.56940  17.6%  1896 31263s
 63102 32721 7265.72876  113 4352 8819.00000 7265.72876  17.6%  1896 31266s
 63105 32723 7265.92650   78 4425 8819.00000 7265.92650  17.6%  1896 31271s
 63108 32725 7777.32382  269 4393 8819.00000 7265.94035  17.6%  1895 31305s
 63109 32726 7910.15155  612 4408 8819.00000 7266.43809  17.6%  1895 31310s
 63112 32728 7273.02864  206 4455 8819.00000 7266.58704  17.6%  1895 31349s
 63113 32728 7305.69218  310 4507 8819.00000 7266.83486  17.6%  1895 31352s
 63115 32730 8469.56138  321 4498 8819.00000 7266.93475  17.6%  1895 31356s
 63119 32732 7468.05515  511 4647 8819.00000 7266.98228  17.6%  1895 31394s
 63120 32733 7576.25993  465 4602 8819.00000 7267.22596  17.6%  1895 31398s
 63121 32734 7584.64022  411 4742 8819.00000 7267.31889  17.6%  1895 31400s
 63125 32736 7267.36932  197 4844 8819.00000 7267.36932  17.6%  1895 31437s
 63126 32737 7702.50984  500 4519 8819.00000 7267.61462  17.6%  1895 31440s
 63128 32738 8403.76497  137 4531 8819.00000 7267.77752  17.6%  1895 31445s
H63129 31096                    8818.0000000 7267.80469  17.6%  1895 31479s
 63131 31097 7267.90179   90 4653 8818.00000 7267.90179  17.6%  1895 31481s
 63134 31099 7267.96693   70 4707 8818.00000 7267.96693  17.6%  1895 31519s
 63135 31100 7268.06599  111 4578 8818.00000 7268.06599  17.6%  1895 31522s
 63137 31101 7268.16302  218 4790 8818.00000 7268.16302  17.6%  1895 31525s
 63139 31103 8078.72393  582 4759 8818.00000 7268.17259  17.6%  1895 31560s
 63141 31104 7554.95563  194 4556 8818.00000 7268.56472  17.6%  1894 31567s
 63144 31106 7779.34865  107 4586 8818.00000 7268.59959  17.6%  1894 31602s
 63146 31107 7886.91683  454 4552 8818.00000 7268.75798  17.6%  1894 31606s
 63149 31109 7804.52324  524 4623 8818.00000 7268.80650  17.6%  1894 31641s
 63150 31110 7268.91321  231 4610 8818.00000 7268.91321  17.6%  1894 31645s
 63154 31113 7269.00129  218 4725 8818.00000 7269.00129  17.6%  1894 31683s
 63156 31114 7459.95426  438 4696 8818.00000 7269.05596  17.6%  1894 31686s
 63159 31116 7430.89236  132 4711 8818.00000 7269.07561  17.6%  1894 31719s
 63160 31117 7460.04841  151 4612 8818.00000 7269.27757  17.6%  1894 31723s
 63161 31117 7400.03804  253 4646 8818.00000 7269.36880  17.6%  1894 31725s
 63163 31119 7269.39867  169 4635 8818.00000 7269.39867  17.6%  1894 31761s
 63165 31120 7401.46298  417 4643 8818.00000 7269.68684  17.6%  1894 31766s
 63169 31123 7269.72344  266 4714 8818.00000 7269.72344  17.6%  1894 31800s
 63170 31123 7270.13105  133 4190 8818.00000 7270.13105  17.6%  1894 31805s
 63172 31125 8375.21616  618 4535 8818.00000 7270.41180  17.6%  1894 31810s
 63176 31127 7846.69403  596 4486 8818.00000 7270.46230  17.5%  1893 31849s
 63177 31128 7270.68017  192 4306 8818.00000 7270.68017  17.5%  1893 31853s
 63178 31129 7332.58526  498 4532 8818.00000 7270.97154  17.5%  1893 31857s
 63180 31130 7350.57541  318 4654 8818.00000 7271.03448  17.5%  1893 31860s
 63182 31131 8666.54246  916 4790 8818.00000 7271.04700  17.5%  1893 31896s
 63184 31133 7828.74588  417 4490 8818.00000 7271.27778  17.5%  1893 31901s
 63187 31135 7854.97873  546 4723 8818.00000 7271.32278  17.5%  1893 31939s
 63188 31135 7706.68510  510 4773 8818.00000 7271.54677  17.5%  1893 31943s
 63189 31136 7271.60003   86 4721 8818.00000 7271.60003  17.5%  1893 31945s
 63192 31138 7422.10280  355 4870 8818.00000 7271.63150  17.5%  1893 31984s
 63193 31139 7428.33174  295 4713 8818.00000 7271.89317  17.5%  1893 31988s
 63194 31139 7459.72317   97 4782 8818.00000 7272.10159  17.5%  1893 31991s
 63196 31141 8438.69833  648 4845 8818.00000 7272.15097  17.5%  1893 32028s
 63197 31141 7272.44025  133 4580 8818.00000 7272.44025  17.5%  1893 32032s
 63198 31142 7915.21973  595 4646 8818.00000 7272.62426  17.5%  1893 32035s
 63202 31145 7272.68009  113 4741 8818.00000 7272.68009  17.5%  1893 32070s
 63204 31146 8559.18062  761 4759 8818.00000 7273.10745  17.5%  1893 32077s
 63207 31148 7273.17078  125 4795 8818.00000 7273.17078  17.5%  1893 32080s
 63208 31149 7777.32382  269 4863 8818.00000 7273.17292  17.5%  1892 32116s
 63210 31150 7273.33110  160 4638 8818.00000 7273.33110  17.5%  1892 32120s
 63213 31152 7305.69218  310 4880 8818.00000 7273.36010  17.5%  1892 32155s
 63215 31153 8469.56138  321 4846 8818.00000 7273.71132  17.5%  1892 32162s
 63217 31155 7319.70568  405 4875 8818.00000 7273.80127  17.5%  1892 32165s
 63219 31156 7468.05515  511 4968 8818.00000 7273.81048  17.5%  1892 32200s
 63221 31157 7584.64022  411 4728 8818.00000 7274.30680  17.5%  1892 32207s
 63223 31159 7662.41647  408 4772 8818.00000 7274.37732  17.5%  1892 32210s
 63225 31160 7274.39229  197 4888 8818.00000 7274.39229  17.5%  1892 32246s
 63227 31161 7527.99863   94 4693 8818.00000 7274.63972  17.5%  1892 32251s
 63230 31163 7274.67615   61 4742 8818.00000 7274.67615  17.5%  1892 32289s
 63231 31164 7275.00139   90 4667 8818.00000 7275.00139  17.5%  1892 32293s
 63232 31165 7787.14286  491 4705 8818.00000 7275.18409  17.5%  1892 32296s
 63234 31166 7275.29668   70 4675 8818.00000 7275.29668  17.5%  1892 32300s
 63236 31167 7275.31247  223 4657 8818.00000 7275.31247  17.5%  1892 32339s
 63237 31168 7275.74586  218 4573 8818.00000 7275.74586  17.5%  1892 32344s
 63238 31169 8383.44075  623 4808 8818.00000 7276.03542  17.5%  1892 32349s
 63239 31169 8078.72393  582 4686 8818.00000 7276.11614  17.5%  1892 32351s
 63241 31171 7554.95563  194 4873 8818.00000 7276.14485  17.5%  1891 32390s
 63242 31171 7600.74907  541 4593 8818.00000 7276.49526  17.5%  1891 32395s
 63244 31173 7779.34865  107 4543 8818.00000 7276.90636  17.5%  1891 32401s
 63247 31175 8077.09243  119 4638 8818.00000 7276.94420  17.5%  1891 32438s
 63248 31175 7341.91702  368 4510 8818.00000 7277.11768  17.5%  1891 32442s
 63249 31176 7804.52324  524 4583 8818.00000 7277.21788  17.5%  1891 32445s
 63253 31179 7591.43082  378 4652 8818.00000 7277.29834  17.5%  1891 32483s
 63254 31179 7277.76236  218 4505 8818.00000 7277.76236  17.5%  1891 32488s
 63255 31180 7549.41930  394 4603 8818.00000 7277.93085  17.5%  1891 32492s
 63257 31181 7278.01397  233 4715 8818.00000 7278.01397  17.5%  1891 32495s
 63258 31182 7529.42999  518 4720 8818.00000 7278.01844  17.5%  1891 32532s
 63259 31183 7430.89236  132 4649 8818.00000 7278.58220  17.5%  1891 32537s
 63260 31183 7460.04841  151 4765 8818.00000 7278.71012  17.5%  1891 32540s
 63264 31186 8561.28853  780 4787 8818.00000 7278.83107  17.5%  1891 32577s
 63266 31187 7278.95327  135 4727 8818.00000 7278.95327  17.5%  1891 32580s
 63267 31188 7505.76063  484 4688 8818.00000 7278.95859  17.5%  1891 32615s
 63269 31189 7279.18461  266 4459 8818.00000 7279.18461  17.5%  1891 32620s
 63273 31192 7385.36906  457 4647 8818.00000 7279.22095  17.5%  1891 32657s
 63275 31193 7279.37326  247 4613 8818.00000 7279.37326  17.4%  1890 32661s
 63279 31196 7417.01567  298 4561 8818.00000 7279.40414  17.4%  1890 32701s
 63282 31198 8666.54246  916 4648 8818.00000 7279.51719  17.4%  1890 32705s
 63283 31199 7279.52122   91 4587 8818.00000 7279.52122  17.4%  1890 32739s
 63284 31199 7828.74588  417 4566 8818.00000 7279.61065  17.4%  1890 32741s
 63288 31202 7706.68510  510 4638 8818.00000 7279.69705  17.4%  1890 32745s
 63289 31203 7279.69993   86 4673 8818.00000 7279.69993  17.4%  1890 32778s
 63290 31203 7279.85175  397 4585 8818.00000 7279.85175  17.4%  1890 32782s
 63292 31205 7422.10280  355 4668 8818.00000 7279.99850  17.4%  1890 32786s
 63294 31206 7459.72317   97 4683 8818.00000 7280.02303  17.4%  1890 32824s
 63295 31207 7323.26326  129 4552 8818.00000 7280.15772  17.4%  1890 32827s
 63298 31209 7915.21973  595 4623 8818.00000 7280.20693  17.4%  1890 32863s
 63299 31209 7323.80300   74 4569 8818.00000 7280.31193  17.4%  1890 32865s
 63302 31211 7280.47650  113 4492 8818.00000 7280.47650  17.4%  1890 32870s
 63303 31212 7280.47755  105 4566 8818.00000 7280.47755  17.4%  1890 32904s
 63304 31213 8559.18062  761 4400 8818.00000 7280.63201  17.4%  1890 32907s
 63306 31214 7334.39688  134 4481 8818.00000 7280.73920  17.4%  1890 32910s
 63307 31215 7280.74382  125 4587 8818.00000 7280.74382  17.4%  1890 32944s
 63308 31215 7777.32382  269 4617 8818.00000 7280.88381  17.4%  1889 32947s
 63310 31217 7280.95359  160 4559 8818.00000 7280.95359  17.4%  1889 32950s
 63312 31218 7280.96330  206 4585 8818.00000 7280.96330  17.4%  1889 32985s
 63314 31219 7547.26525  609 4705 8818.00000 7281.45130  17.4%  1889 32992s
 63316 31221 7436.51915  321 4759 8818.00000 7281.56371  17.4%  1889 32996s
 63318 31222 8095.71300  537 4790 8818.00000 7281.57682  17.4%  1889 33031s
 63319 31223 7468.05515  511 4623 8818.00000 7281.78607  17.4%  1889 33035s
 63323 31225 7662.41647  408 4705 8818.00000 7281.94973  17.4%  1889 33040s
 63325 31227 7281.95970  197 4775 8818.00000 7281.95970  17.4%  1889 33074s
 63326 31227 7702.50984  500 4728 8818.00000 7282.33775  17.4%  1889 33078s
 63327 31228 7527.99863   94 4574 8818.00000 7282.50586  17.4%  1889 33081s
 63330 31230 7282.58648   61 4580 8818.00000 7282.58648  17.4%  1889 33116s
 63332 31231 7787.14286  491 4666 8818.00000 7282.81276  17.4%  1889 33121s
 63334 31233 7282.83850   70 4789 8818.00000 7282.83850  17.4%  1889 33158s
 63335 31233 7283.39901  111 4596 8818.00000 7283.39901  17.4%  1889 33164s
 63336 31234 7283.62535  223 4925 8818.00000 7283.62535  17.4%  1889 33168s
 63337 31235 7283.67084  218 4901 8818.00000 7283.67084  17.4%  1889 33170s
 63340 31237 7283.69417  211 4944 8818.00000 7283.69417  17.4%  1889 33205s
 63342 31238 7600.74907  541 4682 8818.00000 7284.19072  17.4%  1888 33212s
 63344 31239 7779.34865  107 4792 8818.00000 7284.28518  17.4%  1888 33215s
 63347 31241 8077.09243  119 4843 8818.00000 7284.30554  17.4%  1888 33256s
 63348 31242 7341.91702  368 4722 8818.00000 7284.68088  17.4%  1888 33262s
 63349 31243 7804.52324  524 4610 8818.00000 7284.91751  17.4%  1888 33265s
 63353 31245 7591.43082  378 4986 8818.00000 7285.00592  17.4%  1888 33306s
 63354 31246 7285.28097  218 4889 8818.00000 7285.28097  17.4%  1888 33311s
 63356 31247 7459.95426  438 4752 8818.00000 7285.38780  17.4%  1888 33315s
 63357 31248 7285.39332  233 4815 8818.00000 7285.39332  17.4%  1888 33352s
 63358 31249 7529.42999  518 4779 8818.00000 7285.54569  17.4%  1888 33355s
 63361 31251 7400.03804  253 4921 8818.00000 7285.58923  17.4%  1888 33396s
 63362 31251 8667.44660  790 4816 8818.00000 7285.76314  17.4%  1888 33400s
 63366 31254 7285.87591  135 4839 8818.00000 7285.87591  17.4%  1888 33439s
 63367 31255 7505.76063  484 4834 8818.00000 7285.96994  17.4%  1888 33442s
 63370 31257 7286.01114  133 4948 8818.00000 7286.01114  17.4%  1888 33483s
 63371 31257 7748.13604  443 4818 8818.00000 7286.20281  17.4%  1888 33486s
 63373 31259 7385.36906  457 4966 8818.00000 7286.30978  17.4%  1888 33490s
 63375 31260 7286.32654  247 4952 8818.00000 7286.32654  17.4%  1887 33527s
 63376 31261 7846.69403  596 4920 8818.00000 7286.48766  17.4%  1887 33530s
 63380 31263 7350.57541  318 4773 8818.00000 7286.64799  17.4%  1887 33535s
 63381 31264 7286.65249  277 4841 8818.00000 7286.65249  17.4%  1887 33571s
 63383 31265 7286.85611   91 4607 8818.00000 7286.85611  17.4%  1887 33576s
 63386 31267 7286.88783   68 4644 8818.00000 7286.88783  17.4%  1887 33612s
 63387 31268 7854.97873  546 4658 8818.00000 7287.44001  17.4%  1887 33619s
 63388 31269 7706.68510  510 4950 8818.00000 7287.63574  17.4%  1887 33623s
 63389 31269 7287.72197   86 4989 8818.00000 7287.72197  17.4%  1887 33625s
 63393 31272 7428.33174  295 4976 8818.00000 7287.77103  17.4%  1887 33665s
 63394 31273 7459.72317   97 4731 8818.00000 7288.08863  17.3%  1887 33670s
 63396 31274 8438.69833  648 4844 8818.00000 7288.30966  17.3%  1887 33675s
 63398 31275 7915.21973  595 4910 8818.00000 7288.31903  17.3%  1887 33712s
 63399 31276 7323.80300   74 4910 8818.00000 7288.46284  17.3%  1887 33716s
 63400 31277 7289.38770  206 4910 8818.00000 7288.46371  17.3%  1887 33932s
 63401 31280 7288.46371   62 4898 8818.00000 7288.46371  17.3%  1899 34004s
 63403 31284 7288.49887   63 4709 8818.00000 7288.46371  17.3%  1899 34060s
 63407 31290 7288.61493   64 4841 8818.00000 7288.49887  17.3%  1900 34142s
 63415 31304 7288.84332   65 4819 8818.00000 7288.61512  17.3%  1901 34219s
 63431 31316 7289.04603   66 4864 8818.00000 7288.84332  17.3%  1905 34383s
 63449 31341 7289.22192   67 4786 8818.00000 7289.04623  17.3%  1910 34483s
H63455 29766                    8816.0000000 7289.22192  17.3%  1911 34483s
H63457 28271                    8812.0000000 7289.22192  17.3%  1911 34483s
 63480 28393 7289.53517   68 4714 8812.00000 7289.22192  17.3%  1913 34584s
 63610 28444 7292.07967   70 4836 8812.00000 7289.53517  17.3%  1917 34631s
 63704 28499 7292.09442   71 4771 8812.00000 7289.53517  17.3%  1919 34668s
 63791 28497 7337.40089   79 4362 8812.00000 7289.53517  17.3%  1921 34699s
 63818 28528 7295.32287   72 4638 8812.00000 7289.53517  17.3%  1922 34729s
 63858 28544 7295.59997   73 4666 8812.00000 7289.53517  17.3%  1922 34755s
 63887 28566 7338.08931   82 4236 8812.00000 7289.53517  17.3%  1923 34780s
 63919 28587 7295.83899   74 4553 8812.00000 7289.53517  17.3%  1923 34805s
 63950 28604 7338.99015   84 4209 8812.00000 7289.53517  17.3%  1923 34863s
 63978 28626 7296.09172   75 4562 8812.00000 7289.53517  17.3%  1923 34927s
 64009 28662 7339.59367   86 4243 8812.00000 7289.53517  17.3%  1923 34955s
 64055 28687 7296.73012   76 4659 8812.00000 7289.53517  17.3%  1923 34975s
 64096 28731 7340.13279   93 4319 8812.00000 7289.53517  17.3%  1923 35006s
 64153 28789 7296.84300   77 4636 8812.00000 7289.53517  17.3%  1923 35034s
 64230 28845 7346.85733   96 4067 8812.00000 7289.53517  17.3%  1923 35067s
 64312 28898 7297.20643   78 4640 8812.00000 7289.53517  17.3%  1923 35094s
 64392 29002 7298.90477   78 4599 8812.00000 7289.53517  17.3%  1923 35126s
 64523 29069 7297.21167   79 4600 8812.00000 7289.53517  17.3%  1922 35159s
 64634 29153 7344.39484  107 4320 8812.00000 7289.53517  17.3%  1922 35194s
 64755 29145 7297.32256   80 4662 8812.00000 7289.53517  17.3%  1921 35214s
 64787 29169 7344.87107  108 4251 8812.00000 7289.53517  17.3%  1922 35242s
 64822 29200 7297.77378   81 4558 8812.00000 7289.53517  17.3%  1922 35278s
 64866 29229 7348.09367  110 4003 8812.00000 7289.53517  17.3%  1922 35308s
 64910 29252 7297.99347   82 4561 8812.00000 7289.53517  17.3%  1922 35348s
 64948 29282 7346.58461  111 4149 8812.00000 7289.53517  17.3%  1922 35380s
 64990 29319 7298.12297   83 4568 8812.00000 7289.53517  17.3%  1922 35408s
 65043 29365 7347.16166  113 4081 8812.00000 7289.53517  17.3%  1923 35442s
 65107 29423 7298.42773   84 4584 8812.00000 7289.53517  17.3%  1923 35515s
 65186 29490 7319.56129   84 4081 8812.00000 7289.53517  17.3%  1923 35595s
 65280 29601 7298.42798   85 4583 8812.00000 7289.53517  17.3%  1924 35645s
 65424 29708 7349.67278  125 4016 8812.00000 7289.53517  17.3%  1924 35695s
 65579 29808 7298.75550   86 4669 8812.00000 7289.53517  17.3%  1924 35756s
 65731 29939 7358.25172  125 3918 8812.00000 7289.53517  17.3%  1926 35814s
 65912 30039 7298.85325   87 4847 8812.00000 7289.53517  17.3%  1926 35874s
 66075 30142 7298.86095   88 4593 8812.00000 7289.53517  17.3%  1927 35936s
 66232 30327 7299.14603   89 4720 8812.00000 7289.53517  17.3%  1928 36000s
 66469 30446 7299.18111   90 4799 8812.00000 7289.53517  17.3%  1928 36060s
 66667 30595 7299.28108   91 4672 8812.00000 7289.53517  17.3%  1929 36150s
 66882 30733 7299.60477   92 4713 8812.00000 7289.53517  17.3%  1929 36213s
 67092 30922 7303.10883   93 4657 8812.00000 7289.53517  17.3%  1931 36279s
 67351 31114 7303.95224   94 4480 8812.00000 7289.53517  17.3%  1931 36353s
 67630 31344 7304.02263   95 4397 8812.00000 7289.53517  17.3%  1931 36421s
 67954 31584 7304.02356   96 4385 8812.00000 7289.53517  17.3%  1930 36494s
 68328 31835 7308.12714   97 4279 8812.00000 7289.53517  17.3%  1929 36582s
 68716 31954 7305.63105   99 4466 8812.00000 7289.53517  17.3%  1928 36658s
 68966 32088 7305.82618  101 4432 8812.00000 7289.53517  17.3%  1930 36742s
 69184 32060 7306.16106  102 4450 8812.00000 7289.53517  17.3%  1931 36788s
 69228 32245 7325.84452  102 4285 8812.00000 7289.53517  17.3%  1931 36866s
 69428 32282 7306.41230  103 4327 8812.00000 7289.53517  17.3%  1932 36930s
 69534 32650 7323.67151  103 4367 8812.00000 7289.53517  17.3%  1933 37012s
 69937 32968 7306.41294  104 4252 8812.00000 7289.53517  17.3%  1932 37103s
 70421 33323 7306.99012  105 4599 8812.00000 7289.53517  17.3%  1931 37232s
 70975 33639 7307.66458  107 4535 8812.00000 7289.55329  17.3%  1928 37362s
 71507 33981 7309.92559  108 4666 8812.00000 7289.55329  17.3%  1927 37466s
 72058 34347 7309.98675  109 4670 8812.00000 7289.55329  17.3%  1925 37595s
 72634 34697 7312.69731  110 4810 8812.00000 7289.55329  17.3%  1923 37719s
 73221 34558 7313.46135  111 4603 8812.00000 7289.55329  17.3%  1923 37798s
 73320 34551 7389.57492  111 4067 8812.00000 7289.55329  17.3%  1923 37991s
 73358 34567 7313.56489  112 4625 8812.00000 7289.55329  17.3%  1925 38151s
 73393 34587 7314.33706  113 4717 8812.00000 7289.55329  17.3%  1926 38278s
 73431 34607 7316.31916  115 4674 8812.00000 7289.55329  17.3%  1928 38398s
 73466 34626 7329.96746  116 4426 8812.00000 7289.55329  17.3%  1929 38544s
 73504 34646 7316.80472  119 4419 8812.00000 7292.09532  17.2%  1930 38691s
 73538 34671 7317.54075  120 4413 8812.00000 7292.09532  17.2%  1931 38825s
 73575 34694 7319.08466  123 4206 8812.00000 7292.09532  17.2%  1932 38951s
 73610 34716 7319.63015  126 4155 8812.00000 7292.09532  17.2%  1932 39195s
 73645 34738 7320.31711  128 4107 8812.00000 7292.09532  17.2%  1933 39457s
 73678 34761 7320.41395  129 4075 8812.00000 7292.09532  17.2%  1934 39672s
 73713 34782 7324.35120  131 4239 8812.00000 7292.09532  17.2%  1935 39880s
 73747 34804 7366.01108  132 4185 8812.00000 7292.09532  17.2%  1936 40111s
 73780 34826 7325.88284  134 4260 8812.00000 7292.09532  17.2%  1936 40331s
 73813 34855 7326.36426  135 4200 8812.00000 7292.09532  17.2%  1937 40492s
 73853 34919 7385.01861  137 3948 8812.00000 7292.09532  17.2%  1938 40629s
 73931 35130 7329.32752  138 4214 8812.00000 7292.09532  17.2%  1938 40790s
 74200 35303 7330.62911  140 4537 8812.00000 7292.09532  17.2%  1939 40953s
 74464 35539 7331.03130  141 4443 8812.00000 7292.09532  17.2%  1940 41095s
 74804 36048 7331.24196  142 4393 8812.00000 7292.09532  17.2%  1940 41259s
 75435 36503 7331.75825  144 4373 8812.00000 7292.09532  17.2%  1936 41455s
 76198 36293 7332.60979  147 4412 8812.00000 7292.09532  17.2%  1935 41617s
 76242 36312 7335.35156  147 4373 8812.00000 7292.09532  17.2%  1937 41736s
 76276 36696 7333.43946  148 4404 8812.00000 7292.09532  17.2%  1938 41885s
 76682 37292 7347.61852  150 4201 8812.00000 7292.09532  17.2%  1937 42054s
 77501 37795 7345.86919  153 4047 8812.00000 7292.09532  17.2%  1936 42267s
 78319 38389 7354.19006  155 4204 8812.00000 7292.09532  17.2%  1940 42474s
 79233 38935 7342.46194  157 4370 8812.00000 7292.09532  17.2%  1941 42666s
 80146 39518 7342.86664  159 4349 8812.00000 7292.09532  17.2%  1940 42909s
 81136 39834 7344.65540  163 4375 8812.00000 7292.09532  17.2%  1938 43147s
 81839 40447 7345.14209  165 4406 8812.00000 7292.09532  17.2%  1944 43372s
 82716 40863 7345.81541  168 4314 8812.00000 7292.09532  17.2%  1949 43643s
 83428 41681 7355.83521  170 4165 8812.00000 7292.09532  17.2%  1955 43880s
 84511 41740 7357.03386  173 3927 8812.00000 7292.09532  17.2%  1957 44063s
 84949 42555 7369.97886  175 3948 8812.00000 7292.09532  17.2%  1958 44329s
 85949 43120 7371.03981  177 4019 8812.00000 7292.09532  17.2%  1961 44597s
 86897 44027 7373.74866  180 4072 8812.00000 7292.09532  17.2%  1966 44888s
 88264 44428 7375.23200  184 3950 8812.00000 7292.09532  17.2%  1967 45166s
 89146 45084 7378.18609  188 4043 8812.00000 7292.09532  17.2%  1973 45472s
 90124 45829 7457.09984  192 3108 8812.00000 7292.09532  17.2%  1980 45766s
 91197 47367 7381.01033  195 3861 8812.00000 7292.09532  17.2%  1984 46196s
 93106 47410 7383.48324  202 3825 8812.00000 7292.09532  17.2%  1987 46433s
 93812 48610 7385.62507  204 4003 8812.00000 7292.09532  17.2%  1988 46763s
 95309 49018 7402.99110  207 4053 8812.00000 7292.09532  17.2%  1990 47063s
 96256 49870 7405.23062  211 3855 8812.00000 7292.09532  17.2%  1995 47421s
 97457 50862 7408.06431  217 3936 8812.00000 7292.09532  17.2%  2006 47779s
 98863 52342 7411.66630  221 4123 8812.00000 7292.09532  17.2%  2012 48190s
 100889 53063 7411.79470  226 3871 8812.00000 7292.09532  17.2%  2011 48521s
 102346 54569 7452.17761  229 3813 8812.00000 7292.09532  17.2%  2011 48934s
 104422 54954 7418.73715  234 3872 8812.00000 7292.09532  17.2%  2010 49316s
 105573 55652 7458.34847  237 3538 8812.00000 7292.09532  17.2%  2018 49760s
 106729 56496 7421.09771  241 3905 8812.00000 7292.09532  17.2%  2037 50180s
 107962 58530 7425.61453  246 3860 8812.00000 7292.09532  17.2%  2051 50664s
 110467 59596 7443.93953  251 3782 8812.00000 7292.09532  17.2%  2052 51150s
 112529 60492 7449.18601  256 3708 8812.00000 7292.09532  17.2%  2056 51734s
 114203 61440 7451.40145  263 3710 8812.00000 7292.09532  17.2%  2072 52249s
 115754 63049 7454.75039  268 3575 8812.00000 7292.09532  17.2%  2081 52863s
 117985 62417 7460.24630  276 3740 8812.00000 7292.09532  17.2%  2093 53300s
 118132 63658 7460.51503  278 3829 8812.00000 7292.09532  17.2%  2096 53935s
 119439 65665 7530.99989  286 3255 8812.00000 7292.09532  17.2%  2117 54650s
 122078 66868 7477.07564  295 3539 8812.00000 7292.09532  17.2%  2131 55400s
 124321 69242 7483.94650  303 3336 8812.00000 7292.09532  17.2%  2152 56300s
 127561 69868 7488.34234  313 3439 8812.00000 7292.09532  17.2%  2172 57139s
 129353 72732 7492.82187  321 3448 8812.00000 7297.40095  17.2%  2190 58043s
 133005 72481 7502.94526  335 3251 8812.00000 7297.40095  17.2%  2204 58689s
 134051 76372 7504.61800  339 3191 8812.00000 7297.40095  17.2%  2206 59702s
 138467 78100 7528.53641  353 3296 8812.00000 7297.40095  17.2%  2208 60637s
 141837 80803 7623.45212  363 3342 8812.00000 7297.40095  17.2%  2212 61574s
 145869 82177 7585.60689  375 3289 8812.00000 7297.40095  17.2%  2218 62388s
 148698 84777 7595.72015  386 3109 8812.00000 7297.40095  17.2%  2232 63279s
 152151 88568 7678.43890  398 2995 8812.00000 7297.40095  17.2%  2240 64208s
 156199 92425 7678.81506  413 3179 8812.00000 7297.40095  17.2%  2251 64968s
 160344 95129 7684.04099  424 3262 8812.00000 7297.40095  17.2%  2249 65660s
 163284 98721 7714.82266  434 3078 8812.00000 7297.40095  17.2%  2252 66387s
 166946 101749 7720.88046  447 3210 8812.00000 7297.40095  17.2%  2252 67041s
 170303 104687 7725.35128  454 3144 8812.00000 7297.40095  17.2%  2251 67759s
 173478 106754 7736.01085  470 3248 8812.00000 7297.40095  17.2%  2255 68484s
 175779 110529 7740.83423  478 3229 8812.00000 7304.61807  17.1%  2249 69232s
 179895 111488 7748.17919  492 3125 8812.00000 7304.61807  17.1%  2245 69797s
 180924 114781 7764.98465  498 3176 8812.00000 7304.61807  17.1%  2247 70602s
 184318 118599 7778.45766  520 3210 8812.00000 7304.61807  17.1%  2252 71721s
 188231 122209 7788.38316  537 3108 8812.00000 7304.61807  17.1%  2254 72475s
 191956 126653 7792.67079  549 2989 8812.00000 7304.61807  17.1%  2250 73255s
 196508 130190 7804.13753  566 2913 8812.00000 7304.61807  17.1%  2242 73953s
 200165 134394 7816.19444  585 3009 8812.00000 7304.61807  17.1%  2237 74652s
 204523 137879 7910.48025  601 2837 8812.00000 7304.61807  17.1%  2224 75272s
 208159 140867 7891.57638  625 3002 8812.00000 7304.61807  17.1%  2218 75877s
 211259 143622 7916.94827  640 2797 8812.00000 7304.61807  17.1%  2215 76569s
 211294 143622 8291.36026  822 2508 8812.00000 7304.61807  17.1%  2216 76570s
 214188 147806 7970.90160  657 2791 8812.00000 7304.61807  17.1%  2212 77521s
 218450 152111 7937.63323  674 2885 8812.00000 7304.61807  17.1%  2210 78213s
 222970 154887 7949.59212  685 3056 8812.00000 7304.61807  17.1%  2199 78815s
 225850 156986 7958.06137  698 3070 8812.00000 7304.61807  17.1%  2198 79427s
 227991 160194 7964.51716  709 2995 8812.00000 7304.61807  17.1%  2199 80097s
 231414 162370 7977.09821  720 3035 8812.00000 7305.33895  17.1%  2195 80796s
 233704 165124 7982.54623  732 2740 8812.00000 7305.33895  17.1%  2201 81537s
 236637 168423 7985.41987  742 2936 8812.00000 7305.33895  17.1%  2206 82243s
 239958 172151 7997.56728  756 2761 8812.00000 7305.33895  17.1%  2206 82939s
 243700 174953 8003.47831  772 2697 8812.00000 7305.33895  17.1%  2204 83709s
 246566 178849 8011.29988  793 2573 8812.00000 7305.33895  17.1%  2205 84591s
 250525 183314 8032.67498  823 2550 8812.00000 7305.33895  17.1%  2201 85453s
 255310 186583 8058.07957  850 2503 8812.00000 7305.33895  17.1%  2197 86184s
 258701 187874 8176.65192  881 2233 8812.00000 7309.07739  17.1%  2200 86400s

Cutting planes:
  Gomory: 121
  Lift-and-project: 2
  Cover: 2137
  Implied bound: 63
  Projected implied bound: 12
  Clique: 137
  MIR: 1488
  Mixing: 1
  StrongCG: 764
  Flow cover: 5871
  GUB cover: 350
  Zero half: 564
  Mod-K: 5
  RLT: 2520
  Relax-and-lift: 240

Explored 260051 nodes (571871660 simplex iterations) in 86400.53 seconds (119235.02 work units)
Thread count was 32 (of 128 available processors)

Solution count 10: 8812 8816 8818 ... 8835

Time limit reached
Best objective 8.812000000000e+03, best bound 7.310000000000e+03, gap 17.0449%
Solved c201_Skewed2 -> /project2/ssuen_1733/output/v3-balance-hours/c201_Skewed2.pkl / .json
[Wed Dec 17 16:04:30 PST 2025] Finished run_single_instance for c201_Skewed2
