==========================================
SLURM_JOB_ID = 5322914
SLURM_JOB_NODELIST = b22-14
TMPDIR = /tmp/SLURM_5322914
==========================================
Using Python:
Python 3.10.18
Checking core dependencies:
numpy: 2.2.6
gurobi: (12, 0, 3)
[Tue Dec 16 16:34:33 PST 2025] Starting run_single_instance on b22-14.hpc.usc.edu for r101_Even
Set parameter TokenServer to value "hpc-licenses.hpcc.usc.edu"
Set parameter TimeLimit to value 86400
Set parameter Seed to value 42
Set parameter OutputFlag to value 1
Gurobi Optimizer version 12.0.3 build v12.0.3rc0 (linux64 - "Rocky Linux 8.10 (Green Obsidian)")

CPU model: AMD EPYC 7542 32-Core Processor, instruction set [SSE2|AVX|AVX2]
Thread count: 64 physical cores, 128 logical processors, using up to 32 threads

Non-default parameters:
TimeLimit  86400
Seed  42

Optimize a model with 703650 rows, 728000 columns and 7279600 nonzeros
Model fingerprint: 0xa26d3ae7
Variable types: 0 continuous, 728000 integer (727500 binary)
Coefficient statistics:
  Matrix range     [1e+00, 1e+03]
  Objective range  [1e+00, 9e+01]
  Bounds range     [1e+00, 5e+01]
  RHS range        [1e+00, 1e+03]
Presolve removed 679500 rows and 699855 columns
Presolve time: 3.45s
Presolved: 24150 rows, 28145 columns, 202350 nonzeros
Variable types: 0 continuous, 28145 integer (28100 binary)
Performing another presolve...
Presolve removed 350 rows and 250 columns
Presolve time: 0.47s
Deterministic concurrent LP optimizer: primal and dual simplex
Showing primal log only...


Root simplex log...

Iteration    Objective       Primal Inf.    Dual Inf.      Time
       0    4.4020000e+03   1.920000e+02   7.973209e+09      6s
Concurrent spin time: 0.13s

Solved with dual simplex

Root simplex log...

Iteration    Objective       Primal Inf.    Dual Inf.      Time
   16256    3.9359888e+03   0.000000e+00   0.000000e+00      9s

Root relaxation: objective 3.935989e+03, 16256 iterations, 2.58 seconds (2.79 work units)
Total elapsed time = 8.52s (DegenMoves)

    Nodes    |    Current Node    |     Objective Bounds      |     Work
 Expl Unexpl |  Obj  Depth IntInf | Incumbent    BestBd   Gap | It/Node Time

     0     0 3935.98884    0  883          - 3935.98884      -     -    8s
H    0     0                    17584.000000 3935.98884  77.6%     -   10s
     0     0 3964.24934    0  940 17584.0000 3964.24934  77.5%     -   11s
H    0     0                    16710.000000 3964.44934  76.3%     -   11s
H    0     0                    16352.000000 3964.44934  75.8%     -   11s
H    0     0                    15931.000000 3964.44934  75.1%     -   11s
H    0     0                    15687.000000 3964.44934  74.7%     -   11s
H    0     0                    14494.000000 3964.44934  72.6%     -   11s
H    0     0                    14346.000000 3964.44934  72.4%     -   11s
H    0     0                    14342.000000 3964.44934  72.4%     -   11s
H    0     0                    14313.000000 3964.44934  72.3%     -   11s
H    0     0                    14283.000000 3964.44934  72.2%     -   11s
H    0     0                    14196.000000 3964.44934  72.1%     -   11s
H    0     0                    14097.000000 3964.44934  71.9%     -   11s
H    0     0                    14078.000000 3964.44934  71.8%     -   11s
H    0     0                    14030.000000 3964.44934  71.7%     -   11s
H    0     0                    13994.000000 3964.44934  71.7%     -   11s
     0     0 3964.97431    0  972 13994.0000 3964.97431  71.7%     -   12s
     0     0 3965.04007    0  975 13994.0000 3965.04007  71.7%     -   12s
     0     0 3965.04007    0  977 13994.0000 3965.04007  71.7%     -   12s
     0     0 3984.09816    0 1032 13994.0000 3984.09816  71.5%     -   14s
H    0     0                    13880.000000 3984.12364  71.3%     -   15s
H    0     0                    13808.000000 3984.12364  71.1%     -   15s
H    0     0                    13532.000000 3984.12364  70.6%     -   15s
H    0     0                    13473.000000 3984.12364  70.4%     -   15s
H    0     0                    13360.000000 3984.12364  70.2%     -   15s
H    0     0                    13352.000000 3984.12364  70.2%     -   15s
H    0     0                    13310.000000 3984.12364  70.1%     -   15s
H    0     0                    13263.000000 3984.12364  70.0%     -   15s
H    0     0                    13237.000000 3984.12364  69.9%     -   15s
H    0     0                    13107.000000 3984.12364  69.6%     -   15s
H    0     0                    13090.000000 3984.12364  69.6%     -   15s
H    0     0                    11241.000000 3984.12364  64.6%     -   15s
H    0     0                    11237.000000 3984.12364  64.5%     -   15s
H    0     0                    11218.000000 3984.12364  64.5%     -   15s
H    0     0                    11193.000000 3984.12364  64.4%     -   15s
H    0     0                    11178.000000 3984.12364  64.4%     -   15s
H    0     0                    11162.000000 3984.12364  64.3%     -   15s
     0     0 3990.86710    0 1047 11162.0000 3990.86710  64.2%     -   16s
     0     0 3991.29751    0 1056 11162.0000 3991.29751  64.2%     -   16s
     0     0 3991.30902    0 1081 11162.0000 3991.30902  64.2%     -   16s
     0     0 3991.30902    0 1081 11162.0000 3991.30902  64.2%     -   16s
     0     0 4057.85043    0 1259 11162.0000 4057.85043  63.6%     -   21s
H    0     0                    10959.000000 4058.43040  63.0%     -   21s
H    0     0                    10941.000000 4058.43040  62.9%     -   21s
H    0     0                    10750.000000 4058.43040  62.2%     -   21s
H    0     0                    10680.000000 4058.43040  62.0%     -   22s
H    0     0                    10646.000000 4058.43040  61.9%     -   22s
     0     0 4058.43040    0 1245 10646.0000 4058.43040  61.9%     -   22s
     0     0 4058.43040    0 1216 10646.0000 4058.43040  61.9%     -   22s
     0     0 4090.89379    0 1188 10646.0000 4090.89379  61.6%     -   27s
H    0     0                    10589.000000 4090.91810  61.4%     -   28s
H    0     0                    10539.000000 4090.91810  61.2%     -   28s
H    0     0                    10392.000000 4090.91810  60.6%     -   28s
H    0     0                    10362.000000 4090.91810  60.5%     -   28s
     0     0 4093.24423    0 1355 10362.0000 4093.24423  60.5%     -   29s
     0     0 4093.95027    0 1319 10362.0000 4093.95027  60.5%     -   30s
     0     0 4093.97628    0 1386 10362.0000 4093.97628  60.5%     -   30s
     0     0 4137.27428    0 1205 10362.0000 4137.27428  60.1%     -   34s
H    0     0                    10312.000000 4137.37042  59.9%     -   35s
H    0     0                    10154.000000 4137.37042  59.3%     -   35s
H    0     0                    10130.000000 4137.37042  59.2%     -   35s
H    0     0                    10120.000000 4137.37042  59.1%     -   35s
H    0     0                    10082.000000 4137.37042  59.0%     -   35s
     0     0 4145.91521    0 1310 10082.0000 4145.91521  58.9%     -   37s
     0     0 4146.16363    0 1362 10082.0000 4146.16363  58.9%     -   38s
     0     0 4146.20041    0 1360 10082.0000 4146.20041  58.9%     -   38s
     0     0 4182.64455    0 1354 10082.0000 4182.64455  58.5%     -   42s
H    0     0                    10020.000000 4183.45159  58.2%     -   42s
H    0     0                    10012.000000 4183.45159  58.2%     -   42s
H    0     0                    9995.0000000 4183.45159  58.1%     -   42s
H    0     0                    9664.0000000 4183.45159  56.7%     -   42s
H    0     0                    9655.0000000 4183.45159  56.7%     -   42s
H    0     0                    9613.0000000 4183.45159  56.5%     -   42s
     0     0 4185.04755    0 1412 9613.00000 4185.04755  56.5%     -   44s
     0     0 4185.87816    0 1419 9613.00000 4185.87816  56.5%     -   45s
     0     0 4186.12473    0 1365 9613.00000 4186.12473  56.5%     -   46s
     0     0 4186.13850    0 1450 9613.00000 4186.13850  56.5%     -   46s
     0     0 4225.12431    0 1417 9613.00000 4225.12431  56.0%     -   50s
H    0     0                    9607.0000000 4225.12707  56.0%     -   50s
H    0     0                    9512.0000000 4225.12707  55.6%     -   50s
H    0     0                    9452.0000000 4225.12707  55.3%     -   50s
H    0     0                    9447.0000000 4225.12707  55.3%     -   50s
H    0     0                    9400.0000000 4225.12707  55.1%     -   50s
H    0     0                    9398.0000000 4225.12707  55.0%     -   50s
H    0     0                    9378.0000000 4225.12707  54.9%     -   50s
     0     0 4227.49809    0 1396 9378.00000 4227.49809  54.9%     -   51s
     0     0 4228.15246    0 1402 9378.00000 4228.15246  54.9%     -   52s
     0     0 4228.18070    0 1454 9378.00000 4228.18070  54.9%     -   52s
     0     0 4253.56051    0 1447 9378.00000 4253.56051  54.6%     -   56s
H    0     0                    9290.0000000 4253.56670  54.2%     -   57s
H    0     0                    8961.0000000 4253.56670  52.5%     -   57s
H    0     0                    8916.0000000 4253.56670  52.3%     -   57s
H    0     0                    8902.0000000 4253.56670  52.2%     -   57s
H    0     0                    8880.0000000 4253.56670  52.1%     -   57s
H    0     0                    8874.0000000 4253.56670  52.1%     -   57s
H    0     0                    8838.0000000 4253.56670  51.9%     -   57s
H    0     0                    8837.0000000 4253.56670  51.9%     -   57s
H    0     0                    8812.0000000 4253.56670  51.7%     -   57s
H    0     0                    8800.0000000 4253.56670  51.7%     -   57s
H    0     0                    8764.0000000 4253.56670  51.5%     -   57s
H    0     0                    8741.0000000 4253.56670  51.3%     -   57s
H    0     0                    8739.0000000 4253.56670  51.3%     -   57s
H    0     0                    8738.0000000 4253.56670  51.3%     -   57s
     0     0 4257.82340    0 1513 8738.00000 4257.82340  51.3%     -   59s
     0     0 4258.61129    0 1557 8738.00000 4258.61129  51.3%     -   60s
     0     0 4258.74951    0 1617 8738.00000 4258.74951  51.3%     -   60s
     0     0 4258.78984    0 1628 8738.00000 4258.78984  51.3%     -   61s
     0     0 4292.88535    0 1514 8738.00000 4292.88535  50.9%     -   65s
H    0     0                    8702.0000000 4292.88799  50.7%     -   65s
H    0     0                    8692.0000000 4292.88799  50.6%     -   65s
     0     0 4294.29265    0 1622 8692.00000 4294.29265  50.6%     -   66s
     0     0 4294.60278    0 1650 8692.00000 4294.60278  50.6%     -   67s
     0     0 4294.69427    0 1672 8692.00000 4294.69427  50.6%     -   67s
     0     0 4294.73405    0 1653 8692.00000 4294.73405  50.6%     -   67s
     0     0 4334.88199    0 1518 8692.00000 4334.88199  50.1%     -   73s
H    0     0                    8669.0000000 4335.00474  50.0%     -   73s
H    0     0                    8640.0000000 4335.00474  49.8%     -   73s
H    0     0                    8455.0000000 4335.00474  48.7%     -   73s
H    0     0                    8450.0000000 4335.00474  48.7%     -   73s
H    0     0                    8448.0000000 4335.00474  48.7%     -   73s
H    0     0                    8447.0000000 4335.00474  48.7%     -   73s
H    0     0                    8444.0000000 4335.00474  48.7%     -   73s
     0     0 4340.53659    0 1589 8444.00000 4340.53659  48.6%     -   75s
     0     0 4341.94902    0 1640 8444.00000 4341.94902  48.6%     -   77s
     0     0 4342.13490    0 1612 8444.00000 4342.13490  48.6%     -   77s
     0     0 4342.18956    0 1579 8444.00000 4342.18956  48.6%     -   77s
     0     0 4388.32063    0 1593 8444.00000 4388.32063  48.0%     -   82s
H    0     0                    8381.0000000 4388.32316  47.6%     -   83s
H    0     0                    8333.0000000 4388.32316  47.3%     -   83s
H    0     0                    8289.0000000 4388.32316  47.1%     -   83s
H    0     0                    8269.0000000 4388.32316  46.9%     -   83s
H    0     0                    8246.0000000 4388.32316  46.8%     -   83s
     0     0 4391.71577    0 1709 8246.00000 4391.71577  46.7%     -   85s
     0     0 4392.11437    0 1796 8246.00000 4392.11437  46.7%     -   86s
     0     0 4392.24881    0 1699 8246.00000 4392.24881  46.7%     -   87s
     0     0 4392.26304    0 1814 8246.00000 4392.26304  46.7%     -   87s
     0     0 4410.71597    0 1564 8246.00000 4410.71597  46.5%     -   91s
H    0     0                    8241.0000000 4410.72007  46.5%     -   91s
H    0     0                    8231.0000000 4410.72007  46.4%     -   91s
H    0     0                    8022.0000000 4410.72007  45.0%     -   91s
H    0     0                    8009.0000000 4410.72007  44.9%     -   91s
H    0     0                    7998.0000000 4410.72007  44.9%     -   91s
H    0     0                    7994.0000000 4410.72007  44.8%     -   91s
H    0     0                    7993.0000000 4410.72007  44.8%     -   91s
H    0     0                    7992.0000000 4410.72007  44.8%     -   91s
     0     0 4412.34948    0 1599 7992.00000 4412.34948  44.8%     -   93s
     0     0 4412.86569    0 1661 7992.00000 4412.86569  44.8%     -   94s
     0     0 4412.91293    0 1595 7992.00000 4412.91293  44.8%     -   94s
H    0     0                    7717.0000000 4427.50568  42.6%     -   98s
H    0     0                    7695.0000000 4427.50568  42.5%     -   98s
H    0     0                    7694.0000000 4427.50568  42.5%     -   98s
H    0     0                    7686.0000000 4427.50568  42.4%     -   98s
H    0     0                    7684.0000000 4427.50568  42.4%     -   98s
H    0     0                    7631.0000000 4427.50568  42.0%     -   98s
H    0     0                    7596.0000000 4427.50568  41.7%     -   98s
H    0     0                    7567.0000000 4427.50568  41.5%     -   98s
H    0     0                    7534.0000000 4427.50568  41.2%     -   98s
H    0     0                    7528.0000000 4427.50568  41.2%     -   98s
H    0     0                    7464.0000000 4427.50568  40.7%     -   98s
H    0     0                    7452.0000000 4427.50568  40.6%     -   98s
     0     0 4427.50568    0 1728 7452.00000 4427.50568  40.6%     -   98s
H    0     0                    7430.0000000 4427.50588  40.4%     -   98s
H    0     0                    7360.0000000 4427.50588  39.8%     -   98s
H    0     0                    7324.0000000 4427.50588  39.5%     -   98s
H    0     0                    7315.0000000 4427.50588  39.5%     -   98s
H    0     0                    7309.0000000 4427.50588  39.4%     -   98s
H    0     0                    7308.0000000 4427.50588  39.4%     -   98s
H    0     0                    7299.0000000 4427.50588  39.3%     -   98s
     0     0 4429.34507    0 1956 7299.00000 4429.34507  39.3%     -  100s
     0     0 4429.85687    0 1896 7299.00000 4429.85687  39.3%     -  101s
     0     0 4429.99105    0 1935 7299.00000 4429.99105  39.3%     -  102s
     0     0 4437.47103    0 1861 7299.00000 4437.47103  39.2%     -  105s
H    0     0                    7170.0000000 4437.91115  38.1%     -  106s
H    0     0                    7168.0000000 4437.91115  38.1%     -  107s
H    0     0                    7163.0000000 4437.91115  38.0%     -  107s
H    0     0                    7159.0000000 4437.91115  38.0%     -  108s
H    0     0                    7131.0000000 4437.91115  37.8%     -  109s
H    0     0                    7002.0000000 4437.91115  36.6%     -  110s
H    0     0                    6976.0000000 4437.91115  36.4%     -  110s
H    0     0                    6956.0000000 4437.91115  36.2%     -  112s
H    0     0                    6951.0000000 4437.91115  36.2%     -  112s
H    0     0                    6928.0000000 4437.91115  35.9%     -  112s
H    0     0                    6912.0000000 4437.91115  35.8%     -  113s
H    0     0                    6903.0000000 4437.91115  35.7%     -  113s
H    0     0                    6902.0000000 4437.91115  35.7%     -  113s
H    0     0                    6882.0000000 4437.91115  35.5%     -  113s
H    0     0                    6857.0000000 4437.91115  35.3%     -  113s
H    0     0                    6856.0000000 4437.91115  35.3%     -  114s
H    0     0                    6854.0000000 4437.91115  35.3%     -  114s
H    0     0                    6853.0000000 4438.17591  35.2%     -  116s
H    0     0                    6792.0000000 4438.17591  34.7%     -  116s
H    0     0                    6778.0000000 4438.17591  34.5%     -  116s
H    0     0                    6772.0000000 4438.17591  34.5%     -  116s
     0     0 4438.17591    0 1827 6772.00000 4438.17591  34.5%     -  116s
     0     0 4438.31010    0 1908 6772.00000 4438.31010  34.5%     -  116s
H    0     0                    6770.0000000 4442.79623  34.4%     -  119s
     0     0 4442.79623    0 1747 6770.00000 4442.79623  34.4%     -  119s
H    0     0                    6759.0000000 4442.79868  34.3%     -  119s
H    0     0                    6756.0000000 4442.79868  34.2%     -  119s
H    0     0                    6752.0000000 4442.79868  34.2%     -  119s
H    0     0                    6748.0000000 4442.79868  34.2%     -  119s
H    0     0                    6719.0000000 4443.49655  33.9%     -  120s
H    0     0                    6703.0000000 4443.49655  33.7%     -  120s
H    0     0                    6697.0000000 4443.49655  33.6%     -  120s
     0     0 4443.49655    0 1794 6697.00000 4443.49655  33.6%     -  120s
     0     0 4443.72800    0 1839 6697.00000 4443.72800  33.6%     -  121s
     0     0 4443.82627    0 1814 6697.00000 4443.82627  33.6%     -  121s
H    0     0                    6661.0000000 4447.96009  33.2%     -  124s
H    0     0                    6643.0000000 4447.96009  33.0%     -  124s
H    0     0                    6637.0000000 4447.96009  33.0%     -  124s
H    0     0                    6633.0000000 4447.96009  32.9%     -  124s
H    0     0                    6627.0000000 4447.96009  32.9%     -  124s
H    0     0                    6623.0000000 4447.96009  32.8%     -  124s
     0     0 4447.96009    0 1789 6623.00000 4447.96009  32.8%     -  124s
     0     0 4448.64080    0 1868 6623.00000 4448.64080  32.8%     -  126s
H    0     0                    6618.0000000 4448.76317  32.8%     -  126s
H    0     0                    6610.0000000 4448.76317  32.7%     -  126s
     0     0 4448.76317    0 1860 6610.00000 4448.76317  32.7%     -  126s
H    0     0                    6599.0000000 4453.39020  32.5%     -  129s
H    0     0                    6596.0000000 4453.39020  32.5%     -  129s
H    0     0                    6574.0000000 4453.39020  32.3%     -  129s
     0     0 4453.39020    0 1868 6574.00000 4453.39020  32.3%     -  129s
H    0     0                    6573.0000000 4453.39256  32.2%     -  129s
     0     0 4454.42011    0 1908 6573.00000 4454.42011  32.2%     -  131s
     0     0 4454.56413    0 1879 6573.00000 4454.56413  32.2%     -  131s
     0     0 4460.61697    0 1843 6573.00000 4460.61697  32.1%     -  135s
     0     0 4461.63304    0 1857 6573.00000 4461.63304  32.1%     -  136s
     0     0 4461.76585    0 1828 6573.00000 4461.76585  32.1%     -  137s
H    0     0                    6546.0000000 4469.83243  31.7%     -  140s
H    0     0                    6537.0000000 4469.83243  31.6%     -  140s
     0     0 4469.83243    0 1724 6537.00000 4469.83243  31.6%     -  140s
H    0     0                    6532.0000000 4469.96868  31.6%     -  140s
H    0     0                    6527.0000000 4469.96868  31.5%     -  140s
H    0     0                    6518.0000000 4469.96868  31.4%     -  140s
     0     0 4471.92863    0 1760 6518.00000 4471.92863  31.4%     -  142s
     0     0 4472.13491    0 1770 6518.00000 4472.13491  31.4%     -  143s
     0     0 4472.16770    0 1761 6518.00000 4472.16770  31.4%     -  143s
     0     0 4483.68361    0 1767 6518.00000 4483.68361  31.2%     -  146s
     0     0 4485.49451    0 1861 6518.00000 4485.49451  31.2%     -  148s
H    0     0                    6515.0000000 4485.76494  31.1%     -  149s
     0     0 4485.76494    0 1834 6515.00000 4485.76494  31.1%     -  149s
     0     0 4485.81946    0 1921 6515.00000 4485.81946  31.1%     -  150s
H    0     0                    6514.0000000 4490.34555  31.1%     -  152s
H    0     0                    6505.0000000 4490.34555  31.0%     -  152s
H    0     0                    6503.0000000 4490.34555  30.9%     -  152s
H    0     0                    6479.0000000 4490.34555  30.7%     -  152s
H    0     0                    6475.0000000 4490.34555  30.7%     -  152s
     0     0 4490.34555    0 1779 6475.00000 4490.34555  30.7%     -  152s
H    0     0                    6470.0000000 4491.04877  30.6%     -  154s
H    0     0                    6468.0000000 4491.04877  30.6%     -  154s
     0     0 4491.04877    0 1823 6468.00000 4491.04877  30.6%     -  154s
H    0     0                    6467.0000000 4491.35918  30.5%     -  155s
H    0     0                    6465.0000000 4491.35918  30.5%     -  155s
     0     0 4491.35918    0 1791 6465.00000 4491.35918  30.5%     -  155s
     0     0 4491.37091    0 1805 6465.00000 4491.37091  30.5%     -  155s
H    0     0                    6458.0000000 4513.20299  30.1%     -  160s
H    0     0                    6455.0000000 4513.20299  30.1%     -  160s
H    0     0                    6449.0000000 4513.20299  30.0%     -  160s
H    0     0                    6448.0000000 4513.20299  30.0%     -  160s
H    0     0                    6437.0000000 4513.20299  29.9%     -  160s
     0     0 4513.20299    0 1638 6437.00000 4513.20299  29.9%     -  160s
     0     0 4514.56448    0 1715 6437.00000 4514.56448  29.9%     -  162s
     0     0 4514.85658    0 1830 6437.00000 4514.85658  29.9%     -  163s
     0     0 4514.87221    0 1861 6437.00000 4514.87221  29.9%     -  163s
     0     0 4526.02809    0 1718 6437.00000 4526.02809  29.7%     -  166s
H    0     0                    6432.0000000 4526.13397  29.6%     -  166s
H    0     0                    6426.0000000 4526.13397  29.6%     -  166s
H    0     0                    6421.0000000 4526.13397  29.5%     -  166s
     0     0 4526.72436    0 1629 6421.00000 4526.72436  29.5%     -  167s
     0     0 4526.77069    0 1642 6421.00000 4526.77069  29.5%     -  167s
     0     0 4530.52479    0 1744 6421.00000 4530.52479  29.4%     -  170s
     0     0 4531.32301    0 1732 6421.00000 4531.32301  29.4%     -  171s
     0     0 4531.46712    0 1756 6421.00000 4531.46712  29.4%     -  172s
H    0     0                    6419.0000000 4536.75353  29.3%     -  175s
     0     0 4536.75353    0 1779 6419.00000 4536.75353  29.3%     -  175s
H    0     0                    6414.0000000 4536.76021  29.3%     -  175s
     0     0 4537.54865    0 1718 6414.00000 4537.54865  29.3%     -  176s
     0     0 4537.79881    0 1766 6414.00000 4537.79881  29.3%     -  177s
     0     0 4537.84695    0 1779 6414.00000 4537.84695  29.3%     -  177s
     0     0 4541.14582    0 1798 6414.00000 4541.14582  29.2%     -  179s
     0     0 4541.80345    0 1871 6414.00000 4541.80345  29.2%     -  181s
     0     0 4541.82578    0 1844 6414.00000 4541.82578  29.2%     -  181s
     0     0 4544.20769    0 1766 6414.00000 4544.20769  29.2%     -  183s
     0     0 4545.50878    0 1750 6414.00000 4545.50878  29.1%     -  185s
     0     0 4545.52958    0 1718 6414.00000 4545.52958  29.1%     -  185s
     0     0 4549.21736    0 1695 6414.00000 4549.21736  29.1%     -  186s
     0     0 4549.62619    0 1778 6414.00000 4549.62619  29.1%     -  187s
     0     0 4549.68929    0 1844 6414.00000 4549.68929  29.1%     -  188s
H    0     0                    6399.0000000 4552.21577  28.9%     -  190s
H    0     0                    6394.0000000 4552.21577  28.8%     -  190s
H    0     0                    6390.0000000 4552.21577  28.8%     -  190s
H    0     0                    6389.0000000 4552.21577  28.7%     -  190s
     0     0 4552.21577    0 1888 6389.00000 4552.21577  28.7%     -  190s
H    0     0                    6386.0000000 4552.49080  28.7%     -  190s
     0     0 4552.49080    0 1859 6386.00000 4552.49080  28.7%     -  190s
     0     0 4552.49080    0 1852 6386.00000 4552.49080  28.7%     -  191s
H    0     0                    6385.0000000 4552.72307  28.7%     -  192s
H    0     0                    6380.0000000 4552.72307  28.6%     -  192s
H    0     0                    6378.0000000 4552.72307  28.6%     -  192s
     0     0 4552.72307    0 1840 6378.00000 4552.72307  28.6%     -  192s
     0     0 4552.72491    0 1785 6378.00000 4552.72491  28.6%     -  192s
H    0     0                    6375.0000000 4552.72491  28.6%     -  195s
     0     2 4552.72592    0 1783 6375.00000 4552.72592  28.6%     -  197s
     1     4 4554.72315    1 1682 6375.00000 4554.72315  28.6%  1402  205s
     3     8 4556.05595    2 1745 6375.00000 4554.78079  28.6%  4042  215s
     7    16 4557.48413    3 1826 6375.00000 4557.48413  28.5%  4006  221s
    15    32 4557.53657    4 1796 6375.00000 4557.53657  28.5%  3542  229s
    31    51 4575.62799    5 1715 6375.00000 4557.93349  28.5%  4072  247s
H   50    83                    6356.0000000 4557.93349  28.3%  5207  261s
H   52    83                    6352.0000000 4557.93349  28.2%  5292  261s
H   59    83                    6345.0000000 4557.93349  28.2%  5057  261s
H   65    83                    6339.0000000 4557.93349  28.1%  4965  261s
    82   202 4588.00173    7 1767 6339.00000 4557.93349  28.1%  4441  276s
   201   245 4588.79052   11 1850 6339.00000 4557.93349  28.1%  2778  289s
H  202   245                    6332.0000000 4557.93349  28.0%  2764  289s
H  209   245                    6328.0000000 4557.93349  28.0%  2693  289s
H  237   245                    6319.0000000 4557.93349  27.9%  2541  289s
   244   346 4589.13467   12 1689 6319.00000 4557.93349  27.9%  2502  302s
   347   378 4589.15434   13 1695 6319.00000 4557.93349  27.9%  2128  312s
H  348   378                    6317.0000000 4557.93349  27.8%  2122  312s
H  350   378                    6310.0000000 4557.93349  27.8%  2117  312s
   379   417 4589.73751   14 1656 6310.00000 4557.93349  27.8%  2079  325s
   418   451 4590.68072   15 1752 6310.00000 4557.93349  27.8%  2004  335s
H  431   451                    6303.0000000 4557.93349  27.7%  1991  335s
   454   539 4593.69140   17 1724 6303.00000 4557.93349  27.7%  1973  347s
   542   571 4593.69140   18 1724 6303.00000 4557.93349  27.7%  1874  353s
H  555   571                    6289.0000000 4557.93349  27.5%  1864  353s
   574   653 4617.63180   16 1691 6289.00000 4557.93349  27.5%  1849  362s
   656   685 4714.78654   18 1716 6289.00000 4557.93349  27.5%  1797  369s
   688   737 4593.93560   19 1762 6289.00000 4557.93349  27.5%  1773  377s
H  695   737                    6277.0000000 4557.93349  27.4%  1773  377s
   742   822 4594.41865   20 1700 6277.00000 4557.93349  27.4%  1723  387s
   827   888 4596.39724   22 1774 6277.00000 4557.93349  27.4%  1674  394s
H  839   888                    6264.0000000 4557.93349  27.2%  1660  394s
   899   922 4609.20852   20 1598 6264.00000 4557.93349  27.2%  1613  400s
   933   972 4597.21791   23 1829 6264.00000 4557.93349  27.2%  1601  406s
   983  1003 4598.74336   24 1791 6264.00000 4557.93349  27.2%  1574  414s
  1016  1036 4622.10272   23 1609 6264.00000 4557.93349  27.2%  1560  420s
H 1039  1036                    6262.0000000 4557.93349  27.2%  1554  420s
  1049  1114 4620.06201   22 1780 6262.00000 4557.93349  27.2%  1556  431s
H 1060  1114                    6260.0000000 4557.93349  27.2%  1547  431s
  1127  1146 4599.95532   24 1744 6260.00000 4557.93349  27.2%  1534  437s
  1159  1178 4598.84728   25 1855 6260.00000 4557.93349  27.2%  1520  444s
H 1164  1178                    6257.0000000 4557.93349  27.2%  1522  444s
H 1187  1178                    6255.0000000 4557.93349  27.1%  1523  444s
  1191  1278 4602.39240   25 1710 6255.00000 4557.93349  27.1%  1522  454s
  1291  1310 4602.40557   26 1762 6255.00000 4557.93349  27.1%  1503  459s
H 1292  1310                    6252.0000000 4557.93349  27.1%  1502  459s
H 1295  1310                    6251.0000000 4557.93349  27.1%  1500  459s
H 1296  1310                    6250.0000000 4557.93349  27.1%  1500  459s
  1323  1438 4599.64414   27 1864 6250.00000 4557.93349  27.1%  1487  467s
  1451  1470 4603.21718   27 1837 6250.00000 4557.93349  27.1%  1446  473s
H 1452  1470                    6248.0000000 4557.93349  27.0%  1445  473s
H 1470  1470                    6247.0000000 4557.93349  27.0%  1439  473s
  1483  1613 4600.07047   28 1861 6247.00000 4557.93349  27.0%  1436  487s
  1626  1645 4600.30539   31 1783 6247.00000 4557.93349  27.0%  1395  492s
H 1632  1645                    6245.0000000 4557.93349  27.0%  1393  492s
H 1638  1645                    6241.0000000 4557.93349  27.0%  1391  492s
  1658  1779 4600.30539   32 1784 6241.00000 4557.93349  27.0%  1385  505s
  1794  1944 4619.68378   37 1663 6241.00000 4557.93349  27.0%  1372  519s
  1961  2115 4618.94232   38 1690 6241.00000 4557.93349  27.0%  1327  528s
  2134  2147 4604.54614   41 1842 6241.00000 4557.93349  27.0%  1288  536s
  2166  2183 4638.56490   39 1660 6241.00000 4557.93349  27.0%  1291  545s
  2204  2225 4650.18232   41 1681 6241.00000 4557.93349  27.0%  1289  552s
  2246  2263 4605.43680   42 1784 6241.00000 4557.93349  27.0%  1285  561s
H 2247  2263                    6225.0000000 4557.93349  26.8%  1284  561s
  2284  2449 4606.12305   43 1815 6225.00000 4557.93349  26.8%  1281  574s
  2470  2527 4606.83985   44 1712 6225.00000 4557.93349  26.8%  1260  584s
H 2477  2527                    6222.0000000 4557.93349  26.7%  1259  584s
  2548  2750 4607.78600   45 1769 6222.00000 4557.93349  26.7%  1247  599s
  2775  3002 4611.14298   50 1807 6222.00000 4557.93349  26.7%  1216  612s
  3029  3271 4615.29761   57 1760 6222.00000 4557.93349  26.7%  1178  629s
  3298  3581 4620.68918   61 1682 6222.00000 4557.93349  26.7%  1143  643s
  3608  3652 4665.31333   64 1414 6222.00000 4557.93349  26.7%  1107  653s
H 3647  3652                    6220.0000000 4557.93349  26.7%  1102  653s
  3679  3713 4668.66260   65 1377 6220.00000 4557.93349  26.7%  1101  665s
H 3731  3713                    6218.0000000 4557.93349  26.7%  1096  665s
  3740  4072 4627.42529   67 1597 6218.00000 4557.93349  26.7%  1095  678s
  4099  4466 4629.62584   74 1618 6218.00000 4557.93349  26.7%  1055  695s
  4495  4770 4658.42222   76 1562 6218.00000 4557.93349  26.7%  1017  711s
H 4498  4770                    6216.0000000 4557.93349  26.7%  1017  711s
  4809  5153 4765.53030   75 1697 6216.00000 4557.93349  26.7%  1003  727s
  5201  5588 4634.68552   79 1638 6216.00000 4557.93349  26.7%   978  742s
H 5658  5620                    6210.0000000 4557.93349  26.6%   945  752s
  5690  5993 4640.07537   89 1591 6210.00000 4557.93349  26.6%   945  772s
  6081  6441 4642.56574   97 1703 6210.00000 4557.93349  26.6%   928  790s
  6535  6926 4852.30474  107 1669 6210.00000 4557.93349  26.6%   908  806s
  7029  6958 4666.48260  104 1568 6210.00000 4557.93349  26.6%   886  820s
H 7040  6958                    6205.0000000 4557.93349  26.5%   886  820s
  7061  6989 4654.47804  107 1658 6205.00000 4557.93349  26.5%   886  832s
  7094  7096 4654.73786  108 1635 6205.00000 4557.93349  26.5%   887  849s
  7201  7560 4656.75224  113 1646 6205.00000 4557.93349  26.5%   893  866s
  7675  8161 4657.20741  114 1637 6205.00000 4557.93349  26.5%   873  886s
  8303  8653 4658.25092  115 1653 6205.00000 4557.93349  26.5%   848  910s
  8871  9178 4661.49607  120 1638 6205.00000 4557.93349  26.5%   833  931s
  9477  9748 4662.12608  122 1625 6205.00000 4557.93349  26.5%   817  954s
 10100 10318 4667.71043  132 1562 6205.00000 4557.93349  26.5%   801  978s
 10685 10925 4673.61398  139 1511 6205.00000 4557.93349  26.5%   791 1002s
 11335 11571 4678.60767  150 1572 6205.00000 4557.93349  26.5%   778 1025s
 11981 11945 4732.46193  159 1622 6205.00000 4557.93349  26.5%   768 1053s
H11984 11945                    6203.0000000 4557.93349  26.5%   768 1053s
H12018 11944                    6202.0000000 4557.93349  26.5%   767 1053s
 12356 12569 4702.20619  160 1478 6202.00000 4557.93349  26.5%   761 1076s
 12981 13489 4692.24711  169 1527 6202.00000 4557.93349  26.5%   752 1104s
 13903 14049 4693.94820  176 1625 6202.00000 4557.93349  26.5%   733 1130s
 14470 14050 4859.21022  105 12542 6202.00000 4557.93349  26.5%   721 1180s
 14472 14051 5106.33446  228  985 6202.00000 4557.93349  26.5%   721 1189s
 14473 14052 5613.37801  397 1089 6202.00000 4557.93349  26.5%   721 1191s
 14475 14053 5014.52021   91 1287 6202.00000 4557.93349  26.5%   721 1199s
 14476 14054 4798.76805   21 1424 6202.00000 4557.93349  26.5%   721 1202s
 14477 14055 5858.86356   83 1530 6202.00000 4557.93349  26.5%   721 1209s
 14478 14055 6083.76596  297 1587 6202.00000 4557.93349  26.5%   721 1214s
 14479 14056 5218.91728  298 1744 6202.00000 4557.93349  26.5%   721 1220s
 14480 14057 5161.79173  170 1712 6202.00000 4557.93349  26.5%   721 1225s
 14482 14058 6103.39698  303 1924 6202.00000 4559.75910  26.5%   720 1233s
 14483 14059 4714.73542  239 2048 6202.00000 4561.91656  26.4%   720 1236s
 14486 14061 5590.09014  182 1983 6202.00000 4564.80529  26.4%   720 1240s
 14490 14063 4677.94308  149 1865 6202.00000 4607.11844  25.7%   720 1253s
 14491 14064 4911.03230  144 1974 6202.00000 4616.61278  25.6%   720 1258s
 14492 14065 5128.41344   91 1952 6202.00000 4620.33293  25.5%   720 1262s
 14493 14065 4713.10415  104 1969 6202.00000 4621.85615  25.5%   720 1265s
 14498 14069 5173.66085  320 1968 6202.00000 4622.38072  25.5%   720 1270s
 14499 14069 4788.21744  164 2035 6202.00000 4657.90915  24.9%   720 1278s
 14500 14070 4964.11168   51 2098 6202.00000 4661.62105  24.8%   720 1283s
 14501 14071 5373.88972  160 2067 6202.00000 4663.71969  24.8%   719 1286s
 14504 14073 5840.24141  232 2238 6202.00000 4664.64533  24.8%   719 1290s
 14509 14076 5827.12252   85 2019 6202.00000 4694.61666  24.3%   719 1302s
 14510 14077 5677.08981  222 1998 6202.00000 4698.89573  24.2%   719 1306s
 14513 14079 5474.26019  374 2011 6202.00000 4700.70894  24.2%   719 1310s
 14519 14083 4896.71073  216 1942 6202.00000 4718.72059  23.9%   719 1321s
 14520 14083 4848.45146  104 2106 6202.00000 4721.45612  23.9%   719 1326s
 14522 14085 4983.55269   65 2141 6202.00000 4723.05004  23.8%   718 1330s
 14528 14089 5651.18093  420 2249 6202.00000 4740.13759  23.6%   718 1348s
 14529 14089 4945.25118   76 2092 6202.00000 4744.55497  23.5%   718 1354s
 14530 14090 5869.12183  264 2138 6202.00000 4746.57158  23.5%   718 1358s
 14531 14091 5692.06731  158 2152 6202.00000 4747.37869  23.5%   718 1361s
 14538 14095 4803.32776  135 2044 6202.00000 4747.75944  23.4%   718 1365s
 14540 14097 4874.03498   51 2252 6202.00000 4766.32338  23.1%   718 1376s
 14541 14097 5162.26824  158 2221 6202.00000 4773.41519  23.0%   717 1383s
 14542 14098 4814.16656   40 2172 6202.00000 4775.18921  23.0%   717 1386s
 14544 14099 5676.18279  220 2340 6202.00000 4776.01670  23.0%   717 1390s
 14548 14102 5425.24590  169 2329 6202.00000 4791.78421  22.7%   717 1403s
 14549 14103 5714.52776  463 2432 6202.00000 4795.26833  22.7%   717 1409s
 14550 14103 4888.68131  131 2440 6202.00000 4796.88224  22.7%   717 1413s
 14551 14104 4797.62777   93 2598 6202.00000 4797.62777  22.6%   717 1416s
 14558 14109 5161.96272  263 2569 6202.00000 4797.91067  22.6%   717 1422s
 14559 14109 4840.85420   67 2515 6202.00000 4818.18757  22.3%   717 1433s
 14560 14110 6148.43345  319 2349 6202.00000 4822.87381  22.2%   717 1439s
 14561 14111 5219.71772  141 2330 6202.00000 4824.07969  22.2%   716 1442s
 14563 14112 5287.56600  142 2479 6202.00000 4824.86559  22.2%   716 1446s
 14568 14115 4824.91824   17 2507 6202.00000 4824.91824  22.2%   716 1451s
 14569 14116 5175.85651  131 2290 6202.00000 4840.16044  22.0%   716 1462s
 14570 14117 4859.21022  105 2286 6202.00000 4843.12764  21.9%   716 1467s
 14571 14117 5202.33511  429 2323 6202.00000 4844.30581  21.9%   716 1471s
 14576 14121 4844.69590   21 2406 6202.00000 4844.69590  21.9%   716 1475s
 14578 14122 6083.76596  297 2394 6202.00000 4855.54428  21.7%   716 1488s
 14579 14123 5218.91728  298 2383 6202.00000 4858.58996  21.7%   716 1492s
 14581 14124 5455.25894  310 2542 6202.00000 4859.41027  21.6%   716 1495s
 14587 14128 4859.50477   83 2541 6202.00000 4859.50477  21.6%   715 1500s
 14588 14129 4871.51466   44 2323 6202.00000 4871.51466  21.5%   715 1519s
 14589 14129 4874.64606   64 2454 6202.00000 4874.64606  21.4%   715 1526s
 14590 14130 4876.57474  149 2412 6202.00000 4876.57474  21.4%   715 1530s
 14594 14133 4877.13174   76 2495 6202.00000 4877.13174  21.4%   715 1535s
 14597 14135 4887.69940   67 2479 6202.00000 4887.69940  21.2%   715 1547s
 14598 14135 5173.66085  320 2531 6202.00000 4890.15400  21.2%   715 1552s
 14600 14137 4964.11168   51 2552 6202.00000 4891.16949  21.1%   715 1556s
 14603 14139 5224.99751  273 2520 6202.00000 4891.22014  21.1%   714 1560s
 14604 14139 5840.24141  232 2445 6202.00000 4898.33960  21.0%   714 1568s
 14605 14140 4900.16526  168 2430 6202.00000 4900.16526  21.0%   714 1571s
 14608 14142 6185.64786  115 2381 6202.00000 4900.65859  21.0%   714 1575s
 14614 14146 4911.52496  192 2552 6202.00000 4911.52496  20.8%   714 1586s
 14615 14147 4915.16312  149 2461 6202.00000 4915.16312  20.7%   714 1591s
 14616 14147 5063.36275  214 2774 6202.00000 4916.35789  20.7%   714 1595s
 14619 14149 4917.17451  216 2878 6202.00000 4917.17451  20.7%   714 1600s
 14624 14153 6087.27882  277 2986 6202.00000 4917.20752  20.7%   713 1606s
 14625 14153 5276.10534  275 2488 6202.00000 4930.72563  20.5%   713 1617s
 14626 14154 5685.76142  151 2546 6202.00000 4932.46466  20.5%   713 1623s
 14627 14155 6060.42519  657 2656 6202.00000 4933.37447  20.5%   713 1625s
 14632 14158 5130.97953   85 2640 6202.00000 4933.76785  20.4%   713 1634s
 14633 14159 4945.48805   31 2655 6202.00000 4945.48805  20.3%   713 1645s
 14634 14159 5632.91515  492 2503 6202.00000 4949.40896  20.2%   713 1651s
 14635 14160 5588.34167  367 2491 6202.00000 4950.96704  20.2%   713 1655s
 14639 14163 5158.93909   95 2738 6202.00000 4951.61371  20.2%   713 1660s
 14645 14167 5048.99589  139 2607 6202.00000 4963.03385  20.0%   712 1673s
 14646 14167 4966.26758  119 2677 6202.00000 4966.26758  19.9%   712 1679s
 14647 14168 5384.36275   41 2726 6202.00000 4967.06510  19.9%   712 1683s
 14648 14169 5425.24590  169 2767 6202.00000 4967.29181  19.9%   712 1685s
 14655 14173 4972.83876   51 2744 6202.00000 4972.83876  19.8%   712 1697s
 14656 14174 4974.42484   27 2845 6202.00000 4974.42484  19.8%   712 1702s
 14658 14175 5161.96272  263 3038 6202.00000 4975.20858  19.8%   712 1706s
 14663 14179 5287.56600  142 2988 6202.00000 4983.56736  19.6%   712 1722s
 14664 14179 4985.25254   16 2794 6202.00000 4985.25254  19.6%   711 1727s
 14665 14180 4985.84981   23 2883 6202.00000 4985.84981  19.6%   711 1730s
 14669 14183 5175.85651  131 3087 6202.00000 4986.37704  19.6%   711 1735s
 14674 14186 4993.60550  152 2947 6202.00000 4993.60550  19.5%   711 1748s
 14675 14187 5014.52021   91 3126 6202.00000 4995.51019  19.5%   711 1753s
 14676 14187 4995.94724   21 3122 6202.00000 4995.94724  19.4%   711 1756s
 14679 14189 5218.91728  298 3159 6202.00000 4996.25029  19.4%   711 1760s
 14683 14192 5001.11489  239 2854 6202.00000 5001.11489  19.4%   711 1774s
 14684 14193 5002.33639   50 3014 6202.00000 5002.33639  19.3%   710 1779s
 14685 14193 5924.83453  192 3047 6202.00000 5002.65077  19.3%   710 1781s
 14695 14200 5542.65775  378 3156 6202.00000 5002.76070  19.3%   710 1785s
 14696 14201 5008.62389  181 2915 6202.00000 5008.62389  19.2%   710 1797s
 14697 14201 5010.51633   67 3048 6202.00000 5010.51633  19.2%   710 1803s
 14698 14202 5173.66085  320 3162 6202.00000 5011.62495  19.2%   710 1808s
 14699 14203 5011.92480  164 3155 6202.00000 5011.92480  19.2%   710 1810s
 14707 14208 5012.07434  131 3105 6202.00000 5012.07434  19.2%   709 1815s
 14708 14209 6185.64786  115 2911 6202.00000 5015.85351  19.1%   709 1900s
 14709 14209 5827.12252   85 2812 6202.00000 5017.01311  19.1%   709 1916s
 14711 14211 5017.55087   51 2999 6202.00000 5017.55087  19.1%   709 1920s
 14719 14216 5022.39715  216 3009 6202.00000 5022.39715  19.0%   709 1934s
 14720 14217 5024.21672  104 2787 6202.00000 5024.21672  19.0%   709 1939s
 14721 14217 5188.17048   98 2889 6202.00000 5024.79428  19.0%   709 1942s
 14723 14219 5025.38518   68 2897 6202.00000 5025.38518  19.0%   709 1946s
 14729 14223 5025.45382   76 2906 6202.00000 5025.45382  19.0%   708 1950s
 14730 14223 5869.12183  264 3073 6202.00000 5029.07724  18.9%   708 1958s
 14731 14224 5692.06731  158 3319 6202.00000 5030.34737  18.9%   708 1963s
 14732 14225 5130.97953   85 3147 6202.00000 5030.60970  18.9%   708 1965s
 14738 14229 5036.31970  135 2982 6202.00000 5036.31970  18.8%   708 1980s
 14739 14229 5158.93909   95 3060 6202.00000 5038.04766  18.8%   708 1985s
 14744 14233 5676.18279  220 3067 6202.00000 5038.43440  18.8%   708 1990s
 14747 14235 5384.36275   41 2972 6202.00000 5041.79308  18.7%   707 1999s
 14748 14235 5425.24590  169 3034 6202.00000 5042.38623  18.7%   707 2002s
 14750 14237 5042.74046  131 3082 6202.00000 5042.74046  18.7%   707 2005s
 14757 14241 5048.79024  202 3081 6202.00000 5048.79024  18.6%   707 2019s
 14758 14242 5161.96272  263 3135 6202.00000 5050.39943  18.6%   707 2024s
 14759 14243 5051.02876   67 3224 6202.00000 5051.02876  18.6%   707 2028s
 14761 14244 5219.71772  141 3232 6202.00000 5051.16560  18.6%   707 2030s
 14765 14247 5054.89408   23 3363 6202.00000 5054.89408  18.5%   707 2039s
 14766 14247 5056.62939   39 3325 6202.00000 5056.62939  18.5%   707 2046s
 14768 14249 5057.21534   17 3447 6202.00000 5057.21534  18.5%   706 2050s
 14775 14253 5063.16458   91 3214 6202.00000 5063.16458  18.4%   706 2064s
 14776 14254 5064.26723   21 3223 6202.00000 5064.26723  18.3%   706 2069s
 14777 14255 5858.86356   83 3494 6202.00000 5064.76120  18.3%   706 2073s
 14779 14256 5218.91728  298 3643 6202.00000 5064.93186  18.3%   706 2075s
 14784 14259 5069.35679   50 3288 6202.00000 5069.35679  18.3%   706 2087s
 14785 14260 5924.83453  192 3369 6202.00000 5070.52901  18.2%   706 2093s
 14786 14261 5590.09014  182 3622 6202.00000 5071.02397  18.2%   706 2096s
 14790 14263 5071.30667  149 3599 6202.00000 5071.30667  18.2%   705 2100s
 14792 14265 5128.41344   91 3368 6202.00000 5075.12170  18.2%   705 2110s
 14793 14265 5076.52955  104 3365 6202.00000 5076.52955  18.1%   705 2115s
 14795 14267 5542.65775  378 3428 6202.00000 5077.14824  18.1%   705 2121s
 14801 14271 5373.88972  160 3337 6202.00000 5077.23158  18.1%   705 2125s
 14802 14271 5080.02185   38 3306 6202.00000 5080.02185  18.1%   705 2133s
 14803 14272 5224.99751  273 3463 6202.00000 5080.91478  18.1%   705 2137s
 14805 14273 5081.22093  168 3515 6202.00000 5081.22093  18.1%   705 2140s
 14811 14277 5083.87493   51 3051 6202.00000 5083.87493  18.0%   704 2151s
 14812 14278 5894.73086  259 3518 6202.00000 5084.90970  18.0%   704 2155s
 14814 14279 5085.60241  192 3450 6202.00000 5085.60241  18.0%   704 2160s
 14819 14283 5088.85531  216 3207 6202.00000 5088.85531  17.9%   704 2170s
 14821 14284 5188.17048   98 3210 6202.00000 5090.33570  17.9%   704 2176s
 14826 14287 5685.76142  151 3264 6202.00000 5094.06835  17.9%   704 2187s
 14827 14288 6060.42519  657 3258 6202.00000 5095.30498  17.8%   704 2192s
 14828 14289 5651.18093  420 3444 6202.00000 5096.07099  17.8%   704 2195s
 14835 14293 5588.34167  367 3718 6202.00000 5096.37206  17.8%   703 2201s
 14836 14294 6184.04902  334 3471 6202.00000 5100.35833  17.8%   703 2211s
 14837 14295 5101.54468   31 3633 6202.00000 5101.54468  17.7%   703 2215s
 14839 14296 5158.93909   95 3689 6202.00000 5102.07905  17.7%   703 2220s
 14844 14299 5676.18279  220 3530 6202.00000 5103.77585  17.7%   703 2230s
 14845 14300 5104.71962  139 3655 6202.00000 5104.71962  17.7%   703 2235s
 14848 14302 5425.24590  169 3587 6202.00000 5105.21289  17.7%   703 2240s
 14852 14305 5561.79897  184 3515 6202.00000 5108.03350  17.6%   702 2249s
 14853 14305 5522.26225  371 3646 6202.00000 5108.72147  17.6%   702 2253s
 14854 14306 5108.90613   33 3703 6202.00000 5108.90613  17.6%   702 2255s
 14861 14311 5219.71772  141 3747 6202.00000 5109.04227  17.6%   702 2260s
 14862 14311 5110.59939   28 3580 6202.00000 5110.59939  17.6%   702 2266s
 14863 14312 5287.56600  142 3393 6202.00000 5111.17848  17.6%   702 2270s
 14868 14315 5111.63546   17 3598 6202.00000 5111.63546  17.6%   702 2275s
 14872 14318 5112.58698  228 3524 6202.00000 5112.58698  17.6%   702 2282s
 14873 14319 5613.37801  397 3720 6202.00000 5113.07846  17.6%   701 2285s
 14878 14322 6083.76596  297 3892 6202.00000 5113.31902  17.6%   701 2290s
 14882 14325 6103.39698  303 3752 6202.00000 5114.57287  17.5%   701 2297s
 14883 14325 5115.07791  239 3713 6202.00000 5115.07791  17.5%   701 2301s
 14886 14327 5590.09014  182 3820 6202.00000 5115.33055  17.5%   701 2305s
 14890 14330 5116.77699  149 3459 6202.00000 5116.77699  17.5%   701 2312s
 14891 14331 5117.24042  144 3606 6202.00000 5117.24042  17.5%   701 2316s
 14893 14332 5117.57723  104 3877 6202.00000 5117.57723  17.5%   701 2320s
H14898 13611                    6199.0000000 5120.63422  17.4%   700 2334s
 14900 13613 5121.55323   51 3848 6199.00000 5121.55323  17.4%   700 2339s
 14901 13613 5373.88972  160 3780 6199.00000 5121.75830  17.4%   700 2342s
 14903 13615 5224.99751  273 3889 6199.00000 5121.94394  17.4%   700 2345s
 14908 13618 6185.64786  115 3568 6199.00000 5124.93729  17.3%   700 2356s
 14910 13619 5677.08981  222 3603 6199.00000 5125.55860  17.3%   700 2361s
 14914 13622 5125.76114  192 3832 6199.00000 5125.76114  17.3%   700 2365s
 14922 13627 5127.59602   65 3573 6199.00000 5127.59602  17.3%   699 2375s
 14924 13629 6087.27882  277 3582 6199.00000 5128.89991  17.3%   699 2382s
 14928 13631 5651.18093  420 3609 6199.00000 5129.02608  17.3%   699 2385s
 14934 13635 5632.91515  492 3542 6199.00000 5131.49506  17.2%   699 2396s
 14935 13636 5588.34167  367 3682 6199.00000 5132.69521  17.2%   699 2402s
 14936 13637 6184.04902  334 3887 6199.00000 5133.00406  17.2%   699 2405s
 14944 13642 5676.18279  220 3895 6199.00000 5133.17676  17.2%   698 2411s
 14945 13643 5135.92826  139 3617 6199.00000 5135.92826  17.1%   698 2419s
 14946 13643 5136.93208  119 3907 6199.00000 5136.93208  17.1%   698 2424s
 14947 13644 5384.36275   41 4021 6199.00000 5137.30744  17.1%   698 2427s
 14949 13645 5714.52776  463 3887 6199.00000 5137.43158  17.1%   698 2430s
 14955 13649 5139.84057   51 3727 6199.00000 5139.84057  17.1%   698 2440s
 14956 13650 5140.93412   27 3840 6199.00000 5140.93412  17.1%   698 2446s
 14958 13651 5161.96272  263 3916 6199.00000 5141.45572  17.1%   697 2450s
 14964 13655 5143.59699   16 3578 6199.00000 5143.59699  17.0%   697 2461s
 14965 13656 5144.13998   23 3883 6199.00000 5144.13998  17.0%   697 2465s
 14972 13661 5144.37498  228 3993 6199.00000 5144.37498  17.0%   697 2470s
 14974 13662 5146.24308  152 3723 6199.00000 5146.24308  17.0%   697 2478s
 14975 13663 5146.76434   91 3830 6199.00000 5146.76434  17.0%   697 2481s
 14977 13664 5858.86356   83 4036 6199.00000 5147.10771  17.0%   697 2485s
 14982 13667 6103.39698  303 3748 6199.00000 5147.84941  17.0%   696 2493s
 14983 13668 5148.10621  239 3889 6199.00000 5148.10621  17.0%   696 2495s
 14989 13672 5148.29044   64 4033 6199.00000 5148.29044  16.9%   696 2501s
 14990 13673 5150.02579  149 3742 6199.00000 5150.02579  16.9%   696 2508s
 14991 13673 5150.49865  144 4055 6199.00000 5150.49865  16.9%   696 2512s
 14994 13675 5150.65889   76 4098 6199.00000 5150.65889  16.9%   696 2515s
 14999 13679 5151.84374  164 4056 6199.00000 5151.84374  16.9%   696 2524s
 15000 13679 5152.28000   51 3953 6199.00000 5152.28000  16.9%   696 2527s
 15002 13681 5152.47815   38 4019 6199.00000 5152.47815  16.9%   695 2531s
 15007 13684 5152.53359  131 4019 6199.00000 5152.53359  16.9%   695 2535s
 15008 13685 6185.64786  115 4096 6199.00000 5153.66610  16.9%   695 2541s
 15009 13685 5827.12252   85 4034 6199.00000 5154.17962  16.9%   695 2545s
 15011 13687 5154.52963   51 4239 6199.00000 5154.52963  16.8%   695 2550s
 15016 13690 5156.06059  214 3967 6199.00000 5156.06059  16.8%   695 2560s
 15018 13691 5538.60819   55 4065 6199.00000 5156.50224  16.8%   695 2565s
 15026 13697 5685.76142  151 4331 6199.00000 5156.62423  16.8%   694 2571s
 15027 13697 6060.42519  657 4137 6199.00000 5158.01524  16.8%   694 2579s
 15028 13698 5651.18093  420 4138 6199.00000 5158.45770  16.8%   694 2583s
 15029 13699 5158.56114   76 4160 6199.00000 5158.56114  16.8%   694 2585s
 15035 13703 5588.34167  367 4305 6199.00000 5158.65571  16.8%   694 2590s
 15036 13703 6184.04902  334 3991 6199.00000 5159.77097  16.8%   694 2596s
 15038 13705 5160.11800  135 4205 6199.00000 5160.11800  16.8%   694 2600s
 15044 13709 5676.18279  220 4284 6199.00000 5160.18325  16.8%   693 2605s
 15045 13709 5161.51133  139 3910 6199.00000 5161.51133  16.7%   693 2612s
 15046 13710 5161.84627  119 4029 6199.00000 5161.84627  16.7%   693 2615s
 15051 13713 5162.09403   93 4162 6199.00000 5162.09403  16.7%   693 2620s
 15053 13715 5522.26225  371 3989 6199.00000 5162.81411  16.7%   693 2626s
 15055 13716 5163.26434   51 4281 6199.00000 5163.26434  16.7%   693 2631s
 15064 13722 5163.31643   16 4412 6199.00000 5163.31643  16.7%   693 2636s
 15065 13723 5164.71173   23 3962 6199.00000 5164.71173  16.7%   693 2641s
 15067 13724 5165.04779   34 4052 6199.00000 5165.04779  16.7%   692 2645s
 15074 13729 5165.10194  152 4149 6199.00000 5165.10194  16.7%   692 2650s
 15075 13729 5166.12534   91 4009 6199.00000 5166.12534  16.7%   692 2655s
 15077 13731 5858.86356   83 4438 6199.00000 5166.48403  16.7%   692 2660s
 15084 13735 5166.58809   50 4315 6199.00000 5166.58809  16.7%   692 2665s
 15089 13739 5167.09191   64 4295 6199.00000 5167.09191  16.6%   691 2671s
 15090 13739 5167.45744  149 4309 6199.00000 5167.45744  16.6%   691 2675s
 15095 13743 5542.65775  378 4317 6199.00000 5167.55353  16.6%   691 2680s
 15098 13745 5173.66085  320 4296 6199.00000 5167.97493  16.6%   691 2685s
 15104 13749 5840.24141  232 4345 6199.00000 5168.02981  16.6%   691 2690s
 15106 13750 5168.79687  144 4361 6199.00000 5168.79687  16.6%   691 2696s
 15108 13751 6185.64786  115 4275 6199.00000 5169.01482  16.6%   691 2700s
 15116 13757 5169.05825  214 4505 6199.00000 5169.05825  16.6%   690 2706s
 15117 13757 5942.94054  272 4131 6199.00000 5170.01007  16.6%   690 2711s
 15118 13758 5538.60819   55 4322 6199.00000 5170.31111  16.6%   690 2715s
 15122 13761 5170.53965   65 4310 6199.00000 5170.53965  16.6%   690 2720s
 15128 13765 5651.18093  420 4175 6199.00000 5171.35452  16.6%   690 2728s
 15129 13765 5171.55586   76 4191 6199.00000 5171.55586  16.6%   690 2730s
 15134 13769 5632.91515  492 4345 6199.00000 5171.71637  16.6%   689 2735s
 15139 13772 5172.39213   95 4352 6199.00000 5172.39213  16.6%   689 2743s
 15140 13773 5172.55764   51 4304 6199.00000 5172.55764  16.6%   689 2745s
 15147 13777 5384.36275   41 4455 6199.00000 5172.63193  16.6%   689 2750s
 15148 13778 5425.24590  169 4278 6199.00000 5173.35203  16.5%   689 2755s
 15151 13780 5173.60506   93 4296 6199.00000 5173.60506  16.5%   689 2760s
 15156 13783 5174.19832   27 4462 6199.00000 5174.19832  16.5%   688 2767s
 15157 13784 5174.43289  202 4484 6199.00000 5174.43289  16.5%   688 2770s
 15163 13788 5287.56600  142 4470 6199.00000 5174.53086  16.5%   688 2776s
 15164 13789 5175.05346   16 4271 6199.00000 5175.05346  16.5%   688 2780s
 15166 13790 5175.68521   39 4224 6199.00000 5175.68521  16.5%   688 2786s
 15171 13793 5202.33511  429 4382 6199.00000 5175.83567  16.5%   688 2790s
 15174 13795 5176.85106  152 4319 6199.00000 5176.85106  16.5%   688 2799s
 15175 13796 5177.30390   91 4317 6199.00000 5177.30390  16.5%   688 2803s
 15176 13797 5177.45506   21 4460 6199.00000 5177.45506  16.5%   687 2805s
 15180 13799 5177.60210  170 4637 6199.00000 5177.60210  16.5%   687 2810s
 15183 13801 5178.48244  239 4270 6199.00000 5178.48244  16.5%   687 2818s
 15184 13802 5178.71254   50 4207 6199.00000 5178.71254  16.5%   687 2821s
 15189 13805 5178.79595   64 4302 6199.00000 5178.79595  16.5%   687 2825s
 15191 13807 5179.91709  144 4120 6199.00000 5179.91709  16.4%   687 2833s
 15192 13807 5180.31009   91 4285 6199.00000 5180.31009  16.4%   687 2837s
 15193 13808 5180.47338  104 4160 6199.00000 5180.47338  16.4%   687 2840s
 15200 13813 5180.57647   51 4250 6199.00000 5180.57647  16.4%   686 2846s
 15201 13813 5373.88972  160 4333 6199.00000 5181.01707  16.4%   686 2850s
 15206 13817 5181.21139  144 4575 6199.00000 5181.21139  16.4%   686 2856s
 15207 13817 5182.03069  131 4221 6199.00000 5182.03069  16.4%   686 2862s
 15208 13818 6185.64786  115 4346 6199.00000 5182.38647  16.4%   686 2865s
 15215 13823 5182.48630  149 4424 6199.00000 5182.48630  16.4%   686 2870s
 15216 13823 5183.12156  214 4314 6199.00000 5183.12156  16.4%   686 2875s
 15218 13825 5538.60819   55 4370 6199.00000 5183.49313  16.4%   686 2881s
 15224 13829 6087.27882  277 4380 6199.00000 5183.57008  16.4%   685 2886s
 15225 13829 5276.10534  275 4390 6199.00000 5184.06323  16.4%   685 2890s
 15228 13831 5651.18093  420 4577 6199.00000 5184.30475  16.4%   685 2895s
 15232 13834 5184.63819   85 4492 6199.00000 5184.63819  16.4%   685 2902s
 15234 13835 5632.91515  492 4392 6199.00000 5184.83282  16.4%   685 2905s
 15240 13839 5185.60632   51 4417 6199.00000 5185.60632  16.3%   685 2915s
 15242 13841 5185.95360   40 4532 6199.00000 5185.95360  16.3%   684 2920s
 15248 13845 5425.24590  169 4299 6199.00000 5186.76154  16.3%   684 2930s
 15250 13846 5187.07061  131 4488 6199.00000 5187.07061  16.3%   684 2935s
 15255 13849 5188.25150   51 4236 6199.00000 5188.25150  16.3%   684 2946s
 15256 13850 5188.75161   27 4319 6199.00000 5188.75161  16.3%   684 2950s
 15258 13851 5188.98137  263 4337 6199.00000 5188.98137  16.3%   684 2955s
 15263 13855 5287.56600  142 4312 6199.00000 5189.82124  16.3%   684 2964s
 15264 13855 5190.10533   16 4435 6199.00000 5190.10533  16.3%   683 2968s
 15266 13857 5190.15907   39 4586 6199.00000 5190.15907  16.3%   683 2970s
 15270 13859 5190.94036  105 4366 6199.00000 5190.94036  16.3%   683 2978s
 15271 13860 5202.33511  429 4384 6199.00000 5191.17512  16.3%   683 2981s
 15277 13864 5858.86356   83 4432 6199.00000 5191.24219  16.3%   683 2985s
 15279 13865 5218.91728  298 4248 6199.00000 5191.88448  16.2%   683 2992s
 15280 13866 5192.09268  170 4360 6199.00000 5192.09268  16.2%   683 2995s
 15283 13868 5192.24546  239 4533 6199.00000 5192.24546  16.2%   683 3000s
 15288 13871 5192.82073   44 4474 6199.00000 5192.82073  16.2%   682 3008s
 15289 13872 5193.19683   64 4497 6199.00000 5193.19683  16.2%   682 3012s
 15294 13875 5193.27441   76 4571 6199.00000 5193.27441  16.2%   682 3015s
 15297 13877 5193.86538   67 4375 6199.00000 5193.86538  16.2%   682 3022s
 15298 13878 5194.09958  320 4295 6199.00000 5194.09958  16.2%   682 3026s
 15300 13879 5194.28018   51 4585 6199.00000 5194.28018  16.2%   682 3030s
 15308 13885 6185.64786  115 4639 6199.00000 5194.31752  16.2%   682 3035s
 15310 13886 5677.08981  222 4639 6199.00000 5194.95784  16.2%   681 3042s
 15312 13887 5894.73086  259 4702 6199.00000 5195.11742  16.2%   681 3046s
 15317 13891 5942.94054  272 4458 6199.00000 5196.14272  16.2%   681 3056s
 15319 13892 5196.51292  216 4663 6199.00000 5196.51292  16.2%   681 3061s
 15324 13895 6087.27882  277 4802 6199.00000 5196.63041  16.2%   681 3066s
 15325 13896 5276.10534  275 4574 6199.00000 5196.91652  16.2%   681 3070s
 15327 13897 6060.42519  657 4760 6199.00000 5197.23227  16.2%   681 3076s
 15334 13902 5632.91515  492 4791 6199.00000 5197.30745  16.2%   680 3081s
 15335 13903 5588.34167  367 4639 6199.00000 5197.61815  16.2%   680 3085s
 15338 13905 5197.85991  135 4631 6199.00000 5197.85991  16.2%   680 3090s
 15342 13907 5198.38726   40 4312 6199.00000 5198.38726  16.1%   680 3098s
 15343 13908 5198.49412   55 4473 6199.00000 5198.49412  16.1%   680 3100s
 15348 13911 5425.24590  169 4528 6199.00000 5198.59654  16.1%   680 3105s
 15350 13913 5199.20005  131 4208 6199.00000 5199.20005  16.1%   680 3112s
 15353 13915 5522.26225  371 4567 6199.00000 5199.29732  16.1%   680 3115s
 15357 13917 5199.83574  202 4355 6199.00000 5199.83574  16.1%   679 3122s
 15358 13918 5200.20730  263 4529 6199.00000 5200.20730  16.1%   679 3127s
 15360 13919 6148.43345  319 4494 6199.00000 5200.47808  16.1%   679 3132s
 15364 13922 5200.49975   16 4537 6199.00000 5200.49975  16.1%   679 3135s
 15366 13923 5201.48737   39 4588 6199.00000 5201.48737  16.1%   679 3144s
 15367 13924 5201.58661   34 4928 6199.00000 5201.58661  16.1%   679 3146s
 15373 13928 5613.37801  397 4855 6199.00000 5201.65275  16.1%   679 3151s
 15374 13929 5202.39054  152 4196 6199.00000 5202.39054  16.1%   679 3157s
 15376 13930 5202.70346   21 4422 6199.00000 5202.70346  16.1%   679 3161s
 15381 13933 5455.25894  310 4453 6199.00000 5202.73067  16.1%   678 3165s
 15382 13934 6103.39698  303 4328 6199.00000 5203.21479  16.1%   678 3170s
 15384 13935 5203.53450   50 4643 6199.00000 5203.53450  16.1%   678 3175s
 15389 13939 5203.95327   64 4477 6199.00000 5203.95327  16.1%   678 3182s
 15390 13939 5204.16955  149 4502 6199.00000 5204.16955  16.0%   678 3185s
 15395 13943 5542.65775  378 4522 6199.00000 5204.31391  16.0%   678 3190s
 15398 13945 5204.63906  320 4441 6199.00000 5204.63906  16.0%   678 3195s
 15402 13948 5204.63906   38  973 6199.00000 5204.63906  16.0%   752 3205s
 15404 13950 5840.24141  232 1146 6199.00000 5204.63906  16.0%   752 3211s
 15405 13950 5204.63906  168 1250 6199.00000 5204.63906  16.0%   752 3217s
 15406 13951 5204.63906  144 1492 6199.00000 5204.63906  16.0%   752 3225s
 15407 13952 5204.63906  131 1590 6199.00000 5204.63906  16.0%   752 3234s
 15408 13952 6185.64786  115 1783 6199.00000 5204.63906  16.0%   751 3246s
 15409 13953 5827.12252   85 1814 6199.00000 5204.63906  16.0%   751 3259s
 15410 13954 5677.08981  222 2145 6199.00000 5204.63906  16.0%   751 3274s
 15411 13954 5204.63906   51 2357 6199.00000 5204.63906  16.0%   751 3291s
 15412 13955 5894.73086  259 2698 6199.00000 5205.12732  16.0%   751 3306s
 15413 13956 5474.26019  374 2762 6199.00000 5205.12732  16.0%   751 3322s
 15414 13956 5205.12732  192 3141 6199.00000 5205.12732  16.0%   751 3338s
 15415 13957 5205.12732  149 3176 6199.00000 5205.12732  16.0%   751 3351s
 15416 13958 5205.12732  214 3358 6199.00000 5205.12732  16.0%   751 3363s
 15417 13958 5942.94054  272 3766 6199.00000 5205.12732  16.0%   751 3374s
 15418 13959 5538.60819   55 3803 6199.00000 5205.12732  16.0%   751 3383s
 15419 13960 5205.12732  216 4083 6199.00000 5205.12732  16.0%   751 3392s
 15420 13960 5205.12732  104 4152 6199.00000 5205.12732  16.0%   751 3398s
 15421 13961 5205.12732   98 4172 6199.00000 5205.12732  16.0%   751 3403s
 15422 13962 5205.12732   65 4333 6199.00000 5205.12732  16.0%   751 3406s
 15427 13965 6060.42519  657 4285 6199.00000 5205.12732  16.0%   751 3412s
 15428 13966 5651.18093  420 4023 6199.00000 5206.90840  16.0%   750 3423s
 15429 13966 5207.28581   76 3949 6199.00000 5207.28581  16.0%   750 3426s
 15433 13969 5207.42141   31 4088 6199.00000 5207.42141  16.0%   750 3430s
 15437 13972 5208.65338   31 4294 6199.00000 5208.65338  16.0%   750 3440s
 15438 13972 5209.23339  135 4173 6199.00000 5209.23339  16.0%   750 3445s
 15442 13975 5209.46170   40 4331 6199.00000 5209.46170  16.0%   750 3450s
 15446 13978 5211.40917  119 4121 6199.00000 5211.40917  15.9%   750 3461s
 15447 13978 5384.36275   41 4182 6199.00000 5211.87940  15.9%   750 3465s
 15452 13982 5561.79897  184 4327 6199.00000 5212.04641  15.9%   749 3473s
 15453 13982 5522.26225  371 4153 6199.00000 5213.23263  15.9%   749 3479s
 15454 13983 5213.80886   33 4320 6199.00000 5213.80886  15.9%   749 3483s
 15455 13984 5213.94477   51 4195 6199.00000 5213.94477  15.9%   749 3485s
 15460 13987 6148.43345  319 4391 6199.00000 5214.00191  15.9%   749 3491s
 15461 13988 5219.71772  141 4426 6199.00000 5215.08145  15.9%   749 3502s
 15462 13988 5215.41368   28 4404 6199.00000 5215.41368  15.9%   749 3506s
 15466 13991 5215.49281   39 4500 6199.00000 5215.49281  15.9%   749 3510s
 15468 13992 5216.40093   17 4071 6199.00000 5216.40093  15.9%   749 3520s
 15470 13994 5217.04149  105 4292 6199.00000 5217.04149  15.8%   748 3527s
 15474 13996 5217.09206  152 4390 6199.00000 5217.09206  15.8%   748 3533s
 15475 13997 5217.74405   91 4109 6199.00000 5217.74405  15.8%   748 3538s
 15476 13998 5217.88509   21 4396 6199.00000 5217.88509  15.8%   748 3540s
 15484 14003 5217.94665   50 4384 6199.00000 5217.94665  15.8%   748 3549s
 15485 14004 5924.83453  192 4056 6199.00000 5218.90573  15.8%   748 3555s
 15487 14005 5219.40980   83 4405 6199.00000 5219.40980  15.8%   748 3560s
 15492 14008 5219.49488   91 4439 6199.00000 5219.49488  15.8%   747 3567s
 15493 14009 5220.01885  104 4290 6199.00000 5220.01885  15.8%   747 3572s
 15494 14010 5220.24863   76 4330 6199.00000 5220.24863  15.8%   747 3575s
 15500 14014 5220.36420   51 4420 6199.00000 5220.36420  15.8%   747 3581s
 15501 14014 5373.88972  160 4199 6199.00000 5221.09581  15.8%   747 3586s
 15503 14016 5224.99751  273 4342 6199.00000 5221.49121  15.8%   747 3591s
 15507 14018 5221.56608  131 4394 6199.00000 5221.56608  15.8%   747 3596s
 15508 14019 6185.64786  115 4052 6199.00000 5222.26305  15.8%   747 3608s
 15509 14020 5827.12252   85 4152 6199.00000 5222.75127  15.7%   747 3613s
 15511 14021 5222.88445   51 4375 6199.00000 5222.88445  15.7%   746 3616s
 15515 14024 5222.91978  149 4416 6199.00000 5222.91978  15.7%   746 3621s
 15516 14024 5223.81942  214 4200 6199.00000 5223.81942  15.7%   746 3626s
 15518 14026 5538.60819   55 4351 6199.00000 5224.08115  15.7%   746 3630s
 15521 14028 5224.58026   98 4180 6199.00000 5224.58026  15.7%   746 3639s
 15522 14028 5224.88952   65 4370 6199.00000 5224.88952  15.7%   746 3641s
 15527 14032 6060.42519  657 4433 6199.00000 5225.03287  15.7%   746 3645s
 15530 14034 5869.12183  264 4116 6199.00000 5225.60838  15.7%   746 3653s
 15531 14034 5692.06731  158 4280 6199.00000 5225.79036  15.7%   746 3655s
 15537 14038 5225.87345   31 4254 6199.00000 5225.87345  15.7%   745 3663s
 15538 14039 5226.84775  135 4247 6199.00000 5226.84775  15.7%   745 3669s
 15539 14040 5227.11247   95 4311 6199.00000 5227.11247  15.7%   745 3673s
 15541 14041 5227.22283  158 4354 6199.00000 5227.22283  15.7%   745 3675s
 15544 14043 5676.18279  220 4477 6199.00000 5227.23826  15.7%   745 3680s
 15545 14044 5228.05253  139 4444 6199.00000 5228.05253  15.7%   745 3685s
 15547 14045 5384.36275   41 4500 6199.00000 5228.60790  15.7%   745 3690s
 15553 14049 5522.26225  371 4210 6199.00000 5229.25758  15.6%   744 3710s
 15554 14050 5229.57747   33 4455 6199.00000 5229.57747  15.6%   744 3715s
 15558 14052 5230.16300  263 4350 6199.00000 5230.16300  15.6%   744 3723s
 15559 14053 5230.41504   67 4488 6199.00000 5230.41504  15.6%   744 3726s
 15565 14057 5230.49019   23 4533 6199.00000 5230.49019  15.6%   744 3730s
 15567 14058 5231.08360   34 4360 6199.00000 5231.08360  15.6%   744 3735s
 15570 14060 5231.37891  105 4559 6199.00000 5231.37891  15.6%   744 3740s
 15573 14062 5613.37801  397 4245 6199.00000 5231.95879  15.6%   743 3746s
 15575 14064 5232.17648   91 4321 6199.00000 5232.17648  15.6%   743 3750s
 15582 14068 6103.39698  303 4310 6199.00000 5232.56096  15.6%   743 3757s
 15584 14070 5232.69476   50 4358 6199.00000 5232.69476  15.6%   743 3760s
 15588 14072 5232.95717   44 4292 6199.00000 5232.95717  15.6%   743 3765s
 15592 14075 5233.51818   91 4427 6199.00000 5233.51818  15.6%   743 3772s
 15593 14076 5233.65639  104 4405 6199.00000 5233.65639  15.6%   743 3775s
 15599 14080 5234.20604  164 4394 6199.00000 5234.20604  15.6%   742 3784s
 15600 14080 5234.42606   51 4411 6199.00000 5234.42606  15.6%   742 3787s
 15605 14084 5234.48933  168 4436 6199.00000 5234.48933  15.6%   742 3791s
 15606 14084 5234.98455  144 4274 6199.00000 5234.98455  15.6%   742 3795s
 15609 14086 5827.12252   85 4506 6199.00000 5235.25481  15.5%   742 3800s
 15614 14090 5235.75420  192 4387 6199.00000 5235.75420  15.5%   742 3806s
 15617 14092 5942.94054  272 4446 6199.00000 5235.92453  15.5%   741 3810s
 15622 14095 5236.62501   65 4183 6199.00000 5236.62501  15.5%   741 3818s
 15623 14096 5237.08217   68 4255 6199.00000 5237.08217  15.5%   741 3822s
 15625 14097 5276.10534  275 4386 6199.00000 5237.20433  15.5%   741 3825s
 15630 14100 5869.12183  264 4330 6199.00000 5237.84469  15.5%   741 3834s
 15631 14101 5692.06731  158 4508 6199.00000 5238.00584  15.5%   741 3836s
 15634 14103 5632.91515  492 4573 6199.00000 5238.10140  15.5%   741 3840s
 15638 14106 5238.47987  135 4397 6199.00000 5238.47987  15.5%   740 3846s
 15642 14108 5238.63657   40 4587 6199.00000 5238.63657  15.5%   740 3850s
 15647 14112 5384.36275   41 4333 6199.00000 5238.86064  15.5%   740 3855s
 15654 14116 5238.98347   33 4460 6199.00000 5238.98347  15.5%   740 3861s
 15656 14118 5239.36527   27 4391 6199.00000 5239.36527  15.5%   740 3866s
 15661 14121 5239.40543  141 4398 6199.00000 5239.40543  15.5%   739 3870s
 15664 14123 5239.71220   16 4203 6199.00000 5239.71220  15.5%   739 3875s
 15671 14128 5240.17108  429 4513 6199.00000 5240.17108  15.5%   739 3883s
 15672 14128 5240.38250  228 4346 6199.00000 5240.38250  15.5%   739 3885s
 15679 14133 5240.47872  298 4535 6199.00000 5240.47872  15.5%   738 3890s
 15681 14134 5455.25894  310 4421 6199.00000 5241.19296  15.5%   738 3896s
 15685 14137 5924.83453  192 4406 6199.00000 5241.27166  15.4%   738 3900s
 15687 14138 5241.58554   83 4408 6199.00000 5241.58554  15.4%   738 3905s
 15692 14142 5241.72975   91 4589 6199.00000 5241.72975  15.4%   738 3911s
 15694 14143 5242.06414   76 4410 6199.00000 5242.06414  15.4%   738 3915s
 15698 14146 5242.38034  320 4293 6199.00000 5242.38034  15.4%   738 3921s
 15702 14148 5242.51831   38 4320 6199.00000 5242.51831  15.4%   737 3925s
 15706 14151 5242.93542  144 4257 6199.00000 5242.93542  15.4%   737 3932s
 15709 14153 5827.12252   85 4349 6199.00000 5243.03872  15.4%   737 3935s
 15713 14156 5474.26019  374 4183 6199.00000 5243.52451  15.4%   737 3942s
 15714 14156 5243.82637  192 4360 6199.00000 5243.82637  15.4%   737 3945s
 15718 14159 5538.60819   55 4663 6199.00000 5243.95188  15.4%   737 3950s
 15723 14162 5244.40572   68 4432 6199.00000 5244.40572  15.4%   736 3957s
 15725 14164 5276.10534  275 4534 6199.00000 5244.55063  15.4%   736 3960s
 15732 14168 5244.86603   85 4464 6199.00000 5244.86603  15.4%   736 3967s
 15734 14170 5632.91515  492 4746 6199.00000 5245.02873  15.4%   736 3970s
 15738 14172 5245.25744  135 4531 6199.00000 5245.25744  15.4%   736 3976s
 15742 14175 5245.35560   40 4582 6199.00000 5245.35560  15.4%   736 3980s
 15745 14177 5245.68163  139 4678 6199.00000 5245.68163  15.4%   735 3986s
 15748 14179 5425.24590  169 4700 6199.00000 5245.84741  15.4%   735 3990s
 15752 14182 5561.79897  184 4547 6199.00000 5245.99653  15.4%   735 3995s
 15759 14186 5246.12826   67 4566 6199.00000 5246.12826  15.4%   735 4001s
 15760 14187 6148.43345  319 4579 6199.00000 5246.54034  15.4%   735 4006s
 15762 14188 5246.79364   28 4662 6199.00000 5246.79364  15.4%   735 4010s
 15765 14190 5247.07900   23 4390 6199.00000 5247.07900  15.4%   734 4016s
 15767 14192 5247.23439   34 4406 6199.00000 5247.23439  15.4%   734 4020s
 15772 14195 5247.40458  228 4340 6199.00000 5247.40458  15.4%   734 4026s
 15778 14199 6083.76596  297 4715 6199.00000 5247.48763  15.3%   734 4031s
 15780 14200 5247.72277  170 4420 6199.00000 5247.72277  15.3%   734 4035s
 15786 14204 5590.09014  182 4604 6199.00000 5247.77629  15.3%   733 4040s
 15793 14209 5247.84348  104 4514 6199.00000 5247.84348  15.3%   733 4045s
 15796 14211 5248.07758  181 4523 6199.00000 5248.07758  15.3%   733 4050s
 15801 14214 5373.88972  160 4516 6199.00000 5248.18522  15.3%   733 4056s
 15807 14218 5248.22945  131 4599 6199.00000 5248.22945  15.3%   732 4060s
 15813 14222 5474.26019  374 4644 6199.00000 5248.41532  15.3%   732 4065s
 15816 14224 5248.62924  214 4632 6199.00000 5248.62924  15.3%   732 4070s
 15823 14229 5248.72018   68 4678 6199.00000 5248.72018  15.3%   732 4075s
 15824 14230 6087.27882  277 4571 6199.00000 5248.75556  15.3%   732 4088s
 15827 14232 6060.42519  657 4607 6199.00000 5248.79899  15.3%   732 4090s
 15830 14234 5869.12183  264 4440 6199.00000 5249.05837  15.3%   731 4096s
 15837 14238 5249.12608   31 4542 6199.00000 5249.12608  15.3%   731 4101s
 15839 14240 5249.56213   95 4418 6199.00000 5249.56213  15.3%   731 4107s
 15843 14242 5249.62280   55 4497 6199.00000 5249.62280  15.3%   731 4110s
 15847 14245 5384.36275   41 4537 6199.00000 5249.88735  15.3%   731 4115s
 15852 14248 5561.79897  184 4621 6199.00000 5249.94440  15.3%   730 4120s
 15854 14250 5250.31163   33 4523 6199.00000 5250.31163  15.3%   730 4125s
 15859 14253 5250.40722   67 4592 6199.00000 5250.40722  15.3%   730 4130s
 15862 14255 5250.68006   28 4527 6199.00000 5250.68006  15.3%   730 4135s
 15865 14257 5250.88192   23 4251 6199.00000 5250.88192  15.3%   730 4140s
 15872 14262 5251.03062  228 4557 6199.00000 5251.03062  15.3%   729 4146s
 15875 14264 5251.20165   91 4377 6199.00000 5251.20165  15.3%   729 4150s
 15880 14267 5251.41655  170 4423 6199.00000 5251.41655  15.3%   729 4156s
 15884 14270 5251.52337   50 4596 6199.00000 5251.52337  15.3%   729 4160s
 15888 14272 5251.68342   44 4518 6199.00000 5251.68342  15.3%   729 4165s
 15892 14275 5251.84035   91 4616 6199.00000 5251.84035  15.3%   729 4171s
 15898 14279 5251.93804  320 4643 6199.00000 5251.93804  15.3%   728 4175s
 15903 14282 5252.21492  273 4452 6199.00000 5252.21492  15.3%   728 4180s
 15907 14285 5252.34393  131 4658 6199.00000 5252.34393  15.3%   728 4185s
 15910 14287 5677.08981  222 4499 6199.00000 5252.59061  15.3%   728 4190s
 15914 14290 5252.78611  192 4416 6199.00000 5252.78611  15.3%   728 4196s
 15920 14294 5253.25227  104 4394 6199.00000 5253.25227  15.3%   727 4204s
 15921 14294 5253.46138   98 4438 6199.00000 5253.46138  15.3%   727 4207s
 15923 14296 5253.61525   68 4505 6199.00000 5253.61525  15.3%   727 4211s
 15927 14298 6060.42519  657 4337 6199.00000 5254.05418  15.2%   727 4218s
 15928 14299 5651.18093  420 4238 6199.00000 5254.16196  15.2%   727 4220s
 15934 14303 5632.91515  492 4529 6199.00000 5254.25201  15.2%   727 4226s
 15936 14304 6184.04902  334 4469 6199.00000 5254.55116  15.2%   727 4231s
 15940 14307 5254.60335   51 4462 6199.00000 5254.60335  15.2%   726 4235s
 15943 14309 5254.83511   55 4547 6199.00000 5254.83511  15.2%   726 4240s
 15948 14312 5425.24590  169 4408 6199.00000 5255.02269  15.2%   726 4246s
 15952 14315 5561.79897  184 4562 6199.00000 5255.17501  15.2%   726 4251s
 15957 14318 5255.39652  202 4447 6199.00000 5255.39652  15.2%   726 4257s
 15959 14320 5255.53022   67 4586 6199.00000 5255.53022  15.2%   726 4260s
 15966 14324 5255.92036   39 4438 6199.00000 5255.92036  15.2%   725 4268s
 15967 14325 5256.02241   34 4728 6199.00000 5256.02241  15.2%   725 4270s
 15972 14328 5256.11201  228 4685 6199.00000 5256.11201  15.2%   725 4275s
 15974 14330 5256.30130  152 4689 6199.00000 5256.30130  15.2%   725 4280s
 15977 14332 5858.86356   83 4588 6199.00000 5256.44270  15.2%   725 4285s
 15981 14334 5455.25894  310 4538 6199.00000 5256.66195  15.2%   725 4291s
 15987 14338 5256.79861   83 4504 6199.00000 5256.79861  15.2%   724 4296s
 15993 14342 5256.84547  104 4652 6199.00000 5256.84547  15.2%   724 4301s
 15998 14346 5256.98488  320 4614 6199.00000 5256.98488  15.2%   724 4306s
 16001 14348 5373.88972  160 4529 6199.00000 5257.11626  15.2%   724 4310s
 16007 14352 5257.28730  131 4523 6199.00000 5257.28730  15.2%   723 4315s
 16012 14355 5894.73086  259 4642 6199.00000 5257.32942  15.2%   723 4320s
 16015 14357 5257.64584  149 4554 6199.00000 5257.64584  15.2%   723 4326s
 16019 14360 5257.76890  216 4484 6199.00000 5257.76890  15.2%   723 4330s
 16024 14363 6087.27882  277 4421 6199.00000 5257.84161  15.2%   723 4335s
 16030 14367 5869.12183  264 4409 6199.00000 5258.15354  15.2%   722 4341s
 16035 14370 5588.34167  367 4446 6199.00000 5258.26906  15.2%   722 4345s
 16038 14372 5258.92582  135 4074 6199.00000 5258.92582  15.2%   722 4351s
 16040 14374 5259.23805   51 4344 6199.00000 5259.23805  15.2%   722 4355s
 16045 14377 5259.62155  139 4263 6199.00000 5259.62155  15.2%   722 4363s
 16046 14378 5259.80964  119 4206 6199.00000 5259.80964  15.2%   722 4366s
 16050 14380 5259.95219  131 4414 6199.00000 5259.95219  15.1%   721 4370s
 16053 14382 5522.26225  371 4584 6199.00000 5260.12761  15.1%   721 4377s
 16055 14384 5260.20380   51 4479 6199.00000 5260.20380  15.1%   721 4380s
 16061 14388 5260.47605  141 4465 6199.00000 5260.47605  15.1%   721 4387s
 16062 14388 5260.66107   28 4397 6199.00000 5260.66107  15.1%   721 4390s
 16066 14391 5260.80775   39 4498 6199.00000 5260.80775  15.1%   721 4395s
 16070 14394 5261.08454  105 4524 6199.00000 5261.08454  15.1%   720 4401s
 16072 14395 5261.40664  228 4693 6199.00000 5261.40664  15.1%   720 4407s
 16076 14398 5261.45055   21 4619 6199.00000 5261.45055  15.1%   720 4411s
 16078 14399 6083.76596  297 4542 6199.00000 5261.76080  15.1%   720 4416s
 16083 14402 5261.83882  239 4637 6199.00000 5261.83882  15.1%   720 4420s
 16087 14405 5262.02996   83 4472 6199.00000 5262.02996  15.1%   720 4425s
 16089 14406 5262.24963   64 4480 6199.00000 5262.24963  15.1%   720 4430s
 16095 14410 5542.65775  378 4491 6199.00000 5262.39689  15.1%   719 4436s
 16098 14412 5262.51076  320 4535 6199.00000 5262.51076  15.1%   719 4440s
 16103 14416 5262.85067  273 4410 6199.00000 5262.85067  15.1%   719 4447s
 16105 14417 5263.06042  168 4463 6199.00000 5263.06042  15.1%   719 4450s
 16110 14420 5677.08981  222 4414 6199.00000 5263.30982  15.1%   719 4457s
 16112 14422 5894.73086  259 4591 6199.00000 5263.41648  15.1%   719 4460s
 16119 14426 5263.65468  216 4481 6199.00000 5263.65468  15.1%   718 4637s
 16120 14427 5263.71209  104 4636 6199.00000 5263.71209  15.1%   718 4664s
 16121 14428 5263.72357   98 4508 6199.00000 5263.72357  15.1%   718 4665s
 16126 14431 5685.76142  151 4462 6199.00000 5263.86717  15.1%   718 4672s
 16130 14434 5869.12183  264 4699 6199.00000 5263.91774  15.1%   718 4676s
 16131 14434 5692.06731  158 4470 6199.00000 5264.21019  15.1%   718 4680s
 16133 14436 5264.40651   31 4615 6199.00000 5264.40651  15.1%   718 4685s
 16137 14438 5264.43808   31 4692 6199.00000 5264.43808  15.1%   718 4690s
 16139 14440 5264.67281   95 4553 6199.00000 5264.67281  15.1%   717 4695s
 16144 14443 5676.18279  220 4602 6199.00000 5264.72410  15.1%   717 4700s
 16146 14444 5264.98104  119 4492 6199.00000 5264.98104  15.1%   717 4705s
 16153 14449 5522.26225  371 4535 6199.00000 5265.03136  15.1%   717 4710s
 16155 14450 5265.34966   51 4353 6199.00000 5265.34966  15.1%   717 4716s
 16161 14454 5265.40422  141 4419 6199.00000 5265.40422  15.1%   716 4721s
 16166 14459 5265.59804   39  973 6199.00000 5265.59804  15.1%   760 4733s
 16167 14460 5265.59804   34 1073 6199.00000 5265.59804  15.1%   760 4735s
 16169 14461 5265.59804  131 1252 6199.00000 5265.59804  15.1%   760 4745s
 16170 14462 5265.59804  105 1484 6199.00000 5265.59804  15.1%   760 4753s
 16171 14463 5265.59804  429 1623 6199.00000 5265.59804  15.1%   760 4762s
 16172 14463 5265.59804  228 1762 6199.00000 5265.59804  15.1%   760 4775s
 16173 14464 5613.37801  397 1884 6199.00000 5265.59804  15.1%   759 4790s
 16174 14465 5265.59804  152 2238 6199.00000 5265.59804  15.1%   759 4805s
 16175 14465 5265.59804   91 2370 6199.00000 5265.59804  15.1%   759 4823s
 16176 14466 5265.60169   21 2616 6199.00000 5265.60169  15.1%   759 4840s
 16177 14467 5858.86356   83 2902 6199.00000 5265.60169  15.1%   759 4857s
 16178 14467 6083.76596  297 2903 6199.00000 5265.61962  15.1%   759 4873s
 16179 14468 5265.61962  298 3286 6199.00000 5265.61962  15.1%   759 4889s
 16180 14469 5265.61962  170 3281 6199.00000 5265.61962  15.1%   759 4904s
 16181 14469 5455.25894  310 3716 6199.00000 5265.61962  15.1%   759 4917s
 16182 14470 6103.39698  303 3719 6199.00000 5265.61962  15.1%   759 4928s
 16183 14471 5265.61962  239 3941 6199.00000 5265.61962  15.1%   759 4938s
 16184 14471 5265.61962   50 3999 6199.00000 5265.61962  15.1%   759 4945s
 16185 14472 5924.83453  192 4331 6199.00000 5265.61962  15.1%   759 4950s
 16187 14473 5265.61962   83 4416 6199.00000 5265.61962  15.1%   759 4956s
 16193 14477 5265.61962  104 4442 6199.00000 5265.61962  15.1%   759 4962s
 16194 14478 5266.66810   76 4101 6199.00000 5266.66810  15.0%   758 4968s
 16195 14479 5542.65775  378 4224 6199.00000 5266.87038  15.0%   758 4970s
 16200 14482 5266.95161   51 3857 6199.00000 5266.95161  15.0%   758 4976s
 16201 14483 5373.88972  160 4252 6199.00000 5267.65588  15.0%   758 4981s
 16204 14485 5840.24141  232 4289 6199.00000 5267.83683  15.0%   758 4985s
 16207 14487 5268.24143  131 4181 6199.00000 5268.24143  15.0%   758 4992s
 16209 14488 5827.12252   85 4264 6199.00000 5268.40630  15.0%   758 4995s
 16212 14490 5894.73086  259 4205 6199.00000 5268.42005  15.0%   758 5000s
 16214 14491 5268.76107  192 4338 6199.00000 5268.76107  15.0%   758 5005s
 16219 14495 5268.83388  216 4347 6199.00000 5268.83388  15.0%   757 5012s
H16219 13769                    6196.0000000 5269.18982  15.0%   757 5023s
 16221 13770 5269.36605   98 4516 6196.00000 5269.36605  15.0%   757 5027s
 16224 13772 6087.27882  277 4555 6196.00000 5269.42916  15.0%   757 5030s
 16227 13774 6060.42519  657 4691 6196.00000 5269.44072  15.0%   757 5035s
 16228 13775 5651.18093  420 4373 6196.00000 5269.88071  14.9%   757 5041s
 16230 13776 5869.12183  264 4530 6196.00000 5270.06510  14.9%   757 5045s
 16235 13779 5588.34167  367 4481 6196.00000 5270.09189  14.9%   757 5051s
 16236 13780 6184.04902  334 4346 6196.00000 5270.50059  14.9%   757 5061s
 16239 13782 5270.63764   95 4376 6196.00000 5270.63764  14.9%   756 5065s
 16241 13783 5270.86240  158 4072 6196.00000 5270.86240  14.9%   756 5072s
 16244 13785 5676.18279  220 4143 6196.00000 5270.94631  14.9%   756 5075s
 16247 13787 5384.36275   41 4187 6196.00000 5271.29616  14.9%   756 5081s
 16252 13791 5561.79897  184 4243 6196.00000 5271.36140  14.9%   756 5087s
 16253 13791 5522.26225  371 4308 6196.00000 5271.57285  14.9%   756 5090s
 16257 13794 5271.69111  202 4306 6196.00000 5271.69111  14.9%   756 5095s
 16260 13796 6148.43345  319 4280 6196.00000 5271.88476  14.9%   755 5101s
 16264 13799 5271.91239   16 4456 6196.00000 5271.91239  14.9%   755 5107s
 16266 13800 5272.01569   39 4384 6196.00000 5272.01569  14.9%   755 5110s
 16269 13802 5272.11313  131 4241 6196.00000 5272.11313  14.9%   755 5115s
 16276 13807 5272.19254   21 4351 6196.00000 5272.19254  14.9%   755 5120s
 16278 13808 6083.76596  297 4233 6196.00000 5272.23969  14.9%   755 5125s
 16280 13809 5272.25131  170 4285 6196.00000 5272.25131  14.9%   754 5131s
 16281 13810 5455.25894  310 4255 6196.00000 5272.62292  14.9%   754 5135s
 16284 13812 5272.79407   50 4404 6196.00000 5272.79407  14.9%   754 5140s
 16289 13815 5272.80772   64 4457 6196.00000 5272.80772  14.9%   754 5145s
 16291 13817 5273.20389  144 4197 6196.00000 5273.20389  14.9%   754 5152s
 16295 13819 5542.65775  378 4492 6196.00000 5273.23981  14.9%   754 5155s
 16299 13822 5273.34273  164 4366 6196.00000 5273.34273  14.9%   754 5161s
 16303 13825 5273.38885  273 4469 6196.00000 5273.38885  14.9%   753 5165s
 16304 13825 5840.24141  232 4499 6196.00000 5273.54188  14.9%   753 5178s
 16305 13826 5273.61621  168 4577 6196.00000 5273.61621  14.9%   753 5182s
 16309 13829 5827.12252   85 4451 6196.00000 5273.69149  14.9%   753 5185s
 16312 13831 5894.73086  259 4541 6196.00000 5273.80777  14.9%   753 5190s
 16316 13833 5273.99456  214 4522 6196.00000 5273.99456  14.9%   753 5195s
 16322 13837 5274.06979   65 4698 6196.00000 5274.06979  14.9%   753 5200s
 16325 13839 5276.10534  275 4492 6196.00000 5274.33518  14.9%   752 5205s
 16329 13842 5274.57924   76 4400 6196.00000 5274.57924  14.9%   752 5211s
 16332 13844 5274.76721   85 4545 6196.00000 5274.76721  14.9%   752 5215s
 16338 13848 5274.89688  135 4566 6196.00000 5274.89688  14.9%   752 5221s
 16345 13853 5274.94687  139 4697 6196.00000 5274.94687  14.9%   751 5225s
 16347 13854 5384.36275   41 4573 6196.00000 5275.18653  14.9%   751 5230s
 16353 13858 5522.26225  371 4357 6196.00000 5275.37649  14.9%   751 5236s
 16356 13860 5275.49277   27 4493 6196.00000 5275.49277  14.9%   751 5240s
 16360 13863 6148.43345  319 4348 6196.00000 5275.61725  14.9%   751 5245s
 16367 13867 5275.69814   34 4445 6196.00000 5275.69814  14.9%   750 5250s
 16372 13871 5275.87006  228 4466 6196.00000 5275.87006  14.9%   750 5256s
 16377 13874 5858.86356   83 4426 6196.00000 5276.00046  14.8%   750 5261s
 16381 13877 5455.25894  310 4477 6196.00000 5276.02843  14.8%   750 5265s
 16383 13878 5276.43490  239 4542 6196.00000 5276.43490  14.8%   750 5270s
 16388 13881 5276.60622   44 4388 6196.00000 5276.60622  14.8%   749 5276s
 16392 13884 5276.71422   91 4532 6196.00000 5276.71422  14.8%   749 5280s
 16397 13887 5276.91159   67 4546 6196.00000 5276.91159  14.8%   749 5286s
 16402 13891 5276.96877   38 4690 6196.00000 5276.96877  14.8%   749 5291s
 16404 13892 5840.24141  232 4624 6196.00000 5277.29750  14.8%   749 5296s
 16408 13895 6185.64786  115 4736 6196.00000 5277.36772  14.8%   749 5301s
 16410 13896 5677.08981  222 4422 6196.00000 5277.77473  14.8%   748 5307s
 16413 13898 5474.26019  374 4429 6196.00000 5277.84001  14.8%   748 5310s
 16419 13902 5278.03810  216 4354 6196.00000 5278.03810  14.8%   748 5316s
 16421 13903 5278.19219   98 4425 6196.00000 5278.19219  14.8%   748 5320s
 16426 13907 5685.76142  151 4166 6196.00000 5278.48253  14.8%   748 5326s
 16429 13909 5278.65883   76 4286 6196.00000 5278.65883  14.8%   748 5330s
 16434 13912 5632.91515  492 4308 6196.00000 5278.82255  14.8%   747 5335s
 16440 13916 5278.92358   51 4452 6196.00000 5278.92358  14.8%   747 5340s
 16441 13917 5279.38179  158 4234 6196.00000 5279.38179  14.8%   747 5345s
 16445 13919 5279.54684  139 4320 6196.00000 5279.54684  14.8%   747 5350s
 16449 13922 5714.52776  463 4303 6196.00000 5279.82150  14.8%   747 5356s
 16452 13924 5561.79897  184 4561 6196.00000 5279.95569  14.8%   747 5360s
 16456 13927 5280.26931   27 4331 6196.00000 5280.26931  14.8%   746 5366s
 16459 13929 5280.38378   67 4484 6196.00000 5280.38378  14.8%   746 5370s
 16464 13932 5280.48346   16 4447 6196.00000 5280.48346  14.8%   746 5375s
 16470 13936 5280.55416  105 4424 6196.00000 5280.55416  14.8%   746 5380s
 16478 13941 6083.76596  297 4550 6196.00000 5280.63358  14.8%   745 5386s
 16481 13943 5455.25894  310 4351 6196.00000 5280.68954  14.8%   745 5390s
 16484 13945 5280.91159   50 4325 6196.00000 5280.91159  14.8%   745 5395s
 16489 13949 5281.13902   64 4281 6196.00000 5281.13902  14.8%   745 5400s
 16491 13950 5281.41466  144 4252 6196.00000 5281.41466  14.8%   745 5405s
 16496 13953 5281.73499  181 4154 6196.00000 5281.73499  14.8%   745 5412s
 16498 13955 5281.88112  320 4129 6196.00000 5281.88112  14.8%   744 5415s
 16503 13958 5281.94773  273 4360 6196.00000 5281.94773  14.8%   744 5420s
 16504 13959 5840.24141  232 4241 6196.00000 5282.50134  14.7%   744 5426s
 16506 13960 5282.74538  144 4365 6196.00000 5282.74538  14.7%   744 5430s
 16511 13963 5282.81437   51 4407 6196.00000 5282.81437  14.7%   744 5436s
 16512 13964 5894.73086  259 4212 6196.00000 5283.18470  14.7%   744 5440s
 16515 13966 5283.44184  149 4109 6196.00000 5283.44184  14.7%   744 5445s
 16519 13969 5283.96134  216 4195 6196.00000 5283.96134  14.7%   744 5453s
 16520 13969 5284.21755  104 4411 6196.00000 5284.21755  14.7%   744 5457s
 16522 13971 5284.32065   65 4297 6196.00000 5284.32065  14.7%   743 5460s
 16528 13975 5651.18093  420 4162 6196.00000 5284.52247  14.7%   743 5467s
 16530 13976 5869.12183  264 4357 6196.00000 5284.63441  14.7%   743 5470s
 16533 13978 5284.93381   31 4606 6196.00000 5284.93381  14.7%   743 5475s
 16536 13980 6184.04902  334 4555 6196.00000 5285.09899  14.7%   743 5480s
 16542 13984 5285.28112   40 4490 6196.00000 5285.28112  14.7%   743 5486s
 16546 13987 5285.39018  119 4550 6196.00000 5285.39018  14.7%   742 5490s
 16549 13989 5714.52776  463 4509 6196.00000 5285.71129  14.7%   742 5496s
 16555 13993 5285.78675   51 4529 6196.00000 5285.78675  14.7%   742 5500s
 16559 13995 5286.08517   67 4619 6196.00000 5286.08517  14.7%   742 5506s
 16565 13999 5286.14190   23 4514 6196.00000 5286.14190  14.7%   741 5510s
 16568 14001 5286.50980   17 4353 6196.00000 5286.50980  14.7%   741 5516s
 16572 14004 5286.61039  228 4469 6196.00000 5286.61039  14.7%   741 5520s
 16576 14007 5286.81635   21 4219 6196.00000 5286.81635  14.7%   741 5526s
 16578 14008 6083.76596  297 4472 6196.00000 5287.10636  14.7%   741 5531s
 16585 14013 5924.83453  192 4630 6196.00000 5287.16368  14.7%   741 5536s
 16588 14015 5287.30803   44 4517 6196.00000 5287.30803  14.7%   740 5540s
 16593 14018 5287.49122  104 4184 6196.00000 5287.49122  14.7%   740 5545s
 16599 14022 5287.64575  164 4376 6196.00000 5287.64575  14.7%   740 5550s
 16604 14025 5840.24141  232 4445 6196.00000 5287.81180  14.7%   740 5555s
 16608 14028 6185.64786  115 4461 6196.00000 5287.88726  14.7%   740 5560s
 16614 14032 5287.94956  192 4504 6196.00000 5287.94956  14.7%   739 5565s
 16619 14035 5288.01934  216 4500 6196.00000 5288.01934  14.7%   739 5570s
 16622 14037 5288.44078   65 4503 6196.00000 5288.44078  14.6%   739 5577s
 16627 14041 6060.42519  657 4456 6196.00000 5288.47800  14.6%   739 5581s
 16631 14043 5692.06731  158 4434 6196.00000 5288.63336  14.6%   739 5585s
 16635 14046 5588.34167  367 4446 6196.00000 5288.69950  14.6%   738 5601s
 16636 14047 6184.04902  334 4546 6196.00000 5288.75024  14.6%   738 5605s
 16641 14050 5288.85957  158 4477 6196.00000 5288.85957  14.6%   738 5611s
 16647 14054 5384.36275   41 4554 6196.00000 5288.93282  14.6%   738 5615s
 16652 14057 5561.79897  184 4558 6196.00000 5288.94938  14.6%   738 5620s
 16657 14061 5289.05118  202 4601 6196.00000 5289.05118  14.6%   737 5626s
 16662 14064 5289.12641   28 4615 6196.00000 5289.12641  14.6%   737 5631s
 16664 14065 5289.26583   16 4496 6196.00000 5289.26583  14.6%   737 5635s
 16670 14069 5289.32648  105 4421 6196.00000 5289.32648  14.6%   737 5640s
 16674 14072 5289.43831  152 4426 6196.00000 5289.43831  14.6%   737 5645s
 16679 14075 5289.55822  298 4482 6196.00000 5289.55822  14.6%   736 5650s
 16684 14079 5289.66631   50 4383 6196.00000 5289.66631  14.6%   736 5655s
 16689 14082 5289.78444   64 4559 6196.00000 5289.78444  14.6%   736 5661s
 16693 14085 5289.83616  104 4708 6196.00000 5289.83616  14.6%   736 5666s
 16698 14088 5289.93798  320 4545 6196.00000 5289.93798  14.6%   736 5671s
 16702 14091 5289.98419   38 4657 6196.00000 5289.98419  14.6%   735 5675s
 16708 14095 6185.64786  115 4522 6196.00000 5290.10076  14.6%   735 5681s
 16711 14097 5290.19812   51 4469 6196.00000 5290.19812  14.6%   735 5685s
 16715 14099 5290.36768  149 4319 6196.00000 5290.36768  14.6%   735 5691s
 16719 14102 5290.53650  216 4209 6196.00000 5290.53650  14.6%   735 5697s
 16722 14104 5290.64607   65 4384 6196.00000 5290.64607  14.6%   735 5700s
 16727 14107 6060.42519  657 4345 6196.00000 5290.72505  14.6%   734 5705s
 16734 14112 5632.91515  492 4483 6196.00000 5290.76172  14.6%   734 5711s
 16739 14115 5290.82866   95 4703 6196.00000 5290.82866  14.6%   734 5715s
 16746 14120 5290.84140  119 4550 6196.00000 5290.84140  14.6%   733 5721s
 16750 14123 5290.88386  131 4658 6196.00000 5290.88386  14.6%   733 5725s
 16755 14126 5291.03466   51 4515 6196.00000 5291.03466  14.6%   733 5731s
 16759 14129 5291.10959   67 4637 6196.00000 5291.10959  14.6%   733 5735s
 16763 14131 5291.22633  142 4500 6196.00000 5291.22633  14.6%   733 5740s
 16768 14135 5291.29688   17 4515 6196.00000 5291.29688  14.6%   733 5745s
 16774 14139 5291.34377  152 4532 6196.00000 5291.34377  14.6%   732 5750s
 16781 14143 5455.25894  310 4594 6196.00000 5291.38010  14.6%   732 5756s
 16789 14149 5291.43532   64 4538 6196.00000 5291.43532  14.6%   732 5761s
 16792 14151 5291.57608   91 4490 6196.00000 5291.57608  14.6%   731 5765s
 16798 14155 5291.68259  320 4392 6196.00000 5291.68259  14.6%   731 5770s
 16805 14159 5291.72933  168 4466 6196.00000 5291.72933  14.6%   731 5775s
 16812 14164 5894.73086  259 4476 6196.00000 5291.78518  14.6%   731 5781s
 16815 14166 5291.89040  149 4407 6196.00000 5291.89040  14.6%   730 5785s
 16824 14173 6087.27882  277  973 6196.00000 5292.01084  14.6%   761 5798s
 16825 14174 5292.01084  275 1099 6196.00000 5292.01084  14.6%   761 5802s
 16826 14175 5685.76142  151 1115 6196.00000 5292.01084  14.6%   761 5805s
 16827 14175 6060.42519  657 1310 6196.00000 5292.01084  14.6%   761 5812s
 16828 14176 5651.18093  420 1397 6196.00000 5292.01084  14.6%   761 5818s
 16829 14177 5292.01084   76 1529 6196.00000 5292.01084  14.6%   761 5828s
 16830 14177 5869.12183  264 1618 6196.00000 5292.01084  14.6%   761 5841s
 16831 14178 5692.06731  158 1964 6196.00000 5292.01084  14.6%   761 5854s
 16832 14179 5292.01084   85 2035 6196.00000 5292.01084  14.6%   761 5869s
 16833 14179 5292.01084   31 2504 6196.00000 5292.01084  14.6%   761 5888s
 16834 14180 5632.91515  492 2603 6196.00000 5292.01093  14.6%   761 5906s
 16835 14181 5588.34167  367 2764 6196.00000 5292.09794  14.6%   761 5922s
 16836 14181 6184.04902  334 3028 6196.00000 5292.09794  14.6%   761 5940s
 16837 14182 5292.09794   31 3120 6196.00000 5292.09794  14.6%   761 5957s
 16838 14183 5292.09794  135 3117 6196.00000 5292.09794  14.6%   761 5972s
 16839 14183 5292.09794   95 3465 6196.00000 5292.09794  14.6%   761 5985s
 16840 14184 5292.09794   51 3679 6196.00000 5292.09794  14.6%   761 5997s
 16841 14185 5292.09794  158 3960 6196.00000 5292.09794  14.6%   761 6008s
 16842 14185 5292.09794   40 4041 6196.00000 5292.09794  14.6%   761 6017s
 16843 14186 5292.09794   55 4293 6196.00000 5292.09794  14.6%   761 6022s
 16844 14187 5676.18279  220 4091 6196.00000 5292.09794  14.6%   761 6026s
 16847 14189 5384.36275   41 4373 6196.00000 5292.09794  14.6%   760 6031s
 16853 14193 5522.26225  371 4456 6196.00000 5292.09794  14.6%   760 6036s
 16855 14194 5292.33701   51 4385 6196.00000 5292.33701  14.6%   760 6041s
 16858 14196 5292.35775  263 4350 6196.00000 5292.35775  14.6%   760 6046s
 16864 14200 5292.46329   16 4487 6196.00000 5292.46329  14.6%   760 6050s
 16867 14202 5292.53819   34 4239 6196.00000 5292.53819  14.6%   760 6055s
 16874 14207 5292.56002  152 4471 6196.00000 5292.56002  14.6%   759 6061s
 16877 14209 5858.86356   83 4145 6196.00000 5292.86516  14.6%   759 6065s
 16880 14211 5292.88871  170 4292 6196.00000 5292.88871  14.6%   759 6070s
 16881 14211 5455.25894  310 4252 6196.00000 5293.15123  14.6%   759 6076s
 16886 14215 5590.09014  182 4183 6196.00000 5293.28999  14.6%   759 6080s
 16888 14216 5293.50048   44 4194 6196.00000 5293.50048  14.6%   759 6086s
 16892 14219 5293.59110   91 4235 6196.00000 5293.59110  14.6%   758 6090s
 16894 14220 5293.74633   76 4226 6196.00000 5293.74633  14.6%   758 6096s
 16898 14223 5293.84038  320 4200 6196.00000 5293.84038  14.6%   758 6103s
 16899 14223 5294.08425  164 4148 6196.00000 5294.08425  14.6%   758 6107s
 16901 14225 5373.88972  160 4136 6196.00000 5294.19083  14.6%   758 6110s
 16906 14228 5294.23752  144 4246 6196.00000 5294.23752  14.6%   758 6117s
 16907 14229 5294.43614  131 4181 6196.00000 5294.43614  14.6%   758 6120s
 16912 14232 5894.73086  259 4259 6196.00000 5294.49373  14.5%   758 6126s
 16915 14234 5294.63164  149 4327 6196.00000 5294.63164  14.5%   757 6130s
 16917 14235 5942.94054  272 4098 6196.00000 5294.78685  14.5%   757 6140s
 16920 14237 5294.96458  104 4342 6196.00000 5294.96458  14.5%   757 6145s
 16924 14240 6087.27882  277 4290 6196.00000 5295.02768  14.5%   757 6150s
 16932 14245 5295.06964   85 4277 6196.00000 5295.06964  14.5%   757 6157s
 16934 14247 5632.91515  492 4273 6196.00000 5295.23105  14.5%   757 6160s
 16937 14249 5295.24030   31 4298 6196.00000 5295.24030  14.5%   756 6165s
 16941 14251 5295.50664  158 4288 6196.00000 5295.50664  14.5%   756 6170s
 16945 14254 5295.51455  139 4334 6196.00000 5295.51455  14.5%   756 6175s
 16947 14255 5384.36275   41 4408 6196.00000 5295.83868  14.5%   756 6181s
 16950 14257 5295.84689  131 4328 6196.00000 5295.84689  14.5%   756 6185s
 16953 14259 5522.26225  371 4333 6196.00000 5296.19481  14.5%   756 6190s
 16956 14261 5296.56807   27 4144 6196.00000 5296.56807  14.5%   756 6205s
 16959 14263 5296.74189   67 4266 6196.00000 5296.74189  14.5%   755 6210s
 16962 14265 5296.91254   28 4141 6196.00000 5296.91254  14.5%   755 6215s
 16967 14269 5296.99603   34 4518 6196.00000 5296.99603  14.5%   755 6220s
 16973 14273 5613.37801  397 4273 6196.00000 5297.05594  14.5%   755 6225s
 16978 14276 6083.76596  297 4476 6196.00000 5297.20478  14.5%   755 6231s
 16985 14281 5924.83453  192 4569 6196.00000 5297.24566  14.5%   754 6236s
 16990 14284 5297.33968  149 4488 6196.00000 5297.33968  14.5%   754 6241s
 16996 14288 5297.43260  181 4669 6196.00000 5297.43260  14.5%   754 6246s
 16999 14290 5297.54440  164 4504 6196.00000 5297.54440  14.5%   754 6250s
 17004 14293 5840.24141  232 4553 6196.00000 5297.64248  14.5%   753 6255s
 17010 14297 5677.08981  222 4517 6196.00000 5297.69899  14.5%   753 6260s
 17013 14299 5474.26019  374 4374 6196.00000 5297.89067  14.5%   753 6265s
 17017 14302 5942.94054  272 4265 6196.00000 5298.00787  14.5%   753 6270s
 17021 14305 5298.14900   98 4335 6196.00000 5298.14900  14.5%   753 6275s
 17026 14308 5685.76142  151 4520 6196.00000 5298.22706  14.5%   752 6280s
 17029 14310 5298.43909   76 4436 6196.00000 5298.43909  14.5%   752 6285s
 17033 14313 5298.55471   31 4304 6196.00000 5298.55471  14.5%   752 6290s
 17039 14317 5298.87701   95 4433 6196.00000 5298.87701  14.5%   752 6299s
 17040 14317 5298.94021   51 4367 6196.00000 5298.94021  14.5%   752 6300s
 17046 14321 5298.99794  119 4510 6196.00000 5298.99794  14.5%   752 6306s
 17047 14322 5384.36275   41 4419 6196.00000 5299.37522  14.5%   752 6310s
 17051 14325 5299.51464   93 4657 6196.00000 5299.51464  14.5%   751 6315s
 17055 14327 5299.63102   51 4477 6196.00000 5299.63102  14.5%   751 6320s
 17061 14331 5299.70923  141 4528 6196.00000 5299.70923  14.5%   751 6325s
 17065 14334 5299.78169   23 4347 6196.00000 5299.78169  14.5%   751 6330s
 17070 14337 5299.91315  105 4398 6196.00000 5299.91315  14.5%   750 6336s
 17074 14340 5300.07682  152 4390 6196.00000 5300.07682  14.5%   750 6340s
 17080 14344 5300.12159  170 4460 6196.00000 5300.12159  14.5%   750 6345s
 17085 14347 5924.83453  192 4387 6196.00000 5300.19427  14.5%   750 6350s
 17089 14350 5300.32514   64 4632 6196.00000 5300.32514  14.5%   750 6355s
 17093 14353 5300.39818  104 4651 6196.00000 5300.39818  14.5%   749 6360s
 17097 14355 5300.51087   67 4441 6196.00000 5300.51087  14.5%   749 6365s
 17104 14360 5840.24141  232 4605 6196.00000 5300.62408  14.5%   749 6371s
 17110 14364 5677.08981  222 4603 6196.00000 5300.67896  14.4%   749 6376s
 17112 14365 5894.73086  259 4345 6196.00000 5300.94063  14.4%   749 6380s
 17118 14369 5538.60819   55 4458 6196.00000 5301.07325  14.4%   748 6386s
 17122 14372 5301.10254   65 4550 6196.00000 5301.10254  14.4%   748 6390s
 17125 14374 5301.25173  275 4618 6196.00000 5301.25173  14.4%   748 6395s
 17129 14377 5301.42801   76 4557 6196.00000 5301.42801  14.4%   748 6400s
 17136 14381 6184.04902  334 4691 6196.00000 5301.47950  14.4%   748 6405s
 17138 14383 5301.78409  135 4559 6196.00000 5301.78409  14.4%   748 6410s
 17144 14387 5676.18279  220 4578 6196.00000 5301.82853  14.4%   747 6415s
 17147 14389 5384.36275   41 4597 6196.00000 5302.06882  14.4%   747 6421s
 17152 14392 5561.79897  184 4525 6196.00000 5302.29825  14.4%   747 6428s
 17153 14393 5522.26225  371 4480 6196.00000 5302.39822  14.4%   747 6430s
 17160 14397 6148.43345  319 4584 6196.00000 5302.43857  14.4%   747 6435s
 17162 14399 5302.62616   28 4575 6196.00000 5302.62616  14.4%   746 6440s
 17167 14402 5302.73108   34 4639 6196.00000 5302.73108  14.4%   746 6459s
 17168 14403 5302.75755   17 4638 6196.00000 5302.75755  14.4%   746 6461s
 17173 14406 5613.37801  397 4668 6196.00000 5302.76714  14.4%   746 6465s
 17175 14407 5302.90798   91 4550 6196.00000 5302.90798  14.4%   746 6470s
 17180 14411 5303.09798  170 4427 6196.00000 5303.09798  14.4%   746 6475s
 17185 14414 5924.83453  192 4763 6196.00000 5303.20732  14.4%   745 6480s
 17187 14415 5303.39973   83 4521 6196.00000 5303.39973  14.4%   745 6485s
H17187 13688                    6195.0000000 5303.52307  14.4%   745 6487s
 17190 13690 5303.59049  149 4332 6195.00000 5303.59049  14.4%   745 6490s
 17195 13694 5542.65775  378 4314 6195.00000 5303.69398  14.4%   745 6495s
 17202 13698 5303.76131   38 4476 6195.00000 5303.76131  14.4%   745 6500s
 17203 13699 5304.03632  273 4653 6195.00000 5304.03632  14.4%   745 6505s
 17209 13703 5827.12252   85 4593 6195.00000 5304.24251  14.4%   744 6510s
 17216 13708 5304.27582  214 4749 6195.00000 5304.27582  14.4%   744 6516s
 17221 13711 5304.31850   98 4755 6195.00000 5304.31850  14.4%   744 6521s
 17227 13715 6060.42519  657 4623 6195.00000 5304.45915  14.4%   744 6525s
 17234 13720 5632.91515  492 4558 6195.00000 5304.51843  14.4%   743 6530s
 17238 13722 5304.64385  135 4666 6195.00000 5304.64385  14.4%   743 6535s
 17243 13726 5304.75709   55 4800 6195.00000 5304.75709  14.4%   743 6542s
 17246 13728 5304.81462  119 4873 6195.00000 5304.81462  14.4%   743 6545s
 17251 13731 5304.82856   93 4828 6195.00000 5304.82856  14.4%   743 6550s
 17257 13735 5304.85667  202 4805 6195.00000 5304.85667  14.4%   742 6556s
 17261 13738 5304.88599  141 4701 6195.00000 5304.88599  14.4%   742 6560s
 17267 13742 5304.90686   34 4847 6195.00000 5304.90686  14.4%   742 6565s
 17273 13746 5613.37801  397 4694 6195.00000 5304.97247  14.4%   742 6571s
 17277 13748 5858.86356   83 4777 6195.00000 5305.01705  14.4%   742 6576s
 17282 13752 6103.39698  303 4726 6195.00000 5305.03394  14.4%   741 6580s
 17287 13755 5305.14347   83 4754 6195.00000 5305.14347  14.4%   741 6585s
 17293 13759 5305.22306  104 4575 6195.00000 5305.22306  14.4%   741 6590s
 17297 13762 5305.36376   67 4742 6195.00000 5305.36376  14.4%   741 6595s
 17303 13766 5305.42947  273 4715 6195.00000 5305.42947  14.4%   740 6601s
 17305 13767 5305.61423  168 4540 6195.00000 5305.61423  14.4%   740 6605s
 17311 13771 5305.70503   51 4720 6195.00000 5305.70503  14.4%   740 6611s
 17315 13774 5305.77160  149 4622 6195.00000 5305.77160  14.4%   740 6616s
 17320 13777 5305.80456  104 4688 6195.00000 5305.80456  14.4%   740 6620s
 17326 13781 5685.76142  151 4718 6195.00000 5305.84774  14.4%   739 6625s
 17330 13784 5869.12183  264 4627 6195.00000 5305.89705  14.4%   739 6630s
 17335 13787 5588.34167  367 4580 6195.00000 5305.95938  14.4%   739 6635s
 17342 13792 5305.98939   40 4620 6195.00000 5305.98939  14.4%   739 6640s
 17349 13796 5714.52776  463 4769 6195.00000 5306.02943  14.3%   738 6646s
 17354 13800 5306.09984   33 4750 6195.00000 5306.09984  14.3%   738 6651s
 17360 13804 6148.43345  319 4702 6195.00000 5306.11332  14.3%   738 6656s
 17363 13806 5306.12347  142 4711 6195.00000 5306.12347  14.3%   738 6742s
 17364 13809 5306.19735   61 4422 6195.00000 5306.12919  14.3%   763 6775s
 17366 13813 5306.28027   62 4590 6195.00000 5306.19768  14.3%   763 6807s
 17370 13819 5306.38672   63 4380 6195.00000 5306.28110  14.3%   765 6842s
 17378 13825 5322.35361   64 4031 6195.00000 5306.38687  14.3%   768 6944s
 17386 13846 5333.42871   65 3965 6195.00000 5306.38687  14.3%   774 7103s
 17410 13870 5345.64265   66 3966 6195.00000 5307.23832  14.3%   817 7170s
H17430 13163                    6193.0000000 5307.23845  14.3%   822 7170s
 17442 13298 5349.74922   67 3844 6193.00000 5308.08694  14.3%   829 7232s
H17581 12625                    6192.0000000 5308.08694  14.3%   845 7255s
H17594 11990                    6191.0000000 5308.08694  14.3%   847 7255s
 17618 12075 5357.31716   74 3528 6191.00000 5308.08694  14.3%   849 7286s
 17711 12136 5358.61945   78 3475 6191.00000 5308.08694  14.3%   856 7314s
 17803 12178 5360.04385   81 3672 6191.00000 5308.08694  14.3%   862 7338s
 17876 12186 5365.61279   83 3491 6191.00000 5308.08694  14.3%   866 7353s
 17908 12211 5366.61283   84 3505 6191.00000 5308.08694  14.3%   869 7370s
 17944 12226 5359.47435   82 3547 6191.00000 5308.08694  14.3%   872 7393s
 17971 12246 5366.77732   85 3612 6191.00000 5308.08694  14.3%   876 7413s
 18000 12267 5366.82843   86 3594 6191.00000 5308.08694  14.3%   877 7432s
 18031 12289 5367.04686   87 3617 6191.00000 5308.08694  14.3%   879 7446s
 18063 12319 5367.62716   88 3572 6191.00000 5308.08694  14.3%   880 7468s
 18104 12365 5367.70960   89 3543 6191.00000 5308.08694  14.3%   882 7493s
 18163 12417 5405.39890   92 3480 6191.00000 5308.08694  14.3%   886 7521s
 18235 12463 5406.47306   93 3505 6191.00000 5308.08694  14.3%   889 7546s
 18305 12473 5421.77455   96 3451 6191.00000 5308.08694  14.3%   894 7561s
 18338 12515 5429.68644   97 3481 6191.00000 5308.08694  14.3%   895 7589s
 18391 12560 5430.18426   98 3386 6191.00000 5308.08694  14.3%   901 7617s
 18454 12625 5433.09026  101 3275 6191.00000 5308.08694  14.3%   906 7645s
 18540 12711 5458.30146  104 3427 6191.00000 5308.08694  14.3%   911 7670s
 18655 12771 5470.04964  107 3378 6191.00000 5308.08694  14.3%   916 7698s
 18753 12791 5473.26729  111 3442 6191.00000 5308.08694  14.3%   923 7725s
 18808 12887 5478.48448  113 3433 6191.00000 5308.08694  14.3%   926 7754s
 18922 12989 5482.20917  116 3219 6191.00000 5308.08694  14.3%   933 7786s
 19062 13093 5483.83474  122 3315 6191.00000 5308.08694  14.3%   939 7817s
 19213 13075 5487.92561  127 3359 6191.00000 5308.08694  14.3%   944 7836s
 19245 13197 5488.49909  128 3356 6191.00000 5308.08694  14.3%   946 7870s
 19378 13184 5490.49663  136 3235 6191.00000 5308.08694  14.3%   948 7899s
 19409 13222 5492.63384  137 2999 6191.00000 5308.08694  14.3%   952 7928s
H19449 12608                    6190.0000000 5308.08694  14.2%   954 7928s
 19459 12691 5493.20958  138 3026 6190.00000 5308.08694  14.2%   955 7957s
 19545 12795 5505.02393  142 2993 6190.00000 5308.08694  14.2%   957 8000s
 19678 12842 5555.35181  153 3017 6190.00000 5308.08694  14.2%   966 8042s
 19769 12970 5556.16037  155 3007 6190.00000 5308.08694  14.2%   972 8093s
 19927 12949 5565.70752  163 3108 6190.00000 5308.08694  14.2%   979 8117s
 19959 12971 5567.10258  164 3248 6190.00000 5308.08694  14.2%   981 8150s
 19992 13011 5567.17345  165 3232 6190.00000 5308.08694  14.2%   986 8181s
 20043 13099 5568.74308  168 3147 6190.00000 5308.08694  14.2%   989 8226s
 20148 13277 5586.23305  170 2980 6190.00000 5308.08694  14.2%   995 8267s
 20361 13438 5609.02625  177 2676 6190.00000 5308.08694  14.2%  1002 8313s
 20593 13587 5618.53362  190 2449 6190.00000 5308.08694  14.2%  1010 8364s
 20819 13544 5629.24330  202 2598 6190.00000 5308.08694  14.2%  1018 8401s
 20851 13565 5629.43505  203 2631 6190.00000 5308.08694  14.2%  1019 8436s
 20883 13612 5629.63436  204 2583 6190.00000 5308.08694  14.2%  1021 8472s
 20942 13707 5629.82529  205 2554 6190.00000 5308.08694  14.2%  1022 8520s
 21056 13988 5630.59425  208 2532 6190.00000 5308.08694  14.2%  1026 8577s
 21375 14018 5680.16290  222 2241 6190.00000 5308.08694  14.2%  1033 8624s
 21512 14346 5721.04845  227 2210 6190.00000 5308.08694  14.2%  1038 8685s
 21885 14569 5765.02059  247 2001 6190.00000 5308.08694  14.2%  1046 8750s
 22243 14779 5850.91837  261 1940 6190.00000 5308.08694  14.2%  1054 8813s
 22590 14930 5958.40200  276 1851 6190.00000 5308.08694  14.2%  1060 8873s
 22877 14870 5967.94718  280 1750 6190.00000 5308.08694  14.2%  1068 8918s
 22914 15070 5968.56792  281 1705 6190.00000 5308.08694  14.2%  1070 9024s
 23137 15392 5990.06248  290 1688 6190.00000 5308.08694  14.2%  1075 9099s
 23551 15693 6031.57142  311 1523 6190.00000 5308.34562  14.2%  1084 9180s
 24039 15873 6140.72067  331 1406 6190.00000 5308.34562  14.2%  1091 9259s
 24417 16256     cutoff  368      6190.00000 5308.60899  14.2%  1100 9351s
 24936 16517 5433.72658   83 3643 6190.00000 5308.60899  14.2%  1108 9436s
 25418 16816 5476.89194   91 3572 6190.00000 5308.60899  14.2%  1119 9532s
 25943 17055 5483.82633   95 3533 6190.00000 5308.60899  14.2%  1126 9632s
 26395 17165 5496.92270  104 3493 6190.00000 5308.60899  14.2%  1138 9716s
 26656 17602 5515.33778  111 3489 6190.00000 5308.60899  14.2%  1146 9808s
 27244 17921 5525.66233  129 3313 6190.00000 5308.60899  14.2%  1153 9917s
 27831 17859 5566.59588  140 3345 6190.00000 5308.60899  14.2%  1157 10004s
 27989 18349 5572.99461  141 3538 6190.00000 5308.60899  14.2%  1162 10108s
 28537 18760 5597.79597  158 3132 6190.00000 5308.60899  14.2%  1173 10222s
 29157 19237 5625.42410  173 3255 6190.00000 5308.60899  14.2%  1181 10353s
 29881 19407 5751.30698  187 2838 6190.00000 5308.60899  14.2%  1194 10455s
 30300 19300 5804.79514  204 2564 6190.00000 5308.60899  14.2%  1208 10527s
H30311 18726                    6188.0000000 5308.60899  14.2%  1208 10527s
H30328 18179                    6187.0000000 5308.60899  14.2%  1208 10527s
 30333 18448 5805.63367  205 2472 6187.00000 5308.60899  14.2%  1209 10622s
 30604 19084 5820.11855  218 2510 6187.00000 5308.60899  14.2%  1215 10752s
 31332 19531 6007.22128  254 2393 6187.00000 5308.60899  14.2%  1228 10880s
 32044 19736 6175.98409  280 1764 6187.00000 5308.60899  14.2%  1240 10985s
 32500 20365 5344.55866   72 3901 6187.00000 5308.60899  14.2%  1246 11130s
 33330 20896 5357.57593   87 3821 6187.00000 5308.60899  14.2%  1253 11288s
 34140 21135 5383.80046  103 3877 6187.00000 5308.60899  14.2%  1264 11409s
 34671 21924 5394.28965  115 4001 6187.00000 5308.60899  14.2%  1267 11558s
 35655 22578 5407.44139  136 3736 6187.00000 5308.60899  14.2%  1274 11731s
 36723 22280 5421.50057  164 3600 6187.00000 5308.60899  14.2%  1279 11829s
H36748 21757                    6186.0000000 5308.60899  14.2%  1280 11829s
 36781 22565 5421.53829  165 3438 6186.00000 5308.60899  14.2%  1281 11984s
 37602 22720 5436.29337  188 3376 6186.00000 5308.60899  14.2%  1287 12108s
 38063 23562 5444.06712  194 3600 6186.00000 5308.60899  14.2%  1287 12282s
 39187 24168 5456.48793  211 3508 6186.00000 5308.60899  14.2%  1287 12462s
 40217 24585 5475.54701  231 3559 6186.00000 5308.60899  14.2%  1300 12663s
 41043 25205 5642.55235  254 3559 6186.00000 5308.60899  14.2%  1317 12853s
 41961 25591 5716.62226  282 3282 6186.00000 5308.60899  14.2%  1331 13026s
 42673 26373 5815.54570  299 3113 6186.00000 5308.60899  14.2%  1343 13247s
 43748 27138 5857.49507  333 2967 6186.00000 5308.60899  14.2%  1358 13456s
 44980 27874 5897.66200  391 2281 6186.00000 5308.60899  14.2%  1363 13691s
 46209 27599 6004.64129  455 1798 6186.00000 5308.60899  14.2%  1375 13834s
H46212 27556                    6180.0000000 5308.60899  14.1%  1375 13834s
 46318 28943 6005.86085  457 1851 6180.00000 5308.60899  14.1%  1376 14070s
 47767 30040 6067.52529  601 1693 6180.00000 5308.60899  14.1%  1384 14309s
 48938 31580 5334.06139   78 3688 6180.00000 5308.60899  14.1%  1389 14567s
 50482 33111 5345.98397   84 3590 6180.00000 5308.60899  14.1%  1397 14863s
 52081 33892 5360.02372   95 3204 6180.00000 5308.60899  14.1%  1406 15106s
H52800 33674                    6173.0000000 5309.98730  14.0%  1412 15106s
 52966 35270 5364.47405  100 3294 6173.00000 5309.98730  14.0%  1411 15436s
 54578 36819 5392.57557  111 3079 6173.00000 5309.98730  14.0%  1421 15802s
 56203 38371 5391.61628  122 3083 6173.00000 5310.11400  14.0%  1430 16139s
 57799 39347 5396.34895  133 2983 6173.00000 5310.11400  14.0%  1435 16486s
 58846 39348 5537.26348  159 12427 6173.00000 5310.11400  14.0%  1438 17750s
 58848 39349 5410.55907   97  998 6173.00000 5310.11400  14.0%  1438 17758s
 58849 39350 5350.44331   67 1099 6173.00000 5310.11400  14.0%  1438 17761s
 58850 39351 5533.32659  260 1145 6173.00000 5310.11400  14.0%  1438 17765s
 58851 39351 5418.28926  100 1247 6173.00000 5310.11400  14.0%  1438 17771s
 58852 39352 5881.71105  384 1363 6173.00000 5310.11400  14.0%  1438 17779s
 58853 39353 5339.34522  102 1618 6173.00000 5310.11400  14.0%  1438 17791s
 58854 39353 5672.60027  415 1660 6173.00000 5310.11400  14.0%  1438 17808s
 58855 39354 6066.68022  307 1744 6173.00000 5310.11400  14.0%  1438 17826s
 58856 39355 5651.30286  165 1999 6173.00000 5310.11400  14.0%  1438 17844s
 58857 39355 5821.28330  223 2025 6173.00000 5310.11400  14.0%  1438 17860s
 58858 39356 6151.20452  647 2309 6173.00000 5310.11400  14.0%  1438 17882s
 58859 39357 5863.87750  335 2526 6173.00000 5310.11400  14.0%  1438 17901s
 58860 39357 5469.08061  249 2690 6173.00000 5310.11400  14.0%  1438 17919s
 58861 39358 5483.06816  200 2926 6173.00000 5310.11400  14.0%  1438 17936s
 58862 39359 6123.75971  321 3003 6173.00000 5313.21606  13.9%  1438 17957s
 58863 39359 5508.01302  217 3243 6173.00000 5321.40273  13.8%  1437 17974s
 58864 39360 5477.93207  177 3476 6173.00000 5326.33002  13.7%  1437 17988s
 58865 39361 5752.53258  534 3267 6173.00000 5328.76569  13.7%  1437 17997s
 58866 39361 5383.46289  107 3451 6173.00000 5330.04557  13.7%  1437 18003s
 58867 39362 5442.04283   80 3517 6173.00000 5330.57025  13.6%  1437 18008s
 58868 39363 5531.89743  200 3722 6173.00000 5330.74779  13.6%  1437 18011s
 58873 39366 5777.84266  307 3724 6173.00000 5330.84292  13.6%  1437 18018s
 58874 39367 5976.96401  426 3632 6173.00000 5336.98411  13.5%  1437 18033s
 58875 39367 5826.07846  386 3408 6173.00000 5338.89189  13.5%  1437 18042s
 58876 39368 5653.74628  408 3594 6173.00000 5339.95261  13.5%  1437 18049s
 58877 39369 6082.34601  373 3585 6173.00000 5340.20011  13.5%  1437 18052s
 58879 39370 5533.03692  210 3607 6173.00000 5340.36398  13.5%  1437 18055s
 58884 39373 6135.95511  316 3729 6173.00000 5340.40573  13.5%  1437 18086s
 58885 39374 6076.37180  381 3474 6173.00000 5345.35236  13.4%  1437 18099s
 58886 39375 5401.90859  174 3667 6173.00000 5346.59398  13.4%  1437 18107s
 58887 39375 5699.09324  287 3934 6173.00000 5346.95099  13.4%  1437 18111s
 58890 39377 5925.18383  406 3900 6173.00000 5347.16087  13.4%  1437 18115s
 58894 39380 5380.73776  134 3916 6173.00000 5347.17253  13.4%  1437 18149s
 58895 39381 5879.18596  232 3700 6173.00000 5348.84864  13.4%  1437 18157s
 58896 39381 5487.99251  224 3587 6173.00000 5349.45939  13.3%  1437 18163s
 58897 39382 6047.53940  285 3679 6173.00000 5349.62001  13.3%  1437 18166s
 58902 39385 5930.21324  373 3766 6173.00000 5349.74402  13.3%  1437 18201s
 58903 39386 5641.28214  244 3797 6173.00000 5352.62211  13.3%  1437 18212s
 58904 39387 5416.42126  176 3826 6173.00000 5353.86911  13.3%  1436 18218s
 58905 39387 5545.17527  197 3917 6173.00000 5354.16700  13.3%  1436 18221s
 58907 39389 5485.43184  193 3884 6173.00000 5354.36207  13.3%  1436 18225s
 58913 39393 5853.23731  176 3910 6173.00000 5354.39616  13.3%  1436 18257s
 58914 39393 5783.40370  305 3894 6173.00000 5356.48148  13.2%  1436 18272s
 58915 39394 5373.16774   78 3781 6173.00000 5357.23168  13.2%  1436 18277s
 58916 39395 5751.29418  390 3736 6173.00000 5357.55266  13.2%  1436 18281s
 58919 39397 5670.89551  340 3856 6173.00000 5357.72156  13.2%  1436 18285s
 58923 39399 5688.98213  390 3812 6173.00000 5357.73786  13.2%  1436 18317s
 58924 39400 6166.39170  311 3618 6173.00000 5359.25882  13.2%  1436 18324s
 58925 39401 6080.38646  489 3978 6173.00000 5359.82572  13.2%  1436 18330s
 58929 39403 5538.63648  211 4039 6173.00000 5360.12141  13.2%  1436 18335s
 58934 39407 5889.23258  399 3937 6173.00000 5360.14591  13.2%  1436 18366s
 58935 39407 5423.10312  115 3935 6173.00000 5361.53740  13.1%  1436 18374s
 58936 39408 5729.41234  463 4026 6173.00000 5362.02646  13.1%  1436 18378s
 58937 39409 5590.43008  307 4065 6173.00000 5362.20615  13.1%  1436 18381s
 58944 39413 5706.56589  307 4164 6173.00000 5362.26915  13.1%  1436 18416s
 58945 39414 5717.56336  324 3989 6173.00000 5363.74799  13.1%  1435 18423s
 58946 39415 5537.26348  159 4064 6173.00000 5364.19446  13.1%  1435 18426s
 58949 39417 5364.41730   67 4111 6173.00000 5364.41730  13.1%  1435 18430s
 58953 39419 5364.45029  102 4171 6173.00000 5364.45029  13.1%  1435 18461s
 58954 39420 5672.60027  415 3908 6173.00000 5365.68768  13.1%  1435 18468s
 58955 39421 6066.68022  307 4033 6173.00000 5366.08730  13.1%  1435 18472s
 58957 39422 5821.28330  223 4257 6173.00000 5366.25370  13.1%  1435 18475s
 58961 39425 5483.06816  200 4298 6173.00000 5366.27981  13.1%  1435 18508s
 58962 39425 6123.75971  321 3939 6173.00000 5367.70668  13.0%  1435 18514s
 58963 39426 5508.01302  217 3970 6173.00000 5368.24928  13.0%  1435 18519s
 58964 39427 5477.93207  177 4047 6173.00000 5368.31907  13.0%  1435 18520s
 58967 39429 5442.04283   80 4117 6173.00000 5368.34558  13.0%  1435 18550s
 58968 39429 5531.89743  200 4103 6173.00000 5369.31481  13.0%  1435 18570s
 58970 39431 5492.26297  194 4185 6173.00000 5369.76825  13.0%  1435 18576s
 58972 39432 5807.66588  262 4170 6173.00000 5369.87332  13.0%  1435 18580s
 58975 39434 5826.07846  386 4116 6173.00000 5369.89161  13.0%  1435 18612s
 58976 39435 5653.74628  408 3948 6173.00000 5370.80385  13.0%  1435 18618s
 58977 39435 6082.34601  373 4051 6173.00000 5371.00046  13.0%  1435 18621s
 58981 39438 5422.40188  182 4258 6173.00000 5371.13588  13.0%  1435 18625s
 58984 39440 6135.95511  316 4197 6173.00000 5371.13989  13.0%  1435 18654s
 58985 39441 6076.37180  381 4041 6173.00000 5373.00198  13.0%  1435 18668s
 58986 39441 5401.90859  174 4173 6173.00000 5373.45348  13.0%  1434 18672s
 58987 39442 5699.09324  287 4241 6173.00000 5373.68417  12.9%  1434 18675s
 58992 39445 5456.16738  149 4273 6173.00000 5373.83079  12.9%  1434 18710s
 58993 39446 6027.65859  627 4134 6173.00000 5375.33291  12.9%  1434 18718s
 58994 39447 5380.73776  134 4244 6173.00000 5376.10330  12.9%  1434 18724s
 58995 39447 5879.18596  232 4456 6173.00000 5376.41286  12.9%  1434 18727s
 58997 39449 6047.53940  285 4385 6173.00000 5376.53762  12.9%  1434 18731s
 59002 39452 5930.21324  373 4329 6173.00000 5376.57258  12.9%  1434 18764s
 59003 39453 5641.28214  244 4112 6173.00000 5378.44987  12.9%  1434 18775s
 59004 39453 5416.42126  176 4023 6173.00000 5379.16091  12.9%  1434 18781s
 59006 39455 6027.66042  628 4176 6173.00000 5379.42859  12.9%  1434 18785s
 59011 39458 5379.47235  120 4332 6173.00000 5379.47235  12.9%  1434 18821s
 59012 39459 5412.53034  176 4271 6173.00000 5381.00381  12.8%  1434 18830s
 59013 39459 5853.23731  176 4425 6173.00000 5381.47380  12.8%  1434 18835s
 59018 39463 5816.14786  254 4468 6173.00000 5381.70922  12.8%  1434 18840s
 59020 39464 5682.88800  303 4532 6173.00000 5381.71260  12.8%  1434 18869s
 59021 39465 5901.52700  479 4178 6173.00000 5382.25790  12.8%  1434 18884s
 59022 39465 5712.29652  340 4312 6173.00000 5382.48107  12.8%  1434 18887s
 59025 39467 6080.38646  489 4520 6173.00000 5382.57851  12.8%  1434 18890s
 59028 39469 5790.35351  251 4463 6173.00000 5382.59527  12.8%  1433 18920s
 59029 39470 5538.63648  211 4364 6173.00000 5383.20322  12.8%  1433 18925s
 59032 39472 5745.96014  568 4224 6173.00000 5383.52956  12.8%  1433 18931s
 59036 39475 5729.41234  463 4342 6173.00000 5383.55224  12.8%  1433 18960s
 59037 39475 5590.43008  307 4333 6173.00000 5384.38921  12.8%  1433 18966s
 59038 39476 5536.47274  178 4553 6173.00000 5385.03764  12.8%  1433 18972s
 59039 39477 5507.58876  229 4479 6173.00000 5385.22796  12.8%  1433 18975s
 59046 39481 5537.26348  159 4445 6173.00000 5385.34403  12.8%  1433 18980s
 59048 39483 5410.55907   97 4448 6173.00000 5385.34582  12.8%  1433 19008s
 59049 39483 5386.50499   67 4041 6173.00000 5386.50499  12.7%  1433 19014s
 59050 39484 5533.32659  260 4119 6173.00000 5386.89070  12.7%  1433 19018s
 59051 39485 5418.28926  100 4174 6173.00000 5386.98292  12.7%  1433 19020s
 59056 39488 5651.30286  165 4331 6173.00000 5387.01490  12.7%  1433 19051s
 59057 39489 5821.28330  223 4190 6173.00000 5387.91121  12.7%  1433 19060s
 59059 39490 5863.87750  335 4451 6173.00000 5388.31570  12.7%  1433 19066s
 59065 39494 5752.53258  534 4438 6173.00000 5388.35928  12.7%  1433 19097s
 59066 39495 5388.76336  107 4101 6173.00000 5388.76336  12.7%  1433 19102s
 59067 39495 5442.04283   80 4227 6173.00000 5388.98348  12.7%  1433 19105s
 59070 39497 5492.26297  194 4244 6173.00000 5389.13623  12.7%  1432 19110s
 59074 39500 5976.96401  426 4319 6173.00000 5389.15196  12.7%  1432 19140s
 59075 39501 5826.07846  386 4158 6173.00000 5389.91195  12.7%  1432 19273s
 59076 39501 5653.74628  408 4244 6173.00000 5390.17494  12.7%  1432 19307s
 59078 39503 6112.55431  627 4310 6173.00000 5390.30556  12.7%  1432 19310s
 59084 39507 6135.95511  316 4335 6173.00000 5390.33358  12.7%  1432 19342s
 59085 39507 6076.37180  381 4022 6173.00000 5390.91446  12.7%  1432 19348s
 59086 39508 5401.90859  174 4050 6173.00000 5391.35288  12.7%  1432 19352s
 59088 39509 5618.39754  357 4215 6173.00000 5391.52586  12.7%  1432 19356s
 59093 39513 6027.65859  627 4268 6173.00000 5391.57818  12.7%  1432 19388s
 59094 39513 5392.17246  134 4015 6173.00000 5392.17246  12.6%  1432 19394s
 59095 39514 5879.18596  232 4261 6173.00000 5392.47531  12.6%  1432 19397s
 59096 39515 5487.99251  224 4173 6173.00000 5392.63757  12.6%  1432 19400s
 59104 39520 5416.42126  176 4373 6173.00000 5392.71816  12.6%  1432 19433s
 59105 39521 5545.17527  197 4099 6173.00000 5393.50449  12.6%  1432 19440s
 59107 39522 5485.43184  193 4300 6173.00000 5393.91028  12.6%  1432 19445s
 59114 39527 5783.40370  305 4192 6173.00000 5393.99977  12.6%  1431 19480s
 59116 39528 5751.29418  390 4230 6173.00000 5394.77460  12.6%  1431 19487s
 59118 39529 5816.14786  254 4541 6173.00000 5394.88533  12.6%  1431 19490s
 59121 39531 5901.52700  479 4448 6173.00000 5394.89724  12.6%  1431 19520s
 59123 39533 5688.98213  390 4088 6173.00000 5395.71707  12.6%  1431 19527s
 59125 39534 6080.38646  489 4114 6173.00000 5395.83322  12.6%  1431 19530s
 59129 39537 5538.63648  211 4199 6173.00000 5395.85265  12.6%  1431 19561s
 59130 39537 5581.23002  245 4120 6173.00000 5396.59688  12.6%  1431 19566s
 59132 39539 5745.96014  568 4281 6173.00000 5396.84660  12.6%  1431 19571s
 59138 39543 5536.47274  178 4316 6173.00000 5396.87485  12.6%  1431 19605s
 59140 39544 5397.24881  141 4198 6173.00000 5397.24881  12.6%  1431 19611s
 59146 39548 5537.26348  159 4123 6173.00000 5397.36520  12.6%  1431 19642s
 59147 39549 5434.01726  149 3898 6173.00000 5397.97407  12.6%  1431 19647s
 59148 39549 5410.55907   97 4087 6173.00000 5398.24235  12.6%  1431 19650s
 59153 39553 5398.32310  102 4090 6173.00000 5398.32310  12.5%  1430 19683s
 59154 39553 5672.60027  415 3980 6173.00000 5398.55755  12.5%  1430 19687s
 59156 39555 5651.30286  165 4262 6173.00000 5398.73980  12.5%  1430 19690s
 59160 39557 5469.08061  249 4272 6173.00000 5398.76419  12.5%  1430 19721s
 59161 39558 5483.06816  200 3959 6173.00000 5399.08157  12.5%  1430 19725s
 59164 39560 5477.93207  177 4092 6173.00000 5399.35941  12.5%  1430 19730s
 59165 39561 5752.53258  534 4139 6173.00000 5399.36033  12.5%  1430 19759s
 59166 39561 5399.76084  107 4053 6173.00000 5399.76084  12.5%  1430 19764s
 59167 39562 5442.04283   80 4013 6173.00000 5399.92268  12.5%  1430 19767s
 59170 39564 5492.26297  194 4191 6173.00000 5400.01380  12.5%  1430 19770s
 59173 39566 5777.84266  307 4120 6173.00000 5400.02080  12.5%  1430 19798s
 59174 39567 5976.96401  426 4191 6173.00000 5400.50167  12.5%  1430 19802s
 59176 39568 5653.74628  408 4287 6173.00000 5400.65399  12.5%  1430 19806s
 59181 39571 5422.40188  182 4229 6173.00000 5400.69704  12.5%  1430 19837s
 59182 39572 5403.26153  209 3969 6173.00000 5401.08990  12.5%  1430 19842s
 59183 39573 5606.26338  170 4092 6173.00000 5401.30088  12.5%  1430 19845s
 59189 39577 5895.12194  550 4382 6173.00000 5401.45538  12.5%  1430 19879s
 59190 39577 5925.18383  406 4347 6173.00000 5401.86011  12.5%  1430 19883s
 59191 39578 5647.41417  466 4399 6173.00000 5401.98212  12.5%  1430 19885s
 59197 39582 6047.53940  285 4309 6173.00000 5402.02693  12.5%  1429 19917s
 59198 39583 6149.79749  444 4045 6173.00000 5402.19891  12.5%  1429 19920s
 59203 39586 5641.28214  244 4396 6173.00000 5402.31029  12.5%  1429 19925s
 59206 39588 6027.66042  628 4460 6173.00000 5402.31943  12.5%  1429 19956s
 59207 39589 5485.43184  193 4248 6173.00000 5402.91746  12.5%  1429 19961s
 59208 39589 5735.85657  356 4343 6173.00000 5403.28097  12.5%  1429 19965s
 59211 39591 5403.44515  120 4385 6173.00000 5403.44515  12.5%  1429 19970s
 59213 39593 5853.23731  176 4421 6173.00000 5403.45170  12.5%  1429 19999s
 59214 39593 5783.40370  305 4306 6173.00000 5403.73713  12.5%  1429 20002s
 59215 39594 5403.87123   78 4402 6173.00000 5403.87123  12.5%  1429 20005s
 59219 39597 5670.89551  340 4604 6173.00000 5403.98325  12.5%  1429 20037s
 59220 39597 5682.88800  303 4465 6173.00000 5404.24329  12.5%  1429 20040s
 59224 39600 6166.39170  311 4479 6173.00000 5404.39945  12.5%  1429 20045s
 59226 39601 5439.84459   78 4539 6173.00000 5404.40303  12.5%  1429 20074s
 59227 39602 5698.35231  553 4454 6173.00000 5404.61403  12.4%  1429 20077s
 59229 39603 5538.63648  211 4680 6173.00000 5404.75830  12.4%  1429 20080s
 59235 39607 5423.10312  115 4409 6173.00000 5404.79923  12.4%  1428 20112s
 59236 39608 5729.41234  463 4371 6173.00000 5405.20570  12.4%  1428 20116s
 59238 39609 5536.47274  178 4490 6173.00000 5405.42717  12.4%  1428 20120s
H59240 37623                    6172.0000000 5405.45948  12.4%  1428 20153s
 59242 37624 6168.49720  330 4413 6172.00000 5405.79592  12.4%  1428 20157s
 59243 37625 6054.24500  581 4383 6172.00000 5405.96807  12.4%  1428 20161s
 59247 37627 5434.01726  149 4607 6172.00000 5406.08381  12.4%  1428 20165s
 59248 37628 5410.55907   97 4623 6172.00000 5406.08475  12.4%  1428 20195s
 59250 37629 5533.32659  260 4443 6172.00000 5406.48762  12.4%  1428 20200s
 59253 37631 5406.64550  102 4734 6172.00000 5406.64550  12.4%  1428 20205s
 59256 37633 5651.30286  165 4619 6172.00000 5406.65972  12.4%  1428 20234s
 59257 37634 5821.28330  223 4673 6172.00000 5407.09272  12.4%  1428 20239s
 59258 37635 6151.20452  647 4544 6172.00000 5407.33777  12.4%  1428 20241s
 59261 37637 5483.06816  200 4837 6172.00000 5407.42106  12.4%  1428 20245s
 59266 37640 5407.43128  107 4863 6172.00000 5407.43128  12.4%  1428 20280s
 59268 37641 5531.89743  200 4566 6172.00000 5407.77034  12.4%  1428 20285s
 59274 37645 5976.96401  426 4506 6172.00000 5407.83922  12.4%  1428 20317s
 59275 37646 5826.07846  386 4500 6172.00000 5408.43494  12.4%  1427 20322s
 59276 37647 5653.74628  408 4493 6172.00000 5408.65449  12.4%  1427 20325s
 59280 37649 5408.77415  110 4735 6172.00000 5408.77415  12.4%  1427 20330s
 59284 37652 6135.95511  316 4708 6172.00000 5408.78547  12.4%  1427 20360s
 59286 37653 5409.40598  174 4758 6172.00000 5409.40598  12.4%  1427 20368s
 59288 37655 5618.39754  357 4790 6172.00000 5409.47934  12.4%  1427 20370s
 59294 37659 5409.52183  134 4814 6172.00000 5409.52183  12.4%  1427 20404s
 59295 37659 5879.18596  232 4611 6172.00000 5409.88328  12.3%  1427 20407s
 59296 37660 5487.99251  224 4671 6172.00000 5410.00932  12.3%  1427 20410s
 59299 37662 6007.93605  652 4813 6172.00000 5410.05659  12.3%  1427 20443s
 59300 37663 6148.00857  566 4581 6172.00000 5410.42843  12.3%  1427 20448s
 59301 37663 6120.98007  255 4723 6172.00000 5410.55402  12.3%  1427 20450s
 59308 37668 5735.85657  356 4622 6172.00000 5410.65612  12.3%  1427 20455s
 59309 37669 6006.81516  504 4673 6172.00000 5410.65632  12.3%  1427 20482s
 59310 37669 5716.56039  188 4634 6172.00000 5411.27055  12.3%  1427 20488s
 59311 37670 5411.49264  120 4711 6172.00000 5411.49264  12.3%  1427 20492s
 59314 37672 5783.40370  305 4736 6172.00000 5411.56841  12.3%  1427 20495s
 59316 37673 5751.29418  390 4765 6172.00000 5411.57643  12.3%  1427 20525s
 59318 37675 5816.14786  254 4862 6172.00000 5412.26059  12.3%  1426 20533s
 59320 37676 5682.88800  303 4854 6172.00000 5412.34670  12.3%  1426 20536s
 59325 37679 6080.38646  489 5028 6172.00000 5412.41148  12.3%  1426 20540s
 59326 37680 5439.84459   78 5074 6172.00000 5412.41161  12.3%  1426 20569s
 59327 37681 5698.35231  553 4687 6172.00000 5412.62728  12.3%  1426 20572s
 59329 37682 5538.63648  211 4874 6172.00000 5412.73465  12.3%  1426 20575s
 59334 37685 5889.23258  399 4902 6172.00000 5412.75661  12.3%  1426 20607s
 59335 37686 5423.10312  115 4635 6172.00000 5413.07475  12.3%  1426 20611s
 59340 37689 5413.17915  141 4871 6172.00000 5413.17915  12.3%  1426 20615s
 59341 37690 5525.93530  248 4885 6172.00000 5413.17986  12.3%  1426 20642s
 59342 37691 6168.49720  330 4612 6172.00000 5413.56140  12.3%  1426 20646s
 59344 37692 5706.56589  307 4751 6172.00000 5413.76181  12.3%  1426 20651s
 59349 37695 5413.81217   67 4823 6172.00000 5413.81217  12.3%  1426 20680s
 59351 37697 5418.28926  100 4734 6172.00000 5414.10940  12.3%  1426 20685s
 59357 37701 5821.28330  223 4776 6172.00000 5414.15507  12.3%  1426 20716s
 59358 37701 6151.20452  647 4629 6172.00000 5414.51477  12.3%  1425 20720s
 59360 37703 5469.08061  249 4884 6172.00000 5414.95817  12.3%  1425 20727s
 59363 37705 5508.01302  217 4827 6172.00000 5415.02445  12.3%  1425 20730s
 59364 37705 5477.93207  177 4825 6172.00000 5415.02547  12.3%  1425 20758s
 59365 37706 5752.53258  534 4699 6172.00000 5415.24545  12.3%  1425 20761s
 59369 37709 5920.93305  371 4855 6172.00000 5415.36360  12.3%  1425 20765s
 59370 37709 5492.26297  194 4882 6172.00000 5415.36421  12.3%  1425 20794s
 59371 37710 5415.50552   96 4787 6172.00000 5415.50552  12.3%  1425 20796s
 59374 37712 5976.96401  426 4845 6172.00000 5415.61517  12.3%  1425 20800s
 59377 37714 6082.34601  373 4908 6172.00000 5415.62360  12.3%  1425 20831s
 59380 37716 5415.76635  110 4689 6172.00000 5415.76635  12.3%  1425 20835s
 59385 37719 6076.37180  381 4757 6172.00000 5415.78121  12.3%  1425 20867s
 59386 37720 5415.95694  174 4621 6172.00000 5415.95694  12.2%  1425 20870s
 59391 37723 5647.41417  466 4739 6172.00000 5416.05909  12.2%  1425 20905s
 59393 37725 6027.65859  627 4765 6172.00000 5416.30786  12.2%  1425 20910s
 59398 37728 6149.79749  444 4744 6172.00000 5416.33118  12.2%  1425 20943s
 59399 37729 6007.93605  652 4518 6172.00000 5416.56638  12.2%  1425 20947s
 59401 37730 6120.98007  255 4743 6172.00000 5416.69132  12.2%  1424 20951s
 59407 37734 5485.43184  193 4738 6172.00000 5416.77276  12.2%  1424 20983s
 59408 37735 5735.85657  356 4704 6172.00000 5417.04765  12.2%  1424 20987s
 59409 37735 6006.81516  504 4717 6172.00000 5417.21305  12.2%  1424 20990s
 59413 37738 5853.23731  176 4916 6172.00000 5417.37920  12.2%  1424 20995s
 59415 37739 5417.38223   78 4893 6172.00000 5417.38223  12.2%  1424 21023s
 59416 37740 5751.29418  390 4784 6172.00000 5417.49885  12.2%  1424 21026s
 59421 37743 5901.52700  479 4920 6172.00000 5417.55395  12.2%  1424 21058s
 59422 37744 5712.29652  340 4691 6172.00000 5417.67741  12.2%  1424 21060s
 59426 37747 5439.84459   78 4894 6172.00000 5417.75945  12.2%  1424 21093s
 59427 37747 5698.35231  553 4907 6172.00000 5418.00420  12.2%  1424 21096s
 59432 37751 5745.96014  568 4905 6172.00000 5418.10935  12.2%  1424 21127s
 59433 37751 5783.45454  294 4708 6172.00000 5418.26532  12.2%  1424 21130s
 59438 37755 5536.47274  178 4792 6172.00000 5418.32159  12.2%  1424 21164s
 59439 37755 5507.58876  229 4594 6172.00000 5418.39950  12.2%  1424 21166s
 59443 37758 6054.24500  581 4763 6172.00000 5418.44704  12.2%  1423 21196s
 59446 37760 5537.26348  159 4777 6172.00000 5418.57135  12.2%  1423 21200s
 59449 37762 5418.57814   67 4908 6172.00000 5418.57814  12.2%  1423 21229s
 59450 37763 5533.32659  260 5014 6172.00000 5419.28686  12.2%  1423 21235s
 59453 37765 5419.50821  102 4826 6172.00000 5419.50821  12.2%  1423 21240s
 59455 37766 6066.68022  307 4917 6172.00000 5419.51164  12.2%  1423 21270s
 59457 37767 5821.28330  223 5073 6172.00000 5419.75339  12.2%  1423 21275s
 59460 37769 5469.08061  249 5116 6172.00000 5419.79483  12.2%  1423 21306s
 59462 37771 6123.75971  321 4791 6172.00000 5420.06623  12.2%  1423 21311s
 59466 37773 5420.12205  107 4795 6172.00000 5420.12205  12.2%  1423 21343s
 59467 37774 5442.04283   80 4664 6172.00000 5420.16941  12.2%  1423 21345s
 59470 37776 5492.26297  194 4785 6172.00000 5420.20687  12.2%  1423 21376s
 59472 37777 5807.66588  262 4633 6172.00000 5420.47301  12.2%  1423 21380s
 59475 37779 5826.07846  386 4737 6172.00000 5420.48873  12.2%  1423 21411s
 59479 37782 5533.03692  210 4832 6172.00000 5420.57390  12.2%  1423 21415s
 59482 37784 5420.57904  209 4820 6172.00000 5420.57904  12.2%  1423 21446s
 59483 37785 5606.26338  170 4767 6172.00000 5420.89552  12.2%  1423 21450s
 59487 37787 5699.09324  287 4820 6172.00000 5421.09120  12.2%  1422 21455s
 59489 37789 5895.12194  550 4842 6172.00000 5421.09537  12.2%  1422 21485s
 59491 37790 5647.41417  466 4625 6172.00000 5421.42556  12.2%  1422 21490s
 59495 37793 5879.18596  232 4755 6172.00000 5421.52711  12.2%  1422 21495s
 59498 37795 6149.79749  444 4895 6172.00000 5421.53757  12.2%  1422 21525s
 59500 37796 6148.00857  566 4630 6172.00000 5421.74887  12.2%  1422 21530s
 59505 37799 5545.17527  197 4722 6172.00000 5421.79557  12.2%  1422 21563s
 59506 37800 6027.66042  628 4765 6172.00000 5421.91912  12.2%  1422 21565s
 59511 37803 5422.00133  120 5019 6172.00000 5422.00133  12.2%  1422 21596s
 59513 37805 5853.23731  176 4788 6172.00000 5422.12330  12.1%  1422 21600s
 59518 37808 5816.14786  254 4808 6172.00000 5422.14864  12.1%  1422 21631s
 59525 37813 6080.38646  489 4897 6172.00000 5422.23626  12.1%  1421 21664s
 59526 37813 5439.84459   78 4786 6172.00000 5422.25541  12.1%  1421 21665s
 59532 37817 5745.96014  568 4879 6172.00000 5422.28739  12.1%  1421 21696s
 59535 37819 5423.10312  115 4726 6172.00000 5422.41515  12.1%  1421 21700s
 59537 37821 5590.43008  307 4785 6172.00000 5422.41859  12.1%  1421 21730s
 59541 37823 5525.93530  248 4655 6172.00000 5422.54306  12.1%  1421 21763s
 59543 37825 6054.24500  581 4626 6172.00000 5422.59821  12.1%  1421 21765s
 59545 37826 5717.56336  324 4669 6172.00000 5422.60454  12.1%  1421 21794s
 59546 37827 5537.26348  159 4598 6172.00000 5422.72178  12.1%  1421 21796s
 59549 37829 5422.81679   67 4826 6172.00000 5422.81679  12.1%  1421 21800s
 59551 37830 5422.81914  100 4924 6172.00000 5422.81914  12.1%  1421 21830s
 59556 37833 5651.30286  165 4713 6172.00000 5422.92970  12.1%  1421 21835s
 59557 37834 5821.28330  223 4715 6172.00000 5422.92987  12.1%  1421 21863s
 59558 37835 6151.20452  647 4610 6172.00000 5423.02968  12.1%  1421 21865s
 59562 37837 6123.75971  321 4855 6172.00000 5423.25730  12.1%  1421 21870s
 59564 37839 5477.93207  177 4899 6172.00000 5423.25962  12.1%  1421 21900s
 59569 37842 5920.93305  371 4825 6172.00000 5423.38940  12.1%  1420 21905s
 59570 37843 5492.26297  194 4844 6172.00000 5423.38988  12.1%  1420 21934s
 59571 37843 5423.43309   96 4664 6172.00000 5423.43309  12.1%  1420 21936s
 59576 37847 5653.74628  408 4737 6172.00000 5423.47961  12.1%  1420 21968s
 59577 37847 6082.34601  373 4549 6172.00000 5423.58741  12.1%  1420 21970s
 59581 37850 5423.72640  182 4771 6172.00000 5423.72640  12.1%  1420 22003s
 59582 37851 5424.02537  209 4840 6172.00000 5424.02537  12.1%  1420 22008s
 59583 37851 5606.26338  170 4957 6172.00000 5424.10387  12.1%  1420 22010s
 59587 37854 5699.09324  287 4953 6172.00000 5424.16043  12.1%  1420 22041s
 59589 37855 5895.12194  550 4818 6172.00000 5424.33457  12.1%  1420 22045s
 59593 37858 6027.65859  627 4904 6172.00000 5424.35937  12.1%  1420 22076s
 59596 37860 5487.99251  224 4804 6172.00000 5424.52784  12.1%  1420 22080s
 59600 37863 6148.00857  566 4934 6172.00000 5424.54262  12.1%  1420 22111s
 59606 37867 6027.66042  628 4792 6172.00000 5424.61364  12.1%  1420 22142s
 59607 37867 5485.43184  193 4688 6172.00000 5424.79074  12.1%  1420 22146s
 59610 37869 5716.56039  188 4732 6172.00000 5424.95330  12.1%  1419 22150s
 59612 37871 5424.95664  176 4859 6172.00000 5424.95664  12.1%  1419 22177s
 59613 37871 5853.23731  176 4745 6172.00000 5425.12310  12.1%  1419 22180s
 59617 37875 5425.12310  134  995 6172.00000 5425.12310  12.1%  1433 22189s
 59618 37876 5816.14786  254 1159 6172.00000 5425.12310  12.1%  1433 22193s
 59619 37877 5670.89551  340 1215 6172.00000 5425.12310  12.1%  1433 22197s
 59620 37877 5682.88800  303 1242 6172.00000 5425.12310  12.1%  1433 22203s
 59621 37878 5901.52700  479 1429 6172.00000 5425.12310  12.1%  1433 22210s
 59622 37879 5712.29652  340 1495 6172.00000 5425.12310  12.1%  1433 22221s
 59623 37879 5688.98213  390 1739 6172.00000 5425.12310  12.1%  1433 22233s
 59624 37880 6166.39170  311 1737 6172.00000 5425.12310  12.1%  1433 22248s
 59625 37881 6080.38646  489 1963 6172.00000 5425.12310  12.1%  1433 22265s
 59626 37881 5439.84459   78 2242 6172.00000 5425.12310  12.1%  1433 22286s
 59627 37882 5698.35231  553 2251 6172.00000 5425.12310  12.1%  1433 22306s
 59628 37883 5790.35351  251 2535 6172.00000 5425.12310  12.1%  1433 22325s
 59629 37883 5538.63648  211 2752 6172.00000 5425.12310  12.1%  1433 22347s
 59630 37884 5581.23002  245 3107 6172.00000 5425.12310  12.1%  1433 22367s
 59631 37885 5607.19855  188 3148 6172.00000 5425.12310  12.1%  1433 22387s
 59632 37885 5745.96014  568 3160 6172.00000 5425.12310  12.1%  1433 22406s
 59633 37886 5783.45454  294 3718 6172.00000 5425.12310  12.1%  1433 22422s
 59634 37887 5889.23258  399 4016 6172.00000 5425.12310  12.1%  1433 22437s
 59635 37887 5425.12310  115 4059 6172.00000 5425.12310  12.1%  1433 22450s
 59636 37888 5729.41234  463 3876 6172.00000 5425.12310  12.1%  1433 22460s
 59637 37889 5590.43008  307 4467 6172.00000 5425.12310  12.1%  1433 22468s
 59638 37889 5536.47274  178 4647 6172.00000 5425.12310  12.1%  1433 22474s
 59639 37890 5507.58876  229 4529 6172.00000 5425.12310  12.1%  1432 22476s
 59645 37894 5717.56336  324 4754 6172.00000 5425.12310  12.1%  1432 22484s
 59646 37895 5537.26348  159 4568 6172.00000 5425.72639  12.1%  1432 22490s
 59651 37898 5425.88762  100 4543 6172.00000 5425.88762  12.1%  1432 22525s
 59652 37899 5881.71105  384 4439 6172.00000 5426.37411  12.1%  1432 22532s
 59654 37900 5672.60027  415 4482 6172.00000 5426.51701  12.1%  1432 22535s
 59659 37903 5863.87750  335 4500 6172.00000 5426.53271  12.1%  1432 22566s
 59660 37904 5469.08061  249 4368 6172.00000 5426.94704  12.1%  1432 22570s
 59666 37908 5427.04423  107 4375 6172.00000 5427.04423  12.1%  1432 22605s
 59670 37911 5492.26297  194 4584 6172.00000 5427.19066  12.1%  1432 22610s
 59674 37913 5976.96401  426 4651 6172.00000 5427.20612  12.1%  1432 22642s
 59675 37914 5826.07846  386 4430 6172.00000 5427.56737  12.1%  1432 22652s
 59677 37915 6082.34601  373 4565 6172.00000 5427.68461  12.1%  1432 22655s
 59681 37918 5427.70800  182 4612 6172.00000 5427.70800  12.1%  1431 22688s
 59682 37919 5428.08024  209 4566 6172.00000 5428.08024  12.1%  1431 22691s
 59684 37920 6135.95511  316 4490 6172.00000 5428.29536  12.0%  1431 22695s
 59687 37922 5699.09324  287 4682 6172.00000 5428.32371  12.0%  1431 22729s
 59688 37923 5618.39754  357 4737 6172.00000 5428.71818  12.0%  1431 22734s
 59689 37923 5895.12194  550 4744 6172.00000 5428.88972  12.0%  1431 22736s
 59694 37927 5428.93171  134 4799 6172.00000 5428.93171  12.0%  1431 22770s
 59696 37928 5487.99251  224 4508 6172.00000 5429.22297  12.0%  1431 22775s
 59702 37932 5930.21324  373 4556 6172.00000 5429.27577  12.0%  1431 22813s
 59703 37933 5641.28214  244 4440 6172.00000 5429.48476  12.0%  1431 22817s
 59705 37934 5545.17527  197 4621 6172.00000 5429.58322  12.0%  1431 22820s
 59708 37936 5735.85657  356 4724 6172.00000 5429.59838  12.0%  1431 22853s
 59709 37937 6006.81516  504 4579 6172.00000 5429.83129  12.0%  1431 22857s
 59711 37938 5429.96614  120 4615 6172.00000 5429.96614  12.0%  1431 22861s
 59715 37941 5429.98950   78 4645 6172.00000 5429.98950  12.0%  1431 22894s
 59716 37941 5751.29418  390 4378 6172.00000 5430.13546  12.0%  1431 22905s
 59720 37944 5682.88800  303 4478 6172.00000 5430.19315  12.0%  1431 22910s
 59721 37945 5901.52700  479 4462 6172.00000 5430.19347  12.0%  1431 22941s
 59722 37945 5712.29652  340 4475 6172.00000 5430.61004  12.0%  1430 22946s
 59725 37947 6080.38646  489 4392 6172.00000 5430.75411  12.0%  1430 22950s
 59727 37949 5698.35231  553 4465 6172.00000 5430.75969  12.0%  1430 22981s
 59728 37949 5790.35351  251 4355 6172.00000 5431.00908  12.0%  1430 22986s
 59731 37951 5607.19855  188 4460 6172.00000 5431.18434  12.0%  1430 22990s
 59734 37953 5889.23258  399 4509 6172.00000 5431.19854  12.0%  1430 23025s
 59736 37955 5729.41234  463 4580 6172.00000 5431.55602  12.0%  1430 23031s
 59740 37957 5431.59958  141 4701 6172.00000 5431.59958  12.0%  1430 23065s
 59741 37958 5525.93530  248 4730 6172.00000 5431.89903  12.0%  1430 23070s
 59746 37961 5537.26348  159 4760 6172.00000 5432.01533  12.0%  1430 23105s
 59748 37963 5432.48378   97 4551 6172.00000 5432.48378  12.0%  1430 23112s
 59752 37965 5881.71105  384 4543 6172.00000 5432.50011  12.0%  1430 23143s
 59753 37966 5432.83218  102 4424 6172.00000 5432.83218  12.0%  1430 23162s
 59755 37967 6066.68022  307 4549 6172.00000 5432.98230  12.0%  1430 23165s
 59759 37970 5863.87750  335 4691 6172.00000 5433.01844  12.0%  1430 23198s
 59760 37971 5469.08061  249 4641 6172.00000 5433.50345  12.0%  1430 23202s
 59761 37971 5483.06816  200 4660 6172.00000 5433.66612  12.0%  1430 23205s
 59765 37974 5752.53258  534 4568 6172.00000 5433.70831  12.0%  1429 23236s
 59766 37975 5434.06769  107 4594 6172.00000 5434.06769  12.0%  1429 23244s
 59767 37975 5442.04283   80 4612 6172.00000 5434.14611  12.0%  1429 23246s
 59771 37978 5434.17586   96 4694 6172.00000 5434.17586  12.0%  1429 23276s
 59772 37979 5807.66588  262 4493 6172.00000 5434.87171  11.9%  1429 23281s
 59774 37980 5976.96401  426 4370 6172.00000 5435.08891  11.9%  1429 23285s
 59779 37983 5533.03692  210 4413 6172.00000 5435.11534  11.9%  1429 23317s
 59780 37984 5435.66669  110 4362 6172.00000 5435.66669  11.9%  1429 23324s
 59781 37985 5435.90833  182 4379 6172.00000 5435.90833  11.9%  1429 23328s
 59782 37985 5436.01331  209 4528 6172.00000 5436.01331  11.9%  1429 23330s
 59788 37989 5618.39754  357 4500 6172.00000 5436.06281  11.9%  1429 23362s
 59789 37990 5895.12194  550 4344 6172.00000 5436.31397  11.9%  1429 23365s
 59793 37993 6027.65859  627 4504 6172.00000 5436.39248  11.9%  1429 23398s
 59794 37993 5436.65929  134 4423 6172.00000 5436.65929  11.9%  1429 23599s
 59795 37994 5879.18596  232 4637 6172.00000 5436.89537  11.9%  1429 23644s
 59796 37995 5487.99251  224 4615 6172.00000 5436.95799  11.9%  1429 23646s
 59800 37997 6148.00857  566 4619 6172.00000 5436.96981  11.9%  1429 23680s
 59802 37999 5930.21324  373 4539 6172.00000 5437.38702  11.9%  1429 23687s
 59805 38001 5545.17527  197 4606 6172.00000 5437.42990  11.9%  1429 23690s
 59807 38002 5485.43184  193 4607 6172.00000 5437.43219  11.9%  1428 23719s
 59808 38003 5735.85657  356 4657 6172.00000 5437.90467  11.9%  1428 23724s
 59809 38003 6006.81516  504 4797 6172.00000 5438.22600  11.9%  1428 23728s
 59810 38004 5716.56039  188 4710 6172.00000 5438.35634  11.9%  1428 23731s
 59816 38008 5751.29418  390 4770 6172.00000 5438.41550  11.9%  1428 23764s
 59817 38009 5438.68907  134 4634 6172.00000 5438.68907  11.9%  1428 23768s
 59819 38010 5670.89551  340 4588 6172.00000 5438.77753  11.9%  1428 23770s
 59824 38013 6166.39170  311 4557 6172.00000 5438.80916  11.9%  1428 23801s
 59826 38015 5439.84459   78 4524 6172.00000 5439.14283  11.9%  1428 23806s
 59831 38018 5607.19855  188 4663 6172.00000 5439.16727  11.9%  1428 23838s
 59832 38019 5745.96014  568 4419 6172.00000 5439.44057  11.9%  1428 23841s
 59834 38020 5889.23258  399 4485 6172.00000 5439.63033  11.9%  1428 23845s
 59839 38023 5507.58876  229 4489 6172.00000 5439.69493  11.9%  1428 23875s
 59841 38025 5525.93530  248 4444 6172.00000 5440.09191  11.9%  1428 23881s
 59845 38027 5717.56336  324 4725 6172.00000 5440.18314  11.9%  1428 23885s
 59846 38028 5537.26348  159 4685 6172.00000 5440.18349  11.9%  1428 23912s
 59847 38029 5440.35009  149 4690 6172.00000 5440.35009  11.9%  1428 23915s
 59850 38031 5533.32659  260 4710 6172.00000 5440.52780  11.9%  1427 23920s
 59854 38033 5672.60027  415 4855 6172.00000 5440.54666  11.9%  1427 23955s
 59856 38035 5651.30286  165 4592 6172.00000 5441.04958  11.8%  1427 23962s
 59859 38037 5863.87750  335 4752 6172.00000 5441.10290  11.8%  1427 23965s
 59861 38038 5483.06816  200 4735 6172.00000 5441.10781  11.8%  1427 23993s
 59862 38039 6123.75971  321 4644 6172.00000 5441.36273  11.8%  1427 23996s
 59864 38040 5477.93207  177 4540 6172.00000 5441.45292  11.8%  1427 24000s
 59867 38042 5442.04283   80 4570 6172.00000 5441.47524  11.8%  1427 24029s
 59868 38043 5531.89743  200 4640 6172.00000 5441.57451  11.8%  1427 24031s
 59873 38046 5777.84266  307 4793 6172.00000 5441.63418  11.8%  1427 24063s
 59874 38047 5976.96401  426 4709 6172.00000 5441.86685  11.8%  1427 24066s
 59876 38048 5653.74628  408 4904 6172.00000 5442.11551  11.8%  1427 24070s
 59880 38051 5442.18062  110 4762 6172.00000 5442.18062  11.8%  1427 24102s
 59881 38051 5442.42206  182 4743 6172.00000 5442.42206  11.8%  1427 24105s
 59884 38053 6135.95511  316 4879 6172.00000 5442.57744  11.8%  1427 24110s
 59888 38056 5618.39754  357 4976 6172.00000 5442.59402  11.8%  1427 24142s
 59889 38057 5895.12194  550 4800 6172.00000 5442.75158  11.8%  1427 24145s
 59894 38060 5442.86959  134 4911 6172.00000 5442.86959  11.8%  1426 24178s
 59895 38061 5879.18596  232 4815 6172.00000 5443.00497  11.8%  1426 24180s
 59899 38063 6007.93605  652 4912 6172.00000 5443.11865  11.8%  1426 24185s
 59904 38067 5443.13181  176 5082 6172.00000 5443.13181  11.8%  1426 24217s
 59906 38068 6027.66042  628 4936 6172.00000 5443.18768  11.8%  1426 24220s
 59908 38069 5735.85657  356 4959 6172.00000 5443.19139  11.8%  1426 24251s
 59910 38071 5716.56039  188 4761 6172.00000 5443.38717  11.8%  1426 24255s
 59916 38075 5751.29418  390 4822 6172.00000 5443.46022  11.8%  1426 24289s
 59917 38075 5443.56175  134 4758 6172.00000 5443.56175  11.8%  1426 24292s
 59920 38077 5682.88800  303 4710 6172.00000 5443.63589  11.8%  1426 24295s
 59924 38080 6166.39170  311 4787 6172.00000 5443.64640  11.8%  1426 24325s
 59929 38083 5538.63648  211 4866 6172.00000 5443.75605  11.8%  1426 24357s
 59931 38085 5607.19855  188 4792 6172.00000 5444.06973  11.8%  1426 24362s
 59934 38087 5889.23258  399 4938 6172.00000 5444.12446  11.8%  1425 24365s
 59937 38089 5590.43008  307 5008 6172.00000 5444.13259  11.8%  1425 24394s
 59938 38089 5536.47274  178 4844 6172.00000 5444.32802  11.8%  1425 24397s
 59943 38093 6054.24500  581 4836 6172.00000 5444.37591  11.8%  1425 24428s
 59944 38093 5706.56589  307 4659 6172.00000 5444.46067  11.8%  1425 24430s
 59950 38097 5533.32659  260 4766 6172.00000 5444.53026  11.8%  1425 24463s
 59952 38099 5881.71105  384 4887 6172.00000 5444.58144  11.8%  1425 24465s
 59954 38100 5672.60027  415 4789 6172.00000 5444.58449  11.8%  1425 24494s
 59955 38101 6066.68022  307 4737 6172.00000 5444.61915  11.8%  1425 24495s
 59960 38104 5469.08061  249 4767 6172.00000 5444.64854  11.8%  1425 24525s
 59966 38108 5444.73649  107 4739 6172.00000 5444.73649  11.8%  1425 24558s
 59967 38109 5444.89438   80 4583 6172.00000 5444.89438  11.8%  1425 24561s
 59971 38111 5444.94710   96 4751 6172.00000 5444.94710  11.8%  1425 24591s
 59973 38113 5777.84266  307 4811 6172.00000 5445.14715  11.8%  1425 24596s
 59978 38116 6112.55431  627 4889 6172.00000 5445.18252  11.8%  1424 24629s
 59979 38117 5533.03692  210 4682 6172.00000 5445.25108  11.8%  1424 24631s
 59982 38119 5445.26579  209 4679 6172.00000 5445.26579  11.8%  1424 24660s
 59986 38121 5445.32960  174 4549 6172.00000 5445.32960  11.8%  1424 24691s
 59990 38124 5925.18383  406 4605 6172.00000 5445.37766  11.8%  1424 24721s
 59994 38127 5445.42280  134 4551 6172.00000 5445.42280  11.8%  1424 24751s
 59996 38128 5487.99251  224 4704 6172.00000 5445.49930  11.8%  1424 24755s
 60000 38131 6148.00857  566 4709 6172.00000 5445.51512  11.8%  1424 24786s
 60005 38134 5545.17527  197 4750 6172.00000 5445.58665  11.8%  1424 24818s
 60006 38135 6027.66042  628 4665 6172.00000 5445.64177  11.8%  1424 24820s
 60011 38138 5445.72075  120 4662 6172.00000 5445.72075  11.8%  1424 24853s
 60013 38139 5853.23731  176 4759 6172.00000 5445.78686  11.8%  1424 24855s
 60015 38141 5445.79036   78 4743 6172.00000 5445.79036  11.8%  1424 24885s
 60017 38142 5446.03801  134 4584 6172.00000 5446.03801  11.8%  1423 24890s
 60019 38143 5670.89551  340 4704 6172.00000 5446.04849  11.8%  1423 24919s
 60020 38144 5682.88800  303 4638 6172.00000 5446.11790  11.8%  1423 24921s
 60024 38147 6166.39170  311 4801 6172.00000 5446.15795  11.8%  1423 24952s
 60026 38148 5446.28381   78 4717 6172.00000 5446.28381  11.8%  1423 24955s
 60029 38150 5538.63648  211 4882 6172.00000 5446.29880  11.8%  1423 24988s
 60030 38151 5581.23002  245 4672 6172.00000 5446.47686  11.8%  1423 24990s
 60036 38155 5729.41234  463 4904 6172.00000 5446.57272  11.8%  1423 24995s
 60037 38155 5590.43008  307 4905 6172.00000 5446.57276  11.8%  1423 25024s
 60038 38156 5536.47274  178 4803 6172.00000 5446.79015  11.7%  1423 25027s
 60040 38157 5446.92900  141 4899 6172.00000 5446.92900  11.7%  1423 25030s
 60045 38161 5717.56336  324 4929 6172.00000 5446.94317  11.7%  1423 25061s
 60049 38163 5447.06091   67 4859 6172.00000 5447.06091  11.7%  1423 25065s
 60051 38165 5447.06228  100 4928 6172.00000 5447.06228  11.7%  1423 25094s
 60052 38165 5881.71105  384 4918 6172.00000 5447.09183  11.7%  1423 25095s
 60056 38168 5651.30286  165 4798 6172.00000 5447.11638  11.7%  1423 25124s
 60057 38169 5821.28330  223 4787 6172.00000 5447.13637  11.7%  1423 25125s
 60061 38171 5483.06816  200 4929 6172.00000 5447.14980  11.7%  1422 25155s
 60066 38175 5447.25064  107 4782 6172.00000 5447.25064  11.7%  1422 25185s
 60071 38178 5447.29164   96 4793 6172.00000 5447.29164  11.7%  1422 25215s
 60075 38181 5826.07846  386 4701 6172.00000 5447.31254  11.7%  1422 25245s
 60079 38183 5533.03692  210 4852 6172.00000 5447.42203  11.7%  1422 25275s
 60085 38187 6076.37180  381 4816 6172.00000 5447.54976  11.7%  1422 25310s
 60089 38190 5895.12194  550 4750 6172.00000 5447.70057  11.7%  1422 25315s
 60090 38191 5925.18383  406 4785 6172.00000 5447.70103  11.7%  1422 25343s
 60091 38191 5647.41417  466 4857 6172.00000 5447.80782  11.7%  1422 25346s
 60094 38193 5447.83679  134 5039 6172.00000 5447.83679  11.7%  1422 25377s
 60096 38195 5487.99251  224 5126 6172.00000 5447.94784  11.7%  1422 25380s
 60099 38197 6007.93605  652 4918 6172.00000 5447.96722  11.7%  1422 25409s
 60100 38197 6148.00857  566 4997 6172.00000 5448.14204  11.7%  1421 25412s
 60104 38200 5448.21624  176 4764 6172.00000 5448.21624  11.7%  1421 25415s
 60105 38201 5545.17527  197 4786 6172.00000 5448.21624  11.7%  1421 25446s
 60107 38202 5485.43184  193 4950 6172.00000 5448.43103  11.7%  1421 25450s
 60111 38205 5448.46277  120 5044 6172.00000 5448.46277  11.7%  1421 25481s
 60114 38207 5783.40370  305 4979 6172.00000 5448.61607  11.7%  1421 25485s
H60115 36288                    6170.0000000 5448.62477  11.7%  1421 25513s
 60118 36290 5816.14786  254 4971 6170.00000 5448.69448  11.7%  1421 25516s
 60124 36294 6166.39170  311 4927 6170.00000 5448.74634  11.7%  1421 25547s
 60127 36296 5698.35231  553 4981 6170.00000 5448.79172  11.7%  1421 25550s
 60131 36299 5607.19855  188 5082 6170.00000 5448.80342  11.7%  1421 25581s
 60135 36302 5448.86706  115 5140 6170.00000 5448.86706  11.7%  1421 25585s
 60137 36303 5590.43008  307 5100 6170.00000 5448.86947  11.7%  1421 25614s
 60138 36304 5536.47274  178 5061 6170.00000 5448.89495  11.7%  1421 25615s
 60140 36305 5448.91078  141 5092 6170.00000 5448.91078  11.7%  1421 25644s
 60141 36306 5525.93530  248 5081 6170.00000 5448.92735  11.7%  1421 25645s
 60144 36308 5706.56589  307 5118 6170.00000 5448.93551  11.7%  1420 25676s
 60149 36311 5448.98849   67 5118 6170.00000 5448.98849  11.7%  1420 25709s
 60150 36312 5533.32659  260 5158 6170.00000 5449.06748  11.7%  1420 25711s
 60155 36315 6066.68022  307 5294 6170.00000 5449.09873  11.7%  1420 25744s
 60156 36316 5651.30286  165 5181 6170.00000 5449.12276  11.7%  1420 25745s
 60159 36318 5863.87750  335 5303 6170.00000 5449.17339  11.7%  1420 25776s
 60162 36320 6123.75971  321 5136 6170.00000 5449.27815  11.7%  1420 25780s
 60164 36321 5477.93207  177 5069 6170.00000 5449.28143  11.7%  1420 25809s
 60165 36322 5752.53258  534 4808 6170.00000 5449.38927  11.7%  1420 25811s
 60168 36324 5531.89743  200 5140 6170.00000 5449.47726  11.7%  1420 25815s
 60171 36326 5449.48361   96 5147 6170.00000 5449.48361  11.7%  1420 25845s
 60175 36328 5826.07846  386 5075 6170.00000 5449.51663  11.7%  1420 25876s
 60179 36331 5533.03692  210 5187 6170.00000 5449.57365  11.7%  1420 25909s
 60180 36332 5449.66661  110 5102 6170.00000 5449.66661  11.7%  1420 25911s
 60184 36334 6135.95511  316 4884 6170.00000 5449.75658  11.7%  1420 25943s
 60186 36336 5449.82151  174 4966 6170.00000 5449.82151  11.7%  1419 25945s
 60189 36338 5895.12194  550 4952 6170.00000 5449.82507  11.7%  1419 25975s
 60192 36340 5456.16738  149 4787 6170.00000 5450.12488  11.7%  1419 25980s
 60195 36342 5879.18596  232 4919 6170.00000 5450.15345  11.7%  1419 26010s
 60197 36343 6047.53940  285 4863 6170.00000 5450.40776  11.7%  1419 26015s
 60200 36345 6148.00857  566 4953 6170.00000 5450.42110  11.7%  1419 26045s
 60204 36348 5450.51059  176 4868 6170.00000 5450.51059  11.7%  1419 26050s
 60209 36351 6006.81516  504 4904 6170.00000 5450.51698  11.7%  1419 26082s
 60211 36352 5450.66987  120 4873 6170.00000 5450.66987  11.7%  1419 26086s
 60216 36356 5751.29418  390 4934 6170.00000 5450.71321  11.7%  1419 26116s
 60218 36357 5816.14786  254 4806 6170.00000 5451.03360  11.7%  1419 26120s
 60221 36359 5901.52700  479 4922 6170.00000 5451.05988  11.7%  1419 26149s
 60222 36360 5712.29652  340 4747 6170.00000 5451.14629  11.7%  1419 26151s
 60226 36362 5451.20105   78 4868 6170.00000 5451.20105  11.6%  1419 26183s
 60228 36364 5790.35351  251 4804 6170.00000 5451.23744  11.6%  1418 26185s
 60231 36366 5607.19855  188 4783 6170.00000 5451.24858  11.6%  1418 26215s
 60233 36367 5783.45454  294 4717 6170.00000 5451.24955  11.6%  1418 26246s
 60235 36368 5451.28194  115 4801 6170.00000 5451.28194  11.6%  1418 26433s
 60236 36372 5451.34393   89 4778 6170.00000 5451.28194  11.6%  1427 26456s
 60238 36375 5451.38149   90 4708 6170.00000 5451.34393  11.6%  1428 26497s
 60242 36382 5451.83498   91 4642 6170.00000 5451.38273  11.6%  1428 26541s
 60250 36395 5452.06128   92 4678 6170.00000 5451.83616  11.6%  1429 26578s
 60266 36406 5456.39572   93 4510 6170.00000 5452.06424  11.6%  1431 26649s
 60282 36433 5483.44082   94 4493 6170.00000 5452.06424  11.6%  1433 26737s
H60298 34598                    6167.0000000 5452.06424  11.6%  1436 26737s
 60314 34745 5490.38530   95 4022 6167.00000 5452.06424  11.6%  1437 26811s
 60466 34787 5494.34114  100 4149 6167.00000 5452.06424  11.6%  1442 26845s
 60559 34839 5497.54074  102 4272 6167.00000 5452.06424  11.6%  1443 26874s
 60642 34844 5495.36917  104 4230 6167.00000 5452.06424  11.6%  1444 26889s
 60674 34865 5493.42681  108 3359 6167.00000 5452.06424  11.6%  1444 26912s
 60706 34884 5498.09945  105 3994 6167.00000 5452.06424  11.6%  1444 26933s
 60736 34902 5502.07771  104 4187 6167.00000 5452.06424  11.6%  1445 26958s
 60764 34924 5494.66650  111 3454 6167.00000 5452.06424  11.6%  1445 26978s
 60795 34945 5498.66846  106 4015 6167.00000 5452.06424  11.6%  1445 27000s
 60826 34963 5504.06532  106 4044 6167.00000 5452.06424  11.6%  1446 27020s
 60855 34985 5498.88624  107 4139 6167.00000 5452.06424  11.6%  1446 27040s
 60886 35005 5499.04094  108 4051 6167.00000 5452.06424  11.6%  1446 27060s
 60917 35025 5499.29577  109 4212 6167.00000 5452.06424  11.6%  1447 27081s
 60947 35047 5499.70197  110 4288 6167.00000 5452.06424  11.6%  1447 27100s
 60979 35068 5500.06299  110 4223 6167.00000 5452.06424  11.6%  1447 27116s
 61011 35090 5500.42286  111 4120 6167.00000 5452.06424  11.6%  1447 27134s
 61043 35119 5500.91763  111 4195 6167.00000 5452.06424  11.6%  1448 27155s
 61083 35152 5501.56707  113 4221 6167.00000 5452.06424  11.6%  1448 27180s
 61129 35196 5501.73380  114 4264 6167.00000 5452.06424  11.6%  1448 27205s
 61189 35246 5502.47546  119 4349 6167.00000 5452.06424  11.6%  1449 27231s
 61259 35304 5503.59587  123 4119 6167.00000 5452.06424  11.6%  1449 27257s
 61340 35360 5504.39581  126 4268 6167.00000 5452.06424  11.6%  1449 27286s
 61423 35429 5505.30160  130 4328 6167.00000 5452.06424  11.6%  1450 27313s
 61520 35503 5510.95277  132 4136 6167.00000 5452.06424  11.6%  1450 27344s
 61626 35500 5514.90113  131 3765 6167.00000 5452.06424  11.6%  1451 27367s
 61658 35566 5512.50497  131 3780 6167.00000 5452.06424  11.6%  1452 27397s
 61735 35662 5511.69208  134 3994 6167.00000 5452.06424  11.6%  1452 27430s
 61857 35776 5512.97123  136 3955 6167.00000 5452.06424  11.6%  1453 27466s
 62015 35893 5519.60307  136 3684 6167.00000 5452.06424  11.6%  1454 27503s
 62185 35986 5514.33640  137 3825 6167.00000 5452.06424  11.6%  1454 27541s
 62335 36131 5516.89680  138 4174 6167.00000 5452.06424  11.6%  1455 27577s
 62530 36257 5516.13556  138 3665 6167.00000 5452.06424  11.6%  1455 27618s
 62723 36225 5524.88794  138 3870 6167.00000 5452.06424  11.6%  1456 27642s
 62755 36246 5528.80742  140 3962 6167.00000 5452.06424  11.6%  1456 27671s
 62787 36335 5522.14224  139 4149 6167.00000 5452.06424  11.6%  1456 27705s
 62886 36484 5541.11390  140 3920 6167.00000 5452.06424  11.6%  1456 27755s
 63068 36455 5521.14508  139 3937 6167.00000 5452.06424  11.6%  1457 27785s
 63100 36476 5530.29891  141 3882 6167.00000 5452.06424  11.6%  1457 27822s
 63132 36498 5533.64421  140 3735 6167.00000 5452.06424  11.6%  1458 27852s
 63164 36520 5544.74616  140 3982 6167.00000 5452.06424  11.6%  1458 27885s
 63197 36574 5537.03869  141 3740 6167.00000 5452.06424  11.6%  1459 27927s
 63262 36702 5534.70204  142 3884 6167.00000 5452.06424  11.6%  1459 27973s
 63412 36804 5537.14491  142 3652 6167.00000 5452.06424  11.6%  1459 28026s
 63576 37033 5551.56442  142 3753 6167.00000 5452.06424  11.6%  1461 28091s
 63859 37264 5541.22810  143 3630 6167.00000 5452.06424  11.6%  1461 28153s
 64185 37471 5545.61486  143 3646 6167.00000 5452.06424  11.6%  1460 28213s
 64500 37723 5537.69376  143 3511 6167.00000 5452.06424  11.6%  1460 28276s
 64861 37930 5541.22810  144 3632 6167.00000 5452.06424  11.6%  1460 28353s
 65211 37846 5546.13556  153 3509 6167.00000 5452.06424  11.6%  1460 28388s
 65243 38044 5546.98880  154 3528 6167.00000 5452.06424  11.6%  1460 28435s
 65456 38396 5549.33730  155 3576 6167.00000 5452.06424  11.6%  1459 28499s
 65895 38677 5549.31288  157 3230 6167.00000 5452.06424  11.6%  1458 28578s
 66364 38940 5551.19039  161 3341 6167.00000 5452.06424  11.6%  1456 28661s
 66831 39263 5566.28005  164 3291 6167.00000 5452.06424  11.6%  1454 28745s
 67355 39582 5555.61199  165 3280 6167.00000 5452.06424  11.6%  1451 28853s
 67878 39954 5566.26773  178 3133 6167.00000 5452.06424  11.6%  1450 28942s
 68482 40274 5580.42083  175 2970 6167.00000 5452.06424  11.6%  1446 29030s
 69031 40411 5568.47236  179 3105 6167.00000 5452.06424  11.6%  1444 29131s
 69359 40680 5568.20236  180 3133 6167.00000 5452.06424  11.6%  1445 29214s
 69766 40903 5579.39560  193 2988 6167.00000 5452.06424  11.6%  1444 29312s
 70163 41321 5574.39026  197 2886 6167.00000 5452.06424  11.6%  1445 29430s
 70739 41752 5578.22992  203 2956 6167.00000 5452.06424  11.6%  1444 29538s
 71386 41718 5580.10729  207 2918 6167.00000 5452.06424  11.6%  1443 29612s
 71572 42162 5581.58788  211 2918 6167.00000 5452.06424  11.6%  1443 29716s
 72127 42492 5585.77801  222 2994 6167.00000 5452.06424  11.6%  1442 29837s
 72671 42895 5597.81421  225 2912 6167.00000 5452.06424  11.6%  1442 29974s
 73304 43254 5588.23530  231 2889 6167.00000 5452.06424  11.6%  1443 30123s
 73936 43075 5591.69643  244 2927 6167.00000 5452.06424  11.6%  1444 30207s
 73968 43402 5592.93034  245 2861 6167.00000 5452.06424  11.6%  1444 30311s
 74319 43921 5594.47556  245 2827 6167.00000 5452.06424  11.6%  1444 30479s
 75017 44427 5598.95157  247 3029 6167.00000 5452.06424  11.6%  1442 30638s
 75778 44749 5609.24361  255 2900 6167.00000 5452.06424  11.6%  1443 30792s
 76416 45282 5604.20457  253 2771 6167.00000 5452.06424  11.6%  1443 30944s
 77183 45058 5607.74805  257 2883 6167.00000 5452.06424  11.6%  1445 31032s
 77215 45260 5631.74162  255 2845 6167.00000 5452.06424  11.6%  1445 31140s
 77428 45521 5702.43338  257 2754 6167.00000 5452.06424  11.6%  1446 31257s
 77768 46020 5606.45650  257 2852 6167.00000 5452.06424  11.6%  1445 31428s
 78411 46799 5662.97633  258 2707 6167.00000 5452.06424  11.6%  1444 31607s
 79474 46883 5718.28080  263 2634 6167.00000 5454.64092  11.6%  1443 31768s
 79932 47760 5616.54241  264 2881 6167.00000 5457.92338  11.5%  1444 31990s
 81055 48472 5621.65408  274 2801 6167.00000 5457.92338  11.5%  1443 32229s
 82209 49022 5625.63618  281 2447 6167.00000 5457.92338  11.5%  1442 32456s
 83204 49228 5674.41972  289 2346 6167.00000 5457.92338  11.5%  1445 32620s
 83758 50150 5633.39946  300 2659 6167.00000 5457.92338  11.5%  1446 32864s
 84867 51051 5641.33269  318 2449 6167.00000 5457.92338  11.5%  1448 33136s
 86215 51663 5651.07044  326 2315 6167.00000 5457.92338  11.5%  1448 33376s
 87354 51940 5652.86675  336 2305 6167.00000 5457.92338  11.5%  1452 33559s
 88030 53170 5718.96041  340 2420 6167.00000 5457.92338  11.5%  1455 33832s
 89521 53706 5672.14639  355 2225 6167.00000 5457.92338  11.5%  1457 34051s
 90590 53624 5681.56286  361 2166 6167.00000 5457.92338  11.5%  1461 34242s
 90878 53666 5679.61358  365 2095 6167.00000 5457.92338  11.5%  1464 34443s
 91034 55057 5698.55038  366 2283 6167.00000 5457.92338  11.5%  1465 34730s
 92477 55042 5688.60268  375 2219 6167.00000 5457.92338  11.5%  1469 34950s
 92958 56308 5691.74414  378 2336 6167.00000 5457.92338  11.5%  1470 35297s
 94415 57734 5727.33571  395 1964 6167.00000 5457.92338  11.5%  1476 35670s
 96370 58942 5732.31198  406 2177 6167.00000 5457.92338  11.5%  1480 36030s
 98304 59950 5740.90384  431 2155 6167.00000 5457.92338  11.5%  1484 36350s
 100049 61035 5770.03540  466 1959 6167.00000 5457.92338  11.5%  1489 36692s
 101839 62221 5857.42802  488 2008 6167.00000 5457.92338  11.5%  1496 37057s
 103674 62395 5795.01479  508 1922 6167.00000 5457.92338  11.5%  1503 37451s
 104559 64229 5838.98403  514 1842 6167.00000 5457.92338  11.5%  1505 37888s
 106780 63532 5882.22518  542 1864 6167.00000 5457.92338  11.5%  1510 38214s
 106824 65017 5861.71054  538 1875 6167.00000 5457.92338  11.5%  1510 38631s
 108347 66133 5893.26164  600 1841 6167.00000 5457.92338  11.5%  1512 39048s
 109999 67259 5961.25660  628 1662 6167.00000 5457.92338  11.5%  1516 39546s
 111707 68734 5961.27663  677 1871 6167.00000 5457.92338  11.5%  1521 40012s
 113798 70199 6023.89480  722 1795 6167.00000 5457.92338  11.5%  1523 40478s
 116004 72219 6058.12767  763 1612 6167.00000 5457.92338  11.5%  1525 40970s
 118856 74046 5511.36230  131 3479 6167.00000 5457.92338  11.5%  1527 41474s
 121885 74931 5564.70721  220 2770 6167.00000 5457.92338  11.5%  1528 41875s
 124034 76682 5635.77759  297 2595 6167.00000 5457.92338  11.5%  1529 42353s
 126615 77973 5714.95508  417 2417 6167.00000 5457.92338  11.5%  1531 42883s
 128840 78506 5870.50832  565 2126 6167.00000 5457.92338  11.5%  1533 43314s
 130284 81925 5919.30329  641 2126 6167.00000 5457.92338  11.5%  1531 43951s
 134585 82908 5515.77197  105 3451 6167.00000 5457.92338  11.5%  1530 44553s
 137175 82297 5623.15682  151 2558 6167.00000 5457.92338  11.5%  1528 44923s
 137427 86738 5628.68021  158 2471 6167.00000 5457.92338  11.5%  1527 45594s
 142278 88807 5957.15590  345 1580 6167.00000 5457.92338  11.5%  1517 46191s
 146272 90265 5527.06413  137 3269 6167.00000 5457.92338  11.5%  1513 46754s
 149273 92620 5568.20880  185 2696 6167.00000 5457.99348  11.5%  1515 47418s
 152847 94988 5645.65888  245 2445 6167.00000 5457.99348  11.5%  1516 48091s
 156538 96493 5677.53437  315 2162 6167.00000 5461.72480  11.4%  1521 48718s
 159349 99086 5739.43138  386 2318 6167.00000 5461.72480  11.4%  1531 49353s
 162996 101098 5790.69133  430 2138 6167.00000 5461.72480  11.4%  1537 49973s
 166367 104754 5828.92203  471 1825 6167.00000 5461.88199  11.4%  1543 50595s
 170353 108973 5895.00692  523 1732 6167.00000 5461.88199  11.4%  1543 51188s
 174773 112819 5933.13013  597 1770 6167.00000 5461.88199  11.4%  1537 51717s
 178763 116708 6019.58634  706 1326 6167.00000 5461.88199  11.4%  1534 52391s
 183118 119952 6071.48989  872 1248 6167.00000 5471.04529  11.3%  1531 52925s
 186724 122268     cutoff  972      6167.00000 5471.04529  11.3%  1529 53379s
 189264 125359 5583.38635  125 3128 6167.00000 5471.04529  11.3%  1532 53915s
 192498 127998 5644.40917  245 2911 6167.00000 5471.04529  11.3%  1531 54467s
 195258 131126 5743.58743  390 2666 6167.00000 5471.04529  11.3%  1534 55015s
 198398 133287 5863.07592  525 2370 6167.00000 5471.04529  11.3%  1535 55578s
 200743 136675 5993.32289  628 2209 6167.00000 5471.04529  11.3%  1535 56188s
 204218 140263 5754.69234  107 2333 6167.00000 5471.04529  11.3%  1536 56798s
 207952 144908 6126.45388  136 1422 6167.00000 5471.04529  11.3%  1536 57489s
 212948 148664 5572.80192  157 2926 6167.00000 5476.63990  11.2%  1532 57935s
 216990 152261 5681.75295  264 2371 6167.00000 5476.63990  11.2%  1524 58374s
 220852 154767 5890.67752  396 1669 6167.00000 5476.63990  11.2%  1516 58790s
 223585 156795 5496.70562  102 4203 6167.00000 5476.63990  11.2%  1514 59185s
 225659 159067 5511.26961  109 4140 6167.00000 5476.63990  11.2%  1516 59629s
 228013 161460 5591.31314  115 3899 6167.00000 5476.63990  11.2%  1518 60097s
 230557 163564 5586.18152  127 3181 6167.00000 5476.63990  11.2%  1519 60591s
 232894 166019 5600.20135  147 2987 6167.00000 5476.63990  11.2%  1523 61102s
 235458 168978 5610.56064  167 3000 6167.00000 5476.63990  11.2%  1526 61636s
 238530 171936 5624.37874  188 2840 6167.00000 5476.63990  11.2%  1525 62317s
 241651 175354 5642.62863  214 2815 6167.00000 5476.63990  11.2%  1530 62996s
 245209 178073 5663.73796  244 2808 6167.00000 5476.63990  11.2%  1534 63695s
 248091 181478 5675.22560  267 2953 6167.00000 5476.71212  11.2%  1537 64392s
 251681 185540 5742.27240  300 2295 6167.00000 5476.71212  11.2%  1539 65048s
 256001 189045 5755.96593  337 1985 6167.00000 5476.71212  11.2%  1538 65647s
 259560 192634 5801.07589  371 2137 6167.00000 5477.06599  11.2%  1539 66242s
 263361 195380 5840.68208  404 1965 6167.00000 5477.06599  11.2%  1539 66799s
 266212 199228 5825.37504  436 1952 6167.00000 5477.06599  11.2%  1539 67370s
 270294 202513 5846.84173  477 2122 6167.00000 5479.60882  11.1%  1536 67941s
 273597 206721 5873.38869  515 2111 6167.00000 5479.60882  11.1%  1534 68557s
 278073 209208 5929.13975  560 2055 6167.00000 5479.60882  11.1%  1531 69111s
 280622 212092 5952.68227  605 1932 6167.00000 5479.60882  11.1%  1533 69616s
 283600 215168 5967.76795  642 1799 6167.00000 5479.60882  11.1%  1534 70177s
 287023 217168 5990.72263  697 1658 6167.00000 5479.60882  11.1%  1534 70785s
 289190 220303 6019.40274  744 1547 6167.00000 5479.60882  11.1%  1537 71380s
 292738 223071 6054.09408  814 1500 6167.00000 5479.60882  11.1%  1538 71897s
 295743 226739 5523.35152  147 3462 6167.00000 5479.60882  11.1%  1538 72464s
 299419 230658 5580.59320  278 3136 6167.00000 5479.60882  11.1%  1537 73054s
 303411 231526 5665.51127  425 2727 6167.00000 5479.60882  11.1%  1536 73433s
 304397 234995 5730.82465  460 2731 6167.00000 5479.60882  11.1%  1536 74046s
 308119 237989 5918.31781  633 2616 6167.00000 5479.60882  11.1%  1537 74587s
 311318 241781 5551.70618  116 3242 6167.00000 5479.60882  11.1%  1536 75166s
 315258 245670 5786.10137  220 2286 6167.00000 5479.60882  11.1%  1535 75765s
 319282 248853 6064.22546  410 1762 6167.00000 5479.60882  11.1%  1531 76448s
 322836 251654 5535.98675  191 3413 6167.00000 5479.60882  11.1%  1530 77087s
 325741 255376 5595.00575  308 2926 6167.00000 5479.60882  11.1%  1529 77758s
 329602 258528 5694.75706  469 2259 6167.00000 5479.60882  11.1%  1526 78527s
 332821 261929 6085.98041  579 2079 6167.00000 5479.60882  11.1%  1526 79263s
 336338 265479 infeasible  126      6167.00000 5479.60882  11.1%  1525 80030s
 340016 268058 5964.81821  241 2312 6167.00000 5479.60882  11.1%  1525 80740s
 342816 270823 5509.37514  108 4468 6167.00000 5479.60882  11.1%  1526 81552s
 345820 270850 5938.97389  162 1809 6167.00000 5479.60882  11.1%  1529 82073s
 345857 270880 5939.19509  163 1902 6167.00000 5479.60882  11.1%  1529 82934s
 345891 270906 6037.66643  164 1752 6167.00000 5479.60882  11.1%  1529 83520s
 345929 270936 6038.31494  165 1729 6167.00000 5479.60882  11.1%  1529 84267s
 345962 270967 6039.35161  166 1689 6167.00000 5479.60882  11.1%  1529 84992s
 345994 271214 6040.25294  167 1710 6167.00000 5479.60882  11.1%  1529 85714s
 346390 273080 6043.87997  168 1583 6167.00000 5479.92947  11.1%  1529 86353s
 348294 273311 5544.08251  132 3358 6167.00000 5479.92947  11.1%  1530 86400s

Cutting planes:
  Gomory: 131
  Lift-and-project: 1
  Cover: 2051
  Implied bound: 114
  Projected implied bound: 16
  Clique: 172
  MIR: 1252
  Mixing: 3
  StrongCG: 1144
  Flow cover: 6066
  GUB cover: 327
  Inf proof: 2
  Zero half: 652
  Mod-K: 7
  RLT: 2853
  Relax-and-lift: 387
  BQP: 5

Explored 348525 nodes (533262584 simplex iterations) in 86400.56 seconds (105930.14 work units)
Thread count was 32 (of 128 available processors)

Solution count 10: 6167 6170 6172 ... 6191

Time limit reached
Best objective 6.167000000000e+03, best bound 5.480000000000e+03, gap 11.1399%
Solved r101_Even -> /project2/ssuen_1733/output/v3-balance-hours/r101_Even.pkl / .json
[Wed Dec 17 16:35:22 PST 2025] Finished run_single_instance for r101_Even
