==========================================
SLURM_JOB_ID = 5322910
SLURM_JOB_NODELIST = b22-22
TMPDIR = /tmp/SLURM_5322910
==========================================
Using Python:
Python 3.10.18
Checking core dependencies:
numpy: 2.2.6
gurobi: (12, 0, 3)
[Tue Dec 16 15:51:25 PST 2025] Starting run_single_instance on b22-22.hpc.usc.edu for c201_Skewed1
Set parameter TokenServer to value "hpc-licenses.hpcc.usc.edu"
Set parameter TimeLimit to value 86400
Set parameter Seed to value 42
Set parameter OutputFlag to value 1
Gurobi Optimizer version 12.0.3 build v12.0.3rc0 (linux64 - "Rocky Linux 8.10 (Green Obsidian)")

CPU model: AMD EPYC 7542 32-Core Processor, instruction set [SSE2|AVX|AVX2]
Thread count: 64 physical cores, 128 logical processors, using up to 32 threads

Non-default parameters:
TimeLimit  86400
Seed  42

Optimize a model with 703650 rows, 728000 columns and 7279600 nonzeros
Model fingerprint: 0x2ebede67
Variable types: 0 continuous, 728000 integer (727500 binary)
Coefficient statistics:
  Matrix range     [1e+00, 1e+03]
  Objective range  [2e+00, 1e+02]
  Bounds range     [1e+00, 5e+01]
  RHS range        [1e+00, 1e+03]
Presolve removed 677200 rows and 697554 columns
Presolve time: 2.20s
Presolved: 26450 rows, 30446 columns, 227650 nonzeros
Variable types: 0 continuous, 30446 integer (30400 binary)
Performing another presolve...
Presolve removed 700 rows and 251 columns
Presolve time: 0.46s
Deterministic concurrent LP optimizer: primal and dual simplex
Showing primal log only...


Root simplex log...

Iteration    Objective       Primal Inf.    Dual Inf.      Time
    7800    1.5160531e+04   1.359102e+01   3.601030e+09      5s
Concurrent spin time: 0.11s

Solved with dual simplex

Root simplex log...

Iteration    Objective       Primal Inf.    Dual Inf.      Time
   18577    4.7994921e+03   0.000000e+00   0.000000e+00      8s

Root relaxation: objective 4.799492e+03, 18577 iterations, 3.23 seconds (3.58 work units)
Total elapsed time = 7.97s (DegenMoves)

    Nodes    |    Current Node    |     Objective Bounds      |     Work
 Expl Unexpl |  Obj  Depth IntInf | Incumbent    BestBd   Gap | It/Node Time

     0     0 4799.49207    0  950          - 4799.49207      -     -    8s
     0     0 4813.90719    0 1113          - 4813.90719      -     -   11s
     0     0 4814.17309    0  997          - 4814.17309      -     -   12s
     0     0 4814.28437    0 1004          - 4814.28437      -     -   12s
     0     0 4814.31013    0  995          - 4814.31013      -     -   12s
     0     0 4814.31013    0  994          - 4814.31013      -     -   12s
     0     0 4820.40253    0 1095          - 4820.40253      -     -   14s
     0     0 4825.99413    0 1123          - 4825.99413      -     -   16s
     0     0 4826.71072    0 1207          - 4826.71072      -     -   16s
     0     0 4826.83219    0 1174          - 4826.83219      -     -   16s
     0     0 4826.83484    0 1191          - 4826.83484      -     -   16s
     0     0 4826.83484    0 1182          - 4826.83484      -     -   16s
     0     0 4856.35346    0 1279          - 4856.35346      -     -   21s
     0     0 4856.54748    0 1284          - 4856.54748      -     -   21s
     0     0 4857.50722    0 1240          - 4857.50722      -     -   22s
     0     0 4857.50774    0 1287          - 4857.50774      -     -   22s
     0     0 4877.10906    0 1388          - 4877.10906      -     -   25s
     0     0 4878.48381    0 1341          - 4878.48381      -     -   26s
     0     0 4878.65736    0 1345          - 4878.65736      -     -   27s
     0     0 4878.66397    0 1352          - 4878.66397      -     -   27s
     0     0 4892.90009    0 1384          - 4892.90009      -     -   30s
     0     0 4896.43222    0 1358          - 4896.43222      -     -   31s
     0     0 4896.68549    0 1322          - 4896.68549      -     -   32s
     0     0 4896.68866    0 1338          - 4896.68866      -     -   32s
     0     0 4911.74479    0 1293          - 4911.74479      -     -   34s
     0     0 4912.47448    0 1355          - 4912.47448      -     -   34s
     0     0 4912.55562    0 1354          - 4912.55562      -     -   35s
     0     0 4912.57501    0 1354          - 4912.57501      -     -   35s
     0     0 4917.59061    0 1339          - 4917.59061      -     -   37s
     0     0 4918.14837    0 1388          - 4918.14837      -     -   38s
     0     0 4918.43653    0 1380          - 4918.43653      -     -   38s
     0     0 4918.48591    0 1436          - 4918.48591      -     -   39s
     0     0 4918.49229    0 1436          - 4918.49229      -     -   39s
     0     0 4924.85239    0 1339          - 4924.85239      -     -   41s
     0     0 4925.95118    0 1337          - 4925.95118      -     -   42s
     0     0 4926.30337    0 1340          - 4926.30337      -     -   43s
     0     0 4926.35598    0 1319          - 4926.35598      -     -   43s
     0     0 4926.36006    0 1331          - 4926.36006      -     -   43s
     0     0 4935.48022    0 1336          - 4935.48022      -     -   46s
     0     0 4935.66401    0 1384          - 4935.66401      -     -   47s
     0     0 4935.73580    0 1376          - 4935.73580      -     -   47s
     0     0 4935.74225    0 1410          - 4935.74225      -     -   47s
     0     0 4959.62754    0 1339          - 4959.62754      -     -   50s
     0     0 4963.17394    0 1439          - 4963.17394      -     -   51s
     0     0 4963.42359    0 1477          - 4963.42359      -     -   52s
     0     0 4963.46331    0 1515          - 4963.46331      -     -   52s
     0     0 4963.48042    0 1514          - 4963.48042      -     -   52s
     0     0 5000.69163    0 1437          - 5000.69163      -     -   55s
     0     0 5004.24031    0 1529          - 5004.24031      -     -   56s
     0     0 5004.59267    0 1538          - 5004.59267      -     -   57s
     0     0 5004.64668    0 1590          - 5004.64668      -     -   57s
     0     0 5004.65256    0 1586          - 5004.65256      -     -   57s
     0     0 5020.29754    0 1491          - 5020.29754      -     -   59s
     0     0 5021.04969    0 1454          - 5021.04969      -     -   60s
     0     0 5021.26539    0 1457          - 5021.26539      -     -   61s
     0     0 5021.26639    0 1470          - 5021.26639      -     -   61s
     0     0 5029.16210    0 1409          - 5029.16210      -     -   62s
     0     0 5029.68712    0 1501          - 5029.68712      -     -   63s
     0     0 5029.75784    0 1483          - 5029.75784      -     -   64s
     0     0 5029.76439    0 1490          - 5029.76439      -     -   64s
     0     0 5035.92172    0 1479          - 5035.92172      -     -   65s
     0     0 5036.52358    0 1596          - 5036.52358      -     -   66s
     0     0 5036.60923    0 1542          - 5036.60923      -     -   66s
     0     0 5036.64647    0 1611          - 5036.64647      -     -   66s
     0     0 5048.90108    0 1547          - 5048.90108      -     -   69s
     0     0 5050.13862    0 1532          - 5050.13862      -     -   70s
     0     0 5050.22086    0 1529          - 5050.22086      -     -   70s
     0     0 5050.24846    0 1535          - 5050.24846      -     -   71s
     0     0 5057.11735    0 1492          - 5057.11735      -     -   73s
     0     0 5057.58786    0 1564          - 5057.58786      -     -   73s
     0     0 5057.63084    0 1538          - 5057.63084      -     -   74s
     0     0 5064.88823    0 1512          - 5064.88823      -     -   76s
     0     0 5065.40477    0 1522          - 5065.40477      -     -   76s
     0     0 5065.52498    0 1535          - 5065.52498      -     -   77s
     0     0 5065.57052    0 1568          - 5065.57052      -     -   77s
     0     0 5079.29211    0 1381          - 5079.29211      -     -   79s
     0     0 5080.99134    0 1589          - 5080.99134      -     -   80s
     0     0 5081.28589    0 1596          - 5081.28589      -     -   81s
     0     0 5081.32412    0 1560          - 5081.32412      -     -   81s
     0     0 5089.89840    0 1585          - 5089.89840      -     -   83s
     0     0 5090.60604    0 1599          - 5090.60604      -     -   84s
     0     0 5091.04011    0 1644          - 5091.04011      -     -   84s
     0     0 5091.04902    0 1640          - 5091.04902      -     -   84s
     0     0 5095.84940    0 1605          - 5095.84940      -     -   86s
     0     0 5096.48823    0 1631          - 5096.48823      -     -   87s
     0     0 5096.52745    0 1650          - 5096.52745      -     -   87s
     0     0 5100.16935    0 1579          - 5100.16935      -     -   89s
     0     0 5101.23537    0 1578          - 5101.23537      -     -   90s
     0     0 5101.50781    0 1594          - 5101.50781      -     -   90s
     0     0 5101.54837    0 1590          - 5101.54837      -     -   91s
     0     0 5108.85338    0 1609          - 5108.85338      -     -   93s
     0     0 5109.27120    0 1593          - 5109.27120      -     -   94s
     0     0 5109.33996    0 1580          - 5109.33996      -     -   94s
     0     0 5110.13542    0 1591          - 5110.13542      -     -   95s
     0     0 5110.60688    0 1646          - 5110.60688      -     -   96s
     0     0 5110.62644    0 1736          - 5110.62644      -     -   96s
     0     0 5115.10710    0 1681          - 5115.10710      -     -   98s
     0     0 5115.49281    0 1627          - 5115.49281      -     -   99s
     0     0 5115.51291    0 1658          - 5115.51291      -     -   99s
     0     0 5118.98557    0 1539          - 5118.98557      -     -  100s
     0     0 5119.38255    0 1605          - 5119.38255      -     -  100s
     0     0 5119.67704    0 1597          - 5119.67704      -     -  101s
     0     0 5119.77778    0 1629          - 5119.77778      -     -  101s
     0     0 5119.78499    0 1704          - 5119.78499      -     -  102s
     0     0 5123.24882    0 1539          - 5123.24882      -     -  103s
     0     0 5123.80658    0 1700          - 5123.80658      -     -  104s
     0     0 5124.00164    0 1694          - 5124.00164      -     -  105s
     0     0 5124.02040    0 1724          - 5124.02040      -     -  105s
     0     0 5127.20337    0 1591          - 5127.20337      -     -  106s
     0     0 5127.25065    0 1588          - 5127.25065      -     -  107s
     0     0 5131.02211    0 1539          - 5131.02211      -     -  108s
     0     0 5131.64422    0 1528          - 5131.64422      -     -  108s
     0     0 5131.79845    0 1547          - 5131.79845      -     -  109s
     0     0 5131.81557    0 1553          - 5131.81557      -     -  109s
     0     0 5135.12571    0 1523          - 5135.12571      -     -  111s
     0     0 5135.72280    0 1556          - 5135.72280      -     -  112s
     0     0 5135.76356    0 1605          - 5135.76356      -     -  112s
     0     0 5138.26776    0 1614          - 5138.26776      -     -  114s
     0     0 5138.74522    0 1656          - 5138.74522      -     -  114s
     0     0 5138.84629    0 1665          - 5138.84629      -     -  115s
     0     0 5138.88499    0 1632          - 5138.88499      -     -  115s
     0     0 5143.40378    0 1581          - 5143.40378      -     -  117s
     0     0 5144.67886    0 1580          - 5144.67886      -     -  118s
     0     0 5144.71851    0 1683          - 5144.71851      -     -  118s
     0     0 5147.99714    0 1685          - 5147.99714      -     -  120s
     0     0 5148.26139    0 1646          - 5148.26139      -     -  121s
     0     0 5148.27486    0 1638          - 5148.27486      -     -  121s
     0     0 5153.56720    0 1650          - 5153.56720      -     -  122s
     0     0 5153.74837    0 1683          - 5153.74837      -     -  123s
     0     0 5153.80426    0 1712          - 5153.80426      -     -  123s
     0     0 5154.43906    0 1693          - 5154.43906      -     -  124s
     0     0 5154.43922    0 1661          - 5154.43922      -     -  124s
     0     2 5154.44751    0 1661          - 5154.44751      -     -  130s
     1     5 5154.65947    1 1646          - 5154.45648      -   918  135s
     7    16 5155.04721    3 1680          - 5155.04721      -  2422  141s
    15    32 5155.98516    4 1677          - 5155.98516      -  1554  146s
    31    64 5156.69627    5 1661          - 5155.98516      -  1925  153s
    63    96 5157.93511    6 1568          - 5156.74811      -  2058  156s
    95   160 5159.33627    7 1563          - 5156.74811      -  1616  179s
   159   307 5160.09695    9 1553          - 5156.74811      -  1147  185s
   306   388 5222.65809   13 1500          - 5156.74811      -   862  190s
   389   472 5165.09114   14 1565          - 5156.74811      -   954  199s
   475   543 5168.52027   15 1521          - 5156.74811      -  1040  203s
   548   640 5170.88841   16 1572          - 5156.74811      -  1073  208s
   645   732 5170.78931   17 1517          - 5156.74811      -  1026  211s
   737   812 5172.95926   20 1506          - 5156.74811      -   963  217s
   817   885 5177.43908   23 1512          - 5156.74811      -   973  222s
   890   952 5180.38251   25 1468          - 5156.74811      -  1020  228s
   957  1032 5180.93953   26 1468          - 5156.74811      -  1067  233s
  1037  1125 5183.77335   28 1451          - 5156.74811      -  1067  237s
  1130  1225 5186.92731   31 1520          - 5156.74811      -  1043  242s
  1230  1333 5188.65776   34 1450          - 5156.74811      -  1017  247s
  1340  1416 5192.74174   36 1466          - 5156.74811      -  1010  252s
  1423  1502 5193.04597   38 1471          - 5156.74811      -  1043  257s
  1511  1605 5397.72568   42 1441          - 5156.74811      -  1054  262s
  1614  1705 5201.01072   42 1412          - 5156.74811      -  1035  268s
  1714  1814 5414.95160   45 1347          - 5156.74811      -  1031  273s
  1823  1939 5205.38111   46 1341          - 5156.74811      -  1027  278s
  1948  2064 5207.43747   47 1350          - 5156.74811      -  1012  285s
  2073  2194 5207.91361   49 1392          - 5156.74811      -  1006  293s
  2203  2312 5211.49299   53 1481          - 5156.74811      -   996  298s
  2321  2432 5219.92107   55 1392          - 5156.74811      -   996  302s
  2441  2563 5214.14897   58 1307          - 5156.74811      -   994  308s
  2572  2724 5217.07253   60 1270          - 5156.74811      -   994  313s
  2733  2933 5216.82205   62 1365          - 5156.74811      -   981  320s
  2942  3126 5228.99418   67 1426          - 5156.74811      -   957  326s
  3135  3318 5224.87813   73 1422          - 5156.74811      -   943  333s
  3327  3558 5287.14247   78 1301          - 5156.74811      -   940  340s
  3569  3760 5227.48293   78 1404          - 5156.74811      -   916  346s
  3771  3969 5232.56204   87 1375          - 5156.74811      -   913  352s
  3980  4149 5233.72571   91 1448          - 5156.74811      -   905  358s
  4160  4305 5235.59618   94 1369          - 5156.74811      -   911  365s
  4318  4492 5240.94245  102 1450          - 5156.74811      -   924  375s
  4507  4681 5244.28502  105 1404          - 5156.74811      -   932  385s
  4700  4874 5244.40521  111 1414          - 5156.74811      -   939  393s
  4911  5122 5247.12487  115 1415          - 5157.94108      -   942  402s
  5159  5388 5251.23226  126 1507          - 5157.94108      -   941  410s
  5425  5701 5253.86926  134 1506          - 5157.94108      -   937  417s
  5742  6045 5260.49604  140 1479          - 5157.94108      -   926  424s
  6094  6380 5264.94997  151 1424          - 5157.94108      -   910  432s
  6447  6677 5272.25530  156 1389          - 5157.94108      -   899  440s
  6772  6953 5298.76713  162 1447          - 5157.94108      -   895  448s
  7069  7243 5297.19890  166 1446          - 5157.94108      -   895  457s
  7372  7577 5296.40995  172 1409          - 5157.94108      -   897  466s
  7734  7924 5304.88103  178 1435          - 5157.94108      -   894  476s
  8091  8277 5307.25075  186 1337          - 5157.94108      -   892  485s
  8452  8651 5314.28053  198 1382          - 5157.94108      -   891  495s
  8856  9036 5324.40913  211 1247          - 5157.94108      -   889  505s
  9261  9468 5326.57650  216 1304          - 5160.06260      -   887  515s
  9705  9904 5337.40876  226 1425          - 5160.06260      -   883  526s
 10169 10362 5395.37526  237 1376          - 5160.06260      -   879  539s
 10681 10754 5360.41994  248 1331          - 5160.09729      -   873  552s
 11156 11250 5246.10071    8 1525          - 5160.09729      -   872  564s
 11668 11689 5274.24989   26 1314          - 5160.09729      -   868  577s
 12119 12134 5286.59396   44 1355          - 5160.09729      -   873  590s
 12598 12601 5307.24238   52 1264          - 5160.09729      -   876  604s
 13090 13117 5310.13184   68 1385          - 5161.81457      -   879  618s
 13681 13639 5324.62346   74 1315          - 5161.81457      -   876  633s
 14235 14234 5324.55248   87 1309          - 5161.81457      -   877  649s
 14838 14235 5323.32020   87 13758          - 5161.81457      -   876  797s
 14840 14236 5330.92289   31  926          - 5161.81457      -   876  807s
 14842 14238 5822.95469  428 1095          - 5161.81457      -   876  812s
 14844 14239 5569.27808   80 1255          - 5161.81457      -   876  818s
 14845 14240 5479.05717  176 1270          - 5161.81457      -   876  821s
 14846 14240 5430.19796   14 1401          - 5161.81457      -   876  825s
 14848 14242 5634.35549   69 1587          - 5161.81457      -   876  832s
 14850 14243 5673.74525  115 1494          - 5161.81457      -   876  838s
 14851 14244 5547.54024  196 1633          - 5161.81457      -   876  840s
 14855 14246 5432.22815  208 1576          - 5163.44341      -   875  845s
 14863 14252 5490.89286  383 1617          - 5233.14768      -   875  858s
 14864 14252 5274.50772   21 1722          - 5274.50772      -   875  863s
 14865 14253 5700.17145  115 1757          - 5290.42055      -   875  869s
 14866 14254 5649.78215   85 1770          - 5294.76064      -   875  872s
 14869 14256 5451.80407  140 1726          - 5296.55655      -   875  875s
 14872 14258 5402.15872   39 1692          - 5402.15872      -   874  887s
 14873 14258 5444.22562  147 1703          - 5444.22562      -   874  894s
 14874 14259 5449.54921   48 1735          - 5449.54921      -   874  897s
 14876 14260 5717.51079  147 1758          - 5451.07033      -   874  900s
 14882 14264 5660.43171   84 1782          - 5525.72893      -   874  912s
 14883 14265 5550.45476   69 1837          - 5548.49964      -   874  919s
 14884 14266 5553.65898  101 1976          - 5553.65898      -   874  923s
 14885 14266 5554.63312  202 1877          - 5554.63312      -   874  925s
 14892 14271 5555.17301   85 1935          - 5555.17301      -   873  930s
 14893 14272 5599.97343  114 1900          - 5599.97343      -   873  939s
 14894 14272 5609.20451  316 1918          - 5609.20451      -   873  944s
 14895 14273 5611.35977  173 2007          - 5611.35977      -   873  948s
 14897 14274 5612.08045  126 2037          - 5612.08045      -   873  950s
 14902 14278 5788.50821  166 2043          - 5657.32980      -   873  962s
 14903 14278 5666.19304  226 2154          - 5666.19304      -   873  967s
 14904 14279 5668.92797   83 2080          - 5668.92797      -   872  971s
 14910 14283 5669.25785  243 2163          - 5669.25785      -   872  976s
 14911 14284 5700.05279   17 1993          - 5700.05279      -   872  986s
 14912 14284 5707.07632   25 2002          - 5707.07632      -   872  991s
 14914 14286 5722.53107  127 1924          - 5709.35834      -   872  995s
 14918 14288 5735.49236   72 2092          - 5735.49236      -   872 1009s
 14919 14289 5740.44996   64 2147          - 5740.44996      -   872 1014s
 14920 14290 5741.46808  133 2115          - 5741.46808      -   872 1017s
 14925 14293 5741.66126   36 2097          - 5741.66126      -   871 1022s
 14926 14294 5765.88346  120 1994          - 5765.88346      -   871 1031s
 14927 14294 5772.23386   58 1936          - 5772.23386      -   871 1037s
 14928 14295 5774.00638  101 2061          - 5774.00638      -   871 1040s
 14936 14300 5774.75663  146 2045          - 5774.75663      -   871 1047s
 14937 14301 5798.64498   26 2047          - 5798.64498      -   871 1055s
 14938 14302 5804.99874   87 2163          - 5804.99874      -   870 1061s
 14940 14303 5806.44161   31 2140          - 5806.44161      -   870 1065s
 14947 14308 6002.33412  271 1986          - 5833.84439      -   870 1078s
 14948 14308 5840.64664   69 2009          - 5840.64664      -   870 1084s
 14949 14309 5842.07962   12 2068          - 5842.07962      -   870 1087s
 14951 14310 5842.85090  196 2209          - 5842.85090      -   870 1090s
 14957 14314 5869.23318    6 2145          - 5869.23318      -   869 1104s
 14958 14315 5873.36321  159 2099          - 5873.36321      -   869 1109s
 14959 14316 5874.70701  104 2136          - 5874.70701      -   869 1112s
 14962 14318 5875.08516   94 2144          - 5875.08516      -   869 1115s
 14965 14320 5898.12410  115 2152          - 5898.12410      -   869 1129s
 14966 14320 5903.77825   85 2276          - 5903.77825      -   869 1135s
 14968 14322 5906.33283  121 2334          - 5906.33283      -   869 1141s
 14973 14325 5906.66273  147 2383          - 5906.66273      -   868 1145s
 14976 14327 5926.58025  147 2183          - 5926.58025      -   868 1157s
 14977 14328 5929.56315   68 2019          - 5929.56315      -   868 1161s
 14978 14328 5931.02266   65 2209          - 5931.02266      -   868 1165s
 14984 14332 5931.41075  101 2129          - 5931.41075      -   868 1172s
 14985 14333 5949.97489  202 2110          - 5949.97489      -   868 1182s
 14986 14334 5956.21770  226 2292          - 5956.21770      -   868 1190s
 14988 14335 5958.22089   39 2251          - 5958.22089      -   868 1196s
 14994 14339 5958.39141  316 2310          - 5958.39141      -   867 1205s
 14995 14340 5997.48275  173 2370          - 5997.48275      -   867 1221s
 14996 14340 6004.48312   33 2336          - 6004.48312      -   867 1228s
 14997 14341 6007.91813  126 2354          - 6007.91813      -   867 1233s
 14998 14342 6008.91823   80 2322          - 6008.91823      -   867 1236s
 15004 14346 6009.18664   83 2311          - 6009.18664      -   867 1244s
 15005 14346 6037.75428  133 2619          - 6037.75428      -   867 1257s
 15006 14347 6042.84260   29 2429          - 6042.84260      -   867 1264s
 15007 14348 6044.32050  181 2454          - 6044.32050      -   866 1268s
 15008 14348 6044.75054  207 2504          - 6044.75054      -   866 1270s
 15014 14352 6058.48241  127 2523          - 6058.48241      -   866 1283s
 15015 14353 6062.51087  214 2560          - 6062.51087      -   866 1288s
 15016 14354 6063.91928  129 2467          - 6063.91928      -   866 1292s
 15018 14355 6064.49091   72 2520          - 6064.49091      -   866 1295s
 15023 14358 6082.85769  132 2392          - 6082.85769      -   866 1310s
 15024 14359 6085.97582  161 2526          - 6085.97582      -   865 1315s
 15027 14361 6087.39179   58 2490          - 6087.39179      -   865 1320s
 15031 14364 6106.34419  319 2578          - 6106.34419      -   865 1333s
 15032 14364 6111.35326  276 2582          - 6111.35326      -   865 1340s
 15035 14366 6112.39670   93 2640          - 6112.39670      -   865 1345s
 15040 14370 6125.30011   31 2625          - 6125.30011      -   865 1358s
 15041 14370 6128.69866  101 2612          - 6128.69866      -   865 1363s
 15042 14371 6129.71822  428 2609          - 6129.71822      -   864 1367s
 15045 14373 6130.13511  176 2728          - 6130.13511      -   864 1370s
 15050 14376 6141.67179  115 2624          - 6141.67179      -   864 1382s
 15051 14377 6145.52853  196 2704          - 6145.52853      -   864 1388s
 15052 14378 6146.47059  154 2585          - 6146.47059      -   864 1391s
 15058 14382 6146.75067  159 2715          - 6146.75067      -   864 1395s
 15059 14382 6161.84813  104 2645          - 6161.84813      -   863 1407s
 15060 14383 6164.99440  148 2702          - 6164.99440      -   863 1413s
 15061 14384 6166.50222  138 2727          - 6166.50222      -   863 1417s
 15063 14385 6166.95273  383 2816          - 6166.95273      -   863 1420s
 15069 14389 6177.42504  140 2733          - 6177.42504      -   863 1434s
 15070 14390 6179.68430   17 2706          - 6179.68430      -   863 1438s
 15071 14390 6180.23138  168 2633          - 6180.23138      -   863 1441s
 15075 14393 6180.56214  249 2730          - 6180.56214      -   863 1445s
 15076 14394 6194.00568  147 2729          - 6194.00568      -   863 1456s
 15077 14394 6196.34890   68 2859          - 6196.34890      -   862 1461s
 15078 14395 6198.21628   65 2728          - 6198.21628      -   862 1465s
 15084 14399 6198.77677  101 2952          - 6198.77677      -   862 1470s
 15085 14400 6208.97516  202 2457          - 6208.97516      -   862 1481s
 15086 14400 6211.40689  226 2618          - 6211.40689      -   862 1485s
 15089 14402 6212.58708   52 2761          - 6212.58708      -   862 1490s
 15095 14406 6223.32759  173 2647          - 6223.32759      -   861 1506s
 15096 14407 6224.98301   33 2725          - 6224.98301      -   861 1510s
 15098 14408 6226.84643   80 2799          - 6226.84643      -   861 1516s
 15103 14412 6227.26645  226 2751          - 6227.26645      -   861 1520s
 15106 14414 6240.28590   29 2751          - 6240.28590      -   861 1532s
 15107 14414 6244.29069  181 2818          - 6244.29069      -   861 1538s
 15108 14415 6246.00420  207 2839          - 6246.00420      -   861 1543s
 15109 14416 6246.56322   57 2932          - 6246.56322      -   861 1545s
 15119 14422 6246.82293   64 3006          - 6246.82293      -   860 1550s
 15120 14423 6262.90143  133 2728          - 6262.90143      -   860 1563s
 15121 14424 6265.91821   92 2741          - 6265.91821      -   860 1568s
 15122 14424 6267.64405  199 2763          - 6267.64405      -   860 1572s
 15123 14425 6268.41074  132 2850          - 6268.41074      -   860 1575s
 15131 14430 6268.86140  319 2937          - 6268.86140      -   859 1581s
 15132 14431 6278.36755  276 2592          - 6278.36755      -   859 1592s
 15133 14432 6279.83612   50 2687          - 6279.83612      -   859 1595s
 15134 14432 6281.18664   22 2882          - 6281.18664      -   859 1600s
 15137 14434 6282.12038   26 3135          - 6282.12038      -   859 1605s
 15144 14439 6292.23414   80 2887          - 6292.23414      -   859 1619s
 15145 14440 6293.49573  176 2911          - 6293.49573      -   859 1622s
 15146 14440 6294.99785   14 3001          - 6294.99785      -   859 1627s
 15147 14441 6295.74695  271 3038          - 6295.74695      -   858 1630s
 15154 14446 6296.06725   46 3168          - 6296.06725      -   858 1636s
 15155 14446 6304.73811  208 3003          - 6304.73811      -   858 1645s
 15156 14447 6307.87633  175 3097          - 6307.87633      -   858 1651s
 15157 14448 6308.79941    6 3124          - 6308.79941      -   858 1655s
 15160 14450 6309.37370  148 3267          - 6309.37370      -   858 1660s
 15166 14454 6320.84795   85 2727          - 6320.84795      -   857 1674s
 15167 14454 6323.80445  101 2858          - 6323.80445      -   857 1680s
 15170 14456 6324.73629   17 2920          - 6324.73629      -   857 1685s
 15175 14460 6333.81561  249 2857          - 6333.81561      -   857 1700s
 15176 14460 6336.44163  147 2944          - 6336.44163      -   857 1707s
 15177 14461 6337.30323   68 3017          - 6337.30323      -   857 1710s
 15179 14462 6337.92404   28 3195          - 6337.92404      -   857 1715s
 15184 14466 6343.26109  101 2915          - 6343.26109      -   856 1728s
 15185 14466 6344.28879  202 2918          - 6344.28879      -   856 1732s
 15187 14468 6344.85704   95 3059          - 6344.85704      -   856 1736s
 15193 14472 6352.33482  114 2802          - 6352.33482      -   856 1748s
 15194 14472 6354.58769  316 3030          - 6354.58769      -   856 1755s
 15196 14474 6355.99138   33 3041          - 6355.99138      -   856 1761s
 15200 14476 6356.27636   37 3039          - 6356.27636      -   855 1765s
 15205 14480 6364.29611  133 2927          - 6364.29611      -   855 1778s
 15206 14480 6366.24533   29 3086          - 6366.24533      -   855 1783s
 15207 14481 6367.71932  181 3138          - 6367.71932      -   855 1788s
 15208 14482 6368.44885  207 3164          - 6368.44885      -   855 1792s
 15212 14484 6368.65060   25 3117          - 6368.65060      -   855 1795s
 15215 14486 6374.94272  214 3021          - 6374.94272      -   855 1806s
 15216 14487 6377.52306  129 3152          - 6377.52306      -   855 1812s
H15216 13756                    11115.000000 6378.50464  42.6%   855 1816s
H15216 13062                    11067.000000 6378.50464  42.4%   855 1816s
H15216 12402                    11063.000000 6378.50464  42.3%   855 1816s
H15216 11776                    11043.000000 6378.50464  42.2%   855 1816s
H15216 11181                    10927.000000 6378.50464  41.6%   855 1816s
 15219 11183 6378.91324   64 3233 10927.0000 6378.91324  41.6%   854 1820s
H15223 10620                    10908.000000 6385.14185  41.5%   854 1834s
H15223 10083                    10767.000000 6385.14185  40.7%   854 1834s
H15223  9572                    10634.000000 6385.14185  40.0%   854 1834s
H15223  9087                    10601.000000 6385.14185  39.8%   854 1834s
H15223  8626                    10540.000000 6385.14185  39.4%   854 1834s
H15223  8189                    10530.000000 6385.14185  39.4%   854 1834s
H15223  7773                    10501.000000 6385.14185  39.2%   854 1834s
H15223  7378                    10487.000000 6385.14185  39.1%   854 1834s
H15223  7002                    10464.000000 6385.14185  39.0%   854 1834s
 15225  7003 6387.31246   36 3287 10464.0000 6387.31246  39.0%   854 1841s
 15226  7004 6387.86397  120 3423 10464.0000 6387.86397  39.0%   854 1845s
 15232  7008 6388.15804  276 3490 10464.0000 6388.15804  39.0%   854 1850s
H15232  6651                    10459.000000 6395.22878  38.9%   854 1862s
H15232  6312                    10458.000000 6395.22878  38.8%   854 1862s
H15232  5990                    10450.000000 6395.22878  38.8%   854 1862s
H15232  5684                    10414.000000 6395.22878  38.6%   854 1863s
H15232  5393                    10375.000000 6395.22878  38.4%   854 1863s
H15232  5117                    10371.000000 6395.22878  38.3%   854 1863s
H15232  4854                    10336.000000 6395.22878  38.1%   854 1863s
H15232  4605                    10297.000000 6395.22878  37.9%   854 1863s
H15232  4368                    10296.000000 6395.22878  37.9%   854 1863s
H15232  4143                    10290.000000 6395.22878  37.9%   854 1863s
H15232  3930                    10265.000000 6395.22878  37.7%   854 1863s
H15232  3727                    10260.000000 6395.22878  37.7%   854 1863s
H15232  3534                    10258.000000 6395.22878  37.7%   854 1864s
 15234  3535 6397.76241   22 3222 10258.0000 6397.76241  37.6%   854 1871s
 15236  3536 6398.62319  146 3067 10258.0000 6398.62319  37.6%   853 1876s
 15240  3539 6398.77842   31 3257 10258.0000 6398.77842  37.6%   853 1880s
H15242  3356                    10210.000000 6405.36034  37.3%   853 1892s
 15244  3358 6407.37197   80 3105 10210.0000 6407.37197  37.2%   853 1899s
 15245  3358 6408.00102  176 3269 10210.0000 6408.00102  37.2%   853 1902s
 15247  3360 6408.36570  271 3270 10210.0000 6408.36570  37.2%   853 1906s
 15253  3364 6408.43486  110 3396 10210.0000 6408.43486  37.2%   852 1910s
H15253  3189                    10203.000000 6417.49021  37.1%   852 1924s
H15253  3022                    10170.000000 6417.49021  36.9%   852 1924s
 15255  3023 6418.91571  208 3042 10170.0000 6418.91571  36.9%   852 1931s
 15256  3024 6420.09000  175 3154 10170.0000 6420.09000  36.9%   852 1936s
 15259  3026 6420.47064  104 3315 10170.0000 6420.47064  36.9%   852 1940s
H15262  2870                    10169.000000 6426.69785  36.8%   852 1953s
H15262  2719                    10125.000000 6426.69785  36.5%   852 1953s
 15264  2720 6428.54985   21 2997 10125.0000 6428.54985  36.5%   852 1959s
 15265  2721 6429.21820  115 3217 10125.0000 6429.21820  36.5%   852 1962s
 15267  2722 6429.57147  101 3264 10125.0000 6429.57147  36.5%   852 1965s
H15272  2582                    10066.000000 6437.16703  36.1%   851 1980s
H15272  2445                    10065.000000 6437.16703  36.0%   851 1980s
 15274  2447 6439.63430   48 2988 10065.0000 6439.63430  36.0%   851 1988s
 15275  2447 6440.41132  249 3264 10065.0000 6440.41132  36.0%   851 1992s
 15277  2449 6440.85812   68 3196 10065.0000 6440.85812  36.0%   851 1995s
 15284  2453 6448.55117  101 2983 10065.0000 6448.55117  35.9%   851 2010s
 15285  2454 6450.63871  202 3174 10065.0000 6450.63871  35.9%   851 2017s
 15286  2455 6451.57594  226 3234 10065.0000 6451.57594  35.9%   851 2022s
 15288  2456 6451.95600   39 3159 10065.0000 6451.95600  35.9%   851 2025s
H15294  2330                    10063.000000 6458.84452  35.8%   850 2042s
H15294  2206                    10052.000000 6458.84452  35.7%   850 2043s
H15294  2088                    9971.0000000 6458.84452  35.2%   850 2043s
H15294  1976                    9933.0000000 6458.84452  35.0%   850 2045s
H15294  1869                    9932.0000000 6458.84452  35.0%   850 2045s
H15294  1768                    9897.0000000 6458.84452  34.7%   850 2045s
H15294  1672                    9876.0000000 6458.84452  34.6%   850 2045s
H15294  1581                    9867.0000000 6458.84452  34.5%   850 2046s
H15294  1494                    9823.0000000 6458.84452  34.2%   850 2046s
H15294  1412                    9821.0000000 6458.84452  34.2%   850 2047s
H15294  1334                    9814.0000000 6458.84452  34.2%   850 2047s
H15294  1259                    9786.0000000 6458.84452  34.0%   850 2047s
H15294  1189                    9785.0000000 6458.84452  34.0%   850 2047s
 15296  1190 6460.96287   33 3119 9785.00000 6460.96287  34.0%   850 2053s
 15297  1191 6461.86578  126 3248 9785.00000 6461.86578  34.0%   850 2057s
 15300  1193 6462.18377   37 3297 9785.00000 6462.18377  34.0%   850 2060s
H15307  1130                    9772.0000000 6467.92313  33.8%   849 2073s
 15309  1131 6469.65404   57 3164 9772.00000 6469.65404  33.8%   849 2079s
 15310  1132 6470.37582  243 3355 9772.00000 6470.37582  33.8%   849 2083s
 15311  1132 6470.61475   17 3179 9772.00000 6470.61475  33.8%   849 2085s
 15317  1136 6470.79813  138 3342 9772.00000 6470.79813  33.8%   849 2090s
H15317  1071                    9752.0000000 6478.41854  33.6%   849 2101s
 15319  1073 6479.76673   64 3312 9752.00000 6479.76673  33.6%   849 2107s
 15320  1073 6480.43377  133 3460 9752.00000 6480.43377  33.5%   849 2110s
 15322  1075 6480.95271  199 3466 9752.00000 6480.95271  33.5%   849 2115s
 15327  1078 6486.50902   58 3345 9752.00000 6486.50902  33.5%   848 2131s
 15328  1079 6487.65904  101 3270 9752.00000 6487.65904  33.5%   848 2136s
 15330  1080 6488.37503  151 3334 9752.00000 6488.37503  33.5%   848 2141s
 15336  1084 6488.51789  146 3384 9752.00000 6488.51789  33.5%   848 2146s
H15336  1022                    9749.0000000 6494.18650  33.4%   848 2158s
H15336   962                    9683.0000000 6494.18650  32.9%   848 2158s
H15336   906                    9671.0000000 6494.18650  32.8%   848 2158s
H15336   852                    9669.0000000 6494.18650  32.8%   848 2158s
H15336   801                    9668.0000000 6494.18650  32.8%   848 2158s
 15338   802 6495.94866   87 3217 9668.00000 6495.94866  32.8%   848 2165s
 15340   804 6497.34522   31 3283 9668.00000 6497.34522  32.8%   848 2171s
 15344   806 6497.50290   80 3333 9668.00000 6497.50290  32.8%   847 2175s
H15347   759                    9654.0000000 6503.69114  32.6%   847 2188s
H15347   713                    9651.0000000 6503.69114  32.6%   847 2188s
H15348   670                    9631.0000000 6505.70071  32.5%   847 2194s
H15348   628                    9622.0000000 6505.70071  32.4%   847 2194s
H15349   589                    9560.0000000 6506.18925  31.9%   847 2197s
 15351   590 6506.43123  196 3364 9560.00000 6506.43123  31.9%   847 2200s
H15352   553                    9546.0000000 6506.49758  31.8%   847 2201s
H15353   516                    9542.0000000 6506.51161  31.8%   847 2202s
H15356   484                    9529.0000000 6511.56481  31.7%   847 2216s
H15356   451                    9514.0000000 6511.56481  31.6%   847 2216s
H15356   420                    9493.0000000 6511.56481  31.4%   847 2218s
H15356   390                    9483.0000000 6511.56481  31.3%   847 2218s
H15356   362                    9473.0000000 6511.56481  31.3%   847 2220s
H15356   335                    9463.0000000 6511.56481  31.2%   847 2222s
H15356   310                    9446.0000000 6511.56481  31.1%   847 2222s
H15356   285                    9442.0000000 6511.56481  31.0%   847 2222s
H15356   263                    9428.0000000 6511.56481  30.9%   847 2224s
H15356   241                    9401.0000000 6511.56481  30.7%   847 2224s
H15356   220                    9382.0000000 6511.56481  30.6%   847 2224s
H15356   200                    9378.0000000 6511.56481  30.6%   847 2226s
H15356   182                    9358.0000000 6511.56481  30.4%   847 2226s
H15356   164                    9357.0000000 6511.56481  30.4%   847 2227s
H15357   148                    9310.0000000 6513.14034  30.0%   847 2232s
H15358   133                    9274.0000000 6513.60553  29.8%   847 2236s
H15358   118                    9245.0000000 6513.60553  29.5%   847 2236s
H15358   103                    9231.0000000 6513.60553  29.4%   847 2236s
H15358    89                    9219.0000000 6513.60553  29.3%   847 2236s
H15358    76                    9217.0000000 6513.60553  29.3%   847 2236s
H15358    64                    9198.0000000 6513.60553  29.2%   847 2236s
H15359    52                    9192.0000000 6513.90849  29.1%   847 2238s
H15359    40                    9191.0000000 6513.90849  29.1%   847 2238s
H15359    30                    9190.0000000 6513.90849  29.1%   847 2238s
H15359    19                    9189.0000000 6513.90849  29.1%   847 2238s
H15359    10                    9188.0000000 6513.90849  29.1%   847 2238s
 15362    12 6514.10621   94 3552 9188.00000 6514.10621  29.1%   846 2240s
H15365     4                    9181.0000000 6521.16069  29.0%   846 2254s
H15365     0                    9179.0000000 6521.16069  29.0%   846 2254s
 15367     0 6522.82483  101 3410 9179.00000 6522.82483  28.9%   846 2260s
 15369     0 6523.39040  140 3540 9179.00000 6523.39040  28.9%   846 2266s
 15374     1 6523.48113   48 3453 9179.00000 6523.48113  28.9%   846 2270s
H15374     0                    9178.0000000 6528.90574  28.9%   846 2281s
H15374     0                    9174.0000000 6528.90574  28.8%   846 2281s
 15376     0 6529.94157  147 3163 9174.00000 6529.94157  28.8%   846 2286s
 15377     0 6530.47647   68 3243 9174.00000 6530.47647  28.8%   846 2290s
 15380     0 6531.08404   47 3198 9174.00000 6531.08404  28.8%   845 2295s
H15384     0                    9171.0000000 6535.83587  28.7%   845 2310s
 15386     0 6537.70527  226 3191 9171.00000 6537.70527  28.7%   845 2317s
 15387     0 6538.30308   95 3440 9171.00000 6538.30308  28.7%   845 2320s
 15390     0 6538.66081  180 3434 9171.00000 6538.66081  28.7%   845 2325s
H15393     0                    9156.0000000 6545.45841  28.5%   845 2341s
H15393     0                    9151.0000000 6545.45841  28.5%   845 2341s
H15393     0                    9109.0000000 6545.46022  28.1%   845 2341s
 15395     0 6548.04747  173 3326 9109.00000 6548.04747  28.1%   845 2351s
 15396     0 6549.20411   33 3408 9109.00000 6549.20411  28.1%   845 2356s
 15398     0 6549.57541   80 3424 9109.00000 6549.57541  28.1%   844 2360s
H15403     0                    9106.0000000 6555.10120  28.0%   844 2374s
 15405     0 6556.33999  133 3289 9106.00000 6556.33999  28.0%   844 2378s
 15406     0 6557.25172   29 3267 9106.00000 6557.25172  28.0%   844 2382s
 15407     0 6557.67824  181 3570 9106.00000 6557.67824  28.0%   844 2385s
 15412     0 6557.99804   25 3519 9106.00000 6557.99804  28.0%   844 2390s
H15413     0                    9076.0000000 6564.32747  27.7%   844 2413s
H15413     0                    9073.0000000 6564.32747  27.6%   844 2413s
H15413     0                    9067.0000000 6564.32747  27.6%   844 2416s
 15415     0 6566.25694  214 3573 9067.00000 6566.25694  27.6%   844 2425s
 15417     0 6566.81759  138 3686 9067.00000 6566.81759  27.6%   843 2430s
 15424     0 6566.90323  161 3727 9067.00000 6566.90323  27.6%   843 2435s
H15424     0                    9066.0000000 6573.94728  27.5%   843 2448s
 15426     0 6576.58740  120 3444 9066.00000 6576.58740  27.5%   843 2457s
 15427     0 6577.44842   58 3589 9066.00000 6577.44842  27.4%   843 2461s
 15429     0 6578.02409   90 3615 9066.00000 6578.02409  27.4%   843 2466s
H15434     0                    9064.0000000 6583.35940  27.4%   842 2482s
 15436     0 6584.73012  146 3496 9064.00000 6584.73012  27.4%   842 2488s
 15437     0 6585.18193   26 3513 9064.00000 6585.18193  27.3%   842 2492s
 15439     0 6585.37557   71 3651 9064.00000 6585.37557  27.3%   842 2495s
 15446     0 6592.71898   14 3293 9064.00000 6592.71898  27.3%   842 2512s
 15447     0 6594.32363  271 3228 9064.00000 6594.32363  27.2%   842 2519s
 15448     0 6595.40045   69 3458 9064.00000 6595.40045  27.2%   842 2524s
 15449     0 6595.77173   12 3474 9064.00000 6595.77173  27.2%   842 2527s
 15455     0 6595.86054  208 3536 9064.00000 6595.86054  27.2%   841 2531s
H15455     0                    9045.0000000 6600.20033  27.0%   841 2542s
H15455     0                    9037.0000000 6600.20033  27.0%   841 2543s
H15455     0                    9023.0000000 6600.20033  26.9%   841 2543s
 15457     0 6601.92273    6 3324 9023.00000 6601.92273  26.8%   841 2549s
 15458     0 6602.49207  159 3360 9023.00000 6602.49207  26.8%   841 2553s
 15459     0 6602.75866  104 3396 9023.00000 6602.75866  26.8%   841 2556s
 15462     0 6602.94587   94 3486 9023.00000 6602.94587  26.8%   841 2560s
H15465     0                    9015.0000000 6609.56393  26.7%   841 2575s
H15465     0                    9011.0000000 6609.56393  26.7%   841 2575s
 15467     0 6611.04033  101 3441 9011.00000 6611.04033  26.6%   841 2581s
 15468     0 6611.58475  121 3436 9011.00000 6611.58475  26.6%   841 2585s
 15470     0 6612.13251   17 3530 9011.00000 6612.13251  26.6%   841 2590s
 15477     0 6612.24254   68 3525 9011.00000 6612.24254  26.6%   840 2596s
H15477     0                    9001.0000000 6618.65678  26.5%   840 2621s
H15477     0                    8999.0000000 6618.65678  26.5%   840 2624s
H15477     0                    8991.0000000 6618.65678  26.4%   840 2644s
H15477     0                    8990.0000000 6618.65678  26.4%   840 2677s
H15477     0                    8979.0000000 6618.65678  26.3%   840 2677s
H15477     0                    8971.0000000 6618.65678  26.2%   840 2684s
H15477     0                    8970.0000000 6618.65678  26.2%   840 2686s
H15477     0                    8968.0000000 6618.65678  26.2%   840 2686s
H15477     0                    8962.0000000 6618.65678  26.1%   840 2686s
 15478     0 6618.65678   65 3332 8962.00000 6618.65678  26.1%   840 2696s
 15479     0 6620.20028   28 3346 8962.00000 6620.20028  26.1%   840 2702s
 15480     0 6620.93204   47 3316 8962.00000 6620.93204  26.1%   840 2707s
 15482     0 6621.32912   84 3340 8962.00000 6621.32912  26.1%   840 2711s
 15488     0 6621.47126   39 3461 8962.00000 6621.47126  26.1%   840 2715s
H15489     0                    8953.0000000 6627.02007  26.0%   840 2729s
 15491     0 6629.34613  203 3251 8953.00000 6629.34613  26.0%   839 2736s
 15492     0 6630.13995   85 3359 8953.00000 6630.13995  25.9%   839 2740s
 15494     0 6630.66513  316 3545 8953.00000 6630.66513  25.9%   839 2745s
 15500     0 6635.08855   37 3308 8953.00000 6635.08855  25.9%   839 2759s
 15501     0 6636.09660  108 3485 8953.00000 6636.09660  25.9%   839 2764s
 15502     0 6636.57055  166 3476 8953.00000 6636.57055  25.9%   839 2767s
 15504     0 6636.82035   83 3636 8953.00000 6636.82035  25.9%   839 2770s
H15508     0                    8951.0000000 6641.53464  25.8%   838 2784s
 15510     0 6642.74322  243 3365 8951.00000 6642.74322  25.8%   838 2790s
 15512     0 6643.63809   25 3649 8951.00000 6643.63809  25.8%   838 2796s
 15516     0 6643.76485  129 3673 8951.00000 6643.76485  25.8%   838 2800s
 15517     0 6647.94352  138 3790 8951.00000 6647.94352  25.7%   838 2811s
 15518     0 6649.11554   72 3852 8951.00000 6649.11554  25.7%   838 2818s
 15519     0 6649.52820   64 3715 8951.00000 6649.52820  25.7%   838 2821s
 15522     0 6649.72414  199 3817 8951.00000 6649.72414  25.7%   838 2825s
 15525     0 6653.98828   36 3737 8951.00000 6653.98828  25.7%   838 2839s
 15526     0 6655.12555  120 3783 8951.00000 6655.12555  25.6%   838 2844s
 15527     0 6655.61775   58 3958 8951.00000 6655.61775  25.6%   837 2848s
 15529     0 6655.75129   90 3954 8951.00000 6655.75129  25.6%   837 2850s
 15534     0 6659.67327   22 3802 8951.00000 6659.67327  25.6%   837 2863s
 15535     0 6661.25435   93 3828 8951.00000 6661.25435  25.6%   837 2870s
 15537     0 6661.95667   26 3860 8951.00000 6661.95667  25.6%   837 2876s
 15543     0 6662.06984   72 3947 8951.00000 6662.06984  25.6%   837 2880s
 15547     0 6665.27602  271 3697 8951.00000 6665.27602  25.5%   836 2891s
 15548     0 6666.37411   69 3796 8951.00000 6666.37411  25.5%   836 2896s
 15550     0 6666.67828  115 3749 8951.00000 6666.67828  25.5%   836 2901s
 15556     0 6670.50332  175 3837 8951.00000 6670.50332  25.5%   836 2914s
 15557     0 6671.43876    6 3954 8951.00000 6671.43876  25.5%   836 2921s
 15559     0 6672.04781  104 4121 8951.00000 6672.04781  25.5%   836 2926s
 15564     0 6672.11850   21 4224 8951.00000 6672.11850  25.5%   835 2931s
H15564     0                    8950.0000000 6674.88958  25.4%   835 2940s
 15566     0 6675.63584   85 4063 8950.00000 6675.63584  25.4%   835 2945s
 15568     0 6676.08965  121 3952 8950.00000 6676.08965  25.4%   835 2950s
 15573     0 6678.55970  147 3731 8950.00000 6678.55970  25.4%   835 2962s
 15574     0 6679.10794   48 3859 8950.00000 6679.10794  25.4%   835 2966s
 15576     0 6679.41170  147 3974 8950.00000 6679.41170  25.4%   835 2971s
 15581     0 6679.45832   81 4068 8950.00000 6679.45832  25.4%   835 2975s
 15582     0 6681.87041   84 3862 8950.00000 6681.87041  25.3%   834 2986s
 15583     0 6683.07562   69 3927 8950.00000 6683.07562  25.3%   834 2993s
 15584     0 6683.52140  101 4015 8950.00000 6683.52140  25.3%   834 2996s
 15586     0 6683.81396  226 4040 8950.00000 6683.81396  25.3%   834 3000s
 15591     0 6686.16695  203 3695 8950.00000 6686.16695  25.3%   834 3013s
 15592     0 6687.03221   85 3734 8950.00000 6687.03221  25.3%   834 3019s
 15593     0 6687.26870  114 3808 8950.00000 6687.26870  25.3%   834 3022s
 15595     0 6687.45651  173 3976 8950.00000 6687.45651  25.3%   834 3026s
 15601     0 6690.04875  108 3823 8950.00000 6690.04875  25.3%   833 3040s
 15602     0 6690.85097  166 3867 8950.00000 6690.85097  25.2%   833 3046s
 15603     0 6691.21388  226 3890 8950.00000 6691.21388  25.2%   833 3050s
 15606     0 6691.47575   29 3929 8950.00000 6691.47575  25.2%   833 3055s
 15611     0 6693.10118   17 3988 8950.00000 6693.10118  25.2%   833 3067s
 15612     0 6693.83212   25 4104 8950.00000 6693.83212  25.2%   833 3073s
 15613     0 6694.21030  201 3934 8950.00000 6694.21030  25.2%   833 3077s
 15615     0 6694.36366  214 4149 8950.00000 6694.36366  25.2%   833 3080s
 15621     0 6695.85889   92 3710 8950.00000 6695.85889  25.2%   832 3093s
 15622     0 6696.45398  199 3767 8950.00000 6696.45398  25.2%   832 3097s
 15623     0 6696.71040  132 4074 8950.00000 6696.71040  25.2%   832 3101s
 15626     0 6696.88696  120 4049 8950.00000 6696.88696  25.2%   832 3105s
 15631     0 6699.02854  319 3838 8950.00000 6699.02854  25.2%   832 3117s
 15632     0 6699.66071  276 4011 8950.00000 6699.66071  25.1%   832 3122s
 15633     0 6700.08700   50 3978 8950.00000 6700.08700  25.1%   832 3126s
 15635     0 6700.38255   93 4037 8950.00000 6700.38255  25.1%   832 3130s
 15639     0 6700.49166   71 4270 8950.00000 6700.49166  25.1%   831 3136s
 15640     0 6702.35415   31 4081 8950.00000 6702.35415  25.1%   831 3145s
 15641     0 6702.97659  101 4011 8950.00000 6702.97659  25.1%   831 3150s
 15643     0 6703.38238   72 4128 8950.00000 6703.38238  25.1%   831 3155s
 15648     0 6705.23070   69 3991 8950.00000 6705.23070  25.1%   831 3166s
 15649     0 6705.75069   12 3993 8950.00000 6705.75069  25.1%   831 3171s
 15651     0 6706.17455  196 4181 8950.00000 6706.17455  25.1%   831 3177s
 15654     0 6706.27900   46 4197 8950.00000 6706.27900  25.1%   831 3180s
 15657     0 6707.25225    6 3860 8950.00000 6707.25225  25.1%   830 3188s
 15658     0 6707.84883  159 4002 8950.00000 6707.84883  25.1%   830 3193s
 15659     0 6707.92898  104 3860 8950.00000 6707.92898  25.1%   830 3195s
 15665     0 6709.11373  115 3952 8950.00000 6709.11373  25.0%   830 3205s
 15667     0 6709.75099  101 4101 8950.00000 6709.75099  25.0%   830 3212s
 15669     0 6709.86631  140 4089 8950.00000 6709.86631  25.0%   830 3215s
 15675     0 6711.50874  249 3952 8950.00000 6711.50874  25.0%   830 3225s
 15676     0 6712.21342  147 4039 8950.00000 6712.21342  25.0%   829 3231s
 15678     0 6712.69204   65 4122 8950.00000 6712.69204  25.0%   829 3236s
 15682     0 6712.78258   84 4177 8950.00000 6712.78258  25.0%   829 3240s
 15685     0 6714.16251  202 4048 8950.00000 6714.16251  25.0%   829 3250s
 15687     0 6714.75644   95 4038 8950.00000 6714.75644  25.0%   829 3255s
 15693     4 6714.82115  114 4163 8950.00000 6714.82115  25.0%   829 3260s
 15694     5 6715.75774  316 3842 8950.00000 6715.75774  25.0%   829 3267s
 15695     5 6716.14914  173 3905 8950.00000 6716.14914  25.0%   828 3272s
 15697     7 6716.36446  126 3942 8950.00000 6716.36446  25.0%   828 3276s
 15701     9 6716.42944  108 4193 8950.00000 6716.42944  25.0%   828 3280s
 15702    10 6717.64833  166 3801 8950.00000 6717.64833  24.9%   828 3287s
 15703    11 6718.12733  226 4068 8950.00000 6718.12733  24.9%   828 3291s
 15705    12 6718.54050  133 4178 8950.00000 6718.54050  24.9%   828 3296s
 15711    16 6718.60707   17 4202 8950.00000 6718.60707  24.9%   828 3300s
 15713    17 6720.00415  201 3975 8950.00000 6720.00415  24.9%   828 3308s
 15714    18 6720.64548  127 4170 8950.00000 6720.64548  24.9%   827 3313s
 15715    19 6720.77601  214 4136 8950.00000 6720.77601  24.9%   827 3316s
 15720    22 6720.83794  133 4249 8950.00000 6720.83794  24.9%   827 3320s
 15721    23 6723.11048   92 4145 8950.00000 6723.11048  24.9%   827 3329s
 15722    23 6723.76132  199 3948 8950.00000 6723.76132  24.9%   827 3334s
 15723    24 6724.00755  132 4103 8950.00000 6724.00755  24.9%   827 3337s
 15724    25 6724.16413  161 4170 8950.00000 6724.16413  24.9%   827 3340s
 15730    29 6725.74506  151 3928 8950.00000 6725.74506  24.9%   827 3352s
 15731    29 6726.57926  319 4002 8950.00000 6726.57926  24.8%   827 3358s
 15732    30 6726.82727  276 4227 8950.00000 6726.82727  24.8%   827 3361s
 15735    32 6726.95071   93 4195 8950.00000 6726.95071  24.8%   826 3365s
 15738    34 6728.73548   87 4254 8950.00000 6728.73548  24.8%   826 3375s
 15739    35 6729.45469   71 4295 8950.00000 6729.45469  24.8%   826 3381s
 15741    36 6729.78187  101 4374 8950.00000 6729.78187  24.8%   826 3386s
 15745    39 6729.83600  176 4468 8950.00000 6729.83600  24.8%   826 3390s
 15746    39 6731.06662   14 4175 8950.00000 6731.06662  24.8%   826 3398s
 15747    40 6731.33631  271 4227 8950.00000 6731.33631  24.8%   826 3401s
 15749    41 6731.72306   12 4182 8950.00000 6731.72306  24.8%   826 3407s
 15753    44 6731.78482  110 4252 8950.00000 6731.78482  24.8%   825 3410s
 15755    45 6733.18407  208 4046 8950.00000 6733.18407  24.8%   825 3419s
 15756    46 6733.78378  175 4046 8950.00000 6733.78378  24.8%   825 3424s
 15757    47 6733.95278    6 4199 8950.00000 6733.95278  24.8%   825 3427s
 15760    49 6734.14695  148 4273 8950.00000 6734.14695  24.8%   825 3430s
 15764    51 6735.26317   21 4001 8950.00000 6735.26317  24.7%   825 3442s
 15765    52 6735.58824  115 4157 8950.00000 6735.58824  24.7%   825 3447s
 15767    53 6735.80049  101 4159 8950.00000 6735.80049  24.7%   825 3451s
 15771    56 6735.89887  168 4396 8950.00000 6735.89887  24.7%   824 3456s
 15772    57 6737.11744   39 4303 8950.00000 6737.11744  24.7%   824 3464s
 15773    57 6737.75693  147 4118 8950.00000 6737.75693  24.7%   824 3469s
 15774    58 6738.01890   48 4237 8950.00000 6738.01890  24.7%   824 3473s
 15775    59 6738.15285  249 4236 8950.00000 6738.15285  24.7%   824 3475s
 15780    62 6739.53884   47 4254 8950.00000 6739.53884  24.7%   824 3487s
 15781    63 6739.99377   81 4361 8950.00000 6739.99377  24.7%   824 3492s
 15782    63 6740.18049   84 4443 8950.00000 6740.18049  24.7%   824 3496s
 15784    65 6740.33850  101 4239 8950.00000 6740.33850  24.7%   824 3500s
 15787    67 6741.94297   95 3793 8950.00000 6741.94297  24.7%   824 3511s
 15788    67 6742.46318   39 4088 8950.00000 6742.46318  24.7%   824 3516s
 15789    68 6743.01421   52 4098 8950.00000 6743.01421  24.7%   824 3521s
 15791    69 6743.20542  203 4196 8950.00000 6743.20542  24.7%   823 3526s
 15795    72 6744.23798  173 4207 8950.00000 6744.23798  24.6%   823 3537s
 15796    73 6744.61499   33 4290 8950.00000 6744.61499  24.6%   823 3541s
 15798    74 6744.78399   80 4381 8950.00000 6744.78399  24.6%   823 3545s
 15804    78 6745.85257   83 4095 8950.00000 6745.85257  24.6%   823 3557s
H15807    77                    8948.0000000 6745.85257  24.6%   928 3566s
 15809    78 6745.85257   57 1076 8948.00000 6745.85257  24.6%   928 3570s
H15809    74                    8946.0000000 6745.85257  24.6%   928 3574s
H15809    71                    8945.0000000 6745.85257  24.6%   928 3574s
 15811    72 6745.85257   17 1204 8945.00000 6745.85257  24.6%   928 3580s
H15811    68                    8944.0000000 6745.85257  24.6%   928 3590s
H15812    65                    8943.0000000 6745.85257  24.6%   928 3605s
 15814    66 6745.85257  127 1657 8943.00000 6745.85257  24.6%   928 3620s
 15815    67 6745.85257  214 2050 8943.00000 6745.85257  24.6%   928 3639s
 15816    68 6745.85257  129 2106 8943.00000 6745.85257  24.6%   928 3657s
 15817    68 6745.85257  138 2391 8943.00000 6745.85257  24.6%   928 3674s
 15818    69 6745.85257   72 2467 8943.00000 6745.85257  24.6%   928 3692s
 15819    70 6745.85257   64 2873 8943.00000 6745.85257  24.6%   928 3714s
 15820    70 6745.85257  133 2973 8943.00000 6745.85257  24.6%   928 3734s
 15821    71 6745.85257   92 3123 8943.00000 6745.85257  24.6%   928 3750s
 15822    72 6745.85257  199 3277 8943.00000 6745.85257  24.6%   928 3765s
 15823    72 6745.85257  132 3383 8943.00000 6745.85257  24.6%   928 3777s
H15823    68                    8931.0000000 6745.85257  24.5%   928 3788s
 15825    70 6745.85257   36 3787 8931.00000 6745.85257  24.5%   927 3796s
 15826    70 6745.85257  120 3796 8931.00000 6745.85257  24.5%   927 3805s
 15827    71 6745.85257   58 4169 8931.00000 6745.85257  24.5%   927 3811s
 15829    72 6745.85257   90 4127 8931.00000 6745.85257  24.5%   927 3815s
 15833    75 6745.85257   50 4151 8931.00000 6745.85257  24.5%   927 3820s
 15834    76 6750.42935   22 3580 8931.00000 6750.42935  24.4%   927 3833s
 15835    76 6751.38295   93 3395 8931.00000 6751.38295  24.4%   927 3839s
 15836    77 6751.66849  146 3396 8931.00000 6751.66849  24.4%   927 3841s
 15839    79 6751.71043   71 3492 8931.00000 6751.71043  24.4%   927 3846s
 15840    80 6755.03724   31 3756 8931.00000 6755.03724  24.4%   927 3858s
 15841    80 6755.96867  101 3776 8931.00000 6755.96867  24.4%   926 3865s
 15843    82 6756.51772   72 3870 8931.00000 6756.51772  24.3%   926 3871s
 15848    85 6756.58654   69 3888 8931.00000 6756.58654  24.3%   926 3878s
H15848    80                    8930.0000000 6758.80297  24.3%   926 3889s
H15848    76                    8926.0000000 6758.80297  24.3%   926 3889s
 15850    77 6759.55788  115 3804 8926.00000 6759.55788  24.3%   926 3896s
 15852    79 6759.87618  154 3830 8926.00000 6759.87618  24.3%   926 3901s
 15857    82 6759.90334    6 3836 8926.00000 6759.90334  24.3%   926 3906s
 15858    83 6761.95076  159 3643 8926.00000 6761.95076  24.2%   925 3914s
 15859    83 6762.56266  104 3402 8926.00000 6762.56266  24.2%   925 3919s
 15860    84 6762.70051  148 3542 8926.00000 6762.70051  24.2%   925 3920s
 15864    87 6762.72760   21 3595 8926.00000 6762.72760  24.2%   925 3925s
 15865    87 6764.81005  115 3559 8926.00000 6764.81005  24.2%   925 3947s
 15866    88 6765.22141   85 3691 8926.00000 6765.22141  24.2%   925 3951s
 15871    91 6765.36043  168 3743 8926.00000 6765.36043  24.2%   925 3955s
 15873    93 6768.50939  147 3789 8926.00000 6768.50939  24.2%   925 3969s
 15874    93 6769.14539   48 3718 8926.00000 6769.14539  24.2%   925 3974s
 15875    94 6769.32689  249 3776 8926.00000 6769.32689  24.2%   924 3976s
 15879    97 6769.39948   28 3765 8926.00000 6769.39948  24.2%   924 3980s
 15882    99 6771.30040   84 3646 8926.00000 6771.30040  24.1%   924 3993s
 15883    99 6772.02623   69 3811 8926.00000 6772.02623  24.1%   924 3998s
 15884   100 6772.16734  101 3810 8926.00000 6772.16734  24.1%   924 4000s
 15889   103 6772.22243   52 3775 8926.00000 6772.22243  24.1%   924 4006s
 15890   104 6774.35975  180 3418 8926.00000 6774.35975  24.1%   924 4014s
 15891   105 6775.05529  203 3785 8926.00000 6775.05529  24.1%   924 4019s
 15892   105 6775.19893   85 3766 8926.00000 6775.19893  24.1%   924 4021s
 15898   109 6775.27146   80 3662 8926.00000 6775.27146  24.1%   923 4028s
 15899   110 6776.32832   96 3683 8926.00000 6776.32832  24.1%   923 4035s
 15900   111 6776.73687   37 3644 8926.00000 6776.73687  24.1%   923 4040s
 15905   114 6776.96748  133 3839 8926.00000 6776.96748  24.1%   923 4045s
 15907   115 6778.91289  181 3805 8926.00000 6778.91289  24.1%   923 4058s
 15908   116 6779.45943  207 3765 8926.00000 6779.45943  24.0%   923 4062s
 15909   117 6779.73458   57 3665 8926.00000 6779.73458  24.0%   923 4066s
 15913   119 6779.80105  201 3832 8926.00000 6779.80105  24.0%   922 4072s
H15913   111                    8919.0000000 6781.26877  24.0%   922 4088s
 15914   112 6781.26877  127 3734 8919.00000 6781.26877  24.0%   922 4095s
 15915   113 6781.84682  214 3760 8919.00000 6781.84682  24.0%   922 4100s
 15919   115 6782.14058   64 3874 8919.00000 6782.14058  24.0%   922 4105s
 15922   117 6783.33432  199 3770 8919.00000 6783.33432  23.9%   922 4116s
 15923   118 6784.09299  132 3768 8919.00000 6784.09299  23.9%   922 4121s
 15925   119 6784.35078   36 3830 8919.00000 6784.35078  23.9%   922 4125s
 15931   123 6784.46188  319 3923 8919.00000 6784.46188  23.9%   921 4132s
 15932   124 6786.85862  276 3922 8919.00000 6786.85862  23.9%   921 4143s
 15933   125 6787.34946   50 4008 8919.00000 6787.34946  23.9%   921 4148s
 15934   125 6787.52260   22 3797 8919.00000 6787.52260  23.9%   921 4151s
 15938   128 6787.58066   87 4005 8919.00000 6787.58066  23.9%   921 4157s
 15939   129 6788.64468   71 3803 8919.00000 6788.64468  23.9%   921 4163s
 15940   129 6789.11965   31 3978 8919.00000 6789.11965  23.9%   921 4168s
 15941   130 6789.18376  101 3857 8919.00000 6789.18376  23.9%   921 4170s
 15945   133 6789.22004  176 3944 8919.00000 6789.22004  23.9%   920 4177s
 15946   133 6791.63179   14 3609 8919.00000 6791.63179  23.9%   920 4185s
 15947   134 6792.78857  271 3715 8919.00000 6792.78857  23.8%   920 4191s
 15948   135 6793.12620   69 3859 8919.00000 6793.12620  23.8%   920 4195s
 15952   137 6793.26912  154 3925 8919.00000 6793.26912  23.8%   920 4202s
 15953   138 6794.87883  110 3912 8919.00000 6794.87883  23.8%   920 4212s
 15954   139 6795.11919   46 3919 8919.00000 6795.11919  23.8%   920 4215s
 15960   143 6795.25154  148 3954 8919.00000 6795.25154  23.8%   920 4220s
 15961   143 6797.72014  138 3740 8919.00000 6797.72014  23.8%   920 4228s
 15962   144 6798.50933   94 3768 8919.00000 6798.50933  23.8%   919 4234s
 15963   145 6798.73092  383 3794 8919.00000 6798.73092  23.8%   919 4237s
 15966   147 6798.83961   85 3747 8919.00000 6798.83961  23.8%   919 4240s
 15968   148 6799.69519  121 3737 8919.00000 6799.69519  23.8%   919 4247s
 15969   149 6800.27818  140 3743 8919.00000 6800.27818  23.8%   919 4252s
 15972   151 6800.41842   39 3860 8919.00000 6800.41842  23.8%   919 4255s
 15974   152 6802.41067   48 3907 8919.00000 6802.41067  23.7%   919 4265s
 15976   153 6803.29627  147 3889 8919.00000 6803.29627  23.7%   919 4271s
 15980   156 6803.41983   47 3992 8919.00000 6803.41983  23.7%   918 4276s
 15981   157 6804.66032   81 3915 8919.00000 6804.66032  23.7%   918 4284s
 15982   157 6805.06299   84 3993 8919.00000 6805.06299  23.7%   918 4288s
 15983   158 6805.15762   69 4105 8919.00000 6805.15762  23.7%   918 4290s
 15987   161 6806.96574   95 3937 8919.00000 6806.96574  23.7%   918 4301s
 15988   161 6807.67468   39 3879 8919.00000 6807.67468  23.7%   918 4307s
 15990   163 6807.91612  180 3982 8919.00000 6807.91612  23.7%   918 4311s
 15995   166 6808.04746  173 4014 8919.00000 6808.04746  23.7%   918 4315s
 15996   167 6810.58431   33 3878 8919.00000 6810.58431  23.6%   917 4326s
 15997   167 6811.71445  126 3964 8919.00000 6811.71445  23.6%   917 4334s
 15998   168 6811.87725   80 4074 8919.00000 6811.87725  23.6%   917 4337s
 16000   169 6811.98716   37 4134 8919.00000 6811.98716  23.6%   917 4340s
 16004   172 6813.06797   83 4025 8919.00000 6813.06797  23.6%   917 4349s
 16005   173 6813.34079  133 4019 8919.00000 6813.34079  23.6%   917 4352s
 16007   174 6813.50361  181 4148 8919.00000 6813.50361  23.6%   917 4355s
 16012   177 6814.67039   25 3934 8919.00000 6814.67039  23.6%   917 4365s
 16013   178 6815.25901  201 3915 8919.00000 6815.25901  23.6%   917 4370s
 16017   181 6815.52507  138 3939 8919.00000 6815.52507  23.6%   916 4375s
 16019   182 6817.57110   64 3823 8919.00000 6817.57110  23.6%   916 4386s
 16020   183 6818.38767  133 3953 8919.00000 6818.38767  23.6%   916 4392s
 16021   183 6818.88534   92 4006 8919.00000 6818.88534  23.5%   916 4396s
 16025   186 6819.04917   36 4096 8919.00000 6819.04917  23.5%   916 4400s
 16027   187 6820.62138   58 4006 8919.00000 6820.62138  23.5%   916 4409s
 16028   188 6821.10415  101 4028 8919.00000 6821.10415  23.5%   916 4413s
 16029   189 6821.24297   90 4086 8919.00000 6821.24297  23.5%   916 4415s
 16035   193 6821.34293   93 4169 8919.00000 6821.34293  23.5%   915 4420s
 16036   193 6822.59059  146 3934 8919.00000 6822.59059  23.5%   915 4427s
 16037   194 6823.14712   26 4105 8919.00000 6823.14712  23.5%   915 4431s
 16039   195 6823.44213   71 4062 8919.00000 6823.44213  23.5%   915 4435s
 16046   200 6823.53261   14 4213 8919.00000 6823.53261  23.5%   915 4440s
 16050   203 6824.62939  115 4017 8919.00000 6824.62939  23.5%   914 4448s
 16051   203 6825.09236  196 4138 8919.00000 6825.09236  23.5%   914 4452s
 16053   205 6825.29036  110 4219 8919.00000 6825.29036  23.5%   914 4455s
 16060   209 6826.85089  148 4042 8919.00000 6826.85089  23.5%   914 4467s
 16061   210 6827.52906  138 4091 8919.00000 6827.52906  23.4%   914 4472s
 16062   211 6827.73030   94 4174 8919.00000 6827.73030  23.4%   914 4475s
 16066   213 6827.83354   85 4339 8919.00000 6827.83354  23.4%   914 4480s
 16067   214 6830.13959  101 3882 8919.00000 6830.13959  23.4%   913 4491s
 16068   215 6830.83097  121 4186 8919.00000 6830.83097  23.4%   913 4497s
 16069   215 6831.06150  140 4171 8919.00000 6831.06150  23.4%   913 4500s
 16074   219 6831.18748   48 4268 8919.00000 6831.18748  23.4%   913 4505s
 16076   220 6832.20357  147 4049 8919.00000 6832.20357  23.4%   913 4514s
 16077   221 6832.51366   68 4084 8919.00000 6832.51366  23.4%   913 4518s
 16078   221 6832.64648   65 3996 8919.00000 6832.64648  23.4%   913 4520s
 16084   225 6832.76618  101 4242 8919.00000 6832.76618  23.4%   912 4525s
 16085   226 6834.05241  202 3990 8919.00000 6834.05241  23.4%   912 4532s
 16086   227 6834.42040  226 3870 8919.00000 6834.42040  23.4%   912 4536s
 16089   229 6834.64509   52 4059 8919.00000 6834.64509  23.4%   912 4540s
H16091   214                    8908.0000000 6835.37836  23.3%   912 4549s
 16092   215 6835.37836   85 3994 8908.00000 6835.37836  23.3%   912 4551s
 16093   215 6835.81497  114 4003 8908.00000 6835.81497  23.3%   912 4555s
 16096   217 6836.05698   33 4092 8908.00000 6836.05698  23.3%   912 4560s
 16101   221 6837.00164  108 3996 8908.00000 6837.00164  23.2%   912 4570s
 16103   222 6837.69423  226 4002 8908.00000 6837.69423  23.2%   911 4576s
 16108   225 6837.76881  207 4124 8908.00000 6837.76881  23.2%   911 4581s
H16108   208                    8900.0000000 6838.95123  23.2%   911 4595s
H16108   193                    8893.0000000 6838.95123  23.1%   911 4595s
H16108   178                    8888.0000000 6838.95123  23.1%   911 4595s
H16108   164                    8885.0000000 6838.95123  23.0%   911 4595s
H16108   151                    8883.0000000 6838.95123  23.0%   911 4598s
H16108   138                    8879.0000017 6838.95123  23.0%   911 4600s
 16110   140 6839.72064  243 4019 8879.00000 6839.72064  23.0%   911 4613s
 16111   140 6839.95306   17 4161 8879.00000 6839.95306  23.0%   911 4616s
 16115   143 6840.08369  214 4176 8879.00000 6840.08369  23.0%   911 4620s
H16117   132                    8879.0000000 6841.53647  22.9%   911 4631s
 16119   134 6842.14560   64 3941 8879.00000 6842.14560  22.9%   910 4636s
 16121   135 6842.57476   92 4033 8879.00000 6842.57476  22.9%   910 4642s
 16125   138 6842.60512   36 4105 8879.00000 6842.60512  22.9%   910 4646s
 16126   138 6843.66225  120 4013 8879.00000 6843.66225  22.9%   910 4652s
 16127   139 6844.13341   58 4232 8879.00000 6844.13341  22.9%   910 4657s
 16128   140 6844.35361  101 4117 8879.00000 6844.35361  22.9%   910 4660s
 16133   143 6844.45031   50 4312 8879.00000 6844.45031  22.9%   910 4666s
 16134   144 6845.71068   22 4044 8879.00000 6845.71068  22.9%   910 4674s
 16135   144 6846.04958   93 4195 8879.00000 6846.04958  22.9%   910 4678s
 16136   145 6846.20395  146 4205 8879.00000 6846.20395  22.9%   910 4681s
 16139   147 6846.36613   71 4307 8879.00000 6846.36613  22.9%   909 4685s
 16142   149 6847.69880  428 4202 8879.00000 6847.69880  22.9%   909 4696s
 16143   150 6848.08378   72 4333 8879.00000 6848.08378  22.9%   909 4700s
 16145   151 6848.44116  176 4370 8879.00000 6848.44116  22.9%   909 4706s
 16148   153 6848.55641   69 4364 8879.00000 6848.55641  22.9%   909 4710s
 16152   156 6849.74548  154 4290 8879.00000 6849.74548  22.9%   909 4721s
 16153   156 6850.19730  110 4071 8879.00000 6850.19730  22.8%   909 4725s
 16156   158 6850.40545  175 4181 8879.00000 6850.40545  22.8%   908 4730s
 16160   161 6850.44051  148 4265 8879.00000 6850.44051  22.8%   908 4735s
 16161   162 6851.52823  138 4072 8879.00000 6851.52823  22.8%   908 4743s
 16162   162 6851.69419   94 4290 8879.00000 6851.69419  22.8%   908 4746s
 16164   164 6851.83277   21 4233 8879.00000 6851.83277  22.8%   908 4750s
 16168   166 6851.87905  121 4268 8879.00000 6851.87905  22.8%   908 4755s
 16169   167 6852.66569  140 4398 8879.00000 6852.66569  22.8%   908 4762s
 16170   168 6853.10171   17 4293 8879.00000 6853.10171  22.8%   908 4767s
 16173   170 6853.24335  147 4445 8879.00000 6853.24335  22.8%   907 4770s
 16177   172 6853.65541   68 4315 8879.00000 6853.65541  22.8%   907 4778s
 16178   173 6853.85050   65 4351 8879.00000 6853.85050  22.8%   907 4780s
 16182   176 6853.99255   84 4389 8879.00000 6853.99255  22.8%   907 4785s
 16184   177 6854.78736  101 4090 8879.00000 6854.78736  22.8%   907 4793s
 16185   178 6855.12514  202 4046 8879.00000 6855.12514  22.8%   907 4798s
 16186   178 6855.22939  226 4069 8879.00000 6855.22939  22.8%   907 4800s
 16190   181 6855.27386  180 4166 8879.00000 6855.27386  22.8%   907 4805s
 16191   182 6856.08213  203 3894 8879.00000 6856.08213  22.8%   906 4811s
 16192   182 6856.44188   85 3923 8879.00000 6856.44188  22.8%   906 4815s
 16195   184 6856.69370  173 3950 8879.00000 6856.69370  22.8%   906 4820s
 16198   186 6857.69920   80 4076 8879.00000 6857.69920  22.8%   906 4831s
 16199   187 6858.27579   96 4032 8879.00000 6858.27579  22.8%   906 4836s
 16201   188 6858.55411  108 4101 8879.00000 6858.55411  22.8%   906 4841s
 16207   192 6858.63000  181 4200 8879.00000 6858.63000  22.8%   906 4846s
 16208   193 6859.51777  207 4091 8879.00000 6859.51777  22.7%   905 4853s
 16209   194 6859.81615   57 4206 8879.00000 6859.81615  22.7%   905 4857s
 16211   195 6859.95323   17 4179 8879.00000 6859.95323  22.7%   905 4860s
 16215   198 6861.09928  214 4045 8879.00000 6861.09928  22.7%   905 4872s
 16216   198 6861.58904  129 3874 8879.00000 6861.58904  22.7%   905 4876s
 16217   199 6861.85777  138 4145 8879.00000 6861.85777  22.7%   905 4880s
 16221   202 6862.03678   92 4302 8879.00000 6862.03678  22.7%   905 4885s
 16223   203 6862.84131  132 4246 8879.00000 6862.84131  22.7%   905 4893s
 16224   204 6863.08477  161 4216 8879.00000 6863.08477  22.7%   905 4896s
 16227   206 6863.15379   58 4275 8879.00000 6863.15379  22.7%   904 4900s
 16229   207 6864.47159   90 4058 8879.00000 6864.47159  22.7%   904 4910s
 16230   208 6864.84937  151 4047 8879.00000 6864.84937  22.7%   904 4915s
 16233   210 6865.02893   50 4146 8879.00000 6865.02893  22.7%   904 4920s
 16237   212 6866.48177   26 4081 8879.00000 6866.48177  22.7%   904 4931s
 16238   213 6867.08498   87 4130 8879.00000 6867.08498  22.7%   904 4936s
 16240   214 6867.24736   31 4249 8879.00000 6867.24736  22.7%   904 4940s
 16245   218 6867.84765  176 4148 8879.00000 6867.84765  22.7%   903 4950s
 16247   219 6868.06564  271 4200 8879.00000 6868.06564  22.6%   903 4955s
 16253   223 6868.18460  110 4304 8879.00000 6868.18460  22.6%   903 4960s
 16256   225 6868.88943  175 4087 8879.00000 6868.88943  22.6%   903 4968s
 16257   226 6869.11480    6 4148 8879.00000 6869.11480  22.6%   903 4972s
 16259   227 6869.24880  104 4352 8879.00000 6869.24880  22.6%   903 4976s
 16265   231 6869.28466  115 4467 8879.00000 6869.28466  22.6%   902 4981s
 16266   232 6869.70192   85 4228 8879.00000 6869.70192  22.6%   902 4985s
 16269   234 6869.91718  140 4406 8879.00000 6869.91718  22.6%   902 4990s
 16272   236 6870.31217   39 4390 8879.00000 6870.31217  22.6%   902 4998s
 16273   236 6870.42432  147 4483 8879.00000 6870.42432  22.6%   902 5001s
 16278   240 6870.50466   65 4568 8879.00000 6870.50466  22.6%   902 5006s
 16279   240 6871.30647   28 4526 8879.00000 6871.30647  22.6%   902 5013s
 16280   241 6871.51753   47 4423 8879.00000 6871.51753  22.6%   901 5015s
 16284   244 6871.66304  101 4385 8879.00000 6871.66304  22.6%   901 5021s
 16289   247 6872.67793   52 4383 8879.00000 6872.67793  22.6%   901 5032s
 16290   248 6873.10727  180 4302 8879.00000 6873.10727  22.6%   901 5037s
 16291   248 6873.28858  203 4443 8879.00000 6873.28858  22.6%   901 5041s
 16295   251 6873.38828  173 4698 8879.00000 6873.38828  22.6%   901 5045s
 16297   252 6874.14647  126 4298 8879.00000 6874.14647  22.6%   901 5053s
 16298   253 6874.38971   80 4446 8879.00000 6874.38971  22.6%   900 5056s
 16301   255 6874.53198  108 4560 8879.00000 6874.53198  22.6%   900 5060s
 16305   258 6875.24522  133 4428 8879.00000 6875.24522  22.6%   900 5069s
 16306   258 6875.79754   29 4399 8879.00000 6875.79754  22.6%   900 5073s
 16307   259 6875.98827  181 4382 8879.00000 6875.98827  22.6%   900 5076s
 16309   260 6876.13858   57 4605 8879.00000 6876.13858  22.6%   900 5080s
 16312   262 6877.40317   25 4474 8879.00000 6877.40317  22.5%   900 5090s
 16313   263 6877.88948  201 4361 8879.00000 6877.88948  22.5%   900 5095s
 16317   266 6878.09171  138 4455 8879.00000 6878.09171  22.5%   899 5100s
 16320   268 6879.29894  133 4398 8879.00000 6879.29894  22.5%   899 5109s
 16321   268 6879.58403   92 4424 8879.00000 6879.58403  22.5%   899 5113s
 16322   269 6879.82105  199 4519 8879.00000 6879.82105  22.5%   899 5117s
 16324   270 6879.98559  161 4565 8879.00000 6879.98559  22.5%   899 5120s
 16329   274 6881.35898   90 4137 8879.00000 6881.35898  22.5%   899 5133s
 16330   274 6881.99932  151 4443 8879.00000 6881.99932  22.5%   899 5139s
 16331   275 6882.26388  319 4393 8879.00000 6882.26388  22.5%   899 5143s
 16332   276 6882.41189  276 4464 8879.00000 6882.41189  22.5%   899 5145s
 16337   279 6883.37233   26 4361 8879.00000 6883.37233  22.5%   898 5160s
 16338   280 6883.87870   87 4295 8879.00000 6883.87870  22.5%   898 5166s
 16340   281 6884.09144   31 4490 8879.00000 6884.09144  22.5%   898 5170s
 16346   285 6884.68965   14 4347 8879.00000 6884.68965  22.5%   898 5180s
 16348   286 6885.12946   69 4346 8879.00000 6885.12946  22.5%   898 5186s
 16351   288 6885.24717  196 4388 8879.00000 6885.24717  22.5%   898 5190s
 16357   292 6886.66435    6 4133 8879.00000 6886.66435  22.4%   897 5219s
 16358   293 6887.30300  159 4292 8879.00000 6887.30300  22.4%   897 5229s
 16359   294 6887.64653  104 4420 8879.00000 6887.64653  22.4%   897 5233s
 16360   294 6887.75388  148 4486 8879.00000 6887.75388  22.4%   897 5236s
 16364   297 6887.83319   21 4574 8879.00000 6887.83319  22.4%   897 5240s
 16368   300 6889.12348  121 4224 8879.00000 6889.12348  22.4%   897 5252s
 16369   300 6889.72969  140 4368 8879.00000 6889.72969  22.4%   897 5259s
 16370   301 6889.96232   17 4365 8879.00000 6889.96232  22.4%   897 5263s
 16371   302 6890.03434  168 4555 8879.00000 6890.03434  22.4%   896 5265s
 16376   305 6890.08049  147 4594 8879.00000 6890.08049  22.4%   896 5270s
 16377   306 6891.12251   68 4349 8879.00000 6891.12251  22.4%   896 5278s
 16378   306 6891.42796   65 4385 8879.00000 6891.42796  22.4%   896 5282s
 16379   307 6891.75753   28 4445 8879.00000 6891.75753  22.4%   896 5286s
 16381   308 6891.92363   81 4603 8879.00000 6891.92363  22.4%   896 5290s
 16386   312 6893.10327  226 4530 8879.00000 6893.10327  22.4%   896 5305s
 16387   312 6893.56489   95 4594 8879.00000 6893.56489  22.4%   896 5312s
 16389   314 6893.70861   52 4727 8879.00000 6893.70861  22.4%   895 5316s
 16395   318 6893.76625  173 4732 8879.00000 6893.76625  22.4%   895 5321s
 16396   318 6894.44815   33 4589 8879.00000 6894.44815  22.4%   895 5328s
 16397   319 6894.70733  126 4540 8879.00000 6894.70733  22.3%   895 5332s
 16399   320 6894.91430   96 4747 8879.00000 6894.91430  22.3%   895 5336s
 16404   324 6895.01559   83 4786 8879.00000 6895.01559  22.3%   895 5340s
 16407   326 6895.79247  181 4426 8879.00000 6895.79247  22.3%   895 5349s
 16408   326 6895.95047  207 4606 8879.00000 6895.95047  22.3%   894 5352s
 16409   327 6896.04075   57 4687 8879.00000 6896.04075  22.3%   894 5355s
 16415   331 6896.14364  214 4788 8879.00000 6896.14364  22.3%   894 5361s
 16416   332 6896.81815  129 4627 8879.00000 6896.81815  22.3%   894 5366s
 16417   332 6897.13518  138 4723 8879.00000 6897.13518  22.3%   894 5371s
 16419   334 6897.35436   64 4810 8879.00000 6897.35436  22.3%   894 5376s
 16423   336 6897.45028  132 4867 8879.00000 6897.45028  22.3%   894 5380s
 16426   338 6898.31829  120 4554 8879.00000 6898.31829  22.3%   893 5390s
 16427   339 6898.76451   58 4632 8879.00000 6898.76451  22.3%   893 5395s
 16429   340 6899.00570   90 4740 8879.00000 6899.00570  22.3%   893 5400s
 16435   344 6899.63078   93 4338 8879.00000 6899.63078  22.3%   893 5410s
 16437   346 6900.08890   26 4624 8879.00000 6900.08890  22.3%   893 5416s
 16441   348 6900.18098  101 4723 8879.00000 6900.18098  22.3%   893 5420s
 16445   351 6901.04470  176 4344 8879.00000 6901.04470  22.3%   892 5430s
 16447   352 6901.69882  271 4543 8879.00000 6901.69882  22.3%   892 5438s
 16449   354 6901.79132   12 4560 8879.00000 6901.79132  22.3%   892 5441s
 16452   356 6902.46858  154 4424 8879.00000 6902.46858  22.3%   892 5450s
 16454   357 6902.82261   46 4643 8879.00000 6902.82261  22.3%   892 5455s
 16459   360 6902.89271  104 4673 8879.00000 6902.89271  22.3%   892 5460s
 16461   362 6903.37637  138 4604 8879.00000 6903.37637  22.3%   892 5467s
 16462   362 6903.43575   94 4638 8879.00000 6903.43575  22.2%   892 5470s
 16466   365 6904.10710   85 4360 8879.00000 6904.10710  22.2%   891 5478s
 16467   366 6904.27168  101 4478 8879.00000 6904.27168  22.2%   891 5482s
 16469   367 6904.38317  140 4554 8879.00000 6904.38317  22.2%   891 5485s
 16473   370 6905.05167  147 4485 8879.00000 6905.05167  22.2%   891 5497s
 16474   370 6905.24501   48 4506 8879.00000 6905.24501  22.2%   891 5501s
 16477   372 6905.34673   68 4530 8879.00000 6905.34673  22.2%   891 5505s
 16480   374 6905.74764   47 4389 8879.00000 6905.74764  22.2%   891 5513s
 16481   375 6905.97142   81 4384 8879.00000 6905.97142  22.2%   890 5518s
 16482   376 6906.04322   84 4382 8879.00000 6906.04322  22.2%   890 5520s
 16486   378 6906.55702  226 4494 8879.00000 6906.55702  22.2%   890 5531s
 16487   379 6906.92054   95 4446 8879.00000 6906.92054  22.2%   890 5536s
 16489   380 6907.06913   52 4581 8879.00000 6907.06913  22.2%   890 5540s
 16493   383 6907.53095  114 4385 8879.00000 6907.53095  22.2%   890 5549s
 16494   384 6907.65295  316 4469 8879.00000 6907.65295  22.2%   890 5551s
 16499   387 6907.70805   96 4519 8879.00000 6907.70805  22.2%   890 5557s
 16500   388 6908.20389   37 4488 8879.00000 6908.20389  22.2%   889 5563s
 16501   388 6908.44390  108 4450 8879.00000 6908.44390  22.2%   889 5567s
 16503   390 6908.55882  226 4480 8879.00000 6908.55882  22.2%   889 5571s
 16508   393 6908.59271  207 4455 8879.00000 6908.59271  22.2%   889 5576s
 16510   394 6908.76760  243 4511 8879.00000 6908.76760  22.2%   889 5580s
 16515   398 6908.82824  214 4627 8879.00000 6908.82824  22.2%   889 5586s
 16516   398 6909.26902  129 4445 8879.00000 6909.26902  22.2%   889 5591s
 16517   399 6909.52630  138 4491 8879.00000 6909.52630  22.2%   889 5595s
 16521   402 6909.64535   92 4662 8879.00000 6909.64535  22.2%   888 5600s
 16523   403 6910.20860  132 4364 8879.00000 6910.20860  22.2%   888 5608s
 16524   404 6910.49730  161 4411 8879.00000 6910.49730  22.2%   888 5612s
 16526   405 6910.64307  120 4494 8879.00000 6910.64307  22.2%   888 5616s
 16529   407 6910.72706   90 4579 8879.00000 6910.72706  22.2%   888 5620s
 16532   409 6911.22654  276 4544 8879.00000 6911.22654  22.2%   888 5628s
 16533   410 6911.44014   50 4703 8879.00000 6911.44014  22.2%   888 5632s
 16535   411 6911.50868   93 4708 8879.00000 6911.50868  22.2%   888 5635s
 16540   414 6911.91693   31 4548 8879.00000 6911.91693  22.2%   887 5644s
 16541   415 6912.15010  101 4439 8879.00000 6912.15010  22.2%   887 5648s
 16542   416 6912.22728  428 4600 8879.00000 6912.22728  22.2%   887 5650s
 16547   419 6912.25404  271 4679 8879.00000 6912.25404  22.2%   887 5655s
 16548   420 6912.62353   69 4498 8879.00000 6912.62353  22.1%   887 5660s
 16550   421 6912.88351  115 4602 8879.00000 6912.88351  22.1%   887 5666s
 16553   423 6912.91696  110 4642 8879.00000 6912.91696  22.1%   887 5670s
 16554   424 6913.33162   46 4437 8879.00000 6913.33162  22.1%   887 5675s
 16556   425 6913.61846  175 4529 8879.00000 6913.61846  22.1%   886 5681s
 16562   429 6913.65077   94 4609 8879.00000 6913.65077  22.1%   886 5685s
 16564   430 6914.25799   21 4612 8879.00000 6914.25799  22.1%   886 5694s
 16565   431 6914.47139  115 4620 8879.00000 6914.47139  22.1%   886 5698s
 16566   432 6914.55840   85 4455 8879.00000 6914.55840  22.1%   886 5700s
 16572   436 6914.60941   39 4621 8879.00000 6914.60941  22.1%   886 5706s
 16573   436 6914.90721  147 4545 8879.00000 6914.90721  22.1%   886 5710s
 16575   438 6915.08449  249 4631 8879.00000 6915.08449  22.1%   885 5715s
 16581   442 6915.47841   81 4567 8879.00000 6915.47841  22.1%   885 5725s
 16583   443 6915.69034   69 4622 8879.00000 6915.69034  22.1%   885 5730s
 16587   446 6915.73669   95 4661 8879.00000 6915.73669  22.1%   885 5735s
 16588   446 6916.16912   39 4520 8879.00000 6916.16912  22.1%   885 5740s
 16590   448 6916.54671  180 4602 8879.00000 6916.54671  22.1%   885 5746s
 16594   450 6916.60243  316 4743 8879.00000 6916.60243  22.1%   884 5750s
 16596   452 6917.09775   33 4578 8879.00000 6917.09775  22.1%   884 5758s
 16597   452 6917.25624  126 4573 8879.00000 6917.25624  22.1%   884 5761s
 16600   454 6917.35622   37 4574 8879.00000 6917.35622  22.1%   884 5765s
H16603   420                    8875.0000000 6917.55347  22.1%   884 5772s
 16605   422 6917.64303  133 4549 8875.00000 6917.64303  22.1%   884 5775s
 16609   424 6917.74665   57 4797 8875.00000 6917.74665  22.1%   884 5780s
 16612   426 6917.97049   25 4555 8875.00000 6917.97049  22.1%   883 5787s
 16613   427 6918.04844  201 4594 8875.00000 6918.04844  22.1%   883 5790s
H16616   394                    8856.0000000 6918.24713  21.9%   883 5811s
H16616   361                    8853.0000000 6918.24713  21.9%   883 5813s
 16617   362 6918.24713  138 4488 8853.00000 6918.24713  21.9%   883 5816s
 16618   362 6918.28388   72 4585 8853.00000 6918.28388  21.9%   883 5820s
 16623   366 6918.66713  132 4596 8853.00000 6918.66713  21.8%   883 5830s
 16625   367 6918.99584   36 4689 8853.00000 6918.99584  21.8%   883 5836s
 16629   370 6919.03214   90 4726 8853.00000 6919.03214  21.8%   883 5841s
 16632   373 6919.33978  276 13758 8853.00000 6919.33978  21.8%   957 5845s
 16634   374 6919.33978   22  875 8853.00000 6919.33978  21.8%   957 5854s
 16635   375 6919.33978   93 1078 8853.00000 6919.33978  21.8%   957 5856s
 16636   376 6919.33978  146 1145 8853.00000 6919.33978  21.8%   957 5860s
 16637   376 6919.33978   26 1208 8853.00000 6919.33978  21.8%   957 5866s
 16638   377 6919.33978   87 1452 8853.00000 6919.33978  21.8%   957 5877s
 16639   378 6919.33978   71 1592 8853.00000 6919.33978  21.8%   957 5889s
 16640   378 6919.33978   31 1784 8853.00000 6919.33978  21.8%   957 5905s
 16641   379 6919.33978  101 1963 8853.00000 6919.33978  21.8%   957 5923s
 16642   380 6919.33978  428 2076 8853.00000 6919.33978  21.8%   957 5944s
 16643   380 6919.33978   72 2303 8853.00000 6919.33978  21.8%   957 5968s
 16644   381 6919.33989   80 2421 8853.00000 6919.33989  21.8%   957 5990s
 16645   382 6919.33989  176 2781 8853.00000 6919.33989  21.8%   957 6012s
 16646   382 6919.33989   14 3154 8853.00000 6919.33989  21.8%   957 6035s
 16647   383 6919.44886  271 3193 8853.00000 6919.44886  21.8%   957 6055s
 16648   384 6919.44886   69 3771 8853.00000 6919.44886  21.8%   956 6078s
H16648   364                    8851.0000000 6919.44886  21.8%   956 6096s
H16649   346                    8842.0000000 6919.44886  21.7%   956 6113s
 16651   348 6919.44886  196 4038 8842.00000 6919.44886  21.7%   956 6127s
 16652   348 6919.44886  154 3963 8842.00000 6919.44886  21.7%   956 6138s
 16653   349 6919.44886  110 4190 8842.00000 6919.44886  21.7%   956 6146s
 16654   350 6919.44886   46 4166 8842.00000 6919.44886  21.7%   956 6151s
 16656   351 6919.44886  175 4310 8842.00000 6919.44886  21.7%   956 6156s
 16662   355 6919.44886   94 4370 8842.00000 6919.44886  21.7%   956 6162s
 16663   356 6921.04399  383 4206 8842.00000 6921.04399  21.7%   956 6174s
 16664   356 6921.56429   21 4195 8842.00000 6921.56429  21.7%   956 6179s
 16665   357 6921.72757  115 4166 8842.00000 6921.72757  21.7%   955 6180s
 16670   360 6921.78125   17 4198 8842.00000 6921.78125  21.7%   955 6187s
 16671   361 6922.74624  168 4237 8842.00000 6922.74624  21.7%   955 6195s
 16674   363 6922.99250   48 4297 8842.00000 6922.99250  21.7%   955 6200s
 16677   365 6923.01591   68 4328 8842.00000 6923.01591  21.7%   955 6205s
 16678   366 6923.76078   65 4257 8842.00000 6923.76078  21.7%   955 6212s
 16679   366 6923.96431   28 4138 8842.00000 6923.96431  21.7%   955 6215s
 16684   370 6924.05058  101 4225 8842.00000 6924.05058  21.7%   954 6221s
 16685   370 6924.73864  202 4142 8842.00000 6924.73864  21.7%   954 6228s
 16686   371 6924.96100  226 4119 8842.00000 6924.96100  21.7%   954 6231s
 16690   374 6925.01318  180 4220 8842.00000 6925.01318  21.7%   954 6237s
 16691   374 6925.69060  203 4154 8842.00000 6925.69060  21.7%   954 6256s
H16691   354                    8840.0000000 6926.11490  21.7%   954 6260s
 16696   358 6926.31839   33 4297 8840.00000 6926.31839  21.6%   954 6265s
H16697   339                    8837.0000000 6926.97161  21.6%   954 6274s
 16698   340 6926.97161   80 4278 8837.00000 6926.97161  21.6%   954 6275s
 16702   343 6927.22017  166 4150 8837.00000 6927.22017  21.6%   953 6280s
 16704   344 6927.96693   83 4002 8837.00000 6927.96693  21.6%   953 6289s
 16705   345 6928.14010  133 4138 8837.00000 6928.14010  21.6%   953 6292s
 16707   346 6928.26814  181 4204 8837.00000 6928.26814  21.6%   953 6295s
 16710   348 6930.63860  243 4144 8837.00000 6930.63860  21.6%   953 6310s
 16711   349 6931.09758   17 4246 8837.00000 6931.09758  21.6%   953 6315s
 16716   352 6931.39475  129 4411 8837.00000 6931.39475  21.6%   953 6323s
 16717   353 6932.26412  138 4312 8837.00000 6932.26412  21.6%   953 6330s
 16719   354 6932.62549   64 4299 8837.00000 6932.62549  21.6%   952 6335s
 16722   356 6932.67150  199 4284 8837.00000 6932.67150  21.5%   952 6340s
 16723   357 6933.28714  132 4292 8837.00000 6933.28714  21.5%   952 6346s
 16724   357 6933.52301  161 4273 8837.00000 6933.52301  21.5%   952 6350s
 16728   360 6933.61439  101 4447 8837.00000 6933.61439  21.5%   952 6357s
H16728   340                    8836.0000000 6935.26354  21.5%   952 6366s
H16728   322                    8834.0000000 6935.26354  21.5%   952 6366s
 16730   323 6935.73675  151 4340 8834.00000 6935.73675  21.5%   952 6370s
 16734   326 6935.93592   22 4432 8834.00000 6935.93592  21.5%   952 6375s
 16736   327 6936.72677  146 4279 8834.00000 6936.72677  21.5%   951 6385s
 16738   329 6937.06756   87 4281 8834.00000 6937.06756  21.5%   951 6390s
 16741   331 6937.09403  101 4354 8834.00000 6937.09403  21.5%   951 6395s
 16742   331 6937.59078  428 4296 8834.00000 6937.59078  21.5%   951 6401s
 16744   333 6937.75914   80 4443 8834.00000 6937.75914  21.5%   951 6406s
 16747   335 6937.77034  271 4465 8834.00000 6937.77034  21.5%   951 6411s
 16748   335 6938.52092   69 4328 8834.00000 6938.52092  21.5%   951 6417s
 16749   336 6938.79106   12 4342 8834.00000 6938.79106  21.5%   951 6421s
 16754   339 6938.82660   46 4363 8834.00000 6938.82660  21.5%   950 6429s
 16755   340 6940.36580  208 4176 8834.00000 6940.36580  21.4%   950 6440s
 16756   341 6940.68965  175 4223 8834.00000 6940.68965  21.4%   950 6445s
 16760   343 6940.91985  148 4333 8834.00000 6940.91985  21.4%   950 6450s
 16762   345 6940.92230   94 4363 8834.00000 6940.92230  21.4%   950 6455s
 16763   345 6942.15452  383 4084 8834.00000 6942.15452  21.4%   950 6463s
 16764   346 6942.50167   21 4151 8834.00000 6942.50167  21.4%   950 6467s
 16766   347 6942.63142   85 4138 8834.00000 6942.63142  21.4%   950 6470s
 16771   351 6943.17010  168 4129 8834.00000 6943.17010  21.4%   949 6479s
 16772   351 6943.32264   39 4159 8834.00000 6943.32264  21.4%   949 6481s
 16776   354 6943.39687  147 4228 8834.00000 6943.39687  21.4%   949 6485s
 16778   355 6943.91426   65 4268 8834.00000 6943.91426  21.4%   949 6492s
 16779   356 6944.27723   28 4303 8834.00000 6944.27723  21.4%   949 6496s
 16783   359 6944.37291   69 4395 8834.00000 6944.37291  21.4%   949 6501s
H16783   338                    8833.0000000 6945.39484  21.4%   949 6525s
H16783   319                    8825.0000000 6945.39484  21.3%   949 6526s
H16783   300                    8818.0000000 6945.39484  21.2%   949 6526s
 16785   301 6945.63134  202 4277 8818.00000 6945.63134  21.2%   949 6535s
 16789   304 6946.72843   52 4091 8818.00000 6946.72843  21.2%   948 6548s
 16790   304 6947.00092  180 4395 8818.00000 6947.00092  21.2%   948 6551s
 16793   306 6947.13181  114 4283 8818.00000 6947.13181  21.2%   948 6555s
 16797   309 6948.09367  126 4190 8818.00000 6948.09367  21.2%   948 6565s
 16799   310 6948.38065   96 4272 8818.00000 6948.38065  21.2%   948 6570s
 16804   314 6948.43209   83 4297 8818.00000 6948.43209  21.2%   948 6576s
 16805   314 6948.96162  133 4118 8818.00000 6948.96162  21.2%   948 6582s
 16806   315 6949.16068   29 4299 8818.00000 6949.16068  21.2%   947 6585s
 16812   319 6949.25147   25 4304 8818.00000 6949.25147  21.2%   947 6591s
 16813   320 6950.04221  201 4290 8818.00000 6950.04221  21.2%   947 6598s
 16814   320 6950.24804  127 4377 8818.00000 6950.24804  21.2%   947 6601s
 16817   322 6950.35938  138 4413 8818.00000 6950.35938  21.2%   947 6605s
 16819   324 6951.10057   64 4356 8818.00000 6951.10057  21.2%   947 6614s
 16820   324 6951.35164  133 4325 8818.00000 6951.35164  21.2%   947 6617s
 16823   326 6951.44436  132 4461 8818.00000 6951.44436  21.2%   947 6620s
 16826   328 6952.39080  120 4278 8818.00000 6952.39080  21.2%   946 6631s
 16828   330 6952.68416  101 4369 8818.00000 6952.68416  21.2%   946 6636s
 16832   332 6952.71553  276 4471 8818.00000 6952.71553  21.2%   946 6640s
 16833   333 6953.24544   50 4105 8818.00000 6953.24544  21.1%   946 6646s
 16834   334 6953.52714   22 4280 8818.00000 6953.52714  21.1%   946 6650s
 16839   337 6953.61669   71 4331 8818.00000 6953.61669  21.1%   946 6656s
 16840   338 6954.19645   31 4420 8818.00000 6954.19645  21.1%   946 6661s
 16841   338 6954.35384  101 4409 8818.00000 6954.35384  21.1%   946 6665s
 16846   342 6954.42408   14 4382 8818.00000 6954.42408  21.1%   945 6671s
 16847   342 6954.99958  271 4369 8818.00000 6954.99958  21.1%   945 6677s
 16848   343 6955.30938   69 4333 8818.00000 6955.30938  21.1%   945 6681s
 16851   345 6955.41492  196 4425 8818.00000 6955.41492  21.1%   945 6685s
 16858   350 6955.87680  159 4435 8818.00000 6955.87680  21.1%   945 6694s
 16859   350 6955.97906  104 4364 8818.00000 6955.97906  21.1%   944 6696s
 16862   352 6956.03957   94 4522 8818.00000 6956.03957  21.1%   944 6701s
 16864   354 6956.29015   21 4500 8818.00000 6956.29015  21.1%   944 6706s
 16868   356 6956.38926  121 4607 8818.00000 6956.38926  21.1%   944 6710s
 16871   358 6956.75523  168 4528 8818.00000 6956.75523  21.1%   944 6717s
 16872   359 6956.92922   39 4563 8818.00000 6956.92922  21.1%   944 6720s
 16878   363 6957.04321   65 4521 8818.00000 6957.04321  21.1%   943 6725s
 16880   364 6957.71325   47 4190 8818.00000 6957.71325  21.1%   943 6735s
 16882   366 6958.09590   84 4411 8818.00000 6958.09590  21.1%   943 6740s
 16886   368 6958.77052  226 4258 8818.00000 6958.77052  21.1%   943 6748s
 16887   369 6958.89890   95 4508 8818.00000 6958.89890  21.1%   943 6751s
 16891   372 6958.98076  203 4412 8818.00000 6958.98076  21.1%   943 6755s
 16893   373 6959.22241  114 4391 8818.00000 6959.22241  21.1%   943 6760s
 16896   375 6959.43190   33 4447 8818.00000 6959.43190  21.1%   942 6765s
 16901   378 6959.69969  108 4334 8818.00000 6959.69969  21.1%   942 6771s
 16904   380 6959.86852   83 4412 8818.00000 6959.86852  21.1%   942 6775s
 16909   384 6960.13630   57 4488 8818.00000 6960.13630  21.1%   942 6783s
 16911   385 6960.19720   17 4536 8818.00000 6960.19720  21.1%   942 6785s
 16916   388 6960.24810  129 4531 8818.00000 6960.24810  21.1%   941 6790s
 16918   390 6960.90821   72 4363 8818.00000 6960.90821  21.1%   941 6797s
 16920   391 6961.00764  133 4374 8818.00000 6961.00764  21.1%   941 6800s
 16924   394 6961.38486  161 4430 8818.00000 6961.38486  21.1%   941 6808s
 16925   394 6961.45678   36 4488 8818.00000 6961.45678  21.1%   941 6810s
 16930   398 6961.51984  151 4608 8818.00000 6961.51984  21.1%   941 6815s
 16931   398 6962.18368  319 4355 8818.00000 6962.18368  21.0%   940 6820s
 16934   400 6962.44847   22 4409 8818.00000 6962.44847  21.0%   940 6826s
 16940   404 6962.48450   31 4457 8818.00000 6962.48450  21.0%   940 6830s
 16941   405 6963.14814  101 4311 8818.00000 6963.14814  21.0%   940 6837s
 16942   406 6963.37746  428 4409 8818.00000 6963.37746  21.0%   940 6840s
 16946   408 6963.50389   14 4439 8818.00000 6963.50389  21.0%   940 6846s
 16947   409 6964.15394  271 4379 8818.00000 6964.15394  21.0%   940 6851s
 16948   410 6964.37993   69 4484 8818.00000 6964.37993  21.0%   940 6855s
 16952   412 6964.57402  154 4517 8818.00000 6964.57402  21.0%   939 6860s
 16955   414 6965.36161  208 4447 8818.00000 6965.36161  21.0%   939 6870s
 16957   416 6965.72168    6 4572 8818.00000 6965.72168  21.0%   939 6875s
 16961   418 6965.78102  138 4507 8818.00000 6965.78102  21.0%   939 6880s
 16962   419 6966.42248   94 4255 8818.00000 6966.42248  21.0%   939 6886s
 16964   420 6966.68449   21 4472 8818.00000 6966.68449  21.0%   939 6891s
 16969   424 6966.77124  140 4472 8818.00000 6966.77124  21.0%   938 6895s
 16971   425 6967.65846  168 4355 8818.00000 6967.65846  21.0%   938 6904s
 16972   426 6967.88780   39 4513 8818.00000 6967.88780  21.0%   938 6907s
 16974   427 6968.00259   48 4490 8818.00000 6968.00259  21.0%   938 6910s
 16978   430 6968.02957   65 4560 8818.00000 6968.02957  21.0%   938 6915s
 16979   430 6968.71616   28 4371 8818.00000 6968.71616  21.0%   938 6922s
 16980   431 6969.10591   47 4472 8818.00000 6969.10591  21.0%   938 6928s
 16981   432 6969.20712   81 4627 8818.00000 6969.20712  21.0%   938 6930s
 16986   435 6969.28415  226 4620 8818.00000 6969.28415  21.0%   937 6935s
 16988   436 6970.07770   39 4383 8818.00000 6970.07770  21.0%   937 6944s
 16989   437 6970.34624   52 4501 8818.00000 6970.34624  21.0%   937 6948s
 16991   438 6970.48056  203 4592 8818.00000 6970.48056  21.0%   937 6951s
 16995   441 6970.50241  173 4670 8818.00000 6970.50241  21.0%   937 6955s
 16996   442 6970.99959   33 4352 8818.00000 6970.99959  20.9%   937 6960s
 16998   443 6971.32953   80 4466 8818.00000 6971.32953  20.9%   937 6965s
 17004   447 6971.42508   83 4502 8818.00000 6971.42508  20.9%   936 6970s
 17006   448 6972.32433   29 4434 8818.00000 6972.32433  20.9%   936 6980s
 17008   450 6972.74495  207 4485 8818.00000 6972.74495  20.9%   936 6986s
 17015   454 6972.78608  214 4534 8818.00000 6972.78608  20.9%   936 6991s
 17016   455 6973.23858  129 4511 8818.00000 6973.23858  20.9%   936 6997s
 17017   456 6973.50281  138 4488 8818.00000 6973.50281  20.9%   936 7001s
 17020   458 6973.68027  133 4566 8818.00000 6973.68027  20.9%   936 7006s
 17026   462 6973.73869  120 4649 8818.00000 6973.73869  20.9%   935 7011s
 17027   462 6974.18274   58 4501 8818.00000 6974.18274  20.9%   935 7016s
 17029   464 6974.45979   90 4473 8818.00000 6974.45979  20.9%   935 7021s
 17033   466 6974.49795   50 4643 8818.00000 6974.49795  20.9%   935 7025s
 17034   467 6975.23613   22 4577 8818.00000 6975.23613  20.9%   935 7032s
 17035   468 6975.49581   93 4514 8818.00000 6975.49581  20.9%   935 7035s
 17038   470 6975.66082   87 4561 8818.00000 6975.66082  20.9%   935 7040s
 17041   472 6976.45727  101 4476 8818.00000 6976.45727  20.9%   934 7051s
 17043   473 6976.87199   72 4466 8818.00000 6976.87199  20.9%   934 7056s
 17047   476 6976.95161  271 4530 8818.00000 6976.95161  20.9%   934 7060s
H17051   447                    8815.0000000 6977.53887  20.8%   934 7239s
H17051   418                    8799.0000000 6977.53887  20.7%   934 7250s
 17052   419 6977.53887  154 4371 8799.00000 6977.53887  20.7%   934 7318s
 17053   420 6977.80034  110 4317 8799.00000 6977.80034  20.7%   934 7373s
 17055   421 6977.84878  208 4341 8799.00000 6977.84878  20.7%   934 7375s
 17058   423 6978.45823  159 4222 8799.00000 6978.45823  20.7%   933 7385s
 17060   424 6978.79468  148 4217 8799.00000 6978.79468  20.7%   933 7391s
 17065   428 6978.86585  115 4243 8799.00000 6978.86585  20.7%   933 7395s
 17067   429 6979.47439  101 4250 8799.00000 6979.47439  20.7%   933 7403s
 17068   430 6979.66436  121 4223 8799.00000 6979.66436  20.7%   933 7407s
 17072   432 6979.72780   39 4386 8799.00000 6979.72780  20.7%   933 7410s
 17076   435 6980.00111  147 4225 8799.00000 6980.00111  20.7%   932 7417s
 17077   436 6980.13049   68 4280 8799.00000 6980.13049  20.7%   932 7420s
 17082   439 6980.19467   84 4458 8799.00000 6980.19467  20.7%   932 7425s
 17083   440 6980.71930   69 4117 8799.00000 6980.71930  20.7%   932 7431s
 17085   441 6980.96685  202 4181 8799.00000 6980.96685  20.7%   932 7436s
 17089   444 6981.01774   52 4309 8799.00000 6981.01774  20.7%   932 7440s
 17091   445 6981.48530  203 4368 8799.00000 6981.48530  20.7%   932 7446s
 17092   446 6981.80076   85 4274 8799.00000 6981.80076  20.7%   932 7451s
 17094   447 6981.91989  316 4335 8799.00000 6981.91989  20.7%   932 7455s
 17098   450 6982.63213   80 4452 8799.00000 6982.63213  20.6%   931 7465s
 17100   451 6982.93366   37 4437 8799.00000 6982.93366  20.6%   931 7470s
 17104   454 6983.53334   83 4246 8799.00000 6983.53334  20.6%   931 7480s
 17106   455 6983.78585   29 4415 8799.00000 6983.78585  20.6%   931 7486s
 17110   458 6983.83499  243 4509 8799.00000 6983.83499  20.6%   931 7491s
 17111   458 6984.34725   17 4279 8799.00000 6984.34725  20.6%   931 7497s
 17112   459 6984.73583   25 4426 8799.00000 6984.73583  20.6%   931 7502s
 17113   460 6984.93394  201 4513 8799.00000 6984.93394  20.6%   930 7505s
 17119   464 6984.99496   64 4568 8799.00000 6984.99496  20.6%   930 7511s
 17120   464 6985.49381  133 4369 8799.00000 6985.49381  20.6%   930 7517s
 17121   465 6985.68782   92 4525 8799.00000 6985.68782  20.6%   930 7520s
 17124   467 6985.81240  161 4571 8799.00000 6985.81240  20.6%   930 7525s
 17128   470 6986.18966  101 4463 8799.00000 6986.18966  20.6%   930 7532s
 17129   470 6986.31601   90 4558 8799.00000 6986.31601  20.6%   930 7535s
 17133   473 6986.38449   50 4624 8799.00000 6986.38449  20.6%   929 7540s
 17134   474 6986.82401   22 4515 8799.00000 6986.82401  20.6%   929 7546s
 17135   474 6987.04751   93 4417 8799.00000 6987.04751  20.6%   929 7550s
 17138   476 6987.23067   87 4595 8799.00000 6987.23067  20.6%   929 7555s
 17143   480 6987.78244   72 4507 8799.00000 6987.78244  20.6%   929 7564s
 17144   480 6987.99609   80 4560 8799.00000 6987.99609  20.6%   929 7568s
 17145   481 6988.06914  176 4698 8799.00000 6988.06914  20.6%   929 7570s
 17150   484 6988.13231  115 4656 8799.00000 6988.13231  20.6%   928 7575s
 17151   485 6988.53631  196 4505 8799.00000 6988.53631  20.6%   928 7580s
 17153   486 6988.78272  110 4567 8799.00000 6988.78272  20.6%   928 7585s
 17157   489 6989.34715    6 4436 8799.00000 6989.34715  20.6%   928 7593s
 17158   490 6989.60735  159 4394 8799.00000 6989.60735  20.6%   928 7596s
 17160   491 6989.80974  148 4558 8799.00000 6989.80974  20.6%   928 7601s
 17164   494 6990.17290   21 4476 8799.00000 6990.17290  20.6%   928 7609s
 17165   494 6990.26203  115 4476 8799.00000 6990.26203  20.6%   928 7611s
 17169   497 6990.30248  140 4582 8799.00000 6990.30248  20.6%   927 7615s
 17171   498 6990.58732  168 4529 8799.00000 6990.58732  20.6%   927 7621s
 17175   501 6990.63553  249 4632 8799.00000 6990.63553  20.6%   927 7625s
 17177   502 6990.99465   68 4588 8799.00000 6990.99465  20.5%   927 7631s
 17182   506 6991.03944   84 4591 8799.00000 6991.03944  20.5%   927 7636s
 17183   506 6991.33405   69 4540 8799.00000 6991.33405  20.5%   927 7640s
 17187   509 6991.47835   95 4598 8799.00000 6991.47835  20.5%   926 7645s
 17189   510 6991.85103   52 4292 8799.00000 6991.85103  20.5%   926 7651s
 17191   512 6992.06161  203 4418 8799.00000 6992.06161  20.5%   926 7655s
 17195   514 6992.10720  173 4469 8799.00000 6992.10720  20.5%   926 7660s
 17196   515 6992.60874   33 4331 8799.00000 6992.60874  20.5%   926 7666s
 17198   516 6992.84850   80 4591 8799.00000 6992.84850  20.5%   926 7671s
 17202   519 6992.87703  166 4577 8799.00000 6992.87703  20.5%   926 7675s
 17203   520 6993.50996  226 4448 8799.00000 6993.50996  20.5%   926 7682s
 17204   520 6993.67576   83 4552 8799.00000 6993.67576  20.5%   926 7686s
 17206   522 6993.88972   29 4590 8799.00000 6993.88972  20.5%   925 7691s
 17211   525 6993.93107   17 4653 8799.00000 6993.93107  20.5%   925 7696s
 17212   526 6994.42241   25 4415 8799.00000 6994.42241  20.5%   925 7700s
 17214   527 6994.58668  127 4603 8799.00000 6994.58668  20.5%   925 7705s
 17219   530 6995.12328   64 4491 8799.00000 6995.12328  20.5%   925 7715s
 17221   532 6995.58384   92 4613 8799.00000 6995.58384  20.5%   925 7722s
 17225   534 6995.61578   36 4673 8799.00000 6995.61578  20.5%   924 7726s
 17226   535 6996.22560  120 4456 8799.00000 6996.22560  20.5%   924 7732s
 17227   536 6996.49027   58 4475 8799.00000 6996.49027  20.5%   924 7736s
 17229   537 6996.61475   90 4528 8799.00000 6996.61475  20.5%   924 7740s
 17234   540 6996.67079   22 4543 8799.00000 6996.67079  20.5%   924 7745s
 17235   541 6997.08855   93 4433 8799.00000 6997.08855  20.5%   924 7750s
 17237   542 6997.36994   26 4626 8799.00000 6997.36994  20.5%   924 7755s
 17242   546 6997.43553  428 4709 8799.00000 6997.43553  20.5%   924 7760s
 17243   546 6997.77546   72 4485 8799.00000 6997.77546  20.5%   923 7765s
 17247   549 6997.94381  271 4564 8799.00000 6997.94381  20.5%   923 7770s
 17252   552 6998.11663  154 4582 8799.00000 6998.11663  20.5%   923 7777s
 17254   554 6998.20613   46 4594 8799.00000 6998.20613  20.5%   923 7781s
 17258   556 6998.45359  159 4645 8799.00000 6998.45359  20.5%   923 7788s
 17259   557 6998.62843  104 4783 8799.00000 6998.62843  20.5%   923 7791s
 17262   559 6998.73371   94 4824 8799.00000 6998.73371  20.5%   922 7795s
 17267   562 6999.21957  101 4497 8799.00000 6999.21957  20.5%   922 7806s
 17269   564 6999.43845  140 4487 8799.00000 6999.43845  20.5%   922 7811s
 17272   566 6999.52133   39 4578 8799.00000 6999.52133  20.5%   922 7815s
 17276   568 6999.79487  147 4468 8799.00000 6999.79487  20.4%   922 7822s
 17278   570 6999.96391   65 4534 8799.00000 6999.96391  20.4%   922 7826s
 17282   572 7000.00773   84 4588 8799.00000 7000.00773  20.4%   921 7831s
 17283   573 7000.63203   69 4488 8799.00000 7000.63203  20.4%   921 7837s
 17284   574 7001.03928  101 4573 8799.00000 7001.03928  20.4%   921 7842s
 17285   574 7001.19847  202 4519 8799.00000 7001.19847  20.4%   921 7845s
 17289   577 7001.31027   52 4798 8799.00000 7001.31027  20.4%   921 7850s
 17293   580 7001.58876  114 4558 8799.00000 7001.58876  20.4%   921 7857s
 17294   580 7001.70708  316 4467 8799.00000 7001.70708  20.4%   921 7860s
 17302   586 7001.77651  166 4779 8799.00000 7001.77651  20.4%   920 7867s
 17303   586 7001.98605  226 4609 8799.00000 7001.98605  20.4%   920 7870s
 17307   589 7002.11436  181 4631 8799.00000 7002.11436  20.4%   920 7875s
 17309   590 7002.36315   57 4559 8799.00000 7002.36315  20.4%   920 7881s
 17312   592 7002.51886   25 4626 8799.00000 7002.51886  20.4%   920 7885s
 17316   595 7002.90933  129 4560 8799.00000 7002.90933  20.4%   920 7893s
 17317   596 7003.08101  138 4544 8799.00000 7003.08101  20.4%   920 7897s
 17319   597 7003.19292   64 4621 8799.00000 7003.19292  20.4%   919 7900s
 17323   600 7003.73408  132 4485 8799.00000 7003.73408  20.4%   919 7908s
 17324   600 7004.09164  161 4393 8799.00000 7004.09164  20.4%   919 7913s
 17325   601 7004.29154   36 4522 8799.00000 7004.29154  20.4%   919 7917s
 17327   602 7004.40522   58 4614 8799.00000 7004.40522  20.4%   919 7921s
 17330   604 7005.30757  151 4444 8799.00000 7005.30757  20.4%   919 7932s
 17331   605 7005.52508  319 4479 8799.00000 7005.52508  20.4%   919 7936s
 17333   606 7005.67045   50 4569 8799.00000 7005.67045  20.4%   919 7940s
 17338   610 7005.71387   87 4661 8799.00000 7005.71387  20.4%   918 7945s
 17339   610 7006.31436   71 4409 8799.00000 7006.31436  20.4%   918 7951s
 17340   611 7006.63588   31 4661 8799.00000 7006.63588  20.4%   918 7956s
 17342   612 7007.07711  428 4712 8799.00000 7007.07711  20.4%   918 7962s
 17344   614 7007.14277   80 4695 8799.00000 7007.14277  20.4%   918 7965s
 17347   616 7007.80686  271 4462 8799.00000 7007.80686  20.4%   918 7975s
 17348   616 7008.17016   69 4586 8799.00000 7008.17016  20.4%   918 7980s
 17351   618 7008.31992  196 4650 8799.00000 7008.31992  20.4%   918 7985s
 17356   622 7008.81816  175 4623 8799.00000 7008.81816  20.3%   917 7994s
 17357   622 7009.06907    6 4513 8799.00000 7009.06907  20.3%   917 7997s
 17359   624 7009.14611  104 4558 8799.00000 7009.14611  20.3%   917 8000s
 17365   628 7009.71340  115 4460 8799.00000 7009.71340  20.3%   917 8010s
 17367   629 7010.03472  101 4510 8799.00000 7010.03472  20.3%   917 8015s
 17372   632 7010.08860   39 4631 8799.00000 7010.08860  20.3%   917 8020s
 17373   633 7010.54558  147 4481 8799.00000 7010.54558  20.3%   917 8025s
 17376   635 7010.68100  147 4669 8799.00000 7010.68100  20.3%   916 8031s
 17378   636 7010.90535   65 4597 8799.00000 7010.90535  20.3%   916 8036s
 17383   640 7010.94002   69 4642 8799.00000 7010.94002  20.3%   916 8040s
 17385   641 7011.22683  202 4540 8799.00000 7011.22683  20.3%   916 8046s
 17390   644 7011.29382  180 4537 8799.00000 7011.29382  20.3%   916 8051s
 17391   645 7011.51633  203 4475 8799.00000 7011.51633  20.3%   916 8056s
 17393   646 7011.68609  114 4545 8799.00000 7011.68609  20.3%   915 8060s
 17397   649 7011.74622  126 4631 8799.00000 7011.74622  20.3%   915 8065s
 17402   653 7011.89216  166  875 8799.00000 7011.89216  20.3%   972 8077s
 17403   654 7011.89216  226 1043 8799.00000 7011.89216  20.3%   972 8080s
 17405   655 7011.89216  133 1246 8799.00000 7011.89216  20.3%   972 8089s
 17406   656 7011.89216   29 1375 8799.00000 7011.89216  20.3%   972 8099s
 17407   657 7011.89216  181 1639 8799.00000 7011.89216  20.3%   972 8112s
 17408   657 7011.89216  207 1840 8799.00000 7011.89216  20.3%   972 8130s
 17409   658 7011.89216   57 1983 8799.00000 7011.89216  20.3%   972 8147s
 17410   659 7011.89216  243 2040 8799.00000 7011.89216  20.3%   972 8166s
 17411   659 7011.89216   17 2424 8799.00000 7011.89216  20.3%   972 8190s
 17412   660 7011.89403   25 2490 8799.00000 7011.89403  20.3%   972 8217s
 17413   661 7011.89403  201 2719 8799.00000 7011.89403  20.3%   972 8236s
 17414   661 7011.89403  127 3011 8799.00000 7011.89403  20.3%   972 8258s
 17415   662 7011.89798  214 3470 8799.00000 7011.89798  20.3%   972 8280s
 17416   663 7011.89798  129 3569 8799.00000 7011.89798  20.3%   972 8302s
 17417   663 7011.89798  138 3690 8799.00000 7011.89798  20.3%   971 8321s
 17418   664 7011.89798   72 3924 8799.00000 7011.89798  20.3%   971 8341s
 17419   665 7011.89798   64 4041 8799.00000 7011.89798  20.3%   971 8357s
 17420   665 7011.89798  133 4207 8799.00000 7011.89798  20.3%   971 8370s
 17421   666 7011.89798   92 4208 8799.00000 7011.89798  20.3%   971 8377s
 17422   667 7011.89798  199 4376 8799.00000 7011.89798  20.3%   971 8383s
 17423   667 7011.89798  132 4435 8799.00000 7011.89798  20.3%   971 8387s
 17424   668 7011.89798  161 4430 8799.00000 7011.89798  20.3%   971 8390s
 17427   670 7011.89798   58 4593 8799.00000 7011.89798  20.3%   971 8396s
 17428   671 7013.40370  101 4150 8799.00000 7013.40370  20.3%   971 8406s
 17431   673 7013.57958  319 4248 8799.00000 7013.57958  20.3%   971 8410s
 17433   674 7013.58181   50 4258 8799.00000 7013.58181  20.3%   971 8415s
 17434   675 7014.48161   22 4250 8799.00000 7014.48161  20.3%   971 8422s
 17435   675 7014.99698   93 4377 8799.00000 7014.99698  20.3%   970 8428s
 17436   676 7015.12497  146 4413 8799.00000 7015.12497  20.3%   970 8431s
 17440   679 7015.16489   31 4343 8799.00000 7015.16489  20.3%   970 8437s
 17441   679 7016.16366  101 4485 8799.00000 7016.16366  20.3%   970 8446s
 17442   680 7016.52180  428 4377 8799.00000 7016.52180  20.3%   970 8450s
 17446   683 7016.65292   14 4538 8799.00000 7016.65292  20.3%   970 8458s
 17447   683 7017.32364  271 4379 8799.00000 7017.32364  20.2%   970 8464s
 17448   684 7017.49063   69 4418 8799.00000 7017.49063  20.2%   970 8466s
 17452   687 7017.51689  154 4319 8799.00000 7017.51689  20.2%   970 8471s
 17453   687 7017.86458  110 4291 8799.00000 7017.86458  20.2%   969 8487s
 17454   688 7017.96423   46 4355 8799.00000 7017.96423  20.2%   969 8491s
 17458   691 7018.03202  159 4348 8799.00000 7018.03202  20.2%   969 8497s
 17459   691 7018.54434  104 4197 8799.00000 7018.54434  20.2%   969 8502s
 17460   692 7018.70243  148 4301 8799.00000 7018.70243  20.2%   969 8505s
 17464   695 7018.75445   21 4365 8799.00000 7018.75445  20.2%   969 8511s
 17465   695 7019.32490  115 4254 8799.00000 7019.32490  20.2%   969 8517s
 17466   696 7019.49088   85 4306 8799.00000 7019.49088  20.2%   969 8520s
 17471   699 7019.57768  168 4272 8799.00000 7019.57768  20.2%   968 8527s
 17472   700 7020.49289   39 4256 8799.00000 7020.49289  20.2%   968 8535s
 17476   703 7020.72057  147 4314 8799.00000 7020.72057  20.2%   968 8540s
 17478   704 7020.72559   65 4357 8799.00000 7020.72559  20.2%   968 8545s
 17480   705 7021.22346   47 4220 8799.00000 7021.22346  20.2%   968 8552s
 17484   708 7021.30873  101 4183 8799.00000 7021.30873  20.2%   968 8559s
 17485   709 7021.79033  202 4145 8799.00000 7021.79033  20.2%   968 8563s
 17486   709 7021.91057  226 3999 8799.00000 7021.91057  20.2%   968 8566s
 17489   711 7021.95784   52 4169 8799.00000 7021.95784  20.2%   967 8571s
 17490   712 7022.52974  180 4274 8799.00000 7022.52974  20.2%   967 8591s
 17491   713 7022.96197  203 4188 8799.00000 7022.96197  20.2%   967 8597s
 17494   715 7023.06813  316 4248 8799.00000 7023.06813  20.2%   967 8600s
 17497   717 7023.07484  126 4192 8799.00000 7023.07484  20.2%   967 8605s
 17498   717 7023.58338   80 4123 8799.00000 7023.58338  20.2%   967 8610s
 17503   721 7023.68816  226 4405 8799.00000 7023.68816  20.2%   967 8618s
 17504   721 7024.39074   83 4153 8799.00000 7024.39074  20.2%   967 8623s
 17505   722 7024.48481  133 4096 8799.00000 7024.48481  20.2%   967 8625s
 17508   724 7024.51935  207 4245 8799.00000 7024.51935  20.2%   966 8630s
 17510   725 7024.90445  243 4090 8799.00000 7024.90445  20.2%   966 8636s
 17515   729 7024.94986  214 4171 8799.00000 7024.94986  20.2%   966 8646s
 17516   729 7026.34394  129 4163 8799.00000 7026.34394  20.1%   966 8655s
 17518   731 7026.65997   72 4254 8799.00000 7026.65997  20.1%   966 8660s
 17524   735 7026.69898  161 4206 8799.00000 7026.69898  20.1%   966 8667s
 17525   735 7027.21006   36 4088 8799.00000 7027.21006  20.1%   965 8673s
 17526   736 7027.46441  120 4066 8799.00000 7027.46441  20.1%   965 8676s
 17530   739 7027.53239  151 4152 8799.00000 7027.53239  20.1%   965 8681s
 17531   739 7028.14509  319 4084 8799.00000 7028.14509  20.1%   965 8685s
 17533   741 7028.43989   50 4204 8799.00000 7028.43989  20.1%   965 8691s
 17539   745 7028.49142   71 4271 8799.00000 7028.49142  20.1%   965 8696s
 17540   745 7029.62886   31 3976 8799.00000 7029.62886  20.1%   965 8703s
 17541   746 7029.89262  101 4142 8799.00000 7029.89262  20.1%   965 8706s
 17545   749 7030.01262  176 4137 8799.00000 7030.01262  20.1%   964 8710s
 17547   750 7030.56779  271 4212 8799.00000 7030.56779  20.1%   964 8717s
 17548   751 7030.75503   69 4180 8799.00000 7030.75503  20.1%   964 8720s
 17554   755 7030.82021   46 4217 8799.00000 7030.82021  20.1%   964 8725s
 17556   756 7031.24909  175 4335 8799.00000 7031.24909  20.1%   964 8731s
 17560   759 7031.31369  148 4368 8799.00000 7031.31369  20.1%   964 8735s
 17561   759 7031.98836  138 4379 8799.00000 7031.98836  20.1%   963 8740s
 17565   762 7032.14362  115 4373 8799.00000 7032.14362  20.1%   963 8745s
 17567   763 7032.49600  101 4278 8799.00000 7032.49600  20.1%   963 8751s
 17570   765 7032.72711   17 4439 8799.00000 7032.72711  20.1%   963 8755s
 17573   767 7033.54398  147 4287 8799.00000 7033.54398  20.1%   963 8764s
 17574   768 7033.99880   48 4276 8799.00000 7033.99880  20.1%   963 8767s
 17576   769 7034.17991  147 4220 8799.00000 7034.17991  20.1%   963 8771s
 17581   773 7034.21652   81 4437 8799.00000 7034.21652  20.1%   962 8775s
 17582   773 7035.77004   84 4287 8799.00000 7035.77004  20.0%   962 8784s
 17583   774 7036.25968   69 4238 8799.00000 7036.25968  20.0%   962 8788s
 17584   775 7036.42129  101 4362 8799.00000 7036.42129  20.0%   962 8790s
 17587   777 7036.53777   95 4215 8799.00000 7036.53777  20.0%   962 8795s
 17589   778 7037.09854   52 4417 8799.00000 7037.09854  20.0%   962 8801s
 17592   780 7037.21879   85 4525 8799.00000 7037.21879  20.0%   962 8805s
 17595   782 7037.94643  173 4368 8799.00000 7037.94643  20.0%   962 8814s
 17596   783 7038.17122   33 4459 8799.00000 7038.17122  20.0%   962 8818s
 17597   783 7038.22736  126 4483 8799.00000 7038.22736  20.0%   962 8820s
 17602   787 7038.28626  166 4455 8799.00000 7038.28626  20.0%   961 8825s
 17603   787 7039.02200  226 4228 8799.00000 7039.02200  20.0%   961 8831s
 17604   788 7039.24054   83 4310 8799.00000 7039.24054  20.0%   961 8835s
 17610   792 7039.36530  243 4460 8799.00000 7039.36530  20.0%   961 8841s
 17611   793 7039.80841   17 4273 8799.00000 7039.80841  20.0%   961 8845s
 17615   795 7039.92278  214 4472 8799.00000 7039.92278  20.0%   961 8850s
 17617   797 7040.49036  138 4404 8799.00000 7040.49036  20.0%   960 8856s
 17620   799 7040.52108  133 4468 8799.00000 7040.52108  20.0%   960 8860s
 17622   800 7041.20460  199 4512 8799.00000 7041.20460  20.0%   960 8867s
 17624   801 7041.27728  161 4445 8799.00000 7041.27728  20.0%   960 8870s
 17630   805 7041.68267  151 4486 8799.00000 7041.68267  20.0%   960 8878s
 17631   806 7041.76600  319 4423 8799.00000 7041.76600  20.0%   960 8880s
 17637   810 7041.81006   26 4562 8799.00000 7041.81006  20.0%   959 8886s
 17638   811 7042.10249   87 4517 8799.00000 7042.10249  20.0%   959 8890s
 17641   813 7042.37746  101 4558 8799.00000 7042.37746  20.0%   959 8895s
 17644   815 7042.75427   80 4428 8799.00000 7042.75427  20.0%   959 8902s
 17646   816 7042.96467   14 4444 8799.00000 7042.96467  20.0%   959 8905s
 17650   819 7043.36825  115 4524 8799.00000 7043.36825  20.0%   959 8914s
 17651   819 7043.50086  196 4551 8799.00000 7043.50086  20.0%   959 8916s
 17655   822 7043.57158  208 4657 8799.00000 7043.57158  20.0%   958 8920s
 17657   823 7043.76176    6 4652 8799.00000 7043.76176  19.9%   958 8925s
 17661   826 7043.87340  138 4591 8799.00000 7043.87340  19.9%   958 8930s
 17665   829 7044.02195  115 4503 8799.00000 7044.02195  19.9%   958 8936s
 17670   832 7044.07962   17 4682 8799.00000 7044.07962  19.9%   958 8940s
 17675   835 7044.39412  249 4394 8799.00000 7044.39412  19.9%   957 8948s
 17676   836 7044.49988  147 4473 8799.00000 7044.49988  19.9%   957 8950s
 17680   839 7044.55797   47 4526 8799.00000 7044.55797  19.9%   957 8955s
 17683   841 7044.89619   69 4516 8799.00000 7044.89619  19.9%   957 8960s
 17687   843 7045.02176   95 4387 8799.00000 7045.02176  19.9%   957 8966s
 17692   847 7045.07607   85 4526 8799.00000 7045.07607  19.9%   956 8971s
 17694   848 7045.32311  316 4449 8799.00000 7045.32311  19.9%   956 8975s
 17698   851 7045.41077   80 4430 8799.00000 7045.41077  19.9%   956 8981s
H17701   805                    8794.0000000 7045.64469  19.9%   956 8987s
 17703   806 7045.71031  226 4398 8794.00000 7045.71031  19.9%   956 8990s
 17707   809 7045.92077  181 4436 8794.00000 7045.92077  19.9%   956 8996s
 17710   811 7046.06956  243 4582 8794.00000 7046.06956  19.9%   955 9000s
 17712   812 7046.24669   25 4497 8794.00000 7046.24669  19.9%   955 9005s
 17717   815 7046.63096  138 4406 8794.00000 7046.63096  19.9%   955 9013s
 17718   816 7046.77516   72 4439 8794.00000 7046.77516  19.9%   955 9015s
 17723   819 7047.16054  132 4390 8794.00000 7047.16054  19.9%   955 9024s
 17724   820 7047.21219  161 4387 8794.00000 7047.21219  19.9%   955 9026s
 17728   823 7047.71758  101 4316 8794.00000 7047.71758  19.9%   954 9034s
 17729   823 7047.85028   90 4410 8794.00000 7047.85028  19.9%   954 9036s
 17733   826 7047.90743   50 4523 8794.00000 7047.90743  19.9%   954 9041s
 17735   827 7048.07004   93 4471 8794.00000 7048.07004  19.9%   954 9045s
 17740   831 7048.15630   31 4411 8794.00000 7048.15630  19.9%   954 9051s
 17745   834 7048.20568  176 4509 8794.00000 7048.20568  19.9%   954 9056s
 17750   837 7048.24777  115 4521 8794.00000 7048.24777  19.9%   953 9060s
 17757   842 7048.30244    6 4475 8794.00000 7048.30244  19.9%   953 9066s
H17757   794                    8784.0000000 7048.60472  19.8%   953 9073s
 17758   795 7048.60472  159 4395 8784.00000 7048.60472  19.8%   953 9080s
 17764   799 7048.70020   21 4596 8784.00000 7048.70020  19.8%   952 9085s
 17766   800 7049.18851   85 4421 8784.00000 7049.18851  19.7%   952 9092s
 17769   802 7049.23864  140 4629 8784.00000 7049.23864  19.7%   952 9096s
 17772   804 7049.36433   39 4559 8784.00000 7049.36433  19.7%   952 9100s
H17776   760                    8782.0000000 7049.40111  19.7%   952 9104s
 17778   761 7049.40354   65 4488 8782.00000 7049.40354  19.7%   952 9105s
 17784   765 7049.43817  101 4607 8782.00000 7049.43817  19.7%   951 9111s
 17787   767 7049.47518   95 4518 8782.00000 7049.47518  19.7%   951 9115s
 17791   770 7049.60854  203 4556 8782.00000 7049.60854  19.7%   951 9121s
 17794   772 7049.64227  316 4475 8782.00000 7049.64227  19.7%   951 9125s
 17798   774 7049.80971   80 4575 8782.00000 7049.80971  19.7%   951 9131s
 17801   776 7049.87853  108 4505 8782.00000 7049.87853  19.7%   951 9135s
 17805   779 7050.02254  133 4555 8782.00000 7050.02254  19.7%   950 9141s
 17811   783 7050.08272   17 4598 8782.00000 7050.08272  19.7%   950 9145s
 17814   785 7050.20099  127 4475 8782.00000 7050.20099  19.7%   950 9150s
 17820   789 7050.25696  133 4482 8782.00000 7050.25696  19.7%   949 9156s
 17821   790 7050.44379   92 4421 8782.00000 7050.44379  19.7%   949 9160s
 17827   794 7050.51547   58 4461 8782.00000 7050.51547  19.7%   949 9165s
 17829   795 7050.85906   90 4334 8782.00000 7050.85906  19.7%   949 9171s
 17831   796 7051.04977  319 4549 8782.00000 7051.04977  19.7%   949 9175s
 17835   799 7051.19667   93 4486 8782.00000 7051.19667  19.7%   949 9181s
 17839   802 7051.27700   71 4480 8782.00000 7051.27700  19.7%   948 9185s
 17842   804 7051.38866  428 4413 8782.00000 7051.38866  19.7%   948 9191s
 17847   807 7051.46587  271 4391 8782.00000 7051.46587  19.7%   948 9196s
 17849   808 7051.69920   12 4323 8782.00000 7051.69920  19.7%   948 9200s
 17854   812 7051.76154   46 4397 8782.00000 7051.76154  19.7%   948 9206s
 17859   815 7051.80799  104 4540 8782.00000 7051.80799  19.7%   947 9211s
 17860   816 7052.13828  148 4339 8782.00000 7052.13828  19.7%   947 9215s
 17865   819 7052.30771  115 4415 8782.00000 7052.30771  19.7%   947 9220s
 17868   821 7052.72547  121 4341 8782.00000 7052.72547  19.7%   947 9228s
 17869   822 7052.82415  140 4405 8782.00000 7052.82415  19.7%   947 9230s
 17873   824 7052.95261  147 4580 8782.00000 7052.95261  19.7%   947 9235s
 17875   826 7053.23552  249 4497 8782.00000 7053.23552  19.7%   947 9240s
 17877   827 7053.43231   68 4582 8782.00000 7053.43231  19.7%   946 9245s
 17882   830 7054.13579   84 4495 8782.00000 7054.13579  19.7%   946 9255s
 17886   833 7054.37234  226 4568 8782.00000 7054.37234  19.7%   946 9260s
 17889   835 7054.65584   52 4499 8782.00000 7054.65584  19.7%   946 9267s
 17890   836 7054.76051  180 4571 8782.00000 7054.76051  19.7%   946 9270s
 17895   839 7054.85497  173 4646 8782.00000 7054.85497  19.7%   946 9276s
 17896   840 7055.03853   33 4509 8782.00000 7055.03853  19.7%   945 9280s
 17900   842 7055.18141   37 4766 8782.00000 7055.18141  19.7%   945 9285s
 17903   844 7055.38906  226 4685 8782.00000 7055.38906  19.7%   945 9290s
 17907   847 7055.67245  181 4835 8782.00000 7055.67245  19.7%   945 9297s
 17908   848 7055.94468  207 4590 8782.00000 7055.94468  19.7%   945 9301s
 17910   849 7056.11494  243 4628 8782.00000 7056.11494  19.7%   945 9305s
 17914   852 7056.25811  127 4547 8782.00000 7056.25811  19.7%   945 9311s
 17917   854 7056.37705  138 4499 8782.00000 7056.37705  19.6%   944 9315s
 17921   856 7056.50239   92 4604 8782.00000 7056.50239  19.6%   944 9321s
 17925   859 7056.54648   36 4609 8782.00000 7056.54648  19.6%   944 9326s
 17927   860 7056.74423   58 4501 8782.00000 7056.74423  19.6%   944 9330s
 17931   863 7056.87623  319 4515 8782.00000 7056.87623  19.6%   944 9337s
 17933   864 7056.99472   50 4591 8782.00000 7056.99472  19.6%   944 9340s
 17938   868 7057.05006   87 4571 8782.00000 7057.05006  19.6%   943 9345s
 17942   870 7057.17403  428 4591 8782.00000 7057.17403  19.6%   943 9350s
 17946   873 7057.26368   14 4685 8782.00000 7057.26368  19.6%   943 9355s
 17949   875 7057.41620   12 4564 8782.00000 7057.41620  19.6%   943 9361s
 17953   878 7057.52737  110 4522 8782.00000 7057.52737  19.6%   942 9366s
 17957   880 7057.60254    6 4575 8782.00000 7057.60254  19.6%   942 9370s
 17962   884 7057.80230   94 4620 8782.00000 7057.80230  19.6%   942 9375s
 17965   886 7057.89240  115 4622 8782.00000 7057.89240  19.6%   942 9380s
 17970   889 7058.07056   17 4719 8782.00000 7058.07056  19.6%   942 9387s
 17972   890 7058.14432   39 4652 8782.00000 7058.14432  19.6%   941 9390s
 17976   893 7058.58428  147 4497 8782.00000 7058.58428  19.6%   941 9411s
 17977   894 7058.73268   68 4607 8782.00000 7058.73268  19.6%   941 9415s
 17981   896 7058.79549   81 4626 8782.00000 7058.79549  19.6%   941 9421s
 17982   897 7059.10086   84 4474 8782.00000 7059.10086  19.6%   941 9425s
 17985   899 7059.39056  202 4648 8782.00000 7059.39056  19.6%   941 9430s
 17988   901 7059.55994   39 4555 8782.00000 7059.55994  19.6%   941 9435s
 17993   904 7059.68226  114 4544 8782.00000 7059.68226  19.6%   940 9440s
 17995   906 7059.89646  173 4573 8782.00000 7059.89646  19.6%   940 9446s
 17998   908 7060.02233   80 4678 8782.00000 7060.02233  19.6%   940 9450s
 18000   909 7060.23221   37 4682 8782.00000 7060.23221  19.6%   940 9456s
 18005   912 7060.31798  133 4715 8782.00000 7060.31798  19.6%   940 9460s
 18009   915 7060.43426   57 4566 8782.00000 7060.43426  19.6%   940 9465s
 18014   918 7060.52092  127 4604 8782.00000 7060.52092  19.6%   939 9470s
 18019   922 7060.58888   64 4505 8782.00000 7060.58888  19.6%   939 9475s
 18021   923 7061.05039   92 4484 8782.00000 7061.05039  19.6%   939 9482s
 18023   924 7061.15000  132 4545 8782.00000 7061.15000  19.6%   939 9485s
 18028   928 7061.28542  101 4648 8782.00000 7061.28542  19.6%   939 9491s
 18032   931 7061.28542  276  875 8782.00000 7061.28542  19.6%   977 9501s
 18034   933 7061.28542   22 1175 8782.00000 7061.28542  19.6%   977 9507s
 18035   933 7061.28542   93 1194 8782.00000 7061.28542  19.6%   977 9514s
 18036   934 7061.28542  146 1422 8782.00000 7061.28542  19.6%   977 9525s
 18037   935 7061.28542   26 1699 8782.00000 7061.28542  19.6%   977 9539s
 18038   935 7061.28542   87 1749 8782.00000 7061.28542  19.6%   977 9555s
 18039   936 7061.28542   71 1915 8782.00000 7061.28542  19.6%   977 9574s
 18040   937 7061.28542   31 2147 8782.00000 7061.28542  19.6%   977 9593s
 18041   937 7061.28542  101 2445 8782.00000 7061.28542  19.6%   976 9619s
 18042   938 7061.28543  428 2415 8782.00000 7061.28543  19.6%   976 9640s
 18043   939 7061.28543   72 2778 8782.00000 7061.28543  19.6%   976 9664s
 18044   939 7061.28543   80 3246 8782.00000 7061.28543  19.6%   976 9689s
 18045   940 7061.28543  176 3221 8782.00000 7061.28543  19.6%   976 9711s
 18046   941 7061.35104   14 3478 8782.00000 7061.35104  19.6%   976 9731s
 18047   941 7061.35104  271 3750 8782.00000 7061.35104  19.6%   976 9752s
 18048   942 7061.35104   69 3876 8782.00000 7061.35104  19.6%   976 9771s
 18049   943 7061.35104   12 4327 8782.00000 7061.35104  19.6%   976 9787s
 18050   943 7061.35104  115 4399 8782.00000 7061.35104  19.6%   976 9802s
 18051   944 7061.35104  196 4322 8782.00000 7061.35104  19.6%   976 9811s
 18052   945 7061.35104  154 4329 8782.00000 7061.35104  19.6%   976 9817s
 18053   945 7061.35104  110 4399 8782.00000 7061.35104  19.6%   976 9822s
 18056   947 7061.35104  175 4569 8782.00000 7061.35104  19.6%   976 9825s
 18060   950 7061.35104  148 4568 8782.00000 7061.35104  19.6%   975 9830s
 18061   951 7061.86729  138 4332 8782.00000 7061.86729  19.6%   975 9835s
 18065   953 7062.06323  115 4370 8782.00000 7062.06323  19.6%   975 9840s
 18067   955 7062.66359  101 4392 8782.00000 7062.66359  19.6%   975 9849s
 18068   955 7062.79677  121 4366 8782.00000 7062.79677  19.6%   975 9851s
 18072   958 7062.83713   39 4357 8782.00000 7062.83713  19.6%   975 9857s
 18073   959 7063.46434  147 4347 8782.00000 7063.46434  19.6%   975 9863s
 18074   959 7063.61532   48 4342 8782.00000 7063.61532  19.6%   975 9867s
 18077   961 7063.66251   68 4409 8782.00000 7063.66251  19.6%   975 9872s
 18078   962 7063.82610   65 4378 8782.00000 7063.82610  19.6%   974 9876s
 18080   963 7063.84268   47 4438 8782.00000 7063.84268  19.6%   974 9880s
 18081   964 7064.09659   81 4348 8782.00000 7064.09659  19.6%   974 9894s
 18082   965 7064.24997   84 4306 8782.00000 7064.24997  19.6%   974 9897s
 18085   967 7064.30573  202 4280 8782.00000 7064.30573  19.6%   974 9900s
 18088   969 7064.31621   39 4479 8782.00000 7064.31621  19.6%   974 9905s
 18090   970 7064.74858  180 4244 8782.00000 7064.74858  19.6%   974 9911s
 18094   973 7064.81407  316 4448 8782.00000 7064.81407  19.6%   974 9915s
 18096   974 7065.10625   33 4597 8782.00000 7065.10625  19.6%   974 9922s
 18098   975 7065.19509   80 4576 8782.00000 7065.19509  19.5%   973 9926s
 18101   977 7065.21042  108 4580 8782.00000 7065.21042  19.5%   973 9930s
 18104   979 7065.40473   83 4585 8782.00000 7065.40473  19.5%   973 9935s
 18107   981 7065.42748  181 4650 8782.00000 7065.42748  19.5%   973 9940s
 18110   983 7065.62182  243 4590 8782.00000 7065.62182  19.5%   973 9945s
 18113   985 7065.75221  201 4554 8782.00000 7065.75221  19.5%   973 9952s
 18115   987 7065.83735  214 4606 8782.00000 7065.83735  19.5%   972 9956s
 18118   989 7065.86498   72 4614 8782.00000 7065.86498  19.5%   972 9961s
H18118   938                    8780.0000000 7066.08075  19.5%   972 9971s
 18119   938 7066.08075   64 4460 8780.00000 7066.08075  19.5%   972 9975s
 18123   941 7066.24847  132 4588 8780.00000 7066.24847  19.5%   972 9980s
H18124   893                    8778.0000000 7066.54050  19.5%   972 9987s
H18124   847                    8771.0000000 7066.54050  19.4%   972 9987s
 18126   848 7066.60980  120 4487 8771.00000 7066.60980  19.4%   972 9990s
 18130   851 7066.64647  151 4552 8771.00000 7066.64647  19.4%   972 9996s
 18133   853 7066.84922   50 4543 8771.00000 7066.84922  19.4%   972 10000s
 18134   853 7066.84996   22 4581 8771.00000 7066.84996  19.4%   971 10005s
 18137   855 7067.05473   26 4558 8771.00000 7067.05473  19.4%   971 10010s
 18140   857 7067.06755   31 4546 8771.00000 7067.06755  19.4%   971 10015s
 18141   858 7067.56962  101 4678 8771.00000 7067.56962  19.4%   971 10020s
 18143   859 7067.80014   72 4575 8771.00000 7067.80014  19.4%   971 10025s
 18149   863 7067.84395   12 4681 8771.00000 7067.84395  19.4%   971 10032s
 18150   864 7068.10072  115 4558 8771.00000 7068.10072  19.4%   971 10036s
 18153   866 7068.14840  110 4691 8771.00000 7068.14840  19.4%   970 10040s
 18156   868 7068.34047  175 4426 8771.00000 7068.34047  19.4%   970 10045s
 18159   870 7068.56372  104 4408 8771.00000 7068.56372  19.4%   970 10051s
 18163   873 7068.65794  383 4504 8771.00000 7068.65794  19.4%   970 10055s
 18165   874 7068.79767  115 4569 8771.00000 7068.79767  19.4%   970 10060s
 18169   877 7068.90558  140 4447 8771.00000 7068.90558  19.4%   970 10066s
 18175   881 7068.97058  249 4665 8771.00000 7068.97058  19.4%   969 10071s
 18178   883 7069.10875   65 4641 8771.00000 7069.10875  19.4%   969 10075s
 18181   885 7069.38587   81 4623 8771.00000 7069.38587  19.4%   969 10082s
 18182   885 7069.49162   84 4672 8771.00000 7069.49162  19.4%   969 10085s
 18189   890 7069.77124   52 4734 8771.00000 7069.77124  19.4%   969 10093s
 18190   891 7069.84780  180 4670 8771.00000 7069.84780  19.4%   968 10095s
 18196   895 7070.22234   33 4604 8771.00000 7070.22234  19.4%   968 10104s
 18197   895 7070.32825  126 4588 8771.00000 7070.32825  19.4%   968 10106s
 18201   898 7070.34425  108 4591 8771.00000 7070.34425  19.4%   968 10110s
 18203   899 7070.48358  226 4676 8771.00000 7070.48358  19.4%   968 10115s
 18208   903 7070.55116  207 4627 8771.00000 7070.55116  19.4%   968 10120s
 18212   905 7070.68930   25 4607 8771.00000 7070.68930  19.4%   967 10126s
 18217   909 7070.75531  138 4657 8771.00000 7070.75531  19.4%   967 10131s
 18221   911 7070.81960   92 4591 8771.00000 7070.81960  19.4%   967 10136s
 18224   913 7070.87312  161 4667 8771.00000 7070.87312  19.4%   967 10141s
 18227   915 7071.04549   58 4665 8771.00000 7071.04549  19.4%   967 10145s
 18231   918 7071.06115  319 4663 8771.00000 7071.06115  19.4%   966 10150s
 18236   921 7071.13277  146 4613 8771.00000 7071.13277  19.4%   966 10156s
 18239   923 7071.24716   71 4686 8771.00000 7071.24716  19.4%   966 10160s
 18245   927 7071.28685  176 4723 8771.00000 7071.28685  19.4%   966 10165s
 18249   930 7071.45861   12 4738 8771.00000 7071.45861  19.4%   965 10170s
 18253   933 7071.49409  110 4731 8771.00000 7071.49409  19.4%   965 10175s
 18256   935 7071.52876  175 4779 8771.00000 7071.52876  19.4%   965 10188s
 18257   935 7071.53815    6 4755 8771.00000 7071.53815  19.4%   965 10191s
 18259   937 7071.59154  104 4645 8771.00000 7071.59154  19.4%   965 10195s
 18263   939 7071.65021  383 4653 8771.00000 7071.65021  19.4%   965 10200s
 18265   941 7071.93292  115 4649 8771.00000 7071.93292  19.4%   964 10205s
 18269   943 7072.06844  140 4706 8771.00000 7072.06844  19.4%   964 10212s
 18272   945 7072.10739   39 4703 8771.00000 7072.10739  19.4%   964 10216s
 18277   949 7072.21527   68 4717 8771.00000 7072.21527  19.4%   964 10220s
 18281   951 7072.23439   81 4679 8771.00000 7072.23439  19.4%   964 10227s
 18283   953 7072.33009   69 4748 8771.00000 7072.33009  19.4%   964 10230s
 18291   958 7072.37290  203 4699 8771.00000 7072.37290  19.4%   963 10236s
 18295   961 7072.40475  173 4694 8771.00000 7072.40475  19.4%   963 10241s
 18297   962 7072.78631  126 4746 8771.00000 7072.78631  19.4%   963 10246s
 18300   964 7072.88844   37 4853 8771.00000 7072.88844  19.4%   963 10250s
 18302   965 7073.11883  166 4659 8771.00000 7073.11883  19.4%   963 10256s
 18305   967 7073.22196  133 4757 8771.00000 7073.22196  19.4%   962 10260s
 18308   969 7073.40641  207 4565 8771.00000 7073.40641  19.4%   962 10265s
 18310   971 7073.50986  243 4665 8771.00000 7073.50986  19.4%   962 10270s
 18313   973 7073.70436  201 4534 8771.00000 7073.70436  19.4%   962 10277s
 18316   975 7073.78139  129 4721 8771.00000 7073.78139  19.4%   962 10280s
 18318   976 7073.99698   72 4430 8771.00000 7073.99698  19.3%   962 10286s
 18322   979 7074.06788  199 4620 8771.00000 7074.06788  19.3%   961 10290s
 18324   980 7074.41071  161 4533 8771.00000 7074.41071  19.3%   961 10299s
 18325   981 7074.56651   36 4740 8771.00000 7074.56651  19.3%   961 10302s
 18328   983 7074.61259  101 4694 8771.00000 7074.61259  19.3%   961 10305s
 18332   985 7074.88189  276 4687 8771.00000 7074.88189  19.3%   961 10313s
 18333   986 7074.97312   50 4645 8771.00000 7074.97312  19.3%   961 10315s
 18337   989 7075.04032   26 4775 8771.00000 7075.04032  19.3%   961 10321s
 18339   990 7075.21304   71 4689 8771.00000 7075.21304  19.3%   961 10326s
 18342   992 7075.22922  428 4638 8771.00000 7075.22922  19.3%   960 10330s
 18346   995 7075.35788   14 4749 8771.00000 7075.35788  19.3%   960 10337s
 18349   997 7075.39900   12 4906 8771.00000 7075.39900  19.3%   960 10342s
 18351   998 7075.49604  196 4805 8771.00000 7075.49604  19.3%   960 10346s
 18354  1000 7075.52212   46 4813 8771.00000 7075.52212  19.3%   960 10350s
 18357  1002 7075.65671    6 4533 8771.00000 7075.65671  19.3%   960 10355s
 18361  1005 7075.72453  138 4567 8771.00000 7075.72453  19.3%   959 10360s
 18366  1008 7075.81069   85 4656 8771.00000 7075.81069  19.3%   959 10365s
 18370  1011 7075.87055   17 4710 8771.00000 7075.87055  19.3%   959 10370s
 18375  1014 7075.92475  249 4757 8771.00000 7075.92475  19.3%   959 10375s
 18379  1017 7075.97236   28 4866 8771.00000 7075.97236  19.3%   959 10380s
 18384  1020 7076.09329  101 4750 8771.00000 7076.09329  19.3%   958 10386s
 18387  1022 7076.18547   95 4854 8771.00000 7076.18547  19.3%   958 10391s
 18391  1025 7076.47228  203 4816 8771.00000 7076.47228  19.3%   958 10398s
 18392  1025 7076.54317   85 4724 8771.00000 7076.54317  19.3%   958 10400s
 18397  1029 7076.92258  126 4696 8771.00000 7076.92258  19.3%   958 10408s
 18398  1029 7077.01546   80 4733 8771.00000 7077.01546  19.3%   958 10410s
 18402  1032 7077.07988  166 4853 8771.00000 7077.07988  19.3%   957 10415s
 18403  1033 7077.61105  226 4604 8771.00000 7077.61105  19.3%   957 10421s
 18404  1033 7077.90259   83 4749 8771.00000 7077.90259  19.3%   957 10425s
 18407  1035 7078.03761  181 4798 8771.00000 7078.03761  19.3%   957 10430s
 18409  1037 7078.25583   57 4701 8771.00000 7078.25583  19.3%   957 10435s
 18412  1039 7078.35999   25 4834 8771.00000 7078.35999  19.3%   957 10440s
 18414  1040 7078.84806  127 4590 8771.00000 7078.84806  19.3%   957 10447s
 18415  1041 7079.17695  214 4595 8771.00000 7079.17695  19.3%   957 10451s
 18417  1042 7079.28237  138 4823 8771.00000 7079.28237  19.3%   957 10455s
 18423  1046 7079.41313  132 4792 8771.00000 7079.41313  19.3%   956 10460s
 18427  1049 7079.50117   58 4788 8771.00000 7079.50117  19.3%   956 10466s
 18428  1049 7079.69374  101 4741 8771.00000 7079.69374  19.3%   956 10470s
 18433  1053 7079.79218   50 4807 8771.00000 7079.79218  19.3%   956 10475s
 18436  1055 7080.02698  146 4683 8771.00000 7080.02698  19.3%   956 10481s
 18439  1057 7080.11213   71 4783 8771.00000 7080.11213  19.3%   955 10485s
 18442  1059 7080.22503  428 4658 8771.00000 7080.22503  19.3%   955 10490s
 18447  1062 7080.33871  271 4629 8771.00000 7080.33871  19.3%   955 10496s
 18450  1064 7080.36351  115 4686 8771.00000 7080.36351  19.3%   955 10500s
 18455  1067 7080.45240  208 4803 8771.00000 7080.45240  19.3%   955 10506s
 18458  1069 7080.50840  159 4788 8771.00000 7080.50840  19.3%   954 10511s
 18462  1072 7080.53473   94 4763 8771.00000 7080.53473  19.3%   954 10515s
 18467  1075 7080.65810  101 4763 8771.00000 7080.65810  19.3%   954 10520s
 18470  1077 7080.71728   17 4793 8771.00000 7080.71728  19.3%   954 10525s
 18476  1081 7080.75205  147 4768 8771.00000 7080.75205  19.3%   953 10530s
 18478  1083 7080.97011   65 4568 8771.00000 7080.97011  19.3%   953 10536s
 18482  1085 7081.00728   84 4754 8771.00000 7081.00728  19.3%   953 10540s
 18484  1087 7081.32011  101 4564 8771.00000 7081.32011  19.3%   953 10546s
 18488  1089 7081.42256   39 4749 8771.00000 7081.42256  19.3%   953 10550s
 18490  1091 7081.75443  180 4603 8771.00000 7081.75443  19.3%   953 10556s
 18492  1092 7081.93235   85 4486 8771.00000 7081.93235  19.3%   953 10561s
 18497  1095 7081.97373  126 4550 8771.00000 7081.97373  19.3%   952 10567s
 18499  1097 7082.16992   96 4544 8771.00000 7082.16992  19.3%   952 10571s
 18504  1100 7082.22408   83 4751 8771.00000 7082.22408  19.3%   952 10575s
 18506  1101 7082.43470   29 4507 8771.00000 7082.43470  19.3%   952 10581s
 18509  1103 7082.57619   57 4680 8771.00000 7082.57619  19.3%   952 10585s
H18511  1041                    8769.0000000 7082.79241  19.2%   952 10600s
 18514  1043 7082.92349  127 4456 8769.00000 7082.92349  19.2%   952 10605s
 18519  1046 7083.16118   64 4638 8769.00000 7083.16118  19.2%   951 10613s
 18520  1047 7083.27044  133 4581 8769.00000 7083.27044  19.2%   951 10616s
 18524  1049 7083.30288  161 4686 8769.00000 7083.30288  19.2%   951 10620s
 18526  1051 7083.59007  120 4634 8769.00000 7083.59007  19.2%   951 10625s
 18531  1054 7083.64853  319 4699 8769.00000 7083.64853  19.2%   951 10631s
 18532  1055 7084.05163  276 4518 8769.00000 7084.05163  19.2%   951 10636s
 18534  1056 7084.16409   22 4591 8769.00000 7084.16409  19.2%   950 10640s
 18538  1059 7084.43069   87 4429 8769.00000 7084.43069  19.2%   950 10647s
 18540  1060 7084.51049   31 4492 8769.00000 7084.51049  19.2%   950 10650s
 18543  1062 7084.64300   72 4552 8769.00000 7084.64300  19.2%   950 10656s
 18546  1064 7084.75905   14 4562 8769.00000 7084.75905  19.2%   950 10660s
 18551  1067 7084.88361  196 4489 8769.00000 7084.88361  19.2%   950 10667s
 18556  1071 7084.91777  175 4567 8769.00000 7084.91777  19.2%   949 10670s
 18558  1072 7085.22028  159 4574 8769.00000 7085.22028  19.2%   949 10677s
 18560  1073 7085.46379  148 4615 8769.00000 7085.46379  19.2%   949 10682s
 18564  1076 7085.51165   21 4656 8769.00000 7085.51165  19.2%   949 10685s
 18568  1079 7086.19083  121 4744 8769.00000 7086.19083  19.2%   949 10695s
 18570  1080 7086.55672   17 4734 8769.00000 7086.55672  19.2%   949 10701s
 18574  1083 7086.60543   48 4774 8769.00000 7086.60543  19.2%   948 10706s
 18576  1084 7086.79890  147 4787 8769.00000 7086.79890  19.2%   948 10711s
 18580  1087 7086.86878   47 4862 8769.00000 7086.86878  19.2%   948 10716s
 18584  1089 7086.92588  101 4825 8769.00000 7086.92588  19.2%   948 10722s
 18586  1091 7087.03314  226 4780 8769.00000 7087.03314  19.2%   948 10725s
 18591  1094 7087.11049  203 4691 8769.00000 7087.11049  19.2%   948 10730s
 18595  1097 7087.16876  173 4760 8769.00000 7087.16876  19.2%   947 10736s
 18598  1099 7087.27796   80 4570 8769.00000 7087.27796  19.2%   947 10742s
 18599  1099 7087.27819   96 4570 8769.00000 7087.27819  19.2%   947 10859s
 18600  1103 7087.37624   71 4529 8769.00000 7087.27843  19.2%   979 10910s
 18602  1106 7087.57557   72 4634 8769.00000 7087.37720  19.2%   980 10992s
 18606  1113 7087.88559   73 4697 8769.00000 7087.57567  19.2%   984 11082s
 18614  1118 7137.98818   74 3914 8769.00000 7087.88597  19.2%   990 11210s
 18622  1140 7165.63389   75 3977 8769.00000 7087.88597  19.2%  1002 11427s
 18646  1164 7172.06926   76 3849 8769.00000 7089.29753  19.2%  1071 11598s
 18678  1297 7177.16899   77 3968 8769.00000 7090.79461  19.1%  1096 11713s
 18822  1400 7178.58652   82 3875 8769.00000 7090.79503  19.1%  1111 11754s
 18973  1465 7180.89419   87 3630 8769.00000 7090.79503  19.1%  1116 11786s
 19088  1458 7182.12675   92 3740 8769.00000 7090.79503  19.1%  1119 11800s
 19120  1485 7182.25575   93 3711 8769.00000 7090.79503  19.1%  1120 11822s
 19157  1503 7182.68237   94 3772 8769.00000 7090.79503  19.1%  1124 11843s
 19188  1524 7182.70655   95 3756 8769.00000 7090.79503  19.1%  1125 11864s
 19219  1546 7183.92956   96 3746 8769.00000 7090.79503  19.1%  1126 11882s
 19251  1566 7184.29193   97 3685 8769.00000 7090.79503  19.1%  1127 11903s
 19282  1587 7184.94771   98 3685 8769.00000 7090.79503  19.1%  1128 11924s
 19313  1605 7186.03580   99 3697 8769.00000 7090.79503  19.1%  1129 11945s
 19342  1627 7186.33202  100 3623 8769.00000 7090.79503  19.1%  1130 11966s
 19373  1647 7186.41095  101 3686 8769.00000 7090.79503  19.1%  1131 11987s
 19404  1676 7188.41212  102 3643 8769.00000 7090.79503  19.1%  1131 12003s
 19443  1712 7188.55548  103 3656 8769.00000 7090.79503  19.1%  1132 12021s
 19492  1760 7188.92507  104 3589 8769.00000 7090.79503  19.1%  1133 12047s
 19556  1841 7190.24918  106 3672 8769.00000 7090.79503  19.1%  1136 12074s
 19659  1894 7190.94998  112 3571 8769.00000 7090.79503  19.1%  1138 12103s
 19746  1968 7198.07488  116 3528 8769.00000 7090.79503  19.1%  1142 12134s
 19849  2006 7204.22890  119 3494 8769.00000 7090.79503  19.1%  1146 12170s
 19921  2089 7208.84142  120 3404 8769.00000 7090.79503  19.1%  1152 12206s
 20028  2189 7211.63755  122 3614 8769.00000 7090.79503  19.1%  1155 12240s
 20164  2285 7227.04378  129 3271 8769.00000 7090.79503  19.1%  1156 12277s
 20305  2376 7228.61237  136 3452 8769.00000 7090.79503  19.1%  1159 12321s
 20443  2479 7231.32668  144 3322 8769.00000 7090.79503  19.1%  1161 12359s
 20592  2590 7231.77487  145 3279 8769.00000 7090.79503  19.1%  1164 12398s
 20753  2700 7235.01954  152 3288 8769.00000 7090.79503  19.1%  1166 12444s
 20917  2674 7236.71944  163 3147 8769.00000 7090.79503  19.1%  1168 12476s
 20945  2712 7236.96819  164 3242 8769.00000 7090.79503  19.1%  1169 12509s
 20993  2747 7237.15021  165 3233 8769.00000 7090.79503  19.1%  1170 12542s
 21044  2792 7237.24333  166 3304 8769.00000 7090.79503  19.1%  1171 12576s
 21106  2900 7237.35645  167 3160 8769.00000 7090.79503  19.1%  1171 12613s
 21234  3118 7242.82245  170 3102 8769.00000 7090.79503  19.1%  1171 12662s
 21495  3188 7247.71201  180 3362 8769.00000 7090.79503  19.1%  1171 12717s
 21652  3353 7273.51028  182 3019 8769.00000 7090.79503  19.1%  1176 12771s
 21869  3456 7285.48127  188 3079 8769.00000 7090.79503  19.1%  1181 12831s
 22045  3733 7370.71550  190 2628 8769.00000 7090.79503  19.1%  1183 12893s
 22331  4035 7609.58733  197 2432 8769.00000 7090.79503  19.1%  1186 12951s
 22633  4359 7614.15885  211 2577 8769.00000 7090.79503  19.1%  1186 13016s
 22957  4624 7644.52271  223 2432 8769.00000 7090.79503  19.1%  1190 13076s
H22965  4624                    8767.0000000 7090.79503  19.1%  1190 13076s
 23222  4837 7679.54900  231 2230 8767.00000 7090.79503  19.1%  1195 13150s
 23435  5145 7692.11752  238 2260 8767.00000 7090.79503  19.1%  1202 13215s
 23743  5269 7828.63369  246 2174 8767.00000 7090.79503  19.1%  1205 13268s
 23867  5338 7940.67311  250 1938 8767.00000 7090.79503  19.1%  1209 13313s
 23936  5405 8003.41262  251 1961 8767.00000 7090.79503  19.1%  1211 13365s
 24003  5598 8005.07024  252 1941 8767.00000 7090.79503  19.1%  1211 13421s
 24196  5859 8017.88145  259 1870 8767.00000 7090.79503  19.1%  1213 13482s
 24459  6328 8072.82480  267 1769 8767.00000 7090.79503  19.1%  1213 13556s
 24932  6706 8184.10192  294 1588 8767.00000 7090.79503  19.1%  1215 13642s
 25361  6982 8324.34196  322 1608 8767.00000 7090.79503  19.1%  1221 13730s
 25655  7217 8527.42198  336 1531 8767.00000 7090.79503  19.1%  1231 13817s
 25923  7406 8527.71874  337 1478 8767.00000 7090.79503  19.1%  1242 13906s
 26117  7634 8578.63001  360 1523 8767.00000 7090.79503  19.1%  1246 13991s
 26351  8185 8674.56967  381 1434 8767.00000 7090.79503  19.1%  1250 14121s
 26927  8563 7094.90535   89 4414 8767.00000 7090.79503  19.1%  1254 14227s
 27305  9122 7100.13639  100 4284 8767.00000 7090.79503  19.1%  1266 14332s
 27864  9424 7102.71960  115 4096 8767.00000 7090.79503  19.1%  1274 14413s
 28166  9991 7104.54039  122 4187 8767.00000 7090.79503  19.1%  1275 14527s
 28754 10800 7108.53612  136 4053 8767.00000 7090.79503  19.1%  1283 14650s
 29589 10830 7114.56572  150 3960 8767.00000 7090.79503  19.1%  1284 14748s
 29623 10862 7114.90040  151 4063 8767.00000 7090.79503  19.1%  1287 14825s
 29655 10894 7115.07801  152 4021 8767.00000 7090.79503  19.1%  1290 14898s
 29687 11053 7115.62063  153 4113 8767.00000 7090.79503  19.1%  1291 14981s
 29846 11805 7118.50229  164 3946 8767.00000 7090.79503  19.1%  1291 15097s
 30627 12614 7124.09571  184 3758 8767.00000 7090.79503  19.1%  1288 15234s
 31499 13297 7136.04919  199 3572 8767.00000 7090.79503  19.1%  1286 15380s
 32359 13957 7163.49574  212 3452 8767.00000 7090.79503  19.1%  1291 15533s
 33075 14769 7184.57299  230 3396 8767.00000 7090.79503  19.1%  1297 15735s
 33927 15477 7195.17216  260 3571 8767.00000 7090.79503  19.1%  1309 15888s
 34637 15983 7206.70103  279 3503 8767.00000 7090.79503  19.1%  1317 16027s
H34651 15982                    8765.0000000 7090.79503  19.1%  1317 16027s
H34690 15980                    8759.0000000 7090.79503  19.0%  1319 16027s
 35193 16635 7225.07784  293 3264 8759.00000 7090.79503  19.0%  1321 16209s
 35858 17328 7234.91775  313 3320 8759.00000 7090.79503  19.0%  1335 16494s
H36593 17854                    8758.0000000 7090.79503  19.0%  1346 16668s
H36638 17774                    8746.0000000 7090.79503  18.9%  1347 16668s
H36664 17744                    8742.0000000 7090.79503  18.9%  1348 16668s
H37101 17735                    8741.0000000 7090.79503  18.9%  1357 16668s
 37120 18705 7326.56341  353 2912 8741.00000 7090.79503  18.9%  1357 16871s
 38107 19536 7439.04449  371 2665 8741.00000 7090.79503  18.9%  1368 17084s
 39017 20378 7573.63369  409 2512 8741.00000 7090.79503  18.9%  1381 17302s
 39887 21087 7737.31821  451 2341 8741.00000 7090.79503  18.9%  1397 17517s
H39926 21072                    8739.0000000 7090.79503  18.9%  1396 17517s
H40172 21066                    8738.0000000 7090.79503  18.9%  1402 17517s
H40318 21057                    8737.0000000 7090.79503  18.8%  1404 17517s
 40619 21835 7783.95132  490 2194 8737.00000 7090.79503  18.8%  1406 17766s
 41419 22897 7892.51206  552 2210 8737.00000 7090.79503  18.8%  1423 18015s
 42564 22929 8276.46236  607 1870 8737.00000 7090.79503  18.8%  1434 18193s
 42596 23002 8277.30190  608 1870 8737.00000 7090.79503  18.8%  1437 18351s
H42636 22946                    8731.0000000 7090.79503  18.8%  1441 18351s
 42671 23792 8278.03509  609 1970 8731.00000 7090.79503  18.8%  1441 18608s
H43552 23778                    8729.0000000 7090.79503  18.8%  1458 18608s
 43553 24701 8399.52742  680 1756 8729.00000 7090.79503  18.8%  1458 18873s
H44127 24644                    8723.0000000 7090.79503  18.7%  1473 18873s
 44541 25686 8437.29551  777 1816 8723.00000 7090.79503  18.7%  1472 19155s
 45601 26437 8546.95253  932 1606 8723.00000 7090.79503  18.7%  1491 19403s
H45727 26429                    8722.0000000 7090.79503  18.7%  1489 19403s
H45879 26409                    8721.0000000 7090.79503  18.7%  1492 19403s
H46326 26364                    8717.0000000 7090.79503  18.7%  1498 19404s
 46354 27555 8623.65080 1050 1409 8717.00000 7090.79503  18.7%  1499 19725s
 47635 28391 7167.09081   89 3862 8717.00000 7090.79503  18.7%  1514 20058s
 48499 29321 7167.90868   95 3927 8717.00000 7090.79503  18.7%  1544 20415s
 49429 30328 7178.16964  102 3811 8717.00000 7090.79503  18.7%  1575 20792s
 50436 31366 7181.18343  107 3789 8717.00000 7090.79503  18.7%  1604 21165s
 51479 31398 7182.97240  111 3634 8717.00000 7090.79503  18.7%  1627 21421s
H51480 31387                    8716.0000000 7090.79503  18.6%  1627 21421s
H51492 31377                    8715.0000000 7090.79503  18.6%  1627 21421s
 51511 32339 7236.61827  111 3143 8715.00000 7090.79503  18.6%  1629 21820s
 52495 33441 7184.89663  115 3621 8715.00000 7090.79503  18.6%  1660 22234s
 53679 34699 7185.66690  119 3587 8715.00000 7090.79503  18.6%  1686 22706s
 54969 35400 7188.20081  126 3579 8715.00000 7090.79503  18.6%  1719 23092s
 55672 36925 7227.94411  129 3505 8715.00000 7090.79503  18.6%  1739 23606s
 57237 37825 7195.71529  137 3676 8715.00000 7090.79503  18.6%  1771 24077s
 58224 39184 7198.54877  146 3641 8715.00000 7090.79503  18.6%  1802 24657s
 59601 40271 7202.16518  155 3484 8715.00000 7090.79503  18.6%  1838 25205s
 60698 41818 7206.20345  163 3355 8715.00000 7090.79503  18.6%  1878 25876s
 62322 41819 7315.05770  233 13643 8715.00000 7090.79503  18.6%  1926 27152s
 62324 41820 7492.65126  454  875 8715.00000 7090.79503  18.6%  1926 27163s
 62325 41821 8277.13078  316 1033 8715.00000 7090.79503  18.6%  1926 27167s
 62326 41822 7107.63338  115 1087 8715.00000 7090.79503  18.6%  1926 27171s
 62327 41822 7288.14807  428 1264 8715.00000 7090.79503  18.6%  1926 27178s
 62328 41823 7790.00426  577 1469 8715.00000 7090.79503  18.6%  1926 27188s
 62329 41824 7121.15097  142 1560 8715.00000 7090.79503  18.6%  1926 27202s
 62330 41824 7367.19239  496 1639 8715.00000 7090.79503  18.6%  1926 27218s
 62331 41825 8120.31889  629 1814 8715.00000 7090.79503  18.6%  1926 27238s
 62332 41826 7307.74659  183 1925 8715.00000 7090.79503  18.6%  1926 27258s
 62333 41826 7279.06489  125 2086 8715.00000 7090.79503  18.6%  1926 27280s
 62334 41827 7654.86555  136 2380 8715.00000 7090.79503  18.6%  1926 27305s
 62335 41828 8635.48870  435 2540 8715.00000 7090.79503  18.6%  1926 27331s
 62336 41828 7941.88793  481 2823 8715.00000 7090.79503  18.6%  1926 27354s
 62337 41829 7224.64749  213 2669 8715.00000 7090.79503  18.6%  1926 27377s
 62338 41830 7267.33070  187 3018 8715.00000 7090.79503  18.6%  1926 27399s
 62339 41830 8136.59904  183 3186 8715.00000 7090.93720  18.6%  1926 27420s
 62340 41831 8671.76994  738 3481 8715.00000 7104.44602  18.5%  1926 27441s
 62341 41832 8441.61057  300 3421 8715.00000 7111.23771  18.4%  1926 27457s
 62342 41832 7276.42053  105 3463 8715.00000 7114.61674  18.4%  1926 27468s
 62343 41833 8415.97442  328 3490 8715.00000 7116.80841  18.3%  1926 27477s
 62344 41834 8249.10617  656 3672 8715.00000 7117.53712  18.3%  1926 27481s
 62345 41834 7394.32657  322 3581 8715.00000 7118.20486  18.3%  1926 27486s
 62347 41836 8365.74055  701 3606 8715.00000 7118.46893  18.3%  1925 27490s
 62353 41840 7284.15656  144 3667 8715.00000 7118.53196  18.3%  1925 27498s
 62354 41840 7264.25251  171 3401 8715.00000 7134.33313  18.1%  1925 27528s
 62355 41841 7807.10741  492 3799 8715.00000 7140.28416  18.1%  1925 27546s
 62356 41842 7940.68588  246 3349 8715.00000 7143.06888  18.0%  1925 27556s
 62357 41842 7143.97272  163 3494 8715.00000 7143.97272  18.0%  1925 27562s
 62358 41843 7218.19396  200 3486 8715.00000 7144.32914  18.0%  1925 27566s
 62361 41845 8061.65141  232 3510 8715.00000 7144.46433  18.0%  1925 27570s
 62365 41848 7583.45374  522 3558 8715.00000 7144.48819  18.0%  1925 27606s
 62366 41848 7334.38294  257 3397 8715.00000 7154.24064  17.9%  1925 27627s
 62367 41849 7319.55140  179 3616 8715.00000 7156.89900  17.9%  1925 27638s
 62368 41850 8227.01535  281 3604 8715.00000 7157.55811  17.9%  1925 27643s
 62369 41850 7276.16774  224 3619 8715.00000 7157.72358  17.9%  1925 27646s
 62372 41852 7377.66820  194 3617 8715.00000 7157.86430  17.9%  1925 27650s
 62374 41854 7388.28515  178 3625 8715.00000 7157.87067  17.9%  1925 27688s
 62375 41854 7197.55024  213 3504 8715.00000 7163.88815  17.8%  1925 27704s
 62376 41855 7281.76167  294 3670 8715.00000 7167.57530  17.8%  1925 27718s
 62377 41856 8159.08174  862 3831 8715.00000 7168.63463  17.7%  1925 27725s
 62380 41858 8279.22499  588 3650 8715.00000 7168.98251  17.7%  1924 27730s
 62383 41860 7170.38373  180 3712 8715.00000 7168.99697  17.7%  1924 27770s
 62384 41860 7326.08966  200 3799 8715.00000 7174.21482  17.7%  1924 27788s
 62385 41861 7175.52752   92 3883 8715.00000 7175.52752  17.7%  1924 27797s
 62386 41862 7566.50478  167 3732 8715.00000 7175.95735  17.7%  1924 27801s
 62388 41863 8186.46805  781 3886 8715.00000 7176.29958  17.7%  1924 27805s
 62391 41865 8435.57274  471 3914 8715.00000 7176.34374  17.7%  1924 27843s
 62392 41866 7205.76797  358 3742 8715.00000 7180.22649  17.6%  1924 27864s
 62393 41866 7182.05897  181 3717 8715.00000 7182.05897  17.6%  1924 27874s
 62394 41867 7346.89758  248 3650 8715.00000 7182.61943  17.6%  1924 27878s
 62395 41868 7518.41915  586 3754 8715.00000 7182.77055  17.6%  1924 27881s
 62399 41870 7285.95038  153 3980 8715.00000 7182.86455  17.6%  1924 27921s
 62400 41871 7248.22346  207 3573 8715.00000 7186.33561  17.5%  1924 27933s
 62401 41872 7188.11246  255 3674 8715.00000 7188.11246  17.5%  1924 27940s
 62403 41873 7543.30072  339 3615 8715.00000 7188.81068  17.5%  1924 27947s
 62406 41875 7638.92085  422 3837 8715.00000 7188.92729  17.5%  1924 27950s
 62410 41878 7324.23028  212 3801 8715.00000 7188.96182  17.5%  1924 27989s
 62411 41878 7211.05741  396 3774 8715.00000 7192.73363  17.5%  1924 28003s
 62412 41879 7214.49991  114 3730 8715.00000 7193.84901  17.5%  1923 28009s
 62413 41880 8152.85746  851 3896 8715.00000 7194.23413  17.4%  1923 28014s
 62414 41880 7234.37388  177 3879 8715.00000 7194.41998  17.4%  1923 28016s
 62418 41883 7758.15254  514 3915 8715.00000 7194.50573  17.4%  1923 28055s
 62419 41884 7890.20548  314 3570 8715.00000 7198.52516  17.4%  1923 28068s
 62420 41884 7686.27039  295 3544 8715.00000 7199.94814  17.4%  1923 28075s
 62421 41885 7469.76732  246 3625 8715.00000 7200.68378  17.4%  1923 28081s
 62423 41886 7645.81240  425 3619 8715.00000 7200.99320  17.4%  1923 28086s
 62428 41890 7790.00426  577 3700 8715.00000 7201.06190  17.4%  1923 28125s
 62429 41890 7203.74578  142 3726 8715.00000 7203.74578  17.3%  1923 28136s
 62430 41891 7367.19239  496 3675 8715.00000 7204.93092  17.3%  1923 28143s
 62431 41892 8120.31889  629 3761 8715.00000 7205.49093  17.3%  1923 28148s
 62433 41893 7279.06489  125 3836 8715.00000 7205.62823  17.3%  1923 28150s
 62436 41895 7941.88793  481 3871 8715.00000 7205.66109  17.3%  1923 28188s
 62437 41896 7224.64749  213 3712 8715.00000 7209.23325  17.3%  1923 28201s
 62438 41896 7267.33070  187 3580 8715.00000 7210.30629  17.3%  1923 28208s
 62439 41897 8136.59904  183 3785 8715.00000 7210.64460  17.3%  1923 28212s
 62440 41898 8671.76994  738 3794 8715.00000 7210.82453  17.3%  1923 28215s
 62443 41900 8415.97442  328 3670 8715.00000 7211.04268  17.3%  1923 28220s
 62448 41903 7211.15378  254 3888 8715.00000 7211.15378  17.3%  1922 28259s
 62449 41904 8587.83211  782 3876 8715.00000 7213.18193  17.2%  1922 28276s
 62450 41904 8638.83462  742 3761 8715.00000 7213.65676  17.2%  1922 28281s
 62452 41906 7599.91604  490 3887 8715.00000 7213.91486  17.2%  1922 28285s
 62454 41907 7264.25251  171 3958 8715.00000 7213.92964  17.2%  1922 28322s
 62455 41908 7807.10741  492 3949 8715.00000 7218.15810  17.2%  1922 28337s
 62456 41908 7940.68588  246 4047 8715.00000 7219.52927  17.2%  1922 28345s
 62458 41910 7220.02248  200 4115 8715.00000 7220.02248  17.2%  1922 28352s
 62462 41912 7325.62333  245 4145 8715.00000 7220.08389  17.2%  1922 28355s
 62463 41913 7548.84555  172 4196 8715.00000 7220.08451  17.2%  1922 28390s
 62464 41914 7570.28454  275 3910 8715.00000 7223.06594  17.1%  1922 28402s
 62465 41914 7583.45374  522 3778 8715.00000 7223.87431  17.1%  1922 28408s
 62466 41915 7334.38294  257 4031 8715.00000 7224.20409  17.1%  1922 28412s
 62468 41916 8227.01535  281 3970 8715.00000 7224.34711  17.1%  1922 28415s
 62472 41919 7377.66820  194 3933 8715.00000 7224.37785  17.1%  1922 28454s
 62473 41920 8178.10268  767 3700 8715.00000 7227.14793  17.1%  1922 28465s
 62474 41920 7388.28515  178 3961 8715.00000 7227.81606  17.1%  1922 28470s
 62476 41922 7281.76167  294 4003 8715.00000 7228.23640  17.1%  1922 28477s
 62477 41922 8159.08174  862 4039 8715.00000 7228.31617  17.1%  1921 28480s
 62479 41924 8025.56598  560 4073 8715.00000 7228.33799  17.1%  1921 28516s
 62480 41924 8279.22499  588 3689 8715.00000 7231.40717  17.0%  1921 28531s
 62481 41925 7293.24970  324 3771 8715.00000 7232.69462  17.0%  1921 28539s
 62482 41926 7273.65087  171 3760 8715.00000 7233.00926  17.0%  1921 28543s
 62483 41926 7233.26543  180 3755 8715.00000 7233.26543  17.0%  1921 28546s
 62485 41928 7233.40383   92 3894 8715.00000 7233.40383  17.0%  1921 28550s
 62488 41930 8186.46805  781 4032 8715.00000 7233.42237  17.0%  1921 28588s
 62489 41930 7505.37009  588 3826 8715.00000 7236.07573  17.0%  1921 28599s
 62490 41931 7237.02034  322 3915 8715.00000 7237.02034  17.0%  1921 28606s
 62492 41932 7237.51089  358 4036 8715.00000 7237.51089  17.0%  1921 28612s
 62494 41934 7346.89758  248 4050 8715.00000 7237.59293  17.0%  1921 28615s
 62496 41935 7640.76687  452 4005 8715.00000 7237.60357  17.0%  1921 28650s
 62497 41936 8120.34528  359 3672 8715.00000 7240.01400  16.9%  1921 28673s
 62498 41936 7418.91764  486 3928 8715.00000 7240.68503  16.9%  1921 28678s
 62499 41937 7285.95038  153 4145 8715.00000 7240.98419  16.9%  1921 28682s
 62501 41938 7241.10384  255 3965 8715.00000 7241.10384  16.9%  1921 28685s
 62505 41941 7241.13878  244 4128 8715.00000 7241.13878  16.9%  1921 28722s
 62506 41942 7638.92085  422 3987 8715.00000 7243.64409  16.9%  1921 28733s
 62507 41942 8010.40407  816 3872 8715.00000 7244.77707  16.9%  1921 28741s
 62508 41943 8398.66707  478 3830 8715.00000 7245.25942  16.9%  1921 28745s
 62511 41945 7245.42489  396 3903 8715.00000 7245.42489  16.9%  1920 28750s
 62512 41946 7245.42616  114 4055 8715.00000 7245.42616  16.9%  1920 28783s
 62513 41946 8152.85746  851 3878 8715.00000 7247.48567  16.8%  1920 28794s
 62514 41947 7248.48220  177 3862 8715.00000 7248.48220  16.8%  1920 28801s
 62515 41948 8237.20518  247 4034 8715.00000 7248.73780  16.8%  1920 28805s
 62519 41950 7890.20548  314 4250 8715.00000 7248.88138  16.8%  1920 28810s
 62525 41954 8277.13078  316 4249 8715.00000 7248.96327  16.8%  1920 28848s
 62526 41955 7251.18051  115 4007 8715.00000 7251.18051  16.8%  1920 28860s
 62527 41956 7288.14807  428 4117 8715.00000 7252.71516  16.8%  1920 28869s
 62528 41956 7790.00426  577 3999 8715.00000 7252.95470  16.8%  1920 28872s
 62529 41957 7253.14208  142 4149 8715.00000 7253.14208  16.8%  1920 28875s
 62534 41960 7654.86555  136 4282 8715.00000 7253.29367  16.8%  1920 28917s
 62535 41961 8635.48870  435 4261 8715.00000 7254.98249  16.8%  1920 28929s
 62536 41962 7941.88793  481 4116 8715.00000 7255.70533  16.7%  1920 28936s
 62537 41962 7255.94285  213 4242 8715.00000 7255.94285  16.7%  1920 28940s
 62540 41964 8671.76994  738 4400 8715.00000 7256.21435  16.7%  1920 28946s
 62544 41967 8249.10617  656 4566 8715.00000 7256.25620  16.7%  1919 28983s
 62545 41968 7394.32657  322 4276 8715.00000 7257.80699  16.7%  1919 28992s
 62546 41968 7934.75031  707 4281 8715.00000 7258.53754  16.7%  1919 28997s
 62547 41969 8365.74055  701 4259 8715.00000 7258.80383  16.7%  1919 29000s
 62551 41972 7258.94899  248 4463 8715.00000 7258.94899  16.7%  1919 29005s
 62555 41974 7807.10741  492 4427 8715.00000 7258.97815  16.7%  1919 29042s
 62556 41975 7940.68588  246 4222 8715.00000 7260.23080  16.7%  1919 29280s
 62557 41976 7260.80860  163 4117 8715.00000 7260.80860  16.7%  1919 29324s
 62558 41976 7261.00614  200 4246 8715.00000 7261.00614  16.7%  1919 29327s
 62560 41978 7520.06736  467 4228 8715.00000 7261.06322  16.7%  1919 29330s
 62563 41980 7548.84555  172 4305 8715.00000 7261.08216  16.7%  1919 29364s
 62564 41980 7570.28454  275 3969 8715.00000 7263.79168  16.7%  1919 29376s
 62565 41981 7583.45374  522 3915 8715.00000 7265.31783  16.6%  1919 29384s
 62566 41982 7334.38294  257 3994 8715.00000 7265.77488  16.6%  1919 29389s
 62567 41982 7319.55140  179 4154 8715.00000 7266.02812  16.6%  1919 29392s
 62569 41984 7276.16774  224 4133 8715.00000 7266.14753  16.6%  1919 29395s
 62575 41988 7266.21891  213 4136 8715.00000 7266.21891  16.6%  1918 29431s
 62576 41988 7281.76167  294 3933 8715.00000 7268.22859  16.6%  1918 29440s
 62577 41989 8159.08174  862 3971 8715.00000 7269.34748  16.6%  1918 29447s
 62578 41990 7269.68136  109 4113 8715.00000 7269.68136  16.6%  1918 29450s
 62582 41992 7273.65087  171 4157 8715.00000 7269.93785  16.6%  1918 29455s
 62588 41996 8186.46805  781 4194 8715.00000 7269.99822  16.6%  1918 29491s
 62589 41997 7505.37009  588 4074 8715.00000 7272.00976  16.6%  1918 29502s
 62590 41998 7272.59474  322 4015 8715.00000 7272.59474  16.6%  1918 29507s
 62591 41998 8435.57274  471 4129 8715.00000 7272.82783  16.5%  1918 29511s
 62594 42000 7346.89758  248 4220 8715.00000 7272.97024  16.5%  1918 29515s
 62598 42003 7418.91764  486 4214 8715.00000 7273.02516  16.5%  1918 29550s
 62599 42004 7285.95038  153 4040 8715.00000 7274.03555  16.5%  1918 29557s
 62600 42004 7274.43058  207 4203 8715.00000 7274.43058  16.5%  1918 29561s
 62601 42005 7274.67918  255 4202 8715.00000 7274.67918  16.5%  1918 29565s
 62604 42007 8026.38982  516 4320 8715.00000 7274.87702  16.5%  1918 29570s
 62605 42008 7274.88112  244 4256 8715.00000 7274.88112  16.5%  1918 29607s
 62606 42008 7638.92085  422 3956 8715.00000 7276.04047  16.5%  1918 29615s
 62607 42009 8010.40407  816 4106 8715.00000 7276.47184  16.5%  1918 29620s
 62610 42011 7324.23028  212 4221 8715.00000 7276.66438  16.5%  1917 29625s
 62613 42013 8152.85746  851 4292 8715.00000 7276.68387  16.5%  1917 29659s
 62614 42014 7277.75766  177 4425 8715.00000 7277.75766  16.5%  1917 29668s
 62615 42014 8237.20518  247 4443 8715.00000 7278.14132  16.5%  1917 29673s
 62616 42015 7428.26089  452 4543 8715.00000 7278.25407  16.5%  1917 29676s
 62620 42018 7686.27039  295 4443 8715.00000 7278.37917  16.5%  1917 29680s
 62622 42019 7315.05770  233 4494 8715.00000 7278.38667  16.5%  1917 29714s
 62623 42020 7645.81240  425 4281 8715.00000 7279.51219  16.5%  1917 29721s
 62624 42020 7492.65126  454 4475 8715.00000 7279.93289  16.5%  1917 29726s
 62625 42021 8277.13078  316 4320 8715.00000 7280.22378  16.5%  1917 29730s
 62629 42024 7280.38077  142 4496 8715.00000 7280.38077  16.5%  1917 29735s
 62630 42024 7367.19239  496 4541 8715.00000 7280.38437  16.5%  1917 29767s
 62631 42025 8120.31889  629 4357 8715.00000 7281.53796  16.4%  1917 29774s
 62632 42026 7307.74659  183 4421 8715.00000 7282.43405  16.4%  1917 29780s
 62634 42027 7654.86555  136 4414 8715.00000 7282.71743  16.4%  1917 29785s
 62638 42030 7282.79191  187 4558 8715.00000 7282.79191  16.4%  1917 29820s
 62640 42031 8671.76994  738 4561 8715.00000 7283.30999  16.4%  1916 29826s
 62644 42034 8249.10617  656 4539 8715.00000 7283.40930  16.4%  1916 29862s
 62645 42034 7394.32657  322 4358 8715.00000 7284.18214  16.4%  1916 29869s
 62646 42035 7934.75031  707 4451 8715.00000 7284.32648  16.4%  1916 29871s
 62648 42036 7284.51185  254 4528 8715.00000 7284.51185  16.4%  1916 29875s
 62651 42038 7284.53338  248 4534 8715.00000 7284.53338  16.4%  1916 29907s
 62652 42039 7599.91604  490 4124 8715.00000 7285.40036  16.4%  1916 29913s
 62653 42040 7285.74492  144 4084 8715.00000 7285.74492  16.4%  1916 29917s
 62655 42041 7807.10741  492 4302 8715.00000 7285.93835  16.4%  1916 29921s
 62660 42044 7520.06736  467 4347 8715.00000 7285.99158  16.4%  1916 29955s
 62662 42046 7325.62333  245 4259 8715.00000 7286.65819  16.4%  1916 29962s
 62664 42047 7570.28454  275 4284 8715.00000 7286.80548  16.4%  1916 29966s
 62667 42049 7319.55140  179 4306 8715.00000 7286.83001  16.4%  1916 30001s
 62668 42050 8227.01535  281 4257 8715.00000 7287.16431  16.4%  1916 30005s
 62671 42052 7287.41843  413 4320 8715.00000 7287.41843  16.4%  1916 30010s
 62674 42054 7388.28515  178 4392 8715.00000 7287.43408  16.4%  1915 30043s
 62675 42054 7288.14655  213 4410 8715.00000 7288.14655  16.4%  1915 30048s
 62676 42055 7288.47503  294 4423 8715.00000 7288.47503  16.4%  1915 30051s
 62678 42056 7288.64545  109 4292 8715.00000 7288.64545  16.4%  1915 30056s
 62681 42058 7293.24970  324 4389 8715.00000 7288.67750  16.4%  1915 30093s
 62682 42059 7289.30168  171 4346 8715.00000 7289.30168  16.4%  1915 30099s
 62683 42060 7289.49766  180 4394 8715.00000 7289.49766  16.4%  1915 30102s
 62685 42061 7289.60004   92 4362 8715.00000 7289.60004  16.4%  1915 30105s
 62687 42062 7674.45829  587 4453 8715.00000 7289.61174  16.4%  1915 30138s
 62688 42063 8186.46805  781 4233 8715.00000 7290.36830  16.3%  1915 30143s
 62689 42064 7505.37009  588 4371 8715.00000 7290.62432  16.3%  1915 30147s
 62691 42065 8435.57274  471 4071 8715.00000 7290.89991  16.3%  1915 30151s
 62695 42068 7518.41915  586 4427 8715.00000 7291.00291  16.3%  1915 30155s
 62697 42069 8120.34528  359 4561 8715.00000 7291.01023  16.3%  1915 30189s
 62698 42070 7418.91764  486 4316 8715.00000 7291.72915  16.3%  1915 30196s
 62699 42070 7292.03635  153 4477 8715.00000 7292.03635  16.3%  1915 30200s
 62704 42074 8026.38982  516 4661 8715.00000 7292.13976  16.3%  1915 30239s
 62705 42074 7292.82448  244 4453 8715.00000 7292.82448  16.3%  1915 30244s
 62706 42075 7638.92085  422 4468 8715.00000 7293.06867  16.3%  1914 30248s
 62707 42076 8010.40407  816 4453 8715.00000 7293.16652  16.3%  1914 30250s
 62710 42078 7324.23028  212 4497 8715.00000 7293.21303  16.3%  1914 30285s
 62711 42078 7294.45137  396 4350 8715.00000 7294.45137  16.3%  1914 30292s
 62712 42079 7294.91106  114 4518 8715.00000 7294.91106  16.3%  1914 30297s
 62714 42080 7295.12582  177 4431 8715.00000 7295.12582  16.3%  1914 30301s
 62718 42083 7758.15254  514 4477 8715.00000 7295.19598  16.3%  1914 30305s
 62719 42084 7890.20548  314 4449 8715.00000 7295.19808  16.3%  1914 30339s
 62720 42084 7686.27039  295 4483 8715.00000 7295.75512  16.3%  1914 30345s
 62723 42086 7645.81240  425 4570 8715.00000 7296.04578  16.3%  1914 30351s
 62726 42088 7296.07291  115 4620 8715.00000 7296.07291  16.3%  1914 30386s
 62727 42089 7296.66163  428 4371 8715.00000 7296.66163  16.3%  1914 30391s
 62728 42090 7790.00426  577 4373 8715.00000 7296.91108  16.3%  1914 30395s
 62732 42092 7307.74659  183 4460 8715.00000 7297.03035  16.3%  1914 30435s
 62733 42093 7297.53388  125 4165 8715.00000 7297.53388  16.3%  1914 30440s
 62736 42095 7941.88793  481 4347 8715.00000 7297.72207  16.3%  1914 30445s
 62738 42096 7297.73114  187 4381 8715.00000 7297.73114  16.3%  1913 30480s
 62740 42098 8671.76994  738 4332 8715.00000 7298.12716  16.3%  1913 30487s
 62743 42100 8415.97442  328 4473 8715.00000 7298.15588  16.3%  1913 30523s
 62744 42100 8249.10617  656 4350 8715.00000 7298.73969  16.3%  1913 30528s
 62745 42101 7394.32657  322 4320 8715.00000 7298.87452  16.2%  1913 30530s
 62749 42104 8587.83211  782 4394 8715.00000 7298.97956  16.2%  1913 30535s
 62752 42106 7599.91604  490 4430 8715.00000 7298.99210  16.2%  1913 30573s
 62753 42106 7299.14842  144 4317 8715.00000 7299.14842  16.2%  1913 30576s
 62756 42108 7940.68588  246 4560 8715.00000 7299.25893  16.2%  1913 30580s
 62757 42109 7299.26296  163 4468 8715.00000 7299.26296  16.2%  1913 30616s
 62758 42110 7299.68364  200 4435 8715.00000 7299.68364  16.2%  1913 30621s
 62760 42111 7520.06736  467 4353 8715.00000 7300.04148  16.2%  1913 30626s
 62764 42114 7570.28454  275 4547 8715.00000 7300.09654  16.2%  1913 30662s
 62765 42114 7583.45374  522 4246 8715.00000 7300.73675  16.2%  1913 30668s
 62766 42115 7334.38294  257 4148 8715.00000 7300.98597  16.2%  1913 30672s
 62767 42116 7319.55140  179 4194 8715.00000 7301.08923  16.2%  1913 30675s
 62770 42118 7301.14100  550 4218 8715.00000 7301.14100  16.2%  1913 30710s
 62771 42118 7301.83863  413 4231 8715.00000 7301.83863  16.2%  1912 30715s
 62773 42120 8178.10268  767 4275 8715.00000 7302.17101  16.2%  1912 30720s
 62775 42121 7302.19998  213 4242 8715.00000 7302.19998  16.2%  1912 30755s
 62776 42122 7303.28724  294 4185 8715.00000 7303.28724  16.2%  1912 30762s
 62777 42122 8159.08174  862 4350 8715.00000 7303.63825  16.2%  1912 30766s
 62779 42124 8025.56598  560 4524 8715.00000 7303.78187  16.2%  1912 30770s
 62781 42125 7303.79362  324 4520 8715.00000 7303.79362  16.2%  1912 30804s
 62782 42126 7304.76451  171 4302 8715.00000 7304.76451  16.2%  1912 30811s
 62783 42126 7305.11717  180 4301 8715.00000 7305.11717  16.2%  1912 30816s
 62785 42128 7305.30114   92 4475 8715.00000 7305.30114  16.2%  1912 30820s
 62790 42131 7305.34947  322 4386 8715.00000 7305.34947  16.2%  1912 30858s
 62791 42132 8435.57274  471 4113 8715.00000 7305.75979  16.2%  1912 30863s
 62792 42132 7305.89507  358 4386 8715.00000 7305.89507  16.2%  1912 30865s
 62798 42136 7418.91764  486 4413 8715.00000 7306.00527  16.2%  1912 30904s
 62799 42137 7306.66242  153 4450 8715.00000 7306.66242  16.2%  1912 30910s
 62801 42138 7306.88200  255 4554 8715.00000 7306.88200  16.2%  1912 30915s
 62805 42141 7306.94212  244 4693 8715.00000 7306.94212  16.2%  1911 30953s
 62806 42142 7638.92085  422 4374 8715.00000 7307.43371  16.2%  1911 30958s
 62807 42142 8010.40407  816 4366 8715.00000 7307.60703  16.1%  1911 30961s
 62811 42145 7307.67509  396 4476 8715.00000 7307.67509  16.1%  1911 30999s
 62812 42146 7308.21741  114 4387 8715.00000 7308.21741  16.1%  1911 31004s
 62813 42146 8152.85746  851 4288 8715.00000 7308.36119  16.1%  1911 31007s
 62815 42148 8237.20518  247 4339 8715.00000 7308.44017  16.1%  1911 31010s
 62817 42149 8426.21664  754 4382 8715.00000 7308.44711  16.1%  1911 31046s
 62818 42150 7758.15254  514 4374 8715.00000 7309.23548  16.1%  1911 31052s
 62819 42150 7890.20548  314 4265 8715.00000 7309.47880  16.1%  1911 31056s
 62821 42152 7469.76732  246 4572 8715.00000 7309.63772  16.1%  1911 31060s
 62824 42154 7492.65126  454 4458 8715.00000 7309.67835  16.1%  1911 31101s
 62825 42154 8277.13078  316 4312 8715.00000 7310.42258  16.1%  1911 31107s
 62826 42155 7310.65206  115 4389 8715.00000 7310.65206  16.1%  1911 31111s
 62829 42157 7310.68627  142 4392 8715.00000 7310.68627  16.1%  1911 31148s
 62830 42158 7367.19239  496 4330 8715.00000 7310.90011  16.1%  1911 31153s
 62831 42158 8120.31889  629 4396 8715.00000 7311.04781  16.1%  1911 31156s
 62835 42161 8635.48870  435 4520 8715.00000 7311.15540  16.1%  1911 31193s
 62836 42162 7941.88793  481 4295 8715.00000 7311.53178  16.1%  1911 31197s
 62837 42162 7311.76734  213 4375 8715.00000 7311.76734  16.1%  1910 31201s
 62840 42164 8671.76994  738 4374 8715.00000 7311.90384  16.1%  1910 31205s
 62842 42166 7311.91130  105 4483 8715.00000 7311.91130  16.1%  1910 31242s
 62843 42166 8415.97442  328 4216 8715.00000 7312.22635  16.1%  1910 31247s
 62844 42167 8249.10617  656 4217 8715.00000 7312.40063  16.1%  1910 31250s
 62847 42169 8365.74055  701 4375 8715.00000 7312.56927  16.1%  1910 31255s
 62850 42171 8638.83462  742 4424 8715.00000 7312.59452  16.1%  1910 31289s
 62851 42172 7312.83280  248 4186 8715.00000 7312.83280  16.1%  1910 31291s
 62853 42173 7313.02411  144 4359 8715.00000 7313.02411  16.1%  1910 31295s
 62857 42176 7313.08188  163 4460 8715.00000 7313.08188  16.1%  1910 31330s
 62859 42177 7381.27754  154 4383 8715.00000 7313.62961  16.1%  1910 31337s
 62861 42178 8061.65141  232 4464 8715.00000 7313.74072  16.1%  1910 31340s
 62864 42180 7570.28454  275 4520 8715.00000 7313.76454  16.1%  1910 31375s
 62866 42182 7334.38294  257 4522 8715.00000 7314.20753  16.1%  1910 31381s
 62870 42184 7314.27429  550 4520 8715.00000 7314.27429  16.1%  1909 31415s
 62871 42185 7314.81541  413 4259 8715.00000 7314.81541  16.1%  1909 31420s
 62873 42186 8178.10268  767 4388 8715.00000 7315.22889  16.1%  1909 31426s
 62877 42189 8159.08174  862 4399 8715.00000 7315.25880  16.1%  1909 31459s
 62878 42190 7315.50183  109 4324 8715.00000 7315.50183  16.1%  1909 31462s
 62879 42190 8025.56598  560 4360 8715.00000 7315.75635  16.1%  1909 31466s
 62883 42193 7315.87725  180 4584 8715.00000 7315.87725  16.1%  1909 31470s
 62884 42194 7326.08966  200 4539 8715.00000 7315.88086  16.1%  1909 31505s
 62886 42195 7566.50478  167 4436 8715.00000 7316.43794  16.0%  1909 31513s
 62887 42196 7674.45829  587 4500 8715.00000 7316.53307  16.0%  1909 31515s
 62889 42197 7505.37009  588 4609 8715.00000 7316.55361  16.0%  1909 31550s
 62891 42198 8435.57274  471 4444 8715.00000 7317.01861  16.0%  1909 31557s
 62893 42200 7317.10615  181 4492 8715.00000 7317.10615  16.0%  1909 31560s
 62895 42201 7518.41915  586 4522 8715.00000 7317.11823  16.0%  1909 31594s
 62896 42202 7640.76687  452 4438 8715.00000 7317.43278  16.0%  1909 31598s
 62897 42202 8120.34528  359 4642 8715.00000 7317.59341  16.0%  1909 31600s
 62903 42206 7543.30072  339 4794 8715.00000 7317.68825  16.0%  1908 31605s
 62905 42208 7317.69495  244 4833 8715.00000 7317.69495  16.0%  1908 31640s
 62907 42209 8010.40407  816 4694 8715.00000 7317.97760  16.0%  1908 31645s
 62910 42211 7324.23028  212 4627 8715.00000 7318.12330  16.0%  1908 31650s
 62911 42212 7318.12666  396 4626 8715.00000 7318.12666  16.0%  1908 31684s
 62912 42212 7318.41234  114 4423 8715.00000 7318.41234  16.0%  1908 31688s
 62913 42213 8152.85746  851 4525 8715.00000 7318.50567  16.0%  1908 31690s
 62917 42216 8426.21664  754 4558 8715.00000 7318.61428  16.0%  1908 31729s
 62918 42216 7758.15254  514 4482 8715.00000 7318.81199  16.0%  1908 31732s
 62919 42217 7890.20548  314 4452 8715.00000 7318.94669  16.0%  1908 31735s
 62922 42219 7319.01522  233 4601 8715.00000 7319.01522  16.0%  1908 31773s
 62923 42220 7645.81240  425 4599 8715.00000 7319.13234  16.0%  1908 31775s
 62927 42222 7319.16618  428 4625 8715.00000 7319.16618  16.0%  1908 31811s
 62929 42224 7319.36361  142 4397 8715.00000 7319.36361  16.0%  1908 31815s
 62934 42227 7654.86555  136 4438 8715.00000 7319.42267  16.0%  1908 31852s
 62935 42228 8635.48870  435 4459 8715.00000 7319.64401  16.0%  1908 31855s
 62937 42229 7319.82852  213 4412 8715.00000 7319.82852  16.0%  1907 31860s
 62940 42231 8671.76994  738 4428 8715.00000 7319.84792  16.0%  1907 31897s
 62942 42232 7320.09633  105 4358 8715.00000 7320.09633  16.0%  1907 31901s
 62945 42234 7394.32657  322 4409 8715.00000 7320.11966  16.0%  1907 31936s
 62947 42236 8365.74055  701 4348 8715.00000 7320.36846  16.0%  1907 31941s
 62950 42238 8638.83462  742 4463 8715.00000 7320.41611  16.0%  1907 31976s
 62952 42239 7599.91604  490 4435 8715.00000 7320.83001  16.0%  1907 31982s
 62954 42240 7320.92764  171 4494 8715.00000 7320.92764  16.0%  1907 31985s
 62956 42242 7940.68588  246 4491 8715.00000 7320.95433  16.0%  1907 32021s
 62959 42244 7381.27754  154 4502 8715.00000 7321.04630  16.0%  1907 32025s
 62960 42244 7520.06736  467 4507 8715.00000 7321.04773  16.0%  1907 32060s
 62963 42246 7548.84555  172 4444 8715.00000 7321.25598  16.0%  1907 32065s
 62965 42248 7583.45374  522 4404 8715.00000 7321.26453  16.0%  1907 32101s
 62967 42249 7321.66407  179 4276 8715.00000 7321.66407  16.0%  1907 32108s
 62968 42250 8227.01535  281 4383 8715.00000 7321.77139  16.0%  1907 32110s
 62973 42253 8178.10268  767 4424 8715.00000 7321.91242  16.0%  1906 32115s
 62977 42256 8159.08174  862 4386 8715.00000 7322.05150  16.0%  1906 32155s
 62978 42256 7322.44811  109 4337 8715.00000 7322.44811  16.0%  1906 32160s
 62980 42258 8279.22499  588 4378 8715.00000 7322.73741  16.0%  1906 32165s
 62984 42260 7326.08966  200 4531 8715.00000 7322.77924  16.0%  1906 32201s
 62985 42261 7323.35459   92 4516 8715.00000 7323.35459  16.0%  1906 32207s
 62986 42262 7566.50478  167 4460 8715.00000 7323.49155  16.0%  1906 32210s
 62990 42264 7323.57667  322 4551 8715.00000 7323.57667  16.0%  1906 32250s
 62992 42266 7324.04330  358 4520 8715.00000 7324.04330  16.0%  1906 32256s
 62995 42268 7518.41915  586 4542 8715.00000 7324.08349  16.0%  1906 32294s
 62996 42268 7640.76687  452 4440 8715.00000 7324.47111  16.0%  1906 32299s
 62997 42269 8120.34528  359 4605 8715.00000 7324.58562  16.0%  1906 32302s
 63001 42272 7324.64643  255 4684 8715.00000 7324.64643  16.0%  1906 32339s
 63002 42272 7333.89777  251 4393 8715.00000 7324.99801  15.9%  1905 32343s
 63003 42273 7543.30072  339 4450 8715.00000 7325.24284  15.9%  1905 32347s
 63005 42274 7325.33539  244 4399 8715.00000 7325.33539  15.9%  1905 32351s
 63007 42276 8010.40407  816 4466 8715.00000 7325.34246  15.9%  1905 32384s
 63008 42276 8398.66707  478 4277 8715.00000 7325.66164  15.9%  1905 32388s
 63009 42277 7363.59092  255 4461 8715.00000 7325.93071  15.9%  1905 32392s
 63011 42278 7326.09807  396 4410 8715.00000 7326.09807  15.9%  1905 32396s
 63015 42281 8237.20518  247 4566 8715.00000 7326.17166  15.9%  1905 32435s
 63017 42282 8426.21664  754 4493 8715.00000 7326.42416  15.9%  1905 32440s
 63021 42285 7469.76732  246 4517 8715.00000 7326.49260  15.9%  1905 32479s
 63022 42286 7326.74195  233 4388 8715.00000 7326.74195  15.9%  1905 32483s
 63023 42286 7645.81240  425 4450 8715.00000 7326.89737  15.9%  1905 32485s
 63027 42289 7326.96808  428 4457 8715.00000 7326.96808  15.9%  1905 32523s
 63028 42290 7790.00426  577 4475 8715.00000 7327.18891  15.9%  1905 32527s
 63029 42290 7327.49946  142 4560 8715.00000 7327.49946  15.9%  1905 32531s
 63031 42292 8120.31889  629 4586 8715.00000 7327.66468  15.9%  1905 32535s
 63033 42293 7327.67997  125 4648 8715.00000 7327.67997  15.9%  1905 32570s
 63034 42294 7654.86555  136 4454 8715.00000 7328.25225  15.9%  1905 32575s
 63035 42294 8635.48870  435 4534 8715.00000 7328.64924  15.9%  1904 32580s
 63038 42296 7328.79847  187 4849 8715.00000 7328.79847  15.9%  1904 32585s
 63040 42298 8671.76994  738 4820 8715.00000 7328.80872  15.9%  1904 32621s
 63041 42298 8441.61057  300 4683 8715.00000 7329.35921  15.9%  1904 32627s
 63042 42299 7329.66212  105 4693 8715.00000 7329.66212  15.9%  1904 32631s
 63044 42300 8249.10617  656 4612 8715.00000 7329.76119  15.9%  1904 32635s
 63046 42302 7934.75031  707 4640 8715.00000 7329.77887  15.9%  1904 32673s
 63047 42302 8365.74055  701 4678 8715.00000 7330.48777  15.9%  1904 32679s
 63048 42303 7330.63560  254 4669 8715.00000 7330.63560  15.9%  1904 32682s
 63050 42304 8638.83462  742 4865 8715.00000 7330.70773  15.9%  1904 32685s
 63051 42305 7330.71111  248 4832 8715.00000 7330.71111  15.9%  1904 32720s
 63052 42306 7599.91604  490 4503 8715.00000 7331.23930  15.9%  1904 32726s
 63054 42307 7331.38963  171 4632 8715.00000 7331.38963  15.9%  1904 32731s
 63059 42310 7381.27754  154 4778 8715.00000 7331.42991  15.9%  1904 32770s
 63061 42312 8061.65141  232 4535 8715.00000 7331.76578  15.9%  1904 32776s
 63064 42314 7570.28454  275 4662 8715.00000 7331.86819  15.9%  1904 32780s
 63066 42315 7334.38294  257 4638 8715.00000 7331.87637  15.9%  1904 32819s
 63067 42316 7332.36477  179 4442 8715.00000 7332.36477  15.9%  1904 32824s
 63068 42316 8227.01535  281 4688 8715.00000 7332.51206  15.9%  1903 32827s
 63070 42318 7332.61524  550 4719 8715.00000 7332.61524  15.9%  1903 32831s
 63074 42320 7388.28515  178 4789 8715.00000 7332.64170  15.9%  1903 32870s
 63075 42321 7333.44498  213 4389 8715.00000 7333.44498  15.9%  1903 32878s
 63076 42322 7334.05645  294 4599 8715.00000 7334.05645  15.8%  1903 32886s
 63078 42323 7334.25544  109 4824 8715.00000 7334.25544  15.8%  1903 32892s
 63081 42325 7334.28876  324 4771 8715.00000 7334.28876  15.8%  1903 32931s
 63082 42326 7334.95174  171 4361 8715.00000 7334.95174  15.8%  1903 32936s
 63086 42329 7566.50478  167  910 8715.00000 7334.95174  15.8%  1922 32948s
 63087 42330 7674.45829  587 1089 8715.00000 7334.95174  15.8%  1922 32952s
 63088 42331 8186.46805  781 1045 8715.00000 7334.95174  15.8%  1922 32956s
 63089 42331 7505.37009  588 1215 8715.00000 7334.95174  15.8%  1922 32962s
 63090 42332 7334.95174  322 1497 8715.00000 7334.95174  15.8%  1922 32970s
 63091 42333 8435.57274  471 1583 8715.00000 7334.95174  15.8%  1922 32983s
 63092 42333 7334.95174  358 1734 8715.00000 7334.95174  15.8%  1922 33000s
 63093 42334 7334.95174  181 1837 8715.00000 7334.95174  15.8%  1922 33018s
 63094 42335 7346.89758  248 1827 8715.00000 7334.95174  15.8%  1922 33037s
 63095 42335 7518.41915  586 2239 8715.00000 7334.95174  15.8%  1922 33060s
 63096 42336 7640.76687  452 2240 8715.00000 7334.95174  15.8%  1922 33087s
 63097 42337 8120.34528  359 2460 8715.00000 7334.95174  15.8%  1922 33112s
 63098 42337 7418.91764  486 2642 8715.00000 7334.95174  15.8%  1922 33134s
 63099 42338 7334.95174  153 2693 8715.00000 7334.95174  15.8%  1922 33158s
 63100 42339 7334.95174  207 3032 8715.00000 7334.95174  15.8%  1922 33185s
 63101 42339 7334.95174  255 3210 8715.00000 7334.95174  15.8%  1922 33211s
 63102 42340 7334.95174  251 3540 8715.00000 7334.95174  15.8%  1922 33234s
 63103 42341 7543.30072  339 3927 8715.00000 7334.95174  15.8%  1922 33256s
 63104 42341 8026.38982  516 3976 8715.00000 7334.95174  15.8%  1922 33274s
 63105 42342 7334.95174  244 3992 8715.00000 7334.95174  15.8%  1922 33291s
 63106 42343 7638.92085  422 4265 8715.00000 7334.95174  15.8%  1922 33308s
 63107 42343 8010.40407  816 4314 8715.00000 7334.95174  15.8%  1921 33318s
 63108 42344 8398.66707  478 4599 8715.00000 7334.95174  15.8%  1921 33325s
 63109 42345 7363.59092  255 4588 8715.00000 7334.95174  15.8%  1921 33330s
 63111 42346 7334.95174  396 4294 8715.00000 7334.95174  15.8%  1921 33337s
 63113 42347 8152.85746  851 4434 8715.00000 7334.95174  15.8%  1921 33340s
 63116 42349 7428.26089  452 4407 8715.00000 7334.95821  15.8%  1921 33345s
 63117 42350 8426.21664  754 4524 8715.00000 7336.01904  15.8%  1921 33354s
 63118 42351 7758.15254  514 4364 8715.00000 7336.33176  15.8%  1921 33359s
 63119 42351 7890.20548  314 4375 8715.00000 7336.47132  15.8%  1921 33362s
 63123 42354 7645.81240  425 4564 8715.00000 7336.52511  15.8%  1921 33400s
 63124 42355 7492.65126  454 4504 8715.00000 7337.56970  15.8%  1921 33410s
 63125 42355 8277.13078  316 4300 8715.00000 7337.91506  15.8%  1921 33415s
 63129 42358 7338.02092  142 4330 8715.00000 7338.02092  15.8%  1921 33456s
 63130 42359 7367.19239  496 4367 8715.00000 7340.23081  15.8%  1921 33468s
 63131 42359 8120.31889  629 4503 8715.00000 7340.76717  15.8%  1921 33474s
 63132 42360 7340.84766  183 4222 8715.00000 7340.84766  15.8%  1921 33476s
 63134 42361 7654.86555  136 4356 8715.00000 7340.87178  15.8%  1921 33513s
 63135 42362 8635.48870  435 4323 8715.00000 7343.41138  15.7%  1921 33526s
 63136 42363 7941.88793  481 4543 8715.00000 7343.93996  15.7%  1921 33532s
 63137 42363 7344.11138  213 4455 8715.00000 7344.11138  15.7%  1921 33535s
 63139 42365 8136.59904  183 4656 8715.00000 7344.14664  15.7%  1921 33571s
 63140 42365 8671.76994  738 4592 8715.00000 7345.66360  15.7%  1920 33590s
 63142 42367 7346.05548  105 4538 8715.00000 7346.05548  15.7%  1920 33596s
 63145 42369 7394.32657  322 4584 8715.00000 7346.09117  15.7%  1920 33634s
 63146 42369 7934.75031  707 4379 8715.00000 7346.56727  15.7%  1920 33640s
 63149 42371 8587.83211  782 4314 8715.00000 7346.71452  15.7%  1920 33645s
 63150 42372 8638.83462  742 4314 8715.00000 7346.71839  15.7%  1920 33681s
 63151 42373 7347.79330  248 4318 8715.00000 7347.79330  15.7%  1920 33690s
 63153 42374 7348.04723  144 4451 8715.00000 7348.04723  15.7%  1920 33695s
 63155 42375 7807.10741  492 4367 8715.00000 7348.06198  15.7%  1920 33731s
 63156 42376 7940.68588  246 4332 8715.00000 7348.49475  15.7%  1920 33736s
 63157 42377 7348.78701  163 4397 8715.00000 7348.78701  15.7%  1920 33740s
 63159 42378 7381.27754  154 4417 8715.00000 7349.00567  15.7%  1920 33745s
 63163 42381 7548.84555  172 4339 8715.00000 7349.03754  15.7%  1920 33784s
 63164 42381 7570.28454  275 4508 8715.00000 7350.22822  15.7%  1920 33793s
 63165 42382 7583.45374  522 4406 8715.00000 7350.62608  15.7%  1920 33797s
 63166 42383 7350.75085  257 4400 8715.00000 7350.75085  15.7%  1920 33800s
 63169 42385 7350.86738  224 4569 8715.00000 7350.86738  15.7%  1920 33838s
 63170 42385 7351.86219  550 4373 8715.00000 7351.86219  15.6%  1920 33845s
 63171 42386 7352.30685  413 4364 8715.00000 7352.30685  15.6%  1920 33850s
 63173 42387 8178.10268  767 4195 8715.00000 7352.62823  15.6%  1919 33856s
 63175 42389 7352.65643  213 4420 8715.00000 7352.65643  15.6%  1919 33892s
 63176 42389 7353.50616  294 4481 8715.00000 7353.50616  15.6%  1919 33910s
 63177 42390 8159.08174  862 4263 8715.00000 7353.98539  15.6%  1919 33915s
 63181 42393 7354.11461  324 4508 8715.00000 7354.11461  15.6%  1919 33920s
 63182 42393 7354.11556  171 4527 8715.00000 7354.11556  15.6%  1919 33956s
 63183 42394 7354.46254  180 4362 8715.00000 7354.46254  15.6%  1919 33960s
 63186 42396 7566.50478  167 4397 8715.00000 7354.63539  15.6%  1919 33965s
 63187 42397 7674.45829  587 4425 8715.00000 7354.63683  15.6%  1919 33999s
 63188 42397 8186.46805  781 4510 8715.00000 7355.18746  15.6%  1919 34007s
 63189 42398 7505.37009  588 4582 8715.00000 7355.45322  15.6%  1919 34010s
 63193 42401 7355.57543  181 4768 8715.00000 7355.57543  15.6%  1919 34050s
 63194 42401 7356.39959  248 4449 8715.00000 7356.39959  15.6%  1919 34056s
 63196 42403 7640.76687  452 4668 8715.00000 7356.63691  15.6%  1919 34061s
 63202 42407 7356.69064  251 4733 8715.00000 7356.69064  15.6%  1919 34102s
 63203 42407 7543.30072  339 4554 8715.00000 7358.21830  15.6%  1919 34113s
 63204 42408 8026.38982  516 4516 8715.00000 7358.64881  15.6%  1919 34119s
 63205 42409 7358.78521  244 4616 8715.00000 7358.78521  15.6%  1919 34121s
 63209 42411 7363.59092  255 4552 8715.00000 7358.83818  15.6%  1918 34164s
 63210 42412 7359.98728  212 4513 8715.00000 7359.98728  15.5%  1918 34174s
 63211 42413 7360.29074  396 4442 8715.00000 7360.29074  15.5%  1918 34177s
 63213 42414 8152.85746  851 4549 8715.00000 7360.39961  15.5%  1918 34181s
 63217 42417 8426.21664  754 4564 8715.00000 7360.43064  15.5%  1918 34218s
 63218 42417 7758.15254  514 4493 8715.00000 7360.89098  15.5%  1918 34236s
 63219 42418 7890.20548  314 4706 8715.00000 7361.01678  15.5%  1918 34240s
 63224 42421 7492.65126  454 4746 8715.00000 7361.07736  15.5%  1918 34276s
 63225 42422 8277.13078  316 4440 8715.00000 7361.46398  15.5%  1918 34281s
 63227 42423 7361.62735  428 4490 8715.00000 7361.62735  15.5%  1918 34285s
 63230 42425 7367.19239  496 4470 8715.00000 7361.65563  15.5%  1918 34320s
 63231 42426 8120.31889  629 4475 8715.00000 7362.08714  15.5%  1918 34326s
 63233 42427 7362.33803  125 4557 8715.00000 7362.33803  15.5%  1918 34331s
 63236 42429 7941.88793  481 4536 8715.00000 7362.36968  15.5%  1918 34368s
 63237 42430 7362.78803  213 4566 8715.00000 7362.78803  15.5%  1918 34373s
 63238 42431 7362.96170  187 4553 8715.00000 7362.96170  15.5%  1918 34376s
 63241 42433 8441.61057  300 4853 8715.00000 7363.04387  15.5%  1917 34380s
 63243 42434 8415.97442  328 4733 8715.00000 7363.05235  15.5%  1917 34413s
 63244 42435 8249.10617  656 4570 8715.00000 7363.85963  15.5%  1917 34421s
 63245 42435 7394.32657  322 4545 8715.00000 7364.25411  15.5%  1917 34427s
 63247 42437 8365.74055  701 4781 8715.00000 7364.33561  15.5%  1917 34430s
 63250 42439 8638.83462  742 4735 8715.00000 7364.36688  15.5%  1917 34465s
 63252 42440 7599.91604  490 4802 8715.00000 7364.80420  15.5%  1917 34472s
 63254 42441 7364.90755  171 4660 8715.00000 7364.90755  15.5%  1917 34475s
 63257 42443 7364.93956  163 4689 8715.00000 7364.93956  15.5%  1917 34512s
 63258 42444 7365.62684  200 4755 8715.00000 7365.62684  15.5%  1917 34790s
 63259 42445 7381.27754  154 4490 8715.00000 7365.91557  15.5%  1917 34840s
 63262 42447 7366.10012  245 4780 8715.00000 7366.10012  15.5%  1917 34846s
 63265 42449 7583.45374  522 4840 8715.00000 7366.11352  15.5%  1917 34882s
 63266 42449 7366.70526  257 4437 8715.00000 7366.70526  15.5%  1917 34889s
 63267 42450 7367.05360  179 4413 8715.00000 7367.05360  15.5%  1917 34893s
 63268 42451 8227.01535  281 4480 8715.00000 7367.16671  15.5%  1917 34896s
 63271 42453 7367.25159  413 4437 8715.00000 7367.25159  15.5%  1917 34900s
 63273 42454 8178.10268  767 4661 8715.00000 7367.26040  15.5%  1916 34933s
 63274 42455 7388.28515  178 4360 8715.00000 7367.79416  15.5%  1916 34939s
 63275 42455 7367.95484  213 4459 8715.00000 7367.95484  15.5%  1916 34941s
 63277 42457 8159.08174  862 4677 8715.00000 7368.06678  15.5%  1916 34945s
 63280 42459 8279.22499  588 4686 8715.00000 7368.09790  15.5%  1916 34980s
 63282 42460 7368.39923  171 4578 8715.00000 7368.39923  15.5%  1916 34986s
 63286 42463 7566.50478  167 4592 8715.00000 7368.45701  15.5%  1916 35024s
 63287 42463 7674.45829  587 4429 8715.00000 7368.58963  15.4%  1916 35027s
 63289 42465 7505.37009  588 4781 8715.00000 7368.74720  15.4%  1916 35030s
 63291 42466 8435.57274  471 4593 8715.00000 7368.76740  15.4%  1916 35065s
 63293 42467 7369.08741  181 4536 8715.00000 7369.08741  15.4%  1916 35071s
 63296 42469 7640.76687  452 4580 8715.00000 7369.13864  15.4%  1916 35106s
 63298 42471 7418.91764  486 4711 8715.00000 7369.27375  15.4%  1916 35110s
 63301 42473 7369.31204  255 4707 8715.00000 7369.31204  15.4%  1916 35145s
 63304 42475 8026.38982  516 4586 8715.00000 7369.53944  15.4%  1916 35150s
 63306 42476 7638.92085  422 4607 8715.00000 7369.55788  15.4%  1915 35184s
 63307 42477 8010.40407  816 4747 8715.00000 7369.87666  15.4%  1915 35188s
 63308 42477 8398.66707  478 4764 8715.00000 7369.99194  15.4%  1915 35190s
 63312 42480 7370.02967  114 4820 8715.00000 7370.02967  15.4%  1915 35226s
 63313 42481 8152.85746  851 4547 8715.00000 7370.29331  15.4%  1915 35230s
 63316 42483 7428.26089  452 4553 8715.00000 7370.49677  15.4%  1915 35235s
 63319 42485 7890.20548  314 4547 8715.00000 7370.51708  15.4%  1915 35270s
 63321 42486 7469.76732  246 4766 8715.00000 7370.87662  15.4%  1915 35276s
 63324 42488 7492.65126  454 4709 8715.00000 7370.95072  15.4%  1915 35280s
 63326 42489 7370.95826  115 4805 8715.00000 7370.95826  15.4%  1915 35315s
 63328 42491 7790.00426  577 4666 8715.00000 7371.17917  15.4%  1915 35320s
 63331 42493 8120.31889  629 4776 8715.00000 7371.24987  15.4%  1915 35356s
 63333 42494 7371.41401  125 4694 8715.00000 7371.41401  15.4%  1915 35360s
 63337 42497 7371.44336  213 4684 8715.00000 7371.44336  15.4%  1915 35395s
 63338 42497 7371.97970  187 4708 8715.00000 7371.97970  15.4%  1914 35400s
 63340 42499 8671.76994  738 4680 8715.00000 7372.24739  15.4%  1914 35405s
 63343 42501 8415.97442  328 4572 8715.00000 7372.28743  15.4%  1914 35440s
 63345 42502 7394.32657  322 4405 8715.00000 7372.58228  15.4%  1914 35446s
 63349 42505 8587.83211  782 4640 8715.00000 7372.67892  15.4%  1914 35450s
 63350 42505 8638.83462  742 4649 8715.00000 7372.68223  15.4%  1914 35484s
 63351 42506 7372.80930  248 4516 8715.00000 7372.80930  15.4%  1914 35487s
 63353 42507 7372.88374  144 4769 8715.00000 7372.88374  15.4%  1914 35490s
 63356 42509 7940.68588  246 4651 8715.00000 7372.90705  15.4%  1914 35527s
 63357 42510 7373.03793  163 4456 8715.00000 7373.03793  15.4%  1914 35530s
 63361 42513 8061.65141  232 4611 8715.00000 7373.12244  15.4%  1914 35568s
 63362 42513 7373.44122  245 4506 8715.00000 7373.44122  15.4%  1914 35572s
 63363 42514 7548.84555  172 4593 8715.00000 7373.63939  15.4%  1914 35575s
 63367 42517 7373.70723  179 4668 8715.00000 7373.70723  15.4%  1914 35614s
 63368 42517 8227.01535  281 4602 8715.00000 7373.77541  15.4%  1914 35615s
 63370 42519 7373.79017  550 4543 8715.00000 7373.79017  15.4%  1914 35649s
 63371 42519 7373.84116  413 4495 8715.00000 7373.84116  15.4%  1913 35651s
 63374 42521 7388.28515  178 4517 8715.00000 7373.88346  15.4%  1913 35686s
 63377 42523 8159.08174  862 4493 8715.00000 7373.98163  15.4%  1913 35690s
 63380 42525 8279.22499  588 4542 8715.00000 7373.99754  15.4%  1913 35724s
 63381 42526 7374.29032  324 4540 8715.00000 7374.29032  15.4%  1913 35727s
 63382 42527 7374.41772  171 4486 8715.00000 7374.41772  15.4%  1913 35730s
 63386 42529 7566.50478  167 4468 8715.00000 7374.49548  15.4%  1913 35768s
 63387 42530 7674.45829  587 4457 8715.00000 7374.77231  15.4%  1913 35771s
 63389 42531 7505.37009  588 4375 8715.00000 7374.92931  15.4%  1913 35775s
 63393 42534 7374.96658  181 4509 8715.00000 7374.96658  15.4%  1913 35813s
 63394 42535 7375.11450  248 4395 8715.00000 7375.11450  15.4%  1913 35816s
 63395 42535 7518.41915  586 4471 8715.00000 7375.32248  15.4%  1913 35820s
 63399 42538 7375.44330  153 4559 8715.00000 7375.44330  15.4%  1913 35859s
 63400 42539 7375.75258  207 4461 8715.00000 7375.75258  15.4%  1913 35864s
 63401 42539 7375.90563  255 4636 8715.00000 7375.90563  15.4%  1913 35867s
 63404 42541 8026.38982  516 4618 8715.00000 7375.95319  15.4%  1912 35904s
 63405 42542 7376.39817  244 4489 8715.00000 7376.39817  15.4%  1912 35908s
 63406 42543 7638.92085  422 4538 8715.00000 7376.56341  15.4%  1912 35911s
 63409 42545 7376.63227  255 4455 8715.00000 7376.63227  15.4%  1912 35915s
 63410 42545 7376.63254  212 4440 8715.00000 7376.63254  15.4%  1912 35947s
 63411 42546 7376.80170  396 4410 8715.00000 7376.80170  15.4%  1912 35950s
 63415 42549 8237.20518  247 4465 8715.00000 7376.97297  15.4%  1912 35955s
 63416 42549 7428.26089  452 4509 8715.00000 7376.97700  15.4%  1912 35987s
 63417 42550 8426.21664  754 4670 8715.00000 7377.13520  15.4%  1912 35990s
 63420 42552 7686.27039  295 4593 8715.00000 7377.18403  15.4%  1912 36025s
 63424 42555 7492.65126  454 4718 8715.00000 7377.35501  15.3%  1912 36030s
 63425 42555 8277.13078  316 4715 8715.00000 7377.35687  15.3%  1912 36063s
 63426 42556 7377.39842  115 4714 8715.00000 7377.39842  15.3%  1912 36065s
 63429 42558 7377.45381  142 4703 8715.00000 7377.45381  15.3%  1912 36100s
 63433 42561 7377.54415  125 4573 8715.00000 7377.54415  15.3%  1912 36137s
 63434 42561 7654.86555  136 4659 8715.00000 7377.61590  15.3%  1912 36140s
 63436 42563 7941.88793  481 4607 8715.00000 7377.64932  15.3%  1912 36176s
 63437 42563 7377.98633  213 4572 8715.00000 7377.98633  15.3%  1911 36181s
 63440 42565 8671.76994  738 4666 8715.00000 7378.11024  15.3%  1911 36185s
 63441 42566 8441.61057  300 4646 8715.00000 7378.11270  15.3%  1911 36218s
 63442 42567 7378.25971  105 4511 8715.00000 7378.25971  15.3%  1911 36221s
 63445 42569 7394.32657  322 4547 8715.00000 7378.31132  15.3%  1911 36256s
 63446 42569 7934.75031  707 4444 8715.00000 7378.56836  15.3%  1911 36260s
 63450 42572 8638.83462  742 4617 8715.00000 7378.69913  15.3%  1911 36299s
 63451 42573 7378.84427  248 4610 8715.00000 7378.84427  15.3%  1911 36301s
 63454 42575 7378.90257  171 4696 8715.00000 7378.90257  15.3%  1911 36337s
 63455 42575 7807.10741  492 4581 8715.00000 7379.10051  15.3%  1911 36340s
 63459 42578 7381.27754  154 4618 8715.00000 7379.18687  15.3%  1911 36379s
 63460 42579 7520.06736  467 4530 8715.00000 7379.39438  15.3%  1911 36382s
 63461 42579 8061.65141  232 4496 8715.00000 7379.50187  15.3%  1911 36385s
 63464 42581 7570.28454  275 4569 8715.00000 7379.53055  15.3%  1911 36421s
 63467 42583 7379.67029  179 4647 8715.00000 7379.67029  15.3%  1911 36425s
 63469 42585 7379.67885  224 4593 8715.00000 7379.67885  15.3%  1911 36461s
 63471 42586 7379.90457  413 4494 8715.00000 7379.90457  15.3%  1910 36466s
 63474 42588 7388.28515  178 4711 8715.00000 7379.95314  15.3%  1910 36501s
 63476 42589 7380.12740  294 4407 8715.00000 7380.12740  15.3%  1910 36505s
 63479 42591 8025.56598  560 4481 8715.00000 7380.16704  15.3%  1910 36540s
 63481 42593 7380.35168  324 4595 8715.00000 7380.35168  15.3%  1910 36545s
 63485 42595 7380.40838   92 4785 8715.00000 7380.40838  15.3%  1910 36581s
 63486 42596 7566.50478  167 4569 8715.00000 7380.82274  15.3%  1910 36586s
 63487 42597 7674.45829  587 4545 8715.00000 7381.07350  15.3%  1910 36590s
 63493 42601 7381.16570  181 4662 8715.00000 7381.16570  15.3%  1910 36629s
 63494 42601 7381.25789  248 4360 8715.00000 7381.25789  15.3%  1910 36632s
 63497 42603 8120.34528  359 4723 8715.00000 7381.33097  15.3%  1910 36667s
 63498 42604 7418.91764  486 4592 8715.00000 7381.70875  15.3%  1910 36671s
 63500 42605 7381.87894  207 4473 8715.00000 7381.87894  15.3%  1910 36675s
 63505 42609 7381.94787  244 4556 8715.00000 7381.94787  15.3%  1909 36713s
 63506 42609 7638.92085  422 4613 8715.00000 7382.68661  15.3%  1909 36720s
 63508 42611 8398.66707  478 4605 8715.00000 7382.96947  15.3%  1909 36726s
 63511 42613 7383.02594  396 4664 8715.00000 7383.02594  15.3%  1909 36763s
 63512 42613 7383.53701  114 4462 8715.00000 7383.53701  15.3%  1909 36769s
 63513 42614 8152.85746  851 4526 8715.00000 7383.76204  15.3%  1909 36772s
 63515 42615 8237.20518  247 4655 8715.00000 7383.93335  15.3%  1909 36776s
 63517 42617 8426.21664  754 4636 8715.00000 7383.95102  15.3%  1909 36812s
 63518 42617 7758.15254  514 4602 8715.00000 7384.20377  15.3%  1909 36816s
 63519 42618 7890.20548  314 4770 8715.00000 7384.43837  15.3%  1909 36820s
 63523 42621 7645.81240  425 4873 8715.00000 7384.54934  15.3%  1909 36859s
 63524 42621 7492.65126  454 4764 8715.00000 7384.73518  15.3%  1909 36862s
 63525 42622 8277.13078  316 4677 8715.00000 7384.90909  15.3%  1909 36865s
 63529 42625 7385.00902  142 4817 8715.00000 7385.00902  15.3%  1909 36870s
 63530 42625 7385.01063  496 4797 8715.00000 7385.01063  15.3%  1909 36903s
 63531 42626 8120.31889  629 4703 8715.00000 7385.17993  15.3%  1909 36906s
 63533 42627 7385.31964  125 4622 8715.00000 7385.31964  15.3%  1909 36911s
 63536 42629 7941.88793  481 4632 8715.00000 7385.34512  15.3%  1909 36947s
 63537 42630 7385.47600  213 4698 8715.00000 7385.47600  15.3%  1908 36950s
 63541 42633 8441.61057  300 4619 8715.00000 7385.60320  15.3%  1908 36990s
 63543 42634 8415.97442  328 4748 8715.00000 7385.94752  15.3%  1908 36996s
 63546 42636 7934.75031  707 4897 8715.00000 7386.01754  15.2%  1908 37000s
 63547 42637 8365.74055  701 4842 8715.00000 7386.02143  15.2%  1908 37035s
 63549 42638 8587.83211  782 4689 8715.00000 7386.43843  15.2%  1908 37041s
 63552 42640 7599.91604  490 4717 8715.00000 7386.49322  15.2%  1908 37045s
 63554 42641 7386.49946  171 4735 8715.00000 7386.49946  15.2%  1908 37081s
 63556 42643 7940.68588  246 4487 8715.00000 7386.96367  15.2%  1908 37088s
 63557 42643 7387.10818  163 4597 8715.00000 7387.10818  15.2%  1908 37091s
 63561 42646 8061.65141  232 4644 8715.00000 7387.16513  15.2%  1908 37128s
 63562 42647 7387.46521  245 4675 8715.00000 7387.46521  15.2%  1908 37132s
 63563 42647 7548.84555  172 4703 8715.00000 7387.64933  15.2%  1908 37135s
 63567 42650 7387.72244  179 4609 8715.00000 7387.72244  15.2%  1908 37173s
 63568 42651 8227.01535  281 4415 8715.00000 7388.00151  15.2%  1908 37177s
 63570 42652 7388.18556  550 4586 8715.00000 7388.18556  15.2%  1907 37181s
 63573 42654 8178.10268  767 4648 8715.00000 7388.20858  15.2%  1907 37219s
 63574 42655 7388.30634  178 4724 8715.00000 7388.30634  15.2%  1907 37222s
 63577 42657 8159.08174  862 4688 8715.00000 7388.34866  15.2%  1907 37258s
 63578 42657 7388.47219  109 4627 8715.00000 7388.47219  15.2%  1907 37261s
 63580 42659 8279.22499  588 4664 8715.00000 7388.49898  15.2%  1907 37295s
 63582 42660 7388.95105  171 4648 8715.00000 7388.95105  15.2%  1907 37302s
 63586 42663 7566.50478  167 4701 8715.00000 7389.05145  15.2%  1907 37305s
 63587 42663 7674.45829  587 4714 8715.00000 7389.05569  15.2%  1907 37340s
 63591 42666 8435.57274  471 4648 8715.00000 7389.22869  15.2%  1907 37345s
 63592 42667 7389.23088  358 4669 8715.00000 7389.23088  15.2%  1907 37380s
 63597 42670 8120.34528  359 4614 8715.00000 7389.32551  15.2%  1907 37416s
 63599 42671 7389.58323  153 4687 8715.00000 7389.58323  15.2%  1907 37421s
 63602 42673 7389.66585  251 4694 8715.00000 7389.66585  15.2%  1907 37425s
 63604 42675 8026.38982  516 4726 8715.00000 7389.67691  15.2%  1906 37461s
 63606 42676 7638.92085  422 4740 8715.00000 7389.87842  15.2%  1906 37466s
 63609 42678 7389.90026  255 4782 8715.00000 7389.90026  15.2%  1906 37501s
 63611 42679 7390.28112  396 4678 8715.00000 7390.28112  15.2%  1906 37506s
 63613 42681 8152.85746  851 4848 8715.00000 7390.32681  15.2%  1906 37543s
 63614 42681 7390.78969  177 4610 8715.00000 7390.78969  15.2%  1906 37547s
 63615 42682 8237.20518  247 4703 8715.00000 7391.02145  15.2%  1906 37551s
 63617 42683 8426.21664  754 4632 8715.00000 7391.17929  15.2%  1906 37555s
 63621 42686 7469.76732  246 4593 8715.00000 7391.27083  15.2%  1906 37560s
 63622 42687 7391.27343  233 4608 8715.00000 7391.27343  15.2%  1906 37594s
 63623 42687 7645.81240  425 4743 8715.00000 7391.37259  15.2%  1906 37596s
 63626 42689 7391.43924  115 4799 8715.00000 7391.43924  15.2%  1906 37632s
 63628 42691 7790.00426  577 4800 8715.00000 7391.62816  15.2%  1906 37636s
 63632 42693 7391.70572  183 4726 8715.00000 7391.70572  15.2%  1906 37673s
 63633 42694 7391.86904  125 4573 8715.00000 7391.86904  15.2%  1906 37677s
 63635 42695 8635.48870  435 4672 8715.00000 7391.99038  15.2%  1906 37680s
 63638 42697 7392.00721  187 4734 8715.00000 7392.00721  15.2%  1905 37718s
 63639 42698 8136.59904  183 4732 8715.00000 7392.24484  15.2%  1905 37721s
 63642 42700 7392.31937  105 4930 8715.00000 7392.31937  15.2%  1905 37759s
 63643 42701 8415.97442  328 4728 8715.00000 7392.45074  15.2%  1905 37761s
 63646 42703 7934.75031  707 4745 8715.00000 7392.55304  15.2%  1905 37766s
 63648 42704 7392.56125  254 4821 8715.00000 7392.56125  15.2%  1905 37800s
 63651 42706 7392.70812  248 4860 8715.00000 7392.70812  15.2%  1905 37805s
 63654 42708 7392.72021  171 4784 8715.00000 7392.72021  15.2%  1905 37840s
 63658 42711 7392.87916  200 4675 8715.00000 7392.87916  15.2%  1905 37845s
 63659 42711 7392.88278  154 4708 8715.00000 7392.88278  15.2%  1905 37881s
 63662 42713 7393.01124  245 4735 8715.00000 7393.01124  15.2%  1905 37885s
 63664 42715 7570.28454  275 4804 8715.00000 7393.01694  15.2%  1905 37919s
 63665 42715 7583.45374  522 4833 8715.00000 7393.13477  15.2%  1905 37922s
 63668 42717 8227.01535  281 4815 8715.00000 7393.15980  15.2%  1905 37958s
 63669 42718 7393.28550  224 4653 8715.00000 7393.28550  15.2%  1905 37961s
 63672 42720 7393.42366  194 4857 8715.00000 7393.42366  15.2%  1904 37965s
 63674 42721 7393.43437  178 4797 8715.00000 7393.43437  15.2%  1904 38002s
 63676 42723 7393.54419  294 4766 8715.00000 7393.54419  15.2%  1904 38006s
 63679 42725 8025.56598  560 4810 8715.00000 7393.56616  15.2%  1904 38042s
 63684 42729 7393.60802  200  910 8715.00000 7393.60802  15.2%  1917 38055s
 63686 42731 7566.50478  167 1077 8715.00000 7393.60802  15.2%  1917 38063s
 63687 42731 7674.45829  587 1239 8715.00000 7393.60802  15.2%  1917 38070s
 63688 42732 8186.46805  781 1511 8715.00000 7393.60802  15.2%  1916 38081s
 63689 42733 7505.37009  588 1630 8715.00000 7393.60802  15.2%  1916 38095s
 63690 42733 7393.60802  322 1694 8715.00000 7393.60802  15.2%  1916 38113s
 63691 42734 8435.57274  471 1841 8715.00000 7393.60802  15.2%  1916 38133s
 63692 42735 7393.60802  358 2121 8715.00000 7393.60802  15.2%  1916 38155s
 63693 42735 7393.60802  181 2075 8715.00000 7393.60802  15.2%  1916 38178s
 63694 42736 7393.60802  248 2355 8715.00000 7393.60802  15.2%  1916 38202s
 63695 42737 7518.41915  586 2497 8715.00000 7393.60802  15.2%  1916 38225s
 63696 42737 7640.76687  452 2579 8715.00000 7393.60802  15.2%  1916 38248s
 63697 42738 8120.34528  359 2909 8715.00000 7393.60802  15.2%  1916 38276s
 63698 42739 7418.91764  486 3279 8715.00000 7393.60802  15.2%  1916 38301s
 63699 42739 7393.60802  153 3201 8715.00000 7393.60802  15.2%  1916 38325s
 63700 42740 7393.60802  207 3398 8715.00000 7393.60802  15.2%  1916 38346s
 63701 42741 7393.60802  255 3746 8715.00000 7393.60802  15.2%  1916 38370s
 63702 42741 7393.60802  251 3972 8715.00000 7393.60802  15.2%  1916 38389s
 63703 42742 7543.30072  339 4364 8715.00000 7393.60802  15.2%  1916 38408s
 63704 42743 8026.38982  516 4156 8715.00000 7393.60802  15.2%  1916 38422s
 63705 42743 7393.60802  244 4285 8715.00000 7393.60802  15.2%  1916 38432s
 63706 42744 7638.92085  422 4408 8715.00000 7393.60802  15.2%  1916 38440s
 63707 42745 8010.40407  816 4553 8715.00000 7393.60802  15.2%  1916 38447s
 63708 42745 8398.66707  478 4565 8715.00000 7393.60802  15.2%  1916 38453s
 63709 42746 7393.60802  255 4530 8715.00000 7393.60802  15.2%  1916 38456s
 63711 42747 7393.60802  396 4610 8715.00000 7393.60802  15.2%  1916 38460s
 63718 42752 7758.15254  514 4732 8715.00000 7393.60802  15.2%  1916 38468s
 63719 42753 7890.20548  314 4617 8715.00000 7393.84707  15.2%  1916 38471s
 63722 42755 7393.91904  233 4682 8715.00000 7393.91904  15.2%  1915 38509s
 63723 42755 7645.81240  425 4568 8715.00000 7394.18796  15.2%  1915 38514s
 63724 42756 7492.65126  454 4477 8715.00000 7394.25727  15.2%  1915 38516s
 63726 42757 7394.27750  115 4596 8715.00000 7394.27750  15.2%  1915 38552s
 63727 42758 7394.46715  428 4626 8715.00000 7394.46715  15.2%  1915 38555s
 63731 42761 8120.31889  629 4579 8715.00000 7394.51052  15.2%  1915 38592s
 63732 42761 7394.75444  183 4703 8715.00000 7394.75444  15.1%  1915 38595s
 63735 42763 8635.48870  435 4598 8715.00000 7394.80911  15.1%  1915 38633s
 63736 42764 7941.88793  481 4358 8715.00000 7394.91628  15.1%  1915 38645s
 63740 42767 8671.76994  738 4515 8715.00000 7395.05448  15.1%  1915 38686s
 63742 42768 7395.21635  105 4407 8715.00000 7395.21635  15.1%  1915 38690s
 63744 42769 8249.10617  656 4447 8715.00000 7395.23733  15.1%  1915 38728s
 63745 42770 7395.33490  322 4417 8715.00000 7395.33490  15.1%  1915 38731s
 63747 42771 8365.74055  701 4560 8715.00000 7395.36487  15.1%  1915 38769s
 63748 42772 7395.46856  254 4447 8715.00000 7395.46856  15.1%  1915 38772s
 63751 42774 7395.49868  248 4526 8715.00000 7395.49868  15.1%  1915 38812s
 63752 42775 7599.91604  490 4578 8715.00000 7395.68642  15.1%  1915 38815s
 63755 42777 7807.10741  492 4505 8715.00000 7395.86699  15.1%  1914 38820s
 63758 42779 7395.88935  200 4565 8715.00000 7395.88935  15.1%  1914 38858s
 63759 42779 7396.01145  154 4624 8715.00000 7396.01145  15.1%  1914 38861s
 63762 42781 7396.05824  245 4702 8715.00000 7396.05824  15.1%  1914 38902s
 63763 42782 7548.84555  172 4613 8715.00000 7396.14178  15.1%  1914 38916s
 63766 42784 7396.17786  257 4735 8715.00000 7396.17786  15.1%  1914 38955s
 63770 42787 7396.30291  550 4658 8715.00000 7396.30291  15.1%  1914 38995s
 63771 42787 7396.43037  413 4791 8715.00000 7396.43037  15.1%  1914 39001s
 63773 42789 8178.10268  767 4907 8715.00000 7396.44949  15.1%  1914 39040s
 63775 42790 7396.71965  213 4546 8715.00000 7396.71965  15.1%  1914 39046s
 63778 42792 7396.75819  109 4711 8715.00000 7396.75819  15.1%  1914 39088s
 63779 42793 8025.56598  560 4291 8715.00000 7397.32745  15.1%  1914 39094s
 63780 42793 8279.22499  588 4426 8715.00000 7397.52944  15.1%  1914 39097s
 63782 42795 7397.61088  171 4459 8715.00000 7397.61088  15.1%  1914 39100s
 63784 42796 7397.61625  200 4370 8715.00000 7397.61625  15.1%  1914 39139s
 63785 42797 7397.91388   92 4258 8715.00000 7397.91388  15.1%  1914 39144s
 63786 42797 7566.50478  167 4483 8715.00000 7397.99500  15.1%  1914 39146s
 63789 42799 7505.37009  588 4351 8715.00000 7398.03833  15.1%  1913 39183s
 63790 42800 7398.23760  322 4544 8715.00000 7398.23760  15.1%  1913 39200s
 63792 42801 7398.34589  358 4436 8715.00000 7398.34589  15.1%  1913 39205s
 63793 42802 7398.34816  181 4446 8715.00000 7398.34816  15.1%  1913 39240s
 63796 42804 7640.76687  452 4390 8715.00000 7398.61874  15.1%  1913 39245s
 63797 42805 8120.34528  359 4395 8715.00000 7398.62154  15.1%  1913 39278s
 63798 42805 7418.91764  486 4508 8715.00000 7398.72982  15.1%  1913 39280s
 63802 42808 7398.80515  251 4410 8715.00000 7398.80515  15.1%  1913 39319s
 63803 42809 7543.30072  339 4495 8715.00000 7399.22515  15.1%  1913 39324s
 63804 42809 8026.38982  516 4482 8715.00000 7399.29464  15.1%  1913 39325s
 63807 42811 8010.40407  816 4407 8715.00000 7399.34396  15.1%  1913 39362s
 63808 42812 8398.66707  478 4268 8715.00000 7399.63551  15.1%  1913 39366s
 63811 42814 7399.70345  396 4404 8715.00000 7399.70345  15.1%  1913 39402s
 63812 42815 7399.96629  114 4299 8715.00000 7399.96629  15.1%  1913 39406s
 63815 42817 8237.20518  247 4332 8715.00000 7400.15671  15.1%  1913 39410s
 63816 42817 7428.26089  452 4380 8715.00000 7400.15812  15.1%  1913 39445s
 63817 42818 8426.21664  754 4187 8715.00000 7400.37337  15.1%  1913 39451s
 63821 42821 7469.76732  246 4400 8715.00000 7400.47618  15.1%  1912 39490s
 63824 42823 7492.65126  454 4341 8715.00000 7400.78691  15.1%  1912 39495s
 63826 42824 7400.80007  115 4376 8715.00000 7400.80007  15.1%  1912 39530s
 63829 42826 7400.87516  142 4356 8715.00000 7400.87516  15.1%  1912 39535s
 63830 42827 7400.87644  496 4333 8715.00000 7400.87644  15.1%  1912 39570s
 63832 42828 7401.06684  183 4496 8715.00000 7401.06684  15.1%  1912 39575s
 63835 42830 8635.48870  435 4477 8715.00000 7401.08545  15.1%  1912 39611s
 63836 42831 7941.88793  481 4622 8715.00000 7401.22309  15.1%  1912 39631s
 63840 42833 8671.76994  738 4765 8715.00000 7401.28581  15.1%  1912 39666s
 63841 42834 8441.61057  300 4420 8715.00000 7401.67421  15.1%  1912 39670s
 63844 42836 8249.10617  656 4591 8715.00000 7401.92150  15.1%  1912 39676s
 63846 42837 7934.75031  707 4617 8715.00000 7401.93119  15.1%  1912 39710s
 63848 42839 7402.42634  254 4522 8715.00000 7402.42634  15.1%  1912 39715s
 63852 42841 7599.91604  490 4597 8715.00000 7402.49796  15.1%  1912 39754s
 63853 42842 7402.61191  144 4641 8715.00000 7402.61191  15.1%  1912 39757s
 63856 42844 7940.68588  246 4615 8715.00000 7402.63280  15.1%  1911 39795s
 63858 42845 7402.83025  200 4458 8715.00000 7402.83025  15.1%  1911 39800s
 63862 42848 7402.86311  245 4606 8715.00000 7402.86311  15.1%  1911 39837s
 63863 42849 7548.84555  172 4616 8715.00000 7403.18729  15.1%  1911 39840s
 63866 42851 7403.37605  257 4642 8715.00000 7403.37605  15.1%  1911 39845s
 63867 42851 7403.37753  179 4715 8715.00000 7403.37753  15.1%  1911 39878s
 63868 42852 8227.01535  281 4595 8715.00000 7403.80711  15.0%  1911 39882s
 63869 42853 7403.89332  224 4521 8715.00000 7403.89332  15.0%  1911 39885s
 63872 42855 7403.93329  194 4510 8715.00000 7403.93329  15.0%  1911 39924s
 63873 42855 8178.10268  767 4607 8715.00000 7404.23639  15.0%  1911 39929s
 63874 42856 7404.36454  178 4501 8715.00000 7404.36454  15.0%  1911 39931s
 63878 42859 7404.40406  109 4570 8715.00000 7404.40406  15.0%  1911 39969s
 63879 42859 8025.56598  560 4727 8715.00000 7405.11633  15.0%  1911 39975s
 63881 42861 7405.46485  324 4715 8715.00000 7405.46485  15.0%  1911 39982s
 63885 42863 7405.50986   92 4695 8715.00000 7405.50986  15.0%  1911 40018s
 63886 42864 7566.50478  167 4687 8715.00000 7406.25343  15.0%  1911 40024s
 63887 42865 7674.45829  587 4634 8715.00000 7406.41909  15.0%  1911 40027s
 63890 42867 7406.49341  322 4614 8715.00000 7406.49341  15.0%  1910 40030s
 63891 42867 8435.57274  471 4618 8715.00000 7406.49666  15.0%  1910 40065s
 63893 42869 7407.00955  181 4616 8715.00000 7407.00955  15.0%  1910 40072s
 63896 42871 7640.76687  452 4653 8715.00000 7407.07267  15.0%  1910 40075s
 63897 42871 8120.34528  359 4702 8715.00000 7407.07474  15.0%  1910 40109s
 63898 42872 7418.91764  486 4242 8715.00000 7407.53846  15.0%  1910 40114s
 63899 42873 7407.68915  153 4351 8715.00000 7407.68915  15.0%  1910 40117s
 63902 42875 7407.74530  251 4461 8715.00000 7407.74530  15.0%  1910 40120s
 63903 42875 7543.30072  339 4472 8715.00000 7407.74851  15.0%  1910 40154s
 63904 42876 8026.38982  516 4558 8715.00000 7408.15110  15.0%  1910 40158s
 63905 42877 7408.29095  244 4634 8715.00000 7408.29095  15.0%  1910 40161s
 63908 42879 8398.66707  478 4728 8715.00000 7408.35326  15.0%  1910 40199s
 63909 42879 7408.51275  255 4699 8715.00000 7408.51275  15.0%  1910 40202s
 63911 42881 7408.57428  396 4615 8715.00000 7408.57428  15.0%  1910 40205s
 63914 42883 7408.60601  177 4652 8715.00000 7408.60601  15.0%  1910 40239s
 63915 42883 8237.20518  247 4598 8715.00000 7408.70002  15.0%  1910 40249s
 63916 42884 7428.26089  452 4535 8715.00000 7408.71272  15.0%  1910 40250s
 63918 42885 7758.15254  514 4370 8715.00000 7408.71951  15.0%  1910 40286s
 63920 42887 7686.27039  295 4509 8715.00000 7408.97350  15.0%  1910 40291s
 63925 42890 8277.13078  316 4571 8715.00000 7409.02259  15.0%  1909 40327s
 63926 42891 7409.32906  115 4479 8715.00000 7409.32906  15.0%  1909 40330s
 63929 42893 7409.48065  142 4565 8715.00000 7409.48065  15.0%  1909 40335s
 63930 42893 7409.48490  496 4611 8715.00000 7409.48490  15.0%  1909 40368s
 63931 42894 8120.31889  629 4463 8715.00000 7409.79421  15.0%  1909 40372s
 63933 42895 7409.94294  125 4495 8715.00000 7409.94294  15.0%  1909 40376s
 63936 42897 7941.88793  481 4603 8715.00000 7409.96219  15.0%  1909 40411s
 63937 42898 7410.12851  213 4556 8715.00000 7410.12851  15.0%  1909 40420s
 63940 42900 8671.76994  738 4701 8715.00000 7410.26636  15.0%  1909 40457s
 63941 42901 8441.61057  300 4625 8715.00000 7410.41836  15.0%  1909 40460s
 63943 42902 8415.97442  328 4578 8715.00000 7410.47341  15.0%  1909 40493s
 63944 42903 8249.10617  656 4652 8715.00000 7410.59946  15.0%  1909 40495s
 63948 42905 7410.65966  254 4516 8715.00000 7410.65966  15.0%  1909 40532s
 63949 42906 8587.83211  782 4630 8715.00000 7410.75620  15.0%  1909 40535s
 63953 42909 7410.80439  144 4707 8715.00000 7410.80439  15.0%  1909 40573s
 63954 42909 7410.95994  171 4640 8715.00000 7410.95994  15.0%  1909 40576s
 63957 42911 7411.02124  163 4638 8715.00000 7411.02124  15.0%  1908 40611s
 63960 42913 7520.06736  467 4735 8715.00000 7411.05570  15.0%  1908 40647s
 63961 42914 8061.65141  232 4417 8715.00000 7411.23766  15.0%  1908 40668s
 63962 42915 7411.31506  245 4492 8715.00000 7411.31506  15.0%  1908 40670s
 63967 42918 7411.38084  179 4715 8715.00000 7411.38084  15.0%  1908 40707s
 63968 42919 8227.01535  281 4673 8715.00000 7411.56072  15.0%  1908 40710s
 63971 42921 7411.71707  413 4748 8715.00000 7411.71707  15.0%  1908 40715s
 63972 42921 7411.71843  194 4794 8715.00000 7411.71843  15.0%  1908 40750s
 63976 42924 7411.89176  294 4848 8715.00000 7411.89176  15.0%  1908 40789s
 63977 42925 8159.08174  862 4651 8715.00000 7411.96868  15.0%  1908 40792s
 63980 42927 8279.22499  588 4673 8715.00000 7412.04979  15.0%  1908 40831s
 63982 42928 7412.34818  171 4682 8715.00000 7412.34818  14.9%  1908 40836s
 63987 42931 7674.45829  587 4727 8715.00000 7412.38751  14.9%  1908 40874s
 63988 42932 8186.46805  781 4805 8715.00000 7412.59811  14.9%  1908 40879s
 63989 42933 7505.37009  588 4870 8715.00000 7412.67462  14.9%  1907 40881s
 63994 42936 7412.74437  248 4836 8715.00000 7412.74437  14.9%  1907 40885s
 63995 42937 7518.41915  586 4765 8715.00000 7412.74613  14.9%  1907 40917s
 63996 42937 7640.76687  452 4661 8715.00000 7413.03631  14.9%  1907 40921s
 63998 42939 7418.91764  486 4781 8715.00000 7413.23563  14.9%  1907 40926s
 64001 42941 7413.28216  255 4992 8715.00000 7413.28216  14.9%  1907 40963s
 64002 42941 7413.53451  251 4691 8715.00000 7413.53451  14.9%  1907 40967s
 64004 42943 8026.38982  516 4821 8715.00000 7413.64186  14.9%  1907 40971s
 64006 42944 7638.92085  422 4733 8715.00000 7413.65567  14.9%  1907 41006s
 64008 42945 8398.66707  478 4589 8715.00000 7413.75614  14.9%  1907 41010s
 64011 42947 7413.78237  396 4563 8715.00000 7413.78237  14.9%  1907 41046s
 64012 42948 7414.11180  114 4539 8715.00000 7414.11180  14.9%  1907 41050s
 64015 42950 8237.20518  247 4640 8715.00000 7414.33502  14.9%  1907 41055s
 64016 42951 7428.26089  452 4622 8715.00000 7414.33941  14.9%  1907 41091s
 64017 42951 8426.21664  754 4524 8715.00000 7414.75462  14.9%  1907 41096s
 64020 42953 7686.27039  295 4472 8715.00000 7414.86942  14.9%  1907 41100s
 64021 42954 7469.76732  246 4523 8715.00000 7414.87047  14.9%  1907 41136s
 64023 42955 7645.81240  425 4672 8715.00000 7415.13114  14.9%  1906 41141s
 64026 42957 7415.14810  115 4717 8715.00000 7415.14810  14.9%  1906 41178s
 64027 42958 7415.25343  428 4698 8715.00000 7415.25343  14.9%  1906 41230s
 64028 42959 7790.00426  577 4895 8715.00000 7415.37245  14.9%  1906 41235s
 64031 42961 8120.31889  629 4753 8715.00000 7415.41598  14.9%  1906 41271s
 64032 42961 7415.62289  183 4851 8715.00000 7415.62289  14.9%  1906 41275s
 64035 42963 8635.48870  435 4656 8715.00000 7415.68045  14.9%  1906 41314s
 64037 42965 7415.70676  213 4704 8715.00000 7415.70676  14.9%  1906 41315s
 64038 42965 7415.70937  187 4697 8715.00000 7415.70937  14.9%  1906 41349s
 64039 42966 8136.59904  183 4814 8715.00000 7415.72808  14.9%  1906 41350s
 64041 42967 8441.61057  300 4739 8715.00000 7415.72808  14.9%  1906 41386s
 64043 42969 8415.97442  328 4635 8715.00000 7415.91767  14.9%  1906 41390s
 64047 42971 8365.74055  701 5075 8715.00000 7415.95442  14.9%  1906 41428s
 64048 42972 7416.08008  254 4941 8715.00000 7416.08008  14.9%  1906 41431s
 64052 42975 7599.91604  490 4839 8715.00000 7416.12668  14.9%  1906 41468s
 64053 42975 7416.53660  144 4700 8715.00000 7416.53660  14.9%  1906 41472s
 64055 42977 7807.10741  492 5028 8715.00000 7416.67375  14.9%  1906 41475s
 64057 42978 7416.68641  163 5107 8715.00000 7416.68641  14.9%  1905 41511s
 64058 42979 7416.96956  200 4817 8715.00000 7416.96956  14.9%  1905 41516s
 64060 42980 7520.06736  467 4814 8715.00000 7417.11564  14.9%  1905 41520s
 64062 42981 7417.12540  245 4839 8715.00000 7417.12540  14.9%  1905 41556s
 64065 42983 7583.45374  522 4746 8715.00000 7417.27912  14.9%  1905 41561s
 64066 42984 7417.28260  257 4769 8715.00000 7417.28260  14.9%  1905 41594s
 64067 42985 7417.41958  179 4664 8715.00000 7417.41958  14.9%  1905 41597s
 64070 42987 7417.47350  550 4743 8715.00000 7417.47350  14.9%  1905 41600s
 64071 42987 7417.47466  413 4773 8715.00000 7417.47466  14.9%  1905 41635s
 64075 42990 7417.54118  213 4782 8715.00000 7417.54118  14.9%  1905 41674s
 64076 42991 7417.64632  294 4842 8715.00000 7417.64632  14.9%  1905 41677s
 64078 42992 7417.79004  109 4842 8715.00000 7417.79004  14.9%  1905 41680s
 64080 42993 8279.22499  588 4886 8715.00000 7417.80922  14.9%  1905 41716s
 64082 42995 7417.95740  171 4850 8715.00000 7417.95740  14.9%  1905 41720s
 64085 42997 7417.99013   92 4766 8715.00000 7417.99013  14.9%  1905 41756s
 64087 42998 7674.45829  587 4846 8715.00000 7418.18404  14.9%  1905 41760s
 64090 43000 7418.22836  322 4865 8715.00000 7418.22836  14.9%  1904 41796s
 64091 43001 8435.57274  471 4731 8715.00000 7418.37919  14.9%  1904 41800s
 64095 43003 7518.41915  586 4857 8715.00000 7418.48244  14.9%  1904 41805s
 64096 43004 7640.76687  452 4913 8715.00000 7418.48575  14.9%  1904 41840s
 64098 43005 7418.91764  486 4910 8715.00000 7418.68710  14.9%  1904 41845s
 64101 43007 7418.70859  255 4858 8715.00000 7418.70859  14.9%  1904 41882s
 64104 43009 8026.38982  516 4799 8715.00000 7418.76878  14.9%  1904 41885s
 64105 43010 7418.76993  244 4785 8715.00000 7418.76993  14.9%  1904 41922s
 64107 43011 8010.40407  816 4785 8715.00000 7418.79970  14.9%  1904 41925s
 64108 43012 8398.66707  478 4905 8715.00000 7418.80284  14.9%  1904 41961s
 64110 43013 7419.03842  212 4765 8715.00000 7419.03842  14.9%  1904 41965s
 64114 43016 7419.13245  177 5102 8715.00000 7419.13245  14.9%  1904 42003s
 64115 43017 8237.20518  247 4982 8715.00000 7419.19999  14.9%  1904 42005s
 64118 43019 7758.15254  514 4969 8715.00000 7419.23691  14.9%  1904 42041s
 64119 43019 7890.20548  314 5063 8715.00000 7419.35400  14.9%  1904 42045s
 64123 43022 7645.81240  425 5087 8715.00000 7419.40658  14.9%  1903 42082s
 64125 43023 8277.13078  316 5102 8715.00000 7419.45153  14.9%  1903 42085s
 64128 43025 7790.00426  577 5037 8715.00000 7419.46867  14.9%  1903 42121s
 64130 43027 7419.48997  496 4865 8715.00000 7419.48997  14.9%  1903 42157s
 64133 43029 7419.56125  125 4959 8715.00000 7419.56125  14.9%  1903 42195s
 64136 43031 7941.88793  481 4949 8715.00000 7419.61761  14.9%  1903 42234s
 64137 43031 7419.63600  213 4962 8715.00000 7419.63600  14.9%  1903 42235s
 64141 43034 8441.61057  300 4873 8715.00000 7419.66678  14.9%  1903 42272s
 64143 43035 8415.97442  328 4760 8715.00000 7419.71302  14.9%  1903 42275s
 64147 43038 8365.74055  701 4923 8715.00000 7419.74092  14.9%  1903 42311s
 64149 43039 8587.83211  782 4916 8715.00000 7419.87122  14.9%  1903 42315s
 64152 43041 7599.91604  490 5035 8715.00000 7419.89859  14.9%  1903 42349s
 64153 43042 7419.97821  144 4837 8715.00000 7419.97821  14.9%  1903 42351s
 64157 43045 7420.03385  163 5003 8715.00000 7420.03385  14.9%  1902 42390s
 64159 43046 7420.40101  154 4837 8715.00000 7420.40101  14.9%  1902 42396s
 64162 43048 7420.43339  245 4926 8715.00000 7420.43339  14.9%  1902 42435s
 64164 43049 7570.28454  275 4946 8715.00000 7420.63833  14.9%  1902 42440s
 64166 43051 7420.66499  257 4747 8715.00000 7420.66499  14.9%  1902 42478s
 64167 43051 7420.74128  179 4744 8715.00000 7420.74128  14.9%  1902 42481s
 64171 43054 7420.78649  413 4944 8715.00000 7420.78649  14.9%  1902 42518s
 64172 43055 7420.83151  194 4923 8715.00000 7420.83151  14.8%  1902 42520s
 64175 43057 7420.87716  213 4840 8715.00000 7420.87716  14.8%  1902 42559s
 64176 43057 7420.89264  294 4902 8715.00000 7420.89264  14.8%  1902 42560s
 64178 43059 7420.89988  109 4885 8715.00000 7420.89988  14.8%  1902 42598s
 64181 43061 7420.95888  324 4826 8715.00000 7420.95888  14.8%  1902 42600s
 64183 43062 7420.96683  180 4892 8715.00000 7420.96683  14.8%  1902 42636s
 64185 43063 7421.08313   92 4864 8715.00000 7421.08313  14.8%  1902 42640s
 64187 43065 7674.45829  587 4939 8715.00000 7421.09779  14.8%  1902 42674s
 64188 43065 8186.46805  781 4716 8715.00000 7421.16266  14.8%  1902 42677s
 64189 43066 7505.37009  588 4716 8715.00000 7421.16290  14.8%  1902 42834s
 64190 43070 7421.17789  110 4685 8715.00000 7421.16297  14.8%  1911 43052s
 64192 43073 7422.27486  111 4525 8715.00000 7421.17789  14.8%  1911 43095s
 64196 43080 7422.58745  112 4515 8715.00000 7422.27629  14.8%  1912 43170s
 64204 43093 7422.66191  113 4553 8715.00000 7422.58745  14.8%  1913 43241s
 64220 43101 7428.10340  114 4463 8715.00000 7422.66191  14.8%  1917 43386s
 64233 43122 7462.48636  115 3788 8715.00000 7422.66191  14.8%  1920 43525s
 64259 43252 7468.78266  116 3874 8715.00000 7422.66191  14.8%  1925 43655s
 64397 43238 7473.84709  121 3739 8715.00000 7422.66191  14.8%  1931 43699s
 64429 43262 7472.68012  120 3719 8715.00000 7422.66191  14.8%  1933 43733s
 64464 43282 7474.47195  121 3934 8715.00000 7422.66191  14.8%  1935 43775s
 64496 43333 7474.93853  122 3815 8715.00000 7422.66191  14.8%  1935 43812s
 64557 43343 7475.23064  123 3902 8715.00000 7422.66191  14.8%  1936 43848s
 64588 43371 7462.02713  126 3871 8715.00000 7422.66191  14.8%  1936 43885s
 64626 43390 7476.05195  124 3816 8715.00000 7422.66191  14.8%  1937 43915s
 64658 43425 7476.42436  125 3942 8715.00000 7422.66191  14.8%  1937 43957s
 64703 43477 7476.46847  126 3941 8715.00000 7422.66191  14.8%  1937 43995s
 64770 43532 7477.35619  127 3946 8715.00000 7422.66191  14.8%  1937 44026s
 64848 43586 7477.41697  128 3893 8715.00000 7422.66191  14.8%  1937 44079s
 64928 43640 7481.08279  127 3873 8715.00000 7422.66191  14.8%  1937 44126s
 65008 43703 7478.03910  129 3849 8715.00000 7422.66191  14.8%  1938 44158s
 65098 43759 7478.90288  134 3790 8715.00000 7422.66191  14.8%  1938 44193s
 65184 43859 7484.20269  138 3624 8715.00000 7422.66191  14.8%  1938 44228s
 65313 43962 7484.51682  139 3653 8715.00000 7422.66191  14.8%  1937 44266s
 65459 44069 7485.94374  144 3432 8715.00000 7422.66191  14.8%  1937 44304s
 65614 44180 7468.81634  160 4052 8715.00000 7422.66191  14.8%  1936 44346s
 65777 44262 7491.88405  147 3532 8715.00000 7422.66191  14.8%  1934 44390s
 65913 44372 7472.78012  174 3915 8715.00000 7422.66191  14.8%  1935 44430s
 66069 44439 7492.76014  148 3402 8715.00000 7422.66191  14.8%  1934 44474s
 66188 44564 7475.08345  182 3755 8715.00000 7422.66191  14.8%  1935 44518s
 66352 44681 7498.61768  150 3504 8715.00000 7422.66191  14.8%  1935 44570s
 66524 44774 7496.68079  153 3609 8715.00000 7422.66191  14.8%  1934 44618s
 66674 44881 7497.74452  154 3529 8715.00000 7422.66191  14.8%  1934 44668s
 66831 45011 7498.78700  159 3529 8715.00000 7422.66191  14.8%  1935 44720s
 67014 44982 7500.08366  162 3407 8715.00000 7422.66191  14.8%  1936 44764s
 67046 45005 7500.42904  163 3517 8715.00000 7422.66191  14.8%  1936 44876s
 67079 45031 7577.69680  161 3273 8715.00000 7422.66191  14.8%  1937 44982s
 67116 45057 7526.38977  164 3367 8715.00000 7422.66191  14.8%  1938 45031s
 67155 45081 7528.08528  163 3472 8715.00000 7422.66191  14.8%  1939 45100s
 67192 45109 7503.04473  164 3421 8715.00000 7422.66191  14.8%  1939 45154s
 67232 45136 7519.11622  162 3355 8715.00000 7422.66191  14.8%  1940 45207s
 67272 45168 7503.11490  165 3467 8715.00000 7422.66191  14.8%  1940 45268s
 67318 45196 7503.65727  166 3391 8715.00000 7422.66191  14.8%  1940 45316s
 67361 45220 7503.93304  167 3395 8715.00000 7422.66191  14.8%  1940 45366s
 67399 45249 7504.05886  168 3369 8715.00000 7422.66191  14.8%  1940 45413s
 67441 45276 7504.75443  169 3375 8715.00000 7422.66191  14.8%  1940 45462s
 67482 45298 7505.26889  170 3467 8715.00000 7422.66191  14.8%  1940 45520s
 67518 45329 7511.99312  169 3401 8715.00000 7422.66191  14.8%  1940 45573s
 67561 45395 7506.98820  171 3369 8715.00000 7422.66191  14.8%  1941 45633s
 67641 45521 7505.45275  171 3454 8715.00000 7422.66191  14.8%  1942 45697s
 67794 45543 7505.54306  172 3431 8715.00000 7422.66191  14.8%  1941 45932s
 67867 45791 7506.78438  173 3298 8715.00000 7422.66191  14.8%  1941 46018s
 68139 46017 7513.61187  173 3308 8715.00000 7422.66191  14.8%  1940 46106s
 68456 45950 7506.94349  174 3256 8715.00000 7422.66191  14.8%  1941 46179s
 68494 46119 7507.20269  175 3196 8715.00000 7422.66191  14.8%  1941 46254s
 68676 46429 7509.36041  178 3238 8715.00000 7422.66191  14.8%  1942 46340s
 69049 46518 7511.83407  183 3308 8715.00000 7422.66191  14.8%  1941 46422s
 69262 46505 7525.75842  183 2918 8715.00000 7422.66191  14.8%  1943 46490s
 69320 46556 7518.20529  190 3451 8715.00000 7422.66191  14.8%  1945 46565s
H69383 44373                    8714.0000000 7422.66191  14.8%  1946 46565s
 69390 44877 7518.82148  192 3431 8714.00000 7422.66191  14.8%  1946 46671s
 69897 45194 7572.78760  190 3084 8714.00000 7422.66191  14.8%  1946 46776s
 70391 45520 7536.40491  194 3421 8714.00000 7422.66191  14.8%  1947 46883s
 70930 45949 7544.57478  193 3167 8714.00000 7422.66191  14.8%  1946 47007s
 71584 46283 7542.43659  200 3155 8714.00000 7422.66191  14.8%  1942 47118s
 72149 46785 7540.20187  205 3358 8714.00000 7422.66191  14.8%  1942 47232s
 72885 47209 7545.27896  209 3309 8714.00000 7422.66191  14.8%  1937 47364s
H73587 45054                    8713.0000000 7422.66191  14.8%  1933 47443s
 73720 45682 7545.33063  209 3250 8713.00000 7422.66191  14.8%  1933 47570s
 74436 46086 7608.37913  210 2954 8713.00000 7422.66191  14.8%  1930 47706s
 75103 46637 7553.74532  221 3293 8713.00000 7422.66191  14.8%  1927 47848s
 75914 47144 7558.28369  233 3401 8713.00000 7422.66191  14.8%  1923 47987s
 76723 47675 7558.43573  234 3386 8713.00000 7422.66191  14.8%  1920 48130s
 77559 48254 7560.24265  236 3341 8713.00000 7425.27642  14.8%  1917 48277s
 78501 48407 7644.07786  245 3169 8713.00000 7425.27642  14.8%  1910 48415s
 79015 48901 7566.70233  251 3439 8713.00000 7425.27642  14.8%  1911 48574s
 79776 49461 7582.95234  253 3159 8713.00000 7425.27642  14.8%  1910 48738s
 80592 49405 7576.04946  265 3400 8713.00000 7425.27642  14.8%  1909 48851s
 80848 50058 7577.58775  266 3295 8713.00000 7425.27642  14.8%  1909 49014s
 81586 50717 7581.27033  270 3271 8713.00000 7425.27642  14.8%  1909 49188s
 82495 51369 7591.64331  275 3398 8713.00000 7425.27642  14.8%  1909 49370s
H82689 49353                    8711.0000000 7425.27642  14.8%  1908 49370s
 83510 50073 7594.64573  284 3123 8711.00000 7425.27642  14.8%  1906 49565s
 84539 50502 7601.90716  292 3348 8711.00000 7425.27642  14.8%  1905 49745s
H84547 48646                    8710.0000000 7425.27642  14.7%  1905 49745s
H85349 46613                    8704.0000000 7425.27642  14.7%  1906 49887s
H85360 44919                    8703.0000000 7425.27642  14.7%  1906 49887s
H85361 43127                    8693.0000000 7425.27642  14.6%  1906 49887s
 85381 43937 7619.52000  296 3288 8693.00000 7425.27642  14.6%  1906 50102s
 86236 44710 7663.28729  300 3327 8693.00000 7425.27642  14.6%  1908 50314s
 87319 45382 7692.24626  304 3401 8693.00000 7425.27642  14.6%  1908 50560s
H87549 43769                    8692.0000000 7425.27642  14.6%  1908 50560s
 88489 44380 7626.33955  310 3222 8692.00000 7425.27642  14.6%  1907 50794s
 89495 45074 7632.69708  316 3105 8692.00000 7425.27642  14.6%  1910 51036s
 90538 45289 7638.64718  319 3207 8692.00000 7425.27642  14.6%  1912 51229s
H90547 43775                    8688.0000000 7425.27642  14.5%  1913 51229s
 91117 44605 7660.16166  322 3060 8688.00000 7425.27642  14.5%  1911 51496s
 92207 45652 7674.24805  338 3038 8688.00000 7425.27642  14.5%  1916 51845s
 93647 46327 7664.68315  343 3125 8688.00000 7425.27642  14.5%  1922 52153s
 94831 47032 7723.36975  345 3087 8688.00000 7425.27642  14.5%  1927 52450s
 95961 48062 7687.14002  350 3103 8688.00000 7425.27642  14.5%  1932 52782s
 97446 48630 7744.18591  360 3029 8688.00000 7425.27642  14.5%  1936 53091s
 98525 50178 7720.86834  370 3142 8688.00000 7425.27642  14.5%  1940 53437s
 100464 50804 7731.13169  373 2983 8688.00000 7425.27642  14.5%  1936 53753s
 101860 51800 7737.77985  380 3228 8688.00000 7425.27642  14.5%  1934 54129s
 103369 51562 7753.77966  390 3053 8688.00000 7425.27642  14.5%  1941 54405s
 103648 51526 7844.47823  391 2942 8688.00000 7425.27642  14.5%  1945 54655s
 103705 52907 7757.58260  395 3043 8688.00000 7425.27642  14.5%  1946 55038s
 105181 53952 7774.95280  414 2726 8688.00000 7425.27642  14.5%  1951 55453s
 106749 55348 7790.07072  424 2952 8688.00000 7425.27642  14.5%  1957 55913s
 108730 56695 7812.78286  440 3047 8688.00000 7425.27642  14.5%  1964 56392s
 110830 57940 7832.03084  452 3139 8688.00000 7425.27642  14.5%  1972 56886s
 113070 59329 7866.50476  469 2961 8688.00000 7425.27642  14.5%  1976 57352s
 115208 59158 7869.13669  487 2835 8688.00000 7425.27642  14.5%  1979 57709s
H115681 57581                    8685.0000000 7425.27642  14.5%  1978 57709s
 115767 59850 7881.51134  489 2622 8685.00000 7425.27642  14.5%  1979 58239s
H117501 57857                    8680.0000000 7425.27642  14.5%  1975 58239s
 118137 59670 7886.46081  508 2670 8680.00000 7425.27642  14.5%  1981 58779s
 120270 60747 7934.02825  528 2647 8680.00000 7425.27642  14.5%  1990 59276s
 122082 63289 7957.04719  542 2597 8680.00000 7425.27642  14.5%  1995 59920s
 125324 62240 8284.24589  580 2432 8680.00000 7425.27642  14.5%  1996 60243s
 125359 62256 7998.46264  578 2370 8680.00000 7425.27642  14.5%  1996 60662s
 125395 62275 8018.88602  579 2315 8680.00000 7425.27642  14.5%  1997 61211s
 125428 62293 8018.65337  577 2269 8680.00000 7425.27642  14.5%  1997 61773s
H125463 60956                    8676.0000000 7425.27642  14.4%  1997 62379s
 125547 63105 8054.83944  575 2203 8676.00000 7425.27642  14.4%  1997 63118s
 127910 65749 8096.27950  592 2376 8676.00000 7428.27686  14.4%  2003 63804s
H128106 64356                    8672.0000000 7428.27686  14.3%  2005 63804s
 131407 63637 7862.07276  623 2809 8672.00000 7428.27686  14.3%  1998 63805s
 131592 65185 infeasible  604      8672.00000 7428.27686  14.3%  1999 64446s
 133222 68891 7913.44776  161 2720 8672.00000 7428.27686  14.3%  1996 65160s
 137021 71432 8238.16739  268 2487 8672.00000 7428.27686  14.3%  1987 65798s
 139641 74886 8622.52092  389 2333 8672.00000 7428.27686  14.3%  1988 66543s
 143271 78124 7625.89136  181 3110 8672.00000 7428.27686  14.3%  1989 67258s
 146769 81740 7814.49214  271 3038 8672.00000 7428.27686  14.3%  1982 68012s
 150656 84406 7446.52099  151 4142 8672.00000 7428.27686  14.3%  1982 68661s
 153394 88642 7491.62401  243 3740 8672.00000 7428.27686  14.3%  1983 69712s
 158012 91218 7569.03989  375 3443 8672.00000 7428.28482  14.3%  1991 70351s
 160670 94168 7622.73938  456 3115 8672.00000 7428.28482  14.3%  1996 71076s
 163709 94733 7733.87925  582 2961 8672.00000 7428.28482  14.3%  2007 71628s
 164312 97836 7766.47317  614 2832 8672.00000 7428.28482  14.3%  2011 72451s
 167626 100968 7531.30955  151 3196 8672.00000 7428.28482  14.3%  2022 73291s
 170901 103369 7603.14359  275 3207 8672.00000 7428.28482  14.3%  2029 74044s
 173321 106524 7700.87666  379 3181 8672.00000 7428.28482  14.3%  2043 74884s
 174104 106524 7670.97652  337 2612 8672.00000 7428.28482  14.3%  2045 74885s
 176498 109818 7866.31860  522 2937 8672.00000 7428.28482  14.3%  2056 75677s
 179868 113844 7490.00632  143 3787 8672.00000 7428.28482  14.3%  2064 76465s
 183936 117687 7559.55500  266 3276 8672.00000 7428.28482  14.3%  2070 77303s
 187993 121249 7686.31181  373 3330 8672.00000 7428.28482  14.3%  2075 78021s
 191725 124109 7808.91399  492 3205 8672.00000 7428.28482  14.3%  2080 78633s
 194839 127548 8091.09847  582 3284 8672.00000 7428.28482  14.3%  2082 79313s
 198422 130207 8625.58268  729 2461 8672.00000 7428.28482  14.3%  2086 79921s
 201246 133133 7480.04867  149 3632 8672.00000 7428.92848  14.3%  2090 80596s
 204407 135402 7656.36150  221 2900 8672.00000 7428.92848  14.3%  2097 81232s
 206807 139880 7772.96768  305 2647 8672.00000 7429.10368  14.3%  2102 81941s
 211756 142926 8297.64170  470 1424 8672.00000 7429.10368  14.3%  2097 82522s
 215067 145834 7550.07961  163 3703 8672.00000 7429.10368  14.3%  2093 83390s
 218150 149544 8087.82688  261 2474 8672.00000 7429.10368  14.3%  2099 84294s
 222007 153096 7523.94831  129 3645 8672.00000 7429.10368  14.3%  2101 85087s
 225717 155495 7560.70925  188 3635 8672.00000 7429.10368  14.3%  2107 85794s
 228268 157118 7555.66047  217 3635 8672.00000 7429.10368  14.3%  2116 86400s

Cutting planes:
  Learned: 2
  Gomory: 125
  Cover: 2138
  Implied bound: 49
  Projected implied bound: 10
  Clique: 147
  MIR: 838
  Mixing: 2
  StrongCG: 500
  Flow cover: 5232
  GUB cover: 446
  Zero half: 601
  Mod-K: 15
  RLT: 2285
  Relax-and-lift: 149
  BQP: 1

Explored 229950 nodes (488749300 simplex iterations) in 86400.51 seconds (116660.37 work units)
Thread count was 32 (of 128 available processors)

Solution count 10: 8672 8676 8680 ... 8710

Time limit reached
Best objective 8.672000000000e+03, best bound 7.430000000000e+03, gap 14.3220%
Solved c201_Skewed1 -> /project2/ssuen_1733/output/v3-balance-hours/c201_Skewed1.pkl / .json
[Wed Dec 17 15:52:04 PST 2025] Finished run_single_instance for c201_Skewed1
