==========================================
SLURM_JOB_ID = 5322915
SLURM_JOB_NODELIST = a04-17
TMPDIR = /tmp/SLURM_5322915
==========================================
Using Python:
Python 3.10.18
Checking core dependencies:
numpy: 2.2.6
gurobi: (12, 0, 3)
[Tue Dec 16 16:46:38 PST 2025] Starting run_single_instance on a04-17.hpc.usc.edu for r101_Skewed1
Set parameter TokenServer to value "hpc-licenses.hpcc.usc.edu"
Set parameter TimeLimit to value 86400
Set parameter Seed to value 42
Set parameter OutputFlag to value 1
Gurobi Optimizer version 12.0.3 build v12.0.3rc0 (linux64 - "Rocky Linux 8.10 (Green Obsidian)")

CPU model: AMD EPYC 7513 32-Core Processor, instruction set [SSE2|AVX|AVX2]
Thread count: 64 physical cores, 64 logical processors, using up to 32 threads

Non-default parameters:
TimeLimit  86400
Seed  42

Optimize a model with 703650 rows, 728000 columns and 7279600 nonzeros
Model fingerprint: 0xd3d352c7
Variable types: 0 continuous, 728000 integer (727500 binary)
Coefficient statistics:
  Matrix range     [1e+00, 1e+03]
  Objective range  [1e+00, 9e+01]
  Bounds range     [1e+00, 5e+01]
  RHS range        [1e+00, 1e+03]
Presolve removed 678000 rows and 698355 columns
Presolve time: 1.56s
Presolved: 25650 rows, 29645 columns, 218850 nonzeros
Variable types: 0 continuous, 29645 integer (29600 binary)
Performing another presolve...
Presolve removed 250 rows and 301 columns
Presolve time: 0.55s
Deterministic concurrent LP optimizer: primal and dual simplex
Showing primal log only...


Root simplex log...

Iteration    Objective       Primal Inf.    Dual Inf.      Time
   21765    6.1687962e+03   0.000000e+00   2.622029e+06      5s
Concurrent spin time: 0.00s

Solved with dual simplex

Root simplex log...

Iteration    Objective       Primal Inf.    Dual Inf.      Time
   16274    4.0990545e+03   0.000000e+00   0.000000e+00      5s

Root relaxation: objective 4.099054e+03, 16274 iterations, 1.95 seconds (2.68 work units)
Total elapsed time = 5.37s (DegenMoves)

    Nodes    |    Current Node    |     Objective Bounds      |     Work
 Expl Unexpl |  Obj  Depth IntInf | Incumbent    BestBd   Gap | It/Node Time

     0     0 4099.05448    0  799          - 4099.05448      -     -    5s
     0     0 4125.08931    0  959          - 4125.08931      -     -    7s
     0     0 4128.96994    0  898          - 4128.96994      -     -    7s
     0     0 4129.86352    0  958          - 4129.86352      -     -    8s
     0     0 4129.92208    0  965          - 4129.92208      -     -    8s
     0     0 4147.84343    0  993          - 4147.84343      -     -    9s
     0     0 4153.84465    0 1072          - 4153.84465      -     -   10s
     0     0 4155.78634    0 1102          - 4155.78634      -     -   10s
     0     0 4155.84959    0 1104          - 4155.84959      -     -   10s
     0     0 4155.89225    0 1153          - 4155.89225      -     -   10s
     0     0 4155.89522    0 1158          - 4155.89522      -     -   10s
     0     0 4200.86928    0 1043          - 4200.86928      -     -   13s
     0     0 4206.26031    0 1101          - 4206.26031      -     -   14s
     0     0 4206.50417    0 1177          - 4206.50417      -     -   14s
     0     0 4206.70140    0 1136          - 4206.70140      -     -   14s
     0     0 4206.70360    0 1142          - 4206.70360      -     -   14s
     0     0 4238.71833    0 1114          - 4238.71833      -     -   18s
     0     0 4240.33591    0 1070          - 4240.33591      -     -   19s
     0     0 4240.66740    0 1149          - 4240.66740      -     -   20s
     0     0 4240.81486    0 1198          - 4240.81486      -     -   20s
     0     0 4240.83742    0 1166          - 4240.83742      -     -   20s
     0     0 4260.80189    0 1243          - 4260.80189      -     -   23s
     0     0 4264.81365    0 1189          - 4264.81365      -     -   24s
     0     0 4264.94121    0 1182          - 4264.94121      -     -   25s
     0     0 4264.95818    0 1169          - 4264.95818      -     -   25s
     0     0 4283.84079    0 1263          - 4283.84079      -     -   27s
     0     0 4285.16596    0 1327          - 4285.16596      -     -   28s
     0     0 4285.26976    0 1370          - 4285.26976      -     -   29s
     0     0 4285.29705    0 1347          - 4285.29705      -     -   29s
     0     0 4295.70016    0 1363          - 4295.70016      -     -   31s
     0     0 4296.26325    0 1359          - 4296.26325      -     -   32s
     0     0 4296.29788    0 1370          - 4296.29788      -     -   32s
     0     0 4311.28818    0 1339          - 4311.28818      -     -   35s
     0     0 4312.87627    0 1484          - 4312.87627      -     -   37s
     0     0 4312.97325    0 1445          - 4312.97325      -     -   37s
     0     0 4312.98355    0 1437          - 4312.98355      -     -   37s
     0     0 4345.33497    0 1433          - 4345.33497      -     -   40s
     0     0 4347.70934    0 1444          - 4347.70934      -     -   42s
     0     0 4348.19675    0 1548          - 4348.19675      -     -   42s
     0     0 4348.25444    0 1564          - 4348.25444      -     -   43s
     0     0 4372.72814    0 1492          - 4372.72814      -     -   46s
     0     0 4373.91735    0 1530          - 4373.91735      -     -   47s
     0     0 4374.50362    0 1554          - 4374.50362      -     -   48s
     0     0 4374.57810    0 1570          - 4374.57810      -     -   48s
     0     0 4374.58191    0 1594          - 4374.58191      -     -   48s
     0     0 4386.57568    0 1469          - 4386.57568      -     -   52s
     0     0 4387.26691    0 1461          - 4387.26691      -     -   52s
     0     0 4387.37768    0 1501          - 4387.37768      -     -   53s
     0     0 4387.39172    0 1495          - 4387.39172      -     -   53s
     0     0 4398.59791    0 1510          - 4398.59791      -     -   56s
     0     0 4400.13711    0 1539          - 4400.13711      -     -   57s
     0     0 4400.22398    0 1554          - 4400.22398      -     -   58s
     0     0 4400.24946    0 1540          - 4400.24946      -     -   58s
     0     0 4406.55484    0 1481          - 4406.55484      -     -   60s
     0     0 4407.32240    0 1526          - 4407.32240      -     -   61s
     0     0 4407.46144    0 1585          - 4407.46144      -     -   61s
     0     0 4407.46158    0 1602          - 4407.46158      -     -   61s
     0     0 4413.31750    0 1568          - 4413.31750      -     -   64s
     0     0 4414.08894    0 1563          - 4414.08894      -     -   65s
     0     0 4414.15060    0 1596          - 4414.15060      -     -   65s
     0     0 4419.38214    0 1675          - 4419.38214      -     -   67s
     0     0 4419.90939    0 1702          - 4419.90939      -     -   68s
     0     0 4420.01703    0 1721          - 4420.01703      -     -   68s
     0     0 4420.02200    0 1716          - 4420.02200      -     -   68s
     0     0 4430.37286    0 1602          - 4430.37286      -     -   71s
     0     0 4431.31493    0 1642          - 4431.31493      -     -   72s
     0     0 4431.45427    0 1700          - 4431.45427      -     -   73s
     0     0 4431.51146    0 1747          - 4431.51146      -     -   73s
     0     0 4434.76071    0 1573          - 4434.76071      -     -   75s
     0     0 4435.59745    0 1653          - 4435.59745      -     -   76s
     0     0 4435.81307    0 1631          - 4435.81307      -     -   77s
     0     0 4435.85574    0 1658          - 4435.85574      -     -   77s
     0     0 4446.20030    0 1539          - 4446.20030      -     -   79s
     0     0 4447.05156    0 1683          - 4447.05156      -     -   80s
     0     0 4447.13660    0 1696          - 4447.13660      -     -   81s
     0     0 4449.95134    0 1593          - 4449.95134      -     -   82s
     0     0 4450.28437    0 1599          - 4450.28437      -     -   83s
     0     0 4450.48568    0 1605          - 4450.48568      -     -   83s
     0     0 4450.52730    0 1669          - 4450.52730      -     -   84s
     0     0 4452.12881    0 1638          - 4452.12881      -     -   85s
     0     0 4452.22214    0 1679          - 4452.22214      -     -   85s
     0     0 4456.52084    0 1645          - 4456.52084      -     -   87s
     0     0 4458.20126    0 1686          - 4458.20126      -     -   88s
     0     0 4458.31556    0 1680          - 4458.31556      -     -   89s
     0     0 4458.32491    0 1734          - 4458.32491      -     -   89s
     0     0 4467.49592    0 1596          - 4467.49592      -     -   91s
     0     0 4467.85570    0 1703          - 4467.85570      -     -   92s
     0     0 4468.07048    0 1684          - 4468.07048      -     -   92s
     0     0 4468.10057    0 1735          - 4468.10057      -     -   93s
     0     0 4472.64685    0 1588          - 4472.64685      -     -   95s
     0     0 4472.99133    0 1603          - 4472.99133      -     -   96s
     0     0 4473.07793    0 1634          - 4473.07793      -     -   96s
     0     0 4474.15738    0 1607          - 4474.15738      -     -   98s
     0     0 4475.00338    0 1658          - 4475.00338      -     -   98s
     0     0 4475.13118    0 1636          - 4475.13118      -     -   99s
     0     0 4475.14603    0 1646          - 4475.14603      -     -   99s
     0     0 4475.89271    0 1600          - 4475.89271      -     -  100s
     0     0 4475.98079    0 1656          - 4475.98079      -     -  100s
     0     0 4477.50920    0 1592          - 4477.50920      -     -  101s
     0     0 4477.68977    0 1593          - 4477.68977      -     -  102s
     0     0 4477.74529    0 1622          - 4477.74529      -     -  102s
     0     0 4479.04775    0 1660          - 4479.04775      -     -  103s
     0     0 4479.12818    0 1708          - 4479.12818      -     -  104s
     0     0 4479.43966    0 1683          - 4479.43966      -     -  104s
     0     0 4479.95558    0 1662          - 4479.95558      -     -  105s
     0     2 4480.25190    0 1645          - 4480.25190      -     -  108s
     1     5 4480.43508    1 1643          - 4480.25190      -   957  111s
     3     8 4480.72348    2 1562          - 4480.45994      -  2179  115s
    15    32 4481.90613    4 1587          - 4481.79767      -  2343  122s
    31    64 4482.48548    5 1660          - 4481.90660      -  2452  126s
    95   151 4482.77729    7 1663          - 4482.50750      -  1724  146s
   150   242 4483.93295    9 1647          - 4482.50750      -  1487  155s
   298   364 4488.46570   12 1501          - 4482.50750      -  1449  165s
   363   431 4556.73431   13 1494          - 4482.50750      -  1460  170s
   432   505 4487.84968   14 1561          - 4482.50750      -  1432  176s
   506   585 4488.65559   16 1544          - 4482.50750      -  1384  181s
   586   671 4491.73807   20 1572          - 4482.50750      -  1321  190s
   672   740 4527.12658   21 1405          - 4482.50750      -  1246  195s
   822   899 4492.57990   24 1561          - 4482.50750      -  1184  203s
   900   963 4501.17793   25 1468          - 4482.50750      -  1147  207s
   964  1038 4495.68999   26 1473          - 4482.50750      -  1134  211s
  1039  1116 4496.08668   27 1492          - 4482.50750      -  1115  215s
  1192  1262 4498.82998   32 1487          - 4482.50750      -  1088  224s
  1263  1336 4499.79615   35 1580          - 4482.50750      -  1090  231s
  1337  1415 4503.41694   37 1568          - 4482.50750      -  1100  236s
  1416  1501 4512.29092   38 1555          - 4482.50750      -  1102  241s
  1502  1586 4509.46337   39 1602          - 4482.50750      -  1102  247s
  1587  1685 4528.13418   40 1546          - 4482.50750      -  1103  253s
  1688  1791 4540.29076   42 1386          - 4482.50750      -  1098  260s
  1794  1926 4540.29076   43 1387          - 4482.50750      -  1092  266s
  1929  2047 4547.09446   47 1365          - 4482.50750      -  1073  271s
  2050  2177 4547.63776   48 1414          - 4482.50750      -  1063  278s
  2180  2331 4551.09796   51 1497          - 4482.50750      -  1055  284s
  2334  2494 4552.82870   54 1474          - 4482.50750      -  1036  290s
  2497  2618 4553.42001   59 1377          - 4482.50750      -  1019  298s
  2621  2739 4557.65373   64 1444          - 4482.50750      -  1023  305s
  2742  2888 4562.64836   68 1420          - 4482.50750      -  1032  313s
  2891  3083 4562.93475   71 1424          - 4482.50750      -  1028  320s
  3086  3272 4564.53684   82 1468          - 4482.50750      -  1010  332s
  3275  3404 4566.35153   85 1407          - 4482.50750      -  1007  344s
  3407  3516 4568.59468   91 1335          - 4482.50750      -  1027  354s
  3519  3628 4570.80627  100 1304          - 4482.50750      -  1053  368s
  3631  3757 4573.18773  104 1268          - 4482.50750      -  1079  377s
  3760  3929 4576.51372  113 1313          - 4482.50750      -  1093  388s
  3932  4092 4578.96271  121 1329          - 4482.50750      -  1097  399s
  4097  4262 4581.42133  126 1382          - 4482.50750      -  1106  409s
  4269  4565 4584.55430  129 1408          - 4482.50750      -  1118  420s
  4576  4906 4718.62555  149 1289          - 4482.50750      -  1096  430s
  4917  5218 4588.22783  149 1337          - 4482.50750      -  1063  444s
  5231  5532 4593.43408  164 1252          - 4482.50750      -  1045  455s
  5545  5783 4597.54677  174 1208          - 4482.50750      -  1029  469s
  5796  6148 4601.91575  176 1290          - 4482.50750      -  1031  480s
  6161  6509 4608.18189  191 1276          - 4482.50750      -  1011  491s
  6522  6869 4611.84226  201 1301          - 4482.50750      -   998  502s
  6894  7256 4616.77779  211 1294          - 4482.50750      -   984  514s
  7281  7593 4626.70943  223 1281          - 4482.50750      -   971  525s
  7618  8059 4634.43120  235 1306          - 4482.50750      -   968  537s
  8090  8516 4638.63754  251 1213          - 4482.50750      -   950  550s
  8561  8919 4647.25848  288 1274          - 4482.50750      -   935  563s
  8984  9331 4667.70226  312 1207          - 4482.50750      -   929  577s
  9396  9919 4668.43346  313 1260          - 4482.50750      -   927  593s
  9984 10433 4681.45831  355 1234          - 4482.50750      -   911  608s
 10500 11123 4703.47237  375 1218          - 4482.50750      -   904  623s
 11212 11783 4712.64162  422 1217          - 4482.50750      -   884  640s
 11872 12308 4728.21013  438 1251          - 4482.50750      -   872  657s
 12401 13011 4752.14307  441 1134          - 4482.50750      -   872  673s
 13104 13731 4811.88570  479 1184          - 4482.50750      -   862  689s
 13825 14627 4790.30260  486 1134          - 4482.50750      -   851  706s
 14732 14628 4579.32877  105 13224          - 4482.50750      -   834  746s
H14733 13897                    16739.000000 4482.50750  73.2%   833  753s
H14734 13202                    16738.000000 4482.50750  73.2%   833  756s
H14734 12542                    16710.000000 4482.50750  73.2%   833  756s
H14734 11915                    16304.000000 4482.50750  72.5%   833  756s
H14734 11319                    14574.000000 4482.50750  69.2%   833  756s
H14734 10753                    14414.000000 4482.50750  68.9%   833  756s
H14734 10215                    14392.000000 4482.50750  68.9%   833  756s
 14737 10217 4695.68422  117 1227 14392.0000 4482.50750  68.9%   833  762s
 14738 10218 4726.09299   81 1303 14392.0000 4482.50750  68.9%   833  765s
 14740 10219 4669.18300   19 1496 14392.0000 4482.50750  68.9%   833  773s
 14741 10220 5023.49223  600 1547 14392.0000 4482.50750  68.9%   833  778s
 14742 10221 4802.81367  195 1670 14392.0000 4492.46535  68.8%   833  783s
 14743 10221 4646.43892   68 1775 14392.0000 4497.68916  68.7%   833  786s
 14745 10223 4905.76051  161 1712 14392.0000 4509.58135  68.7%   833  790s
 14752 10227 4716.95935    8 1616 14392.0000 4515.10627  68.6%   832  797s
H14752  9715                    14270.000000 4561.57634  68.0%   832  804s
H14752  9229                    14269.000000 4561.57634  68.0%   832  804s
H14752  8767                    14133.000000 4561.57634  67.7%   832  804s
H14752  8329                    14089.000000 4561.57634  67.6%   832  804s
H14752  7912                    13596.000000 4561.57634  66.4%   832  804s
H14752  7516                    13537.000000 4561.57634  66.3%   832  804s
H14752  7140                    13489.000000 4561.57634  66.2%   832  804s
H14752  6782                    13410.000000 4561.57634  66.0%   832  804s
H14752  6443                    13276.000000 4561.57634  65.6%   832  804s
H14752  6120                    13262.000000 4561.57634  65.6%   832  804s
H14752  5814                    13046.000000 4561.57634  65.0%   832  804s
H14752  5523                    12997.000000 4561.57634  64.9%   832  804s
H14752  5246                    12919.000000 4561.57634  64.7%   832  804s
H14752  4984                    12865.000000 4561.57634  64.5%   832  804s
H14752  4734                    12844.000000 4561.57634  64.5%   832  804s
H14752  4497                    12810.000000 4561.57634  64.4%   832  804s
H14752  4272                    12800.000000 4561.57634  64.4%   832  804s
H14752  4058                    12685.000000 4561.57634  64.0%   832  804s
H14752  3855                    12645.000000 4561.57634  63.9%   832  804s
H14752  3661                    12644.000000 4561.57634  63.9%   832  804s
H14752  3478                    12593.000000 4561.57634  63.8%   832  804s
H14752  3304                    12413.000000 4561.57634  63.3%   832  805s
H14752  3138                    12399.000000 4561.57634  63.2%   832  805s
 14755  3140 4840.95953  192 1756 12399.0000 4584.10786  63.0%   832  813s
 14756  3141 4590.12199   13 1703 12399.0000 4587.29015  63.0%   832  815s
 14763  3146 4713.96753   90 1787 12399.0000 4588.59551  63.0%   832  820s
H14763  2988                    12397.000000 4639.89263  62.6%   832  828s
H14763  2838                    11701.000000 4639.89263  60.3%   832  828s
H14763  2696                    11695.000000 4639.89263  60.3%   832  828s
H14763  2561                    11693.000000 4639.89263  60.3%   832  828s
H14763  2432                    11676.000000 4639.89263  60.3%   832  828s
H14763  2310                    11654.000000 4639.89263  60.2%   832  828s
 14765  2311 4813.50631  183 1702 11654.0000 4665.33857  60.0%   832  834s
 14766  2312 4892.90209  540 1867 11654.0000 4670.57460  59.9%   832  838s
 14768  2313 4843.36395  347 1891 11654.0000 4672.64692  59.9%   832  841s
H14773  2199                    11525.000000 4719.69348  59.0%   831  851s
H14773  2089                    11084.000000 4719.69348  57.4%   831  851s
H14773  1984                    10953.000000 4719.69348  56.9%   831  851s
H14773  1884                    10927.000000 4719.69348  56.8%   831  851s
H14773  1789                    10919.000000 4719.69348  56.8%   831  851s
H14773  1699                    10913.000000 4719.69348  56.8%   831  851s
H14773  1613                    10903.000000 4719.69348  56.7%   831  851s
H14773  1532                    10879.000000 4719.69348  56.6%   831  851s
H14773  1454                    10877.000000 4719.69348  56.6%   831  851s
H14773  1381                    10872.000000 4719.69348  56.6%   831  851s
 14775  1383 4775.08775  234 1756 10872.0000 4725.68136  56.5%   831  855s
 14779  1385 4950.91402  487 1832 10872.0000 4729.07978  56.5%   831  860s
H14781  1317                    10856.000000 4756.46102  56.2%   831  869s
H14781  1250                    10716.000000 4756.46102  55.6%   831  869s
H14781  1187                    10638.000000 4756.46102  55.3%   831  869s
H14781  1127                    10594.000000 4756.46102  55.1%   831  869s
H14781  1069                    10586.000000 4756.46102  55.1%   831  869s
H14781  1015                    10563.000000 4756.46102  55.0%   831  869s
H14781   964                    10532.000000 4756.46102  54.8%   831  869s
 14783   965 4773.86762  101 1944 10532.0000 4761.13686  54.8%   831  872s
 14785   966 4765.25421   98 1934 10532.0000 4761.94660  54.8%   831  875s
H14790   920                    10455.000000 4777.27502  54.3%   830  886s
H14790   873                    9876.0000000 4777.27502  51.6%   830  886s
H14790   828                    9872.0000000 4777.27502  51.6%   830  886s
H14790   786                    9869.0000000 4777.27502  51.6%   830  886s
H14790   746                    9860.0000000 4777.27502  51.5%   830  886s
H14790   708                    9797.0000000 4777.27502  51.2%   830  886s
H14790   671                    9788.0000000 4777.27502  51.2%   830  886s
H14790   637                    9782.0000000 4777.27502  51.2%   830  886s
H14790   604                    9756.0000000 4777.27502  51.0%   830  886s
 14792   605 4829.59667   93 2137 9756.00000 4781.62185  51.0%   830  891s
 14797   608 4782.59141  321 1959 9756.00000 4782.59141  51.0%   830  895s
H14799   578                    9733.0000000 4799.94759  50.7%   830  904s
H14799   548                    9686.0000000 4799.94759  50.4%   830  904s
 14801   549 4829.50440   76 1935 9686.00000 4802.31922  50.4%   830  907s
 14803   550 4803.38544   36 2012 9686.00000 4803.38544  50.4%   830  910s
 14811   556 4803.53126   11 2070 9686.00000 4803.53126  50.4%   829  915s
H14811   527                    9685.0000000 4816.35556  50.3%   829  922s
H14811   499                    9511.0000000 4816.35556  49.4%   829  922s
H14811   473                    9502.0000000 4816.35556  49.3%   829  922s
H14811   448                    9318.0000000 4816.35556  48.3%   829  922s
H14811   424                    9294.0000000 4816.35556  48.2%   829  922s
H14811   402                    9268.0000000 4816.35556  48.0%   829  923s
H14811   380                    9248.0000000 4816.35556  47.9%   829  923s
H14811   360                    9218.0000000 4816.35556  47.8%   829  923s
H14811   341                    9134.0000000 4816.35556  47.3%   829  923s
H14811   322                    9128.0000000 4816.35556  47.2%   829  924s
H14811   305                    9023.0000000 4816.35556  46.6%   829  924s
H14811   288                    9008.0000000 4816.35556  46.5%   829  924s
H14811   273                    8992.0000000 4816.35556  46.4%   829  924s
H14811   258                    8937.0000000 4816.35556  46.1%   829  924s
H14811   243                    8922.0000000 4816.35556  46.0%   829  924s
H14811   230                    8913.0000000 4816.35556  46.0%   829  924s
H14811   217                    8881.0000000 4816.35556  45.8%   829  924s
H14811   205                    8877.0000000 4816.35556  45.7%   829  924s
H14811   193                    8767.0000000 4816.35556  45.1%   829  924s
H14811   182                    8759.0000000 4816.35556  45.0%   829  924s
H14811   172                    8744.0000000 4816.35556  44.9%   829  924s
H14811   162                    8722.0000000 4816.35556  44.8%   829  924s
H14811   153                    8659.0000000 4816.35556  44.4%   829  924s
H14811   144                    8576.0000000 4816.35556  43.8%   829  925s
H14811   135                    8574.0000000 4816.35556  43.8%   829  925s
H14811   127                    8546.0000000 4816.35556  43.6%   829  925s
H14811   119                    8540.0000000 4816.35556  43.6%   829  925s
H14811   112                    8486.0000000 4816.35556  43.2%   829  925s
H14811   105                    8473.0000000 4816.35556  43.2%   829  925s
H14811    99                    8422.0000000 4816.35556  42.8%   829  925s
H14811    92                    8405.0000000 4816.35556  42.7%   829  925s
H14811    86                    8285.0000000 4816.35556  41.9%   829  925s
H14811    81                    8173.0000000 4816.35556  41.1%   829  925s
 14814    83 4822.24227  176 2141 8173.00000 4822.24227  41.0%   829  932s
 14818    85 4823.00682   34 2177 8173.00000 4823.00682  41.0%   829  935s
H14820    81                    8114.0000000 4835.17120  40.4%   829  945s
H14820    75                    8095.0000000 4835.17120  40.3%   829  945s
 14823    77 4838.38879   33 2138 8095.00000 4838.38879  40.2%   828  951s
 14830    81 4838.73675  136 2284 8095.00000 4838.73675  40.2%   828  956s
H14830    76                    8092.0000000 4847.74115  40.1%   828  962s
H14830    70                    7976.0000000 4847.74115  39.2%   828  963s
H14830    65                    7975.0000000 4847.74115  39.2%   828  963s
H14830    60                    7974.0000000 4847.74115  39.2%   828  963s
 14832    62 4850.97162  105 2285 7974.00000 4850.97162  39.2%   828  967s
 14833    62 4851.91907  128 2400 7974.00000 4851.91907  39.2%   828  970s
 14838    66 4852.44008   81 2274 7974.00000 4852.44008  39.1%   828  975s
H14838    61                    7953.0000000 4862.49558  38.9%   828  981s
 14840    62 4865.15581   19 2292 7953.00000 4865.15581  38.8%   827  986s
 14842    63 4866.31062  195 2343 7953.00000 4866.31062  38.8%   827  990s
H14848    62                    7809.0000000 4873.67500  37.6%   827 1001s
H14848    57                    7795.0000000 4873.67500  37.5%   827 1001s
H14848    52                    7779.0000000 4873.67500  37.3%   827 1001s
 14850    54 4875.53698  146 2284 7779.00000 4875.53698  37.3%   827 1005s
 14858    59 4876.22802  402 2217 7779.00000 4876.22802  37.3%   826 1012s
H14858    54                    7773.0000000 4883.84403  37.2%   826 1019s
H14858    49                    7742.0000000 4883.84403  36.9%   826 1019s
H14858    44                    7706.0000000 4883.84403  36.6%   826 1019s
H14858    40                    7683.0000000 4883.84403  36.4%   826 1019s
H14858    36                    7625.0000000 4883.84403  35.9%   826 1019s
H14858    32                    7604.0000000 4883.84403  35.8%   826 1019s
 14860    33 4885.65414  175 2393 7604.00000 4885.65414  35.7%   826 1023s
 14861    34 4886.46068   15 2398 7604.00000 4886.46068  35.7%   826 1025s
 14868    39 4886.84998  347 2523 7604.00000 4886.84998  35.7%   826 1031s
H14868    35                    7578.0000000 4893.75949  35.4%   826 1039s
H14868    31                    7555.0000000 4893.75949  35.2%   826 1041s
H14868    27                    7551.0000000 4893.75949  35.2%   826 1044s
H14868    23                    7549.0000000 4893.75949  35.2%   826 1045s
H14868    20                    7464.0000000 4893.75949  34.4%   826 1047s
H14868    17                    7399.0000000 4893.75949  33.9%   826 1048s
H14868    13                    7351.0000000 4893.75949  33.4%   826 1048s
H14868    11                    7319.0000000 4893.75949  33.1%   826 1049s
H14868     8                    7295.0000000 4893.75949  32.9%   826 1049s
H14868     5                    7277.0000000 4893.75949  32.8%   826 1056s
H14868     3                    7276.0000000 4893.75949  32.7%   826 1056s
H14868     0                    7274.0000000 4893.75949  32.7%   826 1056s
H14868     0                    7268.0000000 4893.75949  32.7%   826 1056s
H14868     0                    7234.0000000 4893.75949  32.4%   826 1056s
H14868     0                    7229.0000000 4893.75949  32.3%   826 1058s
H14868     0                    7223.0000000 4893.75949  32.2%   826 1058s
H14868     0                    7219.0000000 4893.75949  32.2%   826 1058s
H14868     0                    7186.0000000 4893.75949  31.9%   826 1058s
H14868     0                    7163.0000000 4893.75949  31.7%   826 1058s
H14868     0                    7159.0000000 4893.75949  31.6%   826 1059s
 14869     0 4893.75949  145 2437 7159.00000 4893.75949  31.6%   826 1063s
 14870     0 4939.50387  208 2514 7159.00000 4895.98429  31.6%   826 1068s
 14871     0 4896.70228  203 2478 7159.00000 4896.70228  31.6%   826 1071s
 14875     0 4897.28258  234 2633 7159.00000 4897.28258  31.6%   826 1075s
H14879     0                    7155.0000000 4908.24043  31.4%   825 1087s
H14879     0                    7146.0000000 4908.24043  31.3%   825 1087s
H14879     0                    7130.0000000 4908.24043  31.2%   825 1087s
H14879     0                    7126.0000000 4908.24043  31.1%   825 1087s
 14881     0 4911.27091   80 2504 7126.00000 4911.27091  31.1%   825 1092s
 14882     0 4911.89577  348 2517 7126.00000 4911.89577  31.1%   825 1095s
 14889     0 4912.27004   42 2560 7126.00000 4912.27004  31.1%   825 1103s
 14890     0 4922.07275   97 2540 7126.00000 4922.07275  30.9%   825 1113s
 14891     0 4925.61567  176 2440 7126.00000 4925.61567  30.9%   825 1118s
 14892     0 4927.01425   93 2609 7126.00000 4927.01425  30.9%   825 1122s
 14893     0 4927.72182    9 2629 7126.00000 4927.72182  30.8%   825 1125s
 14899     0 4928.11450  289 2711 7126.00000 4928.11450  30.8%   824 1130s
 14903     0 4928.12150   36 2732 7126.00000 4928.12150  30.8%   824 1135s
H14903     0                    7107.0000000 4939.42015  30.5%   824 1147s
H14903     0                    7087.0000000 4939.42015  30.3%   824 1147s
H14903     0                    7085.0000000 4939.42015  30.3%   824 1147s
 14905     0 4942.08481  195 2594 7085.00000 4942.08481  30.2%   824 1153s
 14906     0 4943.02717  279 2669 7085.00000 4943.02717  30.2%   824 1155s
 14912     0 4949.82776  215 2781 7085.00000 4949.82776  30.1%   823 1166s
 14913     0 4951.57107  150 2927 7085.00000 4951.57107  30.1%   823 1170s
 14917     1 4952.19373   35 3109 7085.00000 4952.19373  30.1%   823 1175s
H14922     1                    7084.0000000 4957.86007  30.0%   823 1185s
H14922     0                    7060.0000000 4957.86007  29.8%   823 1185s
H14922     0                    7053.0000000 4957.86007  29.7%   823 1185s
 14925     0 4960.54370  236 2808 7053.00000 4960.54370  29.7%   823 1192s
 14929     0 4960.93283   21 2951 7053.00000 4960.93283  29.7%   823 1195s
 14934     3 4967.10345  382 2599 7053.00000 4967.10345  29.6%   822 1204s
 14935     3 4968.66381   81 2668 7053.00000 4968.66381  29.6%   822 1208s
 14936     4 4969.41424   45 2703 7053.00000 4969.41424  29.5%   822 1212s
 14940     7 4969.72984   19 2832 7053.00000 4969.72984  29.5%   822 1215s
 14944     9 4974.14206  241 2597 7053.00000 4974.14206  29.5%   822 1223s
 14945    10 4975.97668  161 2704 7053.00000 4975.97668  29.4%   822 1228s
 14947    11 4976.33451    8 2606 7053.00000 4976.33451  29.4%   822 1230s
 14954    16 4988.77913  567 2661 7053.00000 4983.89099  29.3%   821 1242s
 14955    17 4985.59725  192 2696 7053.00000 4985.59725  29.3%   821 1247s
 14957    18 4986.32566  211 2833 7053.00000 4986.32566  29.3%   821 1251s
 14962    21 4990.92890  110 2748 7053.00000 4990.92890  29.2%   821 1261s
 14963    22 4992.60783   90 2878 7053.00000 4992.60783  29.2%   821 1266s
 14966    24 4993.22500  540 2981 7053.00000 4993.22500  29.2%   821 1270s
 14969    26 4998.60085  145 2947 7053.00000 4998.60085  29.1%   820 1281s
 14970    27 5000.49045  208 2962 7053.00000 5000.49045  29.1%   820 1286s
 14972    28 5001.28639  144 3114 7053.00000 5001.28639  29.1%   820 1290s
 14979    33 5005.84632  487 2958 7053.00000 5005.84632  29.0%   820 1302s
 14980    33 5006.80473  179 3010 7053.00000 5006.80473  29.0%   820 1307s
 14983    35 5007.11868  101 3145 7053.00000 5007.11868  29.0%   820 1310s
 14987    38 5012.01427  217 2789 7053.00000 5012.01427  28.9%   819 1320s
 14989    39 5014.01228   42 3074 7053.00000 5014.01228  28.9%   819 1326s
 14995    43 5014.27536  367 3166 7053.00000 5014.27536  28.9%   819 1331s
H14995    37                    7039.0000000 5018.36489  28.7%   819 1338s
H14995    30                    7030.0000000 5018.36489  28.6%   819 1338s
H14995    24                    6975.0000000 5018.36489  28.1%   819 1338s
H14995    19                    6960.0000000 5018.36489  27.9%   819 1338s
 14997    21 5019.46442  321 2993 6960.00000 5019.46442  27.9%   819 1342s
 14999    22 5020.10651  289 3036 6960.00000 5020.10651  27.9%   819 1346s
 15004    25 5024.57687  212 3036 6960.00000 5024.57687  27.8%   818 1356s
 15006    27 5026.09198  279 3143 6960.00000 5026.09198  27.8%   818 1361s
 15013    31 5026.21152  150 3390 6960.00000 5026.21152  27.8%   818 1365s
 15014    32 5031.11408  176 3164 6960.00000 5031.11408  27.7%   818 1373s
 15015    33 5032.34805   91 3202 6960.00000 5032.34805  27.7%   818 1377s
 15017    34 5032.96682   35 3226 6960.00000 5032.96682  27.7%   818 1381s
 15024    39 5038.30730  463 2942 6960.00000 5038.30730  27.6%   817 1393s
 15025    39 5040.27295  236 3194 6960.00000 5040.27295  27.6%   817 1398s
 15026    40 5040.74734  153 3198 6960.00000 5040.74734  27.6%   817 1401s
 15033    45 5040.91565  128 3324 6960.00000 5040.91565  27.6%   817 1405s
 15034    45 5044.62893  382 3268 6960.00000 5044.62893  27.5%   817 1413s
 15035    46 5045.29114   81 3303 6960.00000 5045.29114  27.5%   817 1416s
 15037    47 5045.96415  117 3424 6960.00000 5045.96415  27.5%   817 1421s
 15043    51 5046.05010   68 3513 6960.00000 5046.05010  27.5%   816 1425s
 15044    52 5050.47710  241 3260 6960.00000 5050.47710  27.4%   816 1431s
 15045    53 5051.72806  161 3444 6960.00000 5051.72806  27.4%   816 1436s
 15047    54 5052.29912    8 3490 6960.00000 5052.29912  27.4%   816 1440s
 15053    58 5053.86593  104 3311 6960.00000 5053.86593  27.4%   816 1447s
 15054    59 5054.77658  567 3340 6960.00000 5054.77658  27.4%   816 1451s
 15056    60 5055.58157   13 3390 6960.00000 5055.58157  27.4%   816 1456s
 15063    65 5058.46166   90 3377 6960.00000 5058.46166  27.3%   815 1466s
 15065    66 5058.98034  183 3506 6960.00000 5058.98034  27.3%   815 1470s
 15071    70 5060.46517  203 3281 6960.00000 5060.46517  27.3%   815 1478s
 15072    71 5060.97472  144 3317 6960.00000 5060.97472  27.3%   815 1481s
 15075    73 5061.38093  234 3480 6960.00000 5061.38093  27.3%   815 1485s
 15080    76 5063.40854  179 3534 6960.00000 5063.40854  27.2%   814 1494s
 15081    77 5063.95894   80 3540 6960.00000 5063.95894  27.2%   814 1497s
 15083    78 5064.38474  101 3537 6960.00000 5064.38474  27.2%   814 1500s
H15089    72                    6957.0000000 5067.92395  27.2%   814 1512s
 15091    73 5068.79506  176 3411 6957.00000 5068.79506  27.1%   814 1515s
 15095    76 5069.24808  367 3246 6957.00000 5069.24808  27.1%   813 1520s
 15101    80 5072.35943   76 3239 6957.00000 5072.35943  27.1%   813 1529s
 15102    81 5073.81247  287 3315 6957.00000 5073.81247  27.1%   813 1534s
 15103    81 5074.46903   36 3382 6957.00000 5074.46903  27.1%   813 1537s
 15105    83 5075.03937  195 3513 6957.00000 5075.03937  27.1%   813 1541s
 15115    89 5075.14549   91 3542 6957.00000 5075.14549  27.0%   812 1545s
 15116    90 5077.03211  249 3414 6957.00000 5077.03211  27.0%   812 1552s
 15118    91 5077.75341   34 3612 6957.00000 5077.75341  27.0%   812 1556s
 15124    95 5077.91199  463 3687 6957.00000 5077.91199  27.0%   812 1560s
 15125    96 5080.16359  236 3480 6957.00000 5080.16359  27.0%   812 1567s
 15126    97 5081.21687  153 3666 6957.00000 5081.21687  27.0%   812 1572s
 15128    98 5081.67447  216 3721 6957.00000 5081.67447  27.0%   812 1576s
 15134   102 5081.77028  382 3796 6957.00000 5081.77028  27.0%   811 1580s
 15135   103 5084.05124   81 3588 6957.00000 5084.05124  26.9%   811 1586s
 15136   103 5084.64307   45 3626 6957.00000 5084.64307  26.9%   811 1590s
 15139   105 5085.02431  464 3710 6957.00000 5085.02431  26.9%   811 1595s
 15144   109 5086.82332  241 3688 6957.00000 5086.82332  26.9%   811 1604s
 15145   109 5087.46503  161 3613 6957.00000 5087.46503  26.9%   811 1608s
 15146   110 5087.59929  235 3636 6957.00000 5087.59929  26.9%   811 1610s
H15154   102                    6950.0000000 5090.22074  26.8%   810 1622s
 15156   104 5090.80960   13 3547 6950.00000 5090.80960  26.8%   810 1626s
 15158   105 5091.23958  402 3683 6950.00000 5091.23958  26.7%   810 1630s
 15164   109 5093.14804   83 3441 6950.00000 5093.14804  26.7%   810 1640s
 15166   110 5093.93717  540 3556 6950.00000 5093.93717  26.7%   810 1645s
H15172   101                    6949.0000000 5095.58062  26.7%   809 1655s
 15174   103 5096.24700  138 3625 6949.00000 5096.24700  26.7%   809 1660s
 15177   105 5096.60308  370 3751 6949.00000 5096.60308  26.7%   809 1665s
 15184   109 5097.99310  178 3465 6949.00000 5097.99310  26.6%   809 1673s
 15185   110 5098.54105   98 3469 6949.00000 5098.54105  26.6%   809 1677s
 15186   111 5098.79734   59 3722 6949.00000 5098.79734  26.6%   809 1680s
H15188    99                    6923.0000000 5098.98968  26.3%   809 1683s
H15190    87                    6921.0000000 5099.00467  26.3%   808 1684s
 15193    89 5099.00611    9 3911 6921.00000 5099.00611  26.3%   808 1685s
H15193    77                    6910.0000000 5101.93925  26.2%   808 1693s
H15193    65                    6902.0000000 5101.93925  26.1%   808 1693s
H15193    54                    6806.0000000 5101.93925  25.0%   808 1693s
H15193    44                    6743.0000000 5101.93925  24.3%   808 1693s
H15193    34                    6740.0000000 5101.93925  24.3%   808 1693s
H15193    24                    6725.0000000 5101.94192  24.1%   808 1694s
H15194    16                    6722.0000000 5103.06391  24.1%   808 1699s
H15194     8                    6707.0000000 5103.06391  23.9%   808 1699s
H15194     0                    6685.0000000 5103.06391  23.7%   808 1699s
H15195     0                    6683.0000000 5103.52974  23.6%   808 1702s
H15195     0                    6682.0000000 5103.52974  23.6%   808 1702s
H15195     0                    6667.0000000 5103.52974  23.5%   808 1702s
 15198     0 5103.76183  118 3869 6667.00000 5103.76183  23.4%   808 1705s
 15208     0 5106.21687  106 3609 6667.00000 5106.21687  23.4%   807 1716s
H15208     0                    6665.0000000 5107.22574  23.4%   807 1720s
H15210     0                    6658.0000000 5107.83582  23.3%   807 1725s
H15216     0                    6645.0000000 5109.95703  23.1%   807 1736s
H15216     0                    6643.0000000 5109.95703  23.1%   807 1736s
 15219     0 5110.82091  197 3604 6643.00000 5110.82091  23.1%   807 1741s
 15222     0 5111.02835  105 3832 6643.00000 5111.02835  23.1%   807 1745s
 15227     0 5114.09110   65 3651 6643.00000 5114.09110  23.0%   806 1755s
 15228     0 5114.95587  216 3738 6643.00000 5114.95587  23.0%   806 1760s
 15231     0 5115.71653  211 3781 6643.00000 5115.71653  23.0%   806 1766s
 15236     0 5115.79899   45 3941 6643.00000 5115.79899  23.0%   806 1770s
 15237     0 5118.13185  117 3633 6643.00000 5118.13185  23.0%   806 1777s
 15238     0 5118.84774   81 3866 6643.00000 5118.84774  22.9%   806 1781s
 15241     0 5119.14468  600 3897 6643.00000 5119.14468  22.9%   806 1785s
H15246     0                    6627.0000000 5121.93253  22.7%   805 1797s
H15246     0                    6626.0000000 5121.93253  22.7%   805 1797s
H15246     0                    6624.0000000 5121.93253  22.7%   805 1797s
 15248     0 5123.29662  308 3799 6624.00000 5123.29662  22.7%   805 1802s
 15249     0 5123.90867   30 3873 6624.00000 5123.90867  22.6%   805 1806s
 15251     0 5124.21896   48 3998 6624.00000 5124.21896  22.6%   805 1810s
H15256     0                    6608.0000000 5126.22289  22.4%   805 1820s
H15256     0                    6606.0000000 5126.22289  22.4%   805 1820s
H15256     0                    6599.0000000 5126.22289  22.3%   805 1820s
H15256     0                    6596.0000000 5126.22289  22.3%   805 1820s
H15256     0                    6595.0000000 5126.22289  22.3%   805 1820s
H15256     0                    6585.0000000 5126.22289  22.2%   805 1820s
 15258     0 5127.18075  402 3691 6585.00000 5127.18075  22.1%   805 1826s
 15260     0 5127.63860  175 3894 6585.00000 5127.63860  22.1%   805 1831s
 15267     0 5127.73210  232 3903 6585.00000 5127.73210  22.1%   804 1835s
H15267     0                    6583.0000000 5129.41383  22.1%   804 1842s
 15269     0 5129.76146  145 3755 6583.00000 5129.76146  22.1%   804 1845s
 15272     0 5130.02453  144 3975 6583.00000 5130.02453  22.1%   804 1850s
H15279     0                    6577.0000000 5132.04475  22.0%   804 1861s
 15281     0 5132.70224   80 3797 6577.00000 5132.70224  22.0%   804 1866s
 15283     0 5133.07769  101 3865 6577.00000 5133.07769  22.0%   803 1870s
H15289     0                    6566.0000000 5134.49027  21.8%   803 1882s
H15289     0                    6564.0000000 5134.49027  21.8%   803 1882s
H15289     0                    6543.0000000 5134.49027  21.5%   803 1882s
H15289     0                    6537.0000000 5134.49027  21.5%   803 1883s
H15289     0                    6529.0000000 5134.49027  21.4%   803 1885s
 15291     0 5134.68098  176 3781 6529.00000 5134.68098  21.4%   803 1890s
 15298     0 5134.83854  118 3941 6529.00000 5134.83854  21.4%   803 1895s
 15299     0 5136.26230  289 3675 6529.00000 5136.26230  21.3%   803 1901s
 15300     0 5136.78847   12 3777 6529.00000 5136.78847  21.3%   803 1905s
 15307     0 5137.03181  451 4103 6529.00000 5137.03181  21.3%   802 1910s
 15309     0 5138.67816   33 3857 6529.00000 5138.67816  21.3%   802 1918s
 15310     0 5139.05276  164 3963 6529.00000 5139.05276  21.3%   802 1921s
 15313     0 5139.31620  150 4096 6529.00000 5139.31620  21.3%   802 1925s
 15317     0 5140.31975   35 3796 6529.00000 5140.31975  21.3%   802 1933s
 15318     0 5140.74126   34 3815 6529.00000 5140.74126  21.3%   802 1936s
 15321     0 5141.04646   70 4012 6529.00000 5141.04646  21.3%   801 1940s
 15326     0 5142.59503  153 3951 6529.00000 5142.59503  21.2%   801 1948s
 15327     0 5143.06406   65 3874 6529.00000 5143.06406  21.2%   801 1951s
 15330     0 5143.31528  136 3911 6529.00000 5143.31528  21.2%   801 1955s
 15334     0 5145.32129  382 3883 6529.00000 5145.32129  21.2%   801 1964s
 15335     0 5145.88429   81 4013 6529.00000 5145.88429  21.2%   801 1969s
 15336     0 5146.00361   45 4066 6529.00000 5146.00361  21.2%   801 1970s
 15343     0 5146.06561   68 4302 6529.00000 5146.06561  21.2%   800 1975s
 15344     0 5147.91486  241 3912 6529.00000 5147.91486  21.2%   800 1981s
 15345     0 5148.33547  161 3874 6529.00000 5148.33547  21.1%   800 1985s
 15351     0 5148.60282   48 4204 6529.00000 5148.60282  21.1%   800 1990s
 15353     0 5150.10478  104 3940 6529.00000 5150.10478  21.1%   800 1998s
 15354     0 5150.58301  567 4024 6529.00000 5150.58301  21.1%   800 2002s
 15356     0 5150.77608   13 4219 6529.00000 5150.77608  21.1%   800 2005s
 15363     0 5152.21550   90 3712 6529.00000 5152.21550  21.1%   799 2016s
 15364     0 5152.82463   83 3921 6529.00000 5152.82463  21.1%   799 2021s
 15366     0 5153.03523  540 3917 6529.00000 5153.03523  21.1%   799 2025s
 15373     0 5153.93027  181 4095 6529.00000 5153.93027  21.1%   799 2034s
 15374     0 5154.13068  138 4115 6529.00000 5154.13068  21.1%   799 2036s
 15376     0 5154.32012  482 4178 6529.00000 5154.32012  21.1%   799 2040s
 15383     0 5155.65405  101 4002 6529.00000 5155.65405  21.0%   798 2049s
 15384     0 5156.12689  178 4008 6529.00000 5156.12689  21.0%   798 2053s
 15386     0 5156.30386   59 4081 6529.00000 5156.30386  21.0%   798 2056s
 15393     0 5156.35341    9 4225 6529.00000 5156.35341  21.0%   798 2060s
 15394     0 5157.30749  226 3950 6529.00000 5157.30749  21.0%   798 2065s
 15396     0 5157.80269  299 4123 6529.00000 5157.80269  21.0%   798 2070s
 15403     0 5157.93417   36 4121 6529.00000 5157.93417  21.0%   797 2075s
 15404     0 5158.61953  212 4026 6529.00000 5158.61953  21.0%   797 2080s
 15407     0 5159.06846  451 4107 6529.00000 5159.06846  21.0%   797 2085s
 15414     0 5159.43060  176 4176 6529.00000 5159.43060  21.0%   797 2092s
 15416     0 5159.64202  249 4188 6529.00000 5159.64202  21.0%   797 2096s
 15421     0 5160.65055   70 3999 6529.00000 5160.65055  21.0%   796 2104s
 15422     1 5161.07782  105 4001 6529.00000 5161.07782  21.0%   796 2108s
 15423     2 5161.24673   33 4030 6529.00000 5161.24673  20.9%   796 2110s
 15431     7 5161.36902  211 4078 6529.00000 5161.36902  20.9%   796 2115s
 15432     8 5162.82188  105 4021 6529.00000 5162.82188  20.9%   796 2122s
 15433     8 5163.29570  128 4142 6529.00000 5163.29570  20.9%   796 2125s
 15436    10 5163.53472   45 4365 6529.00000 5163.53472  20.9%   796 2130s
H15441     1                    6527.0000000 5164.77209  20.9%   795 2139s
H15441     0                    6518.0000000 5164.77209  20.8%   795 2139s
 15443     0 5165.09436   68 4270 6518.00000 5165.09436  20.8%   795 2142s
 15444     0 5165.28119  241 4324 6518.00000 5165.28119  20.8%   795 2145s
 15451     0 5166.05395   48 4154 6518.00000 5166.05395  20.7%   795 2154s
 15452     0 5166.50882    8 4293 6518.00000 5166.50882  20.7%   795 2158s
 15454     0 5166.62142  567 4361 6518.00000 5166.62142  20.7%   795 2160s
 15459     1 5167.22629   10 4259 6518.00000 5167.22629  20.7%   794 2274s
H15459     0                    6488.0000000 5167.39037  20.4%   794 2285s
 15469     0 5167.49556  145 4333 6488.00000 5167.49556  20.4%   794 2291s
 15470     0 5168.25126  208 4214 6488.00000 5168.25126  20.3%   794 2296s
 15471     0 5168.61853  203 4574 6488.00000 5168.61853  20.3%   794 2300s
 15476     0 5168.81750  482 4629 6488.00000 5168.81750  20.3%   793 2305s
 15480     3 5169.29476  179 4441 6488.00000 5169.29476  20.3%   793 2311s
 15482     4 5169.62669  348 4468 6488.00000 5169.62669  20.3%   793 2316s
 15487     7 5169.68064  217 4467 6488.00000 5169.68064  20.3%   793 2320s
 15489     9 5170.60143   42 4348 6488.00000 5170.60143  20.3%   793 2327s
 15493    11 5170.69714    9 4496 6488.00000 5170.69714  20.3%   793 2330s
 15496    13 5171.45740  299 4510 6488.00000 5171.45740  20.3%   792 2337s
 15498    15 5171.64943  118 4469 6488.00000 5171.64943  20.3%   792 2340s
 15503    18 5172.40526   36 4314 6488.00000 5172.40526  20.3%   792 2348s
 15504    19 5172.62718  212 4398 6488.00000 5172.62718  20.3%   792 2351s
 15510    23 5172.74361  164 4497 6488.00000 5172.74361  20.3%   792 2356s
 15511    23 5173.30333   11 4320 6488.00000 5173.30333  20.3%   792 2360s
 15514    25 5173.52145  176 4486 6488.00000 5173.52145  20.3%   792 2365s
 15519    29 5174.02850  197 4246 6488.00000 5174.02850  20.3%   791 2372s
 15520    29 5174.28735  396 4417 6488.00000 5174.28735  20.2%   791 2375s
 15524    32 5174.47956  463 4474 6488.00000 5174.47956  20.2%   791 2380s
 15527    34 5175.09598   65 4243 6488.00000 5175.09598  20.2%   791 2386s
 15529    35 5175.33667   21 4323 6488.00000 5175.33667  20.2%   791 2390s
 15538    41 5175.44410   81 4495 6488.00000 5175.44410  20.2%   790 2395s
 15540    43 5176.00769   19 4237 6488.00000 5176.00769  20.2%   790 2401s
 15542    44 5176.39535  195 4474 6488.00000 5176.39535  20.2%   790 2406s
 15549    49 5176.46859   30 4645 6488.00000 5176.46859  20.2%   790 2411s
 15550    49 5176.96311  146 4410 6488.00000 5176.96311  20.2%   790 2415s
 15554    52 5177.31849  567 4596 6488.00000 5177.31849  20.2%   789 2420s
 15559    55 5177.58941   10 4597 6488.00000 5177.58941  20.2%   789 2427s
 15561    57 5177.81097   15 4576 6488.00000 5177.81097  20.2%   789 2430s
 15565    59 5178.19686  183 4429 6488.00000 5178.19686  20.2%   789 2436s
 15567    61 5178.55537  232 4598 6488.00000 5178.55537  20.2%   789 2441s
 15571    63 5178.60855  203 4637 6488.00000 5178.60855  20.2%   789 2446s
 15573    65 5178.94047  181 4475 6488.00000 5178.94047  20.2%   789 2451s
 15579    69 5179.00516  487 4569 6488.00000 5179.00516  20.2%   788 2456s
 15580    69 5179.55338  179 4521 6488.00000 5179.55338  20.2%   788 2460s
 15582    71 5179.93472  348 4564 6488.00000 5179.93472  20.2%   788 2465s
H15587    56                    6484.0000000 5180.53307  20.1%   788 2473s
 15589    57 5180.73515   42 4591 6484.00000 5180.73515  20.1%   788 2475s
 15595    61 5180.82124  367 4655 6484.00000 5180.82124  20.1%   787 2481s
 15597    63 5181.36314  321 4670 6484.00000 5181.36314  20.1%   787 2487s
 15599    64 5181.45059  289 4603 6484.00000 5181.45059  20.1%   787 2490s
 15604    67 5182.02865  212 4381 6484.00000 5182.02865  20.1%   787 2498s
 15605    68 5182.38465  195 4517 6484.00000 5182.38465  20.1%   787 2502s
 15607    69 5182.50353  451 4427 6484.00000 5182.50353  20.1%   787 2505s
 15612    73 5183.04268  215 4398 6484.00000 5183.04268  20.1%   787 2513s
 15613    73 5183.24863  150 4630 6484.00000 5183.24863  20.1%   787 2516s
 15618    77 5183.34150   34 4705 6484.00000 5183.34150  20.1%   786 2520s
 15621    79 5183.60317   70 4614 6484.00000 5183.60317  20.1%   786 2526s
 15625    81 5183.73745  236 4715 6484.00000 5183.73745  20.1%   786 2530s
 15627    83 5184.33386   65 4449 6484.00000 5184.33386  20.0%   786 2537s
 15628    83 5184.59152  216 4619 6484.00000 5184.59152  20.0%   786 2540s
 15632    86 5184.73925  105 4678 6484.00000 5184.73925  20.0%   786 2545s
 15636    89 5185.19050   45 4567 6484.00000 5185.19050  20.0%   785 2551s
 15639    91 5185.36938  464 4609 6484.00000 5185.36938  20.0%   785 2555s
 15642    93 5185.70703  195 4338 6484.00000 5185.70703  20.0%   785 2560s
 15647    96 5185.86682    8 4576 6484.00000 5185.86682  20.0%   785 2566s
 15648    97 5186.38557  308 4554 6484.00000 5186.38557  20.0%   785 2570s
 15651    99 5186.66190   48 4549 6484.00000 5186.66190  20.0%   785 2575s
 15658   103 5187.17375  402 4529 6484.00000 5187.17375  20.0%   784 2583s
 15659   104 5187.46520   10 4504 6484.00000 5187.46520  20.0%   784 2587s
 15661   105 5187.56877   15 4565 6484.00000 5187.56877  20.0%   784 2590s
 15665   108 5187.89938  183 4651 6484.00000 5187.89938  20.0%   784 2596s
 15667   109 5188.07585  232 4603 6484.00000 5188.07585  20.0%   784 2600s
 15675   115 5188.13079  234 4774 6484.00000 5188.13079  20.0%   783 2605s
 15678   118 5188.61556  106 13224 6484.00000 5188.61556  20.0%   860 2610s
 15680   119 5188.61556  179  907 6484.00000 5188.61556  20.0%   860 2618s
 15681   120 5188.61556   80  997 6484.00000 5188.61556  20.0%   860 2621s
 15683   121 5188.61556  101 1223 6484.00000 5188.61556  20.0%   860 2629s
 15684   122 5188.61556  178 1462 6484.00000 5188.61556  20.0%   860 2636s
H15684   115                    6481.0000000 5188.61556  19.9%   860 2644s
 15686   116 5188.61556   59 1908 6481.00000 5188.61556  19.9%   860 2656s
 15687   117 5188.61556  217 2114 6481.00000 5188.61556  19.9%   860 2669s
 15688   118 5188.61556   76 2268 6481.00000 5188.61556  19.9%   860 2683s
 15689   118 5188.61556   42 2570 6481.00000 5188.61556  19.9%   860 2696s
 15690   119 5188.63532   97 2845 6481.00000 5188.63532  19.9%   860 2712s
 15691   120 5188.97228  176 2883 6481.00000 5188.97228  19.9%   860 2726s
 15692   120 5188.97228   93 3279 6481.00000 5188.97228  19.9%   860 2739s
 15693   121 5188.97228    9 3679 6481.00000 5188.97228  19.9%   860 2752s
 15694   122 5188.97228  226 3697 6481.00000 5188.97228  19.9%   859 2763s
 15695   122 5188.97228  367 3757 6481.00000 5188.97228  19.9%   859 2773s
 15696   123 5188.97228  299 3949 6481.00000 5188.97228  19.9%   859 2781s
 15697   124 5188.97228  321 4045 6481.00000 5188.97228  19.9%   859 2787s
 15698   124 5188.97228  118 4184 6481.00000 5188.97228  19.9%   859 2792s
 15699   125 5188.97228  289 4365 6481.00000 5188.97228  19.9%   859 2796s
 15702   127 5188.97228  287 4332 6481.00000 5188.97228  19.9%   859 2800s
 15706   130 5191.16354  279 4162 6481.00000 5191.16354  19.9%   859 2814s
 15707   130 5191.81063  451 4143 6481.00000 5191.81063  19.9%   859 2818s
 15708   131 5192.00991  106 4160 6481.00000 5192.00991  19.9%   859 2821s
 15714   135 5192.09898  176 4043 6481.00000 5192.09898  19.9%   858 2827s
 15715   136 5193.06148   91 3869 6481.00000 5193.06148  19.9%   858 2832s
 15716   136 5193.35781  249 3991 6481.00000 5193.35781  19.9%   858 2835s
H15721   133                    6469.0000000 5193.45800  19.7%   858 2842s
 15723   134 5194.14946   33 3934 6469.00000 5194.14946  19.7%   858 2847s
 15725   135 5194.39395  236 3994 6469.00000 5194.39395  19.7%   858 2850s
 15728   137 5195.15327  216 3872 6469.00000 5195.15327  19.7%   858 2858s
 15729   138 5195.26037   21 3884 6469.00000 5195.26037  19.7%   858 2860s
 15735   142 5195.32095   81 3945 6469.00000 5195.32095  19.7%   857 2866s
H15735   134                    6466.0000000 5195.84671  19.6%   857 2873s
H15735   126                    6461.0000000 5195.84671  19.6%   857 2873s
 15737   127 5195.98344  117 4059 6461.00000 5195.98344  19.6%   857 2876s
 15742   131 5196.05139  195 4157 6461.00000 5196.05139  19.6%   857 2882s
 15743   131 5196.37749   68 3963 6461.00000 5196.37749  19.6%   857 2885s
 15747   134 5196.57276    8 4017 6461.00000 5196.57276  19.6%   857 2890s
H15749   127                    6460.0000000 5197.16532  19.5%   856 2901s
 15751   129 5197.33449   48 3928 6460.00000 5197.33449  19.5%   856 2905s
 15757   133 5197.39191  211 3881 6460.00000 5197.39191  19.5%   856 2910s
 15758   133 5198.06063  402 4086 6460.00000 5198.06063  19.5%   856 2916s
 15760   135 5198.41403  175 3987 6460.00000 5198.41403  19.5%   856 2920s
 15765   138 5198.46021  183 4065 6460.00000 5198.46021  19.5%   856 2926s
 15766   139 5199.36763  540 4039 6460.00000 5199.36763  19.5%   856 2931s
 15768   140 5199.55468  347 4056 6460.00000 5199.55468  19.5%   855 2935s
 15774   144 5200.45132  138 4016 6460.00000 5200.45132  19.5%   855 2945s
 15776   145 5201.00813  482 4214 6460.00000 5201.00813  19.5%   855 2950s
 15783   150 5201.05472  101 4256 6460.00000 5201.05472  19.5%   855 2956s
H15783   141                    6455.0000000 5202.12078  19.4%   855 2962s
H15783   132                    6453.0000000 5202.12155  19.4%   855 2962s
H15783   123                    6451.0000000 5202.12155  19.4%   855 2963s
 15785   124 5202.41611   98 4109 6451.00000 5202.41611  19.4%   855 2966s
 15790   128 5202.55940   97 4286 6451.00000 5202.55940  19.4%   854 2972s
 15791   128 5203.48995  176 4166 6451.00000 5203.48995  19.3%   854 2978s
 15792   129 5203.64159   93 4016 6451.00000 5203.64159  19.3%   854 2980s
 15798   133 5203.69222  118 4177 6451.00000 5203.69222  19.3%   854 2986s
H15798   125                    6449.0000000 5203.96088  19.3%   854 2989s
H15798   116                    6447.0000000 5203.96088  19.3%   854 2989s
 15800   117 5204.13284   12 4118 6447.00000 5204.13284  19.3%   854 2991s
 15804   120 5204.24153  212 4110 6447.00000 5204.24153  19.3%   853 2995s
 15810   124 5204.48248  164 3911 6447.00000 5204.48248  19.3%   853 3002s
 15813   126 5204.64710  150 4127 6447.00000 5204.64710  19.3%   853 3005s
 15816   128 5204.65170  249 4146 6447.00000 5204.65170  19.3%   853 3010s
 15817   129 5205.26992   35 4074 6447.00000 5205.26992  19.3%   853 3029s
 15818   129 5205.54261   34 4124 6447.00000 5205.54261  19.3%   853 3034s
 15819   130 5205.82140  197 4162 6447.00000 5205.82140  19.3%   853 3037s
 15824   133 5205.89245  463 4243 6447.00000 5205.89245  19.3%   852 3043s
 15825   134 5206.47480  236 4013 6447.00000 5206.47480  19.2%   852 3047s
 15826   135 5206.65112  153 4113 6447.00000 5206.65112  19.2%   852 3050s
 15831   138 5206.83031  211 4199 6447.00000 5206.83031  19.2%   852 3055s
 15833   139 5207.30882  128 4128 6447.00000 5207.30882  19.2%   852 3061s
 15837   142 5208.07275  117 4117 6447.00000 5208.07275  19.2%   852 3068s
 15838   143 5208.28450   81 4222 6447.00000 5208.28450  19.2%   852 3071s
 15843   146 5208.40077   68 4167 6447.00000 5208.40077  19.2%   851 3075s
 15846   148 5209.00279  235 4083 6447.00000 5209.00279  19.2%   851 3082s
 15849   150 5209.13691   30 4070 6447.00000 5209.13691  19.2%   851 3085s
 15854   153 5209.89110  567 3907 6447.00000 5209.89110  19.2%   851 3094s
 15855   154 5210.31080  192 3791 6447.00000 5210.31080  19.2%   851 3098s
 15856   155 5210.44916   13 3973 6447.00000 5210.44916  19.2%   851 3101s
 15862   159 5210.52569  110 4135 6447.00000 5210.52569  19.2%   850 3105s
 15863   159 5211.37508   90 4110 6447.00000 5211.37508  19.2%   850 3110s
 15865   161 5211.70564  183 4184 6447.00000 5211.70564  19.2%   850 3115s
 15872   165 5212.44492  144 4207 6447.00000 5212.44492  19.1%   850 3124s
 15873   166 5212.63823  181 4295 6447.00000 5212.63823  19.1%   850 3127s
 15877   169 5212.72664  370 4405 6447.00000 5212.72664  19.1%   850 3130s
 15879   170 5213.26434  487 4261 6447.00000 5213.26434  19.1%   849 3136s
 15880   171 5213.48429  179 4259 6447.00000 5213.48429  19.1%   849 3140s
 15886   175 5213.55222   59 4279 6447.00000 5213.55222  19.1%   849 3145s
 15888   176 5214.41339   76 4217 6447.00000 5214.41339  19.1%   849 3152s
 15890   177 5214.51721   97 4234 6447.00000 5214.51721  19.1%   849 3155s
 15895   181 5215.10616  367 3978 6447.00000 5215.10616  19.1%   849 3163s
 15896   181 5215.27683  299 4095 6447.00000 5215.27683  19.1%   849 3166s
 15900   184 5215.40716   12 4211 6447.00000 5215.40716  19.1%   848 3170s
 15903   186 5215.97332   36 4286 6447.00000 5215.97332  19.1%   848 3178s
 15904   187 5216.03851  212 4296 6447.00000 5216.03851  19.1%   848 3180s
 15909   190 5216.37267   33 4027 6447.00000 5216.37267  19.1%   848 3186s
 15911   191 5216.56467   11 4309 6447.00000 5216.56467  19.1%   848 3190s
 15916   195 5217.17640  249 4153 6447.00000 5217.17640  19.1%   847 3198s
 15917   195 5217.51039   35 4444 6447.00000 5217.51039  19.1%   847 3203s
 15919   197 5217.60194  197 4345 6447.00000 5217.60194  19.1%   847 3205s
 15922   199 5218.40965  105 4182 6447.00000 5218.40965  19.1%   847 3213s
 15923   199 5218.63630   33 4201 6447.00000 5218.63630  19.1%   847 3216s
 15927   202 5218.74261   65 4258 6447.00000 5218.74261  19.1%   847 3220s
 15930   204 5219.12117  136 4247 6447.00000 5219.12117  19.0%   847 3227s
 15932   205 5219.36173  105 4320 6447.00000 5219.36173  19.0%   847 3231s
 15938   209 5219.70611   81 4307 6447.00000 5219.70611  19.0%   846 3238s
 15939   210 5219.84320  464 4555 6447.00000 5219.84320  19.0%   846 3240s
 15944   213 5219.88805  241 4500 6447.00000 5219.88805  19.0%   846 3245s
 15946   215 5220.47779  235 4359 6447.00000 5220.47779  19.0%   846 3252s
 15948   216 5220.59259  308 4324 6447.00000 5220.59259  19.0%   846 3255s
 15952   219 5220.83274    8 4264 6447.00000 5220.83274  19.0%   846 3260s
 15956   221 5221.00225   13 4351 6447.00000 5221.00225  19.0%   845 3265s
 15960   224 5221.29841  175 4340 6447.00000 5221.29841  19.0%   845 3271s
 15966   228 5221.33134  540 4303 6447.00000 5221.33134  19.0%   845 3276s
 15968   229 5221.68429  347 4271 6447.00000 5221.68429  19.0%   845 3280s
 15974   233 5221.74620  138 4264 6447.00000 5221.74620  19.0%   844 3285s
 15976   235 5222.20499  482 4183 6447.00000 5222.20499  19.0%   844 3291s
 15982   239 5222.25751  348 4172 6447.00000 5222.25751  19.0%   844 3295s
 15985   241 5222.58256   98 4346 6447.00000 5222.58256  19.0%   844 3300s
 15990   244 5222.93250   97 4374 6447.00000 5222.93250  19.0%   844 3308s
 15991   245 5223.04899  176 4342 6447.00000 5223.04899  19.0%   844 3310s
 15998   249 5223.61847  118 4249 6447.00000 5223.61847  19.0%   843 3319s
 15999   250 5223.83289  289 4324 6447.00000 5223.83289  19.0%   843 3322s
 16003   253 5223.91665   36 4372 6447.00000 5223.91665  19.0%   843 3325s
 16005   254 5224.22007  195 4382 6447.00000 5224.22007  19.0%   843 3330s
 16011   258 5224.34965   11 4525 6447.00000 5224.34965  19.0%   842 3336s
 16013   259 5224.61244  150 4390 6447.00000 5224.61244  19.0%   842 3340s
 16018   263 5224.80678   34 4248 6447.00000 5224.80678  19.0%   842 3346s
 16021   265 5224.94419   70 4494 6447.00000 5224.94419  19.0%   842 3350s
 16025   267 5225.26880  236 4357 6447.00000 5225.26880  19.0%   842 3356s
 16028   269 5225.43879  216 4350 6447.00000 5225.43879  18.9%   842 3360s
 16033   273 5225.60351  128 4366 6447.00000 5225.60351  18.9%   841 3366s
 16037   275 5225.73600  117 4474 6447.00000 5225.73600  18.9%   841 3370s
 16041   278 5225.96407  600 4388 6447.00000 5225.96407  18.9%   841 3375s
 16048   283 5226.06744  308 4460 6447.00000 5226.06744  18.9%   841 3381s
 16055   287 5226.14822  192 4422 6447.00000 5226.14822  18.9%   840 3386s
 16058   289 5226.44117  402 4321 6447.00000 5226.44117  18.9%   840 3391s
 16063   293 5226.54455   90 4352 6447.00000 5226.54455  18.9%   840 3395s
 16068   296 5226.82063  347 4380 6447.00000 5226.82063  18.9%   839 3401s
 16073   299 5226.86453  181 4515 6447.00000 5226.86453  18.9%   839 3406s
H16073   278                    6445.0000000 5227.13391  18.9%   839 3409s
 16074   279 5227.13391  138 4265 6445.00000 5227.13391  18.9%   839 3410s
 16079   282 5227.28467  487 4355 6445.00000 5227.28467  18.9%   839 3415s
 16081   284 5227.78798   80 4255 6445.00000 5227.78798  18.9%   839 3423s
 16083   285 5227.88042  101 4268 6445.00000 5227.88042  18.9%   839 3425s
H16087   267                    6442.0000000 5228.36159  18.8%   838 3434s
 16089   268 5228.49902   42 4299 6442.00000 5228.49902  18.8%   838 3437s
 16093   271 5228.57471    9 4381 6442.00000 5228.57471  18.8%   838 3440s
H16095   251                    6440.0000000 5228.70873  18.8%   838 3444s
 16097   252 5228.77331  321 4245 6440.00000 5228.77331  18.8%   838 3446s
 16101   255 5229.04688   76 4293 6440.00000 5229.04688  18.8%   838 3456s
 16107   259 5229.15183  451 4395 6440.00000 5229.15183  18.8%   837 3460s
 16111   262 5229.45260   11 4278 6440.00000 5229.45260  18.8%   837 3466s
 16115   264 5229.74198   91 4286 6440.00000 5229.74198  18.8%   837 3471s
 16118   266 5229.84119   34 4364 6440.00000 5229.84119  18.8%   837 3475s
 16122   269 5230.08246  105 4301 6440.00000 5230.08246  18.8%   837 3481s
 16124   270 5230.32887  463 4430 6440.00000 5230.32887  18.8%   837 3485s
 16131   275 5230.38937  211 4669 6440.00000 5230.38937  18.8%   836 3491s
 16133   276 5230.59792  128 4409 6440.00000 5230.59792  18.8%   836 3495s
 16139   280 5230.78887  464 4284 6440.00000 5230.78887  18.8%   836 3501s
 16142   282 5230.92071  195 4401 6440.00000 5230.92071  18.8%   836 3505s
 16149   287 5231.41933   30 4378 6440.00000 5231.41933  18.8%   835 3512s
 16151   288 5231.62862   48 4552 6440.00000 5231.62862  18.8%   835 3516s
 16157   292 5231.68067  211 4631 6440.00000 5231.68067  18.8%   835 3521s
 16158   293 5232.07576  402 4315 6440.00000 5232.07576  18.8%   835 3525s
 16162   296 5232.29012  110 4347 6440.00000 5232.29012  18.8%   835 3530s
 16168   300 5232.71522  347 4268 6440.00000 5232.71522  18.7%   834 3536s
 16170   301 5232.98826  208 4629 6440.00000 5232.98826  18.7%   834 3542s
 16173   303 5233.09879  181 4486 6440.00000 5233.09879  18.7%   834 3545s
 16176   305 5233.20602  482 4445 6440.00000 5233.20602  18.7%   834 3550s
H16181   284                    6436.0000000 5233.32109  18.7%   834 3591s
H16181   262                    6426.0000000 5233.32109  18.6%   834 3641s
 16182   263 5233.32109  348 4388 6426.00000 5233.32109  18.6%   834 3658s
 16183   264 5233.35064  101 4393 6426.00000 5233.35064  18.6%   834 3674s
 16184   264 5233.37073  178 4486 6426.00000 5233.37073  18.6%   833 3675s
 16188   267 5233.77886   76 4425 6426.00000 5233.77886  18.6%   833 3683s
 16189   268 5234.00216   42 4438 6426.00000 5234.00216  18.5%   833 3686s
 16191   269 5234.11852  176 4369 6426.00000 5234.11852  18.5%   833 3690s
 16195   272 5234.49053  367 4350 6426.00000 5234.49053  18.5%   833 3696s
 16196   272 5234.74309  299 4462 6426.00000 5234.74309  18.5%   833 3701s
 16200   275 5234.83611   12 4534 6426.00000 5234.83611  18.5%   833 3705s
 16204   278 5235.09379  212 4395 6426.00000 5235.09379  18.5%   832 3711s
 16208   280 5235.29002  106 4420 6426.00000 5235.29002  18.5%   832 3715s
 16213   284 5235.51335  150 4370 6426.00000 5235.51335  18.5%   832 3720s
 16216   286 5235.68665  249 4541 6426.00000 5235.68665  18.5%   832 3725s
 16219   288 5235.80582  197 4417 6426.00000 5235.80582  18.5%   832 3730s
 16225   292 5235.87312  236 4473 6426.00000 5235.87312  18.5%   831 3735s
 16228   294 5236.04050  216 4502 6426.00000 5236.04050  18.5%   831 3740s
 16234   298 5236.17315  382 4453 6426.00000 5236.17315  18.5%   831 3746s
 16238   300 5236.27579   81 4546 6426.00000 5236.27579  18.5%   831 3750s
 16243   304 5236.61971   68 4304 6426.00000 5236.61971  18.5%   830 3758s
 16244   304 5236.84105  241 4357 6426.00000 5236.84105  18.5%   830 3761s
 16247   306 5236.91439    8 4404 6426.00000 5236.91439  18.5%   830 3765s
 16250   308 5237.21331  146 4358 6426.00000 5237.21331  18.5%   830 3772s
 16252   310 5237.29327    8 4378 6426.00000 5237.29327  18.5%   830 3775s
 16258   314 5237.75148  402 4435 6426.00000 5237.75148  18.5%   830 3785s
 16261   316 5237.94257   15 4479 6426.00000 5237.94257  18.5%   830 3790s
 16266   319 5238.16135  540 4453 6426.00000 5238.16135  18.5%   829 3797s
 16268   320 5238.23574  347 4406 6426.00000 5238.23574  18.5%   829 3800s
 16273   324 5238.37299  181 4482 6426.00000 5238.37299  18.5%   829 3805s
 16279   328 5238.49523  487 4516 6426.00000 5238.49523  18.5%   829 3811s
 16281   329 5238.65675   80 4542 6426.00000 5238.65675  18.5%   828 3815s
 16286   332 5238.71031   59 4525 6426.00000 5238.71031  18.5%   828 3820s
 16288   334 5239.02574   76 4663 6426.00000 5239.02574  18.5%   828 3826s
 16292   336 5239.07090   93 4665 6426.00000 5239.07090  18.5%   828 3830s
 16294   338 5239.42268  226 4533 6426.00000 5239.42268  18.5%   828 3835s
 16300   342 5239.48854   12 4489 6426.00000 5239.48854  18.5%   828 3840s
 16303   344 5239.69737   36 4498 6426.00000 5239.69737  18.5%   827 3845s
 16308   347 5239.77033  106 4587 6426.00000 5239.77033  18.5%   827 3850s
 16312   350 5239.86552  215 4497 6426.00000 5239.86552  18.5%   827 3855s
 16316   352 5240.06968  249 4732 6426.00000 5240.06968  18.5%   827 3861s
 16320   355 5240.09079  396 4718 6426.00000 5240.09079  18.5%   827 3865s
 16322   356 5240.43741  105 4487 6426.00000 5240.43741  18.4%   826 3871s
 16328   360 5240.50952  216 4587 6426.00000 5240.50952  18.4%   826 3876s
 16330   362 5240.76850  136 4513 6426.00000 5240.76850  18.4%   826 3881s
 16336   366 5240.82168   45 4752 6426.00000 5240.82168  18.4%   826 3886s
 16341   369 5240.87382  600 4645 6426.00000 5240.87382  18.4%   825 3890s
 16345   372 5240.95832  161 4574 6426.00000 5240.95832  18.4%   825 3895s
 16351   376 5241.05918   48 4638 6426.00000 5241.05918  18.4%   825 3900s
 16354   378 5241.16757  567 4617 6426.00000 5241.16757  18.4%   825 3905s
 16359   381 5241.30523   10 4552 6426.00000 5241.30523  18.4%   825 3910s
 16366   386 5241.33594  540 4669 6426.00000 5241.33594  18.4%   824 3915s
H16366   355                    6425.0000000 5241.65844  18.4%   824 3919s
 16368   356 5241.73744  347 4546 6425.00000 5241.73744  18.4%   824 3920s
 16374   360 5241.78949  138 4598 6425.00000 5241.78949  18.4%   824 3925s
 16377   362 5242.05812  370 4566 6425.00000 5242.05812  18.4%   824 3930s
 16382   365 5242.14176  348 4521 6425.00000 5242.14176  18.4%   823 3935s
 16387   369 5242.25183  217 4408 6425.00000 5242.25183  18.4%   823 3940s
 16393   373 5242.33505    9 4352 6425.00000 5242.33505  18.4%   823 3946s
 16397   375 5242.37759  321 4488 6425.00000 5242.37759  18.4%   823 3950s
 16399   377 5242.68312  289 4529 6425.00000 5242.68312  18.4%   823 3955s
 16401   378 5242.98288   76 4378 6425.00000 5242.98288  18.4%   822 3960s
 16408   383 5243.07365  106 4539 6425.00000 5243.07365  18.4%   822 3965s
 16411   385 5243.30574   11 4603 6425.00000 5243.30574  18.4%   822 3970s
 16419   390 5243.34204  197 4605 6425.00000 5243.34204  18.4%   822 3975s
 16422   392 5243.53914  105 4600 6425.00000 5243.53914  18.4%   821 3980s
 16427   395 5243.70704   65 4572 6425.00000 5243.70704  18.4%   821 3986s
 16433   399 5243.75373  128 4633 6425.00000 5243.75373  18.4%   821 3990s
 16437   402 5243.91118  117 4647 6425.00000 5243.91118  18.4%   821 3995s
 16442   405 5244.01011  195 4521 6425.00000 5244.01011  18.4%   820 4000s
 16448   411 5244.04019  308 13224 6425.00000 5244.04019  18.4%   866 4005s
 16450   412 5244.04019  146  907 6425.00000 5244.04019  18.4%   866 4013s
 16451   413 5244.04019   48  985 6425.00000 5244.04019  18.4%   866 4016s
 16453   414 5244.04019  104 1257 6425.00000 5244.04019  18.4%   866 4023s
 16454   415 5244.04019  567 1499 6425.00000 5244.04019  18.4%   866 4032s
 16455   416 5244.04019  192 1844 6425.00000 5244.04019  18.4%   866 4042s
 16456   416 5244.04019   13 1682 6425.00000 5244.04019  18.4%   866 4053s
 16457   417 5244.04019  211 2037 6425.00000 5244.04019  18.4%   866 4066s
 16458   418 5244.04019  402 2427 6425.00000 5244.04019  18.4%   866 4083s
 16459   418 5244.04019   10 2497 6425.00000 5244.04019  18.4%   866 4097s
 16460   419 5244.04019  175 2466 6425.00000 5244.04019  18.4%   866 4112s
 16461   420 5244.04270   15 2769 6425.00000 5244.04270  18.4%   865 4128s
 16462   420 5244.04270  110 2909 6425.00000 5244.04270  18.4%   865 4145s
 16463   421 5244.04270   90 3008 6425.00000 5244.04270  18.4%   865 4160s
 16464   422 5244.33577   83 3276 6425.00000 5244.33577  18.4%   865 4171s
 16465   422 5244.33577  183 3476 6425.00000 5244.33577  18.4%   865 4184s
 16466   423 5244.67741  540 3982 6425.00000 5244.67741  18.4%   865 4195s
 16467   424 5244.67741  232 3872 6425.00000 5244.67741  18.4%   865 4206s
 16468   424 5244.67741  347 4010 6425.00000 5244.67741  18.4%   865 4217s
 16469   425 5244.67741  145 4042 6425.00000 5244.67741  18.4%   865 4225s
 16470   426 5244.67741  208 4358 6425.00000 5244.67741  18.4%   865 4231s
 16471   426 5244.67741  203 4491 6425.00000 5244.67741  18.4%   865 4235s
 16477   430 5244.67741  370 4526 6425.00000 5244.67741  18.4%   865 4242s
 16478   431 5244.93008  106 4351 6425.00000 5244.93008  18.4%   865 4250s
 16482   434 5245.20272  348 4251 6425.00000 5245.20272  18.4%   864 4255s
 16486   436 5245.83801   59 4397 6425.00000 5245.83801  18.4%   864 4264s
 16487   437 5245.99298  217 4300 6425.00000 5245.99298  18.4%   864 4266s
 16492   440 5246.02728   93 4430 6425.00000 5246.02728  18.3%   864 4271s
 16493   441 5246.28782    9 4348 6425.00000 5246.28782  18.3%   864 4275s
 16498   444 5246.40664  118 4303 6425.00000 5246.40664  18.3%   864 4282s
 16499   445 5246.79019  289 4373 6425.00000 5246.79019  18.3%   863 4287s
 16502   447 5246.94822  287 4363 6425.00000 5246.94822  18.3%   863 4290s
 16506   450 5247.46696  279 4134 6425.00000 5247.46696  18.3%   863 4303s
 16507   450 5247.59814  451 4308 6425.00000 5247.59814  18.3%   863 4306s
 16510   452 5247.63945  164 4380 6425.00000 5247.63945  18.3%   863 4311s
 16511   453 5248.12602   11 4356 6425.00000 5248.12602  18.3%   863 4316s
 16515   456 5248.26835   91 4304 6425.00000 5248.26835  18.3%   863 4320s
 16518   458 5248.80710   34 4453 6425.00000 5248.80710  18.3%   863 4329s
 16519   458 5248.93491  197 4465 6425.00000 5248.93491  18.3%   862 4331s
 16523   461 5248.96619   33 4530 6425.00000 5248.96619  18.3%   862 4337s
 16524   462 5249.41505  463 4199 6425.00000 5249.41505  18.3%   862 4341s
 16527   464 5249.56799   65 4338 6425.00000 5249.56799  18.3%   862 4345s
H16529   440                    6412.0000000 5249.79318  18.1%   862 4352s
 16532   442 5249.89556  105 4159 6412.00000 5249.89556  18.1%   862 4355s
 16536   445 5250.14738   45 4319 6412.00000 5250.14738  18.1%   862 4362s
 16538   446 5250.23670   81 4244 6412.00000 5250.23670  18.1%   861 4365s
 16542   449 5250.74390  195 4437 6412.00000 5250.74390  18.1%   861 4374s
 16543   449 5250.85339   68 4394 6412.00000 5250.85339  18.1%   861 4375s
 16547   452 5250.88436    8 4567 6412.00000 5250.88436  18.1%   861 4381s
 16548   453 5251.41488  308 4160 6412.00000 5251.41488  18.1%   861 4385s
 16552   455 5251.71329    8 4355 6412.00000 5251.71329  18.1%   861 4390s
 16554   457 5251.86897  567 4351 6412.00000 5251.86897  18.1%   861 4396s
 16561   461 5251.94183   15 4414 6412.00000 5251.94183  18.1%   860 4400s
 16563   463 5252.17055   90 4267 6412.00000 5252.17055  18.1%   860 4406s
 16566   465 5252.31669  540 4358 6412.00000 5252.31669  18.1%   860 4410s
 16569   467 5252.33557  145 4319 6412.00000 5252.33557  18.1%   860 4415s
H16569   442                    6409.0000000 5252.99987  18.0%   860 4431s
 16571   443 5253.15269  203 4106 6409.00000 5253.15269  18.0%   860 4435s
 16576   446 5253.21015  482 4132 6409.00000 5253.21015  18.0%   859 4442s
 16577   447 5253.56522  370 4186 6409.00000 5253.56522  18.0%   859 4446s
 16584   452 5253.65223  178 4428 6409.00000 5253.65223  18.0%   859 4450s
 16586   453 5254.09609   59 4347 6409.00000 5254.09609  18.0%   859 4456s
 16591   456 5254.13686  176 4298 6409.00000 5254.13686  18.0%   859 4460s
 16593   458 5254.74286    9 4336 6409.00000 5254.74286  18.0%   859 4466s
 16597   460 5254.84143  321 4345 6409.00000 5254.84143  18.0%   858 4470s
 16600   462 5255.38147   12 4184 6409.00000 5255.38147  18.0%   858 4477s
 16601   463 5255.53625   76 4201 6409.00000 5255.53625  18.0%   858 4480s
 16607   467 5256.22881  451 4128 6409.00000 5256.22881  18.0%   858 4490s
 16610   469 5256.51880  164 4236 6409.00000 5256.51880  18.0%   858 4495s
 16613   471 5256.88263  150 4107 6409.00000 5256.88263  18.0%   858 4501s
 16616   473 5257.05383  249 4177 6409.00000 5257.05383  18.0%   857 4505s
 16620   476 5257.61584  396 4173 6409.00000 5257.61584  18.0%   857 4512s
 16622   477 5257.84296  105 4308 6409.00000 5257.84296  18.0%   857 4516s
 16627   480 5257.88774   65 4337 6409.00000 5257.88774  18.0%   857 4520s
 16629   482 5258.34712   21 4349 6409.00000 5258.34712  18.0%   857 4526s
 16634   485 5258.38923  382 4448 6409.00000 5258.38923  18.0%   856 4530s
 16637   487 5258.62746  117 4343 6409.00000 5258.62746  17.9%   856 4535s
 16641   490 5258.89245  600 4310 6409.00000 5258.89245  17.9%   856 4541s
 16643   491 5259.04458   68 4471 6409.00000 5259.04458  17.9%   856 4545s
 16647   494 5259.22374    8 4284 6409.00000 5259.22374  17.9%   856 4551s
 16650   496 5259.35112  146 4495 6409.00000 5259.35112  17.9%   856 4555s
 16654   498 5259.53236  567 4526 6409.00000 5259.53236  17.9%   855 4561s
 16659   502 5259.64603   10 4439 6409.00000 5259.64603  17.9%   855 4565s
 16664   505 5259.75638   83 4569 6409.00000 5259.75638  17.9%   855 4570s
 16670   509 5259.82464  208 4557 6409.00000 5259.82464  17.9%   855 4575s
 16675   512 5259.98674  234 4564 6409.00000 5259.98674  17.9%   854 4580s
 16677   514 5260.20658  370 4398 6409.00000 5260.20658  17.9%   854 4585s
 16682   517 5260.35605  348 4573 6409.00000 5260.35605  17.9%   854 4590s
 16687   520 5260.46768  217 4339 6409.00000 5260.46768  17.9%   854 4595s
 16693   524 5260.58830    9 4271 6409.00000 5260.58830  17.9%   853 4601s
 16699   528 5260.63556  289 4545 6409.00000 5260.63556  17.9%   853 4606s
 16702   530 5260.86963  287 4555 6409.00000 5260.86963  17.9%   853 4610s
 16708   534 5261.24297  106 4393 6409.00000 5261.24297  17.9%   853 4617s
 16710   536 5261.35427  164 4484 6409.00000 5261.35427  17.9%   853 4620s
H16714   506                    6408.0000000 5261.60426  17.9%   852 4633s
H16714   476                    6407.0000000 5261.60426  17.9%   852 4633s
H16714   448                    6401.0000000 5261.60426  17.8%   852 4635s
H16714   421                    6399.0000000 5261.60426  17.8%   852 4636s
 16716   423 5261.65486  249 4432 6399.00000 5261.65486  17.8%   852 4641s
 16724   428 5261.70101  463 4415 6399.00000 5261.70101  17.8%   852 4645s
 16726   429 5262.24738  153 4508 6399.00000 5262.24738  17.8%   852 4651s
 16731   433 5262.30565  211 4442 6399.00000 5262.30565  17.8%   852 4655s
 16735   435 5262.48200   81 4257 6399.00000 5262.48200  17.8%   851 4660s
 16740   439 5262.90461   19 4170 6399.00000 5262.90461  17.8%   851 4667s
 16741   439 5263.13831  600 4152 6399.00000 5263.13831  17.8%   851 4670s
 16746   443 5263.69827  235 4144 6399.00000 5263.69827  17.7%   851 4679s
 16747   443 5263.76924    8 4388 6399.00000 5263.76924  17.7%   851 4680s
 16752   447 5263.97505    8 4301 6399.00000 5263.97505  17.7%   850 4687s
 16755   449 5264.08443  192 4405 6399.00000 5264.08443  17.7%   850 4690s
 16758   451 5264.29982  402 4332 6399.00000 5264.29982  17.7%   850 4695s
 16763   454 5264.39546   90 4341 6399.00000 5264.39546  17.7%   850 4700s
 16765   455 5264.78337  183 4323 6399.00000 5264.78337  17.7%   850 4705s
 16772   460 5264.84218  144 4414 6399.00000 5264.84218  17.7%   849 4710s
 16775   462 5265.13022  234 4413 6399.00000 5265.13022  17.7%   849 4715s
 16779   465 5265.23583  487 4522 6399.00000 5265.23583  17.7%   849 4720s
 16785   469 5265.30420   98 4547 6399.00000 5265.30420  17.7%   849 4725s
 16791   473 5265.39461  176 4482 6399.00000 5265.39461  17.7%   848 4730s
 16795   475 5265.64069  367 4549 6399.00000 5265.64069  17.7%   848 4735s
 16801   479 5265.90095   76 4395 6399.00000 5265.90095  17.7%   848 4741s
 16806   483 5265.97980  279 4565 6399.00000 5265.97980  17.7%   848 4746s
 16809   485 5266.16447   33 4403 6399.00000 5266.16447  17.7%   848 4750s
 16813   487 5266.40041  150 4466 6399.00000 5266.40041  17.7%   847 4755s
 16818   491 5266.51569   34 4521 6399.00000 5266.51569  17.7%   847 4760s
 16822   493 5266.60510  105 4411 6399.00000 5266.60510  17.7%   847 4765s
 16828   497 5266.66454  216 4480 6399.00000 5266.66454  17.7%   847 4770s
 16833   501 5266.74968  128 4466 6399.00000 5266.74968  17.7%   846 4775s
 16838   504 5266.83976   81 4323 6399.00000 5266.83976  17.7%   846 4780s
 16842   507 5266.95987  195 4259 6399.00000 5266.95987  17.7%   846 4785s
 16848   511 5267.07852  308 4408 6399.00000 5267.07852  17.7%   846 4791s
 16850   512 5267.25342  146 4484 6399.00000 5267.25342  17.7%   846 4795s
 16855   515 5267.30741  192 4452 6399.00000 5267.30741  17.7%   845 4800s
 16856   516 5267.71435   13 4393 6399.00000 5267.71435  17.7%   845 4805s
 16861   519 5267.91501   15 4644 6399.00000 5267.91501  17.7%   845 4811s
 16862   520 5268.22886  110 4426 6399.00000 5268.22886  17.7%   845 4815s
 16867   523 5268.35714  232 4551 6399.00000 5268.35714  17.7%   845 4820s
 16870   525 5268.56154  208 4580 6399.00000 5268.56154  17.7%   845 4826s
 16874   528 5268.59219  138 4685 6399.00000 5268.59219  17.7%   844 4830s
 16877   530 5268.79939  370 4611 6399.00000 5268.79939  17.7%   844 4835s
 16880   532 5268.95448  179 4597 6399.00000 5268.95448  17.7%   844 4840s
 16885   535 5269.03160   98 4622 6399.00000 5269.03160  17.7%   844 4846s
 16889   538 5269.15562   42 4566 6399.00000 5269.15562  17.7%   844 4850s
 16892   540 5269.27037   93 4428 6399.00000 5269.27037  17.7%   843 4855s
 16896   543 5269.50408  299 4520 6399.00000 5269.50408  17.7%   843 4861s
 16899   545 5269.64668  289 4510 6399.00000 5269.64668  17.6%   843 4865s
 16903   547 5269.71098   36 4555 6399.00000 5269.71098  17.6%   843 4870s
 16909   551 5269.79107   33 4510 6399.00000 5269.79107  17.6%   843 4875s
 16914   555 5269.89106  176 4526 6399.00000 5269.89106  17.6%   842 4880s
 16919   558 5269.92753  197 4626 6399.00000 5269.92753  17.6%   842 4885s
 16923   561 5270.18092   33 4680 6399.00000 5270.18092  17.6%   842 4890s
 16926   563 5270.25409  153 4578 6399.00000 5270.25409  17.6%   842 4895s
 16933   567 5270.28640  128 4572 6399.00000 5270.28640  17.6%   841 4900s
 16936   569 5270.43740   45 4683 6399.00000 5270.43740  17.6%   841 4905s
 16940   572 5270.46987   19 4643 6399.00000 5270.46987  17.6%   841 4910s
 16948   577 5270.50602  308 4568 6399.00000 5270.50602  17.6%   841 4917s
 16950   579 5270.66592  146 4501 6399.00000 5270.66592  17.6%   841 4920s
 16955   582 5270.80242  192 4467 6399.00000 5270.80242  17.6%   840 4926s
 16960   585 5270.89056  175 4410 6399.00000 5270.89056  17.6%   840 4930s
 16966   589 5270.98169  540 4600 6399.00000 5270.98169  17.6%   840 4937s
 16969   591 5271.06583  145 4551 6399.00000 5271.06583  17.6%   840 4940s
 16975   595 5271.25821  234 4624 6399.00000 5271.25821  17.6%   839 4945s
 16981   599 5271.29341   80 4506 6399.00000 5271.29341  17.6%   839 4950s
 16985   602 5271.45450   98 4517 6399.00000 5271.45450  17.6%   839 4955s
 16991   606 5271.50266  176 4446 6399.00000 5271.50266  17.6%   838 4961s
 16995   609 5271.60459  367 4555 6399.00000 5271.60459  17.6%   838 4965s
 16999   611 5271.76336  289 4363 6399.00000 5271.76336  17.6%   838 4970s
 17005   615 5271.89293  195 4499 6399.00000 5271.89293  17.6%   838 4975s
 17008   617 5272.07835  106 4455 6399.00000 5272.07835  17.6%   838 4981s
 17012   620 5272.10298  215 4510 6399.00000 5272.10298  17.6%   837 4985s
H17012   580                    6398.0000000 5272.11688  17.6%   837 5032s
 17013   581 5272.11688  150 4489 6398.00000 5272.11688  17.6%   837 5100s
 17014   581 5272.12688  176 4512 6398.00000 5272.12688  17.6%   837 5119s
 17017   583 5272.13893   35 4536 6398.00000 5272.13893  17.6%   837 5120s
 17021   586 5272.29145   70 4351 6398.00000 5272.29145  17.6%   837 5125s
 17025   589 5272.45079  236 4441 6398.00000 5272.45079  17.6%   837 5130s
 17028   591 5272.64783  216 4618 6398.00000 5272.64783  17.6%   837 5135s
 17032   593 5272.90094  105 4527 6398.00000 5272.90094  17.6%   836 5140s
 17039   598 5273.18844  464 4541 6398.00000 5273.18844  17.6%   836 5146s
 17041   599 5273.32737  600 4521 6398.00000 5273.32737  17.6%   836 5150s
 17046   603 5273.39416  235 4575 6398.00000 5273.39416  17.6%   836 5155s
 17053   607 5273.48088  104 4575 6398.00000 5273.48088  17.6%   835 5161s
 17054   608 5273.85220  567 4481 6398.00000 5273.85220  17.6%   835 5165s
 17057   610 5274.07521  211 4541 6398.00000 5274.07521  17.6%   835 5170s
 17063   614 5274.20755   90 4473 6398.00000 5274.20755  17.6%   835 5175s
 17067   617 5274.30557  232 4497 6398.00000 5274.30557  17.6%   835 5180s
 17071   619 5274.39277  203 4429 6398.00000 5274.39277  17.6%   835 5185s
 17079   625 5274.45514  487 4635 6398.00000 5274.45514  17.6%   834 5190s
 17084   628 5274.57794  178 4543 6398.00000 5274.57794  17.6%   834 5195s
 17087   630 5274.83388  217 4568 6398.00000 5274.83388  17.6%   834 5201s
 17092   633 5274.86946   93 4719 6398.00000 5274.86946  17.6%   834 5206s
 17098   637 5274.98089  118 4628 6398.00000 5274.98089  17.6%   833 5212s
 17102   640 5275.01838  287 4578 6398.00000 5275.01838  17.6%   833 5215s
 17107   643 5275.14239  451 4521 6398.00000 5275.14239  17.6%   833 5221s
 17110   645 5275.27141  164 4511 6398.00000 5275.27141  17.5%   833 5225s
 17114   648 5275.53549  176 4493 6398.00000 5275.53549  17.5%   832 5232s
 17116   649 5275.62314  249 4576 6398.00000 5275.62314  17.5%   832 5235s
 17121   653 5275.92631   70 4495 6398.00000 5275.92631  17.5%   832 5242s
 17123   654 5276.06525   33 4516 6398.00000 5276.06525  17.5%   832 5246s
 17131   659 5276.28054  211 4542 6398.00000 5276.28054  17.5%   832 5252s
 17133   661 5276.33922  128 4560 6398.00000 5276.33922  17.5%   832 5255s
 17139   666 5276.46552  464 13224 6398.00000 5276.46552  17.5%   868 5260s
 17141   667 5276.46552  600  907 6398.00000 5276.46552  17.5%   868 5268s
 17142   668 5276.46552  195  999 6398.00000 5276.46552  17.5%   868 5270s
 17144   669 5276.46552  241 1223 6398.00000 5276.46552  17.5%   868 5278s
 17145   670 5276.46552  161 1492 6398.00000 5276.46552  17.5%   868 5286s
H17145   636                    6395.0000000 5276.46552  17.5%   868 5296s
 17147   637 5276.46552    8 1926 6395.00000 5276.46552  17.5%   868 5308s
 17148   638 5276.46552  308 2083 6395.00000 5276.46552  17.5%   867 5322s
 17149   639 5276.46552   30 2292 6395.00000 5276.46552  17.5%   867 5337s
 17150   639 5276.46552  146 2357 6395.00000 5276.46552  17.5%   867 5353s
 17151   640 5276.46552   48 2463 6395.00000 5276.46552  17.5%   867 5370s
 17152   641 5276.46553    8 2791 6395.00000 5276.46553  17.5%   867 5388s
 17153   641 5276.62274  104 2988 6395.00000 5276.62274  17.5%   867 5404s
 17154   642 5276.62274  567 3357 6395.00000 5276.62274  17.5%   867 5419s
 17155   643 5276.62274  192 3381 6395.00000 5276.62274  17.5%   867 5433s
H17155   610                    6393.0000000 5276.62274  17.5%   867 5447s
 17157   611 5276.88209  211 3676 6393.00000 5276.88209  17.5%   867 5459s
 17158   612 5276.88209  402 4194 6393.00000 5276.88209  17.5%   867 5470s
 17159   612 5276.96061   10 4218 6393.00000 5276.96061  17.5%   867 5478s
 17160   613 5276.96061  175 4189 6393.00000 5276.96061  17.5%   867 5486s
 17161   614 5276.96061   15 4203 6393.00000 5276.96061  17.5%   867 5491s
 17163   615 5276.96061   90 4462 6393.00000 5276.96061  17.5%   867 5496s
 17171   620 5276.96061  203 4488 6393.00000 5276.96061  17.5%   866 5503s
 17172   621 5277.21237  144 4333 6393.00000 5277.21237  17.5%   866 5510s
 17174   622 5277.54301  138 4239 6393.00000 5277.54301  17.4%   866 5515s
 17179   626 5278.08219  487 4196 6393.00000 5278.08219  17.4%   866 5524s
 17180   626 5278.17242  179 4260 6393.00000 5278.17242  17.4%   866 5526s
 17185   630 5278.20301   98 4450 6393.00000 5278.20301  17.4%   866 5532s
 17186   630 5278.52893   59 4399 6393.00000 5278.52893  17.4%   866 5535s
 17190   633 5278.61841   97 4334 6393.00000 5278.61841  17.4%   865 5541s
 17192   634 5278.90220   93 4471 6393.00000 5278.90220  17.4%   865 5545s
 17196   637 5278.91970  299 4406 6393.00000 5278.91970  17.4%   865 5550s
H17196   605                    6392.0000000 5279.06554  17.4%   865 5555s
 17202   609 5279.09509  287 4375 6392.00000 5279.09509  17.4%   865 5562s
 17204   610 5279.26424  212 4370 6392.00000 5279.26424  17.4%   865 5565s
 17208   613 5279.44258  106 4310 6392.00000 5279.44258  17.4%   864 5578s
 17211   615 5279.48523   11 4375 6392.00000 5279.48523  17.4%   864 5582s
 17212   616 5279.68454  215 4439 6392.00000 5279.68454  17.4%   864 5585s
 17218   620 5279.74437   34 4608 6392.00000 5279.74437  17.4%   864 5591s
 17220   621 5280.04061  396 4451 6392.00000 5280.04061  17.4%   864 5596s
 17224   624 5280.06071  463 4455 6392.00000 5280.06071  17.4%   864 5600s
 17228   626 5280.29364  216 4464 6392.00000 5280.29364  17.4%   863 5608s
 17229   627 5280.44070   21 4495 6392.00000 5280.44070  17.4%   863 5610s
 17233   630 5280.52660  128 4448 6392.00000 5280.52660  17.4%   863 5616s
 17235   631 5280.73956   81 4351 6392.00000 5280.73956  17.4%   863 5620s
 17239   634 5280.77329  464 4454 6392.00000 5280.77329  17.4%   863 5625s
 17241   635 5281.06571  600 4354 6392.00000 5281.06571  17.4%   863 5630s
 17245   638 5281.09415  161 4389 6392.00000 5281.09415  17.4%   863 5635s
 17250   641 5281.26937  146 4387 6392.00000 5281.26937  17.4%   862 5640s
 17252   642 5281.37551    8 4445 6392.00000 5281.37551  17.4%   862 5645s
 17260   648 5281.46416  175 4412 6392.00000 5281.46416  17.4%   862 5652s
 17261   648 5281.77867   15 4422 6392.00000 5281.77867  17.4%   862 5656s
 17266   652 5281.88259  540 4492 6392.00000 5281.88259  17.4%   862 5661s
 17268   653 5282.11596  347 4424 6392.00000 5282.11596  17.4%   861 5665s
 17272   656 5282.17122  144 4437 6392.00000 5282.17122  17.4%   861 5670s
 17276   658 5282.35678  482 4462 6392.00000 5282.35678  17.4%   861 5675s
 17282   662 5282.40824  348 4515 6392.00000 5282.40824  17.4%   861 5680s
 17288   666 5282.43159   76 4489 6392.00000 5282.43159  17.4%   860 5685s
 17289   667 5282.54809   42 4502 6392.00000 5282.54809  17.4%   860 5699s
 17290   668 5282.58963   97 4565 6392.00000 5282.58963  17.4%   860 5703s
 17295   671 5282.61995  367 4584 6392.00000 5282.61995  17.4%   860 5705s
 17299   674 5282.73118  289 4470 6392.00000 5282.73118  17.4%   860 5710s
 17304   677 5282.79829  212 4478 6392.00000 5282.79829  17.4%   860 5715s
 17310   681 5282.84699  164 4471 6392.00000 5282.84699  17.4%   859 5720s
 17317   686 5282.88523   35 4483 6392.00000 5282.88523  17.4%   859 5726s
 17324   690 5282.93562  463 4496 6392.00000 5282.93562  17.4%   859 5731s
 17328   693 5283.05440  216 4507 6392.00000 5283.05440  17.3%   858 5735s
 17331   695 5283.24174  211 4414 6392.00000 5283.24174  17.3%   858 5740s
 17336   698 5283.31555   45 4334 6392.00000 5283.31555  17.3%   858 5745s
 17340   701 5283.49027   19 4341 6392.00000 5283.49027  17.3%   858 5751s
 17345   704 5283.52362  161 4361 6392.00000 5283.52362  17.3%   858 5755s
 17352   709 5283.59212    8 4464 6392.00000 5283.59212  17.3%   857 5760s
 17357   712 5283.68359  211 4381 6392.00000 5283.68359  17.3%   857 5765s
 17362   716 5283.85583  110 4355 6392.00000 5283.85583  17.3%   857 5771s
 17367   719 5283.95503  232 4372 6392.00000 5283.95503  17.3%   857 5775s
 17374   724 5283.97781  138 4468 6392.00000 5283.97781  17.3%   856 5781s
 17377   726 5284.12008  370 4418 6392.00000 5284.12008  17.3%   856 5785s
 17381   728 5284.31507   80 4197 6392.00000 5284.31507  17.3%   856 5792s
 17383   730 5284.42238  101 4375 6392.00000 5284.42238  17.3%   856 5795s
 17388   733 5284.56213   76 4489 6392.00000 5284.56213  17.3%   855 5800s
 17393   736 5284.61919    9 4568 6392.00000 5284.61919  17.3%   855 5805s
 17398   740 5284.75113  118 4501 6392.00000 5284.75113  17.3%   855 5811s
 17402   742 5284.76659  287 4573 6392.00000 5284.76659  17.3%   855 5816s
 17409   747 5284.85168   33 4354 6392.00000 5284.85168  17.3%   854 5821s
 17411   748 5284.99587   11 4402 6392.00000 5284.99587  17.3%   854 5825s
 17417   752 5285.18859   35 4315 6392.00000 5285.18859  17.3%   854 5832s
 17421   755 5285.28677   70 4472 6392.00000 5285.28677  17.3%   854 5836s
 17427   759 5285.33408   65 4553 6392.00000 5285.33408  17.3%   854 5841s
 17432   762 5285.45208  105 4635 6392.00000 5285.45208  17.3%   853 5846s
 17437   766 5285.53800  117 4621 6392.00000 5285.53800  17.3%   853 5850s
 17442   769 5285.65430  195 4529 6392.00000 5285.65430  17.3%   853 5855s
 17447   772 5285.70524    8 4563 6392.00000 5285.70524  17.3%   853 5860s
 17451   775 5285.83795   48 4516 6392.00000 5285.83795  17.3%   852 5865s
 17457   779 5285.87961  211 4596 6392.00000 5285.87961  17.3%   852 5870s
 17464   784 5285.95926   83 4489 6392.00000 5285.95926  17.3%   852 5875s
 17470   788 5286.00919  208 4640 6392.00000 5286.00919  17.3%   851 5881s
 17473   790 5286.17651  181 4413 6392.00000 5286.17651  17.3%   851 5885s
 17477   792 5286.36427  370 4383 6392.00000 5286.36427  17.3%   851 5891s
 17481   795 5286.46463   80 4527 6392.00000 5286.46463  17.3%   851 5895s
 17486   798 5286.50853   59 4552 6392.00000 5286.50853  17.3%   851 5900s
 17491   802 5286.56050  176 4325 6392.00000 5286.56050  17.3%   850 5905s
 17495   804 5287.05840  367 4296 6392.00000 5287.05840  17.3%   850 5911s
 17497   806 5287.24224  321 4261 6392.00000 5287.24224  17.3%   850 5915s
 17501   808 5287.37667   76 4210 6392.00000 5287.37667  17.3%   850 5920s
 17504   810 5287.58472  212 4406 6392.00000 5287.58472  17.3%   850 5925s
 17510   814 5287.73663  164 4442 6392.00000 5287.73663  17.3%   850 5931s
 17516   818 5287.77837  249 4566 6392.00000 5287.77837  17.3%   849 5936s
 17520   821 5287.91330  396 4515 6392.00000 5287.91330  17.3%   849 5940s
 17526   825 5287.99931  153 4450 6392.00000 5287.99931  17.3%   849 5946s
 17529   827 5288.09776   21 4585 6392.00000 5288.09776  17.3%   849 5950s
 17533   830 5288.28107  128 4391 6392.00000 5288.28107  17.3%   848 5956s
 17537   832 5288.39056  117 4556 6392.00000 5288.39056  17.3%   848 5960s
 17541   835 5288.47678  600 4496 6392.00000 5288.47678  17.3%   848 5965s
 17546   838 5288.57731  235 4592 6392.00000 5288.57731  17.3%   848 5972s
 17549   840 5288.68346   30 4496 6392.00000 5288.68346  17.3%   848 5975s
 17554   844 5288.73577  567 4555 6392.00000 5288.73577  17.3%   847 5980s
 17559   847 5288.85591   10 4550 6392.00000 5288.85591  17.3%   847 5986s
 17564   850 5288.87489   83 4503 6392.00000 5288.87489  17.3%   847 5990s
 17569   854 5289.01640  145 4431 6392.00000 5289.01640  17.3%   847 5995s
 17575   858 5289.13481  234 4520 6392.00000 5289.13481  17.3%   846 6001s
 17580   861 5289.18921  179 4486 6392.00000 5289.18921  17.3%   846 6006s
 17585   864 5289.25446   98 4388 6392.00000 5289.25446  17.3%   846 6010s
 17590   868 5289.33286   97 4457 6392.00000 5289.33286  17.3%   846 6015s
 17597   872 5289.37592  321 4361 6392.00000 5289.37592  17.3%   845 6020s
 17601   875 5289.47097   76 4432 6392.00000 5289.47097  17.2%   845 6025s
 17607   879 5289.53538  451 4355 6392.00000 5289.53538  17.2%   845 6030s
 17609   880 5289.75118   33 4425 6392.00000 5289.75118  17.2%   845 6035s
 17614   884 5289.97428  176 4506 6392.00000 5289.97428  17.2%   845 6041s
 17619   887 5290.05118  197 4514 6392.00000 5290.05118  17.2%   844 6046s
 17624   890 5290.16374  463 4363 6392.00000 5290.16374  17.2%   844 6050s
 17630   894 5290.19962  136 4489 6392.00000 5290.19962  17.2%   844 6056s
 17636   898 5290.24066   45 4372 6392.00000 5290.24066  17.2%   843 6060s
 17640   901 5290.34741   19 4361 6392.00000 5290.34741  17.2%   843 6065s
 17647   906 5290.46811    8 4395 6392.00000 5290.46811  17.2%   843 6071s
 17650   908 5290.60097  146 4521 6392.00000 5290.60097  17.2%   843 6075s
 17655   911 5290.63213  192 4441 6392.00000 5290.63213  17.2%   843 6080s
H17655   856                    6391.0000000 5290.65263  17.2%   843 6080s
 17662   861 5290.69553  110 4475 6391.00000 5290.69553  17.2%   842 6085s
 17666   863 5290.70878  540 4548 6391.00000 5290.70878  17.2%   842 6090s
H17666   811                    6390.0000000 5290.74157  17.2%   842 6091s
H17666   762                    6382.0000000 5290.74157  17.1%   842 6091s
 17674   768 5290.78344  138 4580 6382.00000 5290.78344  17.1%   842 6096s
 17678   770 5290.82516  106 4435 6382.00000 5290.82516  17.1%   841 6100s
 17684   774 5290.91962  178 4559 6382.00000 5290.91962  17.1%   841 6106s
 17689   778 5290.96797   42 4569 6382.00000 5290.96797  17.1%   841 6110s
H17689   730                    6380.0000000 5291.01373  17.1%   841 6112s
 17691   731 5291.06288  176 4507 6380.00000 5291.06288  17.1%   841 6115s
 17697   735 5291.11102  321 4582 6380.00000 5291.11102  17.1%   841 6120s
 17702   738 5291.11892  287 4687 6380.00000 5291.11892  17.1%   840 6125s
 17705   740 5291.12807  195 4580 6380.00000 5291.12807  17.1%   840 6212s
H17705   696                    6375.0000000 5291.12807  17.0%   868 6218s
 17706   698 5291.22828   54 4451 6375.00000 5291.12807  17.0%   868 6255s
 17708   701 5293.68557   55 4224 6375.00000 5291.22855  17.0%   869 6301s
 17712   708 5293.83663   56 4223 6375.00000 5293.68603  17.0%   871 6356s
 17720   714 5294.81496   57 4292 6375.00000 5293.83663  17.0%   878 6426s
 17729   736 5295.73345   58 4641 6375.00000 5294.81638  16.9%   885 6591s
H17754   715                    6372.0000000 5295.73345  16.9%   939 6668s
H17756   672                    6361.0000000 5295.73345  16.7%   939 6668s
 17786   790 5300.90787   60 4645 6361.00000 5297.59550  16.7%   956 6731s
H17914   795                    6359.0000000 5297.59550  16.7%   972 6768s
H17920   755                    6355.0000000 5297.59550  16.6%   972 6768s
H17934   714                    6342.0000000 5297.59550  16.5%   973 6768s
H17991   661                    6341.0000000 5297.59550  16.5%   977 6768s
 18000   760 5301.98774   63 4479 6341.00000 5297.59550  16.5%   978 6800s
 18102   757 5302.51389   64 4324 6341.00000 5297.59550  16.5%   985 6821s
 18133   775 5305.53571   64 4398 6341.00000 5297.59550  16.5%   987 6844s
 18161   797 5304.71164   65 4369 6341.00000 5297.59550  16.5%   992 6864s
H18168   762                    6339.0000000 5297.59550  16.4%   993 6864s
 18193   801 5302.97259   65 4311 6339.00000 5297.59550  16.4%   995 6888s
H18200   767                    6336.0000000 5297.59550  16.4%   996 6888s
H18205   737                    6335.0000000 5297.59550  16.4%   997 6888s
H18227   701                    6334.0000000 5297.59550  16.4%  1000 6888s
 18240   723 5318.45889   76 3729 6334.00000 5297.59550  16.4%  1000 6911s
 18266   746 5303.35596   67 4197 6334.00000 5297.59550  16.4%  1003 6949s
 18298   767 5319.49868   78 3825 6334.00000 5297.59550  16.4%  1007 6989s
 18329   794 5303.56627   68 4291 6334.00000 5297.59550  16.4%  1009 7039s
 18367   834 5320.09168   81 3790 6334.00000 5297.59550  16.4%  1011 7062s
 18419   897 5303.67149   69 4195 6334.00000 5297.59550  16.4%  1013 7085s
 18500   955 5323.07987   87 3661 6334.00000 5297.59550  16.4%  1017 7110s
 18585  1006 5303.77809   70 4226 6334.00000 5297.59550  16.4%  1021 7136s
 18664  1024 5317.20386   70 4105 6334.00000 5297.59550  16.4%  1026 7167s
 18708  1091 5304.06981   71 4068 6334.00000 5297.59550  16.4%  1030 7192s
 18790  1175 5315.22929   71 4187 6334.00000 5297.59550  16.4%  1037 7222s
 18879  1265 5304.33957   72 4192 6334.00000 5297.59550  16.4%  1043 7253s
 18969  1326 5309.08040   72 3819 6334.00000 5297.59550  16.4%  1051 7286s
 19030  1425 5304.56482   73 4312 6334.00000 5297.59550  16.4%  1056 7321s
 19129  1537 5307.36104   73 3945 6334.00000 5297.59550  16.4%  1063 7361s
 19241  1618 5308.02887   74 4088 6334.00000 5297.59550  16.4%  1070 7401s
 19322  1678 5348.46665  112 3347 6334.00000 5297.59550  16.4%  1081 7434s
 19382  1812 5308.19755   75 4209 6334.00000 5297.59550  16.4%  1085 7468s
 19516  1945 5350.19673  117 3287 6334.00000 5297.59550  16.4%  1091 7507s
 19649  2087 5313.43797   76 3871 6334.00000 5297.59550  16.4%  1098 7550s
 19791  2124 5317.87876   76 3811 6334.00000 5297.59550  16.4%  1104 7581s
 19828  2202 5314.05163   77 4077 6334.00000 5297.59550  16.4%  1107 7618s
 19906  2317 5347.18788   77 3633 6334.00000 5297.59550  16.4%  1114 7656s
 20021  2492 5314.78358   78 4046 6334.00000 5297.59550  16.4%  1121 7704s
 20196  2646 5450.19101  139 3057 6334.00000 5297.59550  16.4%  1130 7777s
 20352  2847 5314.89452   79 4112 6334.00000 5297.59550  16.4%  1136 7823s
 20553  3063 5387.61693   79 3863 6334.00000 5297.59550  16.4%  1145 7888s
 20769  3187 5314.92176   80 4084 6334.00000 5297.59550  16.4%  1152 7929s
 20893  3443 5331.05554   80 4089 6334.00000 5297.59550  16.4%  1155 7976s
 21155  3700 5315.82594   81 4098 6334.00000 5297.59550  16.4%  1162 8028s
 21412  3938 5485.48665  174 2724 6334.00000 5297.59550  16.4%  1170 8087s
 21650  4230 5315.88543   82 4081 6334.00000 5297.59550  16.4%  1178 8156s
 21944  4489 5347.66475   82 3968 6334.00000 5297.59550  16.4%  1184 8212s
 22213  4794 5317.10919   83 4035 6334.00000 5297.59550  16.4%  1193 8272s
 22556  5117 5318.47505   83 3613 6334.00000 5297.59550  16.4%  1199 8341s
 22916  5345 5317.70034   84 3881 6334.00000 5297.59550  16.4%  1207 8424s
 23152  5504 5334.12730   84 4078 6334.00000 5297.59550  16.4%  1219 8492s
 23313  5558 5318.44744   85 3838 6334.00000 5297.59550  16.4%  1229 8546s
 23367  5893 5325.21945   85 3963 6334.00000 5297.59550  16.4%  1233 8613s
 23726  6256 5320.42460   86 3693 6334.00000 5297.59550  16.4%  1241 8703s
 24105  6662 5318.88734   86 3785 6334.00000 5297.59550  16.4%  1251 8784s
 24555  6814 5320.51613   87 3842 6334.00000 5297.59550  16.4%  1263 8854s
H24707  6814                    6332.0000000 5297.59550  16.3%  1270 8854s
 24717  7366 5320.24256   87 3684 6332.00000 5297.59550  16.3%  1270 8937s
 25284  7927 5320.90280   90 3673 6332.00000 5297.59550  16.3%  1278 9029s
 25854  8508 5322.33565   93 3822 6332.00000 5298.57564  16.3%  1287 9111s
H26012  8507                    6329.0000000 5298.57564  16.3%  1286 9111s
 26457  9026 5323.66078   95 3769 6329.00000 5298.57564  16.3%  1290 9202s
 27081  9094 5327.81643   97 3624 6329.00000 5298.57564  16.3%  1299 9267s
H27103  9094                    6328.0000000 5298.57564  16.3%  1300 9267s
H27172  9092                    6325.0000000 5298.57564  16.2%  1304 9267s
 27185  9539 5395.34375   98 3569 6325.00000 5298.57564  16.2%  1305 9373s
 27739  9964 5328.91406  100 3556 6325.00000 5300.91449  16.2%  1317 9483s
 28208 10360 5329.37845  102 3528 6325.00000 5300.91449  16.2%  1334 9591s
 28668 10857 5354.20365  105 3493 6325.00000 5301.52304  16.2%  1349 9703s
 29165 11334 5334.76987  108 3348 6325.00000 5301.52304  16.2%  1367 9819s
 29670 11956 5335.64201  110 3246 6325.00000 5301.52304  16.2%  1383 9940s
 30294 12550 5359.33447  113 3133 6325.00000 5301.52304  16.2%  1397 10072s
 30978 13206 5340.10927  116 3274 6325.00000 5301.52304  16.2%  1409 10201s
 31679 13969 5341.16603  117 3334 6325.00000 5301.52304  16.2%  1422 10345s
 32482 14601 5342.35072  119 3432 6325.00000 5303.35605  16.2%  1435 10457s
 33134 15282 5342.75482  120 3569 6325.00000 5303.35605  16.2%  1446 10571s
 33815 16149 5343.70691  123 3539 6325.00000 5303.35605  16.2%  1456 10686s
 34723 16872 5345.38081  126 3180 6325.00000 5303.35605  16.2%  1457 10808s
 35503 17673 5346.66018  130 3315 6325.00000 5303.35605  16.2%  1462 10927s
 36372 18342 5347.45546  133 3244 6325.00000 5303.35605  16.2%  1465 11051s
 37179 18998 5348.51364  135 3350 6325.00000 5303.35605  16.2%  1468 11177s
 37859 19544 5351.55044  138 3304 6325.00000 5303.35605  16.2%  1479 11410s
 38424 20348 5353.80843  141 3245 6325.00000 5303.35605  16.2%  1489 11557s
 39238 21093 5354.90716  146 3496 6325.00000 5303.35605  16.2%  1498 11706s
 40014 22043 5356.03011  149 3466 6325.00000 5303.35605  16.2%  1511 11861s
 40986 22076 5357.33813  153 3534 6325.00000 5303.35605  16.2%  1518 11973s
H40990 22068                    6323.0000000 5303.35605  16.1%  1518 11973s
 41019 22991 5441.86448  153 2972 6323.00000 5303.35605  16.1%  1520 12134s
 41968 23902 5360.12191  158 3298 6323.00000 5303.35605  16.1%  1530 12308s
 42942 24826 5373.81511  164 3351 6323.00000 5303.35605  16.1%  1542 12494s
H43502 24766                    6317.0000000 5303.35605  16.0%  1550 12494s
 43913 25513 5363.94137  168 3219 6317.00000 5303.35605  16.0%  1552 12661s
H44695 25501                    6316.0000000 5303.35605  16.0%  1557 12661s
 44715 26418 5367.51488  174 3268 6316.00000 5303.35605  16.0%  1557 12872s
 45685 27294 5369.20639  177 3062 6316.00000 5303.35605  16.0%  1573 13085s
 46648 28298 5370.00645  181 3077 6316.00000 5303.35605  16.0%  1592 13319s
 47693 29508 5375.08672  184 2989 6316.00000 5303.35605  16.0%  1609 13545s
 48929 30804 5377.40566  189 3033 6316.00000 5303.35605  16.0%  1621 13784s
 50252 31672 5379.02277  193 3291 6316.00000 5303.35605  16.0%  1633 14008s
H50508 31631                    6313.0000000 5303.35605  16.0%  1639 14008s
 51152 32796 5393.62445  197 2905 6313.00000 5303.35605  16.0%  1646 14265s
H51203 32771                    6312.0000000 5303.35605  16.0%  1649 14265s
H51308 32538                    6301.0000000 5303.35605  15.8%  1649 14265s
 52359 34177 5384.12108  201 3077 6301.00000 5303.35605  15.8%  1653 14540s
 54146 34218 5386.40465  205 3014 6301.00000 5303.35605  15.8%  1657 14753s
H54186 34185                    6299.0000000 5303.35605  15.8%  1658 14753s
 54220 35171 5386.54433  207 3082 6299.00000 5303.35605  15.8%  1659 15046s
 55326 36402 5397.50896  215 3084 6299.00000 5303.35605  15.8%  1687 15348s
 56627 37709 5398.16988  219 3076 6299.00000 5303.35605  15.8%  1711 15677s
 58012 39025 5404.51516  226 2951 6299.00000 5303.35605  15.8%  1727 16006s
 59418 40820 5473.80720  230 2857 6299.00000 5303.46669  15.8%  1741 16382s
 61260 40821 5742.31244  257 13110 6299.00000 5303.46669  15.8%  1757 17404s
 61262 40822 5758.42104  396  884 6299.00000 5303.46669  15.8%  1757 17411s
 61264 40824 5399.04467  127 1057 6299.00000 5303.46669  15.8%  1757 17417s
 61265 40824 5499.18228  281 1279 6299.00000 5303.46669  15.8%  1757 17422s
 61266 40825 5361.00100  122 1445 6299.00000 5303.46669  15.8%  1757 17431s
 61267 40826 5425.95396  202 1703 6299.00000 5303.46669  15.8%  1757 17443s
 61268 40826 5573.68340  294 1785 6299.00000 5303.46669  15.8%  1757 17456s
 61269 40827 5453.67225  211 2096 6299.00000 5303.46669  15.8%  1757 17470s
 61270 40828 5426.34688  173 2149 6299.00000 5303.46669  15.8%  1757 17487s
 61271 40828 5947.87181  378 2272 6299.00000 5303.46669  15.8%  1757 17503s
 61272 40829 5378.63841  173 2473 6299.00000 5303.46669  15.8%  1757 17520s
 61273 40830 5487.24325  180 2755 6299.00000 5303.46669  15.8%  1757 17539s
 61274 40830 5496.62797  228 2858 6299.00000 5303.46669  15.8%  1757 17557s
 61275 40831 5358.49617  140 3061 6299.00000 5303.46669  15.8%  1757 17574s
 61276 40832 5852.13423  333 3019 6299.00000 5303.46669  15.8%  1757 17590s
 61277 40832 5852.98888  449 3234 6299.00000 5303.46669  15.8%  1757 17605s
 61278 40833 5412.59959  195 3405 6299.00000 5303.46669  15.8%  1757 17618s
 61279 40834 5915.63454  201 3561 6299.00000 5303.46669  15.8%  1757 17629s
 61280 40834 5873.04095  354 3599 6299.00000 5303.46669  15.8%  1757 17638s
 61281 40835 6147.83380  137 3689 6299.00000 5303.46669  15.8%  1757 17646s
 61282 40836 5933.71537  115 3786 6299.00000 5303.75821  15.8%  1757 17651s
 61283 40836 5635.67347  326 3657 6299.00000 5304.10089  15.8%  1756 17655s
 61289 40840 5402.79790  134 3735 6299.00000 5304.31063  15.8%  1756 17660s
 61292 40842 5533.71518  241 3802 6299.00000 5308.57624  15.7%  1756 17675s
 61293 40843 5998.16546  498 3870 6299.00000 5311.08262  15.7%  1756 17685s
 61294 40844 5327.37573   78 3919 6299.00000 5311.75658  15.7%  1756 17690s
 61296 40845 5533.57663  171 3934 6299.00000 5312.19916  15.7%  1756 17696s
 61300 40848 5981.17643  129 4014 6299.00000 5312.31549  15.7%  1756 17727s
 61301 40848 5535.51560  258 3795 6299.00000 5314.02159  15.6%  1756 17736s
 61302 40849 5416.08948  192 3780 6299.00000 5314.66459  15.6%  1756 17741s
 61304 40850 5379.13296   88 3833 6299.00000 5315.04636  15.6%  1756 17745s
 61309 40854 5637.88087  334 3841 6299.00000 5315.09060  15.6%  1756 17775s
 61310 40854 5494.56548  252 3710 6299.00000 5316.81868  15.6%  1756 17783s
 61311 40855 5436.28556  249 3754 6299.00000 5317.66589  15.6%  1756 17788s
 61312 40856 5373.01793  121 3813 6299.00000 5317.87986  15.6%  1756 17791s
 61316 40858 5410.59080  104 3774 6299.00000 5317.99859  15.6%  1756 17821s
 61317 40859 5545.27602  279 3750 6299.00000 5319.33319  15.6%  1756 17829s
 61318 40860 5482.64929  287 3836 6299.00000 5319.82071  15.5%  1755 17832s
 61320 40861 6263.94636  131 3752 6299.00000 5319.99435  15.5%  1755 17835s
 61323 40863 5549.34067  188 3875 6299.00000 5320.02016  15.5%  1755 17862s
 61324 40864 5564.93725  202 3684 6299.00000 5321.44402  15.5%  1755 17874s
 61325 40864 5605.28317  428 3730 6299.00000 5322.07898  15.5%  1755 17880s
 61330 40868 5998.74578  502 3936 6299.00000 5322.31576  15.5%  1755 17885s
 61331 40868 5718.69116  434 4005 6299.00000 5322.31841  15.5%  1755 17912s
 61332 40869 5612.61646  307 3585 6299.00000 5323.56881  15.5%  1755 17920s
 61334 40870 5363.00558  130 3719 6299.00000 5324.47575  15.5%  1755 17927s
 61337 40872 5414.78784  102 3981 6299.00000 5324.58512  15.5%  1755 17930s
 61338 40873 5402.15313  189 3915 6299.00000 5324.58720  15.5%  1755 17956s
 61339 40874 6188.81383  136 3890 6299.00000 5326.39184  15.4%  1755 17964s
 61340 40874 5400.03386  151 3953 6299.00000 5327.05875  15.4%  1755 17970s
 61342 40876 5366.32954  103 4111 6299.00000 5327.36463  15.4%  1755 17975s
 61347 40879 5347.88477  103 4096 6299.00000 5327.43044  15.4%  1755 18004s
 61348 40880 5493.16786  143 3985 6299.00000 5328.37976  15.4%  1755 18010s
 61350 40881 5760.53837  419 3990 6299.00000 5328.81702  15.4%  1755 18015s
 61354 40884 5463.16865  187 4085 6299.00000 5328.88097  15.4%  1754 18043s
 61355 40884 5983.19034  395 4078 6299.00000 5329.81259  15.4%  1754 18049s
 61356 40885 5409.61733   67 4244 6299.00000 5330.21730  15.4%  1754 18054s
 61357 40886 5344.94730   98 4179 6299.00000 5330.34212  15.4%  1754 18056s
 61361 40888 5344.15002   73 4165 6299.00000 5330.46653  15.4%  1754 18060s
 61362 40889 5758.42104  396 4283 6299.00000 5330.46868  15.4%  1754 18087s
 61363 40890 5614.60576  238 3886 6299.00000 5331.18179  15.4%  1754 18092s
 61364 40890 5399.04467  127 4012 6299.00000 5331.39399  15.4%  1754 18095s
 61369 40894 5453.67225  211 4205 6299.00000 5331.47866  15.4%  1754 18125s
 61370 40894 5426.34688  173 3916 6299.00000 5332.95613  15.3%  1754 18143s
 61371 40895 5947.87181  378 4173 6299.00000 5333.65490  15.3%  1754 18150s
 61373 40896 5487.24325  180 4154 6299.00000 5334.11301  15.3%  1754 18156s
 61378 40900 5412.59959  195 4231 6299.00000 5334.17038  15.3%  1754 18187s
 61379 40900 5915.63454  201 4038 6299.00000 5335.45073  15.3%  1754 18194s
 61380 40901 5873.04095  354 3820 6299.00000 5335.68676  15.3%  1754 18197s
 61382 40902 5933.71537  115 4136 6299.00000 5335.84165  15.3%  1754 18200s
 61385 40904 5589.06326  294 4117 6299.00000 5335.87833  15.3%  1754 18228s
 61386 40905 5354.02493  125 3994 6299.00000 5336.71934  15.3%  1754 18239s
 61387 40906 5792.65046  209 4209 6299.00000 5337.03609  15.3%  1754 18243s
 61388 40906 5561.18832  210 4159 6299.00000 5337.13154  15.3%  1753 18245s
 61393 40910 5998.16546  498 4184 6299.00000 5337.24341  15.3%  1753 18274s
 61394 40910 5337.95642   78 4004 6299.00000 5337.95642  15.3%  1753 18280s
 61396 40912 5533.57663  171 4065 6299.00000 5338.34512  15.3%  1753 18285s
 61401 40915 5535.51560  258 4309 6299.00000 5338.44213  15.2%  1753 18316s
 61402 40916 5416.08948  192 4112 6299.00000 5339.51106  15.2%  1753 18324s
 61403 40916 5435.68774  135 3977 6299.00000 5339.84690  15.2%  1753 18329s
 61404 40917 5379.13296   88 4118 6299.00000 5339.99949  15.2%  1753 18331s
 61409 40920 5637.88087  334 4120 6299.00000 5340.10199  15.2%  1753 18360s
 61410 40921 5494.56548  252 3985 6299.00000 5341.46671  15.2%  1753 18367s
 61411 40922 5436.28556  249 4173 6299.00000 5341.84056  15.2%  1753 18371s
 61413 40923 5614.42691  237 4180 6299.00000 5342.07464  15.2%  1753 18375s
 61418 40926 5482.64929  287 4276 6299.00000 5342.10751  15.2%  1753 18402s
 61419 40927 5549.14681  184 4071 6299.00000 5343.01443  15.2%  1753 18421s
 61420 40928 6263.94636  131 4317 6299.00000 5343.38425  15.2%  1753 18428s
 61421 40928 5414.13614  162 4255 6299.00000 5343.46421  15.2%  1753 18430s
 61425 40931 5605.28317  428 4377 6299.00000 5343.53985  15.2%  1752 18456s
 61426 40932 5716.20614  276 4276 6299.00000 5344.12880  15.2%  1752 18461s
 61428 40933 6143.61565  278 4203 6299.00000 5344.32374  15.2%  1752 18465s
 61432 40936 5612.61646  307 4351 6299.00000 5344.36604  15.2%  1752 18493s
 61433 40936 5511.73869  278 4201 6299.00000 5344.71503  15.1%  1752 18497s
 61435 40938 5800.74217  482 4263 6299.00000 5344.90161  15.1%  1752 18500s
 61439 40940 6188.81383  136 4345 6299.00000 5344.93558  15.1%  1752 18528s
 61440 40941 5400.03386  151 4172 6299.00000 5345.35968  15.1%  1752 18532s
 61441 40942 5933.15052  299 4356 6299.00000 5345.52141  15.1%  1752 18535s
 61446 40945 5486.81072  144 4506 6299.00000 5345.60272  15.1%  1752 18563s
 61447 40946 5347.88477  103 4264 6299.00000 5346.04366  15.1%  1752 18568s
 61448 40946 5493.16786  143 4196 6299.00000 5346.18197  15.1%  1752 18571s
 61451 40948 5346.22206   84 4353 6299.00000 5346.22206  15.1%  1752 18598s
 61452 40949 5955.74709  351 4303 6299.00000 5346.54384  15.1%  1752 18602s
 61454 40950 5463.16865  187 4143 6299.00000 5346.83762  15.1%  1752 18607s
 61458 40953 6202.81032  529 4288 6299.00000 5346.87674  15.1%  1751 18635s
 61460 40954 5742.31244  257 4301 6299.00000 5347.26745  15.1%  1751 18640s
 61465 40958 5499.18228  281 4330 6299.00000 5347.34638  15.1%  1751 18670s
 61466 40958 5361.00100  122 4006 6299.00000 5347.88312  15.1%  1751 18675s
 61468 40960 5573.68340  294 4199 6299.00000 5348.19486  15.1%  1751 18680s
 61472 40962 5378.63841  173 4291 6299.00000 5348.24853  15.1%  1751 18706s
 61473 40963 5487.24325  180 4169 6299.00000 5348.61745  15.1%  1751 18712s
 61474 40964 5496.62797  228 4225 6299.00000 5348.78585  15.1%  1751 18715s
 61477 40966 5852.98888  449 4302 6299.00000 5348.96170  15.1%  1751 18720s
 61479 40967 5915.63454  201 4339 6299.00000 5348.96894  15.1%  1751 18744s
 61480 40968 5873.04095  354 4130 6299.00000 5349.21914  15.1%  1751 18748s
 61481 40968 6147.83380  137 4151 6299.00000 5349.37084  15.1%  1751 18751s
 61484 40970 5371.66584  141 4261 6299.00000 5349.50155  15.1%  1751 18755s
 61487 40972 5792.65046  209 4229 6299.00000 5349.51847  15.1%  1751 18781s
 61488 40973 5561.18832  210 4104 6299.00000 5349.97416  15.1%  1751 18788s
 61489 40974 5402.79790  134 4314 6299.00000 5350.24161  15.1%  1751 18792s
 61492 40976 5533.71518  241 4292 6299.00000 5350.31699  15.1%  1751 18795s
 61495 40978 6178.97154  512 4278 6299.00000 5350.34035  15.1%  1750 18821s
 61496 40978 5533.57663  171 4044 6299.00000 5351.21720  15.0%  1750 18827s
 61497 40979 5361.02171   80 4105 6299.00000 5351.58426  15.0%  1750 18831s
 61501 40982 5535.51560  258 4309 6299.00000 5351.70992  15.0%  1750 18835s
 61502 40982 5416.08948  192 4349 6299.00000 5351.71210  15.0%  1750 18862s
 61503 40983 5435.68774  135 4440 6299.00000 5352.40407  15.0%  1750 18880s
 61504 40984 5379.13296   88 4265 6299.00000 5352.65668  15.0%  1750 18885s
 61507 40986 5413.19682  105 4144 6299.00000 5352.93160  15.0%  1750 18891s
 61509 40987 5637.88087  334 4246 6299.00000 5352.94876  15.0%  1750 18917s
 61510 40988 5494.56548  252 4391 6299.00000 5353.27240  15.0%  1750 18921s
 61513 40990 5614.42691  237 4428 6299.00000 5353.44840  15.0%  1750 18925s
 61521 40995 5414.13614  162 4385 6299.00000 5353.49794  15.0%  1750 18957s
 61522 40996 5765.32467  415 4068 6299.00000 5353.91850  15.0%  1750 18961s
 61525 40998 5605.28317  428 4642 6299.00000 5354.15351  15.0%  1750 18966s
 61527 40999 5496.30307  145 4516 6299.00000 5354.16565  15.0%  1750 18994s
 61528 41000 6143.61565  278 4510 6299.00000 5354.48563  15.0%  1749 18997s
 61529 41000 5535.23566  312 4455 6299.00000 5354.65757  15.0%  1749 19000s
 61532 41002 5612.61646  307 4671 6299.00000 5354.81618  15.0%  1749 19005s
 61534 41004 5363.00558  130 4813 6299.00000 5354.82906  15.0%  1749 19030s
 61536 41005 5448.76058  302 4550 6299.00000 5355.20190  15.0%  1749 19036s
 61540 41008 5400.03386  151 4569 6299.00000 5355.28066  15.0%  1749 19040s
 61541 41008 5933.15052  299 4557 6299.00000 5355.28224  15.0%  1749 19066s
 61542 41009 5366.32954  103 4452 6299.00000 5355.67847  15.0%  1749 19070s
 61544 41010 5638.51706  337 4484 6299.00000 5355.98003  15.0%  1749 19076s
 61548 41013 5493.16786  143 4653 6299.00000 5356.04150  15.0%  1749 19104s
 61549 41014 5564.64447  301 4396 6299.00000 5356.64289  15.0%  1749 19109s
 61550 41014 5760.53837  419 4483 6299.00000 5356.86903  15.0%  1749 19112s
 61552 41016 5955.74709  351 4620 6299.00000 5356.98639  15.0%  1749 19115s
 61554 41017 5463.16865  187 4686 6299.00000 5356.99069  15.0%  1749 19139s
 61555 41018 5983.19034  395 4431 6299.00000 5357.42146  14.9%  1749 19143s
 61556 41018 5409.61733   67 4348 6299.00000 5357.62212  14.9%  1749 19147s
 61558 41020 6202.81032  529 4678 6299.00000 5357.76361  14.9%  1749 19150s
 61560 41021 5742.31244  257 4659 6299.00000 5357.78772  14.9%  1749 19176s
 61561 41022 5358.07246   73 4375 6299.00000 5358.07246  14.9%  1749 19180s
 61565 41024 5499.18228  281 4656 6299.00000 5358.29005  14.9%  1748 19185s
 61567 41026 5425.95396  202 4639 6299.00000 5358.29798  14.9%  1748 19209s
 61568 41026 5573.68340  294 4427 6299.00000 5358.87251  14.9%  1748 19214s
 61569 41027 5453.67225  211 4566 6299.00000 5359.15059  14.9%  1748 19218s
 61570 41028 5426.34688  173 4480 6299.00000 5359.24901  14.9%  1748 19220s
 61574 41030 5496.62797  228 4730 6299.00000 5359.31982  14.9%  1748 19250s
 61576 41032 5852.13423  333 4539 6299.00000 5359.66355  14.9%  1748 19255s
 61583 41036 5635.67347  326 4610 6299.00000 5359.76415  14.9%  1748 19287s
 61584 41037 5371.66584  141 4325 6299.00000 5360.05556  14.9%  1748 19290s
 61587 41039 5792.65046  209 4839 6299.00000 5360.25098  14.9%  1748 19295s
 61589 41040 5402.79790  134 4769 6299.00000 5360.25941  14.9%  1748 19322s
 61590 41041 6166.89464  345 4395 6299.00000 5360.53676  14.9%  1748 19332s
 61591 41042 6250.79575  494 4585 6299.00000 5360.72073  14.9%  1748 19335s
 61594 41044 5360.82571   78 4757 6299.00000 5360.82571  14.9%  1748 19340s
 61597 41046 5361.02171   80 4689 6299.00000 5360.84218  14.9%  1748 19367s
 61598 41046 5380.54478  195 4481 6299.00000 5361.20032  14.9%  1747 19371s
 61599 41047 5423.60548  175 4706 6299.00000 5361.46123  14.9%  1747 19375s
 61602 41049 5416.08948  192 4578 6299.00000 5361.50540  14.9%  1747 19402s
 61604 41050 5379.13296   88 4625 6299.00000 5361.78408  14.9%  1747 19406s
 61608 41053 6222.85459  613 4623 6299.00000 5361.84664  14.9%  1747 19410s
 61610 41054 5494.56548  252 4780 6299.00000 5361.85080  14.9%  1747 19435s
 61612 41056 5373.01793  121 4598 6299.00000 5362.20320  14.9%  1747 19441s
 61615 41058 5468.96301  210 4728 6299.00000 5362.29337  14.9%  1747 19445s
 61617 41059 5545.27602  279 4775 6299.00000 5362.30400  14.9%  1747 19471s
 61618 41060 5482.64929  287 4619 6299.00000 5362.60814  14.9%  1747 19478s
 61619 41060 5549.14681  184 4586 6299.00000 5362.78129  14.9%  1747 19481s
 61622 41062 5765.32467  415 4660 6299.00000 5362.89483  14.9%  1747 19485s
 61627 41066 5496.30307  145 4799 6299.00000 5362.92409  14.9%  1747 19513s
 61628 41066 6143.61565  278 4472 6299.00000 5363.16249  14.9%  1747 19517s
 61630 41068 5998.74578  502 4623 6299.00000 5363.28950  14.9%  1747 19520s
 61634 41070 5363.31456  130 4730 6299.00000 5363.31456  14.9%  1746 19550s
 61635 41071 5800.74217  482 4556 6299.00000 5363.65400  14.8%  1746 19573s
 61636 41072 5448.76058  302 4608 6299.00000 5363.77035  14.8%  1746 19581s
 61640 41074 5400.03386  151 4651 6299.00000 5363.80587  14.8%  1746 19610s
 61641 41075 5933.15052  299 4640 6299.00000 5364.27156  14.8%  1746 19615s
 61643 41076 6056.68056  548 4726 6299.00000 5364.54679  14.8%  1746 19620s
 61648 41080 5493.16786  143 4857 6299.00000 5364.58115  14.8%  1746 19648s
 61649 41080 5564.64447  301 4476 6299.00000 5365.70610  14.8%  1746 19654s
 61650 41081 5760.53837  419 4547 6299.00000 5366.25938  14.8%  1746 19659s
 61651 41082 5366.36352   84 4525 6299.00000 5366.36352  14.8%  1746 19661s
 61655 41084 5983.19034  395 4694 6299.00000 5366.46260  14.8%  1746 19665s
 61656 41085 5409.61733   67 4641 6299.00000 5366.46462  14.8%  1746 19691s
 61657 41086 5367.07758   98 4612 6299.00000 5367.07758  14.8%  1746 19697s
 61658 41086 6202.81032  529 4658 6299.00000 5367.28339  14.8%  1746 19700s
 61661 41088 5367.40516   73 4693 6299.00000 5367.40516  14.8%  1746 19705s
 61664 41090 5399.04467  127 4799 6299.00000 5367.43874  14.8%  1746 19732s
 61666 41092 5367.68854  122 4693 6299.00000 5367.68854  14.8%  1746 19736s
 61669 41094 5453.67225  211 4739 6299.00000 5367.70563  14.8%  1745 19764s
 61670 41094 5426.34688  173 4657 6299.00000 5367.88585  14.8%  1745 19766s
 61674 41097 5496.62797  228 4783 6299.00000 5367.99453  14.8%  1745 19770s
 61675 41098 5367.99592  140 4807 6299.00000 5367.99592  14.8%  1745 19797s
 61676 41098 5852.13423  333 4547 6299.00000 5368.15369  14.8%  1745 19800s
 61680 41101 5873.04095  354 4696 6299.00000 5368.30841  14.8%  1745 19829s
 61681 41102 6147.83380  137 4448 6299.00000 5368.47232  14.8%  1745 19832s
 61683 41103 5635.67347  326 4531 6299.00000 5368.58204  14.8%  1745 19835s
 61685 41104 5589.06326  294 4633 6299.00000 5368.59297  14.8%  1745 19860s
 61687 41106 5792.65046  209 4514 6299.00000 5369.21090  14.8%  1745 19867s
 61691 41108 6250.79575  494 4709 6299.00000 5369.28051  14.8%  1745 19895s
 61693 41110 5998.16546  498 4450 6299.00000 5369.83824  14.8%  1745 19902s
 61695 41111 6178.97154  512 4471 6299.00000 5369.92873  14.7%  1745 19905s
 61699 41114 5423.60548  175 4527 6299.00000 5369.95039  14.7%  1745 19932s
 61700 41114 5981.17643  129 4539 6299.00000 5370.19094  14.7%  1745 19936s
 61702 41116 5416.08948  192 4484 6299.00000 5370.31750  14.7%  1745 19940s
 61706 41118 6288.84737  148 4755 6299.00000 5370.34976  14.7%  1744 19967s
 61708 41120 6222.85459  613 4805 6299.00000 5370.57752  14.7%  1744 19971s
 61711 41122 5436.28556  249 4836 6299.00000 5370.61406  14.7%  1744 19999s
 61712 41122 5373.01793  121 4375 6299.00000 5371.14382  14.7%  1744 20004s
 61713 41123 5614.42691  237 4446 6299.00000 5371.31264  14.7%  1744 20007s
 61715 41124 5468.96301  210 4628 6299.00000 5371.50989  14.7%  1744 20011s
 61719 41127 5549.14681  184 4648 6299.00000 5371.53486  14.7%  1744 20038s
 61720 41128 6263.94636  131 4622 6299.00000 5371.88498  14.7%  1744 20042s
 61721 41128 5414.13614  162 4691 6299.00000 5372.02426  14.7%  1744 20045s
 61726 41132 5716.20614  276 4710 6299.00000 5372.12413  14.7%  1744 20074s
 61727 41132 5496.30307  145 4533 6299.00000 5372.29162  14.7%  1744 20077s
 61729 41134 5535.23566  312 4745 6299.00000 5372.34551  14.7%  1744 20080s
 61733 41136 5511.73869  278 4750 6299.00000 5372.35901  14.7%  1744 20108s
 61734 41137 5372.52290  130 4786 6299.00000 5372.52290  14.7%  1744 20111s
 61738 41140 5402.15313  189 4986 6299.00000 5372.58659  14.7%  1744 20141s
 61740 41141 5400.03386  151 4769 6299.00000 5372.82732  14.7%  1743 20146s
 61746 41145 5486.81072  144 4922 6299.00000 5372.86700  14.7%  1743 20176s
 61749 41147 5564.64447  301 4852 6299.00000 5373.05331  14.7%  1743 20180s
 61754 41150 5463.16865  187 4765 6299.00000 5373.07432  14.7%  1743 20209s
 61755 41151 5983.19034  395 4768 6299.00000 5373.15352  14.7%  1743 20215s
 61761 41155 5373.24265   73 4827 6299.00000 5373.24265  14.7%  1743 20243s
 61762 41156 5758.42104  396 4570 6299.00000 5373.35223  14.7%  1743 20245s
 61766 41158 5373.42986  122 4618 6299.00000 5373.42986  14.7%  1743 20275s
 61769 41160 5453.67225  211 4575 6299.00000 5373.72223  14.7%  1743 20281s
 61772 41162 5378.63841  173 4828 6299.00000 5373.78999  14.7%  1743 20285s
 61773 41163 5487.24325  180 4819 6299.00000 5373.79279  14.7%  1743 20311s
 61775 41164 5374.00276  140 4731 6299.00000 5374.00276  14.7%  1742 20315s
 61780 41168 5873.04095  354 4832 6299.00000 5374.09360  14.7%  1742 20345s
 61781 41168 6147.83380  137 4655 6299.00000 5374.26717  14.7%  1742 20357s
 61783 41170 5635.67347  326 4854 6299.00000 5374.41406  14.7%  1742 20361s
 61786 41172 5374.44200  125 4918 6299.00000 5374.44200  14.7%  1742 20390s
 61788 41173 5561.18832  210 4804 6299.00000 5374.79676  14.7%  1742 20396s
 61793 41176 5998.16546  498 4900 6299.00000 5374.88805  14.7%  1742 20400s
 61794 41177 5374.88860   78 4941 6299.00000 5374.88860  14.7%  1742 20426s
 61796 41178 5533.57663  171 4803 6299.00000 5375.10315  14.7%  1742 20431s
 61800 41181 5981.17643  129 5015 6299.00000 5375.16145  14.7%  1742 20460s
 61803 41183 5435.68774  135 4993 6299.00000 5375.51917  14.7%  1742 20465s
 61806 41185 6288.84737  148 5024 6299.00000 5375.55941  14.7%  1742 20494s
 61807 41186 5413.19682  105 4754 6299.00000 5375.81978  14.7%  1742 20498s
 61808 41186 6222.85459  613 4781 6299.00000 5375.89426  14.7%  1742 20500s
 61812 41189 5375.92329  121 5056 6299.00000 5375.92329  14.7%  1741 20528s
 61813 41190 5614.42691  237 4894 6299.00000 5376.05025  14.7%  1741 20531s
 61817 41192 5545.27602  279 4928 6299.00000 5376.20693  14.6%  1741 20535s
 61820 41194 6263.94636  131 5025 6299.00000 5376.21735  14.6%  1741 20562s
 61822 41196 5765.32467  415 4804 6299.00000 5376.32992  14.6%  1741 20565s
 61825 41198 5605.28317  428 4948 6299.00000 5376.36432  14.6%  1741 20593s
 61826 41198 5716.20614  276 4650 6299.00000 5376.49411  14.6%  1741 20595s
 61830 41201 5998.74578  502 4883 6299.00000 5376.61028  14.6%  1741 20600s
 61832 41202 5612.61646  307 4921 6299.00000 5376.61754  14.6%  1741 20628s
 61833 41203 5511.73869  278 4594 6299.00000 5376.87428  14.6%  1741 20654s
 61834 41204 5376.91030  130 4744 6299.00000 5376.91030  14.6%  1741 20655s
 61839 41207 6188.81383  136 4841 6299.00000 5376.96690  14.6%  1741 20684s
 61840 41208 5400.03386  151 4689 6299.00000 5377.02684  14.6%  1741 20686s
 61843 41210 6056.68056  548 4878 6299.00000 5377.05592  14.6%  1741 20713s
 61844 41210 5638.51706  337 4704 6299.00000 5377.16969  14.6%  1741 20715s
 61848 41213 5493.16786  143 4698 6299.00000 5377.32463  14.6%  1740 20720s
 61850 41214 5760.53837  419 4838 6299.00000 5377.33080  14.6%  1740 20747s
 61853 41216 5538.85277  362 4832 6299.00000 5377.47180  14.6%  1740 20750s
 61858 41220 6202.81032  529 4921 6299.00000 5377.51837  14.6%  1740 20779s
 61859 41220 5377.56173   88 4881 6299.00000 5377.56173  14.6%  1740 20780s
 61862 41222 5758.42104  396 4934 6299.00000 5377.58421  14.6%  1740 20809s
 61863 41223 5614.60576  238 4850 6299.00000 5377.63047  14.6%  1740 20811s
 61867 41226 5425.95396  202 4959 6299.00000 5377.71582  14.6%  1740 20815s
 61868 41226 5573.68340  294 4899 6299.00000 5377.71687  14.6%  1740 20840s
 61872 41229 5378.63841  173 5060 6299.00000 5377.95694  14.6%  1740 20846s
 61879 41234 5915.63454  201 5115 6299.00000 5378.01105  14.6%  1740 20876s
 61883 41236 5635.67347  326 5105 6299.00000 5378.11995  14.6%  1739 20880s
 61884 41237 5378.12310  141 4955 6299.00000 5378.12310  14.6%  1739 20906s
 61886 41238 5378.27626  125 5017 6299.00000 5378.27626  14.6%  1739 20910s
 61890 41241 6166.89464  345 5064 6299.00000 5378.33005  14.6%  1739 20937s
 61891 41242 6250.79575  494 4777 6299.00000 5378.54235  14.6%  1739 20941s
 61894 41244 5378.69833   78 4731 6299.00000 5378.69833  14.6%  1739 20945s
 61896 41245 5533.57663  171 4905 6299.00000 5378.70877  14.6%  1739 20970s
 61898 41246 5380.54478  195 4758 6299.00000 5379.25654  14.6%  1739 20977s
 61901 41248 5535.51560  258 4800 6299.00000 5379.33515  14.6%  1739 20980s
 61904 41250 5379.34557   88 4846 6299.00000 5379.34557  14.6%  1739 21006s
 61906 41252 6288.84737  148 4902 6299.00000 5379.54709  14.6%  1739 21010s
 61909 41254 5637.88087  334 4738 6299.00000 5379.57083  14.6%  1739 21037s
 61911 41255 5436.28556  249 4713 6299.00000 5379.67073  14.6%  1739 21041s
 61914 41257 5806.79865  430 4868 6299.00000 5379.68774  14.6%  1739 21069s
 61915 41258 5468.96301  210 4872 6299.00000 5379.92619  14.6%  1739 21072s
 61917 41259 5545.27602  279 4862 6299.00000 5380.01726  14.6%  1738 21075s
 61918 41260 5482.64929  287 4811 6299.00000 5380.02050  14.6%  1738 21101s
 61922 41262 5765.32467  415 4996 6299.00000 5380.12517  14.6%  1738 21105s
 61923 41263 5549.34067  188 4973 6299.00000 5380.12595  14.6%  1738 21131s
 61925 41264 5605.28317  428 4839 6299.00000 5380.35406  14.6%  1738 21136s
 61929 41267 5535.23566  312 5081 6299.00000 5380.40466  14.6%  1738 21162s
 61930 41268 5998.74578  502 4972 6299.00000 5380.57273  14.6%  1738 21165s
 61933 41270 5511.73869  278 5175 6299.00000 5380.74370  14.6%  1738 21170s
 61936 41272 5448.76058  302 5091 6299.00000 5380.76171  14.6%  1738 21197s
 61938 41273 5402.15313  189 5090 6299.00000 5380.92796  14.6%  1738 21201s
 61940 41274 5400.03386  151 5201 6299.00000 5380.95001  14.6%  1738 21228s
 61941 41275 5933.15052  299 4987 6299.00000 5381.11121  14.6%  1738 21230s
 61944 41277 5638.51706  337 5148 6299.00000 5381.28028  14.6%  1738 21235s
 61946 41278 5486.81072  144 5080 6299.00000 5381.29010  14.6%  1738 21262s
 61948 41280 5493.16786  143 5096 6299.00000 5381.38626  14.6%  1738 21265s
 61952 41282 5955.74709  351 5270 6299.00000 5381.41343  14.6%  1738 21294s
 61953 41283 5538.85277  362 5004 6299.00000 5381.44770  14.6%  1737 21295s
 61958 41286 6202.81032  529 5189 6299.00000 5381.48569  14.6%  1737 21323s
 61959 41287 5381.72924   88 4953 6299.00000 5381.72924  14.6%  1737 21327s
 61961 41288 5381.85357   73 5077 6299.00000 5381.85357  14.6%  1737 21330s
 61965 41291 5499.18228  281 5272 6299.00000 5381.89733  14.6%  1737 21358s
 61966 41292 5382.00184  122 4877 6299.00000 5382.00184  14.6%  1737 21360s
 61970 41295 5426.34688  173  880 6299.00000 5382.00184  14.6%  1752 21368s
 61971 41296 5947.87181  378 1003 6299.00000 5382.00184  14.6%  1751 21371s
 61973 41297 5487.24325  180 1062 6299.00000 5382.00184  14.6%  1751 21377s
 61974 41298 5496.62797  228 1417 6299.00000 5382.00184  14.6%  1751 21385s
 61975 41299 5382.00184  140 1596 6299.00000 5382.00184  14.6%  1751 21395s
 61976 41299 5852.13423  333 1773 6299.00000 5382.00184  14.6%  1751 21406s
 61977 41300 5852.98888  449 1786 6299.00000 5382.00184  14.6%  1751 21420s
 61978 41301 5412.59959  195 2070 6299.00000 5382.00184  14.6%  1751 21435s
 61979 41301 5915.63454  201 2251 6299.00000 5382.00184  14.6%  1751 21452s
 61980 41302 5873.04095  354 2584 6299.00000 5382.00184  14.6%  1751 21471s
 61981 41303 6147.83380  137 2829 6299.00000 5382.00184  14.6%  1751 21491s
 61982 41303 5933.71537  115 2779 6299.00000 5382.00184  14.6%  1751 21511s
 61983 41304 5635.67347  326 3083 6299.00000 5382.00184  14.6%  1751 21530s
 61984 41305 5382.00184  141 3225 6299.00000 5382.00184  14.6%  1751 21547s
 61985 41305 5589.06326  294 3514 6299.00000 5382.00184  14.6%  1751 21564s
 61986 41306 5382.00184  125 3420 6299.00000 5382.00184  14.6%  1751 21580s
 61987 41307 5792.65046  209 3708 6299.00000 5382.00184  14.6%  1751 21594s
 61988 41307 5561.18832  210 4043 6299.00000 5382.00184  14.6%  1751 21610s
 61989 41308 5402.79790  134 4371 6299.00000 5382.00184  14.6%  1751 21620s
 61990 41309 6166.89464  345 4015 6299.00000 5382.00184  14.6%  1751 21628s
 61991 41309 6250.79575  494 4417 6299.00000 5382.00184  14.6%  1751 21635s
 61992 41310 5533.71518  241 4554 6299.00000 5382.00184  14.6%  1751 21641s
 61993 41311 5998.16546  498 4774 6299.00000 5382.00184  14.6%  1751 21646s
 61995 41312 6178.97154  512 4611 6299.00000 5382.00184  14.6%  1751 21650s
 62001 41316 5535.51560  258 4849 6299.00000 5382.00184  14.6%  1751 21655s
 62003 41317 5435.68774  135 4682 6299.00000 5383.00721  14.5%  1751 21666s
 62005 41319 5411.03044  152 4734 6299.00000 5383.23874  14.5%  1751 21670s
 62009 41321 5637.88087  334 4608 6299.00000 5383.28159  14.5%  1750 21701s
 62010 41322 5494.56548  252 4739 6299.00000 5383.56432  14.5%  1750 21706s
 62014 41325 5806.79865  430 4758 6299.00000 5383.68846  14.5%  1750 21710s
 62016 41326 5410.59080  104 4626 6299.00000 5383.69592  14.5%  1750 21738s
 62017 41327 5545.27602  279 4704 6299.00000 5384.02970  14.5%  1750 21742s
 62020 41329 6263.94636  131 4688 6299.00000 5384.15149  14.5%  1750 21745s
 62021 41329 5414.13614  162 4702 6299.00000 5384.15246  14.5%  1750 21771s
 62022 41330 5765.32467  415 4731 6299.00000 5384.40132  14.5%  1750 21775s
 62024 41331 5564.93725  202 4653 6299.00000 5384.68476  14.5%  1750 21780s
 62027 41333 5496.30307  145 4733 6299.00000 5384.71273  14.5%  1750 21811s
 62028 41334 6143.61565  278 4671 6299.00000 5384.93246  14.5%  1750 21819s
 62029 41335 5535.23566  312 4607 6299.00000 5384.97531  14.5%  1750 21823s
 62031 41336 5718.69116  434 4675 6299.00000 5384.99660  14.5%  1750 21825s
 62033 41337 5511.73869  278 4795 6299.00000 5385.00026  14.5%  1750 21851s
 62036 41339 5448.76058  302 4749 6299.00000 5385.15622  14.5%  1750 21855s
 62039 41341 6188.81383  136 4723 6299.00000 5385.17686  14.5%  1750 21884s
 62040 41342 5400.03386  151 4813 6299.00000 5385.27412  14.5%  1750 21887s
 62043 41344 6056.68056  548 4873 6299.00000 5385.31772  14.5%  1749 21915s
 62045 41345 5542.23165  319 4752 6299.00000 5385.95913  14.5%  1749 21921s
 62050 41349 5760.53837  419 4686 6299.00000 5386.00333  14.5%  1749 21950s
 62052 41350 5955.74709  351 4722 6299.00000 5386.25954  14.5%  1749 21955s
 62056 41353 5409.61733   67 4899 6299.00000 5386.29870  14.5%  1749 21985s
 62058 41354 6202.81032  529 4912 6299.00000 5386.65609  14.5%  1749 21992s
 62061 41356 5386.74014   73 4932 6299.00000 5386.74014  14.5%  1749 22023s
 62062 41357 5758.42104  396 4902 6299.00000 5386.96584  14.5%  1749 22035s
 62065 41359 5499.18228  281 4661 6299.00000 5387.05408  14.5%  1749 22040s
 62066 41359 5387.05611  122 4649 6299.00000 5387.05611  14.5%  1749 22068s
 62067 41360 5425.95396  202 4698 6299.00000 5387.14872  14.5%  1749 22070s
 62072 41363 5387.20302  173 4872 6299.00000 5387.20302  14.5%  1749 22101s
 62074 41365 5496.62797  228 4844 6299.00000 5387.33697  14.5%  1749 22105s
 62078 41367 5412.59959  195 4943 6299.00000 5387.36416  14.5%  1748 22135s
 62081 41369 6147.83380  137 5044 6299.00000 5387.59793  14.5%  1748 22140s
 62082 41370 5933.71537  115 4988 6299.00000 5387.60087  14.5%  1748 22167s
 62083 41371 5635.67347  326 4862 6299.00000 5387.89219  14.5%  1748 22172s
 62085 41372 5589.06326  294 4829 6299.00000 5388.00108  14.5%  1748 22175s
 62087 41373 5792.65046  209 4932 6299.00000 5388.01313  14.5%  1748 22204s
 62088 41374 5561.18832  210 4820 6299.00000 5388.13430  14.5%  1748 22206s
 62093 41377 5998.16546  498 4957 6299.00000 5388.18463  14.5%  1748 22234s
 62094 41378 5388.37879   78 4820 6299.00000 5388.37879  14.5%  1748 22248s
 62095 41379 6178.97154  512 4784 6299.00000 5388.46733  14.5%  1748 22252s
 62098 41381 5388.53066  195 4932 6299.00000 5388.53066  14.5%  1748 22255s
 62099 41381 5423.60548  175 4941 6299.00000 5388.53211  14.5%  1748 22279s
 62100 41382 5981.17643  129 4908 6299.00000 5388.74477  14.5%  1748 22282s
 62102 41383 5416.08948  192 4911 6299.00000 5388.80847  14.4%  1748 22285s
 62104 41385 5388.81397   88 4796 6299.00000 5388.81397  14.4%  1748 22312s
 62105 41385 5411.03044  152 4791 6299.00000 5389.14290  14.4%  1748 22317s
 62107 41387 5413.19682  105 4986 6299.00000 5389.32834  14.4%  1748 22321s
 62110 41389 5494.56548  252 5085 6299.00000 5389.36502  14.4%  1748 22349s
 62111 41389 5436.28556  249 4921 6299.00000 5389.47532  14.4%  1748 22351s
 62114 41391 5806.79865  430 5077 6299.00000 5389.55448  14.4%  1747 22381s
 62115 41392 5468.96301  210 4990 6299.00000 5389.72380  14.4%  1747 22385s
 62119 41395 5549.14681  184 4993 6299.00000 5389.79222  14.4%  1747 22415s
 62120 41395 6263.94636  131 4910 6299.00000 5390.09344  14.4%  1747 22420s
 62124 41398 5564.93725  202 5135 6299.00000 5390.26588  14.4%  1747 22451s
 62125 41399 5605.28317  428 4925 6299.00000 5390.45387  14.4%  1747 22650s
 62126 41399 5716.20614  276 4916 6299.00000 5390.56222  14.4%  1747 22688s
 62127 41400 5496.30307  145 4917 6299.00000 5390.60449  14.4%  1747 22690s
 62131 41403 5718.69116  434 5025 6299.00000 5390.64933  14.4%  1747 22720s
 62133 41404 5511.73869  278 5092 6299.00000 5390.99863  14.4%  1747 22725s
 62136 41406 5448.76058  302 5030 6299.00000 5391.01955  14.4%  1747 22752s
 62138 41407 5402.15313  189 4824 6299.00000 5391.22047  14.4%  1747 22756s
 62142 41410 5391.25632  103 4883 6299.00000 5391.25632  14.4%  1747 22785s
 62144 41411 5638.51706  337 4704 6299.00000 5391.54239  14.4%  1747 22790s
 62147 41413 5391.58256  103 4856 6299.00000 5391.58256  14.4%  1747 22818s
 62148 41414 5493.16786  143 4804 6299.00000 5391.67615  14.4%  1747 22820s
 62152 41417 5955.74709  351 4866 6299.00000 5391.71925  14.4%  1746 22850s
 62155 41419 5983.19034  395 4928 6299.00000 5391.93059  14.4%  1746 22856s
 62158 41421 6202.81032  529 4858 6299.00000 5391.95087  14.4%  1746 22883s
 62159 41421 5392.19397   88 4876 6299.00000 5392.19397  14.4%  1746 22886s
 62161 41423 5392.32057   73 4972 6299.00000 5392.32057  14.4%  1746 22890s
 62163 41424 5614.60576  238 4876 6299.00000 5392.33468  14.4%  1746 22915s
 62166 41426 5392.50689  122 4753 6299.00000 5392.50689  14.4%  1746 22921s
 62169 41428 5453.67225  211 4888 6299.00000 5392.53045  14.4%  1746 22949s
 62170 41429 5426.34688  173 4850 6299.00000 5392.66520  14.4%  1746 22951s
 62174 41431 5496.62797  228 4720 6299.00000 5392.70926  14.4%  1746 22980s
 62179 41435 5915.63454  201 4969 6299.00000 5392.87152  14.4%  1746 23011s
 62181 41436 6147.83380  137 4741 6299.00000 5393.16444  14.4%  1746 23016s
 62185 41439 5589.06326  294 4719 6299.00000 5393.23815  14.4%  1745 23020s
 62186 41439 5393.23830  125 4817 6299.00000 5393.23830  14.4%  1745 23047s
 62189 41441 5402.79790  134 4843 6299.00000 5393.36341  14.4%  1745 23050s
 62192 41443 5533.71518  241 4868 6299.00000 5393.37185  14.4%  1745 23075s
 62197 41447 5393.47475   80 4777 6299.00000 5393.47475  14.4%  1745 23105s
 62199 41448 5423.60548  175 4855 6299.00000 5393.67859  14.4%  1745 23110s
 62202 41450 5416.08948  192 4817 6299.00000 5393.71039  14.4%  1745 23138s
 62203 41451 5435.68774  135 4720 6299.00000 5393.79336  14.4%  1745 23140s
 62208 41454 6222.85459  613 4703 6299.00000 5393.85415  14.4%  1745 23170s
 62211 41456 5436.28556  249 4902 6299.00000 5393.97609  14.4%  1745 23175s
 62212 41457 5393.97811  121 5008 6299.00000 5393.97811  14.4%  1745 23201s
 62215 41459 5468.96301  210 4695 6299.00000 5394.23008  14.4%  1745 23205s
 62219 41461 5549.14681  184 4811 6299.00000 5394.25836  14.4%  1745 23235s
 62222 41463 5765.32467  415 4717 6299.00000 5394.48336  14.4%  1744 23240s
 62224 41465 5564.93725  202 4705 6299.00000 5394.48752  14.4%  1744 23268s
 62225 41465 5605.28317  428 4760 6299.00000 5394.62961  14.4%  1744 23271s
 62229 41468 5535.23566  312 4917 6299.00000 5394.70816  14.4%  1744 23300s
 62233 41471 5511.73869  278 4975 6299.00000 5394.82903  14.4%  1744 23332s
 62235 41472 5800.74217  482 4859 6299.00000 5394.91787  14.4%  1744 23335s
 62237 41473 5414.78784  102 4928 6299.00000 5394.92753  14.4%  1744 23361s
 62239 41475 6188.81383  136 5076 6299.00000 5395.14261  14.3%  1744 23365s
 62242 41477 5395.15923  103 5064 6299.00000 5395.15923  14.3%  1744 23395s
 62245 41479 5542.23165  319 5028 6299.00000 5395.31134  14.3%  1744 23400s
 62248 41481 5493.16786  143 4930 6299.00000 5395.33481  14.3%  1744 23427s
 62250 41482 5760.53837  419 4888 6299.00000 5395.51531  14.3%  1744 23431s
 62253 41484 5538.85277  362 4935 6299.00000 5395.54695  14.3%  1744 23460s
 62255 41485 5983.19034  395 4924 6299.00000 5395.93412  14.3%  1744 23466s
 62258 41487 6202.81032  529 4938 6299.00000 5395.97395  14.3%  1743 23493s
 62259 41488 5396.01700   88 4957 6299.00000 5396.01700  14.3%  1743 23495s
 62263 41491 5614.60576  238 4873 6299.00000 5396.05871  14.3%  1743 23524s
 62264 41491 5399.04467  127 4700 6299.00000 5396.13069  14.3%  1743 23526s
 62267 41493 5425.95396  202 4703 6299.00000 5396.23371  14.3%  1743 23530s
 62269 41495 5453.67225  211 4698 6299.00000 5396.24065  14.3%  1743 23556s
 62271 41496 5947.87181  378 4711 6299.00000 5396.41491  14.3%  1743 23560s
 62274 41498 5496.62797  228 4797 6299.00000 5396.45453  14.3%  1743 23587s
 62276 41499 5852.13423  333 4798 6299.00000 5396.61564  14.3%  1743 23590s
 62280 41502 5873.04095  354 4840 6299.00000 5396.64315  14.3%  1743 23620s
 62285 41505 5589.06326  294 4818 6299.00000 5396.77233  14.3%  1743 23653s
 62287 41507 5792.65046  209 4847 6299.00000 5396.83756  14.3%  1743 23655s
 62291 41509 6250.79575  494 4773 6299.00000 5396.86117  14.3%  1742 23683s
 62292 41510 5533.71518  241 4644 6299.00000 5396.95978  14.3%  1742 23685s
 62295 41512 6178.97154  512 4883 6299.00000 5397.00077  14.3%  1742 23713s
 62296 41513 5533.57663  171 4911 6299.00000 5397.12661  14.3%  1742 23715s
 62299 41515 5423.60548  175 5010 6299.00000 5397.16711  14.3%  1742 23744s
 62300 41515 5981.17643  129 4928 6299.00000 5397.21538  14.3%  1742 23745s
 62304 41518 5397.26024   88 5076 6299.00000 5397.26024  14.3%  1742 23774s
 62305 41519 5411.03044  152 4818 6299.00000 5397.41002  14.3%  1742 23777s
 62308 41521 6222.85459  613 4943 6299.00000 5397.50260  14.3%  1742 23805s
 62311 41523 5436.28556  249 4902 6299.00000 5397.69011  14.3%  1742 23810s
 62313 41524 5614.42691  237 4913 6299.00000 5397.70840  14.3%  1742 23839s
 62314 41525 5806.79865  430 5041 6299.00000 5397.75885  14.3%  1742 23840s
 62317 41527 5545.27602  279 4982 6299.00000 5397.79355  14.3%  1742 23869s
 62318 41527 5482.64929  287 4917 6299.00000 5397.80340  14.3%  1742 23870s
 62321 41529 5414.13614  162 5086 6299.00000 5397.82304  14.3%  1742 23899s
 62322 41530 5765.32467  415 4852 6299.00000 5397.93603  14.3%  1742 23901s
 62325 41532 5605.28317  428 4971 6299.00000 5398.02787  14.3%  1742 23905s
 62327 41533 5496.30307  145 5108 6299.00000 5398.03810  14.3%  1741 23933s
 62328 41534 6143.61565  278 4919 6299.00000 5398.13330  14.3%  1741 23935s
 62332 41537 5612.61646  307 5004 6299.00000 5398.18457  14.3%  1741 23963s
 62333 41537 5511.73869  278 5057 6299.00000 5398.22680  14.3%  1741 23965s
 62336 41539 5448.76058  302 4873 6299.00000 5398.27053  14.3%  1741 23993s
 62337 41540 5414.78784  102 4856 6299.00000 5398.29466  14.3%  1741 23995s
 62339 41541 6188.81383  136 5003 6299.00000 5398.30240  14.3%  1741 24021s
 62341 41543 5933.15052  299 4843 6299.00000 5398.43433  14.3%  1741 24025s
 62343 41544 6056.68056  548 4981 6299.00000 5398.44778  14.3%  1741 24054s
 62344 41545 5638.51706  337 4950 6299.00000 5398.48656  14.3%  1741 24055s
 62349 41548 5564.64447  301 5121 6299.00000 5398.54555  14.3%  1741 24085s
 62352 41550 5955.74709  351 5221 6299.00000 5398.79467  14.3%  1741 24090s
 62355 41552 5983.19034  395 5146 6299.00000 5398.81209  14.3%  1741 24116s
 62357 41553 5399.16105   98 5114 6299.00000 5399.16105  14.3%  1741 24122s
 62359 41555 5399.26673   88 5166 6299.00000 5399.26673  14.3%  1741 24125s
 62362 41557 5758.42104  396 5279 6299.00000 5399.28579  14.3%  1741 24153s
 62363 41557 5614.60576  238 5141 6299.00000 5399.44153  14.3%  1740 24156s
 62366 41559 5399.52995  122 5144 6299.00000 5399.52995  14.3%  1740 24161s
 62368 41561 5573.68340  294 5185 6299.00000 5399.53520  14.3%  1740 24185s
 62370 41562 5426.34688  173 5084 6299.00000 5399.81275  14.3%  1740 24191s
 62372 41563 5399.83646  173 5212 6299.00000 5399.83646  14.3%  1740 24218s
 62373 41564 5487.24325  180 5052 6299.00000 5400.17969  14.3%  1740 24222s
 62374 41565 5496.62797  228 5061 6299.00000 5400.31970  14.3%  1740 24225s
 62380 41569 5873.04095  354 5305 6299.00000 5400.39893  14.3%  1740 24256s
 62382 41570 5933.71537  115 5084 6299.00000 5400.62754  14.3%  1740 24261s
 62384 41571 5400.63581  141 5130 6299.00000 5400.63581  14.3%  1740 24288s
 62385 41572 5589.06326  294 4913 6299.00000 5400.71007  14.3%  1740 24290s
 62389 41575 5402.79790  134 5174 6299.00000 5400.77233  14.3%  1740 24319s
 62390 41575 6166.89464  345 5116 6299.00000 5400.85103  14.3%  1740 24321s
 62394 41578 5400.88795   78 5138 6299.00000 5400.88795  14.3%  1740 24349s
 62395 41579 6178.97154  512 5131 6299.00000 5400.93240  14.3%  1740 24351s
 62398 41581 5400.96748  195 5144 6299.00000 5400.96748  14.3%  1740 24379s
 62399 41581 5423.60548  175 5095 6299.00000 5401.01023  14.3%  1739 24380s
 62402 41583 5416.08948  192 5082 6299.00000 5401.02623  14.3%  1739 24407s
 62404 41585 5401.14231   88 5010 6299.00000 5401.14231  14.3%  1739 24410s
 62408 41587 6222.85459  613 5011 6299.00000 5401.16264  14.3%  1739 24438s
 62409 41588 5637.88087  334 4932 6299.00000 5401.20136  14.3%  1739 24440s
 62411 41589 5436.28556  249 5150 6299.00000 5401.21798  14.3%  1739 24469s
 62412 41590 5401.24981  121 5193 6299.00000 5401.24981  14.3%  1739 24470s
 62418 41594 5482.64929  287 5165 6299.00000 5401.31578  14.3%  1739 24501s
 62420 41595 6263.94636  131 5060 6299.00000 5401.56276  14.2%  1739 24506s
 62423 41597 5549.34067  188 5036 6299.00000 5401.62020  14.2%  1739 24510s
 62424 41598 5564.93725  202 5050 6299.00000 5401.62111  14.2%  1739 24536s
 62425 41599 5605.28317  428 4999 6299.00000 5401.86578  14.2%  1739 24540s
 62429 41601 5535.23566  312 5136 6299.00000 5402.02567  14.2%  1739 24545s
 62430 41602 5998.74578  502 5193 6299.00000 5402.02749  14.2%  1739 24571s
 62432 41603 5612.61646  307 5133 6299.00000 5402.22617  14.2%  1739 24576s
 62435 41605 5800.74217  482 5206 6299.00000 5402.25247  14.2%  1738 24605s
 62439 41608 6188.81383  136 5051 6299.00000 5402.33058  14.2%  1738 24635s
 62442 41610 5402.35666  103 5069 6299.00000 5402.35666  14.2%  1738 24664s
 62443 41611 6056.68056  548 4963 6299.00000 5402.35952  14.2%  1738 24665s
 62444 41611 5638.51706  337 5027 6299.00000 5402.36042  14.2%  1738 24692s
 62447 41613 5402.38668  103 5044 6299.00000 5402.38668  14.2%  1738 24719s
 62448 41614 5493.16786  143 5095 6299.00000 5402.45546  14.2%  1738 24720s
 62451 41616 5402.47195   84 5119 6299.00000 5402.47195  14.2%  1738 24748s
 62453 41617 5538.85277  362 5069 6299.00000 5402.49284  14.2%  1738 24750s
 62454 41618 5463.16865  187 5068 6299.00000 5402.49605  14.2%  1738 24778s
 62456 41619 5409.61733   67 5074 6299.00000 5402.50444  14.2%  1738 24805s
 62461 41623 5402.57297   73 4997 6299.00000 5402.57297  14.2%  1738 24836s
 62463 41624 5614.60576  238 5062 6299.00000 5402.58661  14.2%  1738 24864s
 62464 41625 5402.60936  127 5069 6299.00000 5402.60936  14.2%  1738 24866s
 62468 41627 5573.68340  294 5031 6299.00000 5402.62780  14.2%  1738 24894s
 62469 41628 5453.67225  211 4961 6299.00000 5402.77366  14.2%  1738 24897s
 62471 41629 5947.87181  378 5052 6299.00000 5402.90946  14.2%  1737 24901s
 62476 41633 5852.13423  333 5194 6299.00000 5402.94969  14.2%  1737 24931s
 62477 41633 5852.98888  449 4966 6299.00000 5403.49693  14.2%  1737 24937s
 62478 41634 5412.59959  195 5047 6299.00000 5403.68019  14.2%  1737 24941s
 62480 41635 5873.04095  354 5097 6299.00000 5403.82663  14.2%  1737 24945s
 62482 41637 5933.71537  115 5247 6299.00000 5403.83548  14.2%  1737 24970s
 62485 41639 5589.06326  294 5245 6299.00000 5404.02281  14.2%  1737 24975s
 62487 41640 5792.65046  209 5282 6299.00000 5404.02779  14.2%  1737 25001s
 62492 41643 5533.71518  241 5215 6299.00000 5404.10121  14.2%  1737 25031s
 62494 41645 5404.39639   78 5153 6299.00000 5404.39639  14.2%  1737 25035s
 62497 41647 5404.43165   80 5393 6299.00000 5404.43165  14.2%  1737 25064s
 62498 41647 5404.47814  195 5161 6299.00000 5404.47814  14.2%  1737 25066s
 62502 41650 5416.08948  192 5193 6299.00000 5404.50799  14.2%  1737 25096s
 62504 41651 5404.54077   88 5280 6299.00000 5404.54077  14.2%  1737 25252s
 62505 41655 5404.54077   78 5254 6299.00000 5404.54077  14.2%  1746 25292s
 62507 41658 5404.55184   79 5269 6299.00000 5404.54077  14.2%  1746 25333s
 62511 41665 5404.65253   80 5143 6299.00000 5404.55283  14.2%  1747 25405s
 62519 41678 5406.90920   81 4660 6299.00000 5404.65287  14.2%  1749 25457s
 62535 41688 5425.99732   82 4405 6299.00000 5406.90958  14.2%  1752 25566s
 62550 41711 5440.51435   83 3744 6299.00000 5406.90958  14.2%  1757 25648s
 62578 41843 5447.43465   84 3866 6299.00000 5406.90958  14.2%  1761 25736s
 62719 41826 5448.76029   85 3706 6299.00000 5406.90958  14.2%  1768 25771s
 62749 41856 5449.96201   86 3534 6299.00000 5406.90958  14.2%  1769 25801s
 62789 41871 5450.85199   87 3638 6299.00000 5406.90958  14.2%  1770 25834s
 62818 41894 5451.11127   88 3646 6299.00000 5406.90958  14.2%  1771 25863s
 62850 41915 5453.60186   89 3464 6299.00000 5406.90958  14.2%  1771 25886s
 62882 41936 5453.73632   90 3411 6299.00000 5406.90958  14.2%  1771 25910s
 62914 41976 5454.49414   91 3270 6299.00000 5406.90958  14.2%  1771 25939s
 62964 41991 5455.19713   93 3271 6299.00000 5406.90958  14.2%  1772 25969s
 62996 42024 5455.62476   94 3364 6299.00000 5406.90958  14.2%  1773 25998s
 63040 42042 5456.04733   95 3408 6299.00000 5406.90958  14.2%  1773 26020s
 63072 42080 5456.20669   96 3422 6299.00000 5406.90958  14.2%  1774 26052s
 63121 42123 5456.36140   97 3440 6299.00000 5406.90958  14.2%  1775 26084s
 63180 42172 5457.07908   98 3451 6299.00000 5406.90958  14.2%  1776 26114s
 63249 42222 5473.25748   99 3388 6299.00000 5406.90958  14.2%  1777 26147s
 63322 42273 5475.33369  100 3321 6299.00000 5406.90958  14.2%  1778 26178s
 63397 42291 5480.08279  101 3092 6299.00000 5406.90958  14.2%  1779 26201s
 63440 42343 5480.20061  102 3102 6299.00000 5406.90958  14.2%  1780 26231s
 63507 42413 5480.62159  103 3120 6299.00000 5406.90958  14.2%  1780 26261s
 63599 42482 5480.96256  105 3080 6299.00000 5406.90958  14.2%  1781 26297s
 63699 42577 5485.17450  109 3211 6299.00000 5406.90958  14.2%  1782 26343s
 63827 42680 5487.42945  113 3057 6299.00000 5406.90958  14.2%  1782 26382s
 63973 42779 5491.44661  118 3061 6299.00000 5406.90958  14.2%  1783 26421s
 64120 42907 5527.74535  122 2880 6299.00000 5406.90958  14.2%  1784 26460s
 64297 43018 5530.82336  127 3001 6299.00000 5406.90958  14.2%  1784 26502s
 64467 43121 5555.24742  129 2856 6299.00000 5406.90958  14.2%  1784 26550s
 64627 43100 5560.55557  135 2919 6299.00000 5406.90958  14.2%  1785 26578s
 64659 43139 5561.10954  136 2989 6299.00000 5406.90958  14.2%  1786 26609s
 64709 43268 5561.85033  137 3031 6299.00000 5406.90958  14.2%  1786 26647s
 64855 43464 5564.67515  145 3024 6299.00000 5406.90958  14.2%  1786 26694s
 65099 43589 5576.68391  151 3100 6299.00000 5406.90958  14.2%  1786 26745s
 65306 43783 5584.67049  156 2870 6299.00000 5406.90958  14.2%  1787 26796s
 65569 43995 5590.49843  167 2822 6299.00000 5406.90958  14.2%  1786 26847s
 65868 44183 5594.23147  178 2760 6299.00000 5406.90958  14.2%  1785 26896s
 66156 44414 5597.98545  191 2586 6299.00000 5406.90958  14.2%  1784 26946s
 66483 44628 5605.75908  203 2742 6299.00000 5406.90958  14.2%  1782 26998s
 66806 44895 5611.40548  215 2485 6299.00000 5406.90958  14.2%  1781 27051s
 67181 44802 5640.76504  222 2596 6299.00000 5406.90958  14.2%  1778 27086s
 67213 44824 5646.28986  223 2505 6299.00000 5406.90958  14.2%  1778 27119s
 67245 44987 5650.85629  224 2443 6299.00000 5406.90958  14.2%  1779 27161s
 67419 45286 5689.23513  228 2273 6299.00000 5406.90958  14.2%  1779 27220s
 67776 45324 5700.93784  242 2132 6299.00000 5406.90958  14.2%  1777 27269s
 67933 45521 5704.76057  247 2215 6299.00000 5406.90958  14.2%  1777 27322s
 68184 45930 5708.78726  258 2131 6299.00000 5406.90958  14.2%  1775 27386s
 68711 46295 5729.97378  279 1957 6299.00000 5406.90958  14.2%  1771 27451s
 69270 46630 5751.69804  304 1874 6299.00000 5406.90958  14.2%  1767 27534s
 69821 46544 5765.90794  330 1993 6299.00000 5406.90958  14.2%  1763 27619s
 69919 46807 5771.76175  333 2042 6299.00000 5406.90958  14.2%  1765 27678s
 70234 46734 5792.22729  355 1932 6299.00000 5406.90958  14.2%  1763 27775s
 70266 46755 5792.42041  356 1977 6299.00000 5406.90958  14.2%  1763 27914s
 70298 46776 5792.71397  357 1929 6299.00000 5406.90958  14.2%  1763 27986s
 70330 46798 5792.73285  358 1925 6299.00000 5406.90958  14.2%  1763 28055s
 70362 46819 5793.29564  359 1944 6299.00000 5406.90958  14.2%  1763 28150s
 70394 46840 5794.66112  360 1914 6299.00000 5406.90958  14.2%  1763 28272s
 70426 46862 5794.96937  361 1886 6299.00000 5406.90958  14.2%  1763 28392s
 70458 46882 5817.70021  362 1968 6299.00000 5406.90958  14.2%  1763 28486s
 70490 46903 5818.93277  363 1942 6299.00000 5406.90958  14.2%  1763 28568s
 70522 46925 5819.03787  364 1907 6299.00000 5406.90958  14.2%  1763 28676s
 70554 46946 5819.08072  365 1908 6299.00000 5406.90958  14.2%  1763 28783s
 70586 46967 5840.33765  366 1742 6299.00000 5406.90958  14.2%  1762 28853s
 70618 46989 5840.82886  367 1820 6299.00000 5406.90958  14.2%  1762 28926s
 70650 47010 5840.83649  368 1820 6299.00000 5406.90958  14.2%  1762 28998s
 70682 47048 5840.92661  369 1802 6299.00000 5406.90958  14.2%  1762 29110s
 70731 47202 5845.97950  387 1798 6299.00000 5406.90958  14.2%  1761 29212s
 70901 47330 5876.74220  437 1802 6299.00000 5406.90958  14.2%  1759 29327s
 71086 47661 5958.12653  467 1724 6299.00000 5406.90958  14.2%  1757 29439s
 71495 48024 5998.41720  521 1753 6299.00000 5406.90958  14.2%  1751 29553s
 72027 48437 6020.17588  578 1808 6299.00000 5406.90958  14.2%  1745 29682s
 72676 48817 6068.60999  638 1613 6299.00000 5406.90958  14.2%  1738 29818s
 73321 49298 6157.84248  680 1603 6299.00000 5406.90958  14.2%  1731 29984s
 74133 49350 5458.76700   91 3199 6299.00000 5406.90958  14.2%  1724 30090s
 74475 49948 5469.97718   96 3080 6299.00000 5406.90958  14.2%  1724 30213s
 75237 49938 5516.12506  109 2864 6299.00000 5406.90958  14.2%  1722 30313s
 75511 50616 5521.20402  114 2609 6299.00000 5406.90958  14.2%  1723 30440s
 76307 51120 5570.28279  137 2416 6299.00000 5406.90958  14.2%  1721 30581s
 77118 51589 5623.67420  164 2134 6299.00000 5406.90958  14.2%  1721 30723s
 77899 52203 5681.02753  197 1873 6299.00000 5410.45979  14.1%  1721 30861s
 78834 52404 5761.93264  239 1645 6299.00000 5410.46040  14.1%  1720 30998s
 79347 52367 5791.36627  257 1728 6299.00000 5410.46040  14.1%  1722 31102s
 79483 53172 5795.61155  268 1588 6299.00000 5410.46040  14.1%  1723 31239s
 80351 54363 5902.51739  329 1441 6299.00000 5410.46040  14.1%  1721 31391s
 81836 55096 6101.65534  410 1277 6299.00000 5410.46040  14.1%  1711 31534s
 83154 55811     cutoff  518      6299.00000 5410.52220  14.1%  1699 31693s
 84379 56005 5454.77451   88 3784 6299.00000 5410.52220  14.1%  1692 31841s
 85052 55924 5476.15755   99 3450 6299.00000 5410.52220  14.1%  1691 31977s
 85213 56675 5481.25955  108 3239 6299.00000 5410.52220  14.1%  1694 32141s
 86065 57407 5568.81918  124 2599 6299.00000 5410.52220  14.1%  1696 32327s
 87105 58022 5639.00767  154 2049 6299.00000 5410.52220  14.1%  1698 32517s
 88105 58933 5768.53516  205 1741 6299.00000 5410.52220  14.1%  1701 32714s
 89370 59572 5920.11484  289 1153 6299.00000 5410.52220  14.1%  1701 32887s
 90493 61070 6165.58207  457  259 6299.00000 5410.52220  14.1%  1699 33174s
 92549 61248 6282.62148  629  251 6299.00000 5411.84385  14.1%  1695 33363s
 93482 62003 5447.17237   95 3408 6299.00000 5411.84385  14.1%  1699 33562s
 94592 62745 5492.45613  122 3020 6299.00000 5411.84385  14.1%  1701 33788s
 95755 63228 5531.47613  154 3211 6299.00000 5411.84385  14.1%  1704 33995s
 96641 64292 5559.24598  193 2772 6299.00000 5411.84385  14.1%  1706 34241s
 98029 64026 5771.09040  224 2317 6299.00000 5411.84385  14.1%  1709 34428s
 98225 65078 5775.33453  229 2248 6299.00000 5411.84385  14.1%  1710 34670s
 99376 66743 5918.75380  276 1991 6299.00000 5411.84385  14.1%  1709 34955s
 101475 68076 6220.89692  366 1602 6299.00000 5411.84385  14.1%  1706 35241s
 103683 67983 5465.87428  101 3936 6299.00000 5411.84385  14.1%  1700 35576s
 104487 69108 5477.27735  107 3638 6299.00000 5411.84385  14.1%  1701 35896s
 105940 69801 5614.25060  136 3158 6299.00000 5411.84385  14.1%  1709 36197s
 107211 70728 5701.83097  170 2697 6299.00000 5411.84385  14.1%  1714 36547s
 108616 71455 5911.85698  213 2156 6299.00000 5411.84385  14.1%  1722 36965s
 109944 72655 6242.66428  264 1822 6299.00000 5411.84385  14.1%  1729 37378s
 111678 74147 5479.51074  109 3465 6299.00000 5411.84385  14.1%  1737 37782s
 113805 76275 5549.63180  156 2823 6299.00000 5411.84385  14.1%  1739 38227s
 116734 76024 5876.52014  242 2111 6299.00000 5411.84385  14.1%  1739 38558s
 117556 77762 5888.65323  245 1857 6299.00000 5411.84385  14.1%  1739 39077s
 119676 79579 5430.31731  100 4147 6299.00000 5412.22645  14.1%  1749 39654s
 122312 81094 5439.39872  107 4120 6299.00000 5412.22645  14.1%  1762 40196s
 124919 80885 5441.61791  116 4099 6299.00000 5412.22645  14.1%  1771 40623s
 125719 82738 5443.61298  119 4051 6299.00000 5412.47405  14.1%  1777 41260s
 127989 84540 5451.02714  130 3797 6299.00000 5413.74639  14.1%  1797 41945s
 130834 86379 5460.53347  143 3876 6299.00000 5413.74639  14.1%  1813 42629s
 133760 88819 5465.17789  156 3717 6299.00000 5413.74639  14.1%  1828 43308s
 137312 91461 5483.04517  170 3521 6299.00000 5413.74639  14.1%  1835 43994s
 139512 90728 5756.96473  340 2820 6299.00000 5413.74639  14.1%  1842 43995s
 141416 92612 5494.97826  188 3405 6299.00000 5413.74639  14.1%  1836 44661s
 144013 94728 5508.32919  204 3711 6299.00000 5413.74639  14.1%  1852 45370s
 147206 96714 5511.26538  216 3737 6299.00000 5413.74639  14.1%  1861 46061s
 150297 99228 5522.76593  232 3559 6299.00000 5413.74639  14.1%  1870 46787s
 153929 101438 5529.60464  248 3542 6299.00000 5413.74639  14.1%  1873 47456s
 157481 102101 5539.62405  262 3466 6299.00000 5413.74639  14.1%  1878 48143s
 159664 104593 5570.61966  273 3533 6299.00000 5413.74639  14.1%  1883 48844s
 163005 107356 5554.78474  286 3537 6299.00000 5413.74639  14.1%  1891 49551s
 167066 109935 5569.15189  299 3433 6299.00000 5421.30817  13.9%  1890 50186s
 171188 111845 5586.13867  315 3273 6299.00000 5421.30817  13.9%  1885 50814s
 174711 113200 5597.59827  330 3373 6299.00000 5421.30817  13.9%  1884 51414s
 177332 115163 5620.29377  343 3445 6299.00000 5421.30817  13.9%  1889 52083s
 180427 116641 5630.06000  357 3194 6299.00000 5421.30817  13.9%  1893 52843s
 183149 121215 5692.70575  372 3048 6299.00000 5424.98500  13.9%  1897 53701s
 188855 124510 5655.60394  394 3099 6299.00000 5424.98500  13.9%  1890 54289s
 193936 126833 5735.46257  409 3202 6299.00000 5424.98500  13.9%  1875 54801s
 196395 128098 5675.97164  419 3221 6299.00000 5424.98500  13.9%  1879 55365s
 197774 131234 5681.81367  427 3130 6299.00000 5424.98500  13.9%  1879 55947s
 201046 134257 5694.14200  438 3186 6299.00000 5424.98500  13.9%  1879 56532s
 204160 137498 5817.00944  453 2970 6299.00000 5424.98500  13.9%  1879 57120s
 207437 140946 5721.88598  466 3150 6299.00000 5424.98500  13.9%  1880 57709s
 211093 144286 5735.90913  487 3048 6299.00000 5424.98500  13.9%  1878 58429s
 214589 147379 5745.56938  508 3053 6299.00000 5424.98500  13.9%  1881 59094s
 217968 150292 5750.65146  525 2960 6299.00000 5424.98500  13.9%  1886 59750s
 220935 153137 5755.84727  541 2866 6299.00000 5424.98500  13.9%  1892 60373s
 223929 157055 5767.34871  558 3063 6299.00000 5424.98500  13.9%  1895 61035s
 227984 158354 5774.99521  576 3030 6299.00000 5424.98500  13.9%  1894 61542s
 229386 161902 5779.91645  590 3062 6299.00000 5428.11342  13.8%  1895 62236s
 233333 165496 5792.23076  617 2979 6299.00000 5428.11342  13.8%  1895 62905s
 237203 167972 5810.55370  640 2722 6299.00000 5428.11342  13.8%  1896 63629s
 239993 171181 5853.28769  666 2822 6299.00000 5428.11342  13.8%  1898 64353s
 243563 174036 6000.01030  696 2591 6299.00000 5428.11342  13.8%  1901 65006s
 246490 177986 5545.33373  134 3556 6299.00000 5428.11342  13.8%  1906 65690s
 250679 179152 5898.27525  209 2966 6299.00000 5428.11342  13.8%  1901 66198s
 252002 182566 6255.92826  289 1897 6299.00000 5428.11342  13.8%  1903 66863s
 255444 185663 5491.08419  127 3534 6299.00000 5428.11342  13.8%  1906 67498s
 258703 188550 5598.47606  238 2881 6299.00000 5428.11342  13.8%  1907 68149s
 261711 191334 5727.54570  412 2742 6299.00000 5428.11342  13.8%  1911 68777s
 264675 195130 6041.81311  547 2323 6299.00000 5428.11342  13.8%  1913 69504s
 268628 198856 5442.05555  104 4588 6299.00000 5428.11342  13.8%  1914 70162s
 272578 202675 5820.84954  159 2851 6299.00000 5428.11342  13.8%  1914 70855s
 276693 205385 5459.89864   95 4070 6299.00000 5428.11342  13.8%  1914 71364s
 279528 208694 5558.69248  154 3502 6299.00000 5428.11342  13.8%  1913 71948s
 283157 211682 5771.41889  240 2493 6299.00000 5428.11342  13.8%  1909 72487s
 286422 214341 6111.78658  367 1537 6299.00000 5428.11342  13.8%  1907 73063s
 289274 215695 5498.27351  125 3514 6299.00000 5428.11342  13.8%  1908 73538s
 290743 218929 5545.90820  135 3388 6299.00000 5428.11342  13.8%  1906 74198s
 294490 222152 5930.29856  233 2147 6299.00000 5428.11342  13.8%  1907 74837s
 297961 225403 5519.26079  111 3302 6299.00000 5428.11342  13.8%  1906 75489s
 301452 228513 5886.60478  200 2306 6299.00000 5428.11342  13.8%  1906 76213s
 304925 231550 5522.49371  120 3137 6299.00000 5428.11342  13.8%  1908 76900s
 308053 234416 5768.24549  255 2094 6299.00000 5428.11342  13.8%  1910 77655s
 311075 237997 6249.44212  472 1388 6299.00000 5428.11342  13.8%  1908 78349s
 314865 241813 5622.95286  179 3069 6299.00000 5428.11342  13.8%  1908 79043s
 318812 244585 5845.85017  320 2144 6299.00000 5428.11342  13.8%  1907 79659s
 321826 246667 5462.80572  100 3912 6299.00000 5428.11342  13.8%  1905 80235s
 324012 247809 5519.34364  171 3298 6299.00000 5428.11342  13.8%  1907 80954s
 325188 251532 5541.76211  195 3324 6299.00000 5428.11342  13.8%  1908 81752s
 329010 253024 5685.29818  373 2565 6299.00000 5428.11342  13.8%  1910 82474s
 330545 256321 5906.42078  516 2240 6299.00000 5433.95224  13.7%  1911 83174s
 333929 257813 5500.77508  133 3651 6299.00000 5433.95224  13.7%  1912 83778s
 335495 262521 5533.77979  182 3185 6299.00000 5433.95224  13.7%  1912 84612s
 340390 266058 5636.79326  358 2791 6299.00000 5433.95224  13.7%  1910 85302s
 344157 268216 5822.09511  564 2548 6299.00000 5433.95224  13.7%  1910 85883s
 346338 271088 6112.75546  662 2247 6299.00000 5433.95224  13.7%  1911 86400s

Cutting planes:
  Learned: 10
  Gomory: 105
  Cover: 2179
  Implied bound: 135
  Projected implied bound: 16
  Clique: 141
  MIR: 1298
  Mixing: 2
  StrongCG: 1516
  Flow cover: 7244
  GUB cover: 344
  Zero half: 518
  Mod-K: 7
  RLT: 3340
  Relax-and-lift: 411
  BQP: 4

Explored 349350 nodes (667374395 simplex iterations) in 86400.46 seconds (133854.59 work units)
Thread count was 32 (of 64 available processors)

Solution count 10: 6299 6301 6312 ... 6329

Time limit reached
Best objective 6.299000000000e+03, best bound 5.434000000000e+03, gap 13.7323%
Solved r101_Skewed1 -> /project2/ssuen_1733/output/v3-balance-hours/r101_Skewed1.pkl / .json
[Wed Dec 17 16:47:09 PST 2025] Finished run_single_instance for r101_Skewed1
