==========================================
SLURM_JOB_ID = 5322921
SLURM_JOB_NODELIST = a04-03
TMPDIR = /tmp/SLURM_5322921
==========================================
Using Python:
Python 3.10.18
Checking core dependencies:
numpy: 2.2.6
gurobi: (12, 0, 3)
[Tue Dec 16 18:27:24 PST 2025] Starting run_single_instance on a04-03.hpc.usc.edu for rc101_Skewed2
Set parameter TokenServer to value "hpc-licenses.hpcc.usc.edu"
Set parameter TimeLimit to value 86400
Set parameter Seed to value 42
Set parameter OutputFlag to value 1
Gurobi Optimizer version 12.0.3 build v12.0.3rc0 (linux64 - "Rocky Linux 8.10 (Green Obsidian)")

CPU model: AMD EPYC 7513 32-Core Processor, instruction set [SSE2|AVX|AVX2]
Thread count: 64 physical cores, 64 logical processors, using up to 32 threads

Non-default parameters:
TimeLimit  86400
Seed  42

Optimize a model with 703650 rows, 728000 columns and 7279600 nonzeros
Model fingerprint: 0x78c50152
Variable types: 0 continuous, 728000 integer (727500 binary)
Coefficient statistics:
  Matrix range     [1e+00, 1e+03]
  Objective range  [1e+00, 1e+02]
  Bounds range     [1e+00, 5e+01]
  RHS range        [1e+00, 1e+03]
Presolve removed 677800 rows and 698154 columns
Presolve time: 2.87s
Presolved: 25850 rows, 29846 columns, 221050 nonzeros
Variable types: 0 continuous, 29846 integer (29800 binary)
Performing another presolve...
Presolve removed 600 rows and 200 columns
Presolve time: 0.35s
Deterministic concurrent LP optimizer: primal and dual simplex
Showing primal log only...


Root simplex log...

Iteration    Objective       Primal Inf.    Dual Inf.      Time
       0    5.8690000e+03   2.332500e+02   1.026743e+10      5s
Concurrent spin time: 0.13s

Solved with dual simplex

Root simplex log...

Iteration    Objective       Primal Inf.    Dual Inf.      Time
   15691    5.6745906e+03   0.000000e+00   0.000000e+00      8s

Root relaxation: objective 5.674591e+03, 15691 iterations, 2.51 seconds (3.05 work units)
Total elapsed time = 7.72s (DegenMoves)

    Nodes    |    Current Node    |     Objective Bounds      |     Work
 Expl Unexpl |  Obj  Depth IntInf | Incumbent    BestBd   Gap | It/Node Time

     0     0 5674.59064    0  836          - 5674.59064      -     -    8s
     0     0 5690.72348    0  908          - 5690.72348      -     -    9s
     0     0 5718.76996    0  905          - 5718.76996      -     -    9s
     0     0 5719.32751    0  813          - 5719.32751      -     -   10s
     0     0 5719.33663    0  813          - 5719.33663      -     -   10s
     0     0 5719.33663    0  813          - 5719.33663      -     -   10s
     0     0 5740.40717    0  839          - 5740.40717      -     -   11s
     0     0 5743.56332    0  869          - 5743.56332      -     -   11s
     0     0 5743.82445    0  836          - 5743.82445      -     -   11s
     0     0 5743.82445    0  842          - 5743.82445      -     -   11s
     0     0 5759.27111    0  954          - 5759.27111      -     -   13s
     0     0 5761.34587    0  975          - 5761.34587      -     -   13s
     0     0 5761.44822    0  949          - 5761.44822      -     -   13s
     0     0 5761.45257    0  973          - 5761.45257      -     -   13s
     0     0 5791.13684    0  965          - 5791.13684      -     -   16s
     0     0 5793.60777    0 1043          - 5793.60777      -     -   16s
     0     0 5793.65898    0 1049          - 5793.65898      -     -   17s
     0     0 5793.65946    0 1032          - 5793.65946      -     -   17s
     0     0 5837.53650    0 1051          - 5837.53650      -     -   19s
     0     0 5839.84559    0 1061          - 5839.84559      -     -   20s
     0     0 5839.88092    0 1068          - 5839.88092      -     -   20s
     0     0 5839.88529    0 1072          - 5839.88529      -     -   20s
     0     0 5875.05559    0 1085          - 5875.05559      -     -   23s
     0     0 5879.41181    0 1119          - 5879.41181      -     -   23s
     0     0 5879.48752    0 1152          - 5879.48752      -     -   24s
     0     0 5879.56638    0 1115          - 5879.56638      -     -   24s
     0     0 5879.59854    0 1114          - 5879.59854      -     -   24s
     0     0 5928.48146    0 1197          - 5928.48146      -     -   28s
     0     0 5931.97780    0 1232          - 5931.97780      -     -   29s
     0     0 5932.08150    0 1213          - 5932.08150      -     -   29s
     0     0 5932.10474    0 1219          - 5932.10474      -     -   29s
     0     0 5965.76219    0 1178          - 5965.76219      -     -   32s
     0     0 5971.08371    0 1316          - 5971.08371      -     -   34s
     0     0 5971.99842    0 1300          - 5971.99842      -     -   34s
     0     0 5972.07976    0 1398          - 5972.07976      -     -   35s
     0     0 5972.09719    0 1384          - 5972.09719      -     -   35s
     0     0 6046.00848    0 1240          - 6046.00848      -     -   38s
     0     0 6054.79567    0 1301          - 6054.79567      -     -   40s
     0     0 6055.09393    0 1375          - 6055.09393      -     -   41s
     0     0 6055.30657    0 1457          - 6055.30657      -     -   41s
     0     0 6055.32248    0 1407          - 6055.32248      -     -   41s
     0     0 6103.07158    0 1249          - 6103.07158      -     -   44s
     0     0 6107.36444    0 1379          - 6107.36444      -     -   45s
     0     0 6107.60683    0 1360          - 6107.60683      -     -   46s
     0     0 6107.63287    0 1393          - 6107.63287      -     -   46s
     0     0 6143.88443    0 1321          - 6143.88443      -     -   49s
     0     0 6146.10784    0 1313          - 6146.10784      -     -   50s
     0     0 6146.30965    0 1370          - 6146.30965      -     -   51s
     0     0 6146.43848    0 1421          - 6146.43848      -     -   51s
     0     0 6162.11005    0 1417          - 6162.11005      -     -   53s
     0     0 6164.03782    0 1385          - 6164.03782      -     -   54s
     0     0 6164.13794    0 1474          - 6164.13794      -     -   55s
     0     0 6179.37381    0 1350          - 6179.37381      -     -   57s
     0     0 6182.78370    0 1427          - 6182.78370      -     -   59s
     0     0 6183.53730    0 1474          - 6183.53730      -     -   59s
     0     0 6183.62494    0 1450          - 6183.62494      -     -   60s
     0     0 6201.75886    0 1476          - 6201.75886      -     -   63s
     0     0 6202.66589    0 1564          - 6202.66589      -     -   64s
     0     0 6202.88222    0 1517          - 6202.88222      -     -   64s
     0     0 6202.91362    0 1504          - 6202.91362      -     -   64s
     0     0 6218.99143    0 1410          - 6218.99143      -     -   66s
     0     0 6219.92608    0 1572          - 6219.92608      -     -   67s
     0     0 6219.98507    0 1553          - 6219.98507      -     -   68s
     0     0 6237.99219    0 1462          - 6237.99219      -     -   71s
     0     0 6239.11864    0 1497          - 6239.11864      -     -   72s
     0     0 6239.46864    0 1555          - 6239.46864      -     -   72s
     0     0 6239.48449    0 1567          - 6239.48449      -     -   72s
     0     0 6252.45582    0 1525          - 6252.45582      -     -   75s
     0     0 6255.43751    0 1406          - 6255.43751      -     -   76s
     0     0 6255.60335    0 1482          - 6255.60335      -     -   77s
     0     0 6264.50620    0 1459          - 6264.50620      -     -   79s
     0     0 6266.93711    0 1420          - 6266.93711      -     -   80s
     0     0 6267.03643    0 1462          - 6267.03643      -     -   80s
     0     0 6274.06713    0 1396          - 6274.06713      -     -   82s
     0     0 6275.21304    0 1355          - 6275.21304      -     -   84s
     0     0 6275.26796    0 1373          - 6275.26796      -     -   84s
     0     0 6279.48481    0 1413          - 6279.48481      -     -   86s
     0     0 6280.96710    0 1434          - 6280.96710      -     -   87s
     0     0 6281.13594    0 1490          - 6281.13594      -     -   87s
     0     0 6286.93524    0 1389          - 6286.93524      -     -   89s
     0     0 6288.25640    0 1381          - 6288.25640      -     -   90s
     0     0 6288.38285    0 1347          - 6288.38285      -     -   90s
     0     0 6295.55512    0 1513          - 6295.55512      -     -   92s
     0     0 6295.95476    0 1458          - 6295.95476      -     -   93s
     0     0 6296.06199    0 1461          - 6296.06199      -     -   93s
     0     0 6304.58481    0 1433          - 6304.58481      -     -   95s
     0     0 6305.03864    0 1451          - 6305.03864      -     -   96s
     0     0 6305.14873    0 1437          - 6305.14873      -     -   96s
     0     0 6307.55369    0 1444          - 6307.55369      -     -   97s
     0     0 6307.89274    0 1434          - 6307.89274      -     -   98s
     0     0 6307.92293    0 1493          - 6307.92293      -     -   98s
     0     0 6310.79349    0 1438          - 6310.79349      -     -  100s
     0     0 6311.77623    0 1437          - 6311.77623      -     -  101s
     0     0 6311.80048    0 1444          - 6311.80048      -     -  101s
     0     0 6316.24833    0 1451          - 6316.24833      -     -  103s
     0     0 6316.37991    0 1460          - 6316.37991      -     -  103s
     0     0 6321.97243    0 1439          - 6321.97243      -     -  104s
     0     0 6322.54676    0 1483          - 6322.54676      -     -  105s
     0     0 6322.63583    0 1541          - 6322.63583      -     -  105s
     0     0 6327.57258    0 1510          - 6327.57258      -     -  106s
     0     0 6328.37336    0 1532          - 6328.37336      -     -  107s
     0     0 6328.46576    0 1510          - 6328.46576      -     -  108s
     0     0 6332.82565    0 1520          - 6332.82565      -     -  109s
     0     0 6334.91809    0 1572          - 6334.91809      -     -  110s
     0     0 6334.96352    0 1593          - 6334.96352      -     -  110s
     0     0 6335.49452    0 1546          - 6335.49452      -     -  111s
     0     0 6335.72315    0 1537          - 6335.72315      -     -  112s
     0     0 6336.32280    0 1541          - 6336.32280      -     -  112s
     0     0 6336.64692    0 1517          - 6336.64692      -     -  113s
     0     2 6339.25969    0 1511          - 6339.25969      -     -  116s
     3     8 6341.47210    2 1494          - 6341.40652      -  1519  120s
     7    16 6341.90670    3 1527          - 6341.83491      -   845  125s
    31    64 6345.62447    5 1481          - 6343.64023      -  1724  131s
    95   166 6347.65741    7 1488          - 6346.38801      -  1181  149s
   165   234 6349.00869    9 1460          - 6347.95227      -   903  154s
   233   294 6352.14068   12 1401          - 6347.95227      -  1112  162s
   293   366 6353.75898   14 1414          - 6347.95227      -  1256  167s
   365   425 6354.29540   16 1341          - 6347.95227      -  1214  174s
   424   488 6360.44756   18 1351          - 6347.95227      -  1272  182s
   487   545 6361.62506   19 1406          - 6347.95227      -  1273  188s
   544   608 6364.39625   21 1337          - 6347.95227      -  1324  196s
   609   673 6371.19915   23 1369          - 6347.95227      -  1328  201s
   682   738 6375.23975   26 1384          - 6347.95227      -  1332  206s
   750   805 6372.53197   26 1310          - 6347.95227      -  1320  212s
   819   890 6376.71533   28 1312          - 6347.95227      -  1306  217s
   906   978 6378.57441   29 1332          - 6347.95227      -  1265  221s
  1000  1045 6379.81760   34 1339          - 6347.95227      -  1221  230s
  1071  1136 6380.22035   37 1312          - 6347.95227      -  1184  235s
  1168  1225 6382.30403   41 1339          - 6347.95227      -  1160  240s
  1257  1318 6381.25877   43 1330          - 6347.95227      -  1139  245s
  1352  1418 6384.72407   48 1358          - 6347.95227      -  1115  250s
  1452  1514 6386.52477   51 1354          - 6347.95227      -  1100  255s
  1655  1733 6387.25148   57 1344          - 6347.95227      -  1073  265s
  1772  1855 6390.26620   59 1370          - 6347.95227      -  1063  271s
  1896  1979 6391.06636   60 1363          - 6347.95227      -  1049  277s
  2020  2090 6393.71138   65 1306          - 6347.95227      -  1042  283s
  2138  2241 6397.93594   68 1380          - 6347.95227      -  1042  290s
  2295  2377 6399.60430   73 1337          - 6347.95227      -  1024  295s
  2431  2501 6399.84755   74 1255          - 6347.95227      -  1020  301s
  2556  2674 6402.20276   78 1373          - 6347.95227      -  1022  306s
  2731  2850 6406.60519   83 1404          - 6347.95227      -  1004  312s
  2915  3034 6406.44289   87 1325          - 6347.95227      -   992  317s
  3105  3174 6409.20518   89 1361          - 6347.95227      -   981  323s
  3253  3359 6414.95298   92 1339          - 6347.95227      -   987  329s
  3442  3536 6416.68433   94 1309          - 6347.95227      -   982  335s
  3623  3738 6418.25406  100 1384          - 6347.95227      -   984  341s
  3825  3919 6420.68789  109 1192          - 6347.95227      -   986  347s
  4008  4143 6424.51530  112 1139          - 6347.95227      -   994  354s
  4236  4370 6425.89807  118 1154          - 6347.95227      -   996  361s
  4475  4548 6429.08211  134 1149          - 6347.95227      -   995  368s
  4661  4772 6437.50392  137 1192          - 6347.95227      -  1009  375s
  4887  5030 6455.56413  146 1184          - 6347.95227      -  1016  383s
  5145  5319 6456.95000  148 1112          - 6347.95227      -  1014  390s
  5444  5683 6460.39296  155 1116          - 6347.95227      -  1008  397s
  5814  6029 6465.65438  164 1095          - 6347.95227      -   993  405s
  6170  6454 6481.37176  173 1121          - 6348.81942      -   985  413s
  6599  6916 6475.14357  179 1029          - 6348.81942      -   969  420s
  7065  7284 6478.41921  196 1074          - 6348.81942      -   952  429s
  7435  7716 6481.66318  212 1063          - 6348.81942      -   953  439s
  7867  8072 6487.83938  223 1038          - 6348.81942      -   947  449s
  8227  8488 6504.91406  234  959          - 6348.81942      -   952  460s
  8643  8967 6502.01546  248  970          - 6348.81942      -   952  469s
  9126  9423 6516.34689  258  992          - 6348.81942      -   947  480s
  9596  9875 6524.93779  279  919          - 6348.81942      -   947  490s
 10068 10372 6536.82412  287  860          - 6348.81942      -   949  500s
 10575 10910 6555.38030  300  960          - 6348.81942      -   950  510s
 11134 11456 6608.38709  306  945          - 6348.81942      -   950  522s
 11742 11995 6638.28484  322  983          - 6348.81942      -   947  534s
 12333 12615 6359.83473   12 1390          - 6348.81942      -   948  549s
 13075 13298 6379.33633   31 1414          - 6348.81942      -   938  562s
 13796 13952 6399.47173   51 1454          - 6348.81942      -   931  575s
 14520 13953 6530.79900  217 13820          - 6348.81942      -   925  611s
 14522 13954 6609.24757  103  826          - 6348.81942      -   925  618s
 14524 13956 6894.23472  311  968          - 6348.81942      -   925  621s
 14526 13957 6536.35557  186 1140          - 6348.81942      -   925  627s
 14527 13958 6458.97690   86 1224          - 6348.81942      -   925  630s
 14529 13959 7339.13205  424 1265          - 6348.81942      -   925  636s
 14531 13960 6643.64428   16 1368          - 6348.81942      -   924  641s
 14534 13962 6525.55420  159 1365          - 6351.52232      -   924  645s
 14540 13966 6656.31624  166 1520          - 6407.56411      -   924  656s
 14541 13967 6435.39807   81 1369          - 6435.39807      -   924  660s
 14543 13968 6518.15979  211 1445          - 6453.23611      -   924  665s
 14549 13972 6674.18022  129 1584          - 6502.73593      -   923  674s
 14550 13973 6527.00242  192 1547          - 6511.48528      -   923  677s
 14552 13974 6732.73282  238 1555          - 6514.68301      -   923  680s
 14557 13978 6578.13335  109 1468          - 6560.49335      -   923  690s
 14559 13979 6572.20919   11 1650          - 6572.20919      -   923  695s
 14566 13984 6600.57863  167 1619          - 6600.57863      -   922  705s
 14568 13985 6607.77002  210 1648          - 6607.77002      -   922  710s
 14573 13988 6616.88200   78 1586          - 6608.62562      -   922  718s
 14574 13989 6756.88329  182 1675          - 6628.80580      -   922  724s
 14575 13990 6782.44945  182 1597          - 6635.94232      -   922  728s
 14576 13990 6637.92422  278 1638          - 6637.92422      -   922  730s
 14582 13994 6679.33418  195 1656          - 6663.20134      -   921  740s
 14584 13996 6671.19975  119 1761          - 6671.19975      -   921  746s
 14589 13999 6802.95256  230 1743          - 6672.03077      -   921  750s
 14590 14000 6698.68097   31 1688          - 6698.68097      -   921  757s
 14591 14000 6704.61756  108 1749          - 6704.61756      -   921  761s
 14594 14002 6707.18380  439 1877          - 6707.18380      -   921  765s
 14599 14006 6729.95086   73 1825          - 6729.95086      -   920  774s
 14600 14006 6735.27549   43 1856          - 6735.27549      -   920  777s
 14602 14008 6737.03719   97 1836          - 6737.03719      -   920  780s
 14607 14011 7218.58578  434 1857          - 6753.54928      -   920  789s
 14608 14012 6758.10234  128 1992          - 6758.10234      -   920  793s
 14609 14012 6759.73907   12 1952          - 6759.73907      -   920  795s
 14619 14019 6776.18178   34 1891          - 6776.18178      -   919  805s
 14621 14020 6780.95840  240 2095          - 6780.95840      -   919  810s
 14626 14024 6781.62047  186 2079          - 6781.62047      -   918  815s
 14627 14024 6797.18110   86 1905          - 6797.18110      -   918  821s
 14628 14025 6799.58962  144 2022          - 6799.58962      -   918  825s
 14635 14030 6801.09149  147 2000          - 6801.09149      -   918  830s
 14636 14030 6814.78885  101 1967          - 6814.78885      -   918  836s
 14638 14032 6817.48690  489 2076          - 6817.48690      -   918  841s
 14645 14036 6817.77427   94 2096          - 6817.77427      -   917  846s
 14646 14037 6826.88041   37 1912          - 6826.88041      -   917  851s
 14648 14038 6829.18479   44 1990          - 6829.18479      -   917  855s
 14655 14043 6836.89749   45 1875          - 6836.89749      -   917  864s
 14656 14044 6839.31971  184 1986          - 6839.31971      -   917  867s
 14659 14046 6840.31704   11 1975          - 6840.31704      -   916  870s
 14662 14048 6850.40605  108 2030          - 6850.40605      -   916  880s
 14664 14049 6854.02553  108 2151          - 6854.02553      -   916  886s
 14669 14052 6854.33374  168 2195          - 6854.33374      -   916  891s
 14670 14053 6863.70671  231 2054          - 6863.70671      -   916  897s
 14671 14054 6866.38341   70 2025          - 6866.38341      -   916  900s
 14679 14059 6867.52520  321 2110          - 6867.52520      -   915  905s
 14680 14060 6874.70300   61 1888          - 6874.70300      -   915  911s
 14683 14062 6906.13623  379 2223          - 6876.88602      -   915  915s
 14689 14066 6885.25393  230 1992          - 6885.25393      -   915  924s
 14690 14066 6886.90893   31 2172          - 6886.90893      -   914  926s
 14692 14068 6888.34859  114 2120          - 6888.34859      -   914  930s
 14699 14072 6894.77065   73 2049          - 6894.77065      -   914  938s
 14700 14073 6895.86810   43 2125          - 6895.86810      -   914  941s
 14709 14079 6904.11751   12 2106          - 6904.11751      -   913  951s
 14711 14080 6906.40791  165 2084          - 6906.40791      -   913  955s
H14718 13377                    11303.000000 6911.26993  38.9%   913  963s
H14718 12705                    11192.000000 6911.26993  38.2%   913  963s
H14718 12066                    11186.000000 6911.26993  38.2%   913  963s
H14718 11460                    11176.000000 6911.26993  38.2%   913  963s
H14718 10883                    11031.000000 6911.26993  37.3%   913  963s
H14718 10336                    11027.000000 6911.26993  37.3%   913  963s
H14718  9816                    11019.000000 6911.26993  37.3%   913  963s
H14718  9322                    10852.000000 6911.26993  36.3%   913  963s
H14718  8852                    10849.000000 6911.26993  36.3%   913  963s
H14718  8406                    10829.000000 6911.26993  36.2%   913  963s
H14718  7983                    10795.000000 6911.26993  36.0%   913  963s
H14718  7580                    10786.000000 6911.26993  35.9%   913  963s
H14718  7198                    10785.000000 6911.26993  35.9%   913  963s
H14718  6835                    10763.000000 6911.26993  35.8%   913  963s
H14718  6490                    10756.000000 6911.26993  35.7%   913  963s
H14718  6162                    10662.000000 6911.29086  35.2%   913  964s
H14718  5850                    10613.000000 6911.29086  34.9%   913  964s
H14718  5554                    10457.000000 6911.29086  33.9%   913  964s
H14718  5273                    10453.000000 6911.29086  33.9%   913  964s
H14718  5006                    10415.000000 6911.29086  33.6%   913  964s
H14718  4753                    10345.000000 6911.29086  33.2%   913  965s
H14718  4512                    10311.000000 6911.29086  33.0%   913  965s
H14718  4283                    10301.000000 6911.29086  32.9%   913  965s
 14723  4286 6913.07879   25 2139 10301.0000 6913.07879  32.9%   912  970s
H14726  4070                    10283.000000 6919.24785  32.7%   912  977s
 14729  4072 7339.13205  424 2123 10283.0000 6919.90356  32.7%   912  980s
H14733  3868                    10275.000000 6927.46493  32.6%   912  989s
H14733  3671                    10167.000000 6927.46493  31.9%   912  989s
H14733  3484                    10161.000000 6927.46493  31.8%   912  989s
 14735  3485 6929.65994  147 2174 10161.0000 6929.65994  31.8%   912  993s
 14736  3486 6930.35765  101 2136 10161.0000 6930.35765  31.8%   912  995s
 14742  3490 6931.05891   45 2335 10161.0000 6931.05891  31.8%   911 1000s
H14745  3313                    10136.000000 6937.04158  31.6%   911 1007s
H14745  3144                    10120.000000 6937.04158  31.5%   911 1007s
 14748  3146 6938.66538   44 2116 10120.0000 6938.66538  31.4%   911 1011s
H14752  2988                    10077.000000 6943.98653  31.1%   911 1020s
H14752  2834                    10070.000000 6943.98653  31.0%   911 1020s
 14755  2836 6946.19633   45 2183 10070.0000 6946.19633  31.0%   910 1025s
H14761  2694                    10055.000000 6951.45299  30.9%   910 1035s
 14764  2696 6953.56927  108 2237 10055.0000 6953.56927  30.8%   910 1041s
 14771  2700 6953.89505   70 2305 10055.0000 6953.89505  30.8%   909 1045s
H14771  2561                    10052.000000 6962.59257  30.7%   909 1054s
H14771  2429                    10051.000000 6962.59257  30.7%   909 1054s
H14771  2303                    10044.000000 6962.59257  30.7%   909 1055s
H14771  2184                    10005.000000 6962.59257  30.4%   909 1055s
 14774  2186 6965.08397  182 2504 10005.0000 6965.08397  30.4%   909 1061s
 14782  2192 6969.93473  195 2363 10005.0000 6969.93473  30.3%   909 1069s
 14783  2192 6971.04104  379 2403 10005.0000 6971.04104  30.3%   909 1072s
 14786  2194 6971.79103   27 2413 10005.0000 6971.79103  30.3%   909 1075s
H14791  2083                    9974.0000000 6975.74689  30.1%   908 1082s
H14793  1975                    9970.0000000 6976.73037  30.0%   908 1085s
H14798  1875                    9968.0000000 6976.87723  30.0%   908 1088s
H14799  1777                    9934.0000000 6979.44020  29.7%   908 1093s
H14799  1684                    9932.0000000 6979.44020  29.7%   908 1093s
H14799  1595                    9911.0000000 6979.44020  29.6%   908 1093s
H14799  1511                    9907.0000000 6979.44020  29.6%   908 1093s
 14801  1512 6980.03720  343 2385 9907.00000 6980.03720  29.5%   908 1095s
 14807  1516 7218.58578  434 2591 9907.00000 6980.46534  29.5%   907 1100s
H14807  1435                    9709.0000000 6985.79113  28.0%   907 1105s
H14807  1358                    9684.0000000 6985.79113  27.9%   907 1105s
H14807  1286                    9673.0000000 6985.79113  27.8%   907 1105s
H14807  1217                    9613.0000000 6985.83252  27.3%   907 1106s
 14810  1219 6986.95041  147 2377 9613.00000 6986.95041  27.3%   907 1110s
H14814  1156                    9608.0000000 6987.11482  27.3%   907 1112s
H14816  1094                    9596.0000000 6990.50661  27.2%   907 1120s
H14816  1034                    9570.0000000 6990.58754  27.0%   907 1121s
H14816   977                    9467.0000000 6990.58754  26.2%   907 1121s
H14816   924                    9460.0000000 6990.58754  26.1%   907 1121s
H14816   872                    9443.0000000 6990.58754  26.0%   907 1121s
H14816   824                    9442.0000000 6990.58754  26.0%   907 1121s
 14820   827 6991.38605  217 2501 9442.00000 6991.38605  26.0%   906 1125s
H14825   783                    9419.0000000 6996.12514  25.7%   906 1142s
H14825   739                    9416.0000000 6996.12514  25.7%   906 1144s
H14825   697                    9414.0000000 6996.12514  25.7%   906 1148s
H14825   657                    9379.0000000 6996.12514  25.4%   906 1155s
H14825   619                    9240.0000000 6996.12514  24.3%   906 1163s
H14825   583                    9206.0000000 6996.12514  24.0%   906 1163s
 14827   585 6996.93805   86 2283 9206.00000 6996.93805  24.0%   906 1166s
 14830   587 6997.56437  217 2343 9206.00000 6997.56437  24.0%   906 1170s
H14833   554                    9202.0000000 7002.41046  23.9%   906 1179s
 14835   555 7003.05574  147 2520 9202.00000 7003.05574  23.9%   906 1181s
 14839   558 7003.45337   86 2572 9202.00000 7003.45337  23.9%   905 1185s
H14843   527                    9196.0000000 7007.40367  23.8%   905 1191s
H14843   495                    9194.0000000 7007.40367  23.8%   905 1191s
H14844   466                    8987.0000000 7008.43934  22.0%   905 1195s
H14844   437                    8984.0000000 7008.43934  22.0%   905 1195s
H14845   411                    8982.0000000 7008.71392  22.0%   905 1196s
H14849   387                    8979.0000000 7008.83110  21.9%   905 1197s
H14850   363                    8973.0000000 7008.83123  21.9%   905 1198s
H14850   339                    8959.0000000 7008.83123  21.8%   905 1198s
H14850   317                    8957.0000000 7008.83123  21.8%   905 1198s
H14851   296                    8954.0000000 7013.21259  21.7%   905 1204s
H14851   276                    8917.0000000 7013.21259  21.4%   905 1204s
H14852   256                    8897.0000000 7014.51009  21.2%   905 1207s
 14856   259 7014.94342  184 2544 8897.00000 7014.94342  21.2%   904 1210s
 14861   262 7019.80644   97 2509 8897.00000 7019.80644  21.1%   904 1218s
 14862   263 7021.53320  108 2602 8897.00000 7021.53320  21.1%   904 1222s
 14864   264 7022.28548  108 2602 8897.00000 7022.28548  21.1%   904 1226s
H14869   249                    8894.0000000 7027.27418  21.0%   903 1236s
H14869   231                    8891.0000000 7027.27418  21.0%   903 1236s
 14872   233 7029.09310   72 2718 8891.00000 7029.09310  20.9%   903 1242s
 14875   235 7029.51275  182 2700 8891.00000 7029.51275  20.9%   903 1245s
 14878   237 7033.22713  159 2745 8891.00000 7033.22713  20.9%   903 1253s
 14879   237 7034.52265  321 2770 8891.00000 7034.52265  20.9%   903 1256s
 14881   239 7035.02211   50 2949 8891.00000 7035.02211  20.9%   903 1260s
H14886   224                    8888.0000000 7038.83168  20.8%   902 1270s
 14889   226 7040.50093  230 2684 8888.00000 7040.50093  20.8%   902 1275s
 14899   233 7043.65078   73 2604 8888.00000 7043.65078  20.8%   902 1285s
 14901   234 7045.06308  343 2715 8888.00000 7045.06308  20.7%   902 1291s
H14906   218                    8885.0000000 7047.98065  20.7%   901 1299s
H14906   201                    8854.0000000 7047.98065  20.4%   901 1299s
 14908   203 7048.49296  128 2656 8854.00000 7048.49296  20.4%   901 1301s
 14913   206 7048.71984   64 2679 8854.00000 7048.71984  20.4%   901 1305s
 14914   207 7285.51625  483 2527 8854.00000 7051.67201  20.4%   901 1311s
 14917   209 7052.78909  140 2690 8854.00000 7052.78909  20.3%   901 1316s
 14927   215 7052.92801   86 2637 8854.00000 7052.92801  20.3%   900 1320s
 14928   216 7055.94465  144 2625 8854.00000 7055.94465  20.3%   900 1326s
 14930   217 7057.07561  217 2620 8854.00000 7057.07561  20.3%   900 1330s
 14936   221 7057.65179  101 2896 8854.00000 7057.65179  20.3%   899 1335s
 14938   223 7059.88900  489 2842 8854.00000 7059.88900  20.3%   899 1341s
 14940   224 7060.68333  166 2962 8854.00000 7060.68333  20.3%   899 1345s
 14947   229 7064.72928  106 2704 8854.00000 7064.72928  20.2%   899 1355s
 14949   230 7065.98115  129 2924 8854.00000 7065.98115  20.2%   899 1361s
 14955   234 7069.61746   45 2751 8854.00000 7069.61746  20.2%   898 1371s
 14957   235 7070.44372  109 3022 8854.00000 7070.44372  20.1%   898 1375s
H14957   216                    8848.0000000 7070.65107  20.1%   898 1376s
H14958   199                    8846.0000000 7070.67610  20.1%   898 1377s
H14962   184                    8825.0000000 7073.47833  19.8%   898 1385s
H14962   168                    8819.0000000 7073.47833  19.8%   898 1385s
H14962   152                    8811.0000000 7073.47833  19.7%   898 1385s
 14965   154 7074.20329   94 2885 8811.00000 7074.20329  19.7%   898 1390s
 14973   159 7076.33263   78 2973 8811.00000 7076.33263  19.7%   897 1399s
 14974   160 7076.76485  182 2940 8811.00000 7076.76485  19.7%   897 1401s
 14980   164 7077.20693   61 3293 8811.00000 7077.20693  19.7%   897 1405s
 14981   164 7079.64631   50 2823 8811.00000 7079.64631  19.6%   897 1410s
 14983   166 7081.06137  379 3011 8811.00000 7081.06137  19.6%   897 1415s
H14991   154                    8799.0000000 7083.23349  19.5%   896 1424s
 14992   155 7083.23551  114 3010 8799.00000 7083.23551  19.5%   896 1425s
 14994   156 7084.48358  439 3144 8799.00000 7084.48358  19.5%   896 1430s
H15000   144                    8797.0000000 7087.06968  19.4%   896 1439s
H15000   129                    8793.0000000 7087.06968  19.4%   896 1439s
H15000   115                    8787.0000000 7087.06968  19.3%   896 1439s
H15000   101                    8781.0000000 7087.06968  19.3%   896 1439s
 15002   102 7087.81280   97 3304 8781.00000 7087.81280  19.3%   895 1442s
 15004   104 7088.13970  246 3351 8781.00000 7088.13970  19.3%   895 1445s
 15009   107 7090.47063   12 3203 8781.00000 7090.47063  19.3%   895 1453s
 15010   108 7091.01117  147 3152 8781.00000 7091.01117  19.2%   895 1455s
 15014   110 7285.51625  483 3312 8781.00000 7091.58840  19.2%   895 1460s
H15017    98                    8779.0000000 7094.50053  19.2%   895 1468s
H15017    85                    8765.0000000 7094.50053  19.1%   895 1468s
 15019    87 7095.12655   34 3107 8765.00000 7095.12655  19.1%   894 1471s
 15023    89 7095.52574   25 3208 8765.00000 7095.52574  19.0%   894 1475s
 15028    93 7097.75776  144 3206 8765.00000 7097.75776  19.0%   894 1482s
 15030    94 7098.25860  217 3309 8765.00000 7098.25860  19.0%   894 1485s
 15038    99 7100.02977  489 3338 8765.00000 7100.02977  19.0%   893 1493s
 15039   100 7100.77912   86 3413 8765.00000 7100.77912  19.0%   893 1496s
 15045   104 7103.27265   94 3313 8765.00000 7103.27265  19.0%   893 1504s
 15046   105 7104.09040   37 3202 8765.00000 7104.09040  18.9%   893 1507s
 15047   105 7104.46978  106 3340 8765.00000 7104.46978  18.9%   893 1510s
H15053    94                    8757.0000000 7106.64633  18.8%   892 1520s
 15056    96 7107.63175  184 3444 8757.00000 7107.63175  18.8%   892 1526s
 15061   100 7107.76757   97 3487 8757.00000 7107.76757  18.8%   892 1530s
 15063   101 7317.90785  513 3272 8757.00000 7109.91577  18.8%   892 1536s
 15069   105 7110.18248  168 3217 8757.00000 7110.18248  18.8%   891 1540s
 15070   106 7112.57484  231 3248 8757.00000 7112.57484  18.8%   891 1545s
 15072   107 7113.74682   72 3300 8757.00000 7113.74682  18.8%   891 1550s
 15079   112 7114.75099  321 3267 8757.00000 7114.75099  18.8%   891 1557s
 15081   113 7115.27416   50 3408 8757.00000 7115.27416  18.7%   891 1561s
 15087   117 7115.50391  186 3439 8757.00000 7115.50391  18.7%   890 1565s
 15088   118 7117.53765   13 3279 8757.00000 7117.53765  18.7%   890 1571s
 15090   119 7119.22086   31 3310 8757.00000 7119.22086  18.7%   890 1577s
 15092   120 7119.49154  114 3333 8757.00000 7119.49154  18.7%   890 1580s
 15096   123 7120.74207   73 3137 8757.00000 7120.74207  18.7%   890 1586s
 15098   124 7121.30368   58 3285 8757.00000 7121.30368  18.7%   890 1590s
 15105   129 7123.53115   86 3091 8757.00000 7123.53115  18.7%   889 1598s
 15106   130 7124.47333   18 2930 8757.00000 7124.47333  18.6%   889 1602s
 15108   131 7125.05554  128 3011 8757.00000 7125.05554  18.6%   889 1605s
 15113   134 7128.20689   64 3410 8757.00000 7128.20689  18.6%   889 1613s
 15114   135 7285.51625  483 3263 8757.00000 7129.07362  18.6%   889 1616s
 15117   137 7129.51266  140 3427 8757.00000 7129.51266  18.6%   889 1620s
 15122   140 7130.90676  103 3084 8757.00000 7130.90676  18.6%   888 1627s
 15124   142 7131.37728  311 3072 8757.00000 7131.37728  18.6%   888 1630s
 15129   145 7339.13205  424 3263 8757.00000 7133.28711  18.5%   888 1638s
 15130   146 7133.68881  217 3143 8757.00000 7133.68881  18.5%   888 1640s
 15133   148 7134.27733  392 3311 8757.00000 7134.27733  18.5%   888 1645s
 15139   152 7136.17517   86 3264 8757.00000 7136.17517  18.5%   887 1654s
 15140   152 7136.63768  166 3310 8757.00000 7136.63768  18.5%   887 1657s
 15145   156 7136.88878   94 3518 8757.00000 7136.88878  18.5%   887 1660s
 15148   158 7138.81456   44 3236 8757.00000 7138.81456  18.5%   887 1665s
 15150   159 7139.76665  192 3542 8757.00000 7139.76665  18.5%   887 1670s
 15157   164 7139.97852  109 3632 8757.00000 7139.97852  18.5%   886 1675s
 15159   165 7141.37421   11 3333 8757.00000 7141.37421  18.4%   886 1681s
 15165   169 7141.57684   94 3459 8757.00000 7141.57684  18.4%   886 1685s
 15167   170 7142.90017  112 3447 8757.00000 7142.90017  18.4%   886 1690s
 15174   175 7143.09108  182 3631 8757.00000 7143.09108  18.4%   885 1695s
 15176   176 7144.24431  278 3449 8757.00000 7144.24431  18.4%   885 1700s
 15183   181 7144.43813  379 3586 8757.00000 7144.43813  18.4%   885 1705s
 15186   183 7145.52359   27 3386 8757.00000 7145.52359  18.4%   885 1710s
 15193   188 7145.66067  143 3601 8757.00000 7145.66067  18.4%   884 1715s
 15195   189 7146.94485  143 3559 8757.00000 7146.94485  18.4%   884 1721s
 15201   193 7147.10300  343 3578 8757.00000 7147.10300  18.4%   884 1725s
 15203   194 7147.95695  539 3473 8757.00000 7147.95695  18.4%   884 1730s
 15208   198 7149.11494  128 3326 8757.00000 7149.11494  18.4%   883 1737s
 15210   199 7149.58044  147 3376 8757.00000 7149.58044  18.4%   883 1741s
 15216   203 7151.00594  234 3398 8757.00000 7151.00594  18.3%   883 1748s
 15217   204 7151.57136  140 3438 8757.00000 7151.57136  18.3%   883 1751s
 15220   206 7151.80505  217 3402 8757.00000 7151.80505  18.3%   883 1755s
 15225   209 7153.06393  373 3292 8757.00000 7153.06393  18.3%   882 1761s
 15228   211 7153.45419  144 3356 8757.00000 7153.45419  18.3%   882 1765s
H15232   192                    8751.0000000 7154.13739  18.2%   882 1771s
 15236   194 7154.50539  101 3251 8751.00000 7154.50539  18.2%   882 1775s
 15241   198 7155.11546   81 3343 8751.00000 7155.11546  18.2%   881 1781s
H15246   179                    8742.0000000 7155.97575  18.1%   881 1793s
 15248   180 7156.46612   44 3631 8742.00000 7156.46612  18.1%   881 1797s
 15252   183 7156.64099  238 3429 8742.00000 7156.64099  18.1%   881 1800s
 15254   184 7157.27417   10 3269 8742.00000 7157.27417  18.1%   881 1805s
 15259   188 7157.69794   11 3522 8742.00000 7157.69794  18.1%   880 1810s
 15260   188 7159.04775   67 3482 8742.00000 7159.04775  18.1%   880 1816s
 15262   190 7159.45549  108 3775 8742.00000 7159.45549  18.1%   880 1820s
 15268   194 7159.79084  210 3518 8742.00000 7159.79084  18.1%   880 1825s
 15273   197 7160.32198   78 3544 8742.00000 7160.32198  18.1%   880 1831s
 15278   200 7160.57555  159 3756 8742.00000 7160.57555  18.1%   879 1835s
 15281   202 7161.12382   50 3654 8742.00000 7161.12382  18.1%   879 1840s
 15286   206 7161.68844   27 3723 8742.00000 7161.68844  18.1%   879 1846s
 15290   208 7161.90334   31 3828 8742.00000 7161.90334  18.1%   879 1850s
 15294   211 7162.33638  439 3739 8742.00000 7162.33638  18.1%   878 1855s
 15299   214 7162.67768   73 3746 8742.00000 7162.67768  18.1%   878 1860s
 15302   216 7163.66200   97 3458 8742.00000 7163.66200  18.1%   878 1866s
 15306   219 7163.75979   18 3571 8742.00000 7163.75979  18.1%   878 1870s
 15308   220 7164.97155  128 3369 8742.00000 7164.97155  18.0%   878 1877s
 15312   223 7165.15281   18 3606 8742.00000 7165.15281  18.0%   877 1880s
 15315   225 7166.00404  205 3485 8742.00000 7166.00404  18.0%   877 1885s
 15319   228 7166.34885   34 3484 8742.00000 7166.34885  18.0%   877 1890s
 15323   230 7166.95286   25 3633 8742.00000 7166.95286  18.0%   877 1895s
 15328   234 7167.15636  144 3668 8742.00000 7167.15636  18.0%   876 1900s
 15332   236 7167.76087  177 3545 8742.00000 7167.76087  18.0%   876 1905s
 15337   240 7168.05442  249 3756 8742.00000 7168.05442  18.0%   876 1910s
 15341   242 7168.75266   81 3639 8742.00000 7168.75266  18.0%   876 1916s
 15347   246 7169.19651  106 3523 8742.00000 7169.19651  18.0%   875 1921s
 15349   248 7169.51669  129 3755 8742.00000 7169.51669  18.0%   875 1925s
 15354   251 7169.97814   10 3445 8742.00000 7169.97814  18.0%   875 1931s
 15358   254 7170.29743  106 3602 8742.00000 7170.29743  18.0%   875 1935s
 15362   256 7170.93844  108 3516 8742.00000 7170.93844  18.0%   874 1941s
 15369   261 7171.61161  168 3613 8742.00000 7171.61161  18.0%   874 1948s
 15370   262 7171.86272  231 3786 8742.00000 7171.86272  18.0%   874 1950s
 15376   266 7172.52013  278 3540 8742.00000 7172.52013  18.0%   874 1957s
 15380   269 7172.52013   61  828 8742.00000 7172.52013  18.0%   939 1963s
 15381   270 7172.52013   50  884 8742.00000 7172.52013  18.0%   939 1966s
 15383   271 7172.52013  379 1130 8742.00000 7172.52013  18.0%   939 1973s
 15384   272 7172.52013  119 1358 8742.00000 7172.52013  18.0%   939 1978s
 15385   273 7172.52013  186 1383 8742.00000 7172.52013  18.0%   939 1985s
 15386   273 7172.52013   27 1599 8742.00000 7172.52013  18.0%   939 1993s
 15387   274 7172.52013  186 1717 8742.00000 7172.52013  18.0%   939 2003s
 15388   275 7172.52013   13 1780 8742.00000 7172.52013  18.0%   939 2012s
 15389   275 7172.53577  230 1787 8742.00000 7172.53577  18.0%   939 2021s
 15390   276 7172.53577   31 2186 8742.00000 7172.53577  18.0%   939 2032s
 15391   277 7172.53577  108 2137 8742.00000 7172.53577  18.0%   939 2042s
 15392   277 7172.53577  114 2497 8742.00000 7172.53577  18.0%   938 2053s
 15393   278 7172.53577  143 2820 8742.00000 7172.53577  18.0%   938 2064s
 15394   279 7172.53577  439 3279 8742.00000 7172.53577  18.0%   938 2072s
 15395   279 7172.53577  143 3244 8742.00000 7172.53577  18.0%   938 2080s
 15397   281 7172.53577   82 3284 8742.00000 7172.53577  18.0%   938 2088s
 15398   281 7172.53577   58 3435 8742.00000 7172.53577  18.0%   938 2090s
 15404   285 7172.63122  246 3377 8742.00000 7172.63122  18.0%   938 2096s
H15404   270                    8741.0000000 7174.87756  17.9%   938 2104s
 15406   272 7175.49558   18 3280 8741.00000 7175.49558  17.9%   938 2107s
 15410   274 7175.68490  147 3330 8741.00000 7175.68490  17.9%   937 2110s
 15413   276 7177.13812   64 3311 8741.00000 7177.13812  17.9%   937 2118s
 15414   277 7285.51625  483 3194 8741.00000 7177.62975  17.9%   937 2121s
 15419   280 7177.80212   34 3252 8741.00000 7177.80212  17.9%   937 2126s
 15420   281 7179.48970  217 3083 8741.00000 7179.48970  17.9%   937 2131s
 15425   284 7179.86961  373 3190 8741.00000 7179.86961  17.9%   936 2137s
 15426   285 7180.49350  186 3324 8741.00000 7180.49350  17.9%   936 2140s
 15431   288 7181.02942   16 3349 8741.00000 7181.02942  17.8%   936 2147s
 15435   291 7181.26625  147 3306 8741.00000 7181.26625  17.8%   936 2152s
 15436   292 7182.30447  101 3095 8741.00000 7182.30447  17.8%   936 2155s
 15441   295 7182.54802   81 3236 8741.00000 7182.54802  17.8%   935 2161s
H15441   279                    8740.0000000 7183.28089  17.8%   935 2164s
 15442   280 7183.28110   45 3199 8740.00000 7183.28110  17.8%   935 2165s
H15446   267                    8738.0000000 7183.89787  17.8%   935 2171s
 15449   269 7184.96622  129 3365 8738.00000 7184.96622  17.8%   935 2177s
 15453   272 7185.07382  160 3392 8738.00000 7185.07382  17.8%   935 2181s
H15453   257                    8729.0000000 7185.73732  17.7%   935 2188s
H15453   243                    8722.0000000 7185.73732  17.6%   935 2188s
 15455   244 7185.84300   45 3353 8722.00000 7185.84300  17.6%   935 2191s
 15459   247 7185.96731   11 3332 8722.00000 7185.96731  17.6%   934 2197s
 15460   248 7187.18392   67 3160 8722.00000 7187.18392  17.6%   934 2202s
 15461   248 7187.51373   97 3192 8722.00000 7187.51373  17.6%   934 2205s
 15467   252 7187.71680  112 3269 8722.00000 7187.71680  17.6%   934 2211s
 15468   253 7188.60855  210 3168 8722.00000 7188.60855  17.6%   934 2215s
 15475   258 7189.12882  182 3232 8722.00000 7189.12882  17.6%   933 2222s
 15476   258 7190.14612  278 3235 8722.00000 7190.14612  17.6%   933 2226s
 15478   260 7190.72348  159 3454 8722.00000 7190.72348  17.6%   933 2230s
H15481   247                    8718.0000000 7192.20977  17.5%   933 2267s
H15481   233                    8709.0000000 7192.20977  17.4%   933 2271s
H15481   219                    8708.0000000 7192.20977  17.4%   933 2271s
 15482   219 7192.20977  195 3113 8708.00000 7192.20977  17.4%   933 2280s
 15483   220 7192.55415  379 3155 8708.00000 7192.55415  17.4%   933 2287s
 15487   223 7192.59809  186 3186 8708.00000 7192.59809  17.4%   933 2292s
 15488   223 7193.59708   13 3119 8708.00000 7193.59708  17.4%   933 2296s
 15493   227 7193.74775  143 3285 8708.00000 7193.74775  17.4%   932 2302s
 15494   227 7195.51696  439 3126 8708.00000 7195.51696  17.4%   932 2307s
 15495   228 7196.03439  143 3154 8708.00000 7196.03439  17.4%   932 2310s
 15501   232 7196.19879  343 3225 8708.00000 7196.19879  17.4%   932 2315s
 15503   233 7198.19924  539 3136 8708.00000 7198.19924  17.3%   932 2322s
 15508   237 7199.59237  128 3274 8708.00000 7199.59237  17.3%   931 2329s
 15509   237 7200.04763   12 3363 8708.00000 7200.04763  17.3%   931 2331s
 15515   241 7200.17691  205 3498 8708.00000 7200.17691  17.3%   931 2335s
 15516   242 7201.51144  234 3285 8708.00000 7201.51144  17.3%   931 2340s
 15519   244 7202.54858   34 3394 8708.00000 7202.54858  17.3%   931 2345s
 15524   247 7203.43426  311 3284 8708.00000 7203.43426  17.3%   930 2351s
 15527   249 7203.87731   86 3432 8708.00000 7203.87731  17.3%   930 2355s
H15530   236                    8704.0000000 7204.89376  17.2%   930 2362s
H15530   222                    8700.0000000 7204.89376  17.2%   930 2362s
 15534   225 7205.16433  159 3501 8700.00000 7205.16433  17.2%   930 2365s
 15537   227 7206.05945  249 3396 8700.00000 7206.05945  17.2%   930 2370s
 15542   230 7206.40093   45 3448 8700.00000 7206.40093  17.2%   929 2375s
 15545   232 7207.40610   94 3363 8700.00000 7207.40610  17.2%   929 2382s
 15551   236 7207.50748  218 3439 8700.00000 7207.50748  17.2%   929 2385s
 15552   237 7208.64963  238 3330 8700.00000 7208.64963  17.1%   929 2390s
 15556   240 7209.14155  184 3675 8700.00000 7209.14155  17.1%   929 2395s
 15561   243 7210.14076   97 3373 8700.00000 7210.14076  17.1%   928 2401s
 15566   246 7210.38121  167 3514 8700.00000 7210.38121  17.1%   928 2405s
 15569   248 7211.22837  168 3300 8700.00000 7211.22837  17.1%   928 2410s
 15575   252 7211.54493  182 3530 8700.00000 7211.54493  17.1%   927 2415s
 15577   254 7212.67819   14 3393 8700.00000 7212.67819  17.1%   927 2421s
 15579   255 7213.13825  321 3479 8700.00000 7213.13825  17.1%   927 2425s
 15584   258 7214.31789  119 3221 8700.00000 7214.31789  17.1%   927 2431s
 15586   260 7214.92461   27 3273 8700.00000 7214.92461  17.1%   927 2435s
 15591   263 7215.58958  108 3266 8700.00000 7215.58958  17.1%   926 2441s
 15594   265 7215.97068  439 3398 8700.00000 7215.97068  17.1%   926 2445s
 15599   268 7216.90236   73 3296 8700.00000 7216.90236  17.0%   926 2451s
 15604   272 7217.25213  246 3605 8700.00000 7217.25213  17.0%   926 2456s
 15605   272 7218.06262   86 3392 8700.00000 7218.06262  17.0%   926 2460s
 15607   274 7218.58578  434 3356 8700.00000 7218.49764  17.0%   926 2465s
 15611   276 7219.12712  165 3457 8700.00000 7219.12712  17.0%   925 2472s
 15614   278 7285.51625  483 3669 8700.00000 7219.32083  17.0%   925 2475s
 15618   281 7220.03450  112 3477 8700.00000 7220.03450  17.0%   925 2480s
 15622   284 7220.46445  103 3453 8700.00000 7220.46445  17.0%   925 2485s
 15625   286 7221.35837  373 3618 8700.00000 7221.35837  17.0%   924 2491s
 15628   288 7221.87800  144 3439 8700.00000 7221.87800  17.0%   924 2495s
 15632   290 7222.90715  177 3528 8700.00000 7222.90715  17.0%   924 2501s
 15635   292 7223.16457  147 3542 8700.00000 7223.16457  17.0%   924 2505s
 15639   295 7223.69433   86 3385 8700.00000 7223.69433  17.0%   924 2510s
 15643   298 7223.85765  211 3601 8700.00000 7223.85765  17.0%   923 2515s
H15643   279                    8697.0000000 7224.59919  16.9%   923 2519s
 15645   280 7224.76386   94 3353 8697.00000 7224.76386  16.9%   923 2521s
 15650   283 7225.20998  192 3600 8697.00000 7225.20998  16.9%   923 2527s
 15653   285 7225.38169  160 3693 8697.00000 7225.38169  16.9%   923 2530s
 15657   288 7225.87006  109 3576 8697.00000 7225.87006  16.9%   923 2535s
 15662   291 7226.18704  108 3843 8697.00000 7226.18704  16.9%   922 2541s
 15667   295 7226.41148  112 3701 8697.00000 7226.41148  16.9%   922 2546s
 15669   296 7226.98519  168 3616 8697.00000 7226.98519  16.9%   922 2550s
 15676   301 7227.15473  278 3743 8697.00000 7227.15473  16.9%   921 2555s
 15678   302 7227.70941  159 3420 8697.00000 7227.70941  16.9%   921 2560s
 15684   306 7228.22416  119 3590 8697.00000 7228.22416  16.9%   921 2567s
 15687   308 7228.55374  186 3711 8697.00000 7228.55374  16.9%   921 2570s
 15693   312 7229.08952  143 3725 8697.00000 7229.08952  16.9%   920 2577s
 15696   314 7229.29085   73 3750 8697.00000 7229.29085  16.9%   920 2580s
H15700   295                    8695.0000000 7229.84686  16.9%   920 2586s
 15703   297 7230.22616  539 3538 8695.00000 7230.22616  16.8%   920 2590s
 15708   300 7230.54895  128 3390 8695.00000 7230.54895  16.8%   920 2595s
 15712   303 7230.85425   18 3687 8695.00000 7230.85425  16.8%   919 2600s
 15716   305 7231.07940  234 3784 8695.00000 7231.07940  16.8%   919 2605s
 15723   310 7231.22738   25 3679 8695.00000 7231.22738  16.8%   919 2610s
 15727   313 7231.78834   86 3471 8695.00000 7231.78834  16.8%   918 2616s
 15736   319 7231.88958  101 3576 8695.00000 7231.88958  16.8%   918 2620s
 15738   320 7232.66907  489 3627 8695.00000 7232.66907  16.8%   918 2626s
 15744   324 7232.80484  337 3628 8695.00000 7232.80484  16.8%   917 2631s
 15746   325 7233.45615   37 3569 8695.00000 7233.45615  16.8%   917 2635s
 15751   329 7233.87606  218 3471 8695.00000 7233.87606  16.8%   917 2642s
 15756   332 7234.01544  184 3605 8695.00000 7234.01544  16.8%   917 2646s
 15757   333 7234.62658  109 3560 8695.00000 7234.62658  16.8%   917 2650s
 15760   335 7235.12024   67 3868 8695.00000 7235.12024  16.8%   917 2655s
 15764   337 7235.87901  108 3659 8695.00000 7235.87901  16.8%   916 2661s
 15766   339 7236.22703  167 3746 8695.00000 7236.22703  16.8%   916 2665s
 15772   343 7236.79058   72 3663 8695.00000 7236.79058  16.8%   916 2671s
 15775   345 7237.07580  182 3870 8695.00000 7237.07580  16.8%   916 2675s
 15780   348 7237.40755   61 3781 8695.00000 7237.40755  16.8%   915 2680s
 15787   353 7237.79369  186 3959 8695.00000 7237.79369  16.8%   915 2685s
 15789   354 7238.24052  230 3847 8695.00000 7238.24052  16.8%   915 2690s
 15795   358 7238.75643  143 3840 8695.00000 7238.75643  16.7%   915 2696s
 15798   360 7238.97979   58 3953 8695.00000 7238.97979  16.7%   914 2700s
 15803   363 7239.35611  539 3885 8695.00000 7239.35611  16.7%   914 2706s
 15808   367 7239.80888  128 3909 8695.00000 7239.80888  16.7%   914 2712s
 15810   368 7240.07815  147 3843 8695.00000 7240.07815  16.7%   914 2715s
 15818   373 7240.36459  112 3753 8695.00000 7240.36459  16.7%   913 2720s
 15824   377 7240.63430  311 3826 8695.00000 7240.63430  16.7%   913 2725s
 15831   382 7240.94955   16 3796 8695.00000 7240.94955  16.7%   912 2731s
 15836   385 7241.07623  101 3826 8695.00000 7241.07623  16.7%   912 2736s
 15838   387 7241.40408  489 3691 8695.00000 7241.40408  16.7%   912 2740s
 15844   391 7241.70115  337 3573 8695.00000 7241.70115  16.7%   912 2745s
 15850   395 7242.52571  192 3582 8695.00000 7242.52571  16.7%   911 2753s
 15851   395 7242.82223  218 3594 8695.00000 7242.82223  16.7%   911 2755s
 15858   400 7243.02501  106 3651 8695.00000 7243.02501  16.7%   911 2761s
 15860   401 7243.77868   67 3615 8695.00000 7243.77868  16.7%   911 2766s
 15866   405 7244.12988  167 3698 8695.00000 7244.12988  16.7%   910 2771s
 15871   409 7244.39703   70 3759 8695.00000 7244.39703  16.7%   910 2775s
 15876   412 7244.68564  278 3823 8695.00000 7244.68564  16.7%   910 2780s
 15882   416 7245.08133  195 3835 8695.00000 7245.08133  16.7%   909 2786s
 15887   419 7245.13474  186 3898 8695.00000 7245.13474  16.7%   909 2790s
 15893   423 7245.48940  143 3787 8695.00000 7245.48940  16.7%   909 2795s
 15896   425 7245.94668   73 3709 8695.00000 7245.94668  16.7%   909 2800s
 15903   430 7246.31431  539 3932 8695.00000 7246.31431  16.7%   908 2806s
 15906   432 7246.54765   18 3870 8695.00000 7246.54765  16.7%   908 2810s
 15909   434 7247.17399   12 3758 8695.00000 7247.17399  16.7%   908 2815s
 15914   437 7285.51625  483 3806 8695.00000 7247.46903  16.6%   908 2820s
 15918   440 7247.90864  112 3811 8695.00000 7247.90864  16.6%   907 2825s
 15921   442 7248.36539  240 3937 8695.00000 7248.36539  16.6%   907 2830s
 15925   445 7248.83489  373 3988 8695.00000 7248.83489  16.6%   907 2836s
 15931   449 7248.99377   16 4023 8695.00000 7248.99377  16.6%   907 2841s
 15933   450 7249.43182  392 3873 8695.00000 7249.43182  16.6%   907 2845s
 15939   454 7249.74744   86 3765 8695.00000 7249.74744  16.6%   906 2851s
 15946   459 7249.83090   37 3795 8695.00000 7249.83090  16.6%   906 2855s
 15948   460 7250.67960   44 3770 8695.00000 7250.67960  16.6%   906 2861s
 15951   462 7250.96986  218 3754 8695.00000 7250.96986  16.6%   906 2865s
 15955   465 7251.16917   45 3930 8695.00000 7251.16917  16.6%   905 2870s
 15964   471 7251.28707  108 3878 8695.00000 7251.28707  16.6%   905 2875s
 15970   475 7251.54261  231 3885 8695.00000 7251.54261  16.6%   904 2880s
 15975   478 7251.84671  182 3825 8695.00000 7251.84671  16.6%   904 2885s
 15980   481 7252.33913   61 3825 8695.00000 7252.33913  16.6%   904 2890s
 15986   485 7252.52192   27 4032 8695.00000 7252.52192  16.6%   904 2895s
 15988   487 7253.21501   13 4025 8695.00000 7253.21501  16.6%   903 2900s
 15995   491 7253.91553  143 3902 8695.00000 7253.91553  16.6%   903 2907s
 15998   493 7254.07737   58 3941 8695.00000 7254.07737  16.6%   903 2910s
 16003   497 7254.59564  539 3582 8695.00000 7254.59564  16.6%   903 2916s
 16010   501 7254.68910  147 3794 8695.00000 7254.68910  16.6%   902 2920s
 16015   505 7255.02496  205 3943 8695.00000 7255.02496  16.6%   902 2925s
 16018   507 7255.74613  112 3856 8695.00000 7255.74613  16.6%   902 2930s
 16023   510 7255.90727   25 3966 8695.00000 7255.90727  16.6%   901 2935s
 16027   513 7256.39526   86 3997 8695.00000 7256.39526  16.5%   901 2940s
 16033   517 7256.51015  392 3899 8695.00000 7256.51015  16.5%   901 2945s
 16043   523 7256.59031  211 4034 8695.00000 7256.59031  16.5%   900 2950s
 16046   525 7257.11047   37 3957 8695.00000 7257.11047  16.5%   900 2955s
 16052   529 7258.03438  238 3760 8695.00000 7258.03438  16.5%   900 2963s
 16053   530 7258.25982  160 3885 8695.00000 7258.25982  16.5%   900 2965s
 16060   535 7258.44055   67 3778 8695.00000 7258.44055  16.5%   899 2970s
 16065   538 7258.94601   94 3809 8695.00000 7258.94601  16.5%   899 2976s
 16071   542 7259.43242   70 3821 8695.00000 7259.43242  16.5%   899 2982s
 16073   543 7259.79055   78 3757 8695.00000 7259.79055  16.5%   899 2986s
 16078   547 7259.85643  159 3865 8695.00000 7259.85643  16.5%   898 2990s
 16081   549 7260.53225   50 3769 8695.00000 7260.53225  16.5%   898 2995s
 16086   552 7260.95854   27 3792 8695.00000 7260.95854  16.5%   898 3001s
 16090   555 7261.10374   31 3874 8695.00000 7261.10374  16.5%   898 3006s
 16092   556 7261.43674  114 3924 8695.00000 7261.43674  16.5%   898 3010s
 16097   559 7261.65251   82 3784 8695.00000 7261.65251  16.5%   897 3015s
 16103   563 7261.80341  539 3920 8695.00000 7261.80341  16.5%   897 3020s
 16105   565 7262.41407   86 3743 8695.00000 7262.41407  16.5%   897 3025s
 16111   569 7262.53715  165 3999 8695.00000 7262.53715  16.5%   897 3030s
 16116   573 7263.26859  234  828 8695.00000 7263.26859  16.5%   937 3040s
 16118   575 7263.26859  112 1013 8695.00000 7263.26859  16.5%   937 3045s
 16120   576 7263.26859  217 1355 8695.00000 7263.26859  16.5%   937 3056s
 16121   577 7263.26859  240 1502 8695.00000 7263.26859  16.5%   937 3063s
 16122   577 7263.26859  103 1639 8695.00000 7263.26859  16.5%   937 3071s
 16123   578 7263.26859   25 1762 8695.00000 7263.26859  16.5%   937 3081s
 16124   579 7263.26859  311 1764 8695.00000 7263.26859  16.5%   937 3091s
 16125   579 7263.26874  373 2091 8695.00000 7263.26874  16.5%   937 3103s
 16126   580 7263.26874  186 2280 8695.00000 7263.26874  16.5%   936 3116s
 16127   581 7263.26874   86 2463 8695.00000 7263.26874  16.5%   936 3127s
 16128   581 7263.26874  144 2829 8695.00000 7263.26874  16.5%   936 3141s
 16129   582 7339.13205  424 2800 8695.00000 7263.44116  16.5%   936 3151s
 16130   583 7263.44116  217 3191 8695.00000 7263.44116  16.5%   936 3163s
 16131   583 7263.54702   16 3434 8695.00000 7263.54702  16.5%   936 3172s
 16132   584 7263.54702  177 3581 8695.00000 7263.54702  16.5%   936 3179s
 16133   585 7263.54702  392 3712 8695.00000 7263.54702  16.5%   936 3182s
 16134   585 7263.54702  159 3885 8695.00000 7263.54702  16.5%   936 3185s
 16138   588 7263.55242  489 3753 8695.00000 7263.55242  16.5%   936 3191s
H16138   558                    8694.0000000 7264.19656  16.4%   936 3196s
 16144   562 7264.36231  337 3462 8694.00000 7264.36231  16.4%   935 3202s
 16145   563 7265.40899   94 3431 8694.00000 7265.40899  16.4%   935 3207s
 16148   565 7265.65452   44 3485 8694.00000 7265.65452  16.4%   935 3210s
 16152   567 7266.60211  238 3438 8694.00000 7266.60211  16.4%   935 3218s
 16153   568 7266.88370  160 3445 8694.00000 7266.88370  16.4%   935 3220s
 16157   571 7267.55116  109 3356 8694.00000 7267.55116  16.4%   935 3228s
 16160   573 7267.72680   67 3444 8694.00000 7267.72680  16.4%   935 3230s
 16162   574 7268.28247  108 3485 8694.00000 7268.28247  16.4%   934 3236s
 16167   577 7268.44766  112 3648 8694.00000 7268.44766  16.4%   934 3241s
 16169   579 7268.90347  168 3462 8694.00000 7268.90347  16.4%   934 3245s
 16173   581 7269.66423   78 3303 8694.00000 7269.66423  16.4%   934 3253s
 16174   582 7269.85241  182 3315 8694.00000 7269.85241  16.4%   934 3255s
 16179   585 7270.35414  321 3524 8694.00000 7270.35414  16.4%   933 3262s
 16181   587 7270.53712   50 3415 8694.00000 7270.53712  16.4%   933 3265s
 16185   589 7271.56956  186 3717 8694.00000 7271.56956  16.4%   933 3276s
H16187   560                    8692.0000000 7271.92410  16.3%   933 3280s
 16191   562 7272.41908  108 3348 8692.00000 7272.41908  16.3%   933 3286s
 16196   566 7272.54257   73 3585 8692.00000 7272.54257  16.3%   932 3291s
 16197   566 7273.25825   82 3618 8692.00000 7273.25825  16.3%   932 3295s
 16204   571 7273.41713  246 3588 8692.00000 7273.41713  16.3%   932 3302s
 16205   572 7273.72804   86 3565 8692.00000 7273.72804  16.3%   932 3305s
 16210   575 7273.80779  147 3582 8692.00000 7273.80779  16.3%   932 3310s
 16213   577 7274.42792   64 3466 8692.00000 7274.42792  16.3%   931 3315s
 16218   580 7274.81705  112 3478 8692.00000 7274.81705  16.3%   931 3322s
 16220   582 7275.04759  217 3593 8692.00000 7275.04759  16.3%   931 3325s
 16224   584 7275.64360  311 3339 8692.00000 7275.64360  16.3%   931 3336s
 16227   586 7275.88377   86 3509 8692.00000 7275.88377  16.3%   931 3340s
 16231   589 7276.46620   16 3419 8692.00000 7276.46620  16.3%   930 3347s
 16235   592 7276.61229  147 3487 8692.00000 7276.61229  16.3%   930 3350s
 16240   595 7276.99605  166 3660 8692.00000 7276.99605  16.3%   930 3355s
 16244   598 7277.55158  337 3558 8692.00000 7277.55158  16.3%   930 3360s
 16250   602 7277.73448  192 3552 8692.00000 7277.73448  16.3%   929 3365s
 16254   604 7278.17122   10 3464 8692.00000 7278.17122  16.3%   929 3370s
 16260   608 7278.41959   67 3635 8692.00000 7278.41959  16.3%   929 3375s
H16260   575                    8687.0000000 7278.58613  16.2%   929 3382s
 16264   578 7278.64372  108 3662 8687.00000 7278.64372  16.2%   929 3386s
 16270   582 7278.95459  231 3598 8687.00000 7278.95459  16.2%   928 3391s
 16273   584 7279.95957   78 3547 8687.00000 7279.95957  16.2%   928 3397s
 16276   586 7280.14278  278 3587 8687.00000 7280.14278  16.2%   928 3400s
 16282   590 7280.47628  195 3535 8687.00000 7280.47628  16.2%   928 3405s
 16287   593 7280.76336  186 3674 8687.00000 7280.76336  16.2%   927 3410s
 16293   597 7280.98762  143 3599 8687.00000 7280.98762  16.2%   927 3415s
 16298   601 7281.38316   58 3675 8687.00000 7281.38316  16.2%   927 3420s
 16303   604 7281.57852  539 3809 8687.00000 7281.57852  16.2%   926 3425s
 16305   605 7282.64961   86 3602 8687.00000 7282.64961  16.2%   926 3431s
 16310   609 7282.99177  147 3508 8687.00000 7282.99177  16.2%   926 3437s
 16314   611 7285.51625  483 3537 8687.00000 7283.13138  16.2%   926 3440s
 16317   613 7283.70212  140 3495 8687.00000 7283.70212  16.2%   926 3445s
 16324   618 7284.08327  311 3478 8687.00000 7284.08327  16.1%   925 3450s
 16330   622 7284.39080  217 3535 8687.00000 7284.39080  16.1%   925 3455s
 16337   627 7284.68658  249 3623 8687.00000 7284.68658  16.1%   924 3461s
 16339   628 7285.04860   86 3670 8687.00000 7285.04860  16.1%   924 3465s
 16346   633 7285.30285   37 3621 8687.00000 7285.30285  16.1%   924 3470s
 16351   636 7285.55103  218 3690 8687.00000 7285.55103  16.1%   924 3476s
 16355   639 7285.70156   45 3638 8687.00000 7285.70156  16.1%   923 3480s
 16362   643 7285.82261  108 3612 8687.00000 7285.82261  16.1%   923 3485s
 16368   647 7286.00446  210 3737 8687.00000 7286.00446  16.1%   923 3491s
 16374   651 7286.20400  182 3652 8687.00000 7286.20400  16.1%   922 3496s
 16378   654 7286.41275  159 3634 8687.00000 7286.41275  16.1%   922 3501s
 16383   657 7286.49935  379 3638 8687.00000 7286.49935  16.1%   922 3505s
 16389   661 7286.62463  230 3695 8687.00000 7286.62463  16.1%   921 3510s
 16395   665 7286.93104  143 3519 8687.00000 7286.93104  16.1%   921 3515s
 16402   670 7287.22352   97 3685 8687.00000 7287.22352  16.1%   921 3520s
H16406   635                    8686.0000000 7287.61050  16.1%   920 3530s
 16411   638 7287.74085  165 3773 8686.00000 7287.74085  16.1%   920 3535s
 16416   641 7288.06866  234 3770 8686.00000 7288.06866  16.1%   920 3540s
 16420   644 7288.36840  217 3708 8686.00000 7288.36840  16.1%   920 3545s
 16424   647 7289.27468  311 3718 8686.00000 7289.27468  16.1%   919 3551s
 16431   651 7289.35434   16 3654 8686.00000 7289.35434  16.1%   919 3555s
 16436   655 7289.72425  101 3867 8686.00000 7289.72425  16.1%   919 3561s
 16439   657 7290.10956   86 3768 8686.00000 7290.10956  16.1%   919 3565s
 16444   660 7290.24835  337 3672 8686.00000 7290.24835  16.1%   918 3570s
 16450   664 7290.34527  192 3809 8686.00000 7290.34527  16.1%   918 3575s
 16456   668 7290.58759  184 3891 8686.00000 7290.58759  16.1%   918 3581s
 16460   671 7290.76537   67 3745 8686.00000 7290.76537  16.1%   917 3585s
 16465   674 7291.02149   94 3890 8686.00000 7291.02149  16.1%   917 3590s
 16473   679 7291.14006   78 3840 8686.00000 7291.14006  16.1%   917 3596s
 16476   681 7291.36477  278 3796 8686.00000 7291.36477  16.1%   917 3600s
 16480   684 7291.55398   61 3893 8686.00000 7291.55398  16.1%   916 3605s
 16484   687 7291.62837  119 3878 8686.00000 7291.62837  16.1%   916 3610s
 16489   690 7291.80420  230 3754 8686.00000 7291.80420  16.1%   916 3615s
 16496   695 7291.86932   73 3782 8686.00000 7291.86932  16.1%   915 3621s
 16501   698 7292.07260  343 3689 8686.00000 7292.07260  16.0%   915 3625s
 16507   702 7292.25615  434 3710 8686.00000 7292.25615  16.0%   915 3631s
 16512   705 7292.46387   18 3819 8686.00000 7292.46387  16.0%   915 3635s
 16518   709 7292.56505  112 3799 8686.00000 7292.56505  16.0%   914 3640s
 16522   712 7292.92946  103 3439 8686.00000 7292.92946  16.0%   914 3645s
 16528   716 7293.14317  144 3577 8686.00000 7293.14317  16.0%   914 3650s
 16531   718 7293.43667   16 3620 8686.00000 7293.43667  16.0%   914 3655s
 16537   722 7293.59471  249 3661 8686.00000 7293.59471  16.0%   913 3660s
 16545   727 7293.72207   94 3579 8686.00000 7293.72207  16.0%   913 3666s
 16549   730 7294.00260  129 3655 8686.00000 7294.00260  16.0%   913 3670s
 16554   733 7294.28770   10 3535 8686.00000 7294.28770  16.0%   912 3676s
 16558   736 7294.39140  106 3581 8686.00000 7294.39140  16.0%   912 3680s
 16566   741 7294.43747  167 3736 8686.00000 7294.43747  16.0%   912 3685s
 16571   745 7294.69448   70 3654 8686.00000 7294.69448  16.0%   911 3690s
 16576   748 7294.77874  278 3688 8686.00000 7294.77874  16.0%   911 3695s
 16581   751 7294.91334   50 3766 8686.00000 7294.91334  16.0%   911 3700s
 16586   755 7295.04892   27 3663 8686.00000 7295.04892  16.0%   911 3705s
 16591   758 7295.26254  108 3703 8686.00000 7295.26254  16.0%   910 3838s
H16591   712                    8681.0000000 7295.28754  16.0%   910 3854s
H16591   668                    8680.0000000 7295.28754  16.0%   910 3854s
 16593   669 7295.31430  143 3588 8680.00000 7295.31430  16.0%   910 3855s
 16597   672 7295.74273   82 3539 8680.00000 7295.74273  15.9%   910 3861s
 16602   675 7296.06800   97 3635 8680.00000 7296.06800  15.9%   910 3866s
 16608   679 7296.19548  128 3645 8680.00000 7296.19548  15.9%   909 3870s
 16612   682 7296.53882   18 3656 8680.00000 7296.53882  15.9%   909 3875s
 16618   686 7296.81769  112 3636 8680.00000 7296.81769  15.9%   909 3880s
 16624   690 7296.93352  311 3763 8680.00000 7296.93352  15.9%   908 3885s
 16629   693 7339.13205  424 3866 8680.00000 7297.12587  15.9%   908 3890s
 16634   697 7297.40159  159 3717 8680.00000 7297.40159  15.9%   908 3895s
H16636   654                    8679.0000000 7297.53522  15.9%   908 3898s
 16640   657 7297.56968  166 3783 8679.00000 7297.56968  15.9%   908 3900s
 16647   661 7297.71455  106 3836 8679.00000 7297.71455  15.9%   907 3905s
 16650   663 7298.31010  192 3710 8679.00000 7298.31010  15.9%   907 3910s
H16651   622                    8675.0000000 7298.34072  15.9%   907 3911s
H16652   583                    8674.0000000 7298.34806  15.9%   907 3911s
 16659   587 7298.62793   11 3784 8674.00000 7298.62793  15.9%   907 3916s
 16663   590 7317.90785  513 3927 8674.00000 7298.77122  15.9%   906 3920s
 16668   593 7299.01964  210 3829 8674.00000 7299.01964  15.9%   906 3925s
 16676   599 7299.12995  278 3735 8674.00000 7299.12995  15.9%   906 3931s
 16682   603 7299.20066  195 3755 8674.00000 7299.20066  15.8%   905 3935s
 16686   605 7299.37659   27 3887 8674.00000 7299.37659  15.8%   905 3940s
 16691   609 7299.48578  108 3645 8674.00000 7299.48578  15.8%   905 3946s
 16692   609 7299.48616  114 3645 8674.00000 7299.48616  15.8%   905 4009s
 16693   613 7299.57301   28 3607 8674.00000 7299.48648  15.8%   932 4058s
 16695   616 7299.57623   29 3727 8674.00000 7299.57324  15.8%   933 4082s
 16699   623 7300.03566   30 3681 8674.00000 7299.57721  15.8%   934 4105s
 16707   628 7312.46912   31 2891 8674.00000 7300.03566  15.8%   939 4149s
 16715   650 7317.05812   32 2943 8674.00000 7300.03566  15.8%   944 4230s
 16739   674 7318.75240   33 2757 8674.00000 7300.40184  15.8%   970 4269s
 16768   664 7331.17599   33 2944 8674.00000 7300.72952  15.8%   983 4270s
 16771   807 7319.55801   34 2746 8674.00000 7300.72952  15.8%   986 4314s
H16915   780                    8673.0000000 7300.73133  15.8%  1001 4332s
H16925   739                    8664.0000000 7300.73133  15.7%  1001 4332s
 16976   823 7412.16790   39 2456 8664.00000 7300.73133  15.7%  1002 4356s
 17077   820 7414.14526   41 2452 8664.00000 7300.73133  15.7%  1006 4374s
H17078   784                    8663.0000000 7300.73133  15.7%  1006 4374s
 17108   850 7414.23411   42 2399 8663.00000 7300.73133  15.7%  1008 4399s
 17184   856 7415.97399   47 2217 8663.00000 7300.73133  15.7%  1013 4415s
H17190   819                    8661.0000000 7300.73133  15.7%  1013 4415s
 17216   848 7416.27201   48 2360 8661.00000 7300.73133  15.7%  1015 4432s
H17242   807                    8657.0000000 7300.73133  15.7%  1017 4432s
 17253   834 7416.69356   49 2233 8657.00000 7300.73133  15.7%  1017 4447s
 17284   870 7416.76440   50 2184 8657.00000 7300.73133  15.7%  1020 4465s
 17330   885 7417.92646   51 2338 8657.00000 7300.73133  15.7%  1022 4488s
H17337   851                    8653.0000000 7300.73133  15.6%  1022 4488s
 17360   923 7418.11570   52 2299 8653.00000 7300.73133  15.6%  1024 4513s
 17439   927 7418.28423   53 2374 8653.00000 7300.73133  15.6%  1026 4527s
 17470   948 7418.67736   54 2265 8653.00000 7300.73133  15.6%  1028 4543s
H17489   912                    8651.0000000 7300.73133  15.6%  1030 4543s
 17501   940 7419.23678   55 2351 8651.00000 7300.73133  15.6%  1031 4556s
 17533   961 7419.24315   56 2316 8651.00000 7300.73133  15.6%  1033 4565s
H17553   926                    8649.0000000 7300.73133  15.6%  1034 4565s
 17565   970 7419.38778   57 2345 8649.00000 7300.73133  15.6%  1034 4581s
 17613   990 7420.33665   59 2158 8649.00000 7300.73133  15.6%  1035 4597s
H17626   959                    8647.0000000 7300.73133  15.6%  1035 4597s
 17649  1054 7420.74613   60 2252 8647.00000 7300.73133  15.6%  1035 4626s
 17745  1142 7420.75302   61 2196 8647.00000 7300.73133  15.6%  1041 4648s
 17833  1173 7432.48669   64 2186 8647.00000 7300.73133  15.6%  1045 4663s
 17864  1203 7432.83622   65 2340 8647.00000 7300.73133  15.6%  1047 4684s
 17894  1264 7467.94500   66 2236 8647.00000 7300.73133  15.6%  1049 4703s
 17955  1340 7469.65275   70 2166 8647.00000 7300.73133  15.6%  1053 4733s
 18031  1452 7474.82294   73 2128 8647.00000 7300.73133  15.6%  1059 4754s
 18143  1485 7478.49325   79 2109 8647.00000 7300.73133  15.6%  1064 4772s
 18176  1527 7478.97300   80 2161 8647.00000 7300.73133  15.6%  1066 4792s
 18218  1559 7479.42025   81 2176 8647.00000 7300.73133  15.6%  1068 4809s
 18250  1599 7480.10610   82 2216 8647.00000 7300.73133  15.6%  1069 4828s
 18290  1633 7480.81568   83 2162 8647.00000 7300.73133  15.6%  1071 4846s
 18325  1699 7480.91619   84 2196 8647.00000 7300.73133  15.6%  1072 4870s
 18391  1758 7481.85475   85 2011 8647.00000 7300.73133  15.6%  1076 4893s
 18450  1929 7481.93325   86 2052 8647.00000 7300.73133  15.6%  1080 4920s
 18621  2091 7500.34659   92 2104 8647.00000 7300.73133  15.6%  1083 4952s
 18783  2263 7532.42766   94 2004 8647.00000 7300.73133  15.6%  1088 4989s
 18955  2315 7563.68399  101 1977 8647.00000 7300.73133  15.6%  1092 5014s
 19007  2492 7568.66217  104 2083 8647.00000 7300.73133  15.6%  1094 5043s
 19184  2684 7602.52071  109 1965 8647.00000 7300.73133  15.6%  1099 5074s
 19376  2864 7691.31923  112 1819 8647.00000 7300.73133  15.6%  1106 5108s
 19556  2927 7742.31955  119 1992 8647.00000 7300.73133  15.6%  1116 5131s
 19619  3123 7793.85195  121 1920 8647.00000 7300.73133  15.6%  1119 5173s
H19738  3123                    8646.0000000 7300.73133  15.6%  1124 5173s
 19815  3335 7829.10248  129 1888 8646.00000 7300.73133  15.6%  1126 5210s
 20027  3577 7857.05246  147 1921 8646.00000 7300.73133  15.6%  1136 5254s
H20269  3642                    8635.0000000 7300.73133  15.5%  1143 5285s
H20286  3642                    8631.0000000 7300.73133  15.4%  1144 5285s
H20287  3642                    8628.0000000 7300.73133  15.4%  1144 5285s
 20334  3945 8123.52358  164 1861 8628.00000 7300.73133  15.4%  1147 5327s
 20637  4276 8190.48683  185 1811 8628.00000 7300.73133  15.4%  1155 5375s
H20652  4276                    8623.0000000 7300.73133  15.3%  1154 5375s
 20982  4308 8247.30800  206 1803 8623.00000 7300.73133  15.3%  1159 5410s
 21014  4367 8249.83274  207 1890 8623.00000 7300.73133  15.3%  1163 5441s
H21018  4367                    8610.0000000 7300.73133  15.2%  1163 5441s
 21073  4742 8255.12428  208 1794 8610.00000 7300.73133  15.2%  1166 5493s
 21464  5052 7491.99168  168 2517 8610.00000 7300.73133  15.2%  1169 5555s
 21778  5440 7499.93931  174 2227 8610.00000 7300.73133  15.2%  1179 5600s
 22186  5798 7553.98067  179 2222 8610.00000 7300.73133  15.2%  1186 5649s
 22604  6063 7618.24464  186 1938 8610.00000 7301.36903  15.2%  1193 5704s
 22934  6278 7758.49140  195 2246 8610.00000 7301.52408  15.2%  1205 5756s
 23191  6562 7785.27019  199 2256 8610.00000 7301.52408  15.2%  1212 5812s
 23564  6810 7819.32922  212 2238 8610.00000 7301.70486  15.2%  1225 5873s
H23729  6810                    8608.0000000 7301.70486  15.2%  1233 5873s
 23862  7159 7874.93828  225 2131 8608.00000 7301.70486  15.2%  1233 5948s
 24235  7525 8006.97816  238 2148 8608.00000 7301.70486  15.2%  1246 6003s
H24648  7562                    8601.0000000 7301.70486  15.1%  1258 6053s
H24668  7562                    8600.0000000 7301.70486  15.1%  1259 6053s
 24685  7805 8091.68365  262 2080 8600.00000 7301.70486  15.1%  1260 6106s
 24940  8302 7306.94099   42 3224 8600.00000 7301.70486  15.1%  1267 6168s
 25445  8778 7388.81188   45 2546 8600.00000 7301.70486  15.1%  1275 6237s
 25942  9333 7409.02414   66 2523 8600.00000 7301.70486  15.1%  1283 6306s
 26512  9829 7494.86671   77 2349 8600.00000 7301.70486  15.1%  1290 6376s
 27046 10318 7607.09965   92 1980 8600.00000 7301.70486  15.1%  1295 6448s
 27562 10950 7662.09974  102 1710 8600.00000 7301.70486  15.1%  1297 6529s
 28222 11466 7733.64521  147 1598 8600.00000 7301.70486  15.1%  1299 6607s
 28770 11766 7888.53775  172 1552 8600.00000 7301.70486  15.1%  1310 6678s
 29076 12326 7937.95902  173 1326 8600.00000 7301.70486  15.1%  1322 6772s
H29202 12326                    8598.0000000 7301.70486  15.1%  1322 6772s
 29707 12355 7940.90153  175 1393 8598.00000 7301.70486  15.1%  1332 6855s
H29719 12355                    8596.0000000 7301.70486  15.1%  1333 6855s
 29742 13063 7943.59750  176 1449 8596.00000 7301.70486  15.1%  1336 6946s
 30560 13369 8180.59751  242 1219 8596.00000 7301.70486  15.1%  1347 7027s
 30920 13882 8266.40564  294  889 8596.00000 7301.70486  15.1%  1356 7117s
H30940 13882                    8595.0000000 7301.70486  15.0%  1356 7117s
 31497 14644 8357.07269  383  936 8595.00000 7301.70486  15.0%  1366 7209s
 32289 15346 8489.76689  476  694 8595.00000 7301.70486  15.0%  1376 7306s
 33051 15880 8567.95989  574  254 8595.00000 7301.70486  15.0%  1384 7396s
 33638 16460 7335.31698   53 2832 8595.00000 7301.70486  15.0%  1396 7498s
 34230 17060 7339.89362   65 2901 8595.00000 7301.70486  15.0%  1410 7603s
 34857 17673 7348.52776   72 2851 8595.00000 7301.70486  15.0%  1424 7750s
 35546 18274 7351.33761   73 2846 8595.00000 7301.70486  15.0%  1444 7864s
 36170 18531 7363.61164   74 2772 8595.00000 7301.70486  15.0%  1464 7977s
H36317 18528                    8592.0000000 7301.70486  15.0%  1472 7977s
 36437 19372 7364.78546   76 2777 8592.00000 7301.70486  15.0%  1474 8101s
 37377 20093 7366.07451   75 2806 8592.00000 7301.70486  15.0%  1492 8232s
 38150 21053 7375.10552   75 2677 8592.00000 7301.90447  15.0%  1510 8365s
 39148 21887 7375.06779   84 2833 8592.00000 7301.90447  15.0%  1527 8511s
 40047 22874 7388.07636   95 2974 8592.00000 7301.90447  15.0%  1542 8664s
 40120 22874 7474.87402  190 2636 8592.00000 7301.90447  15.0%  1542 8665s
 41054 23810 7390.90744  101 2849 8592.00000 7301.90447  15.0%  1558 8806s
 42074 24794 7402.21385  128 2676 8592.00000 7301.90447  15.0%  1570 8955s
 43211 25201 7408.03799  140 2635 8592.00000 7301.90447  15.0%  1581 9090s
H43607 25102                    8575.0000000 7301.90447  14.8%  1587 9090s
 43679 26215 7409.29609  148 2633 8575.00000 7301.90447  14.8%  1587 9264s
 44842 26750 7597.25894  154 2468 8575.00000 7301.90447  14.8%  1603 9448s
 45383 28472 infeasible  156      8575.00000 7301.90447  14.8%  1613 9638s
 47214 29532 7603.25744  162 2592 8575.00000 7301.90447  14.8%  1616 9825s
 48495 30620 7613.60070  163 2543 8575.00000 7302.42620  14.8%  1629 10030s
 49697 30647 7493.02423  173 2568 8575.00000 7302.42620  14.8%  1653 10211s
 49734 30679 7480.62016  172 2492 8575.00000 7302.42620  14.8%  1654 10427s
 49766 30710 7488.87272  173 2343 8575.00000 7302.42620  14.8%  1657 10660s
H49782 30685                    8571.0000000 7302.42620  14.8%  1657 10660s
 49799 32198 7496.56937  173 2369 8571.00000 7302.42620  14.8%  1657 10900s
H50993 32176                    8568.0000000 7302.42620  14.8%  1666 10901s
 51330 33676 7498.38764  194 2509 8568.00000 7302.42620  14.8%  1669 11114s
H51549 33652                    8566.0000000 7302.42620  14.8%  1672 11114s
 52920 35080 7524.02128  217 2475 8566.00000 7302.42620  14.8%  1682 11350s
 54453 36410 7542.08193  243 2322 8566.00000 7302.42620  14.8%  1698 11587s
 55965 38307 7592.82744  262 2484 8566.00000 7302.42620  14.8%  1714 11841s
 58077 38308 7417.94954   81 13696 8566.00000 7302.42620  14.8%  1723 12736s
 58079 38309 7460.83255  220  832 8566.00000 7302.42620  14.8%  1723 12742s
 58080 38310 8157.50837  371  897 8566.00000 7302.42620  14.8%  1723 12745s
 58082 38311 7366.53421  112 1265 8566.00000 7302.42620  14.8%  1723 12753s
 58083 38312 7570.47303  275 1276 8566.00000 7302.42620  14.8%  1723 12760s
 58084 38313 7808.56861  205 1566 8566.00000 7302.42620  14.8%  1723 12769s
 58085 38313 7757.71916  333 1594 8566.00000 7302.42620  14.8%  1723 12780s
 58086 38314 7785.95698  330 1847 8566.00000 7302.42620  14.8%  1723 12793s
 58087 38315 8126.18019  200 2010 8566.00000 7302.42620  14.8%  1723 12807s
 58088 38315 7581.66868  370 2028 8566.00000 7302.42620  14.8%  1723 12821s
 58089 38316 7509.87497   66 2158 8566.00000 7302.42620  14.8%  1723 12834s
 58090 38317 8340.83729  248 2263 8566.00000 7302.42620  14.8%  1723 12846s
 58091 38317 7333.66002   72 2415 8566.00000 7302.42620  14.8%  1723 12861s
 58092 38318 7642.23578  150 2691 8566.00000 7302.42620  14.8%  1723 12873s
 58093 38319 8400.95826  201 2704 8566.00000 7302.42620  14.8%  1723 12885s
 58094 38319 8204.32945   88 2961 8566.00000 7308.18261  14.7%  1723 12894s
 58095 38320 7907.28489  255 3065 8566.00000 7311.81642  14.6%  1723 12901s
 58096 38321 7540.82799  251 3033 8566.00000 7313.19853  14.6%  1723 12905s
 58098 38322 7408.92548   94 2996 8566.00000 7314.09860  14.6%  1723 12910s
 58105 38327 7496.71769  211 3204 8566.00000 7314.33152  14.6%  1723 12915s
 58110 38330 7847.74889  190 2990 8566.00000 7321.75135  14.5%  1722 12931s
 58111 38331 7351.26393  104 3222 8566.00000 7325.27835  14.5%  1722 12939s
 58112 38331 7485.20272   65 3135 8566.00000 7327.03430  14.5%  1722 12944s
 58113 38332 7509.18383  368 3210 8566.00000 7327.44308  14.5%  1722 12947s
 58117 38335 7382.17841  160 3313 8566.00000 7327.71414  14.5%  1722 12950s
 58119 38336 7430.89554   93 3282 8566.00000 7327.71608  14.5%  1722 12975s
 58120 38337 8374.37646  242 2994 8566.00000 7331.57583  14.4%  1722 12985s
 58122 38338 7401.05955  161 3259 8566.00000 7333.11211  14.4%  1722 12991s
 58125 38340 7802.30052  179 3267 8566.00000 7333.41339  14.4%  1722 12995s
 58131 38344 8003.84434  154 3305 8566.00000 7333.45052  14.4%  1722 13024s
 58132 38345 7336.38227   52 3287 8566.00000 7336.38227  14.4%  1722 13031s
 58133 38345 8483.09480  315 3207 8566.00000 7337.98282  14.3%  1722 13035s
 58134 38346 7531.26819   65 3441 8566.00000 7338.78769  14.3%  1722 13040s
 58140 38350 7606.13538  216 3416 8566.00000 7339.10176  14.3%  1722 13045s
 58141 38351 8160.00649  269 3373 8566.00000 7339.10282  14.3%  1722 13071s
 58142 38351 7496.95496  116 3131 8566.00000 7342.26668  14.3%  1722 13078s
 58143 38352 8119.40093  150 3284 8566.00000 7343.07062  14.3%  1721 13082s
 58144 38353 7387.57351  186 3262 8566.00000 7343.37451  14.3%  1721 13086s
 58152 38358 7742.11656  431 3516 8566.00000 7343.51751  14.3%  1721 13090s
 58153 38359 7677.10071  245 3516 8566.00000 7343.51768  14.3%  1721 13116s
 58154 38359 7804.16574  180 3294 8566.00000 7345.50602  14.2%  1721 13129s
 58155 38360 7844.41605  215 3445 8566.00000 7346.12547  14.2%  1721 13132s
 58156 38361 7525.99470  294 3519 8566.00000 7346.36555  14.2%  1721 13135s
 58161 38364 7519.93548  181 3553 8566.00000 7346.55300  14.2%  1721 13165s
 58162 38365 7734.33781  395 3315 8566.00000 7348.43027  14.2%  1721 13172s
 58163 38365 8513.61931  365 3394 8566.00000 7349.20980  14.2%  1721 13177s
 58165 38367 7972.30079  301 3515 8566.00000 7349.53299  14.2%  1721 13180s
 58168 38369 8391.70132  169 3572 8566.00000 7349.56096  14.2%  1721 13210s
 58169 38369 7351.81231   89 3123 8566.00000 7351.81231  14.2%  1721 13218s
 58170 38370 7546.86519  112 3332 8566.00000 7352.51940  14.2%  1721 13221s
 58174 38373 7636.55561  230 3429 8566.00000 7352.78022  14.2%  1721 13225s
 58176 38374 7453.83133  335 3407 8566.00000 7352.78259  14.2%  1721 13253s
 58177 38375 7417.94954   81 3441 8566.00000 7353.74020  14.2%  1720 13257s
 58178 38375 7804.11924  108 3329 8566.00000 7354.27851  14.1%  1720 13262s
 58181 38377 7563.96707  378 3544 8566.00000 7354.52465  14.1%  1720 13265s
 58185 38380 7757.71916  333 3646 8566.00000 7354.53872  14.1%  1720 13292s
 58186 38381 7785.95698  330 3458 8566.00000 7355.56327  14.1%  1720 13298s
 58187 38381 8126.18019  200 3382 8566.00000 7356.03321  14.1%  1720 13301s
 58193 38385 8400.95826  201 3407 8566.00000 7356.17260  14.1%  1720 13331s
 58194 38386 8204.32945   88 3286 8566.00000 7357.69210  14.1%  1720 13336s
 58196 38387 7540.82799  251 3435 8566.00000 7358.42787  14.1%  1720 13341s
 58201 38391 7642.95128  455 3552 8566.00000 7358.58609  14.1%  1720 13370s
 58202 38391 8529.31702  136 3384 8566.00000 7359.30511  14.1%  1720 13381s
 58205 38393 7496.71769  211 3523 8566.00000 7359.62168  14.1%  1720 13385s
 58209 38396 7455.68531  213 3623 8566.00000 7359.65054  14.1%  1720 13413s
 58210 38397 7847.74889  190 3317 8566.00000 7360.85068  14.1%  1720 13418s
 58211 38397 7361.39667  104 3559 8566.00000 7361.39667  14.1%  1719 13421s
 58214 38399 7666.92505  239 3687 8566.00000 7361.73692  14.1%  1719 13425s
 58217 38401 7382.17841  160 3719 8566.00000 7361.76430  14.1%  1719 13451s
 58218 38402 7890.50063  155 3512 8566.00000 7363.18866  14.0%  1719 13458s
 58219 38403 7430.89554   93 3620 8566.00000 7363.97860  14.0%  1719 13462s
 58221 38404 7588.28377  186 3622 8566.00000 7364.24925  14.0%  1719 13465s
 58225 38407 7802.30052  179 3679 8566.00000 7364.28591  14.0%  1719 13492s
 58226 38407 7714.47125  186 3618 8566.00000 7365.62099  14.0%  1719 13497s
 58227 38408 7532.24794  128 3535 8566.00000 7365.97895  14.0%  1719 13500s
 58231 38411 8003.84434  154 3650 8566.00000 7366.35103  14.0%  1719 13505s
 58234 38413 7531.26819   65 3660 8566.00000 7366.37890  14.0%  1719 13533s
 58235 38413 7368.67211   53 3422 8566.00000 7368.67211  14.0%  1719 13542s
 58236 38414 7572.59749  166 3639 8566.00000 7369.44922  14.0%  1719 13546s
 58241 38417 8160.00649  269 3584 8566.00000 7369.75268  14.0%  1719 13550s
 58245 38420 8112.23818  221 3641 8566.00000 7369.76314  14.0%  1718 13579s
 58246 38421 7644.55027  239 3657 8566.00000 7371.16599  13.9%  1718 13585s
 58248 38422 7478.09441  193 3697 8566.00000 7371.84737  13.9%  1718 13591s
 58252 38425 7742.11656  431 3636 8566.00000 7372.01609  13.9%  1718 13595s
 58254 38426 7804.16574  180 3600 8566.00000 7372.01884  13.9%  1718 13620s
 58255 38427 7844.41605  215 3611 8566.00000 7373.00297  13.9%  1718 13634s
 58256 38427 7525.99470  294 3678 8566.00000 7373.27213  13.9%  1718 13636s
 58260 38430 7373.43824   56 3587 8566.00000 7373.43824  13.9%  1718 13640s
 58261 38431 7519.93548  181 3598 8566.00000 7373.43962  13.9%  1718 13665s
 58262 38431 7734.33781  395 3483 8566.00000 7375.71504  13.9%  1718 13672s
 58263 38432 8513.61931  365 3681 8566.00000 7376.47521  13.9%  1718 13677s
 58264 38433 7559.71089  200 3668 8566.00000 7376.70131  13.9%  1718 13680s
 58270 38437 7546.86519  112 3701 8566.00000 7376.87569  13.9%  1718 13708s
 58271 38437 7849.37039  145 3465 8566.00000 7378.53360  13.9%  1718 13716s
 58273 38439 7379.11637   65 3746 8566.00000 7379.11637  13.9%  1718 13721s
 58278 38442 7804.11924  108 3699 8566.00000 7379.22920  13.9%  1718 13748s
 58279 38443 7460.83255  220 3484 8566.00000 7380.77705  13.8%  1717 13755s
 58281 38444 7563.96707  378 3558 8566.00000 7381.37859  13.8%  1717 13761s
 58284 38446 7808.56861  205 3460 8566.00000 7381.43249  13.8%  1717 13786s
 58285 38447 7757.71916  333 3486 8566.00000 7382.33016  13.8%  1717 13792s
 58286 38447 7785.95698  330 3298 8566.00000 7383.23435  13.8%  1717 13796s
 58288 38449 7581.66868  370 3529 8566.00000 7383.63916  13.8%  1717 13800s
 58294 38453 8204.32945   88 3636 8566.00000 7383.78323  13.8%  1717 13828s
 58295 38453 7907.28489  255 3533 8566.00000 7384.63635  13.8%  1717 13832s
 58297 38455 7454.34240   89 3662 8566.00000 7384.88956  13.8%  1717 13836s
 58301 38457 7642.95128  455 3809 8566.00000 7384.90910  13.8%  1717 13863s
 58302 38458 8529.31702  136 3200 8566.00000 7385.98914  13.8%  1717 13999s
 58303 38459 7399.68373  155 3367 8566.00000 7386.17232  13.8%  1717 14002s
 58304 38459 7759.51840  136 3339 8566.00000 7386.28750  13.8%  1717 14005s
 58310 38463 7847.74889  190 3439 8566.00000 7386.38276  13.8%  1717 14037s
 58311 38464 7387.97686  104 3270 8566.00000 7387.97686  13.8%  1717 14044s
 58312 38465 7485.20272   65 3289 8566.00000 7388.50074  13.7%  1717 14048s
 58313 38465 7509.18383  368 3181 8566.00000 7388.65542  13.7%  1716 14050s
 58318 38469 7890.50063  155 3199 8566.00000 7388.79753  13.7%  1716 14082s
 58319 38469 7430.89554   93 3472 8566.00000 7390.61594  13.7%  1716 14090s
 58320 38470 8374.37646  242 3387 8566.00000 7391.30900  13.7%  1716 14097s
 58321 38471 7588.28377  186 3365 8566.00000 7391.55153  13.7%  1716 14100s
 58326 38474 7714.47125  186 3367 8566.00000 7391.73374  13.7%  1716 14105s
 58330 38477 7655.94581  122 3511 8566.00000 7391.74279  13.7%  1716 14132s
 58331 38477 8003.84434  154 3457 8566.00000 7392.45659  13.7%  1716 14136s
 58333 38479 8483.09480  315 3276 8566.00000 7393.10163  13.7%  1716 14141s
 58339 38483 7393.23419  114 3521 8566.00000 7393.23419  13.7%  1716 14145s
 58340 38483 7606.13538  216 3486 8566.00000 7393.23493  13.7%  1716 14169s
 58341 38484 8160.00649  269 3335 8566.00000 7394.16253  13.7%  1716 14173s
 58342 38485 7496.95496  116 3469 8566.00000 7394.47002  13.7%  1716 14176s
 58347 38488 7425.12253  218 3486 8566.00000 7394.63896  13.7%  1715 14180s
 58348 38489 7478.09441  193 3528 8566.00000 7394.63925  13.7%  1715 14207s
 58349 38489 7483.19781  267 3434 8566.00000 7395.82479  13.7%  1715 14212s
 58350 38490 7487.43712  200 3395 8566.00000 7396.24615  13.7%  1715 14215s
 58354 38493 7804.16574  180 3415 8566.00000 7396.45880  13.7%  1715 14243s
 58355 38493 7844.41605  215 3549 8566.00000 7397.48507  13.6%  1715 14247s
 58356 38494 7525.99470  294 3605 8566.00000 7397.83956  13.6%  1715 14250s
 58363 38499 8513.61931  365 3627 8566.00000 7398.03531  13.6%  1715 14280s
 58365 38500 7972.30079  301 3256 8566.00000 7398.86969  13.6%  1715 14287s
 58368 38502 8391.70132  169 3470 8566.00000 7399.01333  13.6%  1715 14290s
 58369 38503 7399.01383   89 3493 8566.00000 7399.01383  13.6%  1715 14315s
 58371 38504 7849.37039  145 3310 8566.00000 7400.51314  13.6%  1715 14321s
 58376 38507 7453.83133  335 3526 8566.00000 7400.65066  13.6%  1715 14350s
 58378 38509 7804.11924  108 3891 8566.00000 7401.91061  13.6%  1715 14357s
 58380 38510 8157.50837  371 3741 8566.00000 7402.05076  13.6%  1715 14360s
 58383 38512 7570.47303  275 3558 8566.00000 7402.08797  13.6%  1714 14388s
 58384 38513 7808.56861  205 3666 8566.00000 7402.36493  13.6%  1714 14390s
 58387 38515 8126.18019  200 3905 8566.00000 7402.76659  13.6%  1714 14395s
 58390 38517 8340.83729  248 3898 8566.00000 7402.77350  13.6%  1714 14420s
 58392 38518 7642.23578  150 3772 8566.00000 7403.47943  13.6%  1714 14426s
 58396 38521 7540.82799  251 3759 8566.00000 7403.65960  13.6%  1714 14455s
 58398 38522 7408.92548   94 3911 8566.00000 7404.44450  13.6%  1714 14461s
 58404 38526 7759.51840  136 3873 8566.00000 7404.58402  13.6%  1714 14487s
 58406 38527 7573.25332  282 3872 8566.00000 7404.87233  13.6%  1714 14490s
 58411 38531 7404.94552  104 4077 8566.00000 7404.94552  13.6%  1714 14518s
 58412 38531 7485.20272   65 3854 8566.00000 7405.24395  13.6%  1714 14520s
 58416 38534 7742.32272  120 3999 8566.00000 7405.39999  13.5%  1713 14525s
 58418 38535 7890.50063  155 4012 8566.00000 7405.40290  13.5%  1713 14551s
 58420 38537 8374.37646  242 3825 8566.00000 7405.73141  13.5%  1713 14555s
 58425 38540 7802.30052  179 4090 8566.00000 7405.77925  13.5%  1713 14584s
 58426 38541 7714.47125  186 3755 8566.00000 7406.02694  13.5%  1713 14586s
 58431 38544 8003.84434  154 3993 8566.00000 7406.12603  13.5%  1713 14615s
 58435 38547 7406.39839   53 4060 8566.00000 7406.39839  13.5%  1713 14620s
 58438 38549 7520.80246  227 4065 8566.00000 7406.43107  13.5%  1713 14647s
 58440 38550 7606.13538  216 3832 8566.00000 7406.94773  13.5%  1713 14651s
 58445 38553 8112.23818  221 3948 8566.00000 7407.07221  13.5%  1713 14678s
 58446 38554 7644.55027  239 3814 8566.00000 7407.30481  13.5%  1713 14681s
 58449 38556 7483.19781  267 3978 8566.00000 7407.62109  13.5%  1712 14685s
 58452 38558 7742.11656  431 4019 8566.00000 7407.64676  13.5%  1712 14713s
 58453 38559 7677.10071  245 3812 8566.00000 7408.09073  13.5%  1712 14716s
 58455 38560 7844.41605  215 3707 8566.00000 7408.43545  13.5%  1712 14720s
 58458 38562 7408.44801   67 3797 8566.00000 7408.44801  13.5%  1712 14746s
 58459 38563 8376.12627  216 3593 8566.00000 7408.81730  13.5%  1712 14750s
 58465 38567 7972.30079  301 3889 8566.00000 7409.07746  13.5%  1712 14780s
 58467 38568 7735.13966   85 3814 8566.00000 7409.62043  13.5%  1712 14785s
 58472 38571 7533.81761  125 3785 8566.00000 7409.73076  13.5%  1712 14813s
 58473 38572 7409.85725   65 3784 8566.00000 7409.85725  13.5%  1712 14815s
 58479 38576 7460.83255  220 3908 8566.00000 7409.97931  13.5%  1712 14843s
 58480 38577 8157.50837  371 3653 8566.00000 7410.49258  13.5%  1712 14847s
 58482 38578 7410.69012  112 3681 8566.00000 7410.69012  13.5%  1712 14851s
 58486 38581 7785.95698  330 3768 8566.00000 7410.73221  13.5%  1711 14878s
 58487 38581 8126.18019  200 3642 8566.00000 7410.98158  13.5%  1711 14881s
 58492 38585 7642.23578  150 3740 8566.00000 7411.11545  13.5%  1711 14885s
 58493 38585 8400.95826  201 3703 8566.00000 7411.11558  13.5%  1711 14909s
 58494 38586 8204.32945   88 3805 8566.00000 7411.47513  13.5%  1711 14912s
 58496 38587 7540.82799  251 3704 8566.00000 7411.74688  13.5%  1711 14916s
 58500 38590 7616.66359  264 3776 8566.00000 7411.81587  13.5%  1711 14947s
 58501 38591 7642.95128  455 3792 8566.00000 7412.26151  13.5%  1711 14951s
 58505 38593 7496.71769  211 3942 8566.00000 7412.47270  13.5%  1711 14955s
 58506 38594 7573.25332  282 3956 8566.00000 7412.47276  13.5%  1711 14981s
 58508 38595 7890.32228  100 3906 8566.00000 7413.08950  13.5%  1711 14987s
 58512 38598 7485.20272   65 3941 8566.00000 7413.19461  13.5%  1711 14990s
 58513 38599 7509.18383  368 3967 8566.00000 7413.19543  13.5%  1711 15015s
 58515 38600 7540.33268  159 3634 8566.00000 7414.20130  13.4%  1711 15021s
 58519 38603 7430.89554   93 3901 8566.00000 7414.32214  13.4%  1710 15048s
 58520 38603 8374.37646  242 3686 8566.00000 7414.74620  13.4%  1710 15050s
 58523 38605 7473.31732   99 4013 8566.00000 7415.09250  13.4%  1710 15055s
 58526 38607 7714.47125  186 4180 8566.00000 7415.12234  13.4%  1710 15080s
 58529 38609 8084.89490  579 3711 8566.00000 7415.44174  13.4%  1710 15109s
 58530 38610 7655.94581  122 3816 8566.00000 7415.73788  13.4%  1710 15112s
 58532 38611 7415.94537   52 3817 8566.00000 7415.94537  13.4%  1710 15115s
 58537 38615 7416.01721   89 3889 8566.00000 7416.01721  13.4%  1710 15143s
 58538 38615 7520.80246  227 3785 8566.00000 7416.24636  13.4%  1710 15145s
 58542 38618 7496.95496  116 3878 8566.00000 7416.39136  13.4%  1710 15171s
 58544 38619 7416.68542  186 3691 8566.00000 7416.68542  13.4%  1710 15175s
 58549 38623 7483.19781  267 3965 8566.00000 7416.86249  13.4%  1710 15203s
 58550 38623 7487.43712  200 3650 8566.00000 7417.38113  13.4%  1710 15207s
 58552 38625 7742.11656  431 3694 8566.00000 7417.63765  13.4%  1709 15210s
 58556 38627 7525.99470  294 3804 8566.00000 7417.69585  13.4%  1709 15237s
 58558 38629 7418.12765   67 3638 8566.00000 7418.12765  13.4%  1709 15240s
 58564 38633 7559.71089  200 3762 8566.00000 7418.29776  13.4%  1709 15267s
 58565 38633 7972.30079  301 3757 8566.00000 7419.31711  13.4%  1709 15271s
 58568 38635 8391.70132  169 3973 8566.00000 7419.70810  13.4%  1709 15276s
 58571 38637 7849.37039  145 3850 8566.00000 7419.78161  13.4%  1709 15302s
 58572 38638 7533.81761  125 3923 8566.00000 7420.02985  13.4%  1709 15305s
 58576 38641 7453.83133  335 4075 8566.00000 7420.23819  13.4%  1709 15310s
 58579 38643 7460.83255  220 4135 8566.00000 7420.24733  13.4%  1709 15337s
 58581 38644 7563.96707  378 3951 8566.00000 7420.42318  13.4%  1709 15341s
 58585 38647 7757.71916  333 3925 8566.00000 7420.46201  13.4%  1709 15378s
 58586 38647 7785.95698  330 3886 8566.00000 7420.63583  13.4%  1708 15380s
 58592 38651 7642.23578  150 3983 8566.00000 7420.72858  13.4%  1708 15385s
 58593 38652 8400.95826  201 3969 8566.00000 7420.72994  13.4%  1708 15414s
 58594 38653 8204.32945   88 3836 8566.00000 7420.89050  13.4%  1708 15416s
 58596 38654 7540.82799  251 3931 8566.00000 7421.04521  13.4%  1708 15420s
 58598 38655 7421.06174   94 3965 8566.00000 7421.06174  13.4%  1708 15455s
 58600 38657 7616.66359  264 3827 8566.00000 7421.31435  13.4%  1708 15461s
 58604 38659 7759.51840  136 3942 8566.00000 7421.37895  13.4%  1708 15494s
 58605 38660 7496.71769  211 3797 8566.00000 7421.48433  13.4%  1708 15497s
 58606 38661 7573.25332  282 3678 8566.00000 7421.61554  13.4%  1708 15500s
 58608 38662 7890.32228  100 3847 8566.00000 7421.92160  13.4%  1708 15506s
 58612 38665 7485.20272   65 3764 8566.00000 7421.96415  13.4%  1708 15542s
 58613 38665 7509.18383  368 3758 8566.00000 7422.40315  13.4%  1708 15547s
 58614 38666 7666.92505  239 3592 8566.00000 7422.87263  13.3%  1708 15553s
 58615 38667 7540.33268  159 3703 8566.00000 7422.93272  13.3%  1708 15555s
 58618 38669 7890.50063  155 3879 8566.00000 7422.97791  13.3%  1708 15586s
 58620 38670 8374.37646  242 3553 8566.00000 7423.41439  13.3%  1707 15591s
 58626 38674 7714.47125  186 3786 8566.00000 7423.46919  13.3%  1707 15625s
 58627 38675 7532.24794  128 3405 8566.00000 7423.99836  13.3%  1707 15630s
 58629 38676 8084.89490  579 3512 8566.00000 7424.40623  13.3%  1707 15636s
 58635 38680 7424.46846   53 3626 8566.00000 7424.46846  13.3%  1707 15666s
 58637 38681 7424.73506   89 3650 8566.00000 7424.73506  13.3%  1707 15670s
 58640 38683 7606.13538  216 3655 8566.00000 7424.75755  13.3%  1707 15701s
 58641 38684 8160.00649  269 3615 8566.00000 7425.21917  13.3%  1707 15705s
 58643 38685 8119.40093  150 3667 8566.00000 7425.65793  13.3%  1707 15710s
 58648 38689 7478.09441  193 3840 8566.00000 7425.72268  13.3%  1707 15739s
 58649 38689 7483.19781  267 3691 8566.00000 7426.39065  13.3%  1707 15743s
 58650 38690 7487.43712  200 3722 8566.00000 7426.59300  13.3%  1707 15745s
 58654 38693 7804.16574  180 3825 8566.00000 7426.90482  13.3%  1706 15750s
 58657 38695 7426.91114  170 3668 8566.00000 7426.91114  13.3%  1706 15777s
 58658 38695 7427.33808   67 3665 8566.00000 7427.33808  13.3%  1706 15780s
 58662 38698 7734.33781  395 3642 8566.00000 7427.51703  13.3%  1706 15785s
 58664 38699 7559.71089  200 3706 8566.00000 7427.52258  13.3%  1706 15812s
 58665 38700 7972.30079  301 3517 8566.00000 7428.08867  13.3%  1706 15817s
 58666 38701 8380.53839  221 3651 8566.00000 7428.34848  13.3%  1706 15820s
 58672 38705 7533.81761  125 3691 8566.00000 7428.48767  13.3%  1706 15850s
 58674 38706 7636.55561  230 3740 8566.00000 7428.94461  13.3%  1706 15858s
 58675 38707 8530.46199  353 3673 8566.00000 7429.01637  13.3%  1706 15860s
 58679 38709 7460.83255  220 3650 8566.00000 7429.03700  13.3%  1706 15888s
 58680 38710 8157.50837  371 3660 8566.00000 7429.25528  13.3%  1706 15891s
 58683 38712 7570.47303  275 3848 8566.00000 7429.43065  13.3%  1706 15895s
 58685 38713 7757.71916  333 3840 8566.00000 7429.43365  13.3%  1706 15921s
 58688 38715 7581.66868  370 3785 8566.00000 7429.60779  13.3%  1706 15925s
 58692 38718 7642.23578  150 3881 8566.00000 7429.62305  13.3%  1705 15956s
 58694 38719 8204.32945   88 3870 8566.00000 7429.97679  13.3%  1705 15961s
 58698 38722 7430.04976   94 3758 8566.00000 7430.04976  13.3%  1705 15965s
 58701 38724 7642.95128  455 3761 8566.00000 7430.05856  13.3%  1705 15992s
 58703 38725 7430.31304  155 3871 8566.00000 7430.31304  13.3%  1705 15995s
 58708 38729 7890.32228  100 3927 8566.00000 7430.36393  13.3%  1705 16027s
 58709 38729 7455.68531  213 3939 8566.00000 7430.47319  13.3%  1705 16030s
 58714 38733 7666.92505  239 3995 8566.00000 7430.52355  13.3%  1705 16058s
 58716 38734 7742.32272  120 3915 8566.00000 7430.64800  13.3%  1705 16060s
 58721 38737 7588.28377  186 4066 8566.00000 7430.69377  13.3%  1705 16087s
 58723 38739 7473.31732   99 3858 8566.00000 7430.82678  13.3%  1704 16090s
 58726 38741 7714.47125  186 3804 8566.00000 7430.85779  13.3%  1704 16118s
 58727 38741 7532.24794  128 3736 8566.00000 7431.58664  13.2%  1704 16123s
 58728 38742 7661.50144  111 3696 8566.00000 7431.81106  13.2%  1704 16125s
 58732 38745 7431.97844   52 3767 8566.00000 7431.97844  13.2%  1704 16130s
 58735 38747 7431.98700   53 3812 8566.00000 7431.98700  13.2%  1704 16155s
 58737 38748 7432.34190   89 3746 8566.00000 7432.34190  13.2%  1704 16161s
 58741 38751 8160.00649  269 3814 8566.00000 7432.36993  13.2%  1704 16188s
 58742 38751 7496.95496  116 3799 8566.00000 7432.53464  13.2%  1704 16191s
 58746 38754 7644.55027  239 3871 8566.00000 7432.58889  13.2%  1704 16219s
 58747 38755 7432.96084  218 3706 8566.00000 7432.96084  13.2%  1704 16223s
 58748 38755 7478.09441  193 3728 8566.00000 7433.11071  13.2%  1704 16225s
 58752 38758 7742.11656  431 3848 8566.00000 7433.24648  13.2%  1704 16230s
 58757 38761 7433.28013  170 3853 8566.00000 7433.28013  13.2%  1704 16260s
 58761 38764 7519.93548  181 3800 8566.00000 7433.54422  13.2%  1703 16265s
 58764 38766 7559.71089  200 3876 8566.00000 7433.55207  13.2%  1703 16293s
 58765 38767 7972.30079  301 3883 8566.00000 7433.70389  13.2%  1703 16295s
 58769 38769 7433.84048   89 3987 8566.00000 7433.84048  13.2%  1703 16300s
 58770 38770 7546.86519  112 4039 8566.00000 7433.84195  13.2%  1703 16326s
 58773 38772 7434.01857   65 3994 8566.00000 7434.01857  13.2%  1703 16330s
 58776 38774 7453.83133  335 4024 8566.00000 7434.02947  13.2%  1703 16356s
 58778 38775 7804.11924  108 3794 8566.00000 7434.71387  13.2%  1703 16362s
 58780 38777 8157.50837  371 3909 8566.00000 7434.96437  13.2%  1703 16365s
 58784 38779 7808.56861  205 4005 8566.00000 7435.00014  13.2%  1703 16392s
 58786 38781 7785.95698  330 3969 8566.00000 7435.40176  13.2%  1703 16396s
 58790 38783 8340.83729  248 4030 8566.00000 7435.44768  13.2%  1703 16424s
 58791 38784 7435.63179   72 3811 8566.00000 7435.63179  13.2%  1703 16426s
 58794 38786 8204.32945   88 3873 8566.00000 7435.76417  13.2%  1702 16430s
 58796 38787 7540.82799  251 3850 8566.00000 7435.77005  13.2%  1702 16456s
 58798 38789 7436.02066   94 3919 8566.00000 7436.02066  13.2%  1702 16460s
 58802 38791 8529.31702  136 3961 8566.00000 7436.05290  13.2%  1702 16487s
 58803 38792 7436.40851  155 3933 8566.00000 7436.40851  13.2%  1702 16491s
 58805 38793 7496.71769  211 3845 8566.00000 7436.61987  13.2%  1702 16495s
 58808 38795 7890.32228  100 4115 8566.00000 7436.65785  13.2%  1702 16521s
 58812 38798 7485.20272   65 3857 8566.00000 7436.78556  13.2%  1702 16525s
 58816 38801 7742.32272  120 4061 8566.00000 7436.79991  13.2%  1702 16549s
 58817 38801 7436.98266  160 4075 8566.00000 7436.98266  13.2%  1702 16552s
 58819 38803 7437.14414   93 4100 8566.00000 7437.14414  13.2%  1702 16555s
 58825 38807 7802.30052  179 4069 8566.00000 7437.18947  13.2%  1702 16582s
 58826 38807 7714.47125  186 4056 8566.00000 7437.42530  13.2%  1702 16585s
 58829 38809 8084.89490  579 4095 8566.00000 7437.76140  13.2%  1701 16590s
 58834 38813 7531.26819   65 4273 8566.00000 7437.81610  13.2%  1701 16619s
 58835 38813 7438.22002   53 4251 8566.00000 7438.22002  13.2%  1701 16622s
 58837 38815 7438.56308   89 4165 8566.00000 7438.56308  13.2%  1701 16626s
 58841 38817 8160.00649  269 4417 8566.00000 7438.60676  13.2%  1701 16653s
 58842 38818 7496.95496  116 4257 8566.00000 7438.86449  13.2%  1701 16655s
 58846 38822 7644.55027  239  815 8566.00000 7438.86449  13.2%  1714 16663s
 58847 38823 7438.86449  218  909 8566.00000 7438.86449  13.2%  1714 16666s
 58849 38824 7483.19781  267 1056 8566.00000 7438.86449  13.2%  1714 16673s
 58850 38825 7487.43712  200 1310 8566.00000 7438.86449  13.2%  1714 16679s
 58851 38826 7517.36205  170 1524 8566.00000 7438.86449  13.2%  1714 16687s
 58852 38826 7742.11656  431 1543 8566.00000 7438.86449  13.2%  1714 16697s
 58853 38827 7677.10071  245 1814 8566.00000 7438.86449  13.2%  1714 16709s
 58854 38828 7804.16574  180 1848 8566.00000 7438.86449  13.2%  1714 16720s
 58855 38828 7844.41605  215 2020 8566.00000 7438.86449  13.2%  1714 16734s
 58856 38829 7525.99470  294 2239 8566.00000 7438.86449  13.2%  1714 16750s
 58857 38830 7438.86449  170 2508 8566.00000 7438.86449  13.2%  1714 16766s
 58858 38830 7438.86449   67 2577 8566.00000 7438.86449  13.2%  1714 16782s
 58859 38831 8376.12627  216 2874 8566.00000 7438.86449  13.2%  1714 16798s
 58860 38832 7438.86449   56 2869 8566.00000 7438.86449  13.2%  1714 16813s
 58861 38832 7519.93548  181 3068 8566.00000 7438.86449  13.2%  1714 16829s
 58862 38833 7734.33781  395 3320 8566.00000 7438.86449  13.2%  1713 16841s
 58863 38834 8513.61931  365 3614 8566.00000 7438.86449  13.2%  1713 16853s
 58864 38834 7559.71089  200 3501 8566.00000 7438.86449  13.2%  1713 16860s
 58865 38835 7972.30079  301 3760 8566.00000 7438.86449  13.2%  1713 16866s
 58866 38836 8380.53839  221 3986 8566.00000 7438.86449  13.2%  1713 16870s
 58869 38838 7438.86449   89 4081 8566.00000 7438.86449  13.2%  1713 16875s
 58873 38840 7439.24624   65 3851 8566.00000 7439.24624  13.2%  1713 16883s
 58876 38842 7453.83133  335 3974 8566.00000 7439.29958  13.2%  1713 16885s
 58878 38844 7804.11924  108 4017 8566.00000 7439.31300  13.2%  1713 16914s
 58879 38844 7460.83255  220 4214 8566.00000 7439.60958  13.1%  1713 16916s
 58882 38846 7439.66614  112 3890 8566.00000 7439.66614  13.1%  1713 16946s
 58885 38848 7757.71916  333 3739 8566.00000 7440.04019  13.1%  1713 16950s
 58889 38851 7509.87497   66 3835 8566.00000 7440.05373  13.1%  1713 16979s
 58890 38852 8340.83729  248 3814 8566.00000 7440.24342  13.1%  1713 16982s
 58892 38853 7642.23578  150 3852 8566.00000 7440.46344  13.1%  1713 16985s
 58894 38854 8204.32945   88 3848 8566.00000 7440.47553  13.1%  1713 17014s
 58895 38855 7907.28489  255 3796 8566.00000 7440.61200  13.1%  1713 17020s
 58902 38860 8529.31702  136 3806 8566.00000 7440.71421  13.1%  1712 17050s
 58905 38862 7496.71769  211 3669 8566.00000 7441.16348  13.1%  1712 17055s
 58906 38862 7573.25332  282 3698 8566.00000 7441.16468  13.1%  1712 17081s
 58910 38865 7847.74889  190 3740 8566.00000 7441.29640  13.1%  1712 17085s
 58911 38866 7441.29655  104 3803 8566.00000 7441.29655  13.1%  1712 17113s
 58912 38866 7485.20272   65 3643 8566.00000 7441.51524  13.1%  1712 17115s
 58915 38868 7540.33268  159 3776 8566.00000 7441.61679  13.1%  1712 17143s
 58917 38870 7441.75482  160 3947 8566.00000 7441.75482  13.1%  1712 17145s
 58922 38873 7441.78159  161 3950 8566.00000 7441.78159  13.1%  1712 17174s
 58923 38874 7473.31732   99 3838 8566.00000 7442.02197  13.1%  1712 17176s
 58927 38876 7532.24794  128 3731 8566.00000 7442.06208  13.1%  1712 17204s
 58928 38877 7661.50144  111 3752 8566.00000 7442.21155  13.1%  1712 17212s
 58930 38878 7655.94581  122 3696 8566.00000 7442.34318  13.1%  1712 17215s
 58934 38881 7531.26819   65 3790 8566.00000 7442.35910  13.1%  1711 17244s
 58935 38882 7442.60082   53 3589 8566.00000 7442.60082  13.1%  1711 17246s
 58939 38884 7442.77871  114 3643 8566.00000 7442.77871  13.1%  1711 17250s
 58941 38886 8160.00649  269 3706 8566.00000 7442.78350  13.1%  1711 17278s
H58941 36940                    8565.0000000 7443.09941  13.1%  1711 17282s
H58941 35091                    8564.0000000 7443.09941  13.1%  1711 17282s
 58945 35093 8112.23818  221 3662 8564.00000 7443.16105  13.1%  1711 17285s
 58947 35095 7443.16905  218 3704 8564.00000 7443.16905  13.1%  1711 17312s
 58949 35096 7483.19781  267 3530 8564.00000 7443.34596  13.1%  1711 17315s
 58952 35098 7742.11656  431 3527 8564.00000 7443.36531  13.1%  1711 17346s
 58953 35099 7677.10071  245 3456 8564.00000 7444.31462  13.1%  1711 17352s
 58955 35100 7844.41605  215 3535 8564.00000 7444.63119  13.1%  1711 17356s
 58960 35103 7444.68084   56 3563 8564.00000 7444.68084  13.1%  1711 17384s
 58961 35104 7519.93548  181 3354 8564.00000 7445.18224  13.1%  1711 17387s
 58963 35105 8513.61931  365 3342 8564.00000 7445.42338  13.1%  1711 17390s
 58965 35107 7972.30079  301 3519 8564.00000 7445.43277  13.1%  1710 17415s
H58965 33350                    8560.0000000 7445.65628  13.0%  1710 17418s
 58967 33351 7735.13966   85 3572 8560.00000 7445.80052  13.0%  1710 17420s
 58974 33356 7636.55561  230 3591 8560.00000 7445.87697  13.0%  1710 17450s
 58977 33358 7446.20100   81 3266 8560.00000 7446.20100  13.0%  1710 17455s
 58982 33361 7446.22572  112 3473 8560.00000 7446.22572  13.0%  1710 17481s
 58983 33362 7570.47303  275 3459 8560.00000 7446.50778  13.0%  1710 17485s
 58989 33366 7509.87497   66 3503 8560.00000 7446.74058  13.0%  1710 17513s
 58990 33366 8340.83729  248 3690 8560.00000 7446.96263  13.0%  1710 17516s
 58995 33370 7907.28489  255 3715 8560.00000 7447.08660  13.0%  1710 17546s
 58996 33370 7540.82799  251 3809 8560.00000 7447.39061  13.0%  1710 17550s
 59000 33373 7616.66359  264 3834 8560.00000 7447.49845  13.0%  1709 17580s
 59005 33376 7496.71769  211 3679 8560.00000 7447.65600  13.0%  1709 17609s
 59006 33377 7573.25332  282 3747 8560.00000 7447.81189  13.0%  1709 17616s
 59012 33381 7485.20272   65 3767 8560.00000 7447.93940  13.0%  1709 17645s
 59015 33383 7540.33268  159 3766 8560.00000 7448.44302  13.0%  1709 17650s
 59018 33385 7890.50063  155 3783 8560.00000 7448.46678  13.0%  1709 17675s
 59019 33386 7448.84858   93 3647 8560.00000 7448.84858  13.0%  1709 17687s
 59021 33387 7588.28377  186 3784 8560.00000 7448.96724  13.0%  1709 17690s
 59025 33390 7802.30052  179 3742 8560.00000 7448.99229  13.0%  1709 17716s
 59027 33391 7532.24794  128 3895 8560.00000 7449.53707  13.0%  1709 17721s
 59032 33394 7449.61798   52 4098 8560.00000 7449.61798  13.0%  1709 17750s
 59033 33395 8483.09480  315 4019 8560.00000 7449.81306  13.0%  1709 17757s
 59037 33398 7449.93118   89 4038 8560.00000 7449.93118  13.0%  1708 17760s
 59038 33398 7520.80246  227 4031 8560.00000 7449.93154  13.0%  1708 17784s
 59039 33399 7450.26108  114 3943 8560.00000 7450.26108  13.0%  1708 17787s
 59041 33400 8160.00649  269 3991 8560.00000 7450.45082  13.0%  1708 17790s
 59044 33402 7450.46610  186 4069 8560.00000 7450.46610  13.0%  1708 17813s
 59045 33403 8112.23818  221 3766 8560.00000 7450.62427  13.0%  1708 17818s
 59047 33404 7450.69873  218 4004 8560.00000 7450.69873  13.0%  1708 17820s
 59050 33406 7487.43712  200 4064 8560.00000 7450.71429  13.0%  1708 17844s
 59051 33407 7517.36205  170 3962 8560.00000 7450.83454  13.0%  1708 17847s
 59056 33410 7525.99470  294 4198 8560.00000 7450.93151  13.0%  1708 17850s
 59058 33412 7450.93637   67 4194 8560.00000 7450.93637  13.0%  1708 17873s
 59059 33412 8376.12627  216 3996 8560.00000 7451.23837  13.0%  1708 17887s
 59061 33414 7519.93548  181 3993 8560.00000 7451.42583  13.0%  1708 17890s
 59066 33417 8380.53839  221 3952 8560.00000 7451.48012  12.9%  1708 17917s
 59069 33419 7451.69813   89 4061 8560.00000 7451.69813  12.9%  1707 17920s
 59072 33421 7533.81761  125 3968 8560.00000 7451.71851  12.9%  1707 17945s
 59075 33423 8530.46199  353 3932 8560.00000 7452.12025  12.9%  1707 17950s
 59079 33426 7460.83255  220 4237 8560.00000 7452.14194  12.9%  1707 17977s
 59080 33426 8157.50837  371 3977 8560.00000 7452.61078  12.9%  1707 17980s
 59085 33430 7757.71916  333 4189 8560.00000 7452.83576  12.9%  1707 17985s
 59086 33430 7785.95698  330 4288 8560.00000 7452.83650  12.9%  1707 18010s
 59091 33434 7453.19965   72 4083 8560.00000 7453.19965  12.9%  1707 18038s
 59092 33434 7642.23578  150 3928 8560.00000 7453.49633  12.9%  1707 18041s
 59097 33438 7454.34240   89 4073 8560.00000 7453.65045  12.9%  1707 18045s
 59098 33438 7453.65135   94 4078 8560.00000 7453.65135  12.9%  1707 18070s
 59099 33439 7757.63092  297 4021 8560.00000 7453.95738  12.9%  1707 18077s
 59102 33441 8529.31702  136 4092 8560.00000 7454.12037  12.9%  1707 18080s
 59106 33444 7573.25332  282 4085 8560.00000 7454.13128  12.9%  1706 18107s
 59109 33446 7455.68531  213 4057 8560.00000 7454.25992  12.9%  1706 18110s
 59111 33447 7454.26307  104 4117 8560.00000 7454.26307  12.9%  1706 18138s
 59113 33448 7509.18383  368 3919 8560.00000 7454.66027  12.9%  1706 18141s
 59116 33450 7742.32272  120 4019 8560.00000 7454.70223  12.9%  1706 18165s
 59121 33454 7588.28377  186 4050 8560.00000 7455.02000  12.9%  1706 18170s
 59122 33454 7455.02092  161 4150 8560.00000 7455.02092  12.9%  1706 18194s
H59122 31776                    8555.0000000 7455.34668  12.9%  1706 18202s
 59125 31778 7802.30052  179 3984 8555.00000 7455.42484  12.9%  1706 18205s
 59129 31781 8084.89490  579 4174 8555.00000 7455.44279  12.9%  1706 18231s
 59133 31784 8483.09480  315 4026 8555.00000 7455.50609  12.9%  1706 18257s
 59135 31785 7455.67960   53 4099 8555.00000 7455.67960  12.9%  1706 18260s
 59138 31787 7520.80246  227 4070 8555.00000 7455.70755  12.8%  1705 18286s
 59141 31789 8160.00649  269 4085 8555.00000 7455.99724  12.8%  1705 18290s
 59145 31792 8112.23818  221 4119 8555.00000 7456.02117  12.8%  1705 18316s
 59151 31796 7517.36205  170 4094 8555.00000 7456.22296  12.8%  1705 18342s
 59153 31797 7677.10071  245 4139 8555.00000 7456.42477  12.8%  1705 18345s
 59156 31799 7525.99470  294 4147 8555.00000 7456.43412  12.8%  1705 18371s
 59157 31800 7456.66175  170 4149 8555.00000 7456.66175  12.8%  1705 18381s
 59161 31802 7519.93548  181 4116 8555.00000 7456.79289  12.8%  1705 18409s
 59162 31803 7734.33781  395 4128 8555.00000 7456.97076  12.8%  1705 18411s
 59166 31806 8380.53839  221 4146 8555.00000 7457.07688  12.8%  1705 18438s
 59168 31807 8391.70132  169 3982 8555.00000 7457.26677  12.8%  1705 18440s
 59171 31809 7849.37039  145 4126 8555.00000 7457.29385  12.8%  1705 18466s
 59176 31812 7457.43971  335 4259 8555.00000 7457.43971  12.8%  1704 18470s
 59177 31813 7457.43989   81 4277 8555.00000 7457.43989  12.8%  1704 18495s
 59183 31817 7570.47303  275 4177 8555.00000 7457.69219  12.8%  1704 18526s
 59185 31818 7757.71916  333 3904 8555.00000 7457.98688  12.8%  1704 18530s
 59189 31821 7509.87497   66 4042 8555.00000 7458.01159  12.8%  1704 18556s
 59190 31822 8340.83729  248 4160 8555.00000 7458.35187  12.8%  1704 18607s
 59192 31823 7642.23578  150 4102 8555.00000 7458.52000  12.8%  1704 18610s
 59195 31825 7907.28489  255 4180 8555.00000 7458.52988  12.8%  1704 18639s
 59196 31826 7540.82799  251 4073 8555.00000 7458.59007  12.8%  1704 18640s
 59198 31827 7458.60062   94 4138 8555.00000 7458.60062  12.8%  1704 18667s
 59200 31828 7616.66359  264 4114 8555.00000 7459.02299  12.8%  1704 18671s
 59205 31832 7496.71769  211 4158 8555.00000 7459.14177  12.8%  1704 18675s
 59207 31833 7594.18323  197 4128 8555.00000 7459.14383  12.8%  1704 18700s
 59210 31835 7847.74889  190 4035 8555.00000 7459.58576  12.8%  1703 18705s
 59214 31838 7666.92505  239 4096 8555.00000 7459.63667  12.8%  1703 18732s
 59216 31839 7742.32272  120 4042 8555.00000 7460.29134  12.8%  1703 18736s
 59221 31842 7588.28377  186 4226 8555.00000 7460.35937  12.8%  1703 18764s
 59222 31843 7460.75943  161 4089 8555.00000 7460.75943  12.8%  1703 18767s
 59226 31846 7714.47125  186 4215 8555.00000 7460.89565  12.8%  1703 18770s
 59228 31847 7661.50144  111 4253 8555.00000 7460.89988  12.8%  1703 18797s
 59229 31848 8084.89490  579 4024 8555.00000 7461.08303  12.8%  1703 18800s
 59238 31854 7520.80246  227 4102 8555.00000 7461.21909  12.8%  1703 18829s
 59239 31854 7461.57510  114 4122 8555.00000 7461.57510  12.8%  1703 18833s
 59241 31856 8160.00649  269 4108 8555.00000 7461.73734  12.8%  1703 18836s
 59245 31858 8112.23818  221 4263 8555.00000 7461.77812  12.8%  1702 18864s
 59246 31859 7644.55027  239 4106 8555.00000 7462.33320  12.8%  1702 18868s
 59248 31860 7478.09441  193 4213 8555.00000 7462.54611  12.8%  1702 18871s
 59252 31863 7742.11656  431 4220 8555.00000 7462.61221  12.8%  1702 18899s
 59253 31864 7677.10071  245 4109 8555.00000 7462.83888  12.8%  1702 18902s
 59256 31866 7525.99470  294 4199 8555.00000 7462.98812  12.8%  1702 18905s
 59259 31868 8376.12627  216 4245 8555.00000 7462.99380  12.8%  1702 18931s
 59261 31869 7519.93548  181 4253 8555.00000 7463.23798  12.8%  1702 18935s
 59266 31872 8380.53839  221 4267 8555.00000 7463.27430  12.8%  1702 18963s
 59267 31873 7735.13966   85 3888 8555.00000 7463.59578  12.8%  1702 18965s
 59269 31874 7463.98094   89 4150 8555.00000 7463.98094  12.8%  1702 18970s
 59273 31877 7464.02917   65 4197 8555.00000 7464.02917  12.8%  1702 18997s
 59275 31878 8530.46199  353 4231 8555.00000 7464.17340  12.8%  1702 19000s
 59279 31881 7464.20145  220 4359 8555.00000 7464.20145  12.8%  1701 19027s
 59280 31882 8157.50837  371 4253 8555.00000 7464.49975  12.7%  1701 19030s
 59287 31886 8126.18019  200 4210 8555.00000 7464.63165  12.7%  1701 19061s
 59291 31889 7464.75712   72 4188 8555.00000 7464.75712  12.7%  1701 19090s
 59296 31892 7540.82799  251 4182 8555.00000 7464.87098  12.7%  1701 19119s
 59297 31893 7464.88637   89 4132 8555.00000 7464.88637  12.7%  1701 19120s
 59300 31895 7616.66359  264 4179 8555.00000 7464.93037  12.7%  1701 19146s
 59303 31897 7465.09209  155 4216 8555.00000 7465.09209  12.7%  1701 19150s
 59306 31899 7573.25332  282 4283 8555.00000 7465.14522  12.7%  1701 19177s
 59308 31900 7890.32228  100 4272 8555.00000 7465.68056  12.7%  1701 19181s
 59312 31903 7485.20272   65 4309 8555.00000 7465.70162  12.7%  1700 19208s
 59313 31904 7509.18383  368 4064 8555.00000 7465.78423  12.7%  1700 19210s
 59316 31906 7742.32272  120 4257 8555.00000 7465.82923  12.7%  1700 19239s
 59317 31906 7465.91912  160 4194 8555.00000 7465.91912  12.7%  1700 19240s
 59320 31908 8374.37646  242 4346 8555.00000 7466.09617  12.7%  1700 19245s
 59325 31912 7802.30052  179 4428 8555.00000 7466.11984  12.7%  1700 19274s
 59326 31912 7714.47125  186 4311 8555.00000 7466.29676  12.7%  1700 19277s
 59328 31914 7661.50144  111 4232 8555.00000 7466.46545  12.7%  1700 19280s
 59331 31916 8003.84434  154 4247 8555.00000 7466.47663  12.7%  1700 19310s
 59333 31917 8483.09480  315 4151 8555.00000 7466.83593  12.7%  1700 19315s
 59337 31920 7466.90275   89 4275 8555.00000 7466.90275  12.7%  1700 19345s
 59339 31921 7467.37265  114 4264 8555.00000 7467.37265  12.7%  1700 19350s
 59342 31923 7496.95496  116 4129 8555.00000 7467.42202  12.7%  1700 19378s
 59343 31924 8119.40093  150 4265 8555.00000 7467.53787  12.7%  1700 19380s
 59348 31927 7478.09441  193 4361 8555.00000 7467.57638  12.7%  1699 19409s
 59349 31928 7483.19781  267 4305 8555.00000 7467.64386  12.7%  1699 19411s
 59353 31930 7677.10071  245 4363 8555.00000 7467.73562  12.7%  1699 19442s
 59355 31932 7844.41605  215 4256 8555.00000 7467.94963  12.7%  1699 19445s
 59358 31934 7467.97075   67 4353 8555.00000 7467.97075  12.7%  1699 19473s
 59360 31935 7468.12675   56 4348 8555.00000 7468.12675  12.7%  1699 19476s
 59365 31938 7972.30079  301 4277 8555.00000 7468.17888  12.7%  1699 19504s
 59366 31939 8380.53839  221 4239 8555.00000 7468.27357  12.7%  1699 19505s
 59372 31943 7533.81761  125 4260 8555.00000 7468.33911  12.7%  1699 19537s
 59375 31945 8530.46199  353 4357 8555.00000 7468.34660  12.7%  1699 19566s
 59379 31948 7468.46291  220 4301 8555.00000 7468.46291  12.7%  1699 19570s
 59384 31951 7808.56861  205 4426 8555.00000 7468.48477  12.7%  1698 19599s
 59385 31952 7757.71916  333 4195 8555.00000 7468.60189  12.7%  1698 19601s
 59391 31956 7468.68352   72 4311 8555.00000 7468.68352  12.7%  1698 19630s
 59396 31959 7540.82799  251 4268 8555.00000 7468.86708  12.7%  1698 19635s
 59399 31961 7757.63092  297 4260 8555.00000 7468.87737  12.7%  1698 19662s
 59401 31962 7642.95128  455 4118 8555.00000 7469.03233  12.7%  1698 19665s
 59404 31964 7759.51840  136 4156 8555.00000 7469.04583  12.7%  1698 19692s
 59406 31966 7573.25332  282 4132 8555.00000 7469.48464  12.7%  1698 19695s
 59409 31968 7469.52679  213 4244 8555.00000 7469.52679  12.7%  1698 19723s
 59410 31968 7847.74889  190 4108 8555.00000 7469.88307  12.7%  1698 19726s
 59413 31970 7509.18383  368 4295 8555.00000 7470.05359  12.7%  1698 19730s
 59415 31972 7540.33268  159 4269 8555.00000 7470.06024  12.7%  1698 19757s
 59416 31972 7742.32272  120 3963 8555.00000 7470.27845  12.7%  1698 19760s
 59421 31976 7588.28377  186 4230 8555.00000 7470.46137  12.7%  1697 19790s
 59425 31978 7802.30052  179 4227 8555.00000 7470.66103  12.7%  1697 19821s
 59427 31980 7532.24794  128 4102 8555.00000 7470.99224  12.7%  1697 19825s
 59431 31982 8003.84434  154 4241 8555.00000 7471.04050  12.7%  1697 19854s
 59432 31983 7471.19612   52 4169 8555.00000 7471.19612  12.7%  1697 19857s
 59437 31986 7471.28440   89 4229 8555.00000 7471.28440  12.7%  1697 19860s
 59438 31987 7520.80246  227 4273 8555.00000 7471.28485  12.7%  1697 19885s
 59441 31989 8160.00649  269 4055 8555.00000 7471.62585  12.7%  1697 19890s
 59444 31991 7471.65413  186 4275 8555.00000 7471.65413  12.7%  1697 19918s
 59445 31992 8112.23818  221 4246 8555.00000 7471.98666  12.7%  1697 19921s
 59450 31995 7487.43712  200 4128 8555.00000 7472.14687  12.7%  1697 19949s
 59451 31996 7517.36205  170 3897 8555.00000 7472.30443  12.7%  1697 19951s
 59456 31999 7525.99470  294 4140 8555.00000 7472.45150  12.7%  1696 19955s
 59457 32000 7472.45203  170 4128 8555.00000 7472.45203  12.7%  1696 19981s
 59459 32001 8376.12627  216 4227 8555.00000 7472.84962  12.6%  1696 19985s
 59463 32004 8513.61931  365 4141 8555.00000 7472.94684  12.6%  1696 20013s
 59464 32004 7559.71089  200 4093 8555.00000 7473.08321  12.6%  1696 20015s
 59471 32009 7849.37039  145 4157 8555.00000 7473.23840  12.6%  1696 20020s
 59472 32010 7533.81761  125 4199 8555.00000 7473.23882  12.6%  1696 20044s
 59473 32010 7473.40989   65 4104 8555.00000 7473.40989  12.6%  1696 20046s
 59478 32014 7804.11924  108 4100 8555.00000 7473.46909  12.6%  1696 20075s
 59480 32015 8157.50837  371 3992 8555.00000 7473.54650  12.6%  1696 20176s
 59481 32019 7473.77330   56 4091 8555.00000 7473.54650  12.6%  1704 20951s
 59483 32022 7474.11751   57 3930 8555.00000 7473.77350  12.6%  1704 20983s
 59487 32029 7474.19784   58 4054 8555.00000 7474.11897  12.6%  1705 21027s
 59495 32042 7474.87996   59 3936 8555.00000 7474.19812  12.6%  1706 21077s
 59511 32051 7550.86586   60 3432 8555.00000 7474.88187  12.6%  1708 21181s
 59525 32076 7522.17629   61 3225 8555.00000 7474.88187  12.6%  1713 21257s
 59555 32208 7524.08984   62 3376 8555.00000 7474.88187  12.6%  1716 21316s
 59697 32214 7525.94216   67 3350 8555.00000 7474.88187  12.6%  1719 21344s
 59750 32311 7526.42782   68 3386 8555.00000 7474.88187  12.6%  1720 21369s
 59865 32365 7532.65089   71 3469 8555.00000 7474.88187  12.6%  1719 21390s
 59957 32416 7529.99466   71 3274 8555.00000 7474.88187  12.6%  1719 21409s
 60039 32421 7529.55066   70 3227 8555.00000 7474.88187  12.6%  1719 21422s
 60071 32440 7534.40589   73 3185 8555.00000 7474.88187  12.6%  1720 21438s
 60101 32460 7536.35011   74 3298 8555.00000 7474.88187  12.6%  1720 21456s
 60131 32485 7536.86589   75 3273 8555.00000 7474.88187  12.6%  1719 21472s
 60166 32505 7537.48325   76 3326 8555.00000 7474.88187  12.6%  1719 21481s
 60198 32538 7545.49232   74 3103 8555.00000 7474.88187  12.6%  1719 21496s
 60241 32580 7537.68894   77 3284 8555.00000 7474.88187  12.6%  1719 21514s
 60298 32639 7537.84525   78 3369 8555.00000 7474.88187  12.6%  1719 21532s
 60376 32698 7539.25927   81 3223 8555.00000 7474.88187  12.6%  1718 21549s
 60461 32776 7541.22061   85 3182 8555.00000 7474.88187  12.6%  1718 21569s
 60567 32771 7541.70591   86 3178 8555.00000 7474.88187  12.6%  1717 21586s
 60597 32794 7541.82201   87 3032 8555.00000 7474.88187  12.6%  1717 21604s
 60630 32812 7542.41049   88 3143 8555.00000 7474.88187  12.6%  1717 21624s
 60659 32842 7542.57542   89 3085 8555.00000 7474.88187  12.6%  1718 21646s
 60699 32882 7543.05114   92 2985 8555.00000 7474.88187  12.6%  1718 21668s
 60752 32935 7544.29647   98 3047 8555.00000 7474.88187  12.6%  1718 21695s
 60823 32942 7547.88754  103 3064 8555.00000 7474.88187  12.6%  1718 21729s
 60854 33036 7548.13330  103 3216 8555.00000 7474.88187  12.6%  1718 21753s
 60958 33152 7549.87649  103 3145 8555.00000 7474.88187  12.6%  1719 21776s
 61109 33267 7549.50349  104 3214 8555.00000 7474.88187  12.6%  1717 21800s
 61274 33243 7549.16223  104 3102 8555.00000 7474.88187  12.6%  1716 21826s
 61305 33264 7549.74984  104 3099 8555.00000 7474.88187  12.6%  1716 21849s
 61336 33289 7549.67101  105 3189 8555.00000 7474.88187  12.6%  1717 21868s
 61372 33363 7550.42889  106 3348 8555.00000 7474.88187  12.6%  1716 21894s
 61458 33476 7551.04134  105 3231 8555.00000 7474.88187  12.6%  1716 21927s
 61599 33597 7552.23247  110 3216 8555.00000 7474.88187  12.6%  1715 21960s
 61767 33677 7552.96303  112 3104 8555.00000 7474.88187  12.6%  1714 21989s
 61905 33663 7554.33261  114 3049 8555.00000 7474.88187  12.6%  1714 22007s
 61937 33683 7599.49340  113 2789 8555.00000 7474.88187  12.6%  1714 22033s
 61968 33732 7630.83179  114 3021 8555.00000 7474.88187  12.6%  1715 22059s
 62027 33862 7557.32896  115 3004 8555.00000 7474.88187  12.6%  1714 22091s
H62173 32202                    8554.0000000 7474.88187  12.6%  1713 22091s
 62177 32424 7561.81921  116 3027 8554.00000 7474.88187  12.6%  1714 22125s
 62400 32579 7559.69061  116 2984 8554.00000 7474.88187  12.6%  1713 22161s
 62633 32733 7560.01818  117 2904 8554.00000 7474.88187  12.6%  1713 22198s
 62877 32902 7559.04673  117 3153 8554.00000 7474.88187  12.6%  1712 22239s
 63131 33043 7630.53300  117 2991 8554.00000 7474.88187  12.6%  1712 22287s
 63391 33150 7565.04518  118 3171 8554.00000 7474.88187  12.6%  1712 22329s
 63607 33112 7568.36420  120 3171 8554.00000 7474.88187  12.6%  1713 22366s
 63653 33309 7575.64848  121 3096 8554.00000 7474.88187  12.6%  1714 22405s
 63878 33562 7571.59138  121 3202 8554.00000 7474.88187  12.6%  1713 22457s
 64220 33702 7585.75541  124 2948 8554.00000 7474.88187  12.6%  1712 22512s
 64553 33856 7577.73609  127 3083 8554.00000 7474.88187  12.6%  1711 22566s
 64840 34037 7586.59790  135 3256 8554.00000 7474.88187  12.6%  1712 22618s
 65147 34240 7621.98097  139 3075 8554.00000 7474.88187  12.6%  1712 22685s
 65539 34343 7623.40012  136 2987 8554.00000 7474.88187  12.6%  1711 22736s
 65820 34278 7601.97324  138 3284 8554.00000 7476.59247  12.6%  1713 22780s
 65856 34296 7597.64727  141 3198 8554.00000 7476.59247  12.6%  1714 22829s
 65888 34314 7599.30128  142 3271 8554.00000 7476.59247  12.6%  1714 22867s
 65923 34330 7599.30128  143 3268 8554.00000 7476.59247  12.6%  1715 22911s
 65959 34350 7599.45569  144 3292 8554.00000 7476.59247  12.6%  1715 22956s
 65991 34370 7599.91228  145 3160 8554.00000 7476.59247  12.6%  1716 22999s
 66025 34438 7600.08677  146 3211 8554.00000 7476.59247  12.6%  1716 23045s
 66137 34502 7608.54472  147 3268 8554.00000 7476.59247  12.6%  1716 23108s
 66242 34592 7600.21139  147 3239 8554.00000 7476.59247  12.6%  1717 23165s
 66385 34853 7605.77807  148 3189 8554.00000 7476.59247  12.6%  1719 23241s
 66761 35021 7607.62771  145 3179 8554.00000 7476.59247  12.6%  1719 23312s
 67086 35257 7619.60695  148 3107 8554.00000 7476.59247  12.6%  1722 23391s
 67469 35422 7608.17612  153 3219 8554.00000 7476.59247  12.6%  1724 23474s
 67808 35610 7613.71045  162 3116 8554.00000 7476.59247  12.6%  1728 23554s
 68109 35546 7634.44891  170 3037 8554.00000 7476.59247  12.6%  1734 23615s
 68147 35717 7620.93055  170 3119 8554.00000 7476.59247  12.6%  1735 23690s
 68386 35899 7624.05795  171 2956 8554.00000 7476.59247  12.6%  1736 23785s
 68707 36086 7635.16850  173 2936 8554.00000 7476.59247  12.6%  1741 23874s
 69007 36371 7643.66055  178 2992 8554.00000 7476.59247  12.6%  1747 23974s
 69451 36690 7647.60587  182 3047 8554.00000 7476.59247  12.6%  1752 24076s
 69948 37115 7652.59725  194 2924 8554.00000 7477.04557  12.6%  1756 24183s
 70582 37505 7677.55387  199 2844 8554.00000 7477.04557  12.6%  1757 24293s
 71228 37814 7678.21432  209 2930 8554.00000 7477.04557  12.6%  1759 24400s
 71852 38125 7677.65887  220 2959 8554.00000 7477.07870  12.6%  1762 24512s
 72407 38476 7681.16627  223 2903 8554.00000 7477.07870  12.6%  1766 24622s
 73019 38848 7698.55381  225 2823 8554.00000 7477.07870  12.6%  1770 24744s
 73648 39287 7788.25002  226 3037 8554.00000 7477.07870  12.6%  1775 24865s
 74343 39727 7718.37816  235 2827 8554.00000 7477.07870  12.6%  1778 24983s
 75069 40499 7770.72481  240 2920 8554.00000 7477.07870  12.6%  1781 25119s
 76140 40903 7763.93005  245 2633 8554.00000 7477.07870  12.6%  1778 25256s
 76949 40668 7754.02109  253 2949 8554.00000 7477.07870  12.6%  1777 25350s
 76986 41129 7754.24589  254 2881 8554.00000 7477.07870  12.6%  1778 25476s
 77555 41448 7765.51275  255 3014 8554.00000 7477.07870  12.6%  1778 25616s
 78097 41515 7777.33117  257 2845 8554.00000 7477.45844  12.6%  1785 25754s
 78353 42158 7842.94127  270 2857 8554.00000 7477.45844  12.6%  1791 25925s
 79136 42669 7821.07659  277 2316 8554.00000 7477.48954  12.6%  1796 26083s
 79980 43171 7811.70301  287 2625 8554.00000 7477.48954  12.6%  1801 26247s
 80808 43488 7857.18505  292 2610 8554.00000 7477.48954  12.6%  1809 26402s
 81461 44206 7841.23307  306 2695 8554.00000 7478.32874  12.6%  1813 26575s
 82437 44077 7856.53166  309 2750 8554.00000 7478.32874  12.6%  1819 26737s
 82664 44714 7853.90966  319 2532 8554.00000 7478.32874  12.6%  1822 26919s
 83464 45123 7868.69077  330 2595 8554.00000 7478.32874  12.6%  1830 27138s
 84256 45606 infeasible  339      8554.00000 7478.32874  12.6%  1844 27354s
 85089 46108 7535.79214   78 2992 8554.00000 7478.47793  12.6%  1856 27574s
 85991 46857 7853.00006  107 2654 8554.00000 7479.50680  12.6%  1870 27801s
 87166 47658 8192.20352  214 1520 8554.00000 7479.50680  12.6%  1882 28062s
 88497 48170 7540.48080   91 3095 8554.00000 7479.50680  12.6%  1885 28315s
 89540 47877 7630.92265  128 3142 8554.00000 7479.50680  12.6%  1898 28517s
 89595 48610 7645.38275  135 2915 8554.00000 7479.50680  12.6%  1899 28782s
 90370 48381 infeasible  156      8554.00000 7479.50680  12.6%  1914 29084s
 90404 48399     cutoff  156      8554.00000 7480.47778  12.5%  1914 29402s
 90439 48417 7520.58682   67 3620 8554.00000 7480.47778  12.5%  1916 29756s
 90473 48452 7530.28181   68 3589 8554.00000 7480.47778  12.5%  1917 30102s
H90498 46907                    8552.0000000 7480.47778  12.5%  1919 30102s
 90533 48167 7530.28181   69 3586 8552.00000 7480.47778  12.5%  1920 30495s
 92110 47759 7626.26464  150 2908 8552.00000 7480.47778  12.5%  1943 30808s
 92234 48862 7643.84533  158 2809 8552.00000 7480.47778  12.5%  1947 31191s
 93500 50050 7853.62686  240 2813 8552.00000 7480.47778  12.5%  1977 31604s
 95470 50798 8187.90795  368 2427 8552.00000 7480.47778  12.5%  2002 32024s
 95562 50768     cutoff  133      8552.00000 7480.47778  12.5%  2003 32025s
 97185 51797 7708.68544   79 2863 8552.00000 7480.47778  12.5%  2020 32422s
 99013 53345 8092.87500  100 2598 8552.00000 7480.47778  12.5%  2039 32824s
 101479 55098 7543.24027  106 3302 8552.00000 7480.47778  12.5%  2042 33260s
 104437 55826 7617.21752  194 2969 8552.00000 7480.47778  12.5%  2039 33643s
 106503 57646 7758.48711  243 2814 8552.00000 7480.47778  12.5%  2042 34036s
 109222 59175 7522.89263   80 3269 8552.00000 7483.47099  12.5%  2035 34422s
 111751 60361 7604.52189  146 2929 8552.00000 7483.47099  12.5%  2027 34844s
 113952 59628 7594.73952   65 3045 8552.00000 7485.36060  12.5%  2028 34845s
 114160 61917 8031.41020  237 2721 8552.00000 7485.36060  12.5%  2028 35275s
 116768 64345 7928.81895  143 2865 8552.00000 7485.77914  12.5%  2026 35809s
 120502 65720 7515.88468   98 3169 8552.00000 7485.77914  12.5%  2015 36256s
 123363 67330 7589.38424  189 3020 8552.00000 7485.77914  12.5%  2004 36611s
 126004 69046 7747.70050  274 2832 8552.00000 7485.77914  12.5%  1997 37009s
 128847 70192 7511.46885   92 3425 8552.00000 7485.77914  12.5%  1990 37445s
 131284 71854 7953.10448  147 2610 8552.00000 7485.77914  12.5%  1991 37872s
 134002 73574 7585.20273  114 2977 8552.00000 7485.77914  12.5%  1990 38334s
 136705 75067 7697.99140  152 2915 8552.00000 7485.77914  12.5%  1991 38799s
 138983 74308 7920.37792  314 2777 8552.00000 7485.77914  12.5%  1997 38800s
 139431 76710 7802.94180  260 2837 8552.00000 7485.77914  12.5%  1996 39299s
 142205 77981 7956.84226  273 2679 8552.00000 7485.77914  12.5%  2005 39829s
 144828 79312 7606.01606   97 3420 8552.00000 7485.77914  12.5%  2019 40395s
 147346 82196 8183.58912  160 2640 8552.00000 7485.77914  12.5%  2028 41035s
 150918 86138 7636.61165  176 3059 8552.00000 7485.77914  12.5%  2040 41607s
 155079 88698 7867.70623  345 2660 8552.00000 7488.35126  12.4%  2040 42141s
 158178 92191 7555.35186  104 3363 8552.00000 7488.45438  12.4%  2048 42670s
 161988 95949 7905.14370  179 2662 8552.00000 7488.45438  12.4%  2047 43188s
 166020 98497 7567.59661   81 3082 8552.00000 7488.45438  12.4%  2041 43663s
 168642 101180 7634.27504  149 2926 8552.00000 7488.45438  12.4%  2049 44163s
 171657 103875 7785.26618  198 2610 8552.00000 7488.45438  12.4%  2055 44686s
 174511 106586 7814.34279  252 2520 8552.00000 7489.50942  12.4%  2063 45208s
 177451 108937 8003.10331  313 2405 8552.00000 7489.57437  12.4%  2069 45839s
 180012 113628 7546.61851  116 3176 8552.00000 7489.57437  12.4%  2075 46570s
 185067 117143 7674.63482  223 2527 8552.00000 7489.57437  12.4%  2077 47168s
 188841 120160 7825.58498  250 2738 8552.00000 7489.58690  12.4%  2080 47722s
 192182 122580 7910.11287  273 2744 8552.00000 7489.58690  12.4%  2083 48281s
 194784 125609 7789.55750   95 2643 8552.00000 7489.58690  12.4%  2088 48876s
 198190 128623 7636.98689  119 2925 8552.00000 7490.00711  12.4%  2092 49456s
 201655 129140 8296.97082  211 2640 8552.00000 7490.00711  12.4%  2098 49950s
 202218 132271 8299.41856  212 2642 8552.00000 7490.00711  12.4%  2100 50599s
 205542 135785 7575.69370  173 3483 8552.00000 7490.00711  12.4%  2109 51206s
 209188 138787 7704.36630  307 2914 8552.00000 7490.00711  12.4%  2116 51850s
 212559 141904 8418.60648  409 2429 8552.00000 7490.00711  12.4%  2125 52448s
 215988 145122 7620.44942  186 3128 8552.00000 7490.00711  12.4%  2132 53013s
 219360 148157 7708.69943  307 2935 8552.00000 7490.00711  12.4%  2133 53586s
 222883 151141 7930.21945  417 2662 8552.00000 7490.61842  12.4%  2135 54188s
 226344 153638 7729.91332  109 2933 8552.00000 7490.61842  12.4%  2139 54732s
 229338 157052 infeasible  123      8552.00000 7490.61842  12.4%  2146 55305s
 233057 160269 7507.34856   87 3833 8552.00000 7490.61842  12.4%  2147 55889s
 236571 163035 8084.89029  140 2576 8552.00000 7491.49520  12.4%  2147 56439s
 239605 164570 8048.89252  119 2675 8552.00000 7491.49520  12.4%  2148 56995s
 241275 170119 7554.41397   69 3385 8552.00000 7491.92099  12.4%  2148 58239s
 247456 173118 7652.40840  115 2905 8552.00000 7492.39393  12.4%  2158 58933s
 250549 176553 7813.51632  180 2722 8552.00000 7492.39393  12.4%  2170 59633s
 254130 179252 8101.96332  215 2777 8552.00000 7492.39393  12.4%  2182 60360s
 257189 180993 8480.05258  252 2199 8552.00000 7492.39393  12.4%  2195 61118s
 259438 184474 7527.02913   87 3295 8552.00000 7492.39393  12.4%  2204 61869s
 263617 188067 7664.60673  170 3273 8552.00000 7492.42824  12.4%  2208 62602s
 267790 189426 7834.06193  297 2962 8552.00000 7492.72330  12.4%  2213 63178s
 269366 192797 7965.75224  339 2826 8552.00000 7492.72330  12.4%  2215 63798s
 273220 195116 7512.82495   75 3316 8552.00000 7492.72330  12.4%  2217 64295s
 275567 199021 7597.66933  139 2986 8552.00000 7492.72330  12.4%  2217 64882s
 279626 201787 7746.65700  272 2800 8552.00000 7492.72330  12.4%  2213 65439s
 282665 204605 7828.86805  416 2776 8552.00000 7493.01395  12.4%  2217 66012s
 285682 207322 7593.64009   80 3171 8552.00000 7493.01395  12.4%  2221 66569s
 288547 210032 7932.13521  173 2491 8552.00000 7493.01395  12.4%  2224 67148s
 291651 212406 7673.07312  113 3105 8552.00000 7493.60280  12.4%  2228 67764s
 294166 216202 7785.25543  213 2876 8552.00000 7493.60280  12.4%  2231 68371s
 298199 218809 8029.33146  352 2749 8552.00000 7493.60280  12.4%  2231 68973s
 301232 222282 7558.70411  124 3325 8552.00000 7493.60280  12.4%  2235 69578s
 304856 225325 7683.62823  232 3031 8552.00000 7493.60280  12.4%  2238 70110s
 308159 228643 7862.54010  316 2892 8552.00000 7493.60280  12.4%  2238 70658s
 312066 231303 8037.53705  461 2569 8552.00000 7493.60280  12.4%  2236 71204s
 314995 233386 7513.23324   80 3476 8552.00000 7493.60280  12.4%  2235 71775s
 317202 236651 7613.47567  138 3284 8552.00000 7493.60280  12.4%  2237 72336s
 320575 236678 7743.40175  244 2902 8552.00000 7493.60280  12.4%  2237 72875s
 320612 236706 7746.08539  245 3037 8552.00000 7493.60280  12.4%  2237 73674s
 320648 236735 7746.20852  246 2961 8552.00000 7493.60280  12.4%  2237 74364s
 320683 236766 7748.39089  247 2819 8552.00000 7493.60280  12.4%  2237 74933s
 320716 236796 7748.62545  248 2938 8552.00000 7493.60280  12.4%  2237 75510s
 320749 236857 7750.53746  249 2894 8552.00000 7493.60280  12.4%  2237 76178s
 320826 237472 7755.16050  252 2939 8552.00000 7493.60280  12.4%  2237 76819s
 321565 239430 7952.73236  363 2751 8552.00000 7493.78113  12.4%  2238 77495s
 323809 242258 7585.23876   95 3239 8552.00000 7493.78113  12.4%  2241 78240s
 327293 244771 7724.30770   96 3227 8552.00000 7494.20962  12.4%  2244 78947s
 330686 247766 7502.36812   87 3615 8552.00000 7494.26260  12.4%  2252 79610s
 333922 250522 7655.96434  195 3507 8552.00000 7494.35740  12.4%  2258 80333s
 336936 252839 7777.48057  269 3352 8552.00000 7494.84851  12.4%  2260 81029s
 337121 252839 8026.89339  374 2848 8552.00000 7494.84851  12.4%  2259 81030s
 339516 255437 7876.94216  366 3092 8552.00000 7494.89056  12.4%  2267 81721s
 342389 259014 8053.19775  503 2761 8552.00000 7495.05438  12.4%  2272 82569s
 346114 262793 7525.43586  103 3497 8552.00000 7495.05438  12.4%  2280 83309s
 346794 262793 7643.55116  137 2770 8552.00000 7495.05438  12.4%  2280 83310s
 350130 266295 7623.34232  212 3186 8552.00000 7495.05438  12.4%  2283 83997s
 353827 269179 7821.52140  373 2995 8552.00000 7495.05438  12.4%  2288 84668s
 357011 272495 7517.11973   74 3650 8552.00000 7495.07456  12.4%  2290 85320s
 360707 274490 7507.17702   75 3284 8552.00000 7495.07456  12.4%  2296 86009s
 362864 275624 7508.84403   87 3438 8552.00000 7495.07456  12.4%  2306 86400s

Cutting planes:
  Gomory: 121
  Lift-and-project: 2
  Cover: 2073
  Implied bound: 117
  Projected implied bound: 14
  Clique: 95
  MIR: 1969
  Mixing: 9
  StrongCG: 902
  Flow cover: 5980
  GUB cover: 356
  Inf proof: 1
  Zero half: 598
  Mod-K: 9
  RLT: 2319
  Relax-and-lift: 252

Explored 364081 nodes (842333646 simplex iterations) in 86400.40 seconds (145920.57 work units)
Thread count was 32 (of 64 available processors)

Solution count 10: 8552 8554 8555 ... 8575

Time limit reached
Best objective 8.552000000000e+03, best bound 7.496000000000e+03, gap 12.3480%
Solved rc101_Skewed2 -> /project2/ssuen_1733/output/v3-balance-hours/rc101_Skewed2.pkl / .json
[Wed Dec 17 18:27:54 PST 2025] Finished run_single_instance for rc101_Skewed2
