==========================================
SLURM_JOB_ID = 5322920
SLURM_JOB_NODELIST = b22-29
TMPDIR = /tmp/SLURM_5322920
==========================================
Using Python:
Python 3.10.18
Checking core dependencies:
numpy: 2.2.6
gurobi: (12, 0, 3)
[Tue Dec 16 17:43:11 PST 2025] Starting run_single_instance on b22-29.hpc.usc.edu for rc101_Skewed1
Set parameter TokenServer to value "hpc-licenses.hpcc.usc.edu"
Set parameter TimeLimit to value 86400
Set parameter Seed to value 42
Set parameter OutputFlag to value 1
Gurobi Optimizer version 12.0.3 build v12.0.3rc0 (linux64 - "Rocky Linux 8.10 (Green Obsidian)")

CPU model: AMD EPYC 7542 32-Core Processor, instruction set [SSE2|AVX|AVX2]
Thread count: 64 physical cores, 128 logical processors, using up to 32 threads

Non-default parameters:
TimeLimit  86400
Seed  42

Optimize a model with 703650 rows, 728000 columns and 7279600 nonzeros
Model fingerprint: 0x6a6eb735
Variable types: 0 continuous, 728000 integer (727500 binary)
Coefficient statistics:
  Matrix range     [1e+00, 1e+03]
  Objective range  [1e+00, 1e+02]
  Bounds range     [1e+00, 5e+01]
  RHS range        [1e+00, 1e+03]
Presolve removed 678000 rows and 698355 columns
Presolve time: 1.80s
Presolved: 25650 rows, 29645 columns, 218850 nonzeros
Variable types: 0 continuous, 29645 integer (29600 binary)
Performing another presolve...
Presolve removed 350 rows and 301 columns
Presolve time: 0.42s
Deterministic concurrent LP optimizer: primal and dual simplex
Showing primal log only...


Root simplex log...

Iteration    Objective       Primal Inf.    Dual Inf.      Time
   14414    1.1008694e+04   0.000000e+00   7.052681e+05      5s
Concurrent spin time: 0.10s

Solved with dual simplex

Root simplex log...

Iteration    Objective       Primal Inf.    Dual Inf.      Time
   15764    5.0823769e+03   0.000000e+00   0.000000e+00      7s

Root relaxation: objective 5.082377e+03, 15764 iterations, 3.26 seconds (3.58 work units)
Total elapsed time = 7.13s (DegenMoves)

    Nodes    |    Current Node    |     Objective Bounds      |     Work
 Expl Unexpl |  Obj  Depth IntInf | Incumbent    BestBd   Gap | It/Node Time

     0     0 5082.37686    0  825          - 5082.37686      -     -    7s
     0     0 5108.48123    0  862          - 5108.48123      -     -    9s
     0     0 5109.33029    0  898          - 5109.33029      -     -    9s
     0     0 5109.39576    0  897          - 5109.39576      -     -    9s
     0     0 5109.39761    0  896          - 5109.39761      -     -    9s
     0     0 5134.09132    0  938          - 5134.09132      -     -   10s
     0     0 5134.75798    0  951          - 5134.75798      -     -   11s
     0     0 5134.75798    0  940          - 5134.75798      -     -   11s
     0     0 5153.68377    0  910          - 5153.68377      -     -   13s
     0     0 5154.31876    0  928          - 5154.31876      -     -   13s
     0     0 5154.40381    0  916          - 5154.40381      -     -   13s
     0     0 5154.41486    0  935          - 5154.41486      -     -   14s
     0     0 5154.47845    0  942          - 5154.47845      -     -   14s
     0     0 5154.47947    0  948          - 5154.47947      -     -   14s
     0     0 5169.58140    0  947          - 5169.58140      -     -   16s
     0     0 5170.34631    0  979          - 5170.34631      -     -   16s
     0     0 5170.51248    0  924          - 5170.51248      -     -   16s
     0     0 5170.52486    0  943          - 5170.52486      -     -   16s
     0     0 5183.72026    0 1019          - 5183.72026      -     -   18s
     0     0 5183.95168    0 1119          - 5183.95168      -     -   19s
     0     0 5184.02633    0 1094          - 5184.02633      -     -   19s
     0     0 5184.03368    0 1125          - 5184.03368      -     -   19s
     0     0 5215.12875    0 1117          - 5215.12875      -     -   21s
     0     0 5218.96359    0 1100          - 5218.96359      -     -   22s
     0     0 5219.27367    0 1161          - 5219.27367      -     -   23s
     0     0 5219.27995    0 1133          - 5219.27995      -     -   23s
     0     0 5300.58408    0 1132          - 5300.58408      -     -   25s
     0     0 5306.69771    0 1081          - 5306.69771      -     -   26s
     0     0 5307.06990    0 1118          - 5307.06990      -     -   26s
     0     0 5307.10780    0 1115          - 5307.10780      -     -   26s
     0     0 5368.27523    0 1333          - 5368.27523      -     -   29s
     0     0 5372.00841    0 1363          - 5372.00841      -     -   30s
     0     0 5372.65271    0 1404          - 5372.65271      -     -   31s
     0     0 5372.72442    0 1367          - 5372.72442      -     -   31s
     0     0 5372.80271    0 1374          - 5372.80271      -     -   31s
     0     0 5372.80529    0 1394          - 5372.80529      -     -   31s
     0     0 5427.33174    0 1260          - 5427.33174      -     -   35s
     0     0 5434.53834    0 1389          - 5434.53834      -     -   37s
     0     0 5435.49633    0 1426          - 5435.49633      -     -   38s
     0     0 5435.64779    0 1425          - 5435.64779      -     -   38s
     0     0 5435.65700    0 1437          - 5435.65700      -     -   38s
     0     0 5537.81628    0 1363          - 5537.81628      -     -   42s
     0     0 5546.76952    0 1455          - 5546.76952      -     -   43s
     0     0 5547.55351    0 1488          - 5547.55351      -     -   43s
     0     0 5547.58063    0 1506          - 5547.58063      -     -   43s
     0     0 5644.04792    0 1365          - 5644.04792      -     -   46s
     0     0 5652.47871    0 1451          - 5652.47871      -     -   48s
     0     0 5653.14555    0 1481          - 5653.14555      -     -   49s
     0     0 5653.35835    0 1469          - 5653.35835      -     -   49s
     0     0 5653.42721    0 1442          - 5653.42721      -     -   49s
     0     0 5701.93083    0 1412          - 5701.93083      -     -   52s
     0     0 5707.35134    0 1518          - 5707.35134      -     -   54s
     0     0 5707.99743    0 1490          - 5707.99743      -     -   54s
     0     0 5708.06875    0 1472          - 5708.06875      -     -   55s
     0     0 5744.86919    0 1492          - 5744.86919      -     -   58s
     0     0 5748.64605    0 1572          - 5748.64605      -     -   59s
     0     0 5748.83092    0 1595          - 5748.83092      -     -   60s
     0     0 5768.63909    0 1534          - 5768.63909      -     -   63s
     0     0 5769.74490    0 1568          - 5769.74490      -     -   64s
     0     0 5769.88132    0 1558          - 5769.88132      -     -   64s
     0     0 5780.96939    0 1480          - 5780.96939      -     -   66s
     0     0 5782.17643    0 1512          - 5782.17643      -     -   67s
     0     0 5782.25273    0 1524          - 5782.25273      -     -   68s
     0     0 5803.69955    0 1476          - 5803.69955      -     -   70s
     0     0 5806.62922    0 1592          - 5806.62922      -     -   72s
     0     0 5807.82688    0 1595          - 5807.82688      -     -   72s
     0     0 5807.91697    0 1589          - 5807.91697      -     -   73s
     0     0 5817.04331    0 1448          - 5817.04331      -     -   76s
     0     0 5817.72650    0 1455          - 5817.72650      -     -   76s
     0     0 5817.72650    0 1498          - 5817.72650      -     -   77s
H    0     0                    11224.000000 5817.72650  48.2%     -   77s
H    0     0                    11206.000000 5817.72650  48.1%     -   77s
H    0     0                    11198.000000 5817.72650  48.0%     -   77s
H    0     0                    11194.000000 5817.72650  48.0%     -   77s
H    0     0                    11186.000000 5817.72650  48.0%     -   77s
H    0     0                    11055.000000 5817.72650  47.4%     -   77s
H    0     0                    11044.000000 5824.25750  47.3%     -   79s
H    0     0                    10868.000000 5824.25750  46.4%     -   79s
H    0     0                    10856.000000 5824.25750  46.3%     -   79s
H    0     0                    10813.000000 5824.25750  46.1%     -   79s
H    0     0                    10706.000000 5824.25750  45.6%     -   79s
H    0     0                    10681.000000 5824.25750  45.5%     -   79s
H    0     0                    10676.000000 5824.25750  45.4%     -   79s
H    0     0                    10669.000000 5824.25750  45.4%     -   79s
H    0     0                    10551.000000 5824.25750  44.8%     -   79s
H    0     0                    10499.000000 5824.25750  44.5%     -   79s
H    0     0                    10497.000000 5824.25750  44.5%     -   79s
H    0     0                    10415.000000 5824.25750  44.1%     -   79s
H    0     0                    10276.000000 5824.25750  43.3%     -   79s
H    0     0                    10275.000000 5824.25750  43.3%     -   79s
H    0     0                    10255.000000 5824.25750  43.2%     -   79s
H    0     0                    10250.000000 5824.25750  43.2%     -   79s
     0     0 5824.25750    0 1537 10250.0000 5824.25750  43.2%     -   79s
H    0     0                    10110.000000 5824.31436  42.4%     -   79s
H    0     0                    10031.000000 5824.31436  41.9%     -   79s
H    0     0                    9937.0000000 5824.31436  41.4%     -   79s
H    0     0                    9823.0000000 5824.31436  40.7%     -   79s
H    0     0                    9804.0000000 5824.31436  40.6%     -   79s
H    0     0                    9766.0000000 5824.31436  40.4%     -   79s
H    0     0                    9639.0000000 5824.31436  39.6%     -   79s
H    0     0                    9551.0000000 5824.31436  39.0%     -   79s
H    0     0                    9522.0000000 5824.31436  38.8%     -   79s
H    0     0                    9497.0000000 5824.31436  38.7%     -   79s
H    0     0                    9494.0000000 5824.31436  38.7%     -   79s
H    0     0                    9457.0000000 5824.31436  38.4%     -   79s
     0     0 5825.04138    0 1582 9457.00000 5825.04138  38.4%     -   80s
     0     0 5825.37204    0 1600 9457.00000 5825.37204  38.4%     -   81s
     0     0 5825.37353    0 1631 9457.00000 5825.37353  38.4%     -   81s
     0     0 5835.31902    0 1620 9457.00000 5835.31902  38.3%     -   83s
H    0     0                    9431.0000000 5835.75892  38.1%     -   83s
H    0     0                    9402.0000000 5835.75892  37.9%     -   84s
H    0     0                    9376.0000000 5835.75892  37.8%     -   84s
     0     0 5836.45900    0 1610 9376.00000 5836.45900  37.8%     -   85s
     0     0 5836.78137    0 1679 9376.00000 5836.78137  37.7%     -   85s
     0     0 5836.78682    0 1693 9376.00000 5836.78682  37.7%     -   85s
     0     0 5846.54023    0 1583 9376.00000 5846.54023  37.6%     -   87s
H    0     0                    9371.0000000 5846.54117  37.6%     -   87s
H    0     0                    9345.0000000 5846.54117  37.4%     -   87s
H    0     0                    9334.0000000 5846.54117  37.4%     -   87s
H    0     0                    9325.0000000 5846.54117  37.3%     -   88s
H    0     0                    9300.0000000 5847.28830  37.1%     -   88s
H    0     0                    9259.0000000 5847.28830  36.8%     -   88s
     0     0 5847.28830    0 1565 9259.00000 5847.28830  36.8%     -   88s
     0     0 5847.32703    0 1584 9259.00000 5847.32703  36.8%     -   89s
H    0     0                    9239.0000000 5861.60535  36.6%     -   92s
H    0     0                    9238.0000000 5861.60535  36.5%     -   92s
H    0     0                    9153.0000000 5861.60535  36.0%     -   92s
H    0     0                    9150.0000000 5861.60535  35.9%     -   92s
H    0     0                    9149.0000000 5861.60535  35.9%     -   92s
H    0     0                    9147.0000000 5861.60535  35.9%     -   92s
H    0     0                    9111.0000000 5861.60535  35.7%     -   92s
     0     0 5861.60535    0 1518 9111.00000 5861.60535  35.7%     -   92s
H    0     0                    9110.0000000 5861.65703  35.7%     -   92s
H    0     0                    9097.0000000 5861.65703  35.6%     -   92s
H    0     0                    9081.0000000 5861.65703  35.5%     -   92s
     0     0 5862.51913    0 1511 9081.00000 5862.51913  35.4%     -   93s
H    0     0                    9079.0000000 5862.64736  35.4%     -   93s
     0     0 5862.64736    0 1506 9079.00000 5862.64736  35.4%     -   93s
H    0     0                    9053.0000000 5867.23843  35.2%     -   95s
H    0     0                    9005.0000000 5867.23843  34.8%     -   95s
H    0     0                    8953.0000000 5867.23843  34.5%     -   95s
     0     0 5867.23843    0 1561 8953.00000 5867.23843  34.5%     -   95s
H    0     0                    8951.0000000 5867.35013  34.5%     -   95s
H    0     0                    8944.0000000 5867.35013  34.4%     -   95s
H    0     0                    8930.0000000 5867.35013  34.3%     -   95s
     0     0 5867.83658    0 1639 8930.00000 5867.83658  34.3%     -   97s
     0     0 5867.89825    0 1615 8930.00000 5867.89825  34.3%     -   97s
     0     0 5868.44942    0 1556 8930.00000 5868.44942  34.3%     -   99s
     0     0 5868.44942    0 1538 8930.00000 5868.44942  34.3%     -   99s
H    0     0                    8911.0000000 5868.45134  34.1%     -  101s
H    0     0                    8910.0000000 5868.45134  34.1%     -  101s
H    0     0                    8896.0000000 5868.45134  34.0%     -  101s
H    0     0                    8858.0000000 5868.45134  33.7%     -  101s
H    0     0                    8842.0000000 5868.45134  33.6%     -  101s
H    0     0                    8840.0000000 5868.45134  33.6%     -  101s
H    0     0                    8838.0000000 5868.45134  33.6%     -  101s
H    0     0                    8833.0000000 5868.45134  33.6%     -  101s
     0     2 5868.45422    0 1535 8833.00000 5868.45422  33.6%     -  103s
     1     4 5868.67808    1 1550 8833.00000 5868.56846  33.6%   729  106s
     3     8 5869.37107    2 1539 8833.00000 5869.37107  33.6%  2109  112s
     7    16 5869.87155    3 1660 8833.00000 5869.39117  33.6%  3040  117s
    15    30 5870.18939    4 1615 8833.00000 5869.87313  33.5%  3055  124s
H   31    48                    8675.0000000 5870.38869  32.3%  3804  133s
H   42    48                    8668.0000000 5870.69215  32.3%  3277  133s
    61    74 5870.89381    6 1707 8668.00000 5870.70123  32.3%  3126  139s
H   93   128                    8612.0000000 5871.12917  31.8%  2610  160s
H   95   128                    8594.0000000 5873.84660  31.7%  2576  160s
H  119   128                    8535.0000000 5873.84660  31.2%  2255  160s
   149   246 5875.27288    9 1727 8535.00000 5873.84660  31.2%  2263  168s
H  269   324                    8527.0000000 5873.84660  31.1%  1676  172s
H  271   324                    8525.0000000 5873.84660  31.1%  1668  172s
H  275   324                    8523.0000000 5873.84660  31.1%  1653  172s
H  290   324                    8521.0000000 5873.84660  31.1%  1608  172s
H  295   324                    8519.0000000 5873.84660  31.1%  1606  172s
H  298   324                    8502.0000000 5873.84660  30.9%  1612  172s
H  310   324                    8500.0000000 5873.84660  30.9%  1588  172s
   347   412 5877.30322   13 1684 8500.00000 5873.84660  30.9%  1477  178s
   435   473 5878.62623   16 1723 8500.00000 5873.84660  30.9%  1344  183s
H  437   473                    8474.0000000 5873.84660  30.7%  1338  183s
H  439   473                    8472.0000000 5873.84660  30.7%  1335  183s
H  463   473                    8467.0000000 5873.84660  30.6%  1302  183s
H  480   473                    8466.0000000 5873.84660  30.6%  1278  183s
H  493   473                    8416.0000000 5873.84660  30.2%  1267  183s
H  496   534                    8369.0000000 5873.84660  29.8%  1270  188s
H  502   534                    8348.0000000 5873.84660  29.6%  1263  188s
   557   598 5881.27671   20 1617 8348.00000 5873.84660  29.6%  1227  193s
H  563   598                    8346.0000000 5873.84660  29.6%  1223  193s
   621   647 5941.18581   20 1575 8346.00000 5873.84660  29.6%  1196  199s
H  623   647                    8341.0000000 5873.84660  29.6%  1195  199s
H  629   647                    8337.0000000 5873.84660  29.5%  1191  199s
H  638   647                    8335.0000000 5873.84660  29.5%  1194  199s
H  643   647                    8331.0000000 5873.84660  29.5%  1194  199s
H  663   647                    8318.0000000 5873.84660  29.4%  1179  199s
   670   717 5881.83870   21 1661 8318.00000 5873.84660  29.4%  1187  202s
   740   749 5882.29603   23 1605 8318.00000 5873.84660  29.4%  1143  205s
H  741   749                    8304.0000000 5873.84660  29.3%  1142  205s
H  745   749                    8301.0000000 5873.84660  29.2%  1139  205s
H  769   749                    8294.0000000 5873.84660  29.2%  1129  205s
   772   816 5883.57499   24 1603 8294.00000 5873.84660  29.2%  1127  210s
   839   904 5883.96163   25 1609 8294.00000 5873.84660  29.2%  1105  215s
   927   980 5884.19301   27 1616 8294.00000 5873.84660  29.2%  1068  220s
  1003  1018 5893.21095   30 1603 8294.00000 5873.84660  29.2%  1042  225s
  1041  1050 5894.04450   31 1638 8294.00000 5873.84660  29.2%  1034  231s
H 1052  1050                    8285.0000000 5873.84660  29.1%  1029  231s
H 1062  1050                    8280.0000000 5873.84660  29.1%  1026  231s
  1073  1150 5894.21403   32 1640 8280.00000 5873.84660  29.1%  1027  236s
  1173  1189 5903.04514   36 1590 8280.00000 5873.84660  29.1%   995  240s
H 1187  1189                    8278.0000000 5873.84660  29.0%   992  240s
H 1206  1189                    8276.0000000 5873.84660  29.0%   989  240s
  1212  1271 5903.05899   39 1590 8276.00000 5873.84660  29.0%   989  245s
  1294  1322 5904.03471   40 1606 8276.00000 5873.84660  29.0%   988  250s
H 1295  1322                    8274.0000000 5873.84660  29.0%   987  250s
H 1316  1322                    8263.0000000 5873.84660  28.9%   991  250s
H 1317  1322                    8253.0000000 5873.84660  28.8%   991  250s
  1347  1400 5904.79288   41 1649 8253.00000 5873.84660  28.8%   982  258s
  1426  1520 5905.92156   44 1594 8253.00000 5873.84660  28.8%   990  263s
  1546  1638 5906.78171   46 1637 8253.00000 5873.84660  28.8%   962  270s
  1666  1670 5907.02681   47 1639 8253.00000 5873.84660  28.8%   947  275s
  1698  1703 5908.53173   48 1618 8253.00000 5873.84660  28.8%   945  283s
H 1705  1703                    8250.0000000 5873.84660  28.8%   943  283s
H 1707  1703                    8247.0000000 5873.84660  28.8%   944  283s
  1733  1819 6020.91186   48 1526 8247.00000 5873.84660  28.8%   942  289s
  1853  1850 5909.27554   49 1622 8247.00000 5873.84660  28.8%   933  297s
H 1856  1850                    8245.0000000 5873.84660  28.8%   932  297s
  1886  1885 6002.71194   49 1670 8245.00000 5873.84660  28.8%   931  302s
H 1887  1885                    8243.0000000 5873.84660  28.7%   931  302s
H 1890  1885                    8223.0000000 5873.84660  28.6%   932  302s
  1921  2013 5911.32260   50 1617 8223.00000 5873.84660  28.6%   937  312s
  2049  2152 5913.00305   52 1631 8223.00000 5873.84660  28.6%   933  320s
H 2220  2216                    8220.0000000 5873.84660  28.5%   924  328s
  2252  2387 5917.56424   56 1674 8220.00000 5873.84660  28.5%   922  334s
  2423  2419 5917.93718   57 1675 8220.00000 5873.84660  28.5%   902  339s
H 2425  2419                    8208.0000000 5873.84660  28.4%   903  339s
H 2428  2419                    8202.0000000 5873.84660  28.4%   902  339s
H 2430  2419                    8201.0000000 5873.84660  28.4%   902  339s
H 2438  2419                    8191.0000000 5873.84660  28.3%   902  339s
H 2441  2419                    8187.0000000 5873.84660  28.3%   902  339s
  2455  2625 5923.12187   57 1616 8187.00000 5873.84660  28.3%   901  346s
  2663  2842 5919.17443   61 1654 8187.00000 5873.84660  28.3%   878  353s
  2880  3028 5919.60914   62 1683 8187.00000 5873.84660  28.3%   853  361s
  3070  3240 5922.17583   66 1634 8187.00000 5873.84660  28.3%   844  368s
  3282  3461 5923.86772   68 1710 8187.00000 5873.84660  28.3%   831  379s
H 3503  3493                    8185.0000000 5873.84660  28.2%   821  385s
H 3511  3493                    8184.0000000 5873.84660  28.2%   821  385s
H 3526  3493                    8151.0000000 5873.84660  27.9%   820  385s
  3535  3711 5931.23902   73 1671 8151.00000 5873.84660  27.9%   820  394s
H 3753  3769                    8145.0000000 5873.84660  27.9%   811  400s
H 3761  3769                    8139.0000000 5873.84660  27.8%   811  400s
H 3787  3769                    8130.0000000 5873.84660  27.8%   810  400s
  3811  4038 5934.42938   79 1630 8130.00000 5873.84660  27.8%   808  410s
  4086  4354 5937.06615   81 1553 8130.00000 5873.84660  27.8%   794  421s
  4406  4680 5946.64504   85 1587 8130.00000 5873.84660  27.8%   776  432s
H 4735  4711                    8129.0000000 5873.84660  27.7%   761  439s
H 4739  4711                    8125.0000000 5873.84660  27.7%   761  439s
  4768  5040 5961.84985   92 1607 8125.00000 5873.84660  27.7%   760  452s
  5106  5417 5963.64281   93 1583 8125.00000 5873.84660  27.7%   753  464s
  5499  5869 5973.96775   99 1636 8125.00000 5875.27288  27.7%   736  479s
H 5958  5899                    8102.0000000 5875.27288  27.5%   715  488s
H 5959  5897                    8089.0000000 5875.27288  27.4%   715  488s
H 5991  5923                    8088.0000000 5875.27288  27.4%   716  498s
H 6010  5923                    8087.0000000 5875.27288  27.3%   717  498s
  6028  6044 5981.09822  109 1541 8087.00000 5875.27288  27.3%   716  509s
H 6031  6044                    8079.0000000 5875.27288  27.3%   716  509s
H 6125  6040                    8076.0000000 5875.27288  27.3%   713  509s
  6160  6473 5983.02606  112 1515 8076.00000 5875.27288  27.3%   711  521s
  6607  6898 5991.69665  123 1677 8076.00000 5875.27288  27.3%   695  532s
  7090  7371 5991.44428  129 1541 8076.00000 5875.27288  27.3%   681  544s
H 7571  7522                    8075.0000000 5875.27288  27.2%   667  554s
H 7630  7521                    8074.0000000 5875.27288  27.2%   666  554s
H 7718  7518                    8069.0000000 5875.27288  27.2%   662  554s
  7725  8102 5992.05664  131 1544 8069.00000 5875.27288  27.2%   662  568s
  8326  8133 6050.21186  138 1369 8069.00000 5875.27288  27.2%   644  579s
H 8358  8131                    8068.0000000 5875.27288  27.2%   643  579s
  8359  8647 5998.52813  139 1646 8068.00000 5875.27288  27.2%   643  594s
  8954  9011 6003.47595  152 1540 8068.00000 5876.70227  27.2%   629  623s
H 9348  9154                    8061.0000000 5876.70227  27.1%   631  640s
H 9350  9147                    8050.0000000 5876.70227  27.0%   631  640s
H 9352  9136                    8044.0000000 5876.70227  26.9%   631  640s
H 9393  9129                    8039.0000000 5876.70227  26.9%   631  640s
H 9413  9110                    8031.0000000 5876.70227  26.8%   631  640s
  9495  9552 6007.39273  163 1568 8031.00000 5876.70227  26.8%   633  653s
  9955  9993 6014.74421  178 1568 8031.00000 5876.70227  26.8%   632  686s
 10400 10029 6019.20581  190 1583 8031.00000 5876.70227  26.8%   629  698s
H10401 10016                    8026.0000000 5876.70227  26.8%   629  698s
 10436 10663 6019.21151  191 1580 8026.00000 5876.70227  26.8%   629  715s
 11106 11245 6026.41524  217 1503 8026.00000 5876.70227  26.8%   620  732s
 11692 11542 6034.62519  239 1457 8026.00000 5876.70227  26.8%   618  749s
H11720 11541                    8025.0000000 5876.70227  26.8%   617  749s
H11725 11540                    8024.0000000 5876.70227  26.8%   617  749s
H11762 11536                    8021.0000000 5876.70227  26.7%   619  749s
 11993 11859 6043.27474  256 1467 8021.00000 5876.70227  26.7%   616  765s
H12004 11857                    8020.0000000 5876.70227  26.7%   616  765s
H12069 11854                    8019.0000000 5876.70227  26.7%   615  765s
H12193 11850                    8018.0000000 5876.70227  26.7%   614  765s
 12318 12676 6045.62228  267 1448 8018.00000 5876.70227  26.7%   612  785s
 13161 12708 6066.78546  303 1605 8018.00000 5876.70227  26.7%   602  799s
H13166 12705                    8017.0000000 5876.70227  26.7%   603  799s
 13193 13552 6294.00983  303 1670 8017.00000 5876.70227  26.7%   603  818s
 14107 14346 6092.45974  314 1623 8017.00000 5876.70227  26.7%   592  835s
 14950 14347 6314.66762  200 13283 8017.00000 5876.70227  26.7%   586  889s
 14952 14348 7423.66995  332  861 8017.00000 5876.70227  26.7%   586  896s
 14955 14350 7910.66434  239 1100 8017.00000 5876.70227  26.7%   585  902s
 14956 14351 6921.73147  163 1307 8017.00000 5876.70227  26.7%   585  906s
 14958 14352 6163.19405   49 1540 8017.00000 5876.70227  26.7%   585  913s
 14959 14353 6226.77253   52 1489 8017.00000 5876.70227  26.7%   585  917s
 14960 14354 6184.13081  218 1615 8017.00000 5876.70227  26.7%   585  921s
 14961 14354 6196.24802  278 1810 8017.00000 5876.70227  26.7%   585  926s
 14963 14356 6017.17580   20 1692 8017.00000 5879.58170  26.7%   585  930s
 14969 14360 6531.47734  353 1680 8017.00000 5906.24118  26.3%   585  936s
 14970 14360 6687.86695  152 1695 8017.00000 5972.50572  25.5%   585  945s
 14971 14361 6213.61770   24 1649 8017.00000 5985.29079  25.3%   585  950s
 14972 14362 6176.55603   85 1596 8017.00000 5992.03038  25.3%   585  955s
 14975 14364 6065.07728   42 1651 8017.00000 5997.44480  25.2%   585  960s
 14980 14367 6307.43011  355 1756 8017.00000 6042.76689  24.6%   584  971s
 14981 14368 6094.16887   18 1770 8017.00000 6053.89740  24.5%   584  976s
 14983 14369 6350.90709  145 1725 8017.00000 6056.78470  24.5%   584  980s
 14993 14376 6084.10972  311 1760 8017.00000 6057.32915  24.4%   584  986s
 14994 14376 6123.36946  186 1756 8017.00000 6092.32710  24.0%   584  993s
 14995 14377 7292.64815  281 1834 8017.00000 6096.31409  24.0%   584  997s
 14997 14378 7095.06958  191 1951 8017.00000 6098.94206  23.9%   584 1001s
 15001 14381 6105.89864   29 1938 8017.00000 6099.37775  23.9%   584 1005s
 15002 14382 7984.94782  357 1869 8017.00000 6131.60889  23.5%   584 1013s
 15003 14382 7846.63489  106 1967 8017.00000 6138.29381  23.4%   584 1019s
 15004 14383 6227.98529   88 2047 8017.00000 6140.61665  23.4%   584 1022s
 15006 14384 6141.81970  170 2058 8017.00000 6141.81970  23.4%   583 1025s
 15011 14388 6451.61232   60 1996 8017.00000 6163.22622  23.1%   583 1039s
 15012 14388 6166.01715   37 2015 8017.00000 6166.01715  23.1%   583 1043s
 15014 14390 6410.96111  236 1999 8017.00000 6167.15031  23.1%   583 1045s
 15019 14393 6831.05812  166 2009 8017.00000 6187.00144  22.8%   583 1057s
 15020 14394 6631.96085   43 2099 8017.00000 6192.12200  22.8%   583 1061s
 15021 14394 6508.61519  134 2017 8017.00000 6193.79834  22.7%   583 1065s
 15029 14400 6326.17104   70 2053 8017.00000 6194.37647  22.7%   583 1072s
 15030 14400 6218.23191   99 1768 8017.00000 6209.28211  22.5%   582 1080s
 15032 14402 6896.53747  206 1957 8017.00000 6213.18157  22.5%   582 1086s
 15039 14406 6213.47951  164 1931 8017.00000 6213.47951  22.5%   582 1092s
 15040 14407 6469.68136  139 1972 8017.00000 6232.28993  22.3%   582 1100s
 15042 14408 6237.90042   65 2043 8017.00000 6237.90042  22.2%   582 1106s
 15048 14412 6334.97699  266 2010 8017.00000 6238.40126  22.2%   582 1112s
 15049 14413 6275.95200  200 1897 8017.00000 6275.95200  21.7%   582 1118s
 15050 14414 6314.66762  200 1881 8017.00000 6281.73870  21.6%   582 1122s
 15052 14415 7423.66995  332 1894 8017.00000 6284.05323  21.6%   582 1126s
 15057 14418 6284.50121  148 1964 8017.00000 6284.50121  21.6%   581 1130s
 15058 14419 6304.32395   49 1966 8017.00000 6304.32395  21.4%   581 1137s
 15059 14420 6307.75623   52 1961 8017.00000 6307.75623  21.3%   581 1141s
 15062 14422 6309.45297   99 2212 8017.00000 6309.45297  21.3%   581 1145s
 15069 14426 6531.47734  353 2047 8017.00000 6328.21929  21.1%   581 1163s
 15070 14427 6687.86695  152 2057 8017.00000 6331.20880  21.0%   581 1166s
 15072 14428 6332.66380   85 2038 8017.00000 6332.66380  21.0%   581 1170s
 15079 14433 6332.76497   25 2079 8017.00000 6332.76497  21.0%   581 1175s
 15080 14434 6347.56195  355 1973 8017.00000 6347.56195  20.8%   581 1183s
 15081 14434 6350.83432   18 2074 8017.00000 6350.83432  20.8%   581 1187s
 15084 14436 6351.86250   86 2147 8017.00000 6351.86250  20.8%   580 1190s
 15090 14440 7487.05111  203 2137 8017.00000 6360.85786  20.7%   580 1201s
 15091 14441 6760.89081   50 2081 8017.00000 6364.64215  20.6%   580 1205s
 15095 14444 7292.64815  281 2091 8017.00000 6366.47383  20.6%   580 1211s
 15100 14447 6366.52452  119 2216 8017.00000 6366.52452  20.6%   580 1215s
 15101 14448 6374.00148   29 2047 8017.00000 6374.00148  20.5%   580 1221s
 15103 14449 7846.63489  106 2422 8017.00000 6376.29766  20.5%   580 1226s
 15109 14453 6394.96920  218 2412 8017.00000 6376.79152  20.5%   579 1230s
H15111 13728                    8016.0000000 6388.18976  20.3%   579 1242s
 15113 13730 6391.36478  191 2134 8016.00000 6391.36478  20.3%   579 1246s
 15116 13732 6583.02486  181 2176 8016.00000 6392.22232  20.3%   579 1250s
 15120 13734 6631.96085   43 2341 8016.00000 6399.39300  20.2%   579 1261s
 15121 13735 6508.61519  134 2363 8016.00000 6401.42835  20.1%   579 1265s
 15126 13738 6402.19136   90 2323 8016.00000 6402.19136  20.1%   579 1270s
 15127 13739 7218.18590   47 2245 8016.00000 6407.43546  20.1%   579 1278s
 15128 13740 6407.86545  167 2115 8016.00000 6407.86545  20.1%   579 1280s
 15136 13745 6887.36992  181 2139 8016.00000 6416.25162  20.0%   578 1291s
 15137 13746 6418.75293  144 2193 8016.00000 6418.75293  19.9%   578 1295s
 15144 13750 6423.23400   65 2260 8016.00000 6423.23400  19.9%   578 1308s
 15145 13751 6424.50816  170 2375 8016.00000 6424.50816  19.9%   578 1311s
 15149 13754 6425.12057  200 2256 8016.00000 6425.12057  19.8%   578 1315s
 15151 13755 6429.68816  180 2322 8016.00000 6429.68816  19.8%   578 1321s
 15153 13756 6610.82037  116 2355 8016.00000 6430.80988  19.8%   578 1325s
 15161 13762 6435.78358  278 2317 8016.00000 6435.78358  19.7%   577 1338s
 15162 13762 6437.14732   99 2414 8016.00000 6437.14732  19.7%   577 1341s
 15166 13765 7129.45939  211 2391 8016.00000 6437.76564  19.7%   577 1345s
 15169 13767 6531.47734  353 2399 8016.00000 6444.88060  19.6%   577 1355s
 15170 13768 6687.86695  152 2367 8016.00000 6447.04052  19.6%   577 1360s
 15172 13769 6448.06975   85 2464 8016.00000 6448.06975  19.6%   577 1365s
 15179 13774 6452.51641   25 2296 8016.00000 6452.51641  19.5%   577 1376s
 15180 13774 6454.24510  355 2388 8016.00000 6454.24510  19.5%   577 1380s
 15186 13778 6454.81680   53 2449 8016.00000 6454.81680  19.5%   577 1385s
 15187 13779 7172.94661   78 2464 8016.00000 6460.03751  19.4%   576 1392s
 15188 13780 6914.82243  267 2465 8016.00000 6461.48257  19.4%   576 1396s
 15190 13781 7487.05111  203 2529 8016.00000 6462.64407  19.4%   576 1400s
 15196 13785 6468.70919  216 2472 8016.00000 6468.70919  19.3%   576 1420s
 15198 13786 6470.33641   82 2506 8016.00000 6470.33641  19.3%   576 1425s
 15204 13790 6475.79069   88 2379 8016.00000 6475.79069  19.2%   576 1437s
 15205 13791 6477.38401   17 2375 8016.00000 6477.38401  19.2%   576 1442s
 15207 13792 6477.75013   73 2452 8016.00000 6477.75013  19.2%   576 1446s
 15211 13795 6482.70035   60 2520 8016.00000 6482.70035  19.1%   576 1456s
 15212 13796 6483.91986   37 2558 8016.00000 6483.91986  19.1%   576 1461s
 15215 13798 6484.34094   25 2643 8016.00000 6484.34094  19.1%   575 1465s
 15218 13800 6508.65866  160 2744 8016.00000 6490.86566  19.0%   575 1475s
H15219 13106                    8013.0000000 6492.60289  19.0%   575 1481s
 15226 13111 6497.35679   90 2642 8013.00000 6497.35679  18.9%   575 1491s
 15227 13112 7218.18590   47 2640 8013.00000 6498.64713  18.9%   575 1495s
 15233 13116 6872.42689  198 2746 8013.00000 6498.91480  18.9%   575 1500s
 15234 13116 6504.28476  147 2397 8013.00000 6504.28476  18.8%   575 1507s
 15235 13117 6505.24480   35 2529 8013.00000 6505.24480  18.8%   575 1510s
 15239 13120 6505.87505  164 2633 8013.00000 6505.87505  18.8%   575 1515s
 15242 13122 6511.01642   65 2519 8013.00000 6511.01642  18.7%   574 1523s
 15243 13122 6511.94569  150 2716 8013.00000 6511.94569  18.7%   574 1527s
 15245 13124 6512.54686  170 2625 8013.00000 6512.54686  18.7%   574 1531s
 15250 13127 6516.39046  200 2597 8013.00000 6516.39046  18.7%   574 1541s
 15251 13128 6518.13324  180 2655 8013.00000 6518.13324  18.7%   574 1545s
 15253 13129 6610.82037  116 2801 8013.00000 6519.05231  18.6%   574 1550s
 15259 13133 6525.89211   52 2554 8013.00000 6525.89211  18.6%   574 1562s
 15260 13134 6527.73942  218 2506 8013.00000 6527.73942  18.5%   574 1567s
 15261 13134 6528.35756  278 2637 8013.00000 6528.35756  18.5%   574 1570s
 15266 13138 7129.45939  211 2626 8013.00000 6528.48725  18.5%   573 1575s
 15267 13138 6532.52971  297 2585 8013.00000 6532.52971  18.5%   573 1584s
 15268 13139 6932.26419  124 2712 8013.00000 6534.10847  18.5%   573 1590s
 15273 13142 6534.79753  282 2498 8013.00000 6534.79753  18.4%   573 1595s
 15274 13143 6538.31902  201 2632 8013.00000 6538.31902  18.4%   573 1602s
 15275 13144 6539.17537   42 2796 8013.00000 6539.17537  18.4%   573 1605s
 15278 13146 6852.34497   80 2984 8013.00000 6539.91618  18.4%   573 1610s
 15284 13150 6544.97067   86 2696 8013.00000 6544.97067  18.3%   573 1622s
 15285 13150 6546.85786   47 2945 8013.00000 6546.85786  18.3%   573 1627s
 15287 13152 7172.94661   78 2875 8013.00000 6547.21435  18.3%   573 1630s
 15291 13154 6760.89081   50 2830 8013.00000 6552.33358  18.2%   573 1641s
 15292 13155 6648.96424  171 2763 8013.00000 6553.62937  18.2%   573 1645s
 15298 13159 6554.04379   82 2907 8013.00000 6554.04379  18.2%   572 1650s
 15301 13161 6559.48611   29 2536 8013.00000 6559.48611  18.1%   572 1659s
 15302 13162 7984.94782  357 2795 8013.00000 6560.51603  18.1%   572 1663s
 15303 13162 7846.63489  106 2877 8013.00000 6561.15261  18.1%   572 1665s
 15308 13166 6565.96005  142 2885 8013.00000 6565.96005  18.1%   572 1677s
 15309 13166 6566.93912  218 2885 8013.00000 6566.93912  18.0%   572 1681s
 15313 13169 6567.25566  191 3006 8013.00000 6567.25566  18.0%   572 1685s
 15314 13170 6572.09262  236 2676 8013.00000 6572.09262  18.0%   572 1694s
 15315 13170 6573.06982   25 2706 8013.00000 6573.06982  18.0%   572 1698s
 15316 13171 6583.02486  181 2883 8013.00000 6573.35105  18.0%   572 1700s
 15321 13174 6573.54008  134 3001 8013.00000 6573.54008  18.0%   571 1705s
 15322 13175 6578.90744  238 2784 8013.00000 6578.90744  17.9%   571 1715s
 15323 13176 6580.43223  238 2866 8013.00000 6580.43223  17.9%   571 1721s
 15324 13176 6580.95744  164 2917 8013.00000 6580.95744  17.9%   571 1725s
 15329 13180 6581.20192   70 3112 8013.00000 6581.20192  17.9%   571 1731s
 15330 13180 6585.85764   99 2929 8013.00000 6585.85764  17.8%   571 1741s
 15331 13181 6910.98469  145 2745 8013.00000 6586.79631  17.8%   571 1745s
 15334 13183 6587.86251  147 2768 8013.00000 6587.86251  17.8%   571 1750s
 15339 13186 6591.84693  164 2560 8013.00000 6591.84693  17.7%   571 1777s
 15340 13187 6592.59069  139 2533 8013.00000 6592.59069  17.7%   571 1780s
 15345 13190 6592.94940  170 2709 8013.00000 6592.94940  17.7%   571 1785s
 15346 13191 6598.33078  247 2674 8013.00000 6598.33078  17.7%   570 1793s
 15347 13192 6599.79382  287 2906 8013.00000 6599.79382  17.6%   570 1797s
 15348 13192 6600.35314  266 2815 8013.00000 6600.35314  17.6%   570 1800s
 15355 13197 7910.66434  239 2809 8013.00000 6605.30913  17.6%   570 1813s
 15356 13198 6921.73147  163 2888 8013.00000 6606.40336  17.6%   570 1816s
 15358 13199 6607.32238   49 2821 8013.00000 6607.32238  17.5%   570 1821s
 15364 13203 6607.52302  144 3035 8013.00000 6607.52302  17.5%   570 1825s
 15365 13204 7586.00959  361 2750 8013.00000 6610.80174  17.5%   570 1832s
 15367 13205 6611.53920  297 2857 8013.00000 6611.53920  17.5%   570 1836s
 15372 13208 6611.65643   85 2961 8013.00000 6611.65643  17.5%   570 1840s
 15373 13209 6614.03542  282 2692 8013.00000 6614.03542  17.5%   569 1846s
 15375 13210 6614.71939   42 2738 8013.00000 6614.71939  17.5%   569 1851s
 15380 13214 6616.83409  355 2941 8013.00000 6616.83409  17.4%   569 1860s
 15382 13215 7128.27655  168 2993 8013.00000 6618.06974  17.4%   569 1866s
 15388 13219 6914.82243  267 3072 8013.00000 6618.19816  17.4%   569 1870s
 15389 13220 6620.62566  213 2766 8013.00000 6620.62566  17.4%   569 1876s
 15392 13222 6648.96424  171 2760 8013.00000 6621.21202  17.4%   569 1880s
 15397 13225 7095.06958  191 2617 8013.00000 6626.72354  17.3%   569 1895s
 15399 13226 7223.39200   68 2944 8013.00000 6628.82948  17.3%   569 1903s
 15400 13227 6629.13222  119 3183 8013.00000 6629.13222  17.3%   568 1905s
 15407 13232 6629.28945   73 3057 8013.00000 6629.28945  17.3%   568 1910s
 15408 13232 6631.36372  142 3081 8013.00000 6631.36372  17.2%   568 1917s
 15409 13233 6631.92881  218 3214 8013.00000 6631.92881  17.2%   568 1920s
 15412 13235 6632.44415   37 3327 8013.00000 6632.44415  17.2%   568 1925s
 15415 13237 6635.60651   25 2912 8013.00000 6635.60651  17.2%   568 1936s
 15416 13238 6636.67842  181 3019 8013.00000 6636.67842  17.2%   568 1940s
 15423 13242 6637.03924  238 3113 8013.00000 6637.03924  17.2%   568 1945s
 15425 13244 6639.68574  112 3017 8013.00000 6639.68574  17.1%   568 1955s
 15427 13245 7218.18590   47 3226 8013.00000 6640.76649  17.1%   568 1961s
 15432 13248 6896.53747  206 3231 8013.00000 6640.95565  17.1%   567 1965s
 15434 13250 6642.87635  147 2798 8013.00000 6642.87635  17.1%   567 1974s
 15435 13250 6643.41381   35 2920 8013.00000 6643.41381  17.1%   567 1977s
 15437 13252 6643.85050  144 3045 8013.00000 6643.85050  17.1%   567 1980s
 15443 13256 6646.02672  150 2951 8013.00000 6646.02672  17.1%   567 1989s
 15444 13256 6646.95782   65 2982 8013.00000 6646.95782  17.0%   567 1993s
 15445 13257 6647.19946  170 3141 8013.00000 6647.19946  17.0%   567 1995s
 15452 13262 7423.66995  332 3137 8013.00000 6650.16140  17.0%   567 2006s
 15453 13262 6651.53278  116 3056 8013.00000 6651.53278  17.0%   567 2011s
 15456 13264 6921.73147  163 3184 8013.00000 6651.94589  17.0%   566 2015s
 15461 13268 6654.54049  278 2877 8013.00000 6654.54049  17.0%   566 2024s
 15462 13268 6655.58191   99 3043 8013.00000 6655.58191  16.9%   566 2027s
 15464 13270 6656.46863  144 3163 8013.00000 6656.46863  16.9%   566 2031s
 15470 13274 6687.86695  152 3053 8013.00000 6658.55523  16.9%   566 2040s
 15472 13275 6659.64593   85 3220 8013.00000 6659.64593  16.9%   566 2045s
 15478 13279 6852.34497   80 3117 8013.00000 6661.85718  16.9%   566 2056s
 15479 13280 6662.45823   25 3194 8013.00000 6662.45823  16.9%   566 2060s
 15484 13283 6662.82556   86 3291 8013.00000 6662.82556  16.8%   565 2065s
 15486 13284 6664.44458   53 3137 8013.00000 6664.44458  16.8%   565 2074s
 15487 13285 7172.94661   78 3199 8013.00000 6665.18197  16.8%   565 2077s
 15489 13286 6665.49343  213 3268 8013.00000 6665.49343  16.8%   565 2080s
 15494 13290 6666.74849  186 3152 8013.00000 6666.74849  16.8%   565 2087s
 15495 13290 7292.64815  281 3197 8013.00000 6667.08526  16.8%   565 2090s
 15499 13293 7223.39200   68 3282 8013.00000 6668.16691  16.8%   565 2095s
 15503 13296 7846.63489  106 3008 8013.00000 6669.24549  16.8%   565 2101s
 15505 13297 6670.09991   17 3189 8013.00000 6670.09991  16.8%   565 2107s
 15509 13300 6670.14063  218 3226 8013.00000 6670.14063  16.8%   565 2110s
 15510 13300 6672.05561  101 3085 8013.00000 6672.05561  16.7%   564 2115s
 15512 13302 6672.78033   37 3214 8013.00000 6672.78033  16.7%   564 2120s
 15517 13305 7853.43805  557 3180 8013.00000 6674.66396  16.7%   564 2128s
 15518 13306 6675.13211  160 3234 8013.00000 6675.13211  16.7%   564 2131s
 15524 13310 6675.31761  164 3316 8013.00000 6675.31761  16.7%   564 2136s
 15526 13311 6676.52997   90 3265 8013.00000 6676.52997  16.7%   564 2142s
 15531 13314 6910.98469  145 3412 8013.00000 6676.71211  16.7%   564 2146s
 15532 13315 6896.53747  206 3213 8013.00000 6678.02353  16.7%   564 2150s
 15534 13316 6678.75160  147 3186 8013.00000 6678.75160  16.7%   564 2155s
 15540 13320 6680.54686  139 3061 8013.00000 6680.54686  16.6%   563 2164s
 15541 13321 7463.83530  228 3265 8013.00000 6681.00589  16.6%   563 2167s
 15543 13322 6681.26032  150 3260 8013.00000 6681.26032  16.6%   563 2170s
 15549 13326 6682.81815  200 3117 8013.00000 6682.81815  16.6%   563 2179s
 15550 13327 6683.37553  200 3223 8013.00000 6683.37553  16.6%   563 2182s
 15551 13328 6683.61365  180 3417 8013.00000 6683.61365  16.6%   563 2185s
 15557 13332 6685.04723  148 3170 8013.00000 6685.04723  16.6%   563 2193s
 15558 13332 6685.34909   49 3222 8013.00000 6685.34909  16.6%   563 2196s
 15561 13334 6685.64699  278 3409 8013.00000 6685.64699  16.6%   563 2200s
 15565 13337 7586.00959  361 3303 8013.00000 6687.86360  16.5%   562 2207s
 15566 13338 7129.45939  211 3338 8013.00000 6688.42631  16.5%   562 2210s
 15572 13342 6688.63580   85 3477 8013.00000 6688.63580  16.5%   562 2215s
H15572 12664                    8011.0000000 6690.50762  16.5%   562 2222s
 15574 12665 6691.09817  201 3342 8011.00000 6691.09817  16.5%   562 2226s
 15579 12668 6691.46080   25 3434 8011.00000 6691.46080  16.5%   562 2231s
 15580 12669 6692.42933  355 3335 8011.00000 6692.42933  16.5%   562 2235s
 15583 12671 6693.02550  145 3502 8011.00000 6693.02550  16.5%   562 2240s
 15587 12674 7172.94661   78 3281 8011.00000 6694.03287  16.4%   562 2247s
 15588 12674 6914.82243  267 3357 8011.00000 6694.47663  16.4%   562 2250s
 15593 12678 6694.67421  311 3493 8011.00000 6694.67421  16.4%   561 2255s
 15594 12678 6696.39214  186 3335 8011.00000 6696.39214  16.4%   561 2260s
 15597 12680 7095.06958  191 3412 8011.00000 6696.91404  16.4%   561 2265s
H15600 12037                    8010.0000000 6699.05653  16.4%   561 2274s
 15601 12038 6699.05653   29 3271 8010.00000 6699.05653  16.4%   561 2277s
 15603 12039 7846.63489  106 3361 8010.00000 6699.62034  16.4%   561 2281s
 15607 12042 6700.29065   73 3257 8010.00000 6700.29065  16.4%   561 2287s
 15609 12043 6700.57169  218 3255 8010.00000 6700.57169  16.3%   561 2290s
 15614 12047 6701.58736  236 3040 8010.00000 6701.58736  16.3%   561 2297s
 15616 12048 6702.00463  181 3324 8010.00000 6702.00463  16.3%   561 2300s
 15621 12051 6702.60002  134 3058 8010.00000 6702.60002  16.3%   560 2306s
 15624 12053 6703.01898  164 3373 8010.00000 6703.01898  16.3%   560 2310s
 15629 12057 6703.56778   70 3187 8010.00000 6703.56778  16.3%   560 2316s
 15632 12059 6896.53747  206 3282 8010.00000 6703.92681  16.3%   560 2320s
 15636 12061 6887.36992  181 3231 8010.00000 6705.35900  16.3%   560 2328s
 15637 12062 6705.85256  144 3119 8010.00000 6705.85256  16.3%   560 2332s
 15640 12064 6706.04132  139 3299 8010.00000 6706.04132  16.3%   560 2335s
 15645 12067 6707.22423  170 3128 8010.00000 6707.22423  16.3%   560 2341s
 15647 12069 6707.61466  287 3380 8010.00000 6707.61466  16.3%   560 2345s
 15656 12075 6921.73147  163 3356 8010.00000 6708.66206  16.2%   559 2352s
 15657 12075 6709.00627  148 3462 8010.00000 6709.00627  16.2%   559 2355s
 15662 12079 6709.78052   99 3090 8010.00000 6709.78052  16.2%   559 2361s
 15664 12080 6710.10783  144 3125 8010.00000 6710.10783  16.2%   559 2365s
 15669 12083 6710.98862  353 3241 8010.00000 6710.98862  16.2%   559 2371s
 15673 12086 6711.30106  282 3423 8010.00000 6711.30106  16.2%   559 2375s
 15676 12088 6712.23632    9 3216 8010.00000 6712.23632  16.2%   558 2381s
 15678 12089 6852.34497   80 3387 8010.00000 6712.44880  16.2%   558 2385s
 15684 12093 6713.45604   86 3257 8010.00000 6713.45604  16.2%   558 2395s
 15687 12095 7172.94661   78 3381 8010.00000 6713.88111  16.2%   558 2400s
 15691 12098 6760.89081   50 3311 8010.00000 6714.80476  16.2%   558 2413s
 15692 12099 6715.21501  171 3399 8010.00000 6715.21501  16.2%   558 2415s
 15698 12103 6715.36308   82 3493 8010.00000 6715.36308  16.2%   558 2421s
 15699 12103 7223.39200   68 3415 8010.00000 6716.22681  16.2%   558 2425s
 15701 12105 6716.78745   29 3554 8010.00000 6716.78745  16.1%   558 2430s
 15707 12109 6718.06503   73 3281 8010.00000 6718.06503  16.1%   557 2438s
 15708 12109 6718.51815  142 3383 8010.00000 6718.51815  16.1%   557 2442s
 15711 12111 6718.73098   60 3605 8010.00000 6718.73098  16.1%   557 2445s
 15718 12116 6720.05143  160 3343 8010.00000 6720.05143  16.1%   557 2453s
 15719 12117 6831.05812  166 3349 8010.00000 6720.41778  16.1%   557 2456s
 15723 12119 6720.65135  238 3477 8010.00000 6720.65135  16.1%   557 2460s
 15725 12121 6721.79848  112 3455 8010.00000 6721.79848  16.1%   557 2466s
 15727 12122 7218.18590   47 3387 8010.00000 6722.30789  16.1%   557 2470s
 15733 12126 6872.42689  198 3401 8010.00000 6722.94357  16.1%   556 2477s
 15735 12127 6723.21224   35 3541 8010.00000 6723.21224  16.1%   556 2480s
 15741 12131 7463.83530  228 3703 8010.00000 6723.33717  16.1%   556 2485s
 15743 12133 6724.63413  150 3569 8010.00000 6724.63413  16.0%   556 2491s
 15748 12136 6724.80319  266 3671 8010.00000 6724.80319  16.0%   556 2495s
 15750 12137 6725.79470  200 3434 8010.00000 6725.79470  16.0%   556 2500s
 15757 12142 6726.09853  148 3682 8010.00000 6726.09853  16.0%   556 2506s
 15758 12143 6727.27121   49 3355 8010.00000 6727.27121  16.0%   556 2510s
 15764 12147 6727.59356  144 3682 8010.00000 6727.59356  16.0%   555 2516s
 15765 12147 7586.00959  361 3414 8010.00000 6728.31423  16.0%   555 2520s
 15768 12149 6932.26419  124 3543 8010.00000 6728.68124  16.0%   555 2525s
 15774 12153 6729.23965  201 3622 8010.00000 6729.23965  16.0%   555 2536s
 15776 12155 6729.54735    9 3724 8010.00000 6729.54735  16.0%   555 2541s
 15780 12157 6729.59500  355 3813 8010.00000 6729.59500  16.0%   555 2545s
 15781 12158 6730.99850   18 3540 8010.00000 6730.99850  16.0%   555 2550s
 15784 12160 6731.59857   86 3773 8010.00000 6731.59857  16.0%   555 2555s
 15788 12163 6914.82243  267 3669 8010.00000 6732.44641  15.9%   555 2562s
 15792 12166 6732.44641  171  873 8010.00000 6732.44641  15.9%   620 2569s
 15793 12167 6732.44641  311  905 8010.00000 6732.44641  15.9%   620 2571s
 15795 12168 7292.64815  281 1103 8010.00000 6732.44641  15.9%   620 2577s
 15796 12169 6732.44641  216 1325 8010.00000 6732.44641  15.9%   620 2583s
 15797 12170 7095.06958  191 1360 8010.00000 6732.44641  15.9%   620 2591s
 15798 12170 6732.44641   82 1674 8010.00000 6732.44641  15.9%   620 2600s
 15799 12171 7223.39200   68 1804 8010.00000 6732.44641  15.9%   620 2610s
 15800 12172 6732.44641  119 1919 8010.00000 6732.44641  15.9%   620 2622s
 15801 12172 6732.44708   29 2221 8010.00000 6732.44708  15.9%   620 2634s
 15802 12173 7984.94782  357 2397 8010.00000 6732.44708  15.9%   620 2645s
 15803 12174 7846.63489  106 2356 8010.00000 6732.44831  15.9%   620 2657s
 15804 12174 6732.44831   88 2691 8010.00000 6732.44831  15.9%   620 2668s
 15805 12175 6732.44831   17 2722 8010.00000 6732.44831  15.9%   620 2680s
 15806 12176 6732.44831  170 2842 8010.00000 6732.44831  15.9%   619 2691s
 15807 12176 6732.44831   73 2873 8010.00000 6732.44831  15.9%   619 2700s
 15808 12177 6732.44831  142 3066 8010.00000 6732.44831  15.9%   619 2709s
 15809 12178 6732.44831  218 3276 8010.00000 6732.44831  15.9%   619 2716s
 15810 12178 6732.44831  101 3277 8010.00000 6732.44831  15.9%   619 2720s
 15811 12179 6732.44831   60 3432 8010.00000 6732.44831  15.9%   619 2726s
 15813 12180 6732.44831  191 3544 8010.00000 6732.44831  15.9%   619 2730s
 15821 12186 6732.45756  134 3594 8010.00000 6732.45756  15.9%   619 2737s
 15822 12186 6734.95320  238 2935 8010.00000 6734.95320  15.9%   619 2745s
 15826 12189 6735.72445   90 3043 8010.00000 6735.72445  15.9%   619 2750s
 15828 12190 6737.65566  167 2965 8010.00000 6737.65566  15.9%   619 2759s
 15829 12191 6738.03124   70 2781 8010.00000 6738.03124  15.9%   619 2761s
 15833 12194 6872.42689  198 3038 8010.00000 6738.23255  15.9%   618 2765s
 15836 12196 6887.36992  181 3125 8010.00000 6739.56135  15.9%   618 2773s
 15837 12196 6740.06081  144 2976 8010.00000 6740.06081  15.9%   618 2775s
 15844 12201 6740.27533   65 3175 8010.00000 6740.27533  15.9%   618 2781s
 15845 12202 6742.63111  170 3073 8010.00000 6742.63111  15.8%   618 2787s
 15847 12203 6743.11142  287 3110 8010.00000 6743.11142  15.8%   618 2790s
 15852 12206 7423.66995  332 3091 8010.00000 6743.86329  15.8%   618 2800s
 15857 12210 6744.23867  148 3190 8010.00000 6744.23867  15.8%   618 2805s
 15859 12211 6745.02237   52 3190 8010.00000 6745.02237  15.8%   617 2812s
 15863 12214 6745.21837   20 3445 8010.00000 6745.21837  15.8%   617 2815s
 15866 12216 7129.45939  211 3019 8010.00000 6746.30406  15.8%   617 2822s
 15868 12217 6932.26419  124 3075 8010.00000 6746.58694  15.8%   617 2825s
 15872 12220 6747.08285   85 3150 8010.00000 6747.08285  15.8%   617 2832s
 15874 12221 6747.40958  201 3179 8010.00000 6747.40958  15.8%   617 2835s
 15877 12223 7646.08861  279 3073 8010.00000 6748.27142  15.8%   617 2843s
 15878 12224 6852.34497   80 3137 8010.00000 6748.60074  15.7%   617 2845s
 15883 12227 6748.72454  145 3151 8010.00000 6748.72454  15.7%   616 2851s
 15885 12228 6749.77944   47 3115 8010.00000 6749.77944  15.7%   616 2856s
 15891 12232 6760.89081   50 3170 8010.00000 6749.82380  15.7%   616 2861s
 15892 12233 6750.25616  171 3108 8010.00000 6750.25616  15.7%   616 2869s
 15893 12234 6750.43369  311 3124 8010.00000 6750.43369  15.7%   616 2871s
 15897 12236 7095.06958  191 3122 8010.00000 6750.49783  15.7%   616 2876s
 15898 12237 6751.51667   82 2968 8010.00000 6751.51667  15.7%   616 2880s
 15903 12240 7846.63489  106 3064 8010.00000 6751.83432  15.7%   616 2885s
 15906 12242 6752.51563  170 3003 8010.00000 6752.51563  15.7%   616 2893s
 15908 12244 6752.78621  142 3034 8010.00000 6752.78621  15.7%   616 2895s
 15911 12246 6753.03035   60 3154 8010.00000 6753.03035  15.7%   615 2901s
 15915 12248 6753.13394   25 3172 8010.00000 6753.13394  15.7%   615 2906s
 15916 12249 6754.56296  181 3121 8010.00000 6754.56296  15.7%   615 2912s
 15918 12250 6754.99277  160 3091 8010.00000 6754.99277  15.7%   615 2915s
 15924 12254 6755.46622  164 3103 8010.00000 6755.46622  15.7%   615 2923s
 15927 12256 7218.18590   47 3078 8010.00000 6755.58841  15.7%   615 2925s
 15930 12258 6756.25050   99 3088 8010.00000 6756.25050  15.7%   615 2937s
 15932 12260 6896.53747  206 3075 8010.00000 6756.56742  15.6%   615 2940s
 15938 12264 6756.89699  106 2992 8010.00000 6756.89699  15.6%   614 2946s
 15943 12267 6756.98570  150 3197 8010.00000 6756.98570  15.6%   614 2950s
 15946 12269 6757.58082  247 3127 8010.00000 6757.58082  15.6%   614 2955s
 15954 12274 7057.22902  386 3051 8010.00000 6758.54505  15.6%   614 2964s
 15955 12275 7910.66434  239 3031 8010.00000 6758.81362  15.6%   614 2966s
 15962 12280 6759.96048   99 3167 8010.00000 6759.96048  15.6%   613 2974s
 15963 12280 6760.44739   20 3089 8010.00000 6760.44739  15.6%   613 2976s
 15966 12282 7129.45939  211 3302 8010.00000 6760.74678  15.6%   613 2980s
 15970 12285 6761.45956  152 3142 8010.00000 6761.45956  15.6%   613 2986s
 15973 12287 6761.84905  282 3121 8010.00000 6761.84905  15.6%   613 2990s
 15976 12289 6762.48987    9 3277 8010.00000 6762.48987  15.6%   613 2996s
 15981 12292 6762.60704   18 3353 8010.00000 6762.60704  15.6%   613 3000s
 15982 12293 7128.27655  168 3256 8010.00000 6763.55161  15.6%   613 3005s
 15987 12296 7172.94661   78 3320 8010.00000 6764.02455  15.6%   612 3010s
 15990 12298 7487.05111  203 3259 8010.00000 6764.48277  15.5%   612 3015s
 15995 12302 7292.64815  281 3245 8010.00000 6765.17479  15.5%   612 3022s
 15998 12304 6765.35399   82 3337 8010.00000 6765.35399  15.5%   612 3025s
 16002 12306 7984.94782  357 3375 8010.00000 6766.02190  15.5%   612 3031s
 16007 12310 6766.19914   73 3607 8010.00000 6766.19914  15.5%   612 3035s
 16009 12311 6767.11991  218 3312 8010.00000 6767.11991  15.5%   612 3041s
 16013 12314 6767.19355  191 3563 8010.00000 6767.19355  15.5%   611 3045s
 16015 12315 6768.17891   25 3416 8010.00000 6768.17891  15.5%   611 3051s
 16020 12318 6768.27515   43 3472 8010.00000 6768.27515  15.5%   611 3056s
 16021 12319 6768.69091  134 3462 8010.00000 6768.69091  15.5%   611 3060s
 16028 12324 6768.83968  167 3456 8010.00000 6768.83968  15.5%   611 3065s
 16030 12325 6769.60348   99 3204 8010.00000 6769.60348  15.5%   611 3071s
 16036 12329 6887.36992  181 3234 8010.00000 6770.47791  15.5%   611 3079s
 16037 12330 6770.78657  144 3473 8010.00000 6770.78657  15.5%   611 3081s
 16041 12332 7463.83530  228 3664 8010.00000 6770.93673  15.5%   610 3085s
 16043 12334 6771.62789  150 3247 8010.00000 6771.62789  15.5%   610 3090s
 16048 12337 6771.95180  266 3567 8010.00000 6771.95180  15.5%   610 3096s
 16049 12338 6772.45209  200 3442 8010.00000 6772.45209  15.5%   610 3100s
 16056 12342 6921.73147  163 3609 8010.00000 6772.66838  15.4%   610 3106s
 16057 12343 6774.08837  148 3128 8010.00000 6774.08837  15.4%   610 3112s
 16058 12344 6774.46322   49 3377 8010.00000 6774.46322  15.4%   610 3115s
 16063 12347 6774.78016   20 3380 8010.00000 6774.78016  15.4%   610 3120s
 16065 12348 7586.00959  361 3226 8010.00000 6775.26120  15.4%   610 3125s
 16072 12353 6775.47473   85 3372 8010.00000 6775.47473  15.4%   609 3130s
 16075 12355 6775.92796   42 3411 8010.00000 6775.92796  15.4%   609 3135s
 16082 12360 7128.27655  168 3266 8010.00000 6776.64599  15.4%   609 3142s
 16083 12360 6777.44870  145 3309 8010.00000 6777.44870  15.4%   609 3146s
 16091 12366 6777.57508   50 3556 8010.00000 6777.57508  15.4%   609 3151s
 16092 12366 6778.49219  171 3145 8010.00000 6778.49219  15.4%   608 3157s
 16093 12367 6778.81070  311 3254 8010.00000 6778.81070  15.4%   608 3160s
 16099 12371 7223.39200   68 3415 8010.00000 6779.03831  15.4%   608 3165s
 16100 12372 6779.92249  119 3321 8010.00000 6779.92249  15.4%   608 3170s
 16106 12376 6780.10753  170 3399 8010.00000 6780.10753  15.4%   608 3175s
 16108 12377 6780.93771  142 3432 8010.00000 6780.93771  15.3%   608 3181s
 16114 12381 6780.99608  236 3474 8010.00000 6780.99608  15.3%   608 3185s
 16116 12382 6781.34999  181 3435 8010.00000 6781.34999  15.3%   608 3190s
 16123 12387 6781.81455  238 3493 8010.00000 6781.81455  15.3%   607 3206s
 16129 12391 6781.97300   70 3650 8010.00000 6781.97300  15.3%   607 3210s
 16132 12393 6896.53747  206 3510 8010.00000 6782.47872  15.3%   607 3216s
 16137 12396 6783.05676  144 3340 8010.00000 6783.05676  15.3%   607 3223s
 16138 12397 6783.29884  106 3703 8010.00000 6783.29884  15.3%   607 3226s
 16142 12400 6783.39365   65 3781 8010.00000 6783.39365  15.3%   607 3230s
 16145 12402 6783.98298  170 3567 8010.00000 6783.98298  15.3%   606 3236s
 16148 12404 6784.13419  266 3636 8010.00000 6784.13419  15.3%   606 3240s
 16153 12407 6784.73946  116 3398 8010.00000 6784.73946  15.3%   606 3246s
H16154 11781                    8009.0000000 6785.10577  15.3%   606 3250s
 16163 11787 6785.20314   20 3780 8009.00000 6785.20314  15.3%   606 3256s
 16164 11787 6786.20812  144 3611 8009.00000 6786.20812  15.3%   606 3263s
 16165 11788 7586.00959  361 3698 8009.00000 6786.57231  15.3%   606 3266s
 16170 11791 6786.77810  152 3721 8009.00000 6786.77810  15.3%   606 3271s
 16171 11792 6787.46935   24 3515 8009.00000 6787.46935  15.3%   606 3275s
 16174 11794 6787.88821  201 3676 8009.00000 6787.88821  15.2%   605 3280s
 16178 11797 6852.34497   80 3614 8009.00000 6788.43125  15.2%   605 3286s
 16181 11799 6788.68917   18 3647 8009.00000 6788.68917  15.2%   605 3290s
 16187 11803 7172.94661   78 3619 8009.00000 6789.16451  15.2%   605 3297s
 16189 11804 6789.45830  213 3691 8009.00000 6789.45830  15.2%   605 3301s
 16194 11807 6789.55163  186 3718 8009.00000 6789.55163  15.2%   605 3305s
 16196 11809 6789.96188  216 3632 8009.00000 6789.96188  15.2%   605 3310s
 16202 11813 7984.94782  357 3729 8009.00000 6790.25572  15.2%   604 3317s
 16205 11815 6790.37505   17 3830 8009.00000 6790.37505  15.2%   604 3320s
 16209 11817 6790.51120  218 3833 8009.00000 6790.51120  15.2%   604 3325s
 16219 11824 6831.05812  166 3789 8009.00000 6790.63877  15.2%   604 3331s
 16221 11825 6790.93193  134 3680 8009.00000 6790.93193  15.2%   604 3335s
 16227 11829 7218.18590   47 3674 8009.00000 6791.33482  15.2%   603 3342s
 16230 11831 6791.53196   99 3668 8009.00000 6791.53196  15.2%   603 3345s
 16233 11833 6872.42689  198 3637 8009.00000 6791.96770  15.2%   603 3350s
 16238 11837 6792.12913  106 3768 8009.00000 6792.12913  15.2%   603 3355s
 16240 11838 6792.89415  139 3719 8009.00000 6792.89415  15.2%   603 3362s
 16244 11841 6792.99713   65 3804 8009.00000 6792.99713  15.2%   603 3366s
 16246 11842 6793.66149  247 3729 8009.00000 6793.66149  15.2%   603 3372s
 16249 11844 6793.76410  200 3693 8009.00000 6793.76410  15.2%   603 3375s
 16254 11847 7057.22902  386 3480 8009.00000 6794.08206  15.2%   602 3381s
 16260 11851 6794.20858  218 3863 8009.00000 6794.20858  15.2%   602 3386s
 16262 11853 6794.49559   99 3545 8009.00000 6794.49559  15.2%   602 3390s
 16269 11857 6794.70989  353 3513 8009.00000 6794.70989  15.2%   602 3397s
 16272 11859 6794.85501   85 3712 8009.00000 6794.85501  15.2%   602 3400s
 16276 11862 6795.20423    9 3639 8009.00000 6795.20423  15.2%   602 3405s
 16279 11864 6795.57340   25 3696 8009.00000 6795.57340  15.2%   601 3410s
 16284 11867 6796.15953   86 3574 8009.00000 6796.15953  15.1%   601 3416s
 16286 11869 6796.41099   53 3860 8009.00000 6796.41099  15.1%   601 3420s
 16293 11873 6796.91771  311 3692 8009.00000 6796.91771  15.1%   601 3427s
 16295 11875 7292.64815  281 3633 8009.00000 6797.13250  15.1%   601 3430s
 16300 11878 6797.65946  119 3760 8009.00000 6797.65946  15.1%   601 3437s
 16303 11880 7846.63489  106 3835 8009.00000 6797.85264  15.1%   601 3440s
 16308 11883 6798.52462  142 3659 8009.00000 6798.52462  15.1%   600 3447s
 16310 11885 6798.82736  101 3627 8009.00000 6798.82736  15.1%   600 3451s
 16313 11887 6799.23327  191 3700 8009.00000 6799.23327  15.1%   600 3456s
 16317 11889 7853.43805  557 3630 8009.00000 6800.04411  15.1%   600 3463s
 16318 11890 6800.23205  160 3631 8009.00000 6800.23205  15.1%   600 3465s
 16322 11893 6800.45441  238 3829 8009.00000 6800.45441  15.1%   600 3470s
 16325 11895 6800.92187  112 3592 8009.00000 6800.92187  15.1%   600 3485s
 16328 11897 6801.28198  167 3915 8009.00000 6801.28198  15.1%   600 3490s
 16336 11902 6887.36992  181 3662 8009.00000 6801.50960  15.1%   599 3496s
 16340 11905 6801.64834  139 3852 8009.00000 6801.64834  15.1%   599 3501s
 16342 11906 6802.22616   65 3691 8009.00000 6802.22616  15.1%   599 3506s
 16346 11909 6802.30737  247 3784 8009.00000 6802.30737  15.1%   599 3511s
 16349 11911 6802.75001  200 3699 8009.00000 6802.75001  15.1%   599 3515s
 16356 11915 6921.73147  163 3656 8009.00000 6803.06978  15.1%   599 3521s
 16358 11917 6803.40683   49 3779 8009.00000 6803.40683  15.1%   599 3525s
 16363 11920 6804.06612   20 3550 8009.00000 6804.06612  15.0%   598 3533s
 16364 11921 6804.29279  144 3494 8009.00000 6804.29279  15.0%   598 3535s
 16371 11925 6804.38548   24 3751 8009.00000 6804.38548  15.0%   598 3540s
 16372 11926 6804.94523   85 3585 8009.00000 6804.94523  15.0%   598 3545s
 16374 11927 6805.54630  201 3626 8009.00000 6805.54630  15.0%   598 3550s
 16379 11931 6805.63686   25 3701 8009.00000 6805.63686  15.0%   598 3555s
 16380 11931 6806.93916  355 3586 8009.00000 6806.93916  15.0%   598 3562s
 16381 11932 6807.38864   18 3483 8009.00000 6807.38864  15.0%   598 3565s
 16384 11934 6807.66250   86 3632 8009.00000 6807.66250  15.0%   598 3570s
 16391 11939 6808.39381   50 3513 8009.00000 6808.39381  15.0%   597 3578s
 16392 11939 6808.54806  171 3596 8009.00000 6808.54806  15.0%   597 3580s
 16396 11942 6808.67433  216 3605 8009.00000 6808.67433  15.0%   597 3585s
 16398 11943 6809.13328   82 3684 8009.00000 6809.13328  15.0%   597 3590s
 16404 11947 6809.82378   88 3638 8009.00000 6809.82378  15.0%   597 3597s
 16406 11949 6810.27105  170 3857 8009.00000 6810.27105  15.0%   597 3601s
 16412 11953 6810.33999   37 3784 8009.00000 6810.33999  15.0%   597 3606s
 16413 11953 6811.11416  191 3692 8009.00000 6811.11416  15.0%   597 3610s
 16415 11955 6811.58057   25 3953 8009.00000 6811.58057  15.0%   597 3615s
 16420 11958 6812.42416   43 3722 8009.00000 6812.42416  14.9%   596 3624s
 16421 11959 6812.79718  134 3898 8009.00000 6812.79718  14.9%   596 3626s
 16425 11961 6812.95550  112 3980 8009.00000 6812.95550  14.9%   596 3630s
 16428 11963 6813.70935  167 3503 8009.00000 6813.70935  14.9%   596 3636s
 16430 11965 6814.17227   99 3625 8009.00000 6814.17227  14.9%   596 3640s
 16435 11968 6815.06861   35 3679 8009.00000 6815.06861  14.9%   596 3648s
 16436 11969 6887.36992  181 3697 8009.00000 6815.39041  14.9%   596 3651s
 16439 11971 6815.51033  164 3888 8009.00000 6815.51033  14.9%   596 3655s
 16442 11973 6815.94733   65 3716 8009.00000 6815.94733  14.9%   596 3661s
 16444 11974 6816.37134   65 3692 8009.00000 6816.37134  14.9%   595 3665s
 16451 11979 6817.01066  180 3822 8009.00000 6817.01066  14.9%   595 3673s
 16452 11979 7423.66995  332 3882 8009.00000 6817.20430  14.9%   595 3676s
 16458 11983 6817.33108   49 3940 8009.00000 6817.33108  14.9%   595 3681s
 16459 11984 6818.03276   52 3828 8009.00000 6818.03276  14.9%   595 3685s
 16464 11987 6818.23616  144 3777 8009.00000 6818.23616  14.9%   595 3691s
 16466 11989 7129.45939  211 3565 8009.00000 6818.60217  14.9%   595 3695s
 16472 11993 6818.68233   85 3810 8009.00000 6818.68233  14.9%   594 3700s
 16474 11994 6819.07872  201 4100 8009.00000 6819.07872  14.9%   594 3705s
 16480 11998 6819.27219  355 4077 8009.00000 6819.27219  14.9%   594 3710s
 16483 12000 6819.70402  145 3950 8009.00000 6819.70402  14.8%   594 3715s
 16486 12002 6819.96176   53 4189 8009.00000 6819.96176  14.8%   594 3720s
 16491 12005 6820.29077   50 4155 8009.00000 6820.29077  14.8%   594 3725s
 16496 12009 6820.40472  216 4129 8009.00000 6820.40472  14.8%   594 3730s
 16498 12010 6820.50511   82 3984 8009.00000 6820.50511  14.8%   594 3735s
 16502 12013 7984.94782  357 3838 8009.00000 6820.66907  14.8%   593 3740s
 16507 12016 6820.75137   73 3854 8009.00000 6820.75137  14.8%   593 3745s
 16512 12019 6820.97091   37 3775 8009.00000 6820.97091  14.8%   593 3750s
 16517 12023 7853.43805  557 4011 8009.00000 6821.10428  14.8%   593 3755s
 16521 12025 6821.49013  134 3909 8009.00000 6821.49013  14.8%   593 3760s
 16525 12028 6821.57643  112 3976 8009.00000 6821.57643  14.8%   593 3765s
 16531 12032 6910.98469  145 3924 8009.00000 6821.86645  14.8%   592 3771s
 16536 12035 6887.36992  181 4130 8009.00000 6821.91366  14.8%   592 3775s
 16541 12039 7463.83530  228 4161 8009.00000 6822.05170  14.8%   592 3780s
 16546 12043 6822.19363  247  873 8009.00000 6822.19363  14.8%   632 3790s
 16549 12045 6822.19363  200 1067 8009.00000 6822.19363  14.8%   632 3797s
 16550 12046 6822.19363  200 1316 8009.00000 6822.19363  14.8%   632 3803s
 16551 12047 6822.19363  180 1535 8009.00000 6822.19363  14.8%   632 3811s
 16552 12047 7423.66995  332 1563 8009.00000 6822.19363  14.8%   632 3819s
 16553 12048 6822.19363  116 1613 8009.00000 6822.19363  14.8%   632 3830s
 16554 12049 7057.22902  386 1831 8009.00000 6822.19363  14.8%   632 3841s
 16555 12049 7910.66434  239 2026 8009.00000 6822.19363  14.8%   632 3855s
 16556 12050 6921.73147  163 2191 8009.00000 6822.19363  14.8%   632 3866s
 16557 12051 6822.19363  148 2362 8009.00000 6822.19363  14.8%   632 3880s
 16558 12051 6822.19363   49 2556 8009.00000 6822.19363  14.8%   632 3892s
 16559 12052 6822.19463   52 2607 8009.00000 6822.19463  14.8%   632 3905s
 16560 12053 6822.19463  218 2886 8009.00000 6822.19463  14.8%   632 3915s
 16561 12053 6822.19463  278 3085 8009.00000 6822.19463  14.8%   632 3924s
 16562 12054 6822.19463   99 2926 8009.00000 6822.19463  14.8%   631 3933s
 16563 12055 6822.19463   20 3153 8009.00000 6822.19463  14.8%   631 3943s
 16564 12055 6822.19463  144 3392 8009.00000 6822.19463  14.8%   631 3950s
 16565 12056 7586.00959  361 3568 8009.00000 6822.19463  14.8%   631 3957s
 16566 12057 7129.45939  211 3532 8009.00000 6822.19463  14.8%   631 3962s
 16567 12057 6822.19463  297 3572 8009.00000 6822.19463  14.8%   631 3965s
 16570 12059 6822.19463  152 3784 8009.00000 6822.19463  14.8%   631 3970s
 16574 12062 6822.19463  201 3831 8009.00000 6822.19463  14.8%   631 3975s
 16575 12063 6823.05583   42 3425 8009.00000 6823.05583  14.8%   631 3980s
 16579 12065 6823.39712   25 3558 8009.00000 6823.39712  14.8%   631 3985s
 16581 12067 6823.91814   18 3548 8009.00000 6823.91814  14.8%   631 3993s
 16582 12067 7128.27655  168 3570 8009.00000 6824.03070  14.8%   631 3995s
 16587 12071 7172.94661   78 3768 8009.00000 6824.10828  14.8%   631 4002s
 16588 12071 6914.82243  267 3442 8009.00000 6824.53101  14.8%   630 4006s
 16593 12075 6824.67791  311 3627 8009.00000 6824.67791  14.8%   630 4012s
 16594 12075 6825.38103  186 3495 8009.00000 6825.38103  14.8%   630 4016s
 16598 12078 6825.50600   82 3601 8009.00000 6825.50600  14.8%   630 4021s
 16599 12079 7223.39200   68 3637 8009.00000 6825.90888  14.8%   630 4027s
 16603 12081 7846.63489  106 3723 8009.00000 6826.05630  14.8%   630 4033s
 16604 12082 6826.36696   88 3627 8009.00000 6826.36696  14.8%   630 4035s
 16608 12085 6826.54551  142 3593 8009.00000 6826.54551  14.8%   630 4042s
 16610 12086 6826.88146  101 3532 8009.00000 6826.88146  14.8%   630 4045s
 16614 12089 6826.90115  236 3686 8009.00000 6826.90115  14.8%   629 4050s
 16620 12093 6827.08920   43 3700 8009.00000 6827.08920  14.8%   629 4057s
 16621 12093 6827.56385  134 3782 8009.00000 6827.56385  14.8%   629 4060s
 16626 12097 6827.67387   90 3835 8009.00000 6827.67387  14.7%   629 4066s
 16628 12098 6828.43496  167 3546 8009.00000 6828.43496  14.7%   629 4071s
 16633 12101 6872.42689  198 3642 8009.00000 6828.50561  14.7%   629 4077s
 16634 12102 6829.01123  147 3687 8009.00000 6829.01123  14.7%   629 4084s
 16635 12103 6829.14364   35 3771 8009.00000 6829.14364  14.7%   629 4086s
 16639 12105 6829.17142  164 3785 8009.00000 6829.17142  14.7%   629 4090s
 16642 12107 6829.58025   65 3576 8009.00000 6829.58025  14.7%   628 4095s
 16646 12110 6830.46272  247 3743 8009.00000 6830.46272  14.7%   628 4105s
 16653 12115 6830.72622  116 3733 8009.00000 6830.72622  14.7%   628 4112s
 16654 12115 7057.22902  386 3710 8009.00000 6831.32434  14.7%   628 4116s
 16658 12118 6831.51420   49 3729 8009.00000 6831.51420  14.7%   628 4123s
 16659 12119 6832.48849   52 3712 8009.00000 6832.48849  14.7%   628 4129s
 16660 12119 6832.71913  218 3533 8009.00000 6832.71913  14.7%   628 4131s
 16665 12123 7586.00959  361 3770 8009.00000 6832.77925  14.7%   628 4137s
 16666 12123 7129.45939  211 3718 8009.00000 6833.33220  14.7%   628 4141s
 16671 12127 6833.79406   24 3502 8009.00000 6833.79406  14.7%   627 4154s
 16672 12127 6833.85781   85 3476 8009.00000 6833.85781  14.7%   627 4155s
 16677 12131 7646.08861  279 3436 8009.00000 6834.32524  14.7%   627 4162s
 16681 12133 6834.40979   18 3593 8009.00000 6834.40979  14.7%   627 4166s
 16682 12134 7128.27655  168 3442 8009.00000 6835.10849  14.7%   627 4170s
 16687 12137 7172.94661   78 3584 8009.00000 6835.43284  14.7%   627 4175s
 16690 12139 7487.05111  203 3449 8009.00000 6836.54149  14.6%   627 4181s
 16693 12141 6836.86591  311 3517 8009.00000 6836.86591  14.6%   627 4185s
 16697 12144 7095.06958  191 3504 8009.00000 6837.33334  14.6%   626 4191s
 16703 12148 7846.63489  106 3550 8009.00000 6837.43838  14.6%   626 4195s
 16706 12150 6838.18032  170 3423 8009.00000 6838.18032  14.6%   626 4201s
 16708 12151 6838.52058  142 3403 8009.00000 6838.52058  14.6%   626 4205s
 16712 12154 6839.55384   37 3206 8009.00000 6839.55384  14.6%   626 4212s
 16714 12155 6839.99051  236 3577 8009.00000 6839.99051  14.6%   626 4215s
 16720 12159 6840.38911   43 3528 8009.00000 6840.38911  14.6%   626 4222s
 16723 12161 6840.52080  238 3564 8009.00000 6840.52080  14.6%   625 4225s
 16728 12165 6840.97830  167 3587 8009.00000 6840.97830  14.6%   625 4230s
 16734 12169 6841.16601  147 3645 8009.00000 6841.16601  14.6%   625 4236s
 16739 12172 6841.26639  164 3667 8009.00000 6841.26639  14.6%   625 4240s
 16742 12174 6841.61970   65 3671 8009.00000 6841.61970  14.6%   625 4245s
 16747 12177 6841.91176  287 3554 8009.00000 6841.91176  14.6%   624 4251s
 16752 12181 7423.66995  332 3625 8009.00000 6842.10669  14.6%   624 4255s
 16757 12184 6842.21954  148 3669 8009.00000 6842.21954  14.6%   624 4261s
 16762 12187 6842.27837   99 3670 8009.00000 6842.27837  14.6%   624 4265s
 16767 12191 6842.43395  297 3535 8009.00000 6842.43395  14.6%   624 4270s
 16771 12193 6842.72035   24 3622 8009.00000 6842.72035  14.6%   624 4275s
 16777 12197 7646.08861  279 3646 8009.00000 6843.04361  14.6%   623 4281s
 16783 12201 6843.42606  145 3507 8009.00000 6843.42606  14.6%   623 4287s
 16787 12204 7172.94661   78 3711 8009.00000 6843.49588  14.6%   623 4290s
 16792 12207 6843.69538  171 3694 8009.00000 6843.69538  14.5%   623 4296s
 16794 12209 6844.02400  186 3626 8009.00000 6844.02400  14.5%   623 4300s
 16800 12213 6844.33238  119 3614 8009.00000 6844.33238  14.5%   623 4305s
 16806 12217 6844.67238  170 3587 8009.00000 6844.67238  14.5%   622 4311s
 16811 12220 6844.93333   60 3782 8009.00000 6844.93333  14.5%   622 4316s
 16813 12221 6845.40174  191 3615 8009.00000 6845.40174  14.5%   622 4321s
 16818 12225 6845.48958  160 3594 8009.00000 6845.48958  14.5%   622 4325s
 16820 12226 6845.97617   43 3545 8009.00000 6845.97617  14.5%   622 4330s
 16825 12229 6846.30545  112 3462 8009.00000 6846.30545  14.5%   622 4336s
 16829 12232 6846.44362   70 3660 8009.00000 6846.44362  14.5%   621 4340s
 16831 12233 6910.98469  145 3826 8009.00000 6847.18059  14.5%   621 4346s
 16836 12237 6887.36992  181 3565 8009.00000 6847.95995  14.5%   621 4354s
 16837 12237 6848.31891  144 3693 8009.00000 6848.31891  14.5%   621 4357s
 16839 12239 6848.47069  164 3736 8009.00000 6848.47069  14.5%   621 4360s
 16842 12241 6848.82589   65 3539 8009.00000 6848.82589  14.5%   621 4372s
 16844 12242 6848.96267   65 3559 8009.00000 6848.96267  14.5%   621 4375s
 16849 12245 6849.42028  200 3552 8009.00000 6849.42028  14.5%   621 4380s
 16853 12248 6849.65251  116 3610 8009.00000 6849.65251  14.5%   621 4385s
 16856 12250 6921.73147  163 3630 8009.00000 6850.61101  14.5%   620 4391s
 16859 12252 6850.92214   52 3701 8009.00000 6850.92214  14.5%   620 4395s
 16863 12255 6851.35927   20 3549 8009.00000 6851.35927  14.5%   620 4401s
 16866 12257 7129.45939  211 3780 8009.00000 6851.56699  14.5%   620 4405s
 16871 12260 6851.96729   24 3728 8009.00000 6851.96729  14.4%   620 4412s
 16874 12262 6852.14004  201 3659 8009.00000 6852.14004  14.4%   620 4415s
 16880 12266 6852.51730  355 3439 8009.00000 6852.51730  14.4%   620 4421s
 16883 12268 6852.73779  145 3499 8009.00000 6852.73779  14.4%   619 4425s
 16887 12271 7172.94661   78 3515 8009.00000 6852.94436  14.4%   619 4430s
 16894 12275 6853.15549  186 3621 8009.00000 6853.15549  14.4%   619 4435s
 16899 12279 7223.39200   68 3675 8009.00000 6853.26333  14.4%   619 4441s
 16901 12280 6853.54859   29 3784 8009.00000 6853.54859  14.4%   619 4445s
 16905 12283 6853.85915   17 3708 8009.00000 6853.85915  14.4%   619 4451s
 16911 12287 6853.94888   60 3713 8009.00000 6853.94888  14.4%   618 4455s
 16914 12289 6854.30788  236 3547 8009.00000 6854.30788  14.4%   618 4460s
 16919 12292 6854.39232  166 3708 8009.00000 6854.39232  14.4%   618 4465s
 16922 12294 6854.68892  238 3715 8009.00000 6854.68892  14.4%   618 4470s
 16926 12297 6854.87296   90 3734 8009.00000 6854.87296  14.4%   618 4475s
 16931 12300 6910.98469  145 3781 8009.00000 6855.12940  14.4%   618 4480s
 16937 12304 6855.25731  144 3680 8009.00000 6855.25731  14.4%   617 4486s
 16939 12305 6855.69491  164 3607 8009.00000 6855.69491  14.4%   617 4491s
 16943 12308 6855.78682  150 3640 8009.00000 6855.78682  14.4%   617 4496s
 16945 12309 6856.45734  170 3577 8009.00000 6856.45734  14.4%   617 4501s
 16951 12313 6856.50072  180 3684 8009.00000 6856.50072  14.4%   617 4505s
 16953 12315 6857.25017  116 3423 8009.00000 6857.25017  14.4%   617 4512s
 16955 12316 7910.66434  239 3583 8009.00000 6857.46642  14.4%   617 4515s
 16960 12319 6857.69883  218 3511 8009.00000 6857.69883  14.4%   617 4521s
 16964 12322 6857.91195  144 3563 8009.00000 6857.91195  14.4%   617 4525s
 16971 12327 6858.08726   24 3672 8009.00000 6858.08726  14.4%   616 4530s
 16975 12329 6858.68812   42 3690 8009.00000 6858.68812  14.4%   616 4536s
 16980 12333 6858.78710  355 3818 8009.00000 6858.78710  14.4%   616 4542s
 16982 12334 7128.27655  168 3710 8009.00000 6859.22564  14.4%   616 4546s
 16987 12337 7172.94661   78 3601 8009.00000 6859.70557  14.4%   616 4552s
 16990 12339 7487.05111  203 3774 8009.00000 6859.78066  14.3%   616 4555s
 16993 12341 6860.10789  311 3677 8009.00000 6860.10789  14.3%   615 4561s
 17000 12346 6860.16952  119 3813 8009.00000 6860.16952  14.3%   615 4566s
 17001 12347 6860.46887   29 3864 8009.00000 6860.46887  14.3%   615 4570s
 17007 12351 6860.62971   73 3830 8009.00000 6860.62971  14.3%   615 4575s
 17009 12352 6860.71399  218 3688 8009.00000 6860.71399  14.3%   615 4580s
 17014 12355 6860.86131  236 3887 8009.00000 6860.86131  14.3%   615 4585s
 17016 12357 6861.25377  181 3617 8009.00000 6861.25377  14.3%   615 4591s
 17022 12361 6861.33263  238 3809 8009.00000 6861.33263  14.3%   614 4596s
 17023 12361 6861.86705  238 3524 8009.00000 6861.86705  14.3%   614 4600s
 17028 12365 6862.08858  167 3765 8009.00000 6862.08858  14.3%   614 4605s
 17032 12367 6896.53747  206 3688 8009.00000 6862.62967  14.3%   614 4612s
 17035 12369 6862.74352   35 3859 8009.00000 6862.74352  14.3%   614 4615s
 17039 12372 6862.91942  164 3804 8009.00000 6862.91942  14.3%   614 4620s
 17044 12375 6863.17044   65 3859 8009.00000 6863.17044  14.3%   614 4626s
 17049 12379 6863.22939  200 3966 8009.00000 6863.22939  14.3%   613 4630s
 17051 12380 6863.43624  180 3801 8009.00000 6863.43624  14.3%   613 4636s
 17058 12385 6863.90753   49 3567 8009.00000 6863.90753  14.3%   613 4643s
 17059 12385 6863.99547   52 3578 8009.00000 6863.99547  14.3%   613 4645s
 17065 12389 7586.00959  361 3743 8009.00000 6864.14252  14.3%   613 4650s
 17068 12391 6932.26419  124 3712 8009.00000 6864.58572  14.3%   613 4656s
 17074 12395 6864.73714  201 3864 8009.00000 6864.73714  14.3%   613 4661s
 17076 12397 6865.18505    9 3742 8009.00000 6865.18505  14.3%   612 4666s
 17081 12400 6865.23065   18 3915 8009.00000 6865.23065  14.3%   612 4670s
 17083 12401 6865.90970  145 3674 8009.00000 6865.90970  14.3%   612 4676s
 17088 12405 6914.82243  267 3863 8009.00000 6865.98082  14.3%   612 4680s
 17090 12406 7487.05111  203 3688 8009.00000 6866.50155  14.3%   612 4685s
 17098 12411 6866.80686   82 3735 8009.00000 6866.80686  14.3%   612 4692s
 17100 12413 6866.94362  119 3777 8009.00000 6866.94362  14.3%   612 4695s
 17105 12416 6867.13641   17 3696 8009.00000 6867.13641  14.3%   611 4700s
 17109 12419 6867.41487  218 3617 8009.00000 6867.41487  14.3%   611 4706s
 17113 12421 6867.62827  191 3675 8009.00000 6867.62827  14.3%   611 4710s
 17118 12425 6867.75959  160 3736 8009.00000 6867.75959  14.2%   611 4715s
 17121 12427 6867.91514  134 3619 8009.00000 6867.91514  14.2%   611 4720s
 17128 12431 6867.98357  167 3760 8009.00000 6867.98357  14.2%   611 4725s
 17129 12432 6868.08431   70 3568 8009.00000 6868.08431  14.2%   611 4737s
 17130 12433 6868.18578   99 3662 8009.00000 6868.18578  14.2%   611 4740s
 17136 12437 6887.36992  181 3757 8009.00000 6868.25784  14.2%   610 4745s
 17138 12438 6868.89125  106 3706 8009.00000 6868.89125  14.2%   610 4751s
 17141 12440 7463.83530  228 3749 8009.00000 6869.03753  14.2%   610 4755s
 17146 12443 6870.06690  247 3801 8009.00000 6870.06690  14.2%   610 4763s
 17147 12444 6870.26656  287 3640 8009.00000 6870.26656  14.2%   610 4765s
 17152 12447 7423.66995  332 3958 8009.00000 6870.41413  14.2%   610 4770s
 17154 12449 7057.22902  386 3697 8009.00000 6871.08849  14.2%   610 4776s
 17159 12452 6871.20327   52 3760 8009.00000 6871.20327  14.2%   610 4781s
 17161 12453 6871.52005  278 3617 8009.00000 6871.52005  14.2%   609 4785s
 17165 12456 7586.00959  361 3687 8009.00000 6871.82965  14.2%   609 4791s
 17168 12458 6932.26419  124 3761 8009.00000 6872.08297  14.2%   609 4795s
 17173 12461 6872.44060  282 3495 8009.00000 6872.44060  14.2%   609 4801s
 17175 12463 6872.62727   42 3718 8009.00000 6872.62727  14.2%   609 4805s
 17180 12466 6872.85502  355 3682 8009.00000 6872.85502  14.2%   609 4811s
 17184 12469 6872.94868   86 3715 8009.00000 6872.94868  14.2%   609 4815s
 17186 12470 6873.80985   53 3676 8009.00000 6873.80985  14.2%   609 4821s
 17191 12473 6873.90330   50 3773 8009.00000 6873.90330  14.2%   608 4826s
 17193 12475 6874.33666  311 3667 8009.00000 6874.33666  14.2%   608 4831s
 17198 12478 6874.48117   82 3738 8009.00000 6874.48117  14.2%   608 4836s
 17203 12481 7846.63489  106 3487 8009.00000 6874.69709  14.2%   608 4841s
 17208 12485 6874.74683  142 3671 8009.00000 6874.74683  14.2%   608 4845s
 17213 12489 6875.11942  191  873 8009.00000 6875.11942  14.2%   640 4855s
 17216 12491 6875.11942  181  972 8009.00000 6875.11942  14.2%   640 4862s
 17217 12492 7853.43805  557 1288 8009.00000 6875.11942  14.2%   640 4868s
 17218 12493 6875.11942  160 1462 8009.00000 6875.11942  14.2%   640 4877s
 17219 12493 6875.11942  166 1475 8009.00000 6875.11942  14.2%   640 4887s
 17220 12494 6875.11942   43 1788 8009.00000 6875.11942  14.2%   640 4899s
 17221 12495 6875.11942  134 1773 8009.00000 6875.11942  14.2%   640 4910s
 17222 12495 6875.11942  238 1918 8009.00000 6875.11942  14.2%   640 4924s
 17223 12496 6875.11942  238 2173 8009.00000 6875.11942  14.2%   640 4936s
 17224 12497 6875.11942  164 2316 8009.00000 6875.11942  14.2%   640 4949s
 17225 12497 6875.12065  112 2389 8009.00000 6875.12065  14.2%   640 4962s
 17226 12498 6875.12065   90 2602 8009.00000 6875.12065  14.2%   640 4974s
 17227 12499 7218.18590   47 2704 8009.00000 6875.12065  14.2%   640 4986s
 17228 12499 6875.12065  167 3242 8009.00000 6875.12065  14.2%   640 5002s
 17229 12500 6875.12065   70 3162 8009.00000 6875.12065  14.2%   640 5015s
 17230 12501 6875.12065   99 3387 8009.00000 6875.12065  14.2%   639 5027s
 17231 12501 6910.98469  145 3210 8009.00000 6875.12065  14.2%   639 5034s
 17232 12502 6896.53747  206 3402 8009.00000 6875.12065  14.2%   639 5043s
 17233 12503 6875.12065  198 3311 8009.00000 6875.12065  14.2%   639 5050s
 17234 12503 6875.12065  147 3312 8009.00000 6875.12065  14.2%   639 5056s
 17235 12504 6875.12065   35 3366 8009.00000 6875.12065  14.2%   639 5060s
 17237 12505 6875.12065  144 3524 8009.00000 6875.12065  14.2%   639 5065s
 17240 12507 6875.12065  139 3538 8009.00000 6875.12065  14.2%   639 5071s
 17241 12508 7463.83530  228 3592 8009.00000 6876.06569  14.1%   639 5077s
 17243 12509 6876.33733  150 3405 8009.00000 6876.33733  14.1%   639 5080s
 17247 12512 6876.71347  287 3531 8009.00000 6876.71347  14.1%   639 5088s
 17248 12513 6876.89230  266 3432 8009.00000 6876.89230  14.1%   639 5090s
 17251 12515 6877.32012  180 3523 8009.00000 6877.32012  14.1%   639 5097s
 17255 12517 7910.66434  239 3559 8009.00000 6877.41840  14.1%   639 5100s
 17257 12519 6878.06137  148 3531 8009.00000 6878.06137  14.1%   638 5108s
 17259 12520 6878.20094   52 3645 8009.00000 6878.20094  14.1%   638 5110s
 17263 12523 6878.36400   20 3608 8009.00000 6878.36400  14.1%   638 5118s
 17265 12524 7586.00959  361 3722 8009.00000 6878.43091  14.1%   638 5120s
 17268 12526 6932.26419  124 3692 8009.00000 6878.63490  14.1%   638 5126s
 17271 12528 6878.67312   24 3667 8009.00000 6878.67312  14.1%   638 5130s
 17273 12529 6879.31126  282 3672 8009.00000 6879.31126  14.1%   638 5135s
 17281 12535 6879.42587   18 3733 8009.00000 6879.42587  14.1%   638 5143s
 17282 12535 7128.27655  168 3453 8009.00000 6879.86109  14.1%   638 5146s
 17285 12537 6880.05388   47 3559 8009.00000 6880.05388  14.1%   637 5150s
 17289 12540 6880.44046  213 3523 8009.00000 6880.44046  14.1%   637 5157s
 17294 12543 6880.48533  186 3607 8009.00000 6880.48533  14.1%   637 5162s
 17295 12544 7292.64815  281 3540 8009.00000 6880.76749  14.1%   637 5165s
 17302 12549 7984.94782  357 3542 8009.00000 6880.91992  14.1%   637 5172s
 17303 12549 7846.63489  106 3276 8009.00000 6881.20287  14.1%   637 5181s
 17310 12554 6881.31075  101 3455 8009.00000 6881.31075  14.1%   637 5187s
 17311 12555 6881.59584   60 3520 8009.00000 6881.59584  14.1%   636 5190s
 17315 12557 6881.72672   25 3535 8009.00000 6881.72672  14.1%   636 5196s
 17316 12558 6881.83544  181 3441 8009.00000 6881.83544  14.1%   636 5201s
 17321 12561 6881.86817  134 3530 8009.00000 6881.86817  14.1%   636 5205s
 17327 12565 7218.18590   47 3481 8009.00000 6882.11715  14.1%   636 5210s
 17329 12567 6882.60057   70 3431 8009.00000 6882.60057  14.1%   636 5216s
 17335 12571 6882.70258   35 3588 8009.00000 6882.70258  14.1%   636 5221s
 17337 12572 6883.09806  144 3529 8009.00000 6883.09806  14.1%   636 5226s
 17344 12577 6883.57401   65 3607 8009.00000 6883.57401  14.1%   635 5232s
 17346 12578 6883.77496  247 3735 8009.00000 6883.77496  14.0%   635 5235s
 17350 12581 6884.49506  200 3502 8009.00000 6884.49506  14.0%   635 5242s
 17352 12582 7423.66995  332 3678 8009.00000 6884.81594  14.0%   635 5245s
 17359 12587 6885.09608   52 3675 8009.00000 6885.09608  14.0%   635 5252s
 17364 12590 6885.21805  144 3662 8009.00000 6885.21805  14.0%   635 5256s
 17367 12592 6885.44216  297 3709 8009.00000 6885.44216  14.0%   634 5260s
 17371 12595 6885.98493   24 3723 8009.00000 6885.98493  14.0%   634 5265s
 17375 12597 6886.18591   42 3659 8009.00000 6886.18591  14.0%   634 5270s
 17380 12601 6886.69514  355 3642 8009.00000 6886.69514  14.0%   634 5380s
 17381 12601 6886.75692   18 3676 8009.00000 6886.75692  14.0%   634 5395s
 17385 12604 6886.91937   47 3431 8009.00000 6886.91937  14.0%   634 5400s
 17391 12608 6887.02792   50 3653 8009.00000 6887.02792  14.0%   634 5405s
 17398 12613 6887.18468   82 3698 8009.00000 6887.18468  14.0%   633 5411s
 17400 12614 6887.61375  119 3498 8009.00000 6887.61375  14.0%   633 5415s
 17404 12617 6887.73661   88 3595 8009.00000 6887.73661  14.0%   633 5420s
 17409 12620 6887.94480  218 3488 8009.00000 6887.94480  14.0%   633 5426s
 17414 12623 6887.98393  236 3621 8009.00000 6887.98393  14.0%   633 5430s
 17420 12627 6888.20522   43 3607 8009.00000 6888.20522  14.0%   633 5436s
 17422 12629 6888.69109  238 3569 8009.00000 6888.69109  14.0%   632 5441s
 17426 12631 6888.76425   90 3718 8009.00000 6888.76425  14.0%   632 5445s
 17429 12633 6889.13050   70 3505 8009.00000 6889.13050  14.0%   632 5450s
 17435 12637 6889.27636   35 3318 8009.00000 6889.27636  14.0%   632 5455s
 17440 12641 6889.47592  139 3438 8009.00000 6889.47592  14.0%   632 5460s
 17443 12643 6889.61665  150 3624 8009.00000 6889.61665  14.0%   632 5465s
 17448 12646 6889.82178  266 3444 8009.00000 6889.82178  14.0%   631 5470s
 17454 12650 7057.22902  386 3518 8009.00000 6889.91404  14.0%   631 5475s
 17461 12655 6889.96609  278 3604 8009.00000 6889.96609  14.0%   631 5481s
 17467 12659 6890.01287  297 3581 8009.00000 6890.01287  14.0%   631 5485s
 17473 12663 6890.19073  282 3605 8009.00000 6890.19073  14.0%   631 5490s
 17475 12664 6890.75891   42 3775 8009.00000 6890.75891  14.0%   631 5496s
 17479 12667 6890.82106   25 3637 8009.00000 6890.82106  14.0%   630 5500s
 17484 12670 6890.97441   86 3839 8009.00000 6890.97441  14.0%   630 5505s
 17486 12671 6891.30230   53 3709 8009.00000 6891.30230  14.0%   630 5510s
 17491 12675 6891.56681   50 3721 8009.00000 6891.56681  14.0%   630 5515s
 17496 12678 6891.62905  216 3745 8009.00000 6891.62905  14.0%   630 5520s
 17499 12680 7223.39200   68 3781 8009.00000 6891.95809  13.9%   630 5525s
 17506 12685 6892.01641  170 3959 8009.00000 6892.01641  13.9%   629 5530s
 17510 12687 6892.10207  101 3846 8009.00000 6892.10207  13.9%   629 5535s
 17516 12691 6892.20944  181 3819 8009.00000 6892.20944  13.9%   629 5540s
 17520 12694 6892.39866   43 3895 8009.00000 6892.39866  13.9%   629 5545s
 17522 12695 6892.84841  238 3767 8009.00000 6892.84841  13.9%   629 5551s
 17527 12699 7218.18590   47 3758 8009.00000 6892.88364  13.9%   629 5555s
 17535 12704 6893.00051   35 3785 8009.00000 6893.00051  13.9%   628 5561s
 17538 12706 6893.17856  106 3724 8009.00000 6893.17856  13.9%   628 5565s
 17543 12709 6893.54997  150 3692 8009.00000 6893.54997  13.9%   628 5571s
 17549 12713 6893.58365  200 3774 8009.00000 6893.58365  13.9%   628 5575s
 17553 12716 6893.82928  116 3825 8009.00000 6893.82928  13.9%   628 5580s
 17557 12719 6894.03133  148 3705 8009.00000 6894.03133  13.9%   628 5585s
 17564 12723 6894.15156  144 3653 8009.00000 6894.15156  13.9%   627 5591s
 17569 12727 6894.27303  353 3678 8009.00000 6894.27303  13.9%   627 5595s
 17576 12731 6894.37651    9 3757 8009.00000 6894.37651  13.9%   627 5600s
 17580 12734 6894.51097  355 3787 8009.00000 6894.51097  13.9%   627 5605s
 17585 12737 6894.66527   47 3711 8009.00000 6894.66527  13.9%   627 5610s
 17588 12739 6914.82243  267 3702 8009.00000 6894.91177  13.9%   626 5615s
 17594 12743 6895.00224  186 3740 8009.00000 6895.00224  13.9%   626 5620s
 17597 12745 7095.06958  191 3639 8009.00000 6895.31167  13.9%   626 5626s
 17602 12749 7984.94782  357 3707 8009.00000 6895.37317  13.9%   626 5630s
 17607 12752 6895.55678   73 3708 8009.00000 6895.55678  13.9%   626 5635s
 17611 12755 6895.71718   60 3632 8009.00000 6895.71718  13.9%   626 5640s
 17616 12758 6895.80637  181 3598 8009.00000 6895.80637  13.9%   625 5645s
 17621 12761 6895.97664  134 3726 8009.00000 6895.97664  13.9%   625 5650s
 17627 12765 7218.18590   47 3663 8009.00000 6896.08359  13.9%   625 5655s
 17634 12770 6896.36015  147 3514 8009.00000 6896.36015  13.9%   625 5661s
 17638 12773 6896.53998  106 3696 8009.00000 6896.53998  13.9%   625 5665s
 17641 12775 7463.83530  228 3682 8009.00000 6896.75153  13.9%   625 5670s
 17646 12778 6896.94888  247 3681 8009.00000 6896.94888  13.9%   624 5676s
 17649 12780 6897.06065  200 3670 8009.00000 6897.06065  13.9%   624 5680s
 17655 12784 7910.66434  239 3716 8009.00000 6897.74637  13.9%   624 5686s
 17659 12787 6897.79914   52 3830 8009.00000 6897.79914  13.9%   624 5690s
 17662 12789 6898.18013   99 3828 8009.00000 6898.18013  13.9%   624 5695s
 17667 12792 6898.65472  297 3717 8009.00000 6898.65472  13.9%   624 5701s
 17673 12796 6898.76676  282 3720 8009.00000 6898.76676  13.9%   623 5705s
 17677 12799 7646.08861  279 3905 8009.00000 6899.12155  13.9%   623 5711s
 17684 12803 6899.24546   86 3803 8009.00000 6899.24546  13.9%   623 5716s
 17690 12807 7487.05111  203 3958 8009.00000 6899.33565  13.9%   623 5721s
 17694 12810 6899.50701  186 3958 8009.00000 6899.50701  13.9%   623 5726s
 17698 12813 6899.58566   82 3995 8009.00000 6899.58566  13.9%   623 5731s
 17700 12814 6899.88260  119 4104 8009.00000 6899.88260  13.8%   623 5735s
 17705 12817 6899.96206   17 4037 8009.00000 6899.96206  13.8%   622 5740s
 17709 12820 6900.17809  218 3941 8009.00000 6900.17809  13.8%   622 5745s
 17714 12823 6900.27332  236 4045 8009.00000 6900.27332  13.8%   622 5750s
 17720 12827 6900.43615   43 3708 8009.00000 6900.43615  13.8%   622 5755s
 17727 12832 7218.18590   47 3967 8009.00000 6900.56107  13.8%   622 5760s
 17730 12834 6900.85001   99 3851 8009.00000 6900.85001  13.8%   621 5765s
 17738 12839 6900.88879  106 4009 8009.00000 6900.88879  13.8%   621 5771s
 17742 12842 6901.05300   65 4044 8009.00000 6901.05300  13.8%   621 5776s
 17744 12843 6901.20899   65 4038 8009.00000 6901.20899  13.8%   621 5780s
 17750 12847 6901.31073  200 4053 8009.00000 6901.31073  13.8%   621 5785s
 17756 12851 6921.73147  163 3933 8009.00000 6901.50619  13.8%   621 5790s
 17761 12855 6901.57866  278 3973 8009.00000 6901.57866  13.8%   620 5795s
 17766 12858 7129.45939  211 4042 8009.00000 6901.68768  13.8%   620 5800s
 17770 12861 6901.83703  152 3999 8009.00000 6901.83703  13.8%   620 5805s
 17776 12865 6901.99060    9 3918 8009.00000 6901.99060  13.8%   620 5810s
 17781 12868 6902.11425   18 3987 8009.00000 6902.11425  13.8%   620 5815s
 17786 12871 6902.24485   53 4005 8009.00000 6902.24485  13.8%   619 5821s
 17792 12875 6902.29733  171 3943 8009.00000 6902.29733  13.8%   619 5825s
 17797 12879 7095.06958  191 4086 8009.00000 6902.46600  13.8%   619 5830s
 17799 12880 7223.39200   68 3966 8009.00000 6902.80718  13.8%   619 5835s
 17805 12884 6902.98151   17 3924 8009.00000 6902.98151  13.8%   619 5841s
 17807 12885 6903.31525   73 3956 8009.00000 6903.31525  13.8%   619 5846s
 17811 12888 6903.41467   60 3964 8009.00000 6903.41467  13.8%   619 5850s
 17814 12890 6903.62132  236 4025 8009.00000 6903.62132  13.8%   619 5855s
 17819 12893 6903.84434  166 4016 8009.00000 6903.84434  13.8%   618 5860s
 17828 12899 6903.89961  167 3953 8009.00000 6903.89961  13.8%   618 5865s
 17830 12901 6904.00572   99 3939 8009.00000 6904.00572  13.8%   618 5959s
 17831 12904 6904.00572   58 3925 8009.00000 6904.00572  13.8%   644 5984s
 17833 12908 6904.25670   59 3966 8009.00000 6904.00572  13.8%   645 6018s
 17837 12914 6904.33759   60 4031 8009.00000 6904.26244  13.8%   646 6058s
 17845 12928 6904.73825   61 4027 8009.00000 6904.33864  13.8%   650 6096s
 17861 12938 6927.01698   62 3249 8009.00000 6904.73825  13.8%   662 6183s
 17877 12965 6940.47091   63 3315 8009.00000 6904.73825  13.8%   675 6238s
 17909 13112 6942.97236   64 3048 8009.00000 6904.73825  13.8%   688 6283s
 18067 13174 6945.69328   69 2974 8009.00000 6904.73825  13.8%   707 6306s
 18181 13225 6946.76024   74 3007 8009.00000 6904.73825  13.8%   713 6324s
 18270 13227 6947.87973   78 3088 8009.00000 6904.73825  13.8%   717 6348s
 18302 13248 6948.52202   79 2963 8009.00000 6904.73825  13.8%   720 6364s
H18314 12588                    8007.0000000 6904.73825  13.8%   721 6364s
 18334 12613 6978.85591   78 3072 8007.00000 6904.73825  13.8%   722 6379s
 18365 12634 6948.80803   80 2937 8007.00000 6904.73825  13.8%   723 6406s
 18397 12655 6949.31782   81 3086 8007.00000 6904.73825  13.8%   724 6437s
 18428 12691 6949.52980   82 2967 8007.00000 6904.73825  13.8%   725 6453s
 18475 12744 6949.70319   83 2990 8007.00000 6904.73825  13.8%   728 6469s
 18543 12797 6949.84500   84 2929 8007.00000 6904.73825  13.8%   729 6486s
 18620 12844 6949.88137   85 2979 8007.00000 6904.73825  13.8%   731 6503s
 18693 12852 6950.33292   86 2996 8007.00000 6904.73825  13.8%   733 6517s
 18725 12872 6950.42591   87 3090 8007.00000 6904.73825  13.8%   735 6533s
 18756 12907 6950.52557   88 3044 8007.00000 6904.73825  13.8%   736 6559s
 18801 12924 6950.55523   89 3049 8007.00000 6904.73825  13.8%   740 6581s
 18833 12956 6951.78987   90 3127 8007.00000 6904.73825  13.8%   743 6599s
 18876 12973 6954.23825   91 2955 8007.00000 6904.73825  13.8%   746 6616s
 18907 13009 6954.63361   92 3053 8007.00000 6904.73825  13.8%   748 6647s
 18953 13061 6966.12964   92 3063 8007.00000 6904.73825  13.8%   751 6667s
 19021 13123 6951.87698   91 3089 8007.00000 6904.73825  13.8%   754 6692s
 19105 13195 6954.77014   93 2922 8007.00000 6904.73825  13.8%   758 6720s
 19205 13249 6952.91480   92 2889 8007.00000 6904.73825  13.8%   760 6768s
 19293 13351 6960.05461   92 3031 8007.00000 6904.73825  13.8%   768 6792s
 19424 13432 6955.92363   94 3011 8007.00000 6904.73825  13.8%   772 6817s
 19549 13545 6966.01075   94 3015 8007.00000 6904.73825  13.8%   778 6847s
 19703 13671 6972.37777   93 3093 8007.00000 6904.73825  13.8%   783 6892s
 19881 13773 6968.01220   93 2989 8007.00000 6904.73825  13.8%   787 6934s
 20042 13811 6963.36451   95 2909 8007.00000 6904.73825  13.8%   793 6975s
 20134 14000 6979.53683   95 2954 8007.00000 6904.73825  13.8%   797 7004s
 20353 14158 6977.76575   96 2765 8007.00000 6904.73825  13.8%   800 7034s
 20584 14304 6972.22385   95 2955 8007.00000 6904.73825  13.8%   804 7080s
 20807 14261 6967.72097   96 2858 8007.00000 6904.73825  13.8%   809 7100s
 20839 14375 6978.59189   97 2699 8007.00000 6904.73825  13.8%   810 7155s
 20963 14610 6968.74430   97 2916 8007.00000 6904.73825  13.8%   813 7181s
 21240 14826 6969.13726   98 2781 8007.00000 6904.73825  13.8%   815 7214s
 21548 15050 6969.72035   99 2932 8007.00000 6904.73825  13.8%   818 7248s
 21875 15169 7010.53850   99 2802 8007.00000 6904.73825  13.8%   823 7297s
 22130 15377 7007.02439  100 2674 8007.00000 6904.73825  13.8%   830 7350s
 22427 15597 6981.40737   98 2901 8007.00000 6904.73825  13.8%   836 7385s
 22750 15521 6977.91846  100 3129 8007.00000 6904.73825  13.8%   840 7408s
 22782 15540 7007.06893  101 2780 8007.00000 6904.73825  13.8%   842 7435s
H22803 14909                    8000.0000000 6904.73825  13.7%   842 7435s
 22814 15206 7316.06459  235 2337 8000.00000 6904.73825  13.7%   843 7483s
 23141 15128 7009.67622  102 2765 8000.00000 6904.73825  13.7%   848 7514s
H23142 14536                    7998.0000000 6904.73825  13.7%   848 7514s
H23143 13973                    7994.0000000 6904.73825  13.6%   848 7514s
H23146 13437                    7990.0000000 6904.73825  13.6%   848 7514s
H23160 12923                    7988.0000000 6904.73825  13.6%   848 7514s
 23173 13268 7008.09776  101 2630 7988.00000 6904.73825  13.6%   849 7559s
 23557 13568 7012.84355  104 2752 7988.00000 6904.73825  13.6%   855 7602s
 24006 13798 7024.22075  106 2656 7988.00000 6904.73825  13.6%   862 7642s
 24390 14055 7023.77730  108 2504 7988.00000 6904.73825  13.6%   869 7687s
 24806 14418 7063.45813  109 2446 7988.00000 6904.73825  13.6%   875 7735s
 25325 14277 7028.63811  114 2658 7988.00000 6904.73825  13.6%   880 7762s
 25357 14333 7027.97579  112 2738 7988.00000 6904.73825  13.6%   882 7817s
 25430 14642 7055.47521  114 2572 7988.00000 6904.73825  13.6%   884 7867s
 25803 14961 7032.73669  123 2504 7988.00000 6904.73825  13.6%   887 7927s
 26312 14820 7084.79691  127 2629 7988.00000 6904.73825  13.6%   892 7966s
H26315 14333                    7985.0000000 6904.73825  13.5%   892 7966s
H26320 13873                    7984.0000000 6904.73825  13.5%   892 7966s
 26347 14267 7036.45652  128 2424 7984.00000 6904.73825  13.5%   894 8020s
 26804 14485 7037.83441  130 2697 7984.00000 6904.73825  13.5%   903 8100s
 27216 14758 7043.67548  137 2705 7984.00000 6904.73825  13.5%   915 8157s
 27672 14998 7049.25479  142 2603 7984.00000 6904.73825  13.5%   924 8219s
 28111 15365 7050.78967  150 2775 7984.00000 6904.73825  13.5%   933 8287s
 28627 15807 7065.80575  153 2719 7984.00000 6904.73825  13.5%   941 8355s
 29275 16193 7075.02782  159 2618 7984.00000 6904.73825  13.5%   946 8451s
 29903 16203 7065.00139  171 2781 7984.00000 6904.73825  13.5%   957 8594s
 30132 16230 7064.18384  174 2671 7984.00000 6904.73825  13.5%   962 8665s
H30161 15785                    7981.0000000 6904.73825  13.5%   962 8665s
 30248 16557 7065.72975  175 2773 7981.00000 6904.73825  13.5%   964 8776s
 31072 17120 7071.23333  191 2590 7981.00000 6904.73825  13.5%   977 8869s
 31954 17210 7073.37544  197 2670 7981.00000 6904.73825  13.5%   985 8943s
 32394 17788 7095.67529  196 2552 7981.00000 6904.73825  13.5%   987 9034s
 33177 18198 7080.48382  202 2610 7981.00000 6904.73825  13.5%   995 9136s
 33892 18210 7086.32695  209 2650 7981.00000 6904.73825  13.5%  1006 9288s
 34164 18929 7094.60938  214 2672 7981.00000 6904.73825  13.5%  1011 9403s
 34987 19394 7102.20760  226 2677 7981.00000 6904.73825  13.5%  1022 9507s
 35801 19555 7102.80455  244 2562 7981.00000 6904.73825  13.5%  1033 9599s
 36272 19593 7104.76323  250 2621 7981.00000 6904.73825  13.5%  1043 9696s
 36482 20284 7110.21203  252 2459 7981.00000 6904.73825  13.5%  1049 9816s
 37300 20061 7117.68735  276 2568 7981.00000 6904.73825  13.5%  1065 9896s
 37349 20702 7119.07586  278 2458 7981.00000 6904.73825  13.5%  1067 10009s
 38017 21503 7131.88031  307 2451 7981.00000 6904.73825  13.5%  1078 10139s
 39112 22197 7147.28624  310 2395 7981.00000 6906.84132  13.5%  1090 10263s
 40223 22780 7155.65720  334 2469 7981.00000 6911.08655  13.4%  1103 10399s
 41304 23127 7170.49366  341 2539 7981.00000 6911.09033  13.4%  1119 10551s
 42138 23700 7206.29533  345 2454 7981.00000 6911.09033  13.4%  1140 10698s
 42960 23732 7196.78732  356 2496 7981.00000 6911.09033  13.4%  1162 10837s
 42992 23764 7196.89572  357 2457 7981.00000 6911.09033  13.4%  1163 10985s
 43024 23795 7196.95588  358 2430 7981.00000 6911.09033  13.4%  1165 11146s
 43057 23827 7204.13386  359 2538 7981.00000 6911.09033  13.4%  1166 11270s
 43089 23943 7213.88150  359 2422 7981.00000 6911.09033  13.4%  1168 11421s
 43207 24964 7205.07635  359 2523 7981.00000 6911.09033  13.4%  1172 11574s
 44301 26125 7245.79114  372 2504 7981.00000 6911.09033  13.4%  1186 11759s
 45540 27110 7264.40255  384 2350 7981.00000 6911.09033  13.4%  1202 11932s
 46679 27994 7270.73801  397 2452 7981.00000 6911.09033  13.4%  1216 12100s
 47645 29360 7272.37230  405 2279 7981.00000 6911.09033  13.4%  1228 12300s
 49064 30302 7282.94331  420 2334 7981.00000 6911.09033  13.4%  1241 12484s
 50068 31525 7291.69591  439 2412 7981.00000 6911.76890  13.4%  1253 12689s
 51385 31926 7332.67897  449 2335 7981.00000 6911.76890  13.4%  1269 12856s
 51805 32977 7328.40697  447 2430 7981.00000 6911.76890  13.4%  1279 13166s
 52956 34364 7383.01758  459 2529 7981.00000 6911.76890  13.4%  1302 13396s
 54383 35983 7457.59356  470 2263 7981.00000 6911.76890  13.4%  1322 13647s
 56137 37294 7483.24001  492 2382 7981.00000 6911.76890  13.4%  1339 13896s
 57537 39354 7455.13326  507 2277 7981.00000 6913.89032  13.4%  1355 14174s
 59707 39355 7270.79034  398 13146 7981.00000 6913.89032  13.4%  1365 15167s
 59709 39356 7071.78362   77  872 7981.00000 6913.89032  13.4%  1365 15173s
 59710 39357 7211.91978  111  945 7981.00000 6913.89032  13.4%  1365 15175s
 59712 39358 7630.82274  395 1147 7981.00000 6913.89032  13.4%  1365 15180s
 59713 39359 7150.90804  189 1273 7981.00000 6913.89032  13.4%  1365 15187s
 59714 39360 7921.15445  155 1437 7981.00000 6913.89032  13.4%  1365 15196s
 59715 39360 7124.12574  323 1660 7981.00000 6913.89032  13.4%  1365 15209s
 59716 39361 6980.40242  111 1650 7981.00000 6913.89032  13.4%  1365 15221s
 59717 39362 7374.72401  263 1966 7981.00000 6913.89032  13.4%  1365 15235s
 59718 39362 7063.00413  253 1980 7981.00000 6913.89032  13.4%  1365 15248s
 59719 39363 7399.22374  245 2195 7981.00000 6913.89032  13.4%  1365 15264s
 59720 39364 6935.45631   91 2261 7981.00000 6913.89032  13.4%  1364 15279s
 59721 39364 7813.60680  228 2526 7981.00000 6913.89032  13.4%  1364 15295s
 59722 39365 7118.47041  157 2736 7981.00000 6913.89032  13.4%  1364 15310s
 59723 39366 7075.82754  128 2661 7981.00000 6913.89032  13.4%  1364 15325s
 59724 39366 7506.37645  401 2771 7981.00000 6913.89032  13.4%  1364 15338s
 59725 39367 7706.56672  294 2873 7981.00000 6913.89032  13.4%  1364 15351s
 59726 39368 7735.64771  302 2962 7981.00000 6913.89032  13.4%  1364 15362s
 59727 39368 6956.22130   96 2845 7981.00000 6913.89032  13.4%  1364 15370s
 59728 39369 7233.17155  273 3088 7981.00000 6913.89032  13.4%  1364 15377s
 59729 39370 7366.16958  241 2971 7981.00000 6913.89032  13.4%  1364 15384s
 59730 39370 7218.80282   88 2975 7981.00000 6914.12588  13.4%  1364 15388s
 59731 39371 7097.64650  204 2992 7981.00000 6914.75969  13.4%  1364 15391s
 59733 39372 7583.14388  121 3107 7981.00000 6915.21704  13.4%  1364 15395s
 59741 39378 7770.04356  446 3181 7981.00000 6915.28255  13.4%  1364 15402s
 59742 39378 7162.49792  285 3134 7981.00000 6922.25697  13.3%  1364 15414s
 59743 39379 7117.53379  238 3203 7981.00000 6925.23516  13.2%  1364 15423s
 59744 39380 7032.72159   97 3170 7981.00000 6926.45143  13.2%  1364 15428s
 59745 39380 7904.93025  675 3115 7981.00000 6926.91047  13.2%  1364 15430s
 59749 39383 7045.39430   94 3176 7981.00000 6927.26389  13.2%  1364 15435s
 59751 39384 7090.05543  155 3173 7981.00000 6927.26827  13.2%  1364 15462s
 59752 39385 7593.68328  385 2853 7981.00000 6930.61111  13.2%  1364 15471s
 59753 39386 6964.92092   92 3102 7981.00000 6931.72620  13.1%  1364 15476s
 59756 39388 7015.50622   96 2961 7981.00000 6932.10232  13.1%  1364 15480s
 59759 39390 7419.49676  280 2984 7981.00000 6932.11491  13.1%  1364 15507s
 59760 39390 7875.77271  381 3161 7981.00000 6935.30800  13.1%  1364 15515s
 59761 39391 6996.34155  117 3228 7981.00000 6936.51664  13.1%  1364 15520s
 59763 39392 7663.62773  334 3229 7981.00000 6937.26453  13.1%  1363 15526s
 59766 39394 7965.32728  341 3200 7981.00000 6937.48502  13.1%  1363 15530s
 59767 39395 7242.05860  199 3278 7981.00000 6937.48606  13.1%  1363 15555s
 59768 39396 7746.39189  123 3188 7981.00000 6940.85929  13.0%  1363 15565s
 59769 39396 7337.12534  176 3148 7981.00000 6942.19881  13.0%  1363 15571s
 59771 39398 7230.65364  179 3186 7981.00000 6942.83345  13.0%  1363 15577s
 59774 39400 7291.89268  230 3264 7981.00000 6942.96788  13.0%  1363 15580s
 59776 39401 7403.98286  311 3325 7981.00000 6942.97511  13.0%  1363 15609s
 59777 39402 7430.83575  112 3256 7981.00000 6945.42642  13.0%  1363 15619s
 59778 39402 7256.15070  124 3449 7981.00000 6946.04688  13.0%  1363 15623s
 59779 39403 7151.70040   88 3496 7981.00000 6946.36938  13.0%  1363 15626s
 59784 39406 7160.67260   84 3464 7981.00000 6946.51100  13.0%  1363 15655s
 59785 39407 7287.77455  204 3167 7981.00000 6949.17287  12.9%  1363 15664s
 59786 39408 7185.48527  216 3234 7981.00000 6949.72320  12.9%  1363 15668s
 59787 39408 7683.96647  253 3346 7981.00000 6949.92415  12.9%  1363 15670s
 59792 39412 7503.74889  194 3219 7981.00000 6950.02385  12.9%  1363 15698s
 59793 39412 7174.20381  236 3115 7981.00000 6951.32178  12.9%  1363 15704s
 59794 39413 7973.95287  173 3344 7981.00000 6951.79484  12.9%  1363 15708s
 59795 39414 7668.69033  309 3463 7981.00000 6951.92292  12.9%  1363 15710s
 59800 39417 7010.82209  112 3353 7981.00000 6951.99657  12.9%  1363 15737s
 59801 39418 7138.20292  181 3415 7981.00000 6954.46812  12.9%  1363 15745s
 59803 39419 7385.78084  274 3416 7981.00000 6955.26852  12.9%  1363 15752s
 59806 39421 7153.45749  119 3464 7981.00000 6955.41680  12.9%  1363 15755s
 59809 39423 7071.78362   77 3434 7981.00000 6955.42539  12.9%  1362 15782s
 59810 39424 7211.91978  111 3512 7981.00000 6956.66633  12.8%  1362 15787s
 59811 39424 7412.27221  439 3738 7981.00000 6957.39551  12.8%  1362 15792s
 59813 39426 7150.90804  189 3656 7981.00000 6957.63606  12.8%  1362 15795s
 59817 39428 7374.72401  263 3689 7981.00000 6957.66426  12.8%  1362 15824s
 59818 39429 7063.00413  253 3410 7981.00000 6958.62336  12.8%  1362 15829s
 59819 39430 7399.22374  245 3630 7981.00000 6958.92363  12.8%  1362 15832s
 59822 39432 7118.47041  157 3562 7981.00000 6959.05250  12.8%  1362 15835s
 59824 39433 7506.37645  401 3572 7981.00000 6959.05836  12.8%  1362 15865s
 59825 39434 7706.56672  294 3490 7981.00000 6960.34199  12.8%  1362 15877s
 59826 39434 7735.64771  302 3340 7981.00000 6960.79317  12.8%  1362 15880s
 59830 39437 7218.80282   88 3650 7981.00000 6961.01940  12.8%  1362 15885s
 59833 39439 7583.14388  121 3658 7981.00000 6961.02857  12.8%  1362 15912s
 59834 39440 6981.85177   83 3409 7981.00000 6962.27052  12.8%  1362 15919s
 59835 39440 7597.91640  350 3317 7981.00000 6962.66607  12.8%  1362 15922s
 59838 39442 7082.54263  144 3527 7981.00000 6962.78191  12.8%  1362 15925s
 59841 39444 7770.04356  446 3484 7981.00000 6962.79352  12.8%  1362 15952s
 59842 39445 7162.49792  285 3158 7981.00000 6964.21494  12.7%  1362 15958s
 59843 39446 7117.53379  238 3340 7981.00000 6965.08799  12.7%  1362 15962s
 59845 39447 7904.93025  675 3321 7981.00000 6965.45582  12.7%  1362 15966s
 59851 39451 7090.05543  155 3349 7981.00000 6965.50929  12.7%  1361 15994s
 59852 39452 7593.68328  385 3264 7981.00000 6967.04429  12.7%  1361 16000s
 59854 39453 7008.04705  149 3397 7981.00000 6967.61249  12.7%  1361 16005s
 59860 39457 7875.77271  381 3530 7981.00000 6967.75951  12.7%  1361 16037s
 59861 39458 6996.34155  117 3276 7981.00000 6969.79000  12.7%  1361 16044s
 59862 39458 7363.47212  373 3387 7981.00000 6970.53729  12.7%  1361 16048s
 59863 39459 7663.62773  334 3503 7981.00000 6970.88762  12.7%  1361 16050s
 59868 39462 7746.39189  123 3449 7981.00000 6971.04084  12.7%  1361 16055s
 59869 39463 7337.12534  176 3401 7981.00000 6971.04225  12.7%  1361 16081s
 59870 39464 7316.16133  281 3232 7981.00000 6972.65646  12.6%  1361 16087s
 59871 39464 7230.65364  179 3314 7981.00000 6973.11971  12.6%  1361 16090s
 59875 39467 7144.28766  111 3503 7981.00000 6973.38461  12.6%  1361 16095s
 59879 39470 7151.70040   88 3576 7981.00000 6973.39510  12.6%  1361 16121s
 59880 39470 7079.91070  164 3406 7981.00000 6974.02414  12.6%  1361 16132s
 59881 39471 7548.00429  189 3415 7981.00000 6974.38600  12.6%  1361 16135s
 59885 39474 7287.77455  204 3572 7981.00000 6974.65473  12.6%  1361 16140s
 59887 39475 7683.96647  253 3545 7981.00000 6974.66092  12.6%  1361 16165s
 59888 39476 7199.62426  229 3344 7981.00000 6976.31253  12.6%  1361 16171s
 59890 39477 7410.95232  227 3412 7981.00000 6976.74062  12.6%  1361 16175s
 59894 39480 7973.95287  173 3523 7981.00000 6976.77669  12.6%  1361 16202s
 59895 39480 7668.69033  309 3383 7981.00000 6977.44601  12.6%  1360 16208s
 59896 39481 7156.28171  318 3337 7981.00000 6977.75538  12.6%  1360 16211s
 59901 39484 7138.20292  181 3430 7981.00000 6977.88086  12.6%  1360 16240s
 59903 39486 7385.78084  274 3288 7981.00000 6979.46884  12.5%  1360 16247s
 59905 39487 7494.61188  311 3451 7981.00000 6979.62187  12.5%  1360 16250s
 59908 39489 7389.24170  197 3498 7981.00000 6979.65057  12.5%  1360 16276s
 59909 39490 7071.78362   77 3443 7981.00000 6980.82018  12.5%  1360 16283s
 59910 39490 7211.91978  111 3460 7981.00000 6981.18766  12.5%  1360 16286s
 59912 39492 7630.82274  395 3586 7981.00000 6981.47065  12.5%  1360 16290s
 59915 39494 7124.12574  323 3634 7981.00000 6981.48407  12.5%  1360 16316s
 59916 39494 6982.37610  111 3493 7981.00000 6982.37610  12.5%  1360 16322s
 59917 39495 7374.72401  263 3531 7981.00000 6982.73272  12.5%  1360 16325s
 59922 39498 7118.47041  157 3607 7981.00000 6982.91309  12.5%  1360 16330s
 59923 39499 7075.82754  128 3604 7981.00000 6982.91478  12.5%  1360 16354s
 59924 39500 7506.37645  401 3608 7981.00000 6983.86847  12.5%  1360 16530s
 59925 39500 7706.56672  294 3546 7981.00000 6984.23959  12.5%  1360 16556s
 59930 39504 7218.80282   88 3564 7981.00000 6984.37436  12.5%  1360 16584s
 59931 39504 7097.64650  204 3504 7981.00000 6985.30410  12.5%  1360 16590s
 59932 39505 7478.27294  208 3709 7981.00000 6985.84271  12.5%  1360 16595s
 59935 39507 7597.91640  350 3811 7981.00000 6986.08987  12.5%  1360 16600s
 59937 39508 7882.73974  250 3807 7981.00000 6986.10548  12.5%  1360 16626s
 59938 39509 7082.54263  144 3439 7981.00000 6987.54963  12.4%  1360 16631s
 59939 39510 7264.35760  174 3615 7981.00000 6987.89902  12.4%  1359 16635s
 59942 39512 7162.49792  285 3623 7981.00000 6988.24843  12.4%  1359 16641s
 59946 39514 7016.62015   81 3601 7981.00000 6988.27976  12.4%  1359 16669s
 59947 39515 7628.59839  107 3452 7981.00000 6989.93122  12.4%  1359 16676s
 59948 39516 7039.67995  214 3524 7981.00000 6990.39851  12.4%  1359 16680s
 59955 39520 7563.01820  349 3823 7981.00000 6990.57595  12.4%  1359 16708s
 59956 39521 7015.50622   96 3545 7981.00000 6991.65488  12.4%  1359 16713s
 59957 39522 7550.74945  203 3705 7981.00000 6992.06670  12.4%  1359 16717s
 59959 39523 7419.49676  280 3744 7981.00000 6992.22850  12.4%  1359 16720s
 59963 39526 7663.62773  334 3743 7981.00000 6992.28484  12.4%  1359 16747s
 59964 39526 7054.17021  106 3639 7981.00000 6993.44371  12.4%  1359 16753s
 59965 39527 7276.09411  152 3710 7981.00000 6993.73402  12.4%  1359 16756s
 59968 39529 7746.39189  123 3820 7981.00000 6993.91503  12.4%  1359 16760s
 59972 39532 7067.97634  119 3739 7981.00000 6993.93807  12.4%  1359 16786s
 59973 39532 7700.17119  229 3643 7981.00000 6994.67327  12.4%  1359 16790s
 59975 39534 7144.28766  111 3771 7981.00000 6995.01886  12.4%  1359 16795s
 59981 39538 7548.00429  189 3803 7981.00000 6995.12565  12.4%  1359 16824s
 59982 39538 7871.17552  211 3691 7981.00000 6995.38641  12.3%  1359 16827s
 59984 39540 7160.67260   84 3690 7981.00000 6995.54175  12.3%  1358 16830s
 59987 39542 7683.96647  253 3766 7981.00000 6995.54668  12.3%  1358 16855s
 59989 39543 7720.15738  124 3652 7981.00000 6996.18046  12.3%  1358 16861s
 59994 39546 7973.95287  173 3726 7981.00000 6996.25399  12.3%  1358 16888s
 59995 39547 7668.69033  309 3719 7981.00000 6997.32541  12.3%  1358 16894s
 59996 39548 7156.28171  318 3708 7981.00000 6997.64228  12.3%  1358 16898s
 59998 39549 7165.50321  132 3680 7981.00000 6997.80780  12.3%  1358 16901s
 60002 39552 6997.84264  116 3889 7981.00000 6997.84264  12.3%  1358 16927s
 60003 39552 7385.78084  274 3765 7981.00000 6998.40353  12.3%  1358 16931s
 60005 39554 7494.61188  311 3672 7981.00000 6998.60456  12.3%  1358 16935s
 60009 39556 7071.78362   77 3767 7981.00000 6998.65875  12.3%  1358 16962s
 60010 39557 7211.91978  111 3677 7981.00000 6999.08468  12.3%  1358 16965s
 60013 39559 7150.90804  189 3809 7981.00000 6999.35936  12.3%  1358 16970s
 60017 39562 7374.72401  263 3868 7981.00000 6999.41506  12.3%  1358 16997s
 60018 39562 7063.00413  253 3669 7981.00000 7000.18454  12.3%  1358 17001s
 60020 39564 7000.64594   91 3815 7981.00000 7000.64594  12.3%  1358 17006s
 60025 39567 7706.56672  294 3804 7981.00000 7000.73120  12.3%  1358 17034s
 60026 39568 7735.64771  302 3748 7981.00000 7001.13072  12.3%  1358 17037s
 60028 39569 7233.17155  273 3874 7981.00000 7001.28241  12.3%  1357 17040s
 60033 39572 7583.14388  121 3850 7981.00000 7001.31892  12.3%  1357 17066s
 60034 39573 7001.81498   83 3765 7981.00000 7001.81498  12.3%  1357 17070s
 60037 39575 7882.73974  250 3733 7981.00000 7002.10442  12.3%  1357 17075s
 60039 39576 7264.35760  174 3889 7981.00000 7002.11186  12.3%  1357 17100s
 60041 39578 7770.04356  446 3767 7981.00000 7002.89464  12.3%  1357 17107s
 60044 39580 7032.72159   97 3857 7981.00000 7002.98192  12.3%  1357 17110s
 60046 39581 7016.62015   81 3923 7981.00000 7002.98389  12.3%  1357 17136s
 60047 39582 7628.59839  107 3723 7981.00000 7003.84741  12.2%  1357 17141s
 60048 39582 7039.67995  214 3697 7981.00000 7004.22132  12.2%  1357 17145s
 60053 39586 7004.32300   92 3785 7981.00000 7004.32300  12.2%  1357 17175s
 60054 39586 7008.04705  149 3586 7981.00000 7004.89834  12.2%  1357 17180s
 60059 39590 7419.49676  280 3752 7981.00000 7005.06462  12.2%  1357 17209s
 60060 39590 7875.77271  381 3730 7981.00000 7005.56359  12.2%  1357 17213s
 60061 39591 7005.76504  117 3736 7981.00000 7005.76504  12.2%  1357 17215s
 60065 39594 7276.09411  152 3768 7981.00000 7005.84363  12.2%  1357 17242s
 60066 39594 7965.32728  341 3519 7981.00000 7006.40778  12.2%  1357 17247s
 60068 39596 7746.39189  123 3692 7981.00000 7006.76001  12.2%  1357 17251s
 60075 39600 7144.28766  111 3875 7981.00000 7006.78707  12.2%  1356 17280s
 60080 39604 7079.91070  164 3782 7981.00000 7007.00988  12.2%  1356 17285s
 60081 39604 7548.00429  189 3786 7981.00000 7007.01137  12.2%  1356 17311s
 60083 39606 7028.12059   85 3838 7981.00000 7007.37771  12.2%  1356 17315s
 60088 39609 7199.62426  229 3974 7981.00000 7007.41382  12.2%  1356 17342s
 60090 39610 7410.95232  227 3691 7981.00000 7007.65492  12.2%  1356 17346s
 60093 39612 7174.20381  236 3857 7981.00000 7007.71537  12.2%  1356 17373s
 60094 39613 7973.95287  173 3728 7981.00000 7008.09413  12.2%  1356 17377s
 60096 39614 7156.28171  318 3885 7981.00000 7008.40124  12.2%  1356 17382s
 60099 39616 7119.59761   75 3977 7981.00000 7008.44896  12.2%  1356 17409s
 60100 39617 7010.82209  112 3910 7981.00000 7008.58829  12.2%  1356 17411s
 60102 39618 7008.74384  116 3850 7981.00000 7008.74384  12.2%  1356 17415s
 60105 39620 7494.61188  311 3983 7981.00000 7008.75510  12.2%  1356 17443s
 60106 39621 7153.45749  119 3832 7981.00000 7009.04873  12.2%  1356 17446s
 60108 39622 7389.24170  197 3851 7981.00000 7009.17448  12.2%  1356 17450s
 60111 39624 7412.27221  439 3915 7981.00000 7009.18601  12.2%  1356 17477s
 60112 39625 7630.82274  395 3881 7981.00000 7009.40324  12.2%  1356 17480s
 60117 39628 7374.72401  263 3943 7981.00000 7009.53336  12.2%  1355 17507s
 60119 39630 7399.22374  245 3796 7981.00000 7009.74459  12.2%  1355 17511s
 60125 39634 7706.56672  294 3900 7981.00000 7009.78908  12.2%  1355 17540s
 60127 39635 7010.07688   96 3917 7981.00000 7010.07688  12.2%  1355 17545s
 60130 39637 7218.80282   88 3967 7981.00000 7010.11405  12.2%  1355 17573s
 60131 39638 7097.64650  204 3925 7981.00000 7010.35550  12.2%  1355 17576s
 60136 39641 7090.50355  143 3977 7981.00000 7010.48246  12.2%  1355 17580s
 60138 39642 7082.54263  144 4030 7981.00000 7010.48887  12.2%  1355 17606s
 60142 39645 7162.49792  285 4033 7981.00000 7010.61322  12.2%  1355 17636s
 60146 39648 7016.62015   81 3977 7981.00000 7010.80332  12.2%  1355 17640s
 60149 39650 7045.39430   94 4139 7981.00000 7010.81775  12.2%  1355 17668s
 60150 39650 7010.92737  109 3986 7981.00000 7010.92737  12.2%  1355 17670s
 60154 39653 7010.97486  149 4067 7981.00000 7010.97486  12.2%  1355 17697s
 60156 39654 7015.50622   96 3942 7981.00000 7011.13679  12.2%  1355 17700s
 60162 39658 7363.47212  373 3950 7981.00000 7011.24649  12.2%  1354 17705s
 60164 39660 7054.17021  106 3954 7981.00000 7011.24857  12.2%  1354 17732s
 60166 39661 7965.32728  341 3886 7981.00000 7011.47668  12.1%  1354 17735s
 60171 39664 7230.65364  179 3901 7981.00000 7011.52893  12.1%  1354 17764s
 60172 39665 7067.97634  119 3889 7981.00000 7011.61219  12.1%  1354 17765s
 60175 39667 7144.28766  111 3985 7981.00000 7011.62344  12.1%  1354 17792s
 60177 39668 7430.83575  112 3793 7981.00000 7012.09580  12.1%  1354 17796s
 60181 39671 7548.00429  189 4005 7981.00000 7012.16133  12.1%  1354 17824s
 60182 39672 7871.17552  211 3952 7981.00000 7012.22959  12.1%  1354 17826s
 60185 39674 7287.77455  204 3978 7981.00000 7012.25476  12.1%  1354 17852s
 60186 39674 7185.48527  216 3895 7981.00000 7012.55490  12.1%  1354 17855s
 60191 39678 7460.18836  198 3929 7981.00000 7012.70962  12.1%  1354 17883s
 60192 39678 7503.74889  194 3902 7981.00000 7012.80626  12.1%  1354 17885s
 60198 39682 7165.50321  132 3968 7981.00000 7012.95178  12.1%  1354 17916s
 60201 39684 7138.20292  181 4072 7981.00000 7013.13231  12.1%  1354 17920s
 60204 39686 7345.18139  194 4048 7981.00000 7013.14353  12.1%  1354 17947s
 60206 39688 7153.45749  119 4009 7981.00000 7013.41626  12.1%  1353 17951s
 60211 39691 7412.27221  439 4080 7981.00000 7013.46474  12.1%  1353 17980s
 60212 39692 7630.82274  395 3927 7981.00000 7014.66216  12.1%  1353 17985s
 60214 39693 7921.15445  155 4157 7981.00000 7015.10626  12.1%  1353 17990s
 60219 39696 7399.22374  245 4216 7981.00000 7015.17184  12.1%  1353 18019s
 60220 39697 7015.38396   91 4021 7981.00000 7015.38396  12.1%  1353 18022s
 60223 39699 7075.82754  128 4266 7981.00000 7015.57580  12.1%  1353 18025s
 60225 39700 7706.56672  294 4280 7981.00000 7015.58298  12.1%  1353 18050s
 60229 39703 7366.16958  241 4198 7981.00000 7015.82469  12.1%  1353 18080s
 60233 39706 7583.14388  121 4140 7981.00000 7016.21034  12.1%  1353 18085s
 60236 39708 7090.50355  143 4219 7981.00000 7016.22450  12.1%  1353 18111s
 60238 39709 7082.54263  144 3799 7981.00000 7016.84656  12.1%  1353 18117s
 60240 39710 7036.78365   68 3996 7981.00000 7016.95912  12.1%  1353 18120s
 60245 39714 7904.93025  675 4033 7981.00000 7016.99929  12.1%  1353 18148s
 60246 39714 7017.47749   81 3876 7981.00000 7017.47749  12.1%  1353 18152s
 60248 39716 7039.67995  214 4053 7981.00000 7017.72230  12.1%  1353 18156s
 60253 39719 7017.76871   92 4117 7981.00000 7017.76871  12.1%  1352 18184s
 60254 39720 7018.30769  149 3940 7981.00000 7018.30769  12.1%  1352 18188s
 60255 39720 7563.01820  349 4251 7981.00000 7018.59168  12.1%  1352 18191s
 60258 39722 7132.43978  125 4254 7981.00000 7018.84084  12.1%  1352 18195s
 60263 39726 7663.62773  334 4283 7981.00000 7018.85860  12.1%  1352 18224s
 60264 39726 7054.17021  106 4103 7981.00000 7019.11004  12.1%  1352 18227s
 60266 39728 7965.32728  341 4125 7981.00000 7019.31083  12.0%  1352 18231s
 60269 39730 7337.12534  176 4111 7981.00000 7019.32224  12.0%  1352 18259s
 60270 39730 7316.16133  281 4072 7981.00000 7019.51998  12.0%  1352 18262s
 60273 39732 7700.17119  229 4159 7981.00000 7019.65533  12.0%  1352 18265s
 60274 39733 7291.89268  230 4170 7981.00000 7019.65696  12.0%  1352 18291s
 60278 39736 7256.15070  124 4034 7981.00000 7019.81425  12.0%  1352 18295s
 60279 39736 7151.70040   88 4065 7981.00000 7019.81551  12.0%  1352 18322s
 60281 39738 7548.00429  189 4111 7981.00000 7020.06131  12.0%  1352 18326s
 60285 39740 7287.77455  204 4174 7981.00000 7020.12575  12.0%  1352 18354s
 60286 39741 7185.48527  216 3906 7981.00000 7020.33798  12.0%  1352 18357s
 60288 39742 7199.62426  229 3878 7981.00000 7020.49604  12.0%  1352 18361s
 60292 39745 7503.74889  194 3862 7981.00000 7020.53320  12.0%  1352 18388s
 60293 39746 7174.20381  236 3908 7981.00000 7020.95331  12.0%  1352 18391s
 60295 39747 7668.69033  309 3958 7981.00000 7021.11231  12.0%  1351 18395s
 60300 39750 7021.14895  112 3984 7981.00000 7021.14895  12.0%  1351 18425s
 60302 39752 7021.40853  116 3976 7981.00000 7021.40853  12.0%  1351 18430s
 60306 39754 7153.45749  119 4082 7981.00000 7021.45322  12.0%  1351 18458s
 60307 39755 7270.79034  398 3813 7981.00000 7021.79748  12.0%  1351 18461s
 60309 39756 7071.78362   77 3922 7981.00000 7022.03129  12.0%  1351 18465s
 60313 39759 7150.90804  189 3992 7981.00000 7022.06388  12.0%  1351 18493s
 60314 39760 7921.15445  155 3941 7981.00000 7022.26903  12.0%  1351 18497s
 60316 39761 7022.44802  111 3984 7981.00000 7022.44802  12.0%  1351 18500s
 60320 39764 7022.48712   91 3937 7981.00000 7022.48712  12.0%  1351 18529s
 60321 39764 7813.60680  228 3848 7981.00000 7022.75596  12.0%  1351 18532s
 60323 39766 7075.82754  128 3822 7981.00000 7022.89000  12.0%  1351 18535s
 60327 39768 7022.91931   96 3983 7981.00000 7022.91931  12.0%  1351 18562s
 60329 39770 7366.16958  241 3883 7981.00000 7023.08825  12.0%  1351 18565s
 60331 39771 7097.64650  204 3987 7981.00000 7023.10401  12.0%  1351 18591s
 60333 39772 7583.14388  121 3916 7981.00000 7023.50041  12.0%  1351 18596s
 60337 39775 7882.73974  250 4090 7981.00000 7023.57259  12.0%  1351 18623s
 60338 39776 7082.54263  144 3982 7981.00000 7023.66751  12.0%  1351 18625s
 60344 39780 7032.72159   97 3826 7981.00000 7023.76689  12.0%  1350 18630s
 60346 39781 7023.77205   81 3855 7981.00000 7023.77205  12.0%  1350 18654s
 60347 39782 7628.59839  107 3718 7981.00000 7024.04669  12.0%  1350 18657s
 60351 39784 7090.05543  155 3883 7981.00000 7024.11791  12.0%  1350 18685s
 60358 39789 7132.43978  125 3904 7981.00000 7024.19687  12.0%  1350 18714s
 60359 39790 7419.49676  280 3713 7981.00000 7024.46502  12.0%  1350 18718s
 60360 39790 7875.77271  381 3739 7981.00000 7024.60463  12.0%  1350 18720s
 60366 39794 7965.32728  341 3944 7981.00000 7024.66573  12.0%  1350 18747s
 60367 39795 7242.05860  199 3758 7981.00000 7024.97902  12.0%  1350 18751s
 60371 39798 7230.65364  179 3866 7981.00000 7025.10614  12.0%  1350 18755s
 60372 39798 7067.97634  119 3868 7981.00000 7025.10732  12.0%  1350 18781s
 60374 39800 7291.89268  230 3751 7981.00000 7025.50420  12.0%  1350 18785s
 60379 39803 7151.70040   88 3955 7981.00000 7025.58929  12.0%  1350 18814s
 60380 39804 7079.91070  164 3811 7981.00000 7025.68448  12.0%  1350 18816s
 60384 39806 7160.67260   84 3856 7981.00000 7025.73328  12.0%  1349 18843s
 60386 39808 7185.48527  216 3776 7981.00000 7025.85909  12.0%  1349 18846s
 60390 39810 7410.95232  227 3875 7981.00000 7025.87530  12.0%  1349 18872s
 60391 39811 7460.18836  198 3948 7981.00000 7026.03278  12.0%  1349 18875s
 60396 39814 7156.28171  318 3974 7981.00000 7026.10048  12.0%  1349 18903s
 60397 39815 7827.17656  299 3781 7981.00000 7026.19955  12.0%  1349 18905s
 60401 39818 7138.20292  181 3856 7981.00000 7026.24704  12.0%  1349 18935s
 60406 39821 7153.45749  119 4110 7981.00000 7026.32164  12.0%  1349 18965s
 60408 39822 7389.24170  197 3953 7981.00000 7026.73616  12.0%  1349 18971s
 60411 39824 7412.27221  439 4050 7981.00000 7026.83629  12.0%  1349 18975s
 60414 39826 7921.15445  155 4024 7981.00000 7026.85310  12.0%  1349 19002s
 60416 39828 7027.13999  111 3752 7981.00000 7027.13999  12.0%  1349 19006s
 60421 39831 7813.60680  228 3878 7981.00000 7027.20780  12.0%  1349 19010s
 60422 39832 7118.47041  157 3883 7981.00000 7027.20934  12.0%  1349 19035s
 60424 39833 7506.37645  401 4022 7981.00000 7027.72936  11.9%  1349 19041s
 60428 39836 7233.17155  273 4141 7981.00000 7027.83133  11.9%  1348 19045s
 60429 39836 7366.16958  241 4130 7981.00000 7027.83300  11.9%  1348 19071s
 60433 39839 7583.14388  121 4016 7981.00000 7027.95516  11.9%  1348 19100s
 60438 39843 7082.54263  144  872 7981.00000 7028.03678  11.9%  1361 19108s
 60439 39844 7264.35760  174  977 7981.00000 7028.03678  11.9%  1361 19110s
 60441 39845 7770.04356  446 1217 7981.00000 7028.03678  11.9%  1361 19117s
 60442 39846 7162.49792  285 1299 7981.00000 7028.03678  11.9%  1361 19125s
 60443 39847 7117.53379  238 1488 7981.00000 7028.03678  11.9%  1361 19133s
 60444 39847 7032.72159   97 1709 7981.00000 7028.03678  11.9%  1361 19146s
 60445 39848 7904.93025  675 1761 7981.00000 7028.03678  11.9%  1361 19160s
 60446 39849 7028.03678   81 1965 7981.00000 7028.03678  11.9%  1361 19174s
 60447 39849 7628.59839  107 2062 7981.00000 7028.03678  11.9%  1361 19188s
 60448 39850 7039.67995  214 2387 7981.00000 7028.03678  11.9%  1361 19204s
 60449 39851 7045.39430   94 2289 7981.00000 7028.03678  11.9%  1361 19219s
 60450 39851 7028.03678  109 2529 7981.00000 7028.03678  11.9%  1361 19234s
 60451 39852 7090.05543  155 2651 7981.00000 7028.03678  11.9%  1361 19251s
 60452 39853 7593.68328  385 2889 7981.00000 7028.03678  11.9%  1361 19267s
 60453 39853 7028.03678   92 2840 7981.00000 7028.03678  11.9%  1361 19284s
 60454 39854 7028.03678  149 3182 7981.00000 7028.03678  11.9%  1361 19299s
 60455 39855 7563.01820  349 3526 7981.00000 7028.03678  11.9%  1361 19316s
 60456 39855 7028.03678   96 3280 7981.00000 7028.03678  11.9%  1361 19327s
 60457 39856 7550.74945  203 3365 7981.00000 7028.03678  11.9%  1361 19340s
 60458 39857 7132.43978  125 3612 7981.00000 7028.03678  11.9%  1361 19348s
 60459 39857 7419.49676  280 3545 7981.00000 7028.03678  11.9%  1361 19355s
 60460 39858 7875.77271  381 3935 7981.00000 7028.03678  11.9%  1361 19361s
 60461 39859 7028.03678  117 3875 7981.00000 7028.03678  11.9%  1361 19365s
 60464 39861 7054.17021  106 3887 7981.00000 7028.03678  11.9%  1361 19370s
 60467 39863 7242.05860  199 3757 7981.00000 7028.88150  11.9%  1361 19380s
 60470 39865 7316.16133  281 3661 7981.00000 7029.19952  11.9%  1361 19385s
 60472 39866 7067.97634  119 3756 7981.00000 7029.20904  11.9%  1361 19412s
 60473 39867 7700.17119  229 3694 7981.00000 7029.76767  11.9%  1361 19418s
 60474 39867 7291.89268  230 3679 7981.00000 7029.86767  11.9%  1361 19420s
 60478 39870 7256.15070  124 3612 7981.00000 7029.91847  11.9%  1360 19451s
 60479 39871 7151.70040   88 3709 7981.00000 7030.38699  11.9%  1360 19455s
 60483 39873 7030.53420   85 3626 7981.00000 7030.53420  11.9%  1360 19460s
 60484 39874 7160.67260   84 3648 7981.00000 7030.53510  11.9%  1360 19488s
 60485 39875 7287.77455  204 3719 7981.00000 7030.70041  11.9%  1360 19491s
 60489 39877 7720.15738  124 3801 7981.00000 7030.77245  11.9%  1360 19521s
 60490 39878 7410.95232  227 3631 7981.00000 7030.96768  11.9%  1360 19528s
 60493 39880 7174.20381  236 3708 7981.00000 7031.01240  11.9%  1360 19530s
 60495 39881 7668.69033  309 3817 7981.00000 7031.01488  11.9%  1360 19559s
 60496 39882 7156.28171  318 3593 7981.00000 7031.36858  11.9%  1360 19563s
 60498 39883 7165.50321  132 3578 7981.00000 7031.46859  11.9%  1360 19565s
 60501 39885 7138.20292  181 3498 7981.00000 7031.47850  11.9%  1360 19595s
 60503 39887 7385.78084  274 3589 7981.00000 7031.88386  11.9%  1360 19601s
 60507 39889 7270.79034  398 3697 7981.00000 7031.93870  11.9%  1360 19630s
 60509 39891 7071.78362   77 3553 7981.00000 7032.17518  11.9%  1360 19635s
 60512 39893 7630.82274  395 3697 7981.00000 7032.19564  11.9%  1360 19662s
 60513 39893 7150.90804  189 3676 7981.00000 7032.96738  11.9%  1360 19668s
 60514 39894 7921.15445  155 3555 7981.00000 7033.10205  11.9%  1360 19671s
 60518 39897 7063.00413  253 3737 7981.00000 7033.16421  11.9%  1360 19699s
 60519 39897 7399.22374  245 3577 7981.00000 7033.34934  11.9%  1359 19702s
 60521 39899 7813.60680  228 3748 7981.00000 7033.44885  11.9%  1359 19705s
 60526 39902 7735.64771  302 3775 7981.00000 7033.47900  11.9%  1359 19735s
 60527 39903 7033.87880   96 3753 7981.00000 7033.87880  11.9%  1359 19744s
 60528 39903 7233.17155  273 3701 7981.00000 7033.98371  11.9%  1359 19746s
 60532 39906 7478.27294  208 3734 7981.00000 7034.06844  11.9%  1359 19775s
 60536 39909 7090.50355  143 3618 7981.00000 7034.39643  11.9%  1359 19780s
 60537 39909 7882.73974  250 3630 7981.00000 7034.39809  11.9%  1359 19809s
 60538 39910 7082.54263  144 3603 7981.00000 7034.43419  11.9%  1359 19813s
 60542 39913 7162.49792  285 3676 7981.00000 7034.46209  11.9%  1359 19815s
 60543 39913 7117.53379  238 3694 7981.00000 7034.46385  11.9%  1359 19844s
 60544 39914 7034.56962   97 3514 7981.00000 7034.56962  11.9%  1359 19845s
 60548 39917 7039.67995  214 3515 7981.00000 7034.63312  11.9%  1359 19874s
 60549 39917 7045.39430   94 3573 7981.00000 7035.62517  11.8%  1359 19882s
 60551 39919 7090.05543  155 3504 7981.00000 7035.83427  11.8%  1359 19885s
 60554 39921 7035.85753  149 3555 7981.00000 7035.85753  11.8%  1359 19910s
 60556 39922 7036.21588   96 3560 7981.00000 7036.21588  11.8%  1359 19915s
 60562 39926 7363.47212  373 3937 7981.00000 7036.32565  11.8%  1359 19944s
 60563 39927 7663.62773  334 3823 7981.00000 7036.73605  11.8%  1359 19954s
 60564 39927 7054.17021  106 3705 7981.00000 7036.83854  11.8%  1358 19956s
 60569 39931 7337.12534  176 3757 7981.00000 7036.90908  11.8%  1358 19984s
 60570 39931 7316.16133  281 3823 7981.00000 7037.12254  11.8%  1358 19987s
 60573 39933 7700.17119  229 3762 7981.00000 7037.20681  11.8%  1358 19990s
 60575 39935 7144.28766  111 3755 7981.00000 7037.21281  11.8%  1358 20017s
 60576 39935 7403.98286  311 3768 7981.00000 7037.68906  11.8%  1358 20022s
 60578 39937 7256.15070  124 3681 7981.00000 7037.84625  11.8%  1358 20025s
 60582 39939 7871.17552  211 3762 7981.00000 7037.88732  11.8%  1358 20053s
 60583 39940 7038.26661   85 3888 7981.00000 7038.26661  11.8%  1358 20057s
 60585 39941 7287.77455  204 3982 7981.00000 7038.38036  11.8%  1358 20060s
 60590 39945 7410.95232  227 3994 7981.00000 7038.41620  11.8%  1358 20088s
 60591 39945 7460.18836  198 3704 7981.00000 7038.67455  11.8%  1358 20093s
 60593 39947 7174.20381  236 3957 7981.00000 7038.78538  11.8%  1358 20095s
 60597 39949 7827.17656  299 3822 7981.00000 7038.81225  11.8%  1358 20122s
 60598 39950 7165.50321  132 3718 7981.00000 7039.08085  11.8%  1358 20125s
 60603 39953 7385.78084  274 3859 7981.00000 7039.20539  11.8%  1358 20154s
 60604 39954 7345.18139  194 3694 7981.00000 7039.41275  11.8%  1358 20347s
 60605 39955 7494.61188  311 3791 7981.00000 7039.46117  11.8%  1358 20374s
 60606 39955 7153.45749  119 3721 7981.00000 7039.47919  11.8%  1358 20375s
 60610 39958 7211.91978  111 3702 7981.00000 7039.49374  11.8%  1357 20403s
 60611 39959 7412.27221  439 3705 7981.00000 7039.91521  11.8%  1357 20407s
 60613 39960 7150.90804  189 3905 7981.00000 7040.20011  11.8%  1357 20411s
 60616 39962 7040.24334  111 3783 7981.00000 7040.24334  11.8%  1357 20437s
 60617 39963 7374.72401  263 3890 7981.00000 7040.58555  11.8%  1357 20440s
 60620 39965 7040.83965   91 3766 7981.00000 7040.83965  11.8%  1357 20445s
 60623 39967 7075.82754  128 3839 7981.00000 7040.85920  11.8%  1357 20471s
 60625 39968 7706.56672  294 3718 7981.00000 7041.16003  11.8%  1357 20476s
 60628 39970 7233.17155  273 3848 7981.00000 7041.19768  11.8%  1357 20503s
 60629 39971 7366.16958  241 3687 7981.00000 7041.38338  11.8%  1357 20505s
 60633 39973 7583.14388  121 3689 7981.00000 7041.51817  11.8%  1357 20532s
 60635 39975 7597.91640  350 3799 7981.00000 7041.69793  11.8%  1357 20535s
 60639 39977 7264.35760  174 3820 7981.00000 7041.73782  11.8%  1357 20563s
 60640 39978 7041.85979   68 3910 7981.00000 7041.85979  11.8%  1357 20565s
 60645 39981 7904.93025  675 3762 7981.00000 7041.94780  11.8%  1357 20592s
 60646 39982 7042.21980   81 3755 7981.00000 7042.21980  11.8%  1357 20596s
 60650 39985 7042.29475  109 3669 7981.00000 7042.29475  11.8%  1357 20623s
 60651 39985 7090.05543  155 3842 7981.00000 7042.40787  11.8%  1357 20625s
 60657 39989 7550.74945  203 3897 7981.00000 7042.50967  11.8%  1356 20653s
 60658 39990 7132.43978  125 3766 7981.00000 7042.57104  11.8%  1356 20655s
 60661 39992 7042.60858  117 3768 7981.00000 7042.60858  11.8%  1356 20681s
 60663 39993 7663.62773  334 3888 7981.00000 7042.87639  11.8%  1356 20685s
 60668 39997 7746.39189  123 3989 7981.00000 7042.91316  11.8%  1356 20711s
 60670 39998 7316.16133  281 3910 7981.00000 7043.25241  11.7%  1356 20716s
 60672 39999 7067.97634  119 3917 7981.00000 7043.26262  11.7%  1356 20742s
 60674 40001 7291.89268  230 3634 7981.00000 7043.53564  11.7%  1356 20746s
 60679 40004 7151.70040   88 3661 7981.00000 7043.58005  11.7%  1356 20772s
 60681 40005 7548.00429  189 3630 7981.00000 7043.70627  11.7%  1356 20775s
 60684 40007 7160.67260   84 3750 7981.00000 7043.71511  11.7%  1356 20800s
 60689 40011 7720.15738  124 3837 7981.00000 7044.02000  11.7%  1356 20828s
 60690 40011 7410.95232  227 3620 7981.00000 7044.20507  11.7%  1356 20830s
 60694 40014 7973.95287  173 3761 7981.00000 7044.29303  11.7%  1356 20858s
 60695 40015 7668.69033  309 3598 7981.00000 7044.59813  11.7%  1356 20861s
 60697 40016 7827.17656  299 3705 7981.00000 7044.84286  11.7%  1356 20865s
 60700 40018 7044.86505  112 3659 7981.00000 7044.86505  11.7%  1355 20891s
 60702 40019 7045.21772  116 3785 7981.00000 7045.21772  11.7%  1355 20896s
 60707 40023 7270.79034  398 3834 7981.00000 7045.25449  11.7%  1355 20925s
 60709 40024 7071.78362   77 3898 7981.00000 7045.67193  11.7%  1355 20930s
 60715 40028 7124.12574  323 3822 7981.00000 7045.74924  11.7%  1355 20960s
 60718 40030 7063.00413  253 3797 7981.00000 7046.01975  11.7%  1355 20965s
 60720 40031 7046.02768   91 3972 7981.00000 7046.02768  11.7%  1355 20991s
 60723 40033 7075.82754  128 3810 7981.00000 7046.24957  11.7%  1355 20995s
 60727 40036 7046.27063   96 3881 7981.00000 7046.27063  11.7%  1355 21022s
 60728 40037 7233.17155  273 3755 7981.00000 7046.86164  11.7%  1355 21026s
 60733 40040 7583.14388  121 3882 7981.00000 7047.02125  11.7%  1355 21056s
 60735 40041 7597.91640  350 3802 7981.00000 7047.47947  11.7%  1355 21060s
 60739 40044 7264.35760  174 3813 7981.00000 7047.51579  11.7%  1355 21087s
 60741 40045 7770.04356  446 3653 7981.00000 7047.71756  11.7%  1355 21090s
 60744 40047 7047.73080   97 3827 7981.00000 7047.73080  11.7%  1354 21114s
 60745 40048 7904.93025  675 3689 7981.00000 7047.88390  11.7%  1354 21116s
 60748 40050 7048.02214  214 3733 7981.00000 7048.02214  11.7%  1354 21120s
 60750 40051 7048.02640  109 3816 7981.00000 7048.02640  11.7%  1354 21146s
 60752 40053 7593.68328  385 3646 7981.00000 7048.37145  11.7%  1354 21150s
 60757 40056 7550.74945  203 3736 7981.00000 7048.41227  11.7%  1354 21178s
 60758 40057 7132.43978  125 3692 7981.00000 7048.51988  11.7%  1354 21180s
 60763 40060 7663.62773  334 3981 7981.00000 7048.57614  11.7%  1354 21209s
 60764 40061 7054.17021  106 3727 7981.00000 7049.14168  11.7%  1354 21213s
 60765 40061 7276.09411  152 3763 7981.00000 7049.27583  11.7%  1354 21215s
 60770 40065 7316.16133  281 3761 7981.00000 7049.36562  11.7%  1354 21244s
 60771 40065 7230.65364  179 3886 7981.00000 7049.54354  11.7%  1354 21245s
 60777 40069 7430.83575  112 3862 7981.00000 7049.63933  11.7%  1354 21273s
 60778 40070 7256.15070  124 3588 7981.00000 7050.16312  11.7%  1354 21277s
 60779 40071 7151.70040   88 3598 7981.00000 7050.35523  11.7%  1354 21280s
 60786 40075 7185.48527  216 3753 7981.00000 7050.47759  11.7%  1354 21309s
 60787 40076 7683.96647  253 3739 7981.00000 7050.64924  11.7%  1353 21311s
 60790 40078 7410.95232  227 3709 7981.00000 7050.68220  11.7%  1353 21339s
 60791 40079 7460.18836  198 3747 7981.00000 7050.76868  11.7%  1353 21341s
 60796 40082 7156.28171  318 3774 7981.00000 7050.84335  11.7%  1353 21368s
 60797 40083 7827.17656  299 3802 7981.00000 7050.95291  11.7%  1353 21370s
 60801 40085 7138.20292  181 4015 7981.00000 7051.11155  11.7%  1353 21375s
 60802 40086 7051.11200  116 4011 7981.00000 7051.11200  11.7%  1353 21400s
 60805 40088 7494.61188  311 3921 7981.00000 7051.42131  11.6%  1353 21405s
 60807 40089 7270.79034  398 3926 7981.00000 7051.42857  11.6%  1353 21431s
 60810 40091 7211.91978  111 4030 7981.00000 7051.59905  11.6%  1353 21435s
 60811 40092 7412.27221  439 4116 7981.00000 7051.60096  11.6%  1353 21461s
 60815 40095 7124.12574  323 3827 7981.00000 7051.78952  11.6%  1353 21465s
 60817 40096 7374.72401  263 3879 7981.00000 7051.79713  11.6%  1353 21492s
 60818 40097 7063.00413  253 3923 7981.00000 7052.08833  11.6%  1353 21495s
 60821 40099 7813.60680  228 4040 7981.00000 7052.33842  11.6%  1353 21500s
 60825 40101 7706.56672  294 4098 7981.00000 7052.36064  11.6%  1353 21526s
 60826 40102 7735.64771  302 3471 7981.00000 7053.03405  11.6%  1353 21531s
 60828 40103 7233.17155  273 3754 7981.00000 7053.28202  11.6%  1353 21535s
 60833 40107 7583.14388  121 3760 7981.00000 7053.31776  11.6%  1352 21562s
 60834 40107 7053.61874   83 3676 7981.00000 7053.61874  11.6%  1352 21565s
 60838 40110 7082.54263  144 3692 7981.00000 7053.94030  11.6%  1352 21570s
 60840 40111 7053.95028   68 3792 7981.00000 7053.95028  11.6%  1352 21596s
 60842 40113 7162.49792  285 3763 7981.00000 7054.16312  11.6%  1352 21600s
 60846 40115 7054.17924   81 3884 7981.00000 7054.17924  11.6%  1352 21630s
 60850 40118 7054.45330  109 3976 7981.00000 7054.45330  11.6%  1352 21635s
 60851 40119 7090.05543  155 4027 7981.00000 7054.45501  11.6%  1352 21663s
 60852 40119 7593.68328  385 3939 7981.00000 7054.51275  11.6%  1352 21665s
 60857 40123 7550.74945  203 3933 7981.00000 7054.58273  11.6%  1352 21694s
 60858 40123 7132.43978  125 3893 7981.00000 7054.72330  11.6%  1352 21695s
 60861 40125 7054.77700  117 3951 7981.00000 7054.77700  11.6%  1352 21722s
 60862 40126 7363.47212  373 3967 7981.00000 7054.90792  11.6%  1352 21725s
 60867 40129 7242.05860  199 3915 7981.00000 7054.97578  11.6%  1352 21755s
 60871 40132 7230.65364  179 4012 7981.00000 7055.06697  11.6%  1352 21785s
 60873 40133 7700.17119  229 4066 7981.00000 7055.32470  11.6%  1352 21790s
 60877 40136 7430.83575  112 4159 7981.00000 7055.36061  11.6%  1351 21819s
 60878 40137 7256.15070  124 4027 7981.00000 7055.41763  11.6%  1351 21821s
 60882 40139 7871.17552  211 4075 7981.00000 7055.49277  11.6%  1351 21850s
 60886 40142 7185.48527  216 3953 7981.00000 7055.74084  11.6%  1351 21855s
 60887 40143 7683.96647  253 3983 7981.00000 7055.74201  11.6%  1351 21881s
 60890 40145 7410.95232  227 3778 7981.00000 7056.02683  11.6%  1351 21885s
 60893 40147 7174.20381  236 3884 7981.00000 7056.03727  11.6%  1351 21914s
 60894 40147 7973.95287  173 3995 7981.00000 7056.15975  11.6%  1351 21916s
 60898 40150 7165.50321  132 4083 7981.00000 7056.20698  11.6%  1351 21946s
 60901 40152 7138.20292  181 3896 7981.00000 7056.37201  11.6%  1351 21950s
 60903 40153 7385.78084  274 3922 7981.00000 7056.37556  11.6%  1351 21976s
 60906 40155 7153.45749  119 3998 7981.00000 7056.54870  11.6%  1351 21980s
 60907 40156 7270.79034  398 4040 7981.00000 7056.54924  11.6%  1351 22005s
 60910 40158 7211.91978  111 3739 7981.00000 7056.81151  11.6%  1351 22011s
 60913 40160 7150.90804  189 3700 7981.00000 7056.83600  11.6%  1351 22036s
 60916 40162 7057.03651  111 3720 7981.00000 7057.03651  11.6%  1351 22041s
 60919 40164 7399.22374  245 3803 7981.00000 7057.06436  11.6%  1351 22068s
 60920 40165 7057.57940   91 3687 7981.00000 7057.57940  11.6%  1351 22072s
 60921 40165 7813.60680  228 3789 7981.00000 7057.75239  11.6%  1351 22075s
 60927 40169 7057.91900   96 3805 7981.00000 7057.91900  11.6%  1350 22106s
 60929 40171 7366.16958  241 3778 7981.00000 7058.18585  11.6%  1350 22110s
 60933 40173 7583.14388  121 3860 7981.00000 7058.20586  11.6%  1350 22140s
 60936 40175 7090.50355  143 3942 7981.00000 7058.66687  11.6%  1350 22146s
 60940 40178 7058.69396   68 3898 7981.00000 7058.69396  11.6%  1350 22173s
 60941 40179 7770.04356  446 3741 7981.00000 7059.09240  11.6%  1350 22177s
 60943 40180 7117.53379  238 3847 7981.00000 7059.18376  11.6%  1350 22180s
 60946 40182 7059.24296   81 3977 7981.00000 7059.24296  11.5%  1350 22208s
 60947 40183 7628.59839  107 3586 7981.00000 7059.92082  11.5%  1350 22214s
 60948 40183 7060.21800  214 3895 7981.00000 7060.21800  11.5%  1350 22217s
 60949 40184 7060.37569   94 3866 7981.00000 7060.37569  11.5%  1350 22220s
 60954 40187 7060.44465  149 3920 7981.00000 7060.44465  11.5%  1350 22249s
 60955 40188 7563.01820  349 3763 7981.00000 7060.56069  11.5%  1350 22251s
 60961 40192 7060.61418  117 3930 7981.00000 7060.61418  11.5%  1350 22281s
 60964 40194 7060.84407  106 3981 7981.00000 7060.84407  11.5%  1350 22285s
 60967 40196 7242.05860  199 4003 7981.00000 7060.86550  11.5%  1349 22314s
 60968 40197 7746.39189  123 3932 7981.00000 7060.90912  11.5%  1349 22315s
 60973 40200 7700.17119  229 3975 7981.00000 7060.99380  11.5%  1349 22344s
 60975 40201 7144.28766  111 3954 7981.00000 7061.00991  11.5%  1349 22345s
 60977 40203 7430.83575  112 4000 7981.00000 7061.01295  11.5%  1349 22371s
 60981 40205 7548.00429  189 3790 7981.00000 7061.19287  11.5%  1349 22375s
 60983 40207 7061.20608   85 3788 7981.00000 7061.20608  11.5%  1349 22401s
 60985 40208 7287.77455  204 3897 7981.00000 7061.48631  11.5%  1349 22405s
 60988 40210 7199.62426  229 3889 7981.00000 7061.51774  11.5%  1349 22432s
H60988 38190                    7978.0000000 7061.67652  11.5%  1349 22434s
 60990 38191 7410.95232  227 3943 7978.00000 7061.79209  11.5%  1349 22436s
 60994 38194 7973.95287  173 3926 7978.00000 7061.83265  11.5%  1349 22465s
 60997 38196 7827.17656  299 4082 7978.00000 7062.13708  11.5%  1349 22470s
 61001 38199 7138.20292  181 3986 7978.00000 7062.15396  11.5%  1349 22496s
 61003 38200 7385.78084  274 4012 7978.00000 7062.33534  11.5%  1349 22500s
 61006 38202 7153.45749  119 4024 7978.00000 7062.35545  11.5%  1349 22524s
 61007 38203 7270.79034  398 3966 7978.00000 7062.59417  11.5%  1349 22527s
 61009 38204 7071.78362   77 3952 7978.00000 7062.78454  11.5%  1349 22530s
 61012 38206 7630.82274  395 3977 7978.00000 7062.80959  11.5%  1349 22556s
 61014 38207 7921.15445  155 3786 7978.00000 7063.07494  11.5%  1348 22560s
 61018 38210 7063.09360  253 3959 7978.00000 7063.09360  11.5%  1348 22586s
 61020 38211 7063.43633   91 3784 7978.00000 7063.43633  11.5%  1348 22591s
 61024 38214 7506.37645  401 3881 7978.00000 7063.47850  11.5%  1348 22619s
 61025 38215 7706.56672  294 3641 7978.00000 7063.69618  11.5%  1348 22621s
 61030 38218 7218.80282   88 3846 7978.00000 7063.77489  11.5%  1348 22625s
 61031 38219 7097.64650  204 3873 7978.00000 7063.77581  11.5%  1348 22651s
 61033 38220 7583.14388  121 3874 7978.00000 7064.40750  11.5%  1348 22656s
 61039 38224 7264.35760  174 3886 7978.00000 7064.49634  11.5%  1348 22660s
 61040 38225 7064.49634   68 3886 7978.00000 7064.49634  11.5%  1348 22683s
 61041 38225 7770.04356  446 3873 7978.00000 7064.75448  11.4%  1348 22686s
 61045 38228 7904.93025  675 3886 7978.00000 7064.99100  11.4%  1348 22717s
 61047 38229 7628.59839  107 3870 7978.00000 7065.19383  11.4%  1348 22721s
 61050 38231 7065.24144  109 3766 7978.00000 7065.24144  11.4%  1348 22748s
 61051 38232 7090.05543  155 3787 7978.00000 7065.41013  11.4%  1348 22750s
 61056 38235 7065.50235   96 4051 7978.00000 7065.50235  11.4%  1348 22778s
 61057 38236 7550.74945  203 3926 7978.00000 7065.82407  11.4%  1348 22782s
 61058 38237 7132.43978  125 3926 7978.00000 7065.82527  11.4%  1347 22877s
 61059 38240 7065.87142   88 3862 7978.00000 7065.83249  11.4%  1357 22907s
 61061 38244 7065.92791   89 3894 7978.00000 7065.87198  11.4%  1357 22931s
 61065 38250 7066.07018   90 4073 7978.00000 7065.92855  11.4%  1357 22946s
 61073 38264 7066.34554   91 4126 7978.00000 7066.07131  11.4%  1357 22987s
 61089 38290 7067.15368   92 4161 7978.00000 7066.34554  11.4%  1359 23053s
 61121 38296 7076.37622   93 3775 7978.00000 7067.15413  11.4%  1363 23169s
 61137 38367 7115.75424   94 3760 7978.00000 7067.15413  11.4%  1367 23247s
 61214 38377 7118.48259   95 3465 7978.00000 7067.15413  11.4%  1372 23292s
 61249 38477 7118.66419   96 3502 7978.00000 7067.15413  11.4%  1373 23331s
H61301 36538                    7977.0000000 7067.15413  11.4%  1374 23331s
 61361 36550 7122.84064  100 3259 7977.00000 7067.15413  11.4%  1374 23348s
 61393 36612 7123.14391  101 3422 7977.00000 7067.15413  11.4%  1374 23372s
H61399 34783                    7976.0000000 7067.15413  11.4%  1374 23372s
 61466 34875 7124.15358  102 3343 7976.00000 7067.15413  11.4%  1375 23401s
 61580 34968 7125.71355  107 3277 7976.00000 7067.15413  11.4%  1375 23426s
 61711 35003 7126.86457  112 3337 7976.00000 7067.15413  11.4%  1375 23446s
 61790 35079 7127.77036  115 3261 7976.00000 7067.15413  11.4%  1375 23462s
 61892 35142 7128.63474  117 3279 7976.00000 7067.15413  11.4%  1375 23482s
 61989 35204 7137.74237  121 3294 7976.00000 7067.15413  11.4%  1375 23503s
 62084 35205 7130.74681  122 3238 7976.00000 7067.15413  11.4%  1375 23515s
 62116 35226 7130.67327  120 3194 7976.00000 7067.15413  11.4%  1375 23532s
 62148 35246 7131.45226  121 3192 7976.00000 7067.15413  11.4%  1375 23549s
 62179 35268 7132.08108  122 3248 7976.00000 7067.15413  11.4%  1375 23567s
 62211 35289 7130.10086  122 3362 7976.00000 7067.15413  11.4%  1375 23584s
 62243 35311 7131.29687  123 3391 7976.00000 7067.15413  11.4%  1376 23599s
 62275 35331 7131.54477  123 3363 7976.00000 7067.15413  11.4%  1376 23618s
 62306 35375 7131.63166  124 3408 7976.00000 7067.15413  11.4%  1376 23638s
H62345 33628                    7974.0000000 7067.15413  11.4%  1376 23638s
 62360 33767 7131.94293  125 3484 7974.00000 7067.15413  11.4%  1376 23663s
 62504 33838 7133.69033  129 3349 7974.00000 7067.15413  11.4%  1375 23690s
 62623 33916 7133.76234  130 3315 7974.00000 7067.15413  11.4%  1375 23718s
 62741 33909 7135.66314  132 3364 7974.00000 7067.15413  11.4%  1376 23738s
 62773 33930 7135.66314  133 3364 7974.00000 7067.15413  11.4%  1376 23784s
 62805 33951 7136.29560  134 3497 7974.00000 7067.15413  11.4%  1376 23841s
 62837 34003 7136.59969  135 3164 7974.00000 7067.15413  11.4%  1376 23865s
 62899 34062 7136.82331  136 3103 7974.00000 7067.15413  11.4%  1377 23894s
 62979 34135 7146.23190  135 3259 7974.00000 7067.15413  11.4%  1377 23925s
 63079 34133 7155.03605  137 2897 7974.00000 7067.15413  11.4%  1378 23951s
 63110 34159 7170.17913  136 2871 7974.00000 7067.15413  11.4%  1379 23981s
 63146 34236 7164.07893  136 2663 7974.00000 7067.15413  11.4%  1380 24011s
 63235 34337 7165.54778  136 2709 7974.00000 7067.15413  11.4%  1381 24040s
 63366 34445 7160.88649  138 2793 7974.00000 7067.15413  11.4%  1382 24076s
 63518 34427 7155.87663  138 3272 7974.00000 7067.15413  11.4%  1383 24099s
 63550 34458 7156.86473  139 3052 7974.00000 7067.15413  11.4%  1383 24129s
 63602 34539 7157.07457  140 3093 7974.00000 7067.15413  11.4%  1383 24161s
 63700 34626 7158.11142  141 3264 7974.00000 7067.15413  11.4%  1384 24201s
 63820 34745 7158.40191  142 3200 7974.00000 7067.15413  11.4%  1386 24243s
 63979 34881 7161.41833  145 3051 7974.00000 7067.15413  11.4%  1387 24288s
 64168 35046 7164.04676  149 3201 7974.00000 7067.15413  11.4%  1389 24335s
 64400 35248 7170.05222  150 2833 7974.00000 7067.15413  11.4%  1389 24382s
 64683 35411 7170.33277  151 2771 7974.00000 7067.15413  11.4%  1389 24432s
 64947 35603 7174.73755  155 2992 7974.00000 7067.15413  11.4%  1390 24484s
 65239 35836 7182.22431  157 2974 7974.00000 7067.15413  11.4%  1391 24536s
 65579 35891 7185.74405  159 2874 7974.00000 7067.15413  11.4%  1391 24605s
 65755 35939 7217.13609  159 2529 7974.00000 7067.15413  11.4%  1394 24655s
 65868 35931 7209.06128  160 2539 7974.00000 7067.15413  11.4%  1396 24693s
 65902 35954 7201.28331  160 2574 7974.00000 7067.15413  11.4%  1397 24741s
 65936 35984 7197.58932  161 2656 7974.00000 7067.15413  11.4%  1399 24784s
 65979 36130 7200.08999  167 2601 7974.00000 7067.15413  11.4%  1400 24867s
 66153 36359 7200.54243  171 2690 7974.00000 7067.15413  11.4%  1400 24928s
 66468 36527 7206.54749  178 2676 7974.00000 7067.15413  11.4%  1399 24999s
 66773 36456 7204.94296  178 2515 7974.00000 7067.15413  11.4%  1399 25108s
 66805 36485 7217.56381  177 2346 7974.00000 7067.15413  11.4%  1400 25254s
 66847 36517 7205.99146  177 2438 7974.00000 7067.15413  11.4%  1402 25330s
 66893 36560 7207.85355  179 2421 7974.00000 7067.15413  11.4%  1403 25407s
 66951 36600 7214.78500  179 2508 7974.00000 7067.15413  11.4%  1404 25475s
 67013 36636 7207.86540  179 2362 7974.00000 7067.15413  11.4%  1405 25591s
 67071 36683 7206.00535  178 2432 7974.00000 7067.15413  11.4%  1405 25674s
 67138 36735 7206.48429  179 2404 7974.00000 7067.15413  11.4%  1405 25792s
 67212 36788 7208.68608  180 2501 7974.00000 7067.15413  11.4%  1405 25900s
 67290 36829 7218.98364  180 2419 7974.00000 7067.15413  11.4%  1406 26022s
 67359 36890 7216.65251  178 2360 7974.00000 7067.15413  11.4%  1406 26111s
 67443 36956 7208.74927  181 2422 7974.00000 7067.15413  11.4%  1406 26186s
 67539 37019 7209.98222  182 2408 7974.00000 7067.15413  11.4%  1406 26269s
 67635 37091 7211.09193  183 2417 7974.00000 7067.15413  11.4%  1406 26438s
 67739 37145 7212.01630  184 2498 7974.00000 7067.15413  11.4%  1406 26527s
 67864 37180 7277.27786  183 2404 7974.00000 7067.15413  11.4%  1405 26677s
 67949 37214 7231.06751  182 2389 7974.00000 7067.15413  11.4%  1405 26798s
 68024 37280 7214.45476  185 2494 7974.00000 7067.15413  11.4%  1406 26901s
 68116 37330 7214.82782  185 2561 7974.00000 7067.15413  11.4%  1407 27051s
 68197 37413 7215.25113  186 2409 7974.00000 7067.15413  11.4%  1408 27195s
 68320 37508 7215.28615  187 2300 7974.00000 7067.15413  11.4%  1409 27387s
 68476 37616 7216.26544  188 2408 7974.00000 7067.50214  11.4%  1409 27556s
 68636 37748 7218.89721  189 2330 7974.00000 7067.50214  11.4%  1409 27770s
 68861 37898 7215.66589  186 2433 7974.00000 7067.50214  11.4%  1409 27990s
 69094 38046 7216.82025  187 2505 7974.00000 7067.50214  11.4%  1409 28189s
 69357 38122 7221.35910  192 2656 7974.00000 7069.92191  11.3%  1410 28339s
 69527 38386 7226.92784  199 2614 7974.00000 7069.92196  11.3%  1413 28489s
 69856 38706 7236.19804  207 2762 7974.00000 7069.92196  11.3%  1414 28624s
 70288 39133 7247.84086  219 2733 7974.00000 7069.92196  11.3%  1417 28777s
 70879 39443 7249.53434  224 2669 7974.00000 7069.92196  11.3%  1418 28918s
 71416 40002 7258.75957  234 2913 7974.00000 7069.92196  11.3%  1419 29088s
 72169 40255 7268.92674  247 2773 7974.00000 7069.92196  11.3%  1422 29233s
 72757 40664 7273.50712  253 2523 7974.00000 7069.92196  11.3%  1423 29471s
 73382 40953 7284.73812  269 2439 7974.00000 7069.92196  11.3%  1427 29624s
 73909 41747 7329.31109  270 2385 7974.00000 7069.92196  11.3%  1432 29799s
 74881 42261 7310.35964  287 2422 7974.00000 7069.92196  11.3%  1436 29958s
 75719 42971 7345.30993  292 2608 7974.00000 7069.92196  11.3%  1437 30156s
 76799 42689 7322.92784  307 2646 7974.00000 7069.92196  11.3%  1439 30280s
 76880 43422 7329.88448  306 2512 7974.00000 7069.92196  11.3%  1441 30458s
H77581 41538                    7972.0000000 7069.92196  11.3%  1445 30458s
 77680 42541 7346.22799  312 2291 7972.00000 7069.92196  11.3%  1447 30659s
 78731 42879 7381.53032  328 2200 7972.00000 7069.92196  11.3%  1452 30882s
 79449 43817 7384.24431  350 2255 7972.00000 7069.92196  11.3%  1458 31092s
 80629 44587 7392.23129  359 2358 7972.00000 7069.92196  11.3%  1462 31290s
 81808 45733 7417.27332  366 2410 7972.00000 7069.92196  11.3%  1462 31504s
 83394 46150 7450.07128  398 2341 7972.00000 7069.92196  11.3%  1460 31705s
 84413 47182 7464.25272  410 2455 7972.00000 7069.92196  11.3%  1463 31929s
 85837 47767 7563.39902  424 2200 7972.00000 7069.92196  11.3%  1465 32145s
 86952 48729 7558.93446  446 2254 7972.00000 7069.92196  11.3%  1467 32387s
 88315 49457 7611.09541  456 2119 7972.00000 7069.92196  11.3%  1471 32599s
 89517 51416 7674.41872  471 2077 7972.00000 7069.92196  11.3%  1474 32938s
 92003 50648     cutoff  500      7972.00000 7069.92196  11.3%  1471 33041s
 92070 51093 7882.29974  503 2113 7972.00000 7069.92196  11.3%  1471 33189s
 92632 52371 7184.38299  143 2973 7972.00000 7069.92196  11.3%  1471 33422s
 94252 53008 7254.31592  177 2203 7972.00000 7069.92196  11.3%  1470 33632s
 95530 54069 7426.97021  221 1894 7972.00000 7069.92196  11.3%  1470 33875s
 97264 54607 7653.19816  278 1975 7972.00000 7069.92196  11.3%  1468 34092s
 98429 55964 7146.57175  102 3100 7972.00000 7069.92196  11.3%  1469 34345s
 100298 55384 7291.69333  142 2366 7972.00000 7069.92196  11.3%  1466 34522s
 100347 56566 7295.14364  143 2546 7972.00000 7069.92196  11.3%  1466 34735s
 101666 57285 7382.51504  174 2356 7972.00000 7069.92196  11.3%  1463 35068s
 102907 58644 7588.12103  206 2185 7972.00000 7069.92196  11.3%  1461 35343s
 104847 59913 7084.31923  108 3547 7972.00000 7069.92196  11.3%  1459 35640s
 106994 60963 7140.65255  157 3079 7972.00000 7069.92196  11.3%  1457 35938s
 108894 62617 7173.61878  208 2980 7972.00000 7069.92196  11.3%  1456 36266s
 111406 63497 7227.23771  276 2803 7972.00000 7069.92196  11.3%  1453 36556s
 113244 65281 7273.75759  335 2816 7972.00000 7069.92196  11.3%  1451 36879s
 115823 64681 7342.16776  401 2507 7972.00000 7069.92196  11.3%  1447 37087s
 116116 67901 7348.88055  411 2558 7972.00000 7073.27315  11.3%  1447 37439s
 119687 70093 7120.49664  123 3224 7972.00000 7073.27315  11.3%  1434 37993s
 123391 71323 7247.18126  223 2704 7972.00000 7073.27315  11.3%  1434 38375s
 125950 72533 7326.67803  303 2583 7972.00000 7073.84968  11.3%  1434 38762s
 128048 74089 7399.32461  403 2456 7972.00000 7073.84968  11.3%  1435 39208s
 130387 75690 7752.86668  532 2123 7972.00000 7073.84968  11.3%  1440 39655s
 132925 77979 7222.86848  118 2807 7972.00000 7073.84968  11.3%  1444 40155s
 136187 79139 7724.13291  232 2048 7972.00000 7073.84968  11.3%  1446 40640s
 138702 81453 7114.71461  119 3010 7972.00000 7073.84968  11.3%  1452 41174s
 141958 81955 7190.22886  226 2806 7972.00000 7073.84968  11.3%  1456 41586s
 143549 84810 7228.49232  292 2582 7972.00000 7073.84968  11.3%  1457 42212s
 147100 87769 7321.33186  363 2618 7972.00000 7076.89185  11.2%  1454 42785s
 151516 89964 7696.90798  539 2423 7972.00000 7076.89185  11.2%  1450 43502s
 155527 91315 7155.27917  112 3120 7972.00000 7076.89185  11.2%  1445 44098s
 158015 95441 7388.50147  121 2506 7972.00000 7076.89185  11.2%  1445 44745s
 162418 99173 7152.38804  118 3266 7972.00000 7076.89185  11.2%  1440 45393s
 166365 102780 7413.83088  212 2380 7972.00000 7076.89185  11.2%  1433 45983s
 170382 106979 7234.07738  128 2329 7972.00000 7076.89185  11.2%  1427 46539s
 174617 106979 7194.36696  226 3197 7972.00000 7076.96626  11.2%  1417 46540s
 174829 109923 7827.88380  257 1208 7972.00000 7076.96626  11.2%  1416 47032s
 178077 111740 7245.85131  108 2927 7972.00000 7076.96626  11.2%  1416 47543s
 179968 113968 7169.62945  121 3125 7972.00000 7076.96626  11.2%  1425 48093s
 182305 116739 7201.67728  140 2778 7972.00000 7076.96626  11.2%  1434 48848s
 185219 120272 7245.86400  168 2697 7972.00000 7090.09302  11.1%  1444 49680s
 188770 124186 7273.86791  206 2633 7972.00000 7090.09302  11.1%  1455 50414s
 192874 127310 7332.84847  253 2393 7972.00000 7090.47617  11.1%  1461 51084s
 196180 130627 7377.76434  293 2576 7972.00000 7090.47617  11.1%  1468 51740s
 199523 132342 7393.02117  324 2427 7972.00000 7090.47617  11.1%  1475 52295s
 201318 135461 7437.51483  342 2285 7972.00000 7090.74996  11.1%  1479 53055s
 204613 137688 7495.91950  388 2349 7972.00000 7090.85219  11.1%  1483 53639s
 206937 141792 7509.66502  413 2093 7972.00000 7090.85219  11.1%  1485 54420s
 211331 144282 7600.21640  471 2010 7972.00000 7090.85219  11.1%  1491 55116s
 213962 149513 7629.87143  530 2044 7972.00000 7090.85219  11.1%  1494 55974s
 219694 152326 7708.24620  627 1779 7972.00000 7090.85219  11.1%  1493 56545s
 223081 155689 7188.13859  125 2953 7972.00000 7090.85219  11.1%  1495 57103s
 226586 159402 7288.15042  263 2576 7972.00000 7090.85219  11.1%  1494 57635s
 230303 161708 7429.56993  399 2767 7972.00000 7090.85219  11.1%  1492 58185s
 232629 165764 7550.34235  444 2593 7972.00000 7090.85219  11.1%  1490 58754s
 236858 169905 7178.59183  129 3615 7972.00000 7090.85219  11.1%  1486 59280s
 241327 174497 7367.20754  197 2313 7972.00000 7090.85219  11.1%  1480 59926s
 246459 178891 7299.64200  134 2519 7972.00000 7090.85219  11.1%  1474 60364s
 251277 180676 7747.24569  302 1221 7972.00000 7090.85219  11.1%  1464 60705s
 253333 183340 7132.31930  124 3240 7972.00000 7090.85219  11.1%  1462 61087s
 256283 183899 7489.23852  169 2265 7972.00000 7090.85219  11.1%  1459 61350s
 256914 186673 7509.27097  183 2461 7972.00000 7090.85219  11.1%  1458 61790s
 259970 190198 7122.26159  125 2982 7972.00000 7090.85219  11.1%  1456 62218s
 263558 193936 7406.80582  189 2593 7972.00000 7090.85219  11.1%  1450 62676s
 267600 197112 7129.71085  102 3321 7972.00000 7090.85219  11.1%  1444 63086s
 270876 203366 7416.08873  170 2229 7972.00000 7090.85219  11.1%  1440 63745s
 277583 205454 7197.70665  127 3110 7972.00000 7090.85219  11.1%  1428 64063s
 279744 208545 7287.72063  180 2753 7972.00000 7090.93577  11.1%  1425 64431s
 282858 211022 7367.73911  261 2648 7972.00000 7090.93577  11.1%  1421 64759s
 285428 214603 7444.52463  343 2718 7972.00000 7090.93577  11.1%  1418 65147s
 289146 216948 7556.88207  451 2504 7972.00000 7092.85514  11.0%  1412 65497s
 291677 220163 7144.99719  116 3642 7972.00000 7092.85514  11.0%  1410 65870s
 294987 222742 7198.27386  140 3420 7972.00000 7092.85514  11.0%  1404 66265s
 297745 226183 7258.95249  206 3069 7972.00000 7092.85514  11.0%  1402 66631s
 301272 230142 7328.81745  274 3199 7972.00000 7092.85514  11.0%  1396 67222s
 305655 233144 7464.89970  381 2927 7972.00000 7092.85514  11.0%  1393 67657s
 308804 236557 7534.44435  489 2674 7972.00000 7092.85514  11.0%  1390 68080s
 312219 240437 7697.22280  606 2542 7972.00000 7092.85514  11.0%  1387 68529s
 316259 244236 7835.61095  788 2437 7972.00000 7094.38737  11.0%  1382 68985s
 320172 246434 7152.02258  111 3417 7972.00000 7094.38737  11.0%  1377 69375s
 322772 249132 7327.35176  122 2646 7972.00000 7094.38737  11.0%  1376 69803s
 325661 252214 7855.75755  152 2045 7972.00000 7094.38737  11.0%  1375 70230s
 328901 255270 7109.44347  126 3361 7972.00000 7094.38737  11.0%  1372 70749s
 332054 260000 7114.60117  136 3312 7972.00000 7094.38737  11.0%  1370 71336s
 336964 261531 7151.27529  155 2888 7972.00000 7094.38737  11.0%  1365 71843s
 338795 263689 7170.02636  166 2638 7972.00000 7094.38737  11.0%  1365 72283s
 341075 266206 7195.09263  180 2560 7972.00000 7094.38737  11.0%  1366 72766s
 343673 267089 7223.45009  200 2571 7972.00000 7094.38737  11.0%  1369 73133s
 344592 270271 7306.59547  206 2292 7972.00000 7094.38737  11.0%  1369 73722s
 348040 273095 7248.32859  226 2633 7972.00000 7094.38737  11.0%  1371 74314s
 351029 276642 7273.34592  248 2377 7972.00000 7094.38737  11.0%  1373 74923s
 354966 279740 7293.35146  273 2322 7972.00000 7094.38737  11.0%  1375 75490s
 358535 284503 7301.09858  295 2455 7972.00000 7097.06850  11.0%  1376 76042s
 363693 285691 7380.51926  322 2301 7972.00000 7097.06850  11.0%  1372 76463s
 365016 295050 7332.40271  336 2234 7972.00000 7097.06850  11.0%  1372 77768s
 374687 299002 7383.49840  402 2082 7972.00000 7097.06850  11.0%  1369 78305s
 378737 302657 7403.58565  440 1994 7972.00000 7097.06850  11.0%  1366 78908s
 382609 305531 7465.37824  494 2071 7972.00000 7097.06850  11.0%  1363 79376s
 385694 308174 7482.66584  518 2174 7972.00000 7097.06850  11.0%  1363 79841s
 388395 311323 7488.58936  541 2199 7972.00000 7097.06850  11.0%  1364 80310s
 391626 315596 7495.94534  566 2157 7972.00000 7097.06850  11.0%  1363 80819s
 395972 318469 7514.50288  610 2061 7972.00000 7097.06850  11.0%  1360 81361s
 399194 322300 7631.68316  645 1827 7972.00000 7097.06850  11.0%  1360 81921s
 403303 323389 7562.85249  702 2113 7972.00000 7097.06850  11.0%  1360 82289s
 404528 326934 7566.89418  720 2107 7972.00000 7097.06850  11.0%  1359 82887s
 408683 329869 7311.93207  137 2821 7972.00000 7097.06850  11.0%  1359 83496s
 411818 331775 7853.87925  236 1848 7972.00000 7097.06850  11.0%  1360 83972s
 413900 334151 7201.91997  116 2904 7972.00000 7097.06850  11.0%  1360 84471s
 416494 338997 7353.81544  183 2153 7972.00000 7097.06850  11.0%  1361 85095s
 421544 343447 7260.23189  123 3299 7972.00000 7097.06850  11.0%  1359 85667s
 426320 346741 7138.80321  134 3735 7972.00000 7097.06850  11.0%  1357 86188s
 429714 348496 7209.90367  208 2920 7972.00000 7097.06850  11.0%  1357 86400s

Cutting planes:
  Gomory: 135
  Lift-and-project: 2
  Cover: 2137
  Implied bound: 150
  Projected implied bound: 8
  Clique: 100
  MIR: 1477
  Mixing: 10
  StrongCG: 1222
  Flow cover: 6807
  GUB cover: 367
  Zero half: 715
  Mod-K: 12
  RLT: 2555
  Relax-and-lift: 393
  BQP: 3

Explored 431473 nodes (585191746 simplex iterations) in 86400.48 seconds (110684.58 work units)
Thread count was 32 (of 128 available processors)

Solution count 10: 7972 7974 7976 ... 7990

Time limit reached
Best objective 7.972000000000e+03, best bound 7.098000000000e+03, gap 10.9634%
Solved rc101_Skewed1 -> /project2/ssuen_1733/output/v3-balance-hours/rc101_Skewed1.pkl / .json
[Wed Dec 17 17:43:50 PST 2025] Finished run_single_instance for rc101_Skewed1
