==========================================
SLURM_JOB_ID = 5322903
SLURM_JOB_NODELIST = a02-18
TMPDIR = /tmp/SLURM_5322903
==========================================
Using Python:
Python 3.10.18
Checking core dependencies:
numpy: 2.2.6
gurobi: (12, 0, 3)
[Tue Dec 16 19:46:30 PST 2025] Starting run_single_instance on a02-18.hpc.usc.edu for rc101_Random2
Set parameter TokenServer to value "hpc-licenses.hpcc.usc.edu"
Set parameter TimeLimit to value 86400
Set parameter Seed to value 42
Set parameter OutputFlag to value 1
Gurobi Optimizer version 12.0.3 build v12.0.3rc0 (linux64 - "Rocky Linux 8.10 (Green Obsidian)")

CPU model: AMD EPYC 7513 32-Core Processor, instruction set [SSE2|AVX|AVX2]
Thread count: 64 physical cores, 64 logical processors, using up to 32 threads

Non-default parameters:
TimeLimit  86400
Seed  42

Optimize a model with 703650 rows, 728000 columns and 7279600 nonzeros
Model fingerprint: 0x9c0d59dd
Variable types: 0 continuous, 728000 integer (727500 binary)
Coefficient statistics:
  Matrix range     [1e+00, 1e+03]
  Objective range  [1e+00, 1e+02]
  Bounds range     [1e+00, 5e+01]
  RHS range        [1e+00, 1e+03]
Presolve removed 679200 rows and 699554 columns
Presolve time: 1.52s
Presolved: 24450 rows, 28446 columns, 205650 nonzeros
Variable types: 0 continuous, 28446 integer (28400 binary)
Performing another presolve...
Presolve removed 300 rows and 200 columns
Presolve time: 0.28s
Deterministic concurrent LP optimizer: primal and dual simplex
Showing primal log only...

Concurrent spin time: 0.02s

Solved with dual simplex

Root relaxation: objective 5.304907e+03, 16973 iterations, 1.73 seconds (2.41 work units)

    Nodes    |    Current Node    |     Objective Bounds      |     Work
 Expl Unexpl |  Obj  Depth IntInf | Incumbent    BestBd   Gap | It/Node Time

     0     0 5304.90666    0  826          - 5304.90666      -     -    5s
     0     0 5393.21078    0  867          - 5393.21078      -     -    6s
     0     0 5393.21078    0  869          - 5393.21078      -     -    6s
     0     0 5393.21078    0  869          - 5393.21078      -     -    6s
     0     0 5393.21078    0 1026          - 5393.21078      -     -    7s
     0     0 5393.21078    0 1072          - 5393.21078      -     -    8s
     0     0 5393.21078    0 1050          - 5393.21078      -     -    8s
     0     0 5393.21078    0 1052          - 5393.21078      -     -    8s
     0     0 5408.64218    0 1062          - 5408.64218      -     -   10s
     0     0 5411.97163    0 1039          - 5411.97163      -     -   10s
     0     0 5412.24936    0 1046          - 5412.24936      -     -   11s
     0     0 5412.25513    0 1036          - 5412.25513      -     -   11s
     0     0 5428.58328    0 1059          - 5428.58328      -     -   12s
     0     0 5429.51531    0 1068          - 5429.51531      -     -   13s
     0     0 5429.63072    0 1018          - 5429.63072      -     -   13s
     0     0 5429.65012    0 1078          - 5429.65012      -     -   13s
     0     0 5445.95250    0 1078          - 5445.95250      -     -   15s
     0     0 5447.79925    0 1124          - 5447.79925      -     -   16s
     0     0 5448.22982    0 1115          - 5448.22982      -     -   16s
     0     0 5448.31927    0 1206          - 5448.31927      -     -   17s
     0     0 5448.32009    0 1196          - 5448.32009      -     -   17s
     0     0 5472.53057    0 1193          - 5472.53057      -     -   19s
     0     0 5473.48651    0 1263          - 5473.48651      -     -   20s
     0     0 5473.91556    0 1250          - 5473.91556      -     -   21s
     0     0 5474.16073    0 1226          - 5474.16073      -     -   21s
     0     0 5474.16199    0 1278          - 5474.16199      -     -   21s
     0     0 5546.20045    0 1248          - 5546.20045      -     -   24s
     0     0 5551.35222    0 1270          - 5551.35222      -     -   25s
     0     0 5551.56671    0 1278          - 5551.56671      -     -   25s
     0     0 5551.57774    0 1284          - 5551.57774      -     -   25s
     0     0 5611.40115    0 1231          - 5611.40115      -     -   28s
     0     0 5621.10655    0 1338          - 5621.10655      -     -   29s
     0     0 5621.51938    0 1357          - 5621.51938      -     -   30s
     0     0 5621.56838    0 1377          - 5621.56838      -     -   30s
     0     0 5701.50998    0 1230          - 5701.50998      -     -   32s
     0     0 5704.68247    0 1377          - 5704.68247      -     -   33s
     0     0 5704.81110    0 1368          - 5704.81110      -     -   33s
     0     0 5704.82489    0 1369          - 5704.82489      -     -   33s
     0     0 5727.66688    0 1395          - 5727.66688      -     -   36s
     0     0 5729.60181    0 1321          - 5729.60181      -     -   37s
     0     0 5729.88857    0 1379          - 5729.88857      -     -   38s
     0     0 5729.96931    0 1448          - 5729.96931      -     -   38s
     0     0 5751.08768    0 1457          - 5751.08768      -     -   41s
     0     0 5753.30361    0 1455          - 5753.30361      -     -   42s
     0     0 5753.86396    0 1521          - 5753.86396      -     -   43s
     0     0 5754.04161    0 1498          - 5754.04161      -     -   43s
     0     0 5754.07409    0 1464          - 5754.07409      -     -   44s
     0     0 5775.33604    0 1572          - 5775.33604      -     -   47s
     0     0 5781.31035    0 1576          - 5781.31035      -     -   49s
     0     0 5781.97628    0 1582          - 5781.97628      -     -   49s
     0     0 5782.13858    0 1641          - 5782.13858      -     -   49s
     0     0 5782.15206    0 1660          - 5782.15206      -     -   50s
     0     0 5801.56623    0 1544          - 5801.56623      -     -   52s
     0     0 5804.35760    0 1594          - 5804.35760      -     -   54s
     0     0 5804.71521    0 1575          - 5804.71521      -     -   54s
     0     0 5804.75213    0 1546          - 5804.75213      -     -   54s
     0     0 5821.44330    0 1443          - 5821.44330      -     -   57s
     0     0 5822.72703    0 1425          - 5822.72703      -     -   57s
     0     0 5824.09386    0 1587          - 5824.09386      -     -   58s
     0     0 5824.34878    0 1549          - 5824.34878      -     -   58s
     0     0 5824.38381    0 1572          - 5824.38381      -     -   58s
     0     0 5835.55080    0 1543          - 5835.55080      -     -   60s
     0     0 5836.40724    0 1470          - 5836.40724      -     -   61s
     0     0 5836.49201    0 1520          - 5836.49201      -     -   61s
     0     0 5851.36910    0 1563          - 5851.36910      -     -   65s
     0     0 5853.76890    0 1555          - 5853.76890      -     -   65s
     0     0 5854.08911    0 1664          - 5854.08911      -     -   66s
     0     0 5854.14726    0 1650          - 5854.14726      -     -   66s
     0     0 5890.45836    0 1530          - 5890.45836      -     -   69s
     0     0 5891.86479    0 1477          - 5891.86479      -     -   70s
     0     0 5892.07476    0 1499          - 5892.07476      -     -   70s
     0     0 5892.08339    0 1480          - 5892.08339      -     -   71s
     0     0 5902.48200    0 1393          - 5902.48200      -     -   72s
     0     0 5903.51324    0 1457          - 5903.51324      -     -   73s
     0     0 5903.84935    0 1463          - 5903.84935      -     -   73s
     0     0 5903.88067    0 1438          - 5903.88067      -     -   73s
     0     0 5912.22449    0 1520          - 5912.22449      -     -   75s
     0     0 5914.42257    0 1589          - 5914.42257      -     -   76s
     0     0 5914.50853    0 1566          - 5914.50853      -     -   77s
     0     0 5918.34361    0 1559          - 5918.34361      -     -   78s
     0     0 5918.71505    0 1519          - 5918.71505      -     -   79s
     0     0 5918.88044    0 1580          - 5918.88044      -     -   79s
     0     0 5925.06921    0 1493          - 5925.06921      -     -   81s
     0     0 5925.64283    0 1513          - 5925.64283      -     -   82s
     0     0 5925.76290    0 1503          - 5925.76290      -     -   82s
     0     0 5931.48773    0 1411          - 5931.48773      -     -   84s
     0     0 5932.27810    0 1394          - 5932.27810      -     -   85s
     0     0 5932.38416    0 1426          - 5932.38416      -     -   85s
     0     0 5932.39410    0 1456          - 5932.39410      -     -   85s
     0     0 5936.43852    0 1554          - 5936.43852      -     -   87s
     0     0 5937.11607    0 1527          - 5937.11607      -     -   88s
     0     0 5937.41061    0 1537          - 5937.41061      -     -   88s
     0     0 5937.47850    0 1566          - 5937.47850      -     -   89s
     0     0 5941.16468    0 1564          - 5941.16468      -     -   90s
     0     0 5941.47195    0 1600          - 5941.47195      -     -   91s
     0     0 5941.66240    0 1567          - 5941.66240      -     -   91s
     0     0 5946.31743    0 1487          - 5946.31743      -     -   93s
     0     0 5947.25660    0 1640          - 5947.25660      -     -   93s
     0     0 5947.25660    0 1653          - 5947.25660      -     -   93s
     0     0 5948.50099    0 1561          - 5948.50099      -     -   94s
     0     0 5948.50807    0 1515          - 5948.50807      -     -   94s
     0     2 5948.50851    0 1515          - 5948.50851      -     -   98s
     1     5 5950.64769    1 1507          - 5950.64769      -   921  103s
     3     8 5951.82146    2 1488          - 5951.82146      -  3055  106s
    15    32 5954.03788    4 1427          - 5951.99268      -  1392  111s
    31    64 5954.56454    5 1462          - 5953.99831      -  1463  115s
    95   159 5956.74281    7 1506          - 5954.21292      -  1351  135s
   300   367 5968.65304   13 1473          - 5954.21292      -   841  143s
   366   422 5969.64208   14 1455          - 5954.21292      -   898  147s
   421   487 5970.42850   17 1384          - 5954.21292      -   979  150s
   553   614 5972.98070   21 1443          - 5954.21292      -   997  158s
   614   691 5973.71524   23 1440          - 5954.21292      -  1027  161s
   691   757 5975.27701   26 1489          - 5954.21292      -  1005  165s
   828   890 5983.66214   30 1493          - 5954.21292      -   996  173s
   896   950 5981.47660   30 1474          - 5954.21292      -   994  176s
   959  1029 5982.82475   34 1421          - 5954.21292      -  1015  180s
  1042  1106 5990.08705   37 1434          - 5954.21292      -  1000  185s
  1210  1273 5985.38468   41 1400          - 5954.21292      -   979  192s
  1303  1368 5985.74286   43 1420          - 5954.21292      -   959  195s
  1511  1580 5987.64387   48 1479          - 5954.21292      -   920  203s
  1622  1688 5988.71908   50 1498          - 5954.21292      -   904  206s
  1736  1791 5993.03020   52 1469          - 5954.21292      -   890  210s
  1964  2006 6000.16197   55 1603          - 5954.21292      -   872  218s
  2076  2133 5995.27334   56 1445          - 5954.21292      -   867  224s
  2207  2287 5996.55298   57 1415          - 5954.21292      -   858  231s
  2361  2455 5997.87439   61 1460          - 5954.21292      -   844  235s
  2715  2817 6004.64086   73 1530          - 5954.21292      -   805  244s
  2899  2982 6007.96169   76 1491          - 5954.21292      -   790  249s
  3064  3171 6009.35884   80 1448          - 5954.21292      -   783  255s
  3474  3609 6013.94059   97 1432          - 5954.21292      -   757  264s
  3713  3828 6017.43419  103 1436          - 5954.21292      -   743  269s
  3938  4019 6021.58028  111 1337          - 5954.21292      -   734  274s
  4131  4211 6026.26689  114 1317          - 5954.21292      -   732  282s
  4325  4498 6031.66776  123 1304          - 5954.21292      -   737  287s
  4616  4800 6037.77792  132 1337          - 5954.21292      -   721  293s
  4920  5136 6042.08748  142 1256          - 5954.21292      -   708  299s
  5258  5490 6046.67644  152 1201          - 5954.21292      -   692  305s
  5614  5826 6053.41091  163 1231          - 5954.21292      -   678  313s
  5966  6158 6058.23257  175 1197          - 5954.21292      -   669  321s
  6322  6597 6060.96628  184 1201          - 5954.21292      -   661  328s
  6791  6861 6071.32341  202 1248          - 5954.21292      -   643  336s
  7081  7159 6076.72355  221 1245          - 5954.21292      -   648  344s
  7397  7545 6095.26809  237 1290          - 5954.21292      -   650  352s
  7787  7986 6103.41477  254 1219          - 5954.21292      -   647  360s
  8236  8458 6110.23465  260 1248          - 5954.21292      -   639  368s
  8714  8961 6115.54222  277 1291          - 5954.21292      -   631  377s
  9249  9464 6121.10649  299 1326          - 5954.21292      -   621  388s
  9762  9837 6142.29304  315 1323          - 5954.21292      -   614  396s
 10162 10355 6131.80281  331 1228          - 5954.21292      -   616  406s
 10712 11013 6139.53919  340 1155          - 5954.21292      -   610  415s
 11372 11620 6147.49014  356 1147          - 5954.21292      -   599  426s
 12003 12298 6157.98131  385 1174          - 5954.21292      -   592  437s
 12702 13034 6190.26806  416 1118          - 5954.21292      -   583  448s
 13461 13761 6260.16764  434 1095          - 5954.21292      -   574  459s
 14209 14584 6305.34311  451 1086          - 5954.21292      -   567  470s
 15055 14585 6351.59490  275 12674          - 5954.21292      -   558  502s
 15057 14586 6384.59040  192  930          - 5954.21292      -   558  509s
 15058 14587 6251.89804  433 1048          - 5954.21292      -   558  511s
 15061 14589 6749.29964  407 1172          - 5954.21292      -   558  517s
 15062 14590 6388.82143  317 1407          - 5954.21292      -   558  520s
 15064 14591 6483.92033  210 1480          - 5961.50809      -   558  526s
 15066 14592 6522.16784  515 1498          - 5985.78766      -   558  531s
 15069 14594 6213.92265   85 1493          - 5993.72312      -   558  535s
 15077 14600 6217.52132   35 1475          - 6050.68065      -   557  544s
 15078 14600 6255.42225   69 1640          - 6077.47739      -   557  550s
 15081 14602 6286.64972  106 1597          - 6091.16337      -   557  556s
 15088 14607 6243.42818  146 1546          - 6092.32443      -   557  561s
 15089 14608 6491.96538  232 1495          - 6132.17742      -   557  567s
 15090 14608 6375.20155  219 1768          - 6144.13238      -   557  571s
 15092 14610 6510.86182  189 1640          - 6149.42469      -   557  575s
 15098 14614 6192.37901   40 1759          - 6192.37901      -   557  585s
 15100 14615 6200.60344   14 1683          - 6200.60344      -   556  591s
 15105 14618 6293.67192   87 1702          - 6201.62408      -   556  595s
 15106 14619 6236.37368   10 1821          - 6236.37368      -   556  602s
 15107 14620 6275.09039  103 1964          - 6243.76578      -   556  606s
 15110 14622 6275.26606  137 1900          - 6245.98939      -   556  610s
 15114 14624 6295.57517   10 1880          - 6295.57517      -   556  620s
 15116 14626 6372.59716  153 1857          - 6307.02806      -   556  626s
 15122 14630 6333.90544   78 1981          - 6333.90544      -   556  637s
 15123 14630 6341.93327  125 1918          - 6341.93327      -   556  642s
 15125 14632 6804.70335  523 2014          - 6344.21234      -   556  645s
 15130 14635 6390.09577  259 1919          - 6381.89527      -   555  656s
 15131 14636 6388.25831  159 1894          - 6388.25831      -   555  660s
 15135 14638 6390.61026  105 2005          - 6390.61026      -   555  665s
 15142 14643 6418.49329   62 1759          - 6418.49329      -   555  676s
H15142 13909                    9404.0000000 6422.49803  31.7%   555  680s
H15142 13212                    9402.0000000 6422.49803  31.7%   555  680s
H15142 12550                    9398.0000000 6422.49803  31.7%   555  680s
H15142 11921                    9387.0000000 6422.49803  31.6%   555  680s
H15142 11323                    9385.0000000 6422.49803  31.6%   555  680s
H15142 10756                    9384.0000000 6422.49803  31.6%   555  680s
H15142 10217                    9382.0000000 6422.49803  31.5%   555  680s
H15142  9704                    9357.0000000 6422.49803  31.4%   555  680s
 15150  9709 6423.44369  191 1896 9357.00000 6423.44369  31.4%   555  686s
H15150  9222                    9292.0000000 6445.57746  30.6%   555  693s
H15150  8759                    9267.0000000 6445.57746  30.4%   555  693s
H15150  8320                    9249.0000000 6445.57746  30.3%   555  693s
H15150  7902                    9248.0000000 6445.57746  30.3%   555  693s
H15150  7505                    9210.0000000 6445.57746  30.0%   555  693s
H15150  7129                    9195.0000000 6445.57746  29.9%   555  693s
H15150  6770                    9187.0000000 6445.57746  29.8%   555  693s
H15150  6430                    9176.0000000 6445.57746  29.8%   555  693s
H15150  6107                    9143.0000000 6445.57746  29.5%   555  693s
H15150  5800                    9115.0000000 6445.57746  29.3%   555  693s
H15150  5509                    9098.0000000 6445.57746  29.2%   555  693s
H15150  5232                    9082.0000000 6445.57746  29.0%   555  693s
 15152  5234 6451.58539   27 1767 9082.00000 6451.58539  29.0%   555  698s
 15153  5234 6453.32514   49 1978 9082.00000 6453.32514  28.9%   555  700s
H15154  4971                    8927.0000000 6454.15238  27.7%   554  703s
H15154  4721                    8902.0000000 6454.15238  27.5%   554  703s
H15154  4483                    8801.0000000 6454.15238  26.7%   554  703s
H15156  4258                    8626.0000000 6454.20925  25.2%   554  703s
H15157  4045                    8624.0000000 6454.21212  25.2%   554  704s
 15160  4047 6454.22384  147 1956 8624.00000 6454.22384  25.2%   554  706s
 15161  4048 6749.29964  407 1845 8624.00000 6475.63136  24.9%   554  713s
H15161  3843                    8623.0000000 6480.81212  24.8%   554  717s
 15164  3845 6483.92033  210 1964 8623.00000 6481.86303  24.8%   554  720s
 15169  3848 6498.54579   85 2042 8623.00000 6498.54579  24.6%   554  730s
 15171  3849 6503.51303  106 2033 8623.00000 6503.51303  24.6%   554  735s
H15176  3659                    8622.0000000 6519.06093  24.4%   554  746s
H15176  3474                    8610.0000000 6519.06093  24.3%   554  746s
 15178  3475 6522.20855   69 1998 8610.00000 6522.20855  24.2%   554  750s
 15181  3477 6524.79481  106 2115 8610.00000 6524.79481  24.2%   553  755s
H15185  3304                    8580.0000000 6546.80344  23.7%   553  766s
 15187  3305 6553.95212   78 2014 8580.00000 6553.95212  23.6%   553  771s
 15189  3306 6557.26048  232 2010 8580.00000 6557.26048  23.6%   553  776s
 15194  3310 6557.43476   96 2132 8580.00000 6557.43476  23.6%   553  780s
H15194  3142                    8579.0000000 6578.99059  23.3%   553  786s
H15194  2982                    8567.0000000 6578.99059  23.2%   553  786s
H15194  2831                    8565.0000000 6578.99059  23.2%   553  786s
H15194  2687                    8554.0000000 6578.99059  23.1%   553  786s
H15194  2550                    8536.0000000 6578.99059  22.9%   553  786s
H15194  2421                    8525.0000000 6578.99059  22.8%   553  786s
H15194  2297                    8509.0000000 6578.99059  22.7%   553  786s
H15194  2180                    8499.0000000 6579.11979  22.6%   553  786s
H15194  2069                    8495.0000000 6579.11979  22.6%   553  786s
 15196  2070 6582.65159  190 2031 8495.00000 6582.65159  22.5%   553  790s
 15200  2073 6583.96013   14 2351 8495.00000 6583.96013  22.5%   553  795s
H15203  1968                    8491.0000000 6583.99948  22.5%   553  799s
H15203  1868                    8481.0000000 6583.99948  22.4%   553  799s
H15204  1772                    8477.0000000 6597.89699  22.2%   553  805s
H15204  1681                    8465.0000000 6597.89699  22.1%   553  805s
H15204  1594                    8435.0000000 6597.89699  21.8%   553  805s
H15204  1512                    8433.0000000 6597.89699  21.8%   553  805s
H15204  1434                    8430.0000000 6597.89699  21.7%   553  805s
H15204  1359                    8429.0000000 6597.96076  21.7%   553  806s
H15204  1289                    8413.0000000 6597.96076  21.6%   553  806s
H15204  1222                    8400.0000000 6597.96076  21.5%   553  806s
H15204  1158                    8384.0000000 6597.96076  21.3%   553  806s
 15206  1160 6601.70207   10 2062 8384.00000 6601.70207  21.3%   553  811s
 15209  1162 6603.83212   93 2089 8384.00000 6603.83212  21.2%   552  815s
 15215  1166 6614.62167  237 2101 8384.00000 6614.62167  21.1%   552  826s
H15215  1105                    8349.0000000 6616.56234  20.8%   552  829s
H15215  1047                    8343.0000000 6616.56234  20.7%   552  829s
H15215   992                    8341.0000000 6616.56234  20.7%   552  829s
H15215   940                    8339.0000000 6616.56234  20.7%   552  829s
H15215   890                    8338.0000000 6616.56234  20.6%   552  829s
H15215   843                    8336.0000000 6616.56234  20.6%   552  829s
H15216   798                    8322.0000000 6617.36499  20.5%   552  831s
H15223   760                    8321.0000000 6627.05940  20.4%   552  840s
H15223   719                    8319.0000000 6627.05940  20.3%   552  840s
 15225   720 6804.70335  523 2255 8319.00000 6629.98254  20.3%   552  846s
 15231   724 6630.69634  159 2269 8319.00000 6630.69634  20.3%   552  850s
 15232   725 6642.31266  148 2088 8319.00000 6642.31266  20.2%   552  856s
 15233   726 6644.71062   30 1958 8319.00000 6644.71062  20.1%   552  860s
 15240   730 6646.13357  332 2118 8319.00000 6646.13357  20.1%   551  865s
 15241   731 6653.95307  183 2083 8319.00000 6653.95307  20.0%   551  872s
 15242   732 6656.73760   62 2246 8319.00000 6656.73760  20.0%   551  875s
 15249   736 6665.34018  184 2271 8319.00000 6665.34018  19.9%   551  886s
 15251   738 6668.67693  134 2396 8319.00000 6668.67693  19.8%   551  891s
 15258   742 6669.09533  433 2479 8319.00000 6669.09533  19.8%   551  895s
 15259   743 6926.66914  440 2259 8319.00000 6677.64192  19.7%   551  902s
 15260   744 6679.89305  147 2248 8319.00000 6679.89305  19.7%   551  906s
H15265   707                    8298.0000000 6680.60902  19.5%   550  909s
 15268   709 6680.61191  249 2394 8298.00000 6680.61191  19.5%   550  910s
H15268   670                    8295.0000000 6686.34845  19.4%   550  916s
H15268   633                    8282.0000000 6686.34845  19.3%   550  916s
H15268   597                    8272.0000000 6686.34845  19.2%   550  916s
 15271   599 6688.46538  106 2336 8272.00000 6688.46538  19.1%   550  920s
H15275   569                    8271.0000000 6694.28338  19.1%   550  935s
H15275   536                    8269.0000000 6694.28338  19.0%   550  937s
H15275   506                    8261.0000000 6694.28338  19.0%   550  947s
 15276   506 6694.28338  122 2477 8261.00000 6694.28338  19.0%   550  953s
 15277   507 6695.07273   35 2320 8261.00000 6695.07273  19.0%   550  955s
 15284   512 6702.44378   77 2559 8261.00000 6702.44378  18.9%   550  966s
 15285   512 6704.20569   16 2531 8261.00000 6704.20569  18.8%   550  970s
 15293   518 6708.37507  279 2437 8261.00000 6708.37507  18.8%   549  979s
 15294   518 6709.44503   96 2313 8261.00000 6709.44503  18.8%   549  981s
 15301   523 6714.59657  313 2477 8261.00000 6714.59657  18.7%   549  990s
 15303   524 6716.79945  123 2389 8261.00000 6716.79945  18.7%   549  995s
 15312   530 6723.65228  223 2363 8261.00000 6723.65228  18.6%   549 1006s
 15313   531 6725.43501  238 2491 8261.00000 6725.43501  18.6%   549 1010s
 15322   537 6726.24289   78 2579 8261.00000 6726.24289  18.6%   548 1015s
 15323   538 6731.27089  125 2425 8261.00000 6731.27089  18.5%   548 1022s
 15324   538 6732.71754   15 2469 8261.00000 6732.71754  18.5%   548 1025s
 15333   544 6733.57390   30 2715 8261.00000 6733.57390  18.5%   548 1030s
 15334   545 6740.56557  144 2456 8261.00000 6740.56557  18.4%   548 1036s
 15336   546 6741.93777  319 2535 8261.00000 6741.93777  18.4%   548 1041s
H15342   518                    8259.0000000 6746.35898  18.3%   548 1050s
 15345   520 6748.03661  231 2423 8259.00000 6748.03661  18.3%   548 1055s
 15352   525 6748.32531   27 2659 8259.00000 6748.32531  18.3%   547 1060s
 15353   526 6752.11178   49 2497 8259.00000 6752.11178  18.2%   547 1066s
 15355   527 6753.94772  275 2592 8259.00000 6753.94772  18.2%   547 1071s
 15362   532 6759.08267  317 2410 8259.00000 6759.08267  18.2%   547 1081s
 15364   533 6760.49683  210 2632 8259.00000 6760.49683  18.1%   547 1085s
 15370   537 6764.24103  175 2406 8259.00000 6764.24103  18.1%   547 1091s
 15372   538 6765.39509  121 2665 8259.00000 6765.39509  18.1%   547 1095s
H15378   509                    8257.0000000 6768.78383  18.0%   546 1103s
 15380   511 6769.63665   61 2685 8257.00000 6769.63665  18.0%   546 1105s
 15388   516 6770.17000  146 2689 8257.00000 6770.17000  18.0%   546 1110s
 15389   517 6773.97057  232 2779 8257.00000 6773.97057  18.0%   546 1117s
 15390   517 6774.77769  219 2896 8257.00000 6774.77769  18.0%   546 1120s
 15398   523 6779.26582   40 2931 8257.00000 6779.26582  17.9%   546 1130s
 15401   525 6780.29684  313 3136 8257.00000 6780.29684  17.9%   546 1135s
 15406   528 6783.18372   10 2909 8257.00000 6783.18372  17.8%   545 1142s
 15407   529 6784.23745  103 2923 8257.00000 6784.23745  17.8%   545 1146s
 15410   531 6784.85422  137 3076 8257.00000 6784.85422  17.8%   545 1150s
 15414   533 6787.96220   10 2705 8257.00000 6787.96220  17.8%   545 1157s
 15416   535 6788.67890  153 2915 8257.00000 6788.67890  17.8%   545 1161s
 15420   537 6792.19024  103 2674 8257.00000 6792.19024  17.7%   545 1169s
 15421   538 6792.75821   63 2701 8257.00000 6792.75821  17.7%   545 1171s
 15428   543 6793.07058  198 2895 8257.00000 6793.07058  17.7%   545 1175s
H15429   510                    8254.0000000 6795.61960  17.7%   545 1181s
H15430   479                    8245.0000000 6796.88812  17.6%   545 1185s
 15438   484 6799.22829   82 2693 8245.00000 6799.22829  17.5%   544 1193s
 15439   485 6799.98145  102 2748 8245.00000 6799.98145  17.5%   544 1196s
 15446   490 6800.27691  236 2804 8245.00000 6800.27691  17.5%   544 1200s
H15446   459                    8243.0000000 6803.89435  17.5%   544 1206s
 15450   461 6804.75922  191 2906 8243.00000 6804.75922  17.4%   544 1210s
 15458   467 6806.57429  433 2809 8243.00000 6806.57429  17.4%   544 1217s
 15459   467 6926.66914  440 2904 8243.00000 6807.01448  17.4%   544 1220s
 15465   471 6809.50859  213 2813 8243.00000 6809.50859  17.4%   543 1228s
 15466   472 6809.98937  515 3021 8243.00000 6809.98937  17.4%   543 1230s
 15474   477 6811.47683  367 2761 8243.00000 6811.47683  17.4%   543 1237s
 15476   479 6812.01496  122 2825 8243.00000 6812.01496  17.4%   543 1240s
H15481   451                    8236.0000000 6814.44961  17.3%   543 1248s
 15483   452 6815.29807   58 2811 8236.00000 6815.29807  17.2%   543 1251s
 15486   454 6815.92547  276 2804 8236.00000 6815.92547  17.2%   543 1255s
 15493   459 6818.48492  279 2826 8236.00000 6818.48492  17.2%   542 1264s
 15494   460 6818.80862   96 3032 8236.00000 6818.80862  17.2%   542 1265s
 15500   464 6820.89252   14 2723 8236.00000 6820.89252  17.2%   542 1273s
 15501   464 6821.48192  313 2860 8236.00000 6821.48192  17.2%   542 1275s
 15509   470 6824.45518   93 2939 8236.00000 6824.45518  17.1%   542 1284s
 15510   470 6825.47141  137 2802 8236.00000 6825.47141  17.1%   542 1287s
 15512   472 6826.09174  223 2975 8236.00000 6826.09174  17.1%   542 1290s
 15520   477 6828.75233  103 2842 8236.00000 6828.75233  17.1%   541 1298s
 15521   478 6829.18453   63 2962 8236.00000 6829.18453  17.1%   541 1300s
 15528   482 6829.54146  198 3076 8236.00000 6829.54146  17.1%   541 1305s
 15529   483 6831.97291  132 3032 8236.00000 6831.97291  17.0%   541 1310s
 15532   485 6833.08622  148 3113 8236.00000 6833.08622  17.0%   541 1315s
 15538   489 6835.18518   82 3017 8236.00000 6835.18518  17.0%   541 1323s
 15539   490 6835.69732  102 3160 8236.00000 6835.69732  17.0%   541 1325s
 15545   494 6837.24743  231 3076 8236.00000 6837.24743  17.0%   541 1331s
 15547   495 6837.90395   58 3103 8236.00000 6837.90395  17.0%   540 1335s
 15554   500 6839.35676  345 3015 8236.00000 6839.35676  17.0%   540 1343s
 15555   500 6839.69816  275 3215 8236.00000 6839.69816  17.0%   540 1345s
H15558   468                    8220.0000000 6839.90564  16.8%   540 1347s
H15558   436                    8217.0000000 6839.90564  16.8%   540 1347s
H15558   406                    8212.0000000 6839.90564  16.7%   540 1347s
H15559   378                    8211.0000000 6839.91546  16.7%   540 1347s
H15562   353                    8209.0000000 6841.84576  16.7%   540 1353s
H15562   327                    8208.0000000 6841.84576  16.6%   540 1353s
 15564   328 6842.27950  210 3099 8208.00000 6842.27950  16.6%   540 1355s
 15570   332 6842.61000  175 3306 8208.00000 6842.61000  16.6%   540 1360s
H15570   306                    8201.0000000 6844.52166  16.5%   540 1365s
H15570   283                    8199.0000000 6844.52166  16.5%   540 1365s
 15577   288 6845.04782   35 3317 8199.00000 6845.04782  16.5%   539 1370s
 15579   289 6847.71746  133 3168 8199.00000 6847.71746  16.5%   539 1377s
 15583   292 6847.99801   58 3466 8199.00000 6847.99801  16.5%   539 1380s
 15586   294 6849.43104  276 3168 8199.00000 6849.43104  16.5%   539 1385s
 15589   296 6850.37307  232 3299 8199.00000 6850.37307  16.4%   539 1390s
 15593   299 6852.37610  279 2968 8199.00000 6852.37610  16.4%   539 1397s
 15595   300 6853.16177  223 3240 8199.00000 6853.16177  16.4%   539 1401s
H15603   280                    8197.0000000 6854.66515  16.4%   539 1408s
 15605   282 6854.94385   87 3266 8197.00000 6854.94385  16.4%   538 1411s
 15613   287 6855.16529  238 3439 8197.00000 6855.16529  16.4%   538 1415s
 15615   288 6856.78196  237 3174 8197.00000 6856.78196  16.4%   538 1420s
H15620   268                    8194.0000000 6858.45905  16.3%   538 1429s
H15620   245                    8183.0000000 6858.45905  16.2%   538 1429s
 15622   246 6859.02741   78 3140 8183.00000 6859.02741  16.2%   538 1431s
 15629   251 6859.22339  132 3329 8183.00000 6859.22339  16.2%   538 1435s
 15630   251 6861.64891  259 3255 8183.00000 6861.64891  16.1%   538 1441s
 15632   253 6862.86490  148 3294 8183.00000 6862.86490  16.1%   538 1446s
 15638   257 6863.13635   82 3283 8183.00000 6863.13635  16.1%   537 1450s
 15639   257 6864.83692  102 3331 8183.00000 6864.83692  16.1%   537 1455s
 15641   259 6865.68237  183 3523 8183.00000 6865.68237  16.1%   537 1460s
 15648   263 6867.23493   41 3521 8183.00000 6867.23493  16.1%   537 1472s
 15652   266 6867.50463   27 3546 8183.00000 6867.50463  16.1%   537 1475s
 15658   270 6868.62233  433 3350 8183.00000 6868.62233  16.1%   537 1480s
 15666   275 6869.00592  515 3572 8183.00000 6869.00592  16.1%   536 1485s
 15671   279 6870.53474  106 3434 8183.00000 6870.53474  16.0%   536 1492s
 15676   282 6870.72316  122 3388 8183.00000 6870.72316  16.0%   536 1495s
 15679   284 6872.69573  133 3238 8183.00000 6872.69573  16.0%   536 1501s
 15681   285 6873.21646  106 3447 8183.00000 6873.21646  16.0%   536 1505s
 15690   291 6874.84703  219 3528 8183.00000 6874.84703  16.0%   536 1513s
 15691   292 6875.25450  253 3314 8183.00000 6875.25450  16.0%   535 1516s
 15699   297 6875.44612  402 3572 8183.00000 6875.44612  16.0%   535 1520s
 15700   298 6876.74596   14 3216 8183.00000 6876.74596  16.0%   535 1525s
 15704   301 6877.41109   13 3429 8183.00000 6877.41109  16.0%   535 1530s
 15708   303 6878.77449  227 3431 8183.00000 6878.77449  15.9%   535 1536s
 15711   305 6879.33411  469 3431 8183.00000 6879.33411  15.9%   535 1540s
 15715   308 6880.71948  237 3403 8183.00000 6880.71948  15.9%   535 1546s
 15717   309 6881.40990   39 3443 8183.00000 6881.40990  15.9%   535 1550s
 15722   313 6882.95758   78 3372 8183.00000 6882.95758  15.9%   534 1558s
 15723   313 6883.83148  125 3440 8183.00000 6883.83148  15.9%   534 1561s
 15729   317 6883.96998  132 3642 8183.00000 6883.96998  15.9%   534 1565s
 15732   319 6884.75550  148 3426 8183.00000 6884.75550  15.9%   534 1571s
H15736   295                    8182.0000000 6886.46075  15.8%   534 1581s
 15738   296 6887.02059   82 3345 8182.00000 6887.02059  15.8%   534 1586s
 15742   299 6887.37010   62 3524 8182.00000 6887.37010  15.8%   534 1590s
 15747   302 6888.60848   58 3434 8182.00000 6888.60848  15.8%   534 1595s
 15754   307 6889.40656  345 3524 8182.00000 6889.40656  15.8%   533 1602s
 15756   308 6889.75796   21 3574 8182.00000 6889.75796  15.8%   533 1605s
 15761   312 6890.15374  407 3565 8182.00000 6890.15374  15.8%   533 1610s
 15768   316 6891.08054  249 3343 8182.00000 6891.08054  15.8%   533 1617s
 15770   318 6891.32169  175 3564 8182.00000 6891.32169  15.8%   533 1620s
 15775   321 6892.11139  223 3440 8182.00000 6892.11139  15.8%   533 1625s
 15780   324 6892.47830   61 3533 8182.00000 6892.47830  15.8%   532 1630s
 15784   327 6893.41806   77 3348 8182.00000 6893.41806  15.7%   532 1635s
 15792   332 6894.39963  189 3463 8182.00000 6894.39963  15.7%   532 1642s
 15794   334 6894.72258   96 3622 8182.00000 6894.72258  15.7%   532 1645s
 15798   336 6895.47801   40 3540 8182.00000 6895.47801  15.7%   532 1650s
 15806   342 6896.54730   10 3435 8182.00000 6896.54730  15.7%   532 1658s
 15807   342 6896.85002  103 3540 8182.00000 6896.85002  15.7%   532 1660s
 15813   346 6898.30522  238 3383 8182.00000 6898.30522  15.7%   531 1668s
 15814   347 6898.64003   10 3569 8182.00000 6898.64003  15.7%   531 1670s
 15821   352 6898.87197   63 3544 8182.00000 6898.87197  15.7%   531 1675s
 15824   354 6899.45423   15 3576 8182.00000 6899.45423  15.7%   531 1680s
 15830   358 6900.10334  259 3429 8182.00000 6900.10334  15.7%   531 1686s
 15833   360 6900.48233   30 3530 8182.00000 6900.48233  15.7%   531 1690s
 15840   364 6901.04973  332 3392 8182.00000 6901.04973  15.7%   530 1696s
 15845   368 6901.73502  231 3499 8182.00000 6901.73502  15.6%   530 1701s
 15851   372 6901.90971  134 3605 8182.00000 6901.90971  15.6%   530 1705s
 15856   375 6902.37843   21 3634 8182.00000 6902.37843  15.6%   530 1710s
 15861   378 6902.79293  407 3696 8182.00000 6902.79293  15.6%   530 1715s
 15868   383 6903.41883  249 3505 8182.00000 6903.41883  15.6%   530 1721s
 15873   386 6903.84838  293 3458 8182.00000 6903.84838  15.6%   529 1771s
 15878   390 6904.06304   69 3684 8182.00000 6904.06304  15.6%   529 1775s
 15881   392 6904.94279  106 3415 8182.00000 6904.94279  15.6%   529 1781s
 15888   396 6905.02660  146 3598 8182.00000 6905.02660  15.6%   529 1785s
 15891   398 6906.07239  253 3529 8182.00000 6906.07239  15.6%   529 1790s
 15898   403 6906.36525   40 3600 8182.00000 6906.36525  15.6%   529 1795s
 15905   408 6906.93831   87 3500 8182.00000 6906.93831  15.6%   528 1801s
 15909   410 6907.16383   93 3769 8182.00000 6907.16383  15.6%   528 1805s
 15916   415 6907.36748  153 3892 8182.00000 6907.36748  15.6%   528 1810s
 15922   420 6907.48216   78  922 8182.00000 6907.48216  15.6%   588 1817s
 15924   422 6907.48216   15  971 8182.00000 6907.48216  15.6%   587 1821s
 15925   422 6907.48216  523 1195 8182.00000 6907.48216  15.6%   587 1825s
 15926   423 6907.48216  229 1442 8182.00000 6907.48216  15.6%   587 1832s
 15927   424 6907.48216   69 1574 8182.00000 6907.48216  15.6%   587 1839s
 15928   424 6907.48216  198 1670 8182.00000 6907.48216  15.6%   587 1848s
 15929   425 6907.48216  132 1753 8182.00000 6907.48216  15.6%   587 1857s
 15930   426 6907.48216  259 2078 8182.00000 6907.48216  15.6%   587 1867s
 15931   426 6907.48358  159 2238 8182.00000 6907.48358  15.6%   587 1877s
 15932   427 6907.48358  148 2335 8182.00000 6907.48358  15.6%   587 1887s
 15933   428 6907.58398   30 2586 8182.00000 6907.58398  15.6%   587 1897s
 15934   428 6907.58398  144 2716 8182.00000 6907.58398  15.6%   587 1907s
 15935   429 6907.58398  105 2687 8182.00000 6907.58398  15.6%   587 1917s
 15936   430 6907.58398  319 2979 8182.00000 6907.58398  15.6%   587 1925s
 15937   430 6907.58398  242 2929 8182.00000 6907.58398  15.6%   587 1932s
 15938   431 6907.58398   82 3134 8182.00000 6907.58398  15.6%   587 1936s
 15939   432 6907.58398  102 3384 8182.00000 6907.58398  15.6%   587 1940s
H15941   411                    8180.0000000 6907.58398  15.6%   587 1946s
 15947   415 6907.68366   58 3484 8180.00000 6907.68366  15.6%   587 1952s
 15948   416 6909.55899   41 3202 8180.00000 6909.55899  15.5%   587 1958s
 15949   416 6909.93391  184 3287 8180.00000 6909.93391  15.5%   587 1960s
 15953   419 6912.14809   49 3230 8180.00000 6912.14809  15.5%   586 1969s
 15954   420 6912.47233  345 3298 8180.00000 6912.47233  15.5%   586 1971s
 15959   423 6926.66914  440 3295 8180.00000 6912.66707  15.5%   586 1976s
 15960   424 6914.67397  147 3137 8180.00000 6914.67397  15.5%   586 1981s
 15962   425 6915.53512  317 3242 8180.00000 6915.53512  15.5%   586 1986s
 15967   428 6915.59513  108 3226 8180.00000 6915.59513  15.5%   586 1990s
 15968   429 6917.48786  249 3224 8180.00000 6917.48786  15.4%   586 1995s
 15973   432 6918.07946  293 3370 8180.00000 6918.07946  15.4%   586 2000s
 15977   435 6919.57250   35 3217 8180.00000 6919.57250  15.4%   586 2010s
 15982   438 6919.91514  141 3326 8180.00000 6919.91514  15.4%   585 2015s
 15984   440 6921.30397   77 3271 8180.00000 6921.30397  15.4%   585 2021s
 15989   443 6921.41941  232 3388 8180.00000 6921.41941  15.4%   585 2026s
H15989   419                    8178.0000000 6922.38021  15.4%   585 2030s
 15994   422 6922.60705   96 3317 8178.00000 6922.60705  15.4%   585 2035s
 15997   424 6923.58953  258 3197 8178.00000 6923.58953  15.3%   585 2040s
 16001   427 6925.06278  313 3132 8178.00000 6925.06278  15.3%   585 2048s
 16003   428 6925.27380  123 3234 8178.00000 6925.27380  15.3%   585 2050s
 16006   430 6926.39430   10 3112 8178.00000 6926.39430  15.3%   584 2057s
 16008   432 6926.83157  227 3114 8178.00000 6926.83157  15.3%   584 2060s
 16014   436 6928.07669   10 3278 8178.00000 6928.07669  15.3%   584 2068s
 16015   436 6928.44482  237 3309 8178.00000 6928.44482  15.3%   584 2070s
 16021   440 6929.32206   63 3211 8178.00000 6929.32206  15.3%   584 2077s
 16025   443 6929.46925  523 3398 8178.00000 6929.46925  15.3%   584 2080s
 16027   444 6929.94369   69 3274 8178.00000 6929.94369  15.3%   584 2085s
 16034   449 6930.34370  144 3320 8178.00000 6930.34370  15.3%   583 2091s
 16035   450 6931.10686  105 3247 8178.00000 6931.10686  15.2%   583 2095s
 16041   454 6931.42236  183 3239 8178.00000 6931.42236  15.2%   583 2101s
 16042   454 6932.70844   62 3296 8178.00000 6932.70844  15.2%   583 2108s
 16043   455 6933.08693  304 3352 8178.00000 6933.08693  15.2%   583 2110s
 16052   461 6933.25599   27 3478 8178.00000 6933.25599  15.2%   583 2116s
 16053   462 6934.10751   49 3216 8178.00000 6934.10751  15.2%   583 2120s
 16059   466 6934.99401  440 3183 8178.00000 6934.99401  15.2%   583 2127s
 16062   468 6935.30818  317 3247 8178.00000 6935.30818  15.2%   582 2130s
 16066   470 6935.80846  515 3231 8178.00000 6935.80846  15.2%   582 2135s
 16070   473 6936.41113  175 3305 8178.00000 6936.41113  15.2%   582 2140s
 16077   478 6936.78173   35 3405 8178.00000 6936.78173  15.2%   582 2145s
 16079   479 6937.91458  133 3361 8178.00000 6937.91458  15.2%   582 2150s
 16085   483 6938.71802   16 3272 8178.00000 6938.71802  15.2%   582 2163s
 16086   484 6938.97116  276 3200 8178.00000 6938.97116  15.2%   582 2166s
 16095   490 6939.08568  223 3461 8178.00000 6939.08568  15.1%   581 2170s
 16102   494 6939.61686   92 3330 8178.00000 6939.61686  15.1%   581 2175s
 16104   496 6940.42934   13 3164 8178.00000 6940.42934  15.1%   581 2180s
 16110   500 6940.88036  137 3283 8178.00000 6940.88036  15.1%   581 2185s
 16121   507 6941.06514   63 3441 8178.00000 6941.06514  15.1%   580 2190s
 16123   508 6942.36733  125 3311 8178.00000 6942.36733  15.1%   580 2196s
 16127   511 6942.60494   69 3407 8178.00000 6942.60494  15.1%   580 2200s
 16130   513 6943.69873  259 3255 8178.00000 6943.69873  15.1%   580 2206s
 16135   516 6944.30580  105 3230 8178.00000 6944.30580  15.1%   580 2212s
 16138   518 6944.52495   82 3362 8178.00000 6944.52495  15.1%   580 2215s
 16142   521 6945.45795   62 3494 8178.00000 6945.45795  15.1%   580 2221s
 16148   525 6945.63196   41 3604 8178.00000 6945.63196  15.1%   579 2225s
 16152   528 6946.23121   27 3426 8178.00000 6946.23121  15.1%   579 2230s
 16154   529 6947.36413  345 3448 8178.00000 6947.36413  15.0%   579 2235s
 16162   534 6947.81432  317 3485 8178.00000 6947.81432  15.0%   579 2241s
 16168   538 6948.55218  249 3505 8178.00000 6948.55218  15.0%   579 2248s
 16171   540 6948.66675  106 3490 8178.00000 6948.66675  15.0%   578 2250s
 16176   544 6949.40025  122 3434 8178.00000 6949.40025  15.0%   578 2255s
 16181   547 6949.71363  106 3536 8178.00000 6949.71363  15.0%   578 2261s
 16184   549 6950.18447   77 3605 8178.00000 6950.18447  15.0%   578 2265s
 16187   551 6950.63761   78 3568 8178.00000 6950.63761  15.0%   578 2270s
 16192   554 6951.12754  189 3471 8178.00000 6951.12754  15.0%   578 2275s
 16200   560 6951.32009   14 3565 8178.00000 6951.32009  15.0%   577 2280s
 16206   564 6951.60080   10 3744 8178.00000 6951.60080  15.0%   577 2286s
 16209   566 6952.00784   93 3511 8178.00000 6952.00784  15.0%   577 2290s
 16216   570 6952.33316  153 3382 8178.00000 6952.33316  15.0%   577 2295s
 16223   575 6952.72618  125 3576 8178.00000 6952.72618  15.0%   577 2300s
 16230   580 6952.97790  259 3587 8178.00000 6952.97790  15.0%   576 2305s
 16234   582 6953.59225  144 3527 8178.00000 6953.59225  15.0%   576 2310s
 16238   585 6954.21685   82 3632 8178.00000 6954.21685  15.0%   576 2315s
H16242   553                    8175.0000000 6954.77487  14.9%   576 2320s
 16244   554 6954.89920  132 3540 8175.00000 6954.89920  14.9%   576 2325s
 16252   559 6955.66369   27 3564 8175.00000 6955.66369  14.9%   576 2332s
 16254   561 6955.97222  345 3627 8175.00000 6955.97222  14.9%   576 2335s
 16264   567 6956.67024  210 3440 8175.00000 6956.67024  14.9%   575 2341s
 16267   569 6957.04699  108 3620 8175.00000 6957.04699  14.9%   575 2345s
 16273   573 6957.67413  293 3415 8175.00000 6957.67413  14.9%   575 2350s
 16280   578 6957.94802   61 3594 8175.00000 6957.94802  14.9%   575 2355s
 16283   580 6958.87779   58 3492 8175.00000 6958.87779  14.9%   575 2360s
 16289   584 6959.78849  232 3519 8175.00000 6959.78849  14.9%   574 2366s
 16295   588 6960.03924  223 3518 8175.00000 6960.03924  14.9%   574 2370s
 16301   592 6960.38623  313 3531 8175.00000 6960.38623  14.9%   574 2375s
 16307   596 6960.67930  103 3797 8175.00000 6960.67930  14.9%   574 2380s
 16315   601 6961.07484  237 3314 8175.00000 6961.07484  14.8%   573 2385s
 16322   606 6961.28235   78 3727 8175.00000 6961.28235  14.8%   573 2390s
 16325   608 6961.88259  523 3644 8175.00000 6961.88259  14.8%   573 2395s
 16329   611 6962.51025  132 3616 8175.00000 6962.51025  14.8%   573 2400s
 16335   615 6962.77873  105 3857 8175.00000 6962.77873  14.8%   573 2405s
 16338   617 6963.37256   82 3886 8175.00000 6963.37256  14.8%   573 2410s
 16343   620 6963.79107  304 3554 8175.00000 6963.79107  14.8%   572 2417s
 16347   623 6963.96677   58 3683 8175.00000 6963.96677  14.8%   572 2420s
 16351   625 6964.71765  134 3598 8175.00000 6964.71765  14.8%   572 2425s
 16357   629 6965.13320  192 3750 8175.00000 6965.13320  14.8%   572 2430s
 16365   635 6965.48924  213 3668 8175.00000 6965.48924  14.8%   572 2436s
 16371   639 6965.61359  106 3746 8175.00000 6965.61359  14.8%   571 2440s
 16378   643 6965.92943   69 3793 8175.00000 6965.92943  14.8%   571 2445s
 16382   646 6966.85223  141 3769 8175.00000 6966.85223  14.8%   571 2450s
 16389   651 6966.95763  232 3727 8175.00000 6966.95763  14.8%   571 2455s
 16392   653 6967.17683  189 3689 8175.00000 6967.17683  14.8%   571 2460s
 16397   656 6967.52527  258 3481 8175.00000 6967.52527  14.8%   571 2465s
 16404   661 6968.13968   13 3682 8175.00000 6968.13968  14.8%   570 2472s
 16407   663 6968.44647  103 3759 8175.00000 6968.44647  14.8%   570 2475s
 16413   667 6968.98640  238 3794 8175.00000 6968.98640  14.8%   570 2481s
 16419   671 6969.24901  354 3804 8175.00000 6969.24901  14.7%   570 2485s
 16426   675 6969.45706  229 3959 8175.00000 6969.45706  14.7%   570 2490s
 16430   678 6969.81874  259 3737 8175.00000 6969.81874  14.7%   569 2496s
 16435   681 6970.14498  105 3597 8175.00000 6970.14498  14.7%   569 2500s
 16440   685 6970.58416  332 3729 8175.00000 6970.58416  14.7%   569 2506s
 16446   689 6970.72236  236 3707 8175.00000 6970.72236  14.7%   569 2510s
 16447   689 6970.88912   58 3527 8175.00000 6970.88912  14.7%   569 2522s
 16450   691 6971.07258  191 3609 8175.00000 6971.07258  14.7%   569 2525s
 16457   696 6971.35158  192 3432 8175.00000 6971.35158  14.7%   568 2530s
 16464   701 6971.63437  210 3365 8175.00000 6971.63437  14.7%   568 2535s
 16469   704 6971.81473   85 3651 8175.00000 6971.81473  14.7%   568 2540s
 16474   707 6972.34263  367 3565 8175.00000 6972.34263  14.7%   568 2545s
 16481   712 6972.50382  106 3665 8175.00000 6972.50382  14.7%   568 2550s
 16487   716 6972.79957   78 3948 8175.00000 6972.79957  14.7%   567 2555s
 16492   719 6973.27035  189 3811 8175.00000 6973.27035  14.7%   567 2560s
 16497   723 6973.61122  258 3735 8175.00000 6973.61122  14.7%   567 2565s
 16504   727 6973.82753   13 3823 8175.00000 6973.82753  14.7%   567 2570s
 16509   731 6974.13760   93 3961 8175.00000 6974.13760  14.7%   567 2575s
 16514   734 6974.35855   10 3959 8175.00000 6974.35855  14.7%   566 2580s
 16522   739 6974.45610   78 4079 8175.00000 6974.45610  14.7%   566 2585s
 16530   745 6974.69827  259 3822 8175.00000 6974.69827  14.7%   566 2590s
 16533   747 6975.16848   30 3628 8175.00000 6975.16848  14.7%   566 2595s
 16539   751 6976.14422  102 3342 8175.00000 6976.14422  14.7%   566 2602s
 16541   752 6976.54914  183 3527 8175.00000 6976.54914  14.7%   566 2605s
 16546   755 6976.81601  236 3697 8175.00000 6976.81601  14.7%   565 2610s
 16551   759 6977.23047  134 3640 8175.00000 6977.23047  14.7%   565 2615s
 16556   762 6977.68119   21 3837 8175.00000 6977.68119  14.6%   565 2620s
 16560   765 6978.11524  147 3623 8175.00000 6978.11524  14.6%   565 2625s
 16568   770 6978.56592  249 3541 8175.00000 6978.56592  14.6%   565 2631s
 16574   774 6978.67123  367 3729 8175.00000 6978.67123  14.6%   564 2635s
 16580   778 6979.09227   61 3729 8175.00000 6979.09227  14.6%   564 2640s
 16586   782 6979.38530  276 3757 8175.00000 6979.38530  14.6%   564 2646s
 16593   787 6980.10052  279 3706 8175.00000 6980.10052  14.6%   564 2652s
 16598   790 6980.24420   40 3708 8175.00000 6980.24420  14.6%   564 2656s
 16600   791 6980.71023   14 3644 8175.00000 6980.71023  14.6%   564 2660s
 16606   795 6981.00417   10 3672 8175.00000 6981.00417  14.6%   563 2665s
 16612   799 6981.35991  223 3843 8175.00000 6981.35991  14.6%   563 2671s
 16619   804 6981.44453  354 3833 8175.00000 6981.44453  14.6%   563 2676s
 16625   808 6981.55137  523 3876 8175.00000 6981.55137  14.6%   563 2681s
 16631   812 6981.64224  159 3950 8175.00000 6981.64224  14.6%   562 2686s
 16635   815 6981.77359  105 4103 8175.00000 6981.77359  14.6%   562 2690s
 16641   819 6981.98884  183 4000 8175.00000 6981.98884  14.6%   562 2696s
 16646   823 6982.19899  236  922 8175.00000 6982.19899  14.6%   595 2702s
 16648   825 6982.19899   41  968 8175.00000 6982.19899  14.6%   595 2706s
 16650   826 6982.19899  191 1364 8175.00000 6982.19899  14.6%   595 2715s
 16651   827 6982.19899  134 1609 8175.00000 6982.19899  14.6%   595 2724s
 16652   827 6982.19899   27 1655 8175.00000 6982.19899  14.6%   595 2733s
 16653   828 6982.19899   49 1910 8175.00000 6982.19899  14.6%   595 2744s
 16654   829 6982.19899  345 2053 8175.00000 6982.19899  14.6%   595 2754s
 16655   829 6982.22633  275 2003 8175.00000 6982.22633  14.6%   595 2768s
 16656   830 6982.22633   21 2247 8175.00000 6982.22633  14.6%   595 2781s
 16657   831 6982.49935  192 2173 8175.00000 6982.49935  14.6%   595 2792s
 16658   831 6982.49935  433 2605 8175.00000 6982.49935  14.6%   595 2804s
 16659   832 6982.49935  440 2758 8175.00000 6982.49935  14.6%   595 2815s
 16660   833 6982.49935  147 2680 8175.00000 6982.49935  14.6%   595 2823s
 16661   833 6982.49935  407 3211 8175.00000 6982.49935  14.6%   595 2833s
 16662   834 6982.49935  317 3212 8175.00000 6982.49935  14.6%   595 2839s
 16663   835 6982.49935  180 3376 8175.00000 6982.49935  14.6%   595 2845s
 16664   835 6982.49935  210 3449 8175.00000 6982.49935  14.6%   595 2850s
 16666   837 6982.49935  515 3759 8175.00000 6982.49935  14.6%   595 2855s
 16673   841 6982.49935  293 3922 8175.00000 6982.49935  14.6%   594 2862s
 16674   842 6982.99154  367 3559 8175.00000 6982.99154  14.6%   594 2866s
 16681   847 6983.17218  106 3504 8175.00000 6983.17218  14.6%   594 2872s
 16683   848 6983.59797   58 3637 8175.00000 6983.59797  14.6%   594 2875s
 16688   851 6983.98260  146 3437 8175.00000 6983.98260  14.6%   594 2881s
 16693   855 6984.10340  279 3625 8175.00000 6984.10340  14.6%   594 2886s
 16700   859 6984.32474   14 3538 8175.00000 6984.32474  14.6%   593 2892s
 16701   860 6984.50338  313 3664 8175.00000 6984.50338  14.6%   593 2895s
 16706   863 6984.64942   10 3714 8175.00000 6984.64942  14.6%   593 2901s
 16712   867 6984.68603  223 3776 8175.00000 6984.68603  14.6%   593 2905s
 16717   871 6985.22676   39 3679 8175.00000 6985.22676  14.6%   593 2910s
 16722   874 6985.42729   78 3562 8175.00000 6985.42729  14.6%   593 2915s
 16727   877 6985.55436   69 3839 8175.00000 6985.55436  14.5%   592 2920s
 16731   880 6985.94875  159 3782 8175.00000 6985.94875  14.5%   592 2925s
 16735   883 6986.23541  105 3841 8175.00000 6986.23541  14.5%   592 2930s
 16740   886 6986.40947  332 3695 8175.00000 6986.40947  14.5%   592 2939s
 16741   887 6986.46911  183 3603 8175.00000 6986.46911  14.5%   592 2940s
 16745   889 6986.75207  231 3552 8175.00000 6986.75207  14.5%   592 2946s
 16748   891 6986.81250   41 3587 8175.00000 6986.81250  14.5%   592 2950s
 16754   895 6987.01466  345 3734 8175.00000 6987.01466  14.5%   591 2956s
 16761   900 6987.13521  407 3512 8175.00000 6987.13521  14.5%   591 2962s
 16762   901 6987.50146  317 3593 8175.00000 6987.50146  14.5%   591 2965s
 16770   906 6987.83488  175 3654 8175.00000 6987.83488  14.5%   591 2971s
 16772   907 6988.32789  121 3657 8175.00000 6988.32789  14.5%   591 2975s
 16777   911 6988.66903   35 3519 8175.00000 6988.66903  14.5%   591 2983s
 16778   911 6988.77867   69 3585 8175.00000 6988.77867  14.5%   591 2985s
 16783   915 6989.01571   58 3664 8175.00000 6989.01571  14.5%   590 2990s
 16790   919 6989.37054  219 3660 8175.00000 6989.37054  14.5%   590 2996s
 16796   923 6989.50324  190 3731 8175.00000 6989.50324  14.5%   590 3000s
 16803   928 6989.58034  123 3657 8175.00000 6989.58034  14.5%   590 3005s
 16808   931 6990.09221  227 3504 8175.00000 6990.09221  14.5%   589 3011s
 16813   935 6990.29437  238 3685 8175.00000 6990.29437  14.5%   589 3015s
 16817   937 6990.60629   39 3520 8175.00000 6990.60629  14.5%   589 3020s
 16823   941 6990.89407  125 3587 8175.00000 6990.89407  14.5%   589 3025s
 16831   947 6991.23950  159 3427 8175.00000 6991.23950  14.5%   589 3030s
 16838   951 6991.42149   82 3598 8175.00000 6991.42149  14.5%   588 3035s
 16845   956 6991.57655  231 3673 8175.00000 6991.57655  14.5%   588 3040s
 16850   959 6991.95393  191 3628 8175.00000 6991.95393  14.5%   588 3045s
 16856   963 6992.19294   21 3706 8175.00000 6992.19294  14.5%   588 3050s
 16858   965 6992.81450  433 3548 8175.00000 6992.81450  14.5%   588 3055s
 16863   968 6993.21265  180 3508 8175.00000 6993.21265  14.5%   588 3061s
 16868   971 6993.46174  249 3477 8175.00000 6993.46174  14.5%   587 3065s
H16872   921                    8173.0000000 6993.75821  14.4%   587 3121s
H16872   871                    8172.0000000 6993.75821  14.4%   587 3136s
 16874   872 6993.83676  367 3637 8172.00000 6993.83676  14.4%   587 3150s
 16880   876 6994.26838   61 3565 8172.00000 6994.26838  14.4%   587 3155s
 16886   880 6994.54814  276 3548 8172.00000 6994.54814  14.4%   587 3160s
 16892   884 6994.80163  189 3498 8172.00000 6994.80163  14.4%   587 3166s
 16898   888 6995.16488   40 3457 8172.00000 6995.16488  14.4%   586 3171s
 16904   892 6995.31372   13 3681 8172.00000 6995.31372  14.4%   586 3175s
 16910   896 6995.50998  137 3778 8172.00000 6995.50998  14.4%   586 3180s
 16916   900 6995.66449  153 3667 8172.00000 6995.66449  14.4%   586 3185s
 16922   904 6995.89334   78 3655 8172.00000 6995.89334  14.4%   586 3190s
 16927   908 6996.50913   69 3519 8172.00000 6996.50913  14.4%   585 3196s
 16933   912 6996.85091   30 3646 8172.00000 6996.85091  14.4%   585 3202s
 16938   915 6997.02623   82 3802 8172.00000 6997.02623  14.4%   585 3205s
 16943   918 6997.38555  304 3800 8172.00000 6997.38555  14.4%   585 3210s
 16948   922 6997.84334   41 3727 8172.00000 6997.84334  14.4%   585 3215s
 16955   926 6998.04373  275 3579 8172.00000 6998.04373  14.4%   584 3220s
 16960   930 6998.31947  147 3656 8172.00000 6998.31947  14.4%   584 3225s
 16965   933 6998.66933  213 3738 8172.00000 6998.66933  14.4%   584 3230s
 16973   938 6999.02964  293 3723 8172.00000 6999.02964  14.4%   584 3236s
 16980   943 6999.13016   61 3836 8172.00000 6999.13016  14.4%   584 3240s
 16984   946 6999.53184   77 3810 8172.00000 6999.53184  14.3%   583 3245s
 16989   949 6999.84274  232 3773 8172.00000 6999.84274  14.3%   583 3250s
 16995   953 7000.08824  223 3688 8172.00000 7000.08824  14.3%   583 3256s
 17000   956 7000.29105   14 3805 8172.00000 7000.29105  14.3%   583 3260s
 17005   960 7000.55513   87 3784 8172.00000 7000.55513  14.3%   583 3266s
 17011   964 7000.67520  469 3796 8172.00000 7000.67520  14.3%   582 3270s
 17015   966 7001.15849  237 3692 8172.00000 7001.15849  14.3%   582 3276s
 17021   970 7001.43233   63 3744 8172.00000 7001.43233  14.3%   582 3281s
 17025   973 7001.71370  523 3718 8172.00000 7001.71370  14.3%   582 3286s
 17029   976 7001.82719  132 3834 8172.00000 7001.82719  14.3%   582 3290s
 17034   979 7002.25452  144 4018 8172.00000 7002.25452  14.3%   582 3295s
 17037   981 7002.83018  242 3888 8172.00000 7002.83018  14.3%   582 3300s
 17044   986 7003.14078  132 3752 8172.00000 7003.14078  14.3%   581 3305s
 17050   990 7003.46133  191 3864 8172.00000 7003.46133  14.3%   581 3310s
 17054   992 7004.08196  345 3528 8172.00000 7004.08196  14.3%   581 3315s
 17060   996 7004.50118  147 3825 8172.00000 7004.50118  14.3%   581 3320s
 17065  1000 7004.77535  213 3819 8172.00000 7004.77535  14.3%   581 3325s
 17072  1004 7004.91775  121 3806 8172.00000 7004.91775  14.3%   580 3330s
 17081  1010 7005.02522  106 3822 8172.00000 7005.02522  14.3%   580 3335s
 17088  1015 7005.20126  146 3892 8172.00000 7005.20126  14.3%   580 3340s
 17095  1020 7005.29707  223 3860 8172.00000 7005.29707  14.3%   580 3345s
 17101  1024 7005.56121  313 3803 8172.00000 7005.56121  14.3%   579 3351s
 17107  1028 7005.73074  103 3782 8172.00000 7005.73074  14.3%   579 3355s
 17114  1032 7005.89778   10 3982 8172.00000 7005.89778  14.3%   579 3360s
 17123  1038 7005.98935  125 3911 8172.00000 7005.98935  14.3%   579 3365s
 17129  1042 7006.22048  132 3880 8172.00000 7006.22048  14.3%   578 3370s
 17138  1048 7006.38189   82 3801 8172.00000 7006.38189  14.3%   578 3375s
 17145  1053 7006.61479  231 3771 8172.00000 7006.61479  14.3%   578 3380s
 17152  1058 7006.75134   27 3792 8172.00000 7006.75134  14.3%   578 3385s
H17154   998                    8156.0000000 7006.82259  14.1%   578 3387s
H17154   939                    8154.0000000 7006.82403  14.1%   578 3388s
 17157   941 7006.97613  192 3664 8154.00000 7006.97613  14.1%   577 3390s
 17165   946 7007.22007  213 3796 8154.00000 7007.22007  14.1%   577 3395s
H17169   893                    8153.0000000 7007.37065  14.1%   577 3399s
 17171   894 7007.40550  106 3737 8153.00000 7007.40550  14.1%   577 3400s
 17178   899 7007.66785   69 3842 8153.00000 7007.66785  14.0%   577 3405s
 17183   902 7007.88487   58 3742 8153.00000 7007.88487  14.0%   577 3410s
 17189   906 7008.11086  232 3706 8153.00000 7008.11086  14.0%   576 3415s
 17195   910 7008.25947  223 3684 8153.00000 7008.25947  14.0%   576 3420s
 17202   915 7008.53815   92 3578 8153.00000 7008.53815  14.0%   576 3425s
 17208   919 7008.92562  227 3735 8153.00000 7008.92562  14.0%   576 3430s
 17214   923 7009.28293   10 3664 8153.00000 7009.28293  14.0%   576 3435s
 17222   928 7009.37535   78 3731 8153.00000 7009.37535  14.0%   575 3440s
 17228   932 7009.47532  198 3687 8153.00000 7009.47532  14.0%   575 3445s
 17234   936 7009.65574  144 3541 8153.00000 7009.65574  14.0%   575 3450s
H17242   885                    8148.0000000 7009.80053  14.0%   575 3456s
H17243   831                    8146.0000000 7009.85314  13.9%   575 3457s
H17243   779                    8142.0000000 7009.85314  13.9%   575 3457s
H17243   730                    8140.0000000 7009.85314  13.9%   575 3457s
 17249   734 7009.89905  184 3547 8140.00000 7009.89905  13.9%   574 3460s
 17257   740 7010.09757  192 3550 8140.00000 7010.09757  13.9%   574 3465s
 17263   744 7010.17843  180 3567 8140.00000 7010.17843  13.9%   574 3537s
 17264   747 7010.18841   34 3505 8140.00000 7010.17990  13.9%   598 3549s
 17266   751 7010.26308   35 3462 8140.00000 7010.18895  13.9%   598 3571s
 17270   757 7010.36649   36 3494 8140.00000 7010.26380  13.9%   599 3604s
 17278   771 7010.39476   37 3566 8140.00000 7010.36682  13.9%   602 3633s
 17294   781 7040.91548   38 3000 8140.00000 7010.39518  13.9%   609 3687s
 17310   808 7046.80379   39 3271 8140.00000 7010.39518  13.9%   618 3734s
 17342   898 7047.64608   40 3125 8140.00000 7010.39518  13.9%   629 3772s
 17443   987 7047.68099   41 3079 8140.00000 7010.39518  13.9%   638 3797s
 17565  1065 7047.97470   46 2913 8140.00000 7010.39518  13.9%   643 3815s
 17684  1054 7051.12338   48 3142 8140.00000 7010.39518  13.9%   647 3829s
 17713  1080 7051.15098   49 3137 8140.00000 7010.39518  13.9%   648 3844s
 17748  1100 7051.23892   50 3249 8140.00000 7010.39518  13.9%   649 3854s
 17780  1137 7051.99123   51 3076 8140.00000 7010.39518  13.9%   650 3863s
 17828  1152 7052.04096   52 3140 8140.00000 7010.39518  13.9%   651 3877s
 17859  1177 7054.57704   53 3086 8140.00000 7010.39518  13.9%   652 3891s
 17894  1224 7052.33739   51 3219 8140.00000 7010.39518  13.9%   655 3905s
 17953  1264 7052.96398   54 3194 8140.00000 7010.39518  13.9%   656 3920s
 18012  1308 7053.19184   59 3051 8140.00000 7010.39518  13.9%   658 3934s
 18076  1356 7055.31699   63 3066 8140.00000 7010.39518  13.9%   660 3948s
 18145  1421 7054.59273   62 3099 8140.00000 7010.39518  13.9%   663 3960s
 18233  1479 7055.47153   65 2875 8140.00000 7010.39518  13.9%   666 3975s
 18321  1528 7057.37275   67 2971 8140.00000 7010.39518  13.9%   669 3995s
 18399  1612 7057.72895   69 2853 8140.00000 7010.39518  13.9%   674 4014s
 18509  1693 7058.05009   70 2977 8140.00000 7010.39518  13.9%   678 4036s
 18629  1796 7058.85609   74 2982 8140.00000 7010.39518  13.9%   682 4054s
 18772  1885 7059.43101   76 3079 8140.00000 7010.39518  13.9%   686 4071s
 18908  1986 7061.02171   81 2894 8140.00000 7010.39518  13.9%   690 4089s
 19057  2090 7059.79693   80 2999 8140.00000 7010.39518  13.9%   693 4107s
 19210  2071 7061.61689   84 2847 8140.00000 7010.39518  13.9%   696 4119s
 19242  2096 7061.74890   85 2921 8140.00000 7010.39518  13.9%   697 4134s
 19280  2204 7066.89906   86 2774 8140.00000 7010.39518  13.9%   698 4152s
H19359  2133                    8127.0000000 7010.39518  13.7%   700 4152s
 19401  2306 7061.60966   85 2777 8127.00000 7010.39518  13.7%   701 4172s
 19576  2453 7081.57733   89 2698 8127.00000 7010.39518  13.7%   706 4193s
 19723  2619 7064.19186   90 2726 8127.00000 7010.39518  13.7%   712 4218s
 19889  2771 7096.07364   93 2602 8127.00000 7010.39518  13.7%   719 4240s
 20041  2964 7065.31133   97 2798 8127.00000 7010.39518  13.7%   725 4266s
 20234  3192 7066.19465  102 2753 8127.00000 7010.39518  13.7%   731 4289s
 20462  3366 7066.48460  103 2776 8127.00000 7010.39518  13.7%   735 4315s
H20515  3366                    8125.0000000 7010.39518  13.7%   738 4316s
 20636  3618 7069.66113  105 2728 8125.00000 7010.39518  13.7%   744 4337s
 20888  3650 7077.31290  105 2772 8125.00000 7010.39518  13.7%   749 4356s
H20890  3650                    8124.0000000 7010.39518  13.7%   749 4356s
H20920  3786                    8120.0000000 7010.39518  13.7%   750 4381s
H20922  3786                    8116.0000000 7010.39518  13.6%   750 4381s
H20923  3786                    8098.0000000 7010.39518  13.4%   750 4381s
H20930  3786                    8094.0000000 7010.39518  13.4%   751 4381s
 21056  4093 7073.14437  108 2779 8094.00000 7010.39518  13.4%   754 4407s
 21363  4393 7073.88586  113 2739 8094.00000 7010.39518  13.4%   759 4434s
 21667  4426 7076.35987  117 2562 8094.00000 7010.39518  13.4%   763 4455s
 21702  4553 7074.87799  116 2742 8094.00000 7010.39518  13.4%   764 4484s
H21777  4553                    8092.0000000 7010.39518  13.4%   766 4484s
H21836  4728                    8091.0000000 7010.39518  13.4%   768 4513s
H21874  4728                    8089.0000000 7010.39518  13.3%   768 4513s
H21882  4728                    8079.0000000 7010.39518  13.2%   769 4513s
H21916  4728                    8078.0000000 7010.39518  13.2%   769 4513s
 22048  5085 7079.19093  119 2576 8078.00000 7010.39518  13.2%   772 4550s
 22437  5470 7090.63329  121 2651 8078.00000 7010.39518  13.2%   775 4583s
 22832  5901 7078.92120  125 2707 8078.00000 7010.39518  13.2%   780 4616s
 23294  6219 7112.35123  129 2604 8078.00000 7010.39518  13.2%   784 4650s
H23662  6425                    8073.0000000 7010.39518  13.2%   790 4684s
 23882  6843 7089.73637  133 2677 8073.00000 7010.39518  13.2%   794 4722s
 24308  7212 7106.04960  132 2550 8073.00000 7010.39518  13.2%   800 4754s
 24701  7418 7084.09212  134 2781 8073.00000 7010.39518  13.2%   805 4783s
H24757  7411                    8072.0000000 7010.39518  13.2%   807 4783s
 24924  7521 7085.25102  136 2834 8072.00000 7010.39518  13.2%   808 4874s
 25070  7552 7085.33891  137 2866 8072.00000 7010.39518  13.2%   810 4903s
H25074  7544                    8071.0000000 7010.39518  13.1%   810 4903s
 25103  7984 7112.80716  138 2763 8071.00000 7010.39518  13.1%   813 4943s
 25574  8248 7085.76887  142 2949 8071.00000 7010.39518  13.1%   819 4983s
H25781  8237                    8068.0000000 7010.39518  13.1%   821 4983s
 25848  8826 7087.16092  146 2852 8068.00000 7010.39518  13.1%   822 5026s
 26438  9555 7089.77907  149 2783 8068.00000 7010.39518  13.1%   827 5072s
H27192  9962                    8065.0000000 7010.39518  13.1%   828 5124s
 27746 10449 7091.28545  158 2818 8065.00000 7010.39518  13.1%   836 5178s
 28293 10481 7098.39103  162 2698 8065.00000 7010.39518  13.1%   842 5217s
 28325 10513 7101.65719  163 2823 8065.00000 7010.39518  13.1%   843 5253s
 28357 10558 7097.03457  166 2715 8065.00000 7010.39518  13.1%   844 5296s
 28402 10965 7095.69342  166 2823 8065.00000 7010.39518  13.1%   844 5345s
 28847 11429 7102.60960  171 2658 8065.00000 7010.39518  13.1%   849 5401s
 29327 11712 7104.01006  174 2732 8065.00000 7010.39518  13.1%   857 5472s
 29641 12971 7107.33614  185 2641 8065.00000 7010.39518  13.1%   861 5578s
 30932 13726 7113.33591  203 2582 8065.00000 7010.39518  13.1%   874 5639s
 31727 14248 7115.36609  212 2671 8065.00000 7010.39518  13.1%   881 5707s
 32289 14954 7119.39429  221 2637 8065.00000 7010.39518  13.1%   892 5776s
 33012 15631 7137.80942  224 2461 8065.00000 7010.39518  13.1%   899 5839s
 33755 16519 7123.81286  230 2587 8065.00000 7010.39518  13.1%   905 5908s
 34731 17095 7129.14898  244 2479 8065.00000 7010.39518  13.1%   907 5982s
 35388 17550 7132.53423  250 2591 8065.00000 7010.39518  13.1%   916 6051s
 35863 17580 7134.71709  262 2590 8065.00000 7010.39518  13.1%   927 6133s
 35895 17617 7134.97855  263 2589 8065.00000 7010.39518  13.1%   928 6240s
 35932 17654 7135.02762  264 2625 8065.00000 7010.39518  13.1%   930 6309s
 35969 17696 7135.67027  265 2702 8065.00000 7010.39518  13.1%   932 6375s
 36011 17741 7135.95302  266 2684 8065.00000 7010.39518  13.1%   934 6456s
 36056 17789 7136.51074  267 2624 8065.00000 7010.39518  13.1%   935 6522s
 36104 17883 7152.88428  265 2474 8065.00000 7010.39518  13.1%   936 6592s
 36198 18039 7151.99900  263 2380 8065.00000 7010.39518  13.1%   936 6687s
 36359 18111 7136.58251  268 2617 8065.00000 7010.39518  13.1%   934 6818s
 36439 18234 7136.76898  269 2567 8065.00000 7011.94457  13.1%   935 6933s
 36562 18394 7137.58867  269 2685 8065.00000 7011.94457  13.1%   937 7080s
 36724 18602 7137.04911  270 2670 8065.00000 7011.94457  13.1%   937 7212s
 36958 18898 7146.50231  271 2714 8065.00000 7011.94457  13.1%   937 7321s
 37275 19446 7162.71473  270 2505 8065.00000 7011.94457  13.1%   941 7422s
 37824 20237 7137.87528  270 2731 8065.00000 7011.94457  13.1%   942 7533s
 38688 20698 7160.42649  277 2524 8065.00000 7011.94457  13.1%   950 7639s
H38979 20562                    8053.0000000 7011.94457  12.9%   955 7639s
 39164 21554 7150.10365  288 2360 8053.00000 7011.94457  12.9%   959 7762s
 40225 22337 7154.55201  303 2452 8053.00000 7011.94457  12.9%   981 7877s
H40784 22091                    8040.0000000 7011.94457  12.8%   992 7877s
H41102 22787                    8026.0000000 7011.94457  12.6%   995 8016s
 42243 23681 7189.16886  310 2205 8026.00000 7012.00400  12.6%  1015 8149s
H42289 23608                    8023.0000000 7012.00400  12.6%  1017 8149s
H42441 23469                    8015.0000000 7012.00400  12.5%  1019 8149s
H42841 23447                    8014.0000000 7012.00400  12.5%  1029 8149s
 43181 24365 7202.34805  322 2169 8014.00000 7012.00400  12.5%  1036 8279s
 44115 25777 7204.99674  342 2184 8014.00000 7012.00400  12.5%  1057 8416s
 45555 26802 7234.18353  345 2196 8014.00000 7012.00400  12.5%  1072 8553s
 46665 28070 7215.96928  364 2164 8014.00000 7012.00400  12.5%  1085 8705s
 48017 29088 7235.44507  405 2104 8014.00000 7012.00400  12.5%  1105 8869s
H48792 29022                    8012.0000000 7012.00400  12.5%  1114 8869s
 49074 30419 7284.34756  412 2159 8012.00000 7012.00400  12.5%  1115 9031s
 50559 31763 7254.65150  436 2119 8012.00000 7012.00400  12.5%  1129 9193s
 51934 33217 7268.16660  442 2041 8012.00000 7012.00400  12.5%  1141 9364s
 53442 34612 7363.65397  475 1891 8012.00000 7012.00400  12.5%  1160 9531s
 54890 36281 7303.44280  507 1715 8012.00000 7012.00400  12.5%  1171 9707s
 56620 37714 7319.74237  538 1653 8012.00000 7012.00400  12.5%  1189 9894s
 58140 39037 infeasible  572      8012.00000 7012.00418  12.5%  1203 10097s
 59557 39038 7192.27510  346 12542 8012.00000 7012.48044  12.5%  1229 10904s
 59559 39039 7215.83460  114  894 8012.00000 7012.48044  12.5%  1229 10910s
 59562 39041 7694.40323  367 1164 8012.00000 7012.48044  12.5%  1229 10916s
 59563 39042 7168.56300  166 1460 8012.00000 7012.48044  12.5%  1229 10922s
 59564 39043 7663.41565  188 1634 8012.00000 7012.48044  12.5%  1229 10930s
 59565 39043 7697.32774  174 1587 8012.00000 7012.48044  12.5%  1229 10939s
 59566 39044 7389.73693  224 1716 8012.00000 7012.48044  12.5%  1229 10951s
 59567 39045 7545.60055  488 1859 8012.00000 7012.48044  12.5%  1229 10963s
 59568 39045 7320.15386  185 1941 8012.00000 7012.48044  12.5%  1229 10973s
 59569 39046 7856.47876  231 2252 8012.00000 7012.48044  12.5%  1229 10985s
 59570 39047 7579.24166  315 2384 8012.00000 7012.48044  12.5%  1229 10998s
 59571 39047 7217.24017  206 2513 8012.00000 7012.48044  12.5%  1229 11010s
 59572 39048 7563.96033  201 2708 8012.00000 7012.48044  12.5%  1229 11021s
 59573 39049 7085.18017   46 2846 8012.00000 7014.34025  12.5%  1229 11031s
 59574 39049 7631.07477  330 2877 8012.00000 7020.18210  12.4%  1229 11039s
 59575 39050 7598.82364  186 2954 8012.00000 7023.73994  12.3%  1229 11045s
 59577 39051 7267.76021  228 2755 8012.00000 7026.41597  12.3%  1229 11051s
 59579 39053 7460.04039   90 2909 8012.00000 7026.90751  12.3%  1229 11055s
 59587 39058 7193.45346  182 2874 8012.00000 7030.92623  12.2%  1228 11067s
 59588 39059 7120.75604   68 2901 8012.00000 7033.25550  12.2%  1228 11073s
 59589 39059 7444.89156  298 2872 8012.00000 7034.94989  12.2%  1228 11077s
 59591 39061 7439.51685  109 2875 8012.00000 7035.62673  12.2%  1228 11080s
 59596 39064 7328.08738  554 2963 8012.00000 7035.72048  12.2%  1228 11104s
 59597 39065 7635.86093  179 2884 8012.00000 7039.73319  12.1%  1228 11111s
 59599 39066 7249.39792  112 3027 8012.00000 7040.94210  12.1%  1228 11116s
 59604 39069 7239.79534  210 3017 8012.00000 7041.05227  12.1%  1228 11137s
 59605 39070 7688.42078  159 2878 8012.00000 7042.94256  12.1%  1228 11142s
 59606 39071 7112.26616   59 3010 8012.00000 7044.08642  12.1%  1228 11145s
 59611 39074 7705.56702  215 3016 8012.00000 7044.62792  12.1%  1228 11170s
 59613 39075 7275.25659  130 2894 8012.00000 7046.69502  12.0%  1228 11177s
 59618 39079 7489.37876  404 3102 8012.00000 7046.88333  12.0%  1228 11201s
 59619 39079 7375.30423  144 2995 8012.00000 7048.78739  12.0%  1228 11212s
 59620 39080 7169.82372  191 3003 8012.00000 7049.47297  12.0%  1228 11215s
 59625 39083 7923.80432  209 3001 8012.00000 7049.66449  12.0%  1228 11237s
 59626 39084 7592.25267  515 3160 8012.00000 7050.80672  12.0%  1228 11241s
 59629 39086 7666.47824  386 3126 8012.00000 7051.19967  12.0%  1228 11245s
 59632 39088 7102.60966   78 3213 8012.00000 7051.20815  12.0%  1227 11266s
 59633 39089 7694.21702  532 3016 8012.00000 7052.68636  12.0%  1227 11270s
 59637 39091 7137.77022  117 3186 8012.00000 7053.29241  12.0%  1227 11275s
 59642 39095 7126.29656  103 3189 8012.00000 7053.32853  12.0%  1227 11297s
 59643 39095 7537.42197  259 2934 8012.00000 7055.04817  11.9%  1227 11303s
 59644 39096 7072.54376   66 2998 8012.00000 7055.95366  11.9%  1227 11307s
 59648 39099 7293.99303  153 3085 8012.00000 7056.23904  11.9%  1227 11310s
 59650 39100 7112.83698  162 3133 8012.00000 7056.24775  11.9%  1227 11331s
 59651 39101 7769.77335  271 2958 8012.00000 7057.55108  11.9%  1227 11335s
 59654 39103 7287.47410  250 3173 8012.00000 7058.47025  11.9%  1227 11340s
 59661 39107 7570.18341  211 3251 8012.00000 7058.52642  11.9%  1227 11364s
 59662 39108 7694.40323  367 3004 8012.00000 7059.45827  11.9%  1227 11366s
 59664 39109 7663.41565  188 3132 8012.00000 7060.01079  11.9%  1227 11370s
 59670 39113 7579.24166  315 3316 8012.00000 7060.05457  11.9%  1227 11393s
 59671 39114 7217.24017  206 3212 8012.00000 7061.00246  11.9%  1227 11399s
 59672 39115 7563.96033  201 3268 8012.00000 7061.24213  11.9%  1227 11401s
 59676 39117 7200.59692  161 3389 8012.00000 7061.46432  11.9%  1227 11424s
 59677 39118 7267.76021  228 3035 8012.00000 7062.00359  11.9%  1227 11427s
 59681 39121 7847.73406  214 3213 8012.00000 7062.22562  11.9%  1226 11430s
 59685 39123 7617.27692  134 3215 8012.00000 7062.23244  11.9%  1226 11453s
 59686 39124 7105.44171   48 3094 8012.00000 7062.88216  11.8%  1226 11456s
 59689 39126 7444.89156  298 3297 8012.00000 7063.21832  11.8%  1226 11460s
 59692 39128 7561.80587   59 3290 8012.00000 7063.27112  11.8%  1226 11481s
 59693 39129 7187.92073  211 3021 8012.00000 7064.41553  11.8%  1226 11485s
 59695 39130 7938.53001  109 3320 8012.00000 7065.03303  11.8%  1226 11490s
 59699 39133 7249.39792  112 3429 8012.00000 7065.15470  11.8%  1226 11514s
 59700 39133 7303.48157   67 3277 8012.00000 7066.17113  11.8%  1226 11518s
 59701 39134 7471.48101  367 2993 8012.00000 7066.40485  11.8%  1226 11520s
 59706 39137 7112.26616   59 3292 8012.00000 7066.68185  11.8%  1226 11544s
 59707 39138 7298.59694  122 3102 8012.00000 7068.13902  11.8%  1226 11549s
 59708 39139 7430.29099   72 3230 8012.00000 7068.51684  11.8%  1226 11551s
 59712 39141 7234.71795  153 3400 8012.00000 7068.77010  11.8%  1226 11555s
 59715 39143 7231.33427   86 3289 8012.00000 7068.78426  11.8%  1226 11576s
 59716 39144 7270.76436  454 3146 8012.00000 7069.60925  11.8%  1226 11586s
 59718 39145 7489.37876  404 3308 8012.00000 7070.19154  11.8%  1226 11590s
 59724 39149 7816.23226  442 3292 8012.00000 7070.29062  11.8%  1226 11612s
 59726 39151 7592.25267  515 3133 8012.00000 7071.04680  11.7%  1226 11616s
 59732 39155 7102.60966   78 3401 8012.00000 7071.15286  11.7%  1225 11640s
 59734 39156 7522.42077  513 3215 8012.00000 7072.99608  11.7%  1225 11646s
 59738 39159 7316.43698  314 3222 8012.00000 7073.32874  11.7%  1225 11650s
 59740 39160 7429.93765  214 3286 8012.00000 7073.33418  11.7%  1225 11669s
 59741 39161 7118.27272   98 3046 8012.00000 7073.82143  11.7%  1225 11671s
 59744 39163 7074.24469   66 3163 8012.00000 7074.24469  11.7%  1225 11675s
 59748 39165 7293.99303  153 3233 8012.00000 7074.28068  11.7%  1225 11696s
 59750 39167 7112.83698  162 3144 8012.00000 7075.37459  11.7%  1225 11701s
 59757 39171 7192.27510  346 3235 8012.00000 7075.49178  11.7%  1225 11723s
 59758 39172 7076.18786   68 3076 8012.00000 7076.18786  11.7%  1225 11726s
 59762 39175 7694.40323  367 3311 8012.00000 7076.56397  11.7%  1225 11730s
 59764 39176 7663.41565  188 3347 8012.00000 7076.56827  11.7%  1225 11750s
 59765 39177 7697.32774  174 3129 8012.00000 7077.35220  11.7%  1225 11861s
 59766 39177 7389.73693  224 3154 8012.00000 7077.73201  11.7%  1225 11866s
 59773 39182 7085.18017   46 3350 8012.00000 7077.82435  11.7%  1225 11888s
 59774 39183 7631.07477  330 3126 8012.00000 7079.38218  11.6%  1225 11893s
 59775 39183 7598.82364  186 3118 8012.00000 7080.17168  11.6%  1225 11897s
 59779 39186 7460.04039   90 3266 8012.00000 7080.40894  11.6%  1224 11900s
 59782 39188 7182.04056  131 3302 8012.00000 7080.41974  11.6%  1224 11920s
 59785 39190 7617.27692  134 3292 8012.00000 7081.14234  11.6%  1224 11925s
 59788 39192 7120.75604   68 3273 8012.00000 7081.17555  11.6%  1224 11947s
 59789 39193 7444.89156  298 3116 8012.00000 7082.14972  11.6%  1224 11950s
 59792 39195 7561.80587   59 3207 8012.00000 7083.11926  11.6%  1224 11956s
 59797 39198 7635.86093  179 3197 8012.00000 7083.26592  11.6%  1224 11979s
 59798 39199 7161.14745  318 3078 8012.00000 7084.45426  11.6%  1224 11982s
 59800 39200 7303.48157   67 3232 8012.00000 7084.88496  11.6%  1224 11985s
 59803 39202 7084.92502   99 3231 8012.00000 7084.92502  11.6%  1224 12005s
 59805 39203 7688.42078  159 3209 8012.00000 7085.63622  11.6%  1224 12010s
 59809 39206 7228.45736  462 3322 8012.00000 7085.73524  11.6%  1224 12033s
 59810 39207 7200.02267  126 3233 8012.00000 7086.53604  11.6%  1224 12036s
 59814 39209 7835.62332  455 3367 8012.00000 7086.93943  11.5%  1224 12040s
 59817 39211 7467.86120  186 3424 8012.00000 7086.94773  11.5%  1224 12061s
 59819 39213 7375.30423  144 3305 8012.00000 7088.31801  11.5%  1224 12067s
 59822 39215 7088.51250   50 3392 8012.00000 7088.51250  11.5%  1224 12070s
 59825 39217 7923.80432  209 3474 8012.00000 7088.52539  11.5%  1223 12091s
 59826 39217 7592.25267  515 3068 8012.00000 7089.53699  11.5%  1223 12095s
 59829 39219 7666.47824  386 3241 8012.00000 7090.06378  11.5%  1223 12100s
 59834 39223 7522.42077  513 3266 8012.00000 7090.11603  11.5%  1223 12121s
 59835 39223 7733.25567  366 3466 8012.00000 7090.99818  11.5%  1223 12125s
 59838 39225 7316.43698  314 3492 8012.00000 7091.48029  11.5%  1223 12130s
 59843 39229 7537.42197  259 3627 8012.00000 7091.53697  11.5%  1223 12152s
 59844 39229 7091.99439   66 3324 8012.00000 7091.99439  11.5%  1223 12155s
 59851 39234 7769.77335  271 3303 8012.00000 7092.29257  11.5%  1223 12179s
 59852 39235 7092.87025   98 3275 8012.00000 7092.87025  11.5%  1223 12182s
 59855 39237 7567.07234  137 3288 8012.00000 7093.08430  11.5%  1223 12185s
 59858 39239 7093.10055   68 3209 8012.00000 7093.10055  11.5%  1223 12208s
 59859 39239 7215.83460  114 3238 8012.00000 7093.38109  11.5%  1223 12210s
 59866 39244 7389.73693  224 3481 8012.00000 7093.59399  11.5%  1223 12234s
 59867 39245 7545.60055  488 3108 8012.00000 7094.12820  11.5%  1223 12237s
 59872 39248 7563.96033  201 3492 8012.00000 7094.34000  11.5%  1223 12240s
 59874 39249 7631.07477  330 3469 8012.00000 7094.34346  11.5%  1222 12259s
 59875 39250 7598.82364  186 3403 8012.00000 7095.01941  11.4%  1222 12263s
 59876 39251 7200.59692  161 3474 8012.00000 7095.65417  11.4%  1222 12266s
 59883 39255 7310.96784  110 3551 8012.00000 7095.88422  11.4%  1222 12291s
 59884 39256 7219.52019  156 3280 8012.00000 7096.47515  11.4%  1222 12295s
 59891 39261 7439.51685  109 3692 8012.00000 7096.79421  11.4%  1222 12319s
 59892 39261 7561.80587   59 3375 8012.00000 7097.11725  11.4%  1222 12321s
 59896 39264 7328.08738  554 3362 8012.00000 7097.32119  11.4%  1222 12325s
 59899 39266 7249.39792  112 3398 8012.00000 7097.32691  11.4%  1222 12346s
 59901 39267 7471.48101  367 3430 8012.00000 7097.85333  11.4%  1222 12350s
 59905 39270 7688.42078  159 3614 8012.00000 7097.88649  11.4%  1222 12372s
 59908 39272 7430.29099   72 3550 8012.00000 7098.21900  11.4%  1222 12375s
 59911 39274 7705.56702  215 3529 8012.00000 7098.22710  11.4%  1222 12396s
 59913 39275 7275.25659  130 3446 8012.00000 7098.87670  11.4%  1222 12400s
 59918 39279 7489.37876  404 3425 8012.00000 7098.92607  11.4%  1222 12422s
 59920 39280 7169.82372  191 3341 8012.00000 7099.39517  11.4%  1222 12426s
 59925 39283 7923.80432  209 3520 8012.00000 7099.43076  11.4%  1221 12446s
 59929 39286 7666.47824  386 3366 8012.00000 7099.88411  11.4%  1221 12450s
 59933 39289 7694.21702  532 3317 8012.00000 7099.90165  11.4%  1221 12471s
 59935 39290 7733.25567  366 3507 8012.00000 7100.44939  11.4%  1221 12475s
 59941 39294 7118.27272   98 3657 8012.00000 7100.50445  11.4%  1221 12496s
 59942 39295 7126.29656  103 3318 8012.00000 7101.25382  11.4%  1221 12500s
 59945 39297 7248.57394  401 3487 8012.00000 7101.72065  11.4%  1221 12505s
 59949 39299 7468.04418  226 3594 8012.00000 7101.76196  11.4%  1221 12527s
 59950 39300 7112.83698  162 3382 8012.00000 7102.23544  11.4%  1221 12530s
 59955 39303 7567.07234  137 3648 8012.00000 7102.58514  11.4%  1221 12535s
 59957 39305 7192.27510  346 3624 8012.00000 7102.58737  11.4%  1221 12554s
 59958 39305 7103.12458   68 3432 8012.00000 7103.12458  11.3%  1221 12557s
 59961 39307 7570.18341  211 3469 8012.00000 7103.34048  11.3%  1221 12560s
 59965 39310 7697.32774  174 3499 8012.00000 7103.36373  11.3%  1221 12581s
 59967 39311 7545.60055  488 3495 8012.00000 7103.77556  11.3%  1221 12585s
 59971 39314 7217.24017  206 3540 8012.00000 7103.81523  11.3%  1221 12607s
 59973 39315 7104.34379   46 3629 8012.00000 7104.34379  11.3%  1220 12611s
 59979 39319 7460.04039   90 3649 8012.00000 7104.47232  11.3%  1220 12634s
 59980 39320 7870.21975  531 3293 8012.00000 7105.34381  11.3%  1220 12638s
 59982 39321 7182.04056  131 3544 8012.00000 7105.57461  11.3%  1220 12640s
 59986 39324 7105.61559   48 3607 8012.00000 7105.61559  11.3%  1220 12663s
 59987 39325 7193.45346  182 3167 8012.00000 7106.04106  11.3%  1220 12666s
 59993 39329 7187.92073  211 3412 8012.00000 7106.20352  11.3%  1220 12688s
 59994 39329 7261.27385  134 3217 8012.00000 7106.77754  11.3%  1220 12691s
 60000 39333 7303.48157   67 3301 8012.00000 7106.97535  11.3%  1220 12714s
 60001 39334 7471.48101  367 3390 8012.00000 7107.31965  11.3%  1220 12717s
 60006 39337 7112.26616   59 3561 8012.00000 7107.48907  11.3%  1220 12720s
 60008 39339 7430.29099   72 3603 8012.00000 7107.49030  11.3%  1220 12741s
 60012 39341 7234.71795  153 3387 8012.00000 7107.80048  11.3%  1220 12745s
 60014 39343 7835.62332  455 3437 8012.00000 7107.80340  11.3%  1220 12765s
 60019 39346 7375.30423  144 3403 8012.00000 7108.13750  11.3%  1220 12770s
 60023 39349 7164.97993  136 3406 8012.00000 7108.14797  11.3%  1219 12790s
 60028 39352 7625.09817  221 3442 8012.00000 7108.26414  11.3%  1219 12811s
 60032 39355 7108.53466   78 3603 8012.00000 7108.53466  11.3%  1219 12815s
 60035 39357 7733.25567  366 3668 8012.00000 7108.54183  11.3%  1219 12834s
 60036 39357 7563.48150  279 3420 8012.00000 7109.52347  11.3%  1219 12837s
 60038 39359 7316.43698  314 3338 8012.00000 7109.66459  11.3%  1219 12840s
 60042 39361 7126.29656  103 3493 8012.00000 7109.71674  11.3%  1219 12863s
 60043 39362 7537.42197  259 3486 8012.00000 7110.41327  11.3%  1219 12867s
 60045 39363 7248.57394  401 3441 8012.00000 7110.83129  11.2%  1219 12870s
 60049 39366 7468.04418  226 3494 8012.00000 7110.88403  11.2%  1219 12891s
 60052 39368 7111.10924   98 3490 8012.00000 7111.10924  11.2%  1219 12895s
 60056 39371 7236.56125  295 3577 8012.00000 7111.12543  11.2%  1219 12916s
 60060 39373 7360.86274  245 3666 8012.00000 7111.32053  11.2%  1219 12920s
 60062 39375 7694.40323  367 3500 8012.00000 7111.32234  11.2%  1219 12940s
 60066 39377 7389.73693  224 3483 8012.00000 7111.53004  11.2%  1219 12964s
 60067 39378 7545.60055  488 3665 8012.00000 7111.86511  11.2%  1219 12966s
 60071 39381 7217.24017  206 3584 8012.00000 7112.12488  11.2%  1218 12970s
 60077 39385 7267.76021  228 3685 8012.00000 7112.17759  11.2%  1218 12992s
 60079 39386 7460.04039   90 3891 8012.00000 7112.45857  11.2%  1218 12995s
 60085 39390 7617.27692  134 3810 8012.00000 7112.53926  11.2%  1218 13017s
 60088 39392 7120.75604   68 3862 8012.00000 7112.75299  11.2%  1218 13020s
 60095 39397 7938.53001  109 3783 8012.00000 7112.77447  11.2%  1218 13042s
 60098 39399 7161.14745  318 3735 8012.00000 7112.95957  11.2%  1218 13045s
 60100 39400 7303.48157   67 3789 8012.00000 7112.96225  11.2%  1218 13067s
 60101 39401 7471.48101  367 3573 8012.00000 7113.51592  11.2%  1218 13070s
 60106 39404 7113.84384   59 3705 8012.00000 7113.84384  11.2%  1218 13094s
 60107 39405 7298.59694  122 3689 8012.00000 7114.46674  11.2%  1218 13097s
 60110 39407 7200.02267  126 3739 8012.00000 7114.65141  11.2%  1218 13100s
 60116 39411 7270.76436  454 3771 8012.00000 7114.68397  11.2%  1218 13123s
 60117 39411 7467.86120  186 3764 8012.00000 7114.81639  11.2%  1218 13125s
 60121 39414 7270.70173  102 3693 8012.00000 7114.90093  11.2%  1217 13147s
 60123 39415 7164.97993  136 3851 8012.00000 7115.12670  11.2%  1217 13150s
 60128 39419 7625.09817  221 3950 8012.00000 7115.16119  11.2%  1217 13172s
 60130 39420 7764.45449  261 3480 8012.00000 7115.55373  11.2%  1217 13176s
 60134 39423 7522.42077  513 3608 8012.00000 7115.59744  11.2%  1217 13199s
 60135 39423 7733.25567  366 3540 8012.00000 7116.04534  11.2%  1217 13201s
 60140 39427 7429.93765  214 3726 8012.00000 7116.24369  11.2%  1217 13223s
 60141 39427 7118.27272   98 3231 8012.00000 7116.86327  11.2%  1217 13226s
 60145 39430 7248.57394  401 3623 8012.00000 7117.07995  11.2%  1217 13230s
 60147 39431 7138.07016   71 3567 8012.00000 7117.08616  11.2%  1217 13251s
 60149 39433 7468.04418  226 3612 8012.00000 7117.72367  11.2%  1217 13255s
 60156 39437 7236.56125  295 3577 8012.00000 7117.76446  11.2%  1217 13278s
 60158 39439 7117.98439   68 3497 8012.00000 7117.98439  11.2%  1217 13281s
 60164 39443 7663.41565  188 3568 8012.00000 7118.05113  11.2%  1217 13305s
 60168 39445 7320.15386  185 3727 8012.00000 7118.54777  11.2%  1217 13310s
 60172 39448 7563.96033  201 3711 8012.00000 7118.56044  11.2%  1216 13331s
 60175 39450 7598.82364  186 3756 8012.00000 7118.94236  11.1%  1216 13335s
H60177 37468                    8007.0000000 7118.95182  11.1%  1216 13355s
H60177 35584                    8005.0000000 7118.95182  11.1%  1216 13355s
 60182 35588 7182.04056  131 3757 8005.00000 7119.28517  11.1%  1216 13360s
 60186 35590 7119.30462   48 3754 8005.00000 7119.30462  11.1%  1216 13381s
 60188 35592 7120.75604   68 3601 8005.00000 7119.81536  11.1%  1216 13385s
 60195 35596 7938.53001  109 3754 8005.00000 7119.88311  11.1%  1216 13407s
 60199 35599 7249.39792  112 3871 8005.00000 7120.05770  11.1%  1216 13410s
 60201 35600 7471.48101  367 3817 8005.00000 7120.06155  11.1%  1216 13432s
 60203 35602 7120.23073   99 3643 8005.00000 7120.23073  11.1%  1216 13435s
 60208 35605 7430.29099   72 3675 8005.00000 7120.26709  11.1%  1216 13458s
 60210 35606 7200.02267  126 3596 8005.00000 7120.47464  11.0%  1216 13460s
 60213 35608 7275.25659  130 3713 8005.00000 7120.50872  11.0%  1216 13481s
 60216 35610 7270.76436  454 3666 8005.00000 7120.83620  11.0%  1216 13485s
H60222 33822                    8003.0000000 7120.86760  11.0%  1215 13504s
 60224 33824 7816.23226  442 3699 8003.00000 7121.07642  11.0%  1215 13506s
 60230 33828 7764.45449  261 3829 8003.00000 7121.31195  11.0%  1215 13530s
 60234 33830 7522.42077  513 3718 8003.00000 7121.74657  11.0%  1215 13535s
 60237 33832 7137.77022  117 3782 8003.00000 7121.75891  11.0%  1215 13555s
 60241 33835 7122.12129   98 3769 8003.00000 7122.12129  11.0%  1215 13560s
 60245 33838 7248.57394  401 3832 8003.00000 7122.13188  11.0%  1215 13580s
 60249 33840 7468.04418  226 3828 8003.00000 7122.40752  11.0%  1215 13604s
 60250 33841 7122.64614  162 3665 8003.00000 7122.64614  11.0%  1215 13606s
 60255 33844 7567.07234  137 3706 8003.00000 7122.75908  11.0%  1215 13627s
 60257 33846 7192.27510  346 3709 8003.00000 7123.15559  11.0%  1215 13631s
 60262 33849 7694.40323  367 3756 8003.00000 7123.26830  11.0%  1215 13652s
 60266 33852 7389.73693  224 3750 8003.00000 7123.42955  11.0%  1215 13655s
 60267 33852 7545.60055  488 3748 8003.00000 7123.42980  11.0%  1215 13676s
 60270 33854 7579.24166  315 3781 8003.00000 7123.71304  11.0%  1214 13680s
 60273 33856 7123.72816   46 3764 8003.00000 7123.72816  11.0%  1214 13699s
 60274 33857 7631.07477  330 3615 8003.00000 7123.97008  11.0%  1214 13701s
 60279 33860 7460.04039   90 3781 8003.00000 7124.06052  11.0%  1214 13723s
 60281 33862 7847.73406  214 3781 8003.00000 7124.20111  11.0%  1214 13725s
 60287 33866 7193.45346  182 3855 8003.00000 7124.24708  11.0%  1214 13747s
 60288 33866 7124.58720   68 3658 8003.00000 7124.58720  11.0%  1214 13750s
 60295 33871 7938.53001  109 3767 8003.00000 7124.82816  11.0%  1214 13755s
 60296 33872 7328.08738  554 3776 8003.00000 7124.82911  11.0%  1214 13775s
 60299 33874 7249.39792  112 3717 8003.00000 7125.15093  11.0%  1214 13780s
 60303 33876 7125.17200   99 3725 8003.00000 7125.17200  11.0%  1214 13803s
 60304 33877 7239.79534  210 3638 8003.00000 7125.52438  11.0%  1214 13805s
 60309 33880 7228.45736  462 3878 8003.00000 7125.69191  11.0%  1214 13829s
 60310 33881 7200.02267  126 3823 8003.00000 7125.92902  11.0%  1214 13831s
 60317 33886 7467.86120  186 3820 8003.00000 7126.05075  11.0%  1214 13854s
 60318 33886 7489.37876  404 3725 8003.00000 7126.24221  11.0%  1213 13855s
 60322 33890 7126.24221   50  914 8003.00000 7126.24221  11.0%  1224 13861s
 60324 33892 7816.23226  442 1051 8003.00000 7126.24221  11.0%  1224 13866s
 60325 33892 7923.80432  209 1173 8003.00000 7126.24221  11.0%  1224 13870s
 60326 33893 7592.25267  515 1387 8003.00000 7126.24221  11.0%  1224 13876s
 60327 33894 7723.95891  188 1561 8003.00000 7126.24221  11.0%  1224 13883s
 60328 33894 7625.09817  221 1588 8003.00000 7126.24221  11.0%  1224 13891s
 60329 33895 7666.47824  386 1768 8003.00000 7126.24221  11.0%  1224 13901s
 60330 33896 7764.45449  261 1982 8003.00000 7126.24221  11.0%  1224 13912s
 60331 33896 7433.19809  261 2233 8003.00000 7126.24221  11.0%  1224 13924s
 60332 33897 7126.24221   78 2132 8003.00000 7126.24221  11.0%  1224 13936s
 60333 33898 7694.21702  532 2353 8003.00000 7126.24221  11.0%  1224 13948s
 60334 33898 7522.42077  513 2551 8003.00000 7126.24221  11.0%  1224 13962s
 60335 33899 7733.25567  366 2694 8003.00000 7126.24221  11.0%  1224 13974s
 60336 33900 7563.48150  279 2913 8003.00000 7126.24221  11.0%  1224 13986s
 60337 33900 7137.77022  117 3060 8003.00000 7126.24221  11.0%  1224 13998s
 60338 33901 7316.43698  314 3041 8003.00000 7126.24221  11.0%  1224 14008s
 60339 33902 7339.86231  133 3194 8003.00000 7126.24221  11.0%  1224 14018s
 60340 33902 7429.93765  214 3300 8003.00000 7126.24221  11.0%  1224 14025s
 60341 33903 7126.24221   98 3504 8003.00000 7126.24221  11.0%  1224 14031s
 60342 33904 7126.29656  103 3482 8003.00000 7126.24221  11.0%  1224 14036s
 60344 33905 7126.24221   66 3733 8003.00000 7126.24221  11.0%  1224 14041s
 60350 33909 7126.24221  162 3721 8003.00000 7126.24221  11.0%  1223 14047s
 60352 33910 7126.46793   98 3625 8003.00000 7126.46793  11.0%  1223 14050s
 60354 33912 7287.47410  250 3665 8003.00000 7126.47296  11.0%  1223 14072s
 60357 33914 7192.27510  346 3910 8003.00000 7126.57220  11.0%  1223 14075s
 60359 33915 7215.83460  114 3885 8003.00000 7126.57501  11.0%  1223 14098s
 60360 33916 7360.86274  245 3645 8003.00000 7126.74606  10.9%  1223 14100s
 60363 33918 7168.56300  166 3657 8003.00000 7126.81059  10.9%  1223 14124s
 60364 33918 7663.41565  188 3716 8003.00000 7126.99924  10.9%  1223 14126s
 60369 33922 7856.47876  231 3746 8003.00000 7127.10718  10.9%  1223 14151s
 60370 33922 7579.24166  315 3746 8003.00000 7127.22154  10.9%  1223 14156s
 60374 33925 7631.07477  330 3811 8003.00000 7127.27155  10.9%  1223 14180s
 60378 33928 7127.44806  117 3627 8003.00000 7127.44806  10.9%  1223 14204s
 60379 33928 7460.04039   90 3574 8003.00000 7127.74765  10.9%  1223 14206s
 60384 33932 7219.52019  156 3892 8003.00000 7127.90902  10.9%  1223 14210s
 60386 33933 7127.91176   48 3898 8003.00000 7127.91176  10.9%  1223 14231s
 60388 33934 7128.51093   68 3613 8003.00000 7128.51093  10.9%  1223 14235s
 60393 33938 7187.92073  211 3713 8003.00000 7128.59318  10.9%  1223 14259s
 60394 33938 7261.27385  134 3850 8003.00000 7128.78071  10.9%  1223 14261s
 60398 33941 7161.14745  318 3889 8003.00000 7128.89346  10.9%  1222 14283s
 60399 33942 7249.39792  112 3719 8003.00000 7129.10295  10.9%  1222 14285s
 60404 33945 7239.79534  210 3744 8003.00000 7129.14071  10.9%  1222 14310s
 60405 33946 7688.42078  159 3851 8003.00000 7129.26578  10.9%  1222 14316s
 60410 33949 7200.02267  126 3837 8003.00000 7129.34940  10.9%  1222 14339s
 60411 33950 7705.56702  215 3611 8003.00000 7129.45424  10.9%  1222 14341s
 60416 33953 7270.76436  454 3767 8003.00000 7129.49421  10.9%  1222 14364s
 60417 33954 7467.86120  186 3784 8003.00000 7129.54071  10.9%  1222 14365s
 60420 33956 7169.82372  191 3914 8003.00000 7129.56037  10.9%  1222 14389s
 60421 33956 7270.70173  102 3645 8003.00000 7129.83366  10.9%  1222 14391s
 60425 33959 7923.80432  209 3626 8003.00000 7129.98559  10.9%  1222 14416s
 60427 33960 7723.95891  188 3868 8003.00000 7130.38963  10.9%  1222 14420s
 60432 33964 7130.43293   78 3811 8003.00000 7130.43293  10.9%  1222 14442s
 60433 33964 7694.21702  532 3664 8003.00000 7130.98915  10.9%  1222 14445s
 60440 33969 7429.93765  214 3796 8003.00000 7131.21970  10.9%  1222 14468s
 60441 33970 7131.84880   98 3704 8003.00000 7131.84880  10.9%  1222 14477s
 60443 33971 7537.42197  259 3696 8003.00000 7132.08704  10.9%  1222 14480s
 60446 33973 7339.42185  105 3815 8003.00000 7132.09272  10.9%  1221 14501s
 60448 33974 7293.99303  153 3646 8003.00000 7132.50316  10.9%  1221 14505s
 60452 33977 7132.52515   98 3714 8003.00000 7132.52515  10.9%  1221 14528s
 60453 33978 7376.58640  215 3765 8003.00000 7132.69913  10.9%  1221 14530s
 60456 33980 7236.56125  295 3937 8003.00000 7132.72959  10.9%  1221 14551s
 60458 33981 7133.07018   68 3911 8003.00000 7133.07018  10.9%  1221 14555s
 60461 33983 7570.18341  211 3785 8003.00000 7133.12180  10.9%  1221 14577s
 60462 33984 7694.40323  367 3755 8003.00000 7133.48033  10.9%  1221 14580s
 60467 33987 7545.60055  488 3721 8003.00000 7133.60551  10.9%  1221 14604s
 60468 33988 7320.15386  185 3624 8003.00000 7133.94944  10.9%  1221 14606s
 60473 33991 7134.18310   46 3813 8003.00000 7134.18310  10.9%  1221 14629s
 60474 33992 7631.07477  330 3678 8003.00000 7134.92993  10.8%  1221 14767s
 60475 33992 7598.82364  186 3741 8003.00000 7135.06119  10.8%  1221 14783s
 60477 33994 7267.76021  228 3719 8003.00000 7135.08617  10.8%  1221 14785s
 60479 33995 7460.04039   90 3737 8003.00000 7135.08997  10.8%  1221 14806s
 60480 33996 7870.21975  531 3878 8003.00000 7136.08865  10.8%  1221 14810s
 60483 33998 7310.96784  110 3900 8003.00000 7136.54790  10.8%  1221 14815s
 60487 34000 7193.45346  182 3936 8003.00000 7136.56803  10.8%  1221 14837s
 60489 34002 7444.89156  298 3948 8003.00000 7137.04590  10.8%  1221 14840s
 60496 34006 7328.08738  554 3863 8003.00000 7137.10952  10.8%  1220 14864s
 60497 34007 7635.86093  179 3783 8003.00000 7137.49108  10.8%  1220 14867s
 60500 34009 7303.48157   67 3839 8003.00000 7137.65107  10.8%  1220 14870s
 60503 34011 7137.66817   99 3925 8003.00000 7137.66817  10.8%  1220 14892s
 60505 34012 7688.42078  159 3835 8003.00000 7138.05408  10.8%  1220 14895s
 60510 34016 7200.02267  126 3806 8003.00000 7138.29209  10.8%  1220 14920s
 60512 34017 7234.71795  153 3958 8003.00000 7138.95506  10.8%  1220 14925s
 60514 34018 7835.62332  455 3901 8003.00000 7139.01862  10.8%  1220 14947s
 60516 34020 7270.76436  454 3742 8003.00000 7139.49035  10.8%  1220 14951s
 60520 34022 7169.82372  191 3728 8003.00000 7139.54597  10.8%  1220 14974s
 60521 34023 7270.70173  102 3689 8003.00000 7139.72791  10.8%  1220 14977s
 60525 34026 7923.80432  209 3802 8003.00000 7139.84322  10.8%  1220 15001s
 60527 34027 7723.95891  188 3712 8003.00000 7140.29474  10.8%  1220 15005s
 60528 34028 7625.09817  221 3710 8003.00000 7140.29474  10.8%  1220 15026s
 60531 34030 7433.19809  261 3850 8003.00000 7140.58467  10.8%  1220 15030s
 60534 34032 7522.42077  513 3896 8003.00000 7140.59508  10.8%  1220 15050s
 60539 34035 7339.86231  133 3873 8003.00000 7140.63616  10.8%  1220 15074s
 60540 34036 7429.93765  214 3807 8003.00000 7140.64725  10.8%  1220 15075s
 60542 34037 7140.64889  103 3849 8003.00000 7140.64889  10.8%  1220 15096s
 60547 34040 7140.77479   71 3909 8003.00000 7140.77479  10.8%  1219 15120s
 60552 34044 7140.85721   98 3818 8003.00000 7140.85721  10.8%  1219 15144s
 60553 34044 7376.58640  215 3830 8003.00000 7140.99287  10.8%  1219 15145s
 60560 34049 7360.86274  245 3891 8003.00000 7141.11817  10.8%  1219 15170s
 60565 34052 7697.32774  174 3794 8003.00000 7141.41925  10.8%  1219 15175s
 60568 34054 7320.15386  185 3755 8003.00000 7141.42828  10.8%  1219 15199s
 60569 34055 7856.47876  231 3790 8003.00000 7141.63813  10.8%  1219 15200s
 60574 34058 7631.07477  330 3916 8003.00000 7141.78381  10.8%  1219 15226s
 60578 34061 7142.06860  117 3990 8003.00000 7142.06860  10.8%  1219 15230s
 60580 34062 7870.21975  531 4017 8003.00000 7142.07226  10.8%  1219 15253s
 60583 34064 7310.96784  110 3833 8003.00000 7142.13141  10.8%  1219 15255s
 60586 34066 7142.13738   48 3910 8003.00000 7142.13738  10.8%  1219 15278s
 60587 34067 7193.45346  182 3774 8003.00000 7142.34957  10.8%  1219 15280s
 60594 34072 7261.27385  134 3781 8003.00000 7142.42469  10.8%  1219 15305s
 60598 34074 7161.14745  318 3862 8003.00000 7143.01114  10.7%  1218 15310s
 60600 34076 7303.48157   67 3860 8003.00000 7143.02288  10.7%  1218 15333s
 60604 34078 7239.79534  210 3858 8003.00000 7143.06684  10.7%  1218 15355s
 60610 34082 7200.02267  126 3869 8003.00000 7143.14450  10.7%  1218 15379s
 60612 34084 7234.71795  153 3816 8003.00000 7143.17132  10.7%  1218 15380s
 60614 34085 7835.62332  455 3903 8003.00000 7143.17343  10.7%  1218 15401s
 60619 34088 7375.30423  144 3894 8003.00000 7143.28010  10.7%  1218 15425s
 60624 34092 7816.23226  442 4095 8003.00000 7143.63719  10.7%  1218 15451s
 60628 34094 7625.09817  221 3888 8003.00000 7143.96805  10.7%  1218 15455s
 60631 34096 7433.19809  261 3971 8003.00000 7144.00138  10.7%  1218 15477s
 60633 34098 7694.21702  532 3965 8003.00000 7144.20734  10.7%  1218 15480s
 60637 34100 7144.23538  117 4010 8003.00000 7144.23538  10.7%  1218 15502s
 60642 34104 7144.33863  103 3831 8003.00000 7144.33863  10.7%  1218 15505s
 60643 34104 7537.42197  259 3857 8003.00000 7144.33901  10.7%  1218 15525s
 60645 34106 7248.57394  401 3784 8003.00000 7144.80200  10.7%  1217 15530s
 60650 34109 7144.85488  162 3822 8003.00000 7144.85488  10.7%  1217 15554s
 60651 34110 7769.77335  271 3790 8003.00000 7145.05286  10.7%  1217 15555s
 60656 34113 7236.56125  295 3881 8003.00000 7145.13604  10.7%  1217 15577s
 60659 34115 7215.83460  114 3968 8003.00000 7145.29530  10.7%  1217 15580s
 60660 34116 7360.86274  245 4045 8003.00000 7145.29648  10.7%  1217 15603s
 60661 34116 7570.18341  211 3855 8003.00000 7145.52440  10.7%  1217 15605s
 60667 34120 7545.60055  488 4053 8003.00000 7145.61287  10.7%  1217 15629s
 60668 34121 7320.15386  185 3812 8003.00000 7145.88932  10.7%  1217 15631s
 60672 34124 7563.96033  201 4138 8003.00000 7146.04342  10.7%  1217 15656s
 60676 34126 7200.59692  161 4042 8003.00000 7146.28856  10.7%  1217 15660s
 60679 34128 7460.04039   90 4112 8003.00000 7146.29745  10.7%  1217 15683s
 60681 34130 7847.73406  214 3812 8003.00000 7146.87616  10.7%  1217 15687s
 60684 34132 7219.52019  156 3850 8003.00000 7146.94321  10.7%  1217 15709s
 60685 34132 7617.27692  134 3821 8003.00000 7147.20240  10.7%  1217 15711s
 60689 34135 7444.89156  298 3825 8003.00000 7147.33443  10.7%  1217 15734s
 60690 34136 7377.96235  251 3787 8003.00000 7147.46849  10.7%  1217 15736s
 60695 34139 7938.53001  109 3957 8003.00000 7147.73569  10.7%  1216 15740s
 60699 34142 7249.39792  112 3983 8003.00000 7147.74508  10.7%  1216 15762s
 60703 34144 7147.88204   99 4173 8003.00000 7147.88204  10.7%  1216 15765s
 60705 34146 7688.42078  159 4115 8003.00000 7147.88388  10.7%  1216 15786s
 60711 34150 7705.56702  215 4032 8003.00000 7148.08487  10.7%  1216 15790s
 60712 34150 7234.71795  153 4012 8003.00000 7148.08597  10.7%  1216 15812s
 60714 34152 7835.62332  455 4045 8003.00000 7148.28067  10.7%  1216 15815s
 60718 34154 7489.37876  404 4169 8003.00000 7148.29924  10.7%  1216 15838s
 60721 34156 7270.70173  102 4050 8003.00000 7148.34168  10.7%  1216 15840s
 60724 34158 7816.23226  442 4101 8003.00000 7148.34943  10.7%  1216 15863s
 60727 34160 7723.95891  188 4099 8003.00000 7148.37410  10.7%  1216 15884s
 60728 34161 7625.09817  221 3858 8003.00000 7148.44276  10.7%  1216 15886s
 60733 34164 7694.21702  532 3991 8003.00000 7148.48072  10.7%  1216 15909s
 60734 34165 7522.42077  513 3927 8003.00000 7148.67415  10.7%  1216 15910s
 60740 34169 7429.93765  214 3903 8003.00000 7148.70171  10.7%  1216 15933s
 60742 34170 7148.77732  103 3938 8003.00000 7148.77732  10.7%  1216 15935s
 60746 34173 7339.42185  105 3951 8003.00000 7148.78708  10.7%  1215 15957s
 60748 34174 7293.99303  153 3976 8003.00000 7148.79414  10.7%  1215 15978s
 60750 34176 7148.79686  162 3952 8003.00000 7148.79686  10.7%  1215 16000s
 60752 34177 7148.82750   98 3952 8003.00000 7148.82750  10.7%  1215 16022s
 60753 34178 7376.58640  215 3890 8003.00000 7148.82750  10.7%  1215 16045s
 60755 34179 7567.07234  137 3992 8003.00000 7148.82750  10.7%  1215 16067s
 60758 34181 7148.85976   68 4091 8003.00000 7148.85976  10.7%  1215 16089s
 60759 34182 7215.83460  114 3989 8003.00000 7148.92291  10.7%  1215 16090s
 60764 34185 7663.41565  188 3941 8003.00000 7148.95832  10.7%  1215 16112s
 60769 34188 7856.47876  231 3992 8003.00000 7148.99660  10.7%  1215 16136s
 60774 34192 7631.07477  330 3980 8003.00000 7149.20398  10.7%  1215 16160s
 60778 34194 7149.28401  117 4015 8003.00000 7149.28401  10.7%  1215 16183s
 60780 34196 7870.21975  531 3939 8003.00000 7149.39601  10.7%  1215 16185s
 60781 34196 7847.73406  214 3980 8003.00000 7149.39635  10.7%  1215 16206s
 60786 34200 7149.56013   48 3867 8003.00000 7149.56013  10.7%  1215 16228s
 60788 34201 7149.57395   68 3992 8003.00000 7149.57395  10.7%  1215 16230s
 60790 34202 7377.96235  251 3912 8003.00000 7149.57704  10.7%  1215 16251s
 60794 34205 7261.27385  134 4090 8003.00000 7149.60366  10.7%  1214 16273s
 60797 34207 7635.86093  179 4104 8003.00000 7149.66905  10.7%  1214 16275s
 60799 34208 7249.39792  112 4032 8003.00000 7149.67539  10.7%  1214 16296s
 60801 34210 7471.48101  367 4050 8003.00000 7149.68160  10.7%  1214 16318s
 60804 34212 7239.79534  210 4088 8003.00000 7149.69237  10.7%  1214 16340s
 60807 34214 7298.59694  122 3894 8003.00000 7149.70867  10.7%  1214 16362s
 60811 34216 7705.56702  215 3992 8003.00000 7149.84569  10.7%  1214 16365s
 60813 34218 7275.25659  130 3972 8003.00000 7149.84735  10.7%  1214 16385s
 60819 34222 7375.30423  144 3964 8003.00000 7149.97833  10.7%  1214 16408s
 60821 34223 7270.70173  102 3910 8003.00000 7150.11347  10.7%  1214 16410s
 60825 34226 7923.80432  209 3861 8003.00000 7150.14225  10.7%  1214 16432s
 60830 34229 7764.45449  261 3948 8003.00000 7150.20855  10.7%  1214 16454s
 60831 34230 7433.19809  261 3999 8003.00000 7150.25240  10.7%  1214 16456s
 60835 34232 7733.25567  366 3987 8003.00000 7150.25743  10.7%  1214 16476s
 60838 34234 7316.43698  314 3945 8003.00000 7150.27309  10.7%  1214 16498s
 60839 34235 7339.86231  133 3983 8003.00000 7150.48150  10.7%  1214 16500s
 60843 34238 7537.42197  259 3929 8003.00000 7150.55492  10.7%  1214 16522s
 60847 34240 7150.71781   71 3886 8003.00000 7150.71781  10.6%  1213 16525s
 60849 34242 7468.04418  226 3950 8003.00000 7150.72379  10.6%  1213 16547s
 60851 34243 7769.77335  271 3834 8003.00000 7150.95650  10.6%  1213 16550s
 60853 34244 7376.58640  215 3889 8003.00000 7150.99441  10.6%  1213 16571s
 60857 34247 7192.27510  346 4056 8003.00000 7151.36429  10.6%  1213 16575s
 60859 34248 7215.83460  114 4093 8003.00000 7151.36759  10.6%  1213 16595s
 60866 34253 7389.73693  224 4239 8003.00000 7151.62525  10.6%  1213 16622s
 60870 34256 7579.24166  315 4062 8003.00000 7151.85245  10.6%  1213 16625s
 60871 34256 7217.24017  206 4066 8003.00000 7151.85346  10.6%  1213 16645s
 60877 34260 7267.76021  228 4175 8003.00000 7151.94770  10.6%  1213 16667s
 60878 34261 7152.01569  117 4070 8003.00000 7152.01569  10.6%  1213 16670s
 60879 34262 7460.04039   90 4070 8003.00000 7152.01571  10.6%  1213 16763s
 60880 34265 7152.02372   56 4021 8003.00000 7152.01689  10.6%  1220 16787s
 60882 34269 7152.03294   57 4081 8003.00000 7152.02592  10.6%  1220 16810s
 60886 34275 7152.08217   58 4067 8003.00000 7152.03330  10.6%  1220 16833s
 60894 34277 7178.09031   59 3815 8003.00000 7152.08269  10.6%  1221 16871s
 60898 34289 7169.41867   60 3536 8003.00000 7152.08269  10.6%  1221 16988s
 60912 34315 7171.49489   61 3344 8003.00000 7152.08269  10.6%  1225 17046s
 60944 34451 7172.30559   62 3304 8003.00000 7152.70993  10.6%  1230 17090s
 61091 34433 7186.70169   67 2998 8003.00000 7152.80336  10.6%  1231 17110s
 61122 34455 7218.58032   68 2786 8003.00000 7152.80336  10.6%  1231 17126s
 61154 34476 7218.82564   69 2755 8003.00000 7152.80336  10.6%  1231 17140s
 61186 34497 7219.09490   70 2938 8003.00000 7152.80336  10.6%  1231 17158s
 61218 34519 7220.96109   71 2908 8003.00000 7152.80336  10.6%  1232 17173s
 61250 34539 7221.23819   72 2827 8003.00000 7152.80336  10.6%  1232 17190s
 61281 34560 7221.42603   73 2831 8003.00000 7152.80336  10.6%  1232 17208s
 61312 34584 7222.00362   74 2885 8003.00000 7152.80336  10.6%  1232 17221s
 61347 34615 7229.86141   75 2909 8003.00000 7152.80336  10.6%  1232 17235s
 61389 34652 7229.90381   76 2898 8003.00000 7152.80336  10.6%  1232 17247s
 61440 34709 7230.45974   77 2901 8003.00000 7152.80336  10.6%  1232 17265s
 61514 34758 7230.81328   78 2882 8003.00000 7152.80336  10.6%  1231 17284s
 61588 34827 7231.08294   79 2849 8003.00000 7152.80336  10.6%  1232 17301s
 61682 34910 7239.01383   82 2971 8003.00000 7152.80336  10.6%  1232 17318s
 61796 34902 7240.29299   88 2978 8003.00000 7152.80336  10.6%  1231 17334s
 61826 34933 7240.35242   89 2950 8003.00000 7152.80336  10.6%  1231 17351s
 61867 34967 7244.43899   90 2781 8003.00000 7152.80336  10.6%  1231 17363s
 61915 34995 7244.59366   91 2763 8003.00000 7152.80336  10.6%  1231 17380s
 61959 35024 7245.77299   92 2840 8003.00000 7152.80336  10.6%  1231 17398s
 62002 35052 7245.84555   93 2824 8003.00000 7152.80336  10.6%  1231 17419s
 62047 35105 7247.14638   94 2761 8003.00000 7152.80336  10.6%  1232 17438s
 62115 35174 7247.48250   95 2807 8003.00000 7152.80336  10.6%  1231 17457s
 62206 35261 7248.36888   96 2675 8003.00000 7152.80336  10.6%  1231 17477s
 62324 35361 7249.35102  100 2836 8003.00000 7152.80336  10.6%  1230 17498s
 62465 35504 7263.32848  104 2630 8003.00000 7152.80336  10.6%  1230 17522s
 62655 35473 7306.23264  111 2563 8003.00000 7152.80336  10.6%  1230 17538s
 62687 35512 7308.27150  112 2484 8003.00000 7152.80336  10.6%  1230 17559s
 62737 35609 7308.59989  113 2476 8003.00000 7152.80336  10.6%  1230 17576s
 62851 35760 7330.06002  115 2367 8003.00000 7152.80336  10.6%  1230 17599s
 63040 35914 7344.59465  119 2449 8003.00000 7152.80336  10.6%  1230 17622s
 63257 36072 7353.24727  127 2420 8003.00000 7152.80336  10.6%  1230 17648s
 63489 36233 7361.86776  134 2497 8003.00000 7152.80336  10.6%  1229 17674s
 63727 36311 7406.71283  140 2148 8003.00000 7152.80336  10.6%  1229 17702s
 63887 36487 7539.46248  143 2294 8003.00000 7152.80336  10.6%  1230 17728s
 64116 36642 7582.02957  149 2115 8003.00000 7152.80336  10.6%  1229 17756s
 64358 36591 7676.43195  154 2034 8003.00000 7152.80336  10.6%  1229 17782s
 64390 36737 7676.62667  155 1991 8003.00000 7152.80336  10.6%  1229 17810s
 64557 36929 7687.22447  162 2132 8003.00000 7152.80336  10.6%  1229 17841s
 64812 37104 7814.30143  173 2051 8003.00000 7152.80336  10.6%  1229 17876s
 65088 37228 7841.25219  184 1733 8003.00000 7152.80336  10.6%  1228 17914s
 65318 37480 7904.63741  197 1727 8003.00000 7152.80336  10.6%  1229 17950s
 65664 37677 7991.96615  208 1605 8003.00000 7152.80336  10.6%  1228 17987s
 65994 37838 7161.17858   66 3584 8003.00000 7152.80336  10.6%  1227 18022s
 66274 37939 7163.33649   67 3459 8003.00000 7152.80336  10.6%  1226 18059s
 66471 37912 7163.44786   68 3495 8003.00000 7152.80336  10.6%  1226 18093s
 66511 38087 7163.56781   69 3441 8003.00000 7152.98938  10.6%  1226 18128s
 66700 38240 7163.82638   71 3420 8003.00000 7152.98938  10.6%  1227 18166s
 66932 38401 7164.15610   73 3339 8003.00000 7152.98938  10.6%  1227 18211s
 67176 38639 7164.20154   74 3343 8003.00000 7153.15817  10.6%  1226 18252s
 67495 38875 7166.43451   76 3164 8003.00000 7153.15817  10.6%  1226 18295s
 67844 39151 7166.11343   78 3443 8003.00000 7153.15817  10.6%  1226 18341s
 68323 39022 7166.92044   79 3519 8003.00000 7153.15817  10.6%  1225 18375s
 68355 39067 7173.98671   79 3365 8003.00000 7153.15817  10.6%  1225 18416s
 68430 39337 7167.21727   80 3394 8003.00000 7153.15817  10.6%  1225 18465s
 68770 39647 7306.95353   80 3022 8003.00000 7153.15817  10.6%  1225 18520s
 69227 40031 7167.39066   81 3332 8003.00000 7153.15817  10.6%  1224 18577s
 69824 40205 7167.64221   82 3427 8003.00000 7153.15817  10.6%  1222 18642s
 70321 40459 7167.72620   84 3435 8003.00000 7153.15817  10.6%  1222 18708s
 70763 40713 7168.44441   87 3590 8003.00000 7153.15817  10.6%  1223 18772s
 71220 40917 7176.06385   89 3252 8003.00000 7153.15817  10.6%  1224 18835s
 71592 41145 7312.01362   91 3021 8003.00000 7153.15817  10.6%  1226 18904s
 71983 41439 7172.69492   94 3602 8003.00000 7153.15817  10.6%  1226 18966s
 72408 41837 7180.16709   96 3644 8003.00000 7153.15817  10.6%  1226 19037s
 72947 42402 7216.53910   99 2989 8003.00000 7153.15817  10.6%  1228 19113s
 73723 42175 7183.25390  102 3530 8003.00000 7153.15817  10.6%  1227 19165s
 73761 42597 7216.22401  102 3198 8003.00000 7153.15817  10.6%  1228 19292s
 74195 43154 7184.27396  104 3435 8003.00000 7153.15817  10.6%  1227 19376s
 74924 43003 7185.27676  107 3237 8003.00000 7153.15817  10.6%  1225 19438s
 75020 43003 7269.53851  108 3007 8003.00000 7153.15817  10.6%  1225 19493s
 75052 43291 7185.77855  109 3307 8003.00000 7153.15817  10.6%  1226 19563s
 75408 43947 7201.77265  109 3149 8003.00000 7154.22007  10.6%  1224 19645s
 76287 44410 7186.60828  111 3327 8003.00000 7154.22007  10.6%  1222 19739s
 77119 44861 7196.43239  114 3396 8003.00000 7154.85517  10.6%  1222 19838s
 77975 44640 7204.55640  118 3527 8003.00000 7154.85517  10.6%  1222 19906s
H77992 42904                    8001.0000000 7154.85517  10.6%  1222 19906s
 78039 43753 7209.47962  118 3053 8001.00000 7154.85517  10.6%  1222 20009s
 78932 44314 7205.45146  121 3396 8001.00000 7154.85517  10.6%  1221 20119s
 79828 44854 7206.66722  124 3207 8001.00000 7154.85517  10.6%  1222 20224s
 80694 45611 7206.98026  127 3226 8001.00000 7154.85517  10.6%  1224 20347s
 81791 46176 7210.10201  132 3331 8001.00000 7154.85517  10.6%  1224 20461s
 82753 46572 7210.42034  139 3345 8001.00000 7154.85517  10.6%  1225 20580s
 83508 47299 7210.79705  142 3198 8001.00000 7154.85517  10.6%  1225 20706s
 84513 47974 7211.76932  145 3226 8001.00000 7154.85517  10.6%  1227 20838s
 85545 48729 7216.89065  146 3314 8001.00000 7154.85517  10.6%  1229 20968s
 86709 48373 7218.84636  152 3299 8001.00000 7154.85517  10.6%  1230 21064s
H86735 46720                    8000.0000000 7154.85517  10.6%  1230 21064s
 86741 46964 7271.42242  152 3309 8000.00000 7154.85517  10.6%  1230 21188s
 87001 48123 7412.34287  153 2954 8000.00000 7154.85517  10.6%  1230 21336s
 88310 48712 7220.25881  158 3261 8000.00000 7154.85517  10.6%  1230 21488s
 89398 49544 7221.13000  163 3285 8000.00000 7154.85517  10.6%  1233 21674s
 90667 50463 7224.41346  171 3204 8000.00000 7154.85517  10.6%  1239 21872s
 92009 50048 7227.55628  180 3318 8000.00000 7154.85517  10.6%  1242 21999s
 92041 51088 7325.42143  180 2946 8000.00000 7154.85517  10.6%  1242 22164s
 93094 50768 7229.28971  185 3217 8000.00000 7154.85517  10.6%  1242 22352s
 93126 50789 7245.81272  185 3005 8000.00000 7154.85517  10.6%  1243 22554s
 93159 50808 7230.28839  186 3171 8000.00000 7154.85517  10.6%  1243 22740s
 93193 50855 7388.30554  186 2834 8000.00000 7154.85517  10.6%  1243 22943s
 93256 51258 7287.81208  187 2867 8000.00000 7154.85517  10.6%  1243 23201s
 93734 52136 7230.62437  187 3123 8000.00000 7154.85517  10.6%  1242 23458s
 94884 54074 7231.54382  188 3165 8000.00000 7154.85517  10.6%  1246 23738s
 97272 55024 7257.28784  188 3160 8000.00000 7154.85517  10.6%  1248 24004s
 99137 56576 7234.87831  196 3349 8000.00000 7154.85517  10.6%  1251 24260s
 101354 56167 7238.54010  204 3376 8000.00000 7154.85517  10.6%  1254 24448s
 101709 58661 7240.89561  206 3295 8000.00000 7154.85517  10.6%  1254 24730s
 104383 59692 7246.72278  215 3138 8000.00000 7154.85517  10.6%  1255 24993s
 106452 61162 7250.10585  222 3124 8000.00000 7154.85517  10.6%  1260 25264s
 108717 62737 7292.88934  229 3272 8000.00000 7154.85517  10.6%  1265 25545s
 111282 63464 7267.95396  238 3173 8000.00000 7154.85517  10.6%  1266 25820s
 112932 65411 7353.96322  246 3054 8000.00000 7154.85517  10.6%  1274 26110s
 115711 66373 7276.87701  254 3080 8000.00000 7154.85517  10.6%  1275 26397s
 117742 67624 7278.56765  262 3139 8000.00000 7157.32642  10.5%  1281 26701s
 119792 69660 7286.60403  269 3122 8000.00000 7157.32642  10.5%  1286 27066s
 122833 71334 7289.49989  278 3133 8000.00000 7157.72474  10.5%  1285 27387s
 125797 72752 7292.27151  287 3146 8000.00000 7157.72474  10.5%  1285 27699s
 128469 74920 7297.68379  295 3218 8000.00000 7157.72474  10.5%  1284 28030s
 131734 74692 7300.76203  307 3105 8000.00000 7157.72474  10.5%  1282 28290s
 132695 77706 7303.35426  312 3057 8000.00000 7157.72474  10.5%  1281 28650s
 136175 80317 7309.35611  326 3120 8000.00000 7157.72474  10.5%  1280 29021s
 140252 82371 7321.95978  336 2896 8000.00000 7158.08107  10.5%  1272 29373s
 143944 82321 7335.83752  346 2853 8000.00000 7158.08107  10.5%  1267 29647s
 145225 85859 7336.75721  349 2918 8000.00000 7158.08107  10.5%  1266 30037s
 149587 90121 7347.01125  362 2838 8000.00000 7158.08107  10.5%  1259 30520s
 155594 89273 7358.43011  379 3001 8000.00000 7158.08107  10.5%  1249 30730s
 156144 92349 7359.16620  381 2858 8000.00000 7158.08107  10.5%  1248 31028s
 159374 95066 7363.52493  391 2950 8000.00000 7158.08107  10.5%  1245 31323s
 162516 98207 7369.20890  404 3119 8000.00000 7162.76350  10.5%  1241 31633s
 165818 101742 7373.12189  415 3228 8000.00000 7163.00055  10.5%  1236 31937s
 169500 105071 7386.47609  427 3006 8000.00000 7163.00055  10.5%  1229 32254s
 172979 106413 7394.30518  437 2969 8000.00000 7163.00055  10.5%  1224 32521s
 174353 109209 7399.65302  449 2847 8000.00000 7163.00055  10.5%  1226 32875s
 177485 111994 7405.73317  465 2893 8000.00000 7163.00055  10.5%  1224 33202s
 180592 116482 7421.58777  482 2838 8000.00000 7163.00055  10.5%  1223 33635s
 185336 119444 7431.06695  500 2919 8000.00000 7163.75782  10.5%  1220 33983s
 188352 122065 7437.49563  512 2731 8000.00000 7163.75782  10.5%  1218 34325s
 191109 125585 7443.25642  521 2759 8000.00000 7163.75782  10.5%  1215 34661s
 194873 129278 7474.94645  539 2895 8000.00000 7163.75782  10.5%  1212 35004s
 198841 131760 7497.93367  561 2647 8000.00000 7163.75782  10.5%  1209 35316s
 201529 135320 7511.91595  578 2820 8000.00000 7163.75782  10.5%  1211 35631s
 205346 137297 7521.96249  596 2790 8000.00000 7163.75782  10.5%  1208 35976s
 207525 140224 7546.86420  611 2805 8000.00000 7163.75782  10.5%  1208 36317s
 210729 144244 7553.45511  623 2676 8000.00000 7163.75782  10.5%  1209 36725s
 214916 147993 7711.05232  640 2738 8000.00000 7163.75782  10.5%  1209 37063s
 218978 151174 7676.63264  658 2762 8000.00000 7163.75782  10.5%  1206 37387s
 222324 152293 7695.53252  681 2478 8000.00000 7163.75782  10.5%  1205 37698s
 223497 154611 7718.39609  695 2597 8000.00000 7163.75782  10.5%  1207 38006s
 225898 157711 7779.34141  709 2631 8000.00000 7164.26365  10.4%  1208 38357s
 229077 161107 7947.35170  742 2555 8000.00000 7164.26365  10.4%  1210 38705s
 232780 163968 7991.88891  800 2310 8000.00000 7164.26365  10.4%  1208 39052s
 235969 166409 7211.49442  158 3008 8000.00000 7164.26365  10.4%  1209 39393s
 238608 169022 7254.56468  277 3128 8000.00000 7164.26365  10.4%  1213 39768s
 241235 171565 7286.27844  372 2855 8000.00000 7164.26365  10.4%  1216 40222s
 243829 174757 7330.38761  418 2798 8000.00000 7164.26365  10.4%  1219 40743s
 247142 178123 7382.64032  440 2643 8000.00000 7164.26365  10.4%  1225 41315s
 250620 182424 7451.73564  495 2500 8000.00000 7164.26365  10.4%  1230 41797s
 255151 185331 7518.72934  551 2400 8000.00000 7164.26365  10.4%  1231 42250s
 258093 189427 7568.58404  596 2283 8000.00000 7164.26365  10.4%  1235 42748s
 262315 193491 7694.52925  685 2342 8000.00000 7166.27255  10.4%  1235 43161s
 266539 197406 7750.57090  766 2356 8000.00000 7166.27255  10.4%  1235 43550s
 270651 201181 7797.88988  899 2063 8000.00000 7166.27255  10.4%  1235 44004s
 274831 204448 7904.80174  983 1843 8000.00000 7166.27255  10.4%  1236 44344s
 278402 207476 7428.65559  108 2974 8000.00000 7166.27255  10.4%  1234 44646s
 281590 210933 7821.36455  235 1607 8000.00000 7166.27255  10.4%  1233 44947s
 285209 213725 7411.68313  169 2843 8000.00000 7166.27255  10.4%  1231 45248s
 288225 217071 7199.97962  119 3045 8000.00000 7166.27255  10.4%  1231 45560s
 291731 220221 7644.66961  206 2377 8000.00000 7166.27255  10.4%  1229 45852s
 295153 224067 7212.46745  123 3011 8000.00000 7166.27255  10.4%  1227 46152s
 299139 226549 7293.51820  219 2932 8000.00000 7166.27255  10.4%  1224 46441s
 301813 230576 7366.51724  317 2680 8000.00000 7166.27255  10.4%  1224 46847s
 306048 232085 7474.28206  456 2700 8000.00000 7166.27255  10.4%  1222 47174s
 307615 235813 7510.52493  509 2560 8000.00000 7166.27255  10.4%  1222 47555s
 311540 238113 7721.03841  648 2547 8000.00000 7166.27255  10.4%  1218 47869s
 314051 240300 7319.43668   77 3014 8000.00000 7166.27255  10.4%  1218 48253s
 316642 243377 7356.83803  101 2866 8000.00000 7166.27255  10.4%  1217 48664s
 319994 245624 7793.38450  227 1554 8000.00000 7166.27255  10.4%  1218 49068s
 322392 248098 7216.82553  189 2887 8000.00000 7166.27255  10.4%  1220 49473s
 324926 250672 7281.78211  283 3022 8000.00000 7166.27255  10.4%  1223 49959s
 327634 253094 7435.58062  367 2804 8000.00000 7166.27255  10.4%  1225 50342s
 330088 257716 7475.85062  454 2896 8000.00000 7166.27255  10.4%  1225 50799s
 331541 257716 7273.86388  191 2971 8000.00000 7166.27255  10.4%  1223 50800s
 334904 260368 7647.33203  685 2433 8000.00000 7166.27255  10.4%  1224 51210s
 337831 264051 7966.73487  873 2378 8000.00000 7166.27255  10.4%  1225 51673s
 341807 267247 7238.77183  185 3118 8000.00000 7166.27255  10.4%  1227 52168s
 345163 269788 7306.99460  267 2695 8000.00000 7166.27255  10.4%  1229 52570s
 347756 273052 7345.27241  347 2788 8000.00000 7166.27255  10.4%  1233 53005s
 351110 276178 7392.08523  409 2669 8000.00000 7166.27255  10.4%  1235 53417s
 354268 279945 7424.91309  474 2596 8000.00000 7166.27255  10.4%  1237 53827s
 358051 283665 7477.28021  598 2611 8000.00000 7166.27255  10.4%  1239 54229s
 361865 286377 7510.87914  655 2637 8000.00000 7168.64455  10.4%  1238 54672s
 364660 289160 7551.84877  716 2333 8000.00000 7168.64455  10.4%  1239 55052s
 367579 291348 7617.64008  755 2272 8000.00000 7168.64455  10.4%  1240 55453s
 369883 295457 7697.10031  794 2288 8000.00000 7168.64455  10.4%  1243 55930s
 374284 299211 7729.67274  851 2157 8000.00000 7169.09400  10.4%  1242 56366s
 378409 301263 7771.77335  922 1979 8000.00000 7169.09400  10.4%  1242 56717s
 380585 305571 7822.26937  955 2054 8000.00000 7169.09400  10.4%  1242 57170s
 385219 309159 7883.00559 1066 1946 8000.00000 7169.09400  10.4%  1241 57557s
 389130 312961 7944.25318 1184 1575 8000.00000 7169.09400  10.4%  1241 57933s
 393100 318083 7648.80169  181 2474 8000.00000 7169.09400  10.4%  1240 58319s
 398351 320875 7252.67843  165 2916 8000.00000 7169.16579  10.4%  1235 58682s
 401338 325008 7309.40071  277 2784 8000.00000 7169.16579  10.4%  1235 59111s
 405831 327801 7567.01666  438 2581 8000.00000 7169.16765  10.4%  1234 59467s
 408914 328626 7784.47863  610 2351 8000.00000 7169.16765  10.4%  1234 59776s
 409755 331596 7809.36891  634 2300 8000.00000 7169.16765  10.4%  1235 60155s
 412784 335345 7263.99919  137 2991 8000.00000 7169.16765  10.4%  1233 60550s
 416858 339569 7686.23052  167 2018 8000.00000 7169.16765  10.4%  1233 60924s
 421455 342758 7240.25710  101 3211 8000.00000 7169.16765  10.4%  1230 61268s
 424915 346168 7550.41528  190 2392 8000.00000 7169.16765  10.4%  1230 61584s
 428614 349788 7231.40354  122 3148 8000.00000 7169.16765  10.4%  1229 61996s
 432640 351039 7441.60865  199 3066 8000.00000 7169.16765  10.4%  1227 62272s
 433937 355303 7476.94841  250 2961 8000.00000 7169.16765  10.4%  1228 62667s
 438546 359198 7649.51581  413 2647 8000.00000 7169.16765  10.4%  1226 63017s
 442541 362352 7816.57398  632 2761 8000.00000 7169.16765  10.4%  1224 63372s
 446144 362621 7172.48906  111 3261 8000.00000 7169.16765  10.4%  1223 63631s
 446511 365129 7353.64389  115 2961 8000.00000 7169.16765  10.4%  1224 63988s
 449196 367298 7446.63400  127 2885 8000.00000 7169.16765  10.4%  1226 64366s
 451877 370169 7718.95496  145 2058 8000.00000 7170.00125  10.4%  1229 64763s
 455029 373645 7426.97340  135 3090 8000.00000 7170.00125  10.4%  1231 65158s
 458972 377809 7938.56183  260 2084 8000.00000 7170.66540  10.4%  1230 65581s
 463521 379905 7187.42572  147 3224 8000.00000 7170.66540  10.4%  1229 65870s
 465859 383246 7232.26743  240 3439 8000.00000 7170.70791  10.4%  1230 66196s
 469260 386155 7303.52091  330 3259 8000.00000 7170.70791  10.4%  1228 66489s
 472357 388692 7356.13386  419 3427 8000.00000 7170.70791  10.4%  1226 66803s
 475098 391964 7462.80773  506 3013 8000.00000 7170.70791  10.4%  1226 67124s
 475537 391964 7322.17671  207 2819 8000.00000 7170.70791  10.4%  1226 67125s
 478661 394643 7561.35246  653 2736 8000.00000 7170.70791  10.4%  1226 67428s
 481490 396949 7700.32224  804 2791 8000.00000 7170.70791  10.4%  1225 67810s
 483906 399820 7952.91891  931 2469 8000.00000 7170.70791  10.4%  1225 68156s
 486949 403871 7377.18365  107 2964 8000.00000 7170.70791  10.4%  1225 68527s
 491073 406225 7526.96770  307 2844 8000.00000 7170.70791  10.4%  1224 68884s
 491247 406225 7367.70001  166 2503 8000.00000 7170.70791  10.4%  1224 68885s
 493463 408937 7616.92027  458 2756 8000.00000 7170.70791  10.4%  1225 69400s
 496232 413558 7885.44770  609 2358 8000.00000 7170.70791  10.4%  1225 69973s
 500939 419474 7448.28443  155 2838 8000.00000 7170.70791  10.4%  1224 70446s
 507069 421299 7654.99974  401 2950 8000.00000 7171.08681  10.4%  1221 70762s
 508955 425843 7733.74506  501 2729 8000.00000 7171.08681  10.4%  1220 71203s
 513800 430240 7915.09290  803 1949 8000.00000 7171.08681  10.4%  1219 71559s
 517296 430240 7934.87262  724 1794 8000.00000 7171.08681  10.4%  1218 71560s
 518361 433951 7528.41406  147 2971 8000.00000 7171.08681  10.4%  1217 71884s
 522260 438217 7283.49058   70 2786 8000.00000 7171.08681  10.4%  1216 72310s
 526794 441064 7879.49967  211 2149 8000.00000 7171.08681  10.4%  1215 72612s
 529784 441862 7650.20961  131 2614 8000.00000 7171.08681  10.4%  1214 72870s
 530661 442779 7249.33785  120 3470 8000.00000 7171.08681  10.4%  1214 73143s
 531729 444071 7337.16476  162 2866 8000.00000 7171.08681  10.4%  1214 73437s
 533023 448705 7355.39632  183 3176 8000.00000 7171.08681  10.4%  1214 73866s
 538091 450817 7464.92507  349 2738 8000.00000 7171.36564  10.4%  1213 74248s
 540395 453062 7617.44761  497 2738 8000.00000 7171.36564  10.4%  1216 74677s
 542974 455170 7852.53693  680 2647 8000.00000 7171.42714  10.4%  1220 75104s
 545119 457265 7270.69277  199 3124 8000.00000 7171.42714  10.4%  1224 75572s
 547345 459397 7441.61218  349 2811 8000.00000 7171.42714  10.4%  1230 76073s
 549639 461583 7582.45998  557 2920 8000.00000 7171.42714  10.4%  1235 76615s
 551894 463396 7232.27814  100 2867 8000.00000 7171.94241  10.4%  1242 77053s
 553738 466514 7403.17212  205 2857 8000.00000 7171.94241  10.4%  1246 77756s
 557065 469992 7656.94260  483 2728 8000.00000 7171.94241  10.4%  1252 78460s
 560793 473974 7261.62072  157 2988 8000.00000 7171.94241  10.4%  1258 79137s
 564833 477882 7447.90434  337 3131 8000.00000 7171.94241  10.4%  1264 79721s
 568806 481528 7629.41166  516 2710 8000.00000 7171.94406  10.4%  1267 80314s
 572750 483585 7984.44739  800 2557 8000.00000 7171.98359  10.4%  1271 80809s
 574865 487418 7216.25280  203 3399 8000.00000 7171.98359  10.4%  1273 81391s
 578899 489111 7314.87841  391 3197 8000.00000 7171.98359  10.4%  1277 81857s
 580642 492841 7359.20030  473 3277 8000.00000 7171.98359  10.4%  1280 82453s
 584596 495707 7504.39627  734 2923 8000.00000 7172.15003  10.3%  1285 82863s
 587611 498443 7973.44964  883 2596 8000.00000 7172.24551  10.3%  1287 83278s
 590525 501976 7349.77986  143 3295 8000.00000 7172.24551  10.3%  1290 83748s
 594375 505291 7542.39233  303 2328 8000.00000 7172.27915  10.3%  1292 84169s
 597982 508711 7203.59557  147 3113 8000.00000 7172.40981  10.3%  1293 84617s
 601550 510744 7647.42174  241 2804 8000.00000 7172.40981  10.3%  1295 85021s
 603943 513155 7219.29493  141 3547 8000.00000 7172.40981  10.3%  1297 85403s
 606529 515096 7653.88129  214 1867 8000.00000 7172.40981  10.3%  1297 85781s
 608722 519642 7221.97799  143 2835 8000.00000 7172.40981  10.3%  1297 86256s
 613810 521204 7335.11080  295 2843 8000.00000 7172.40981  10.3%  1297 86400s

Cutting planes:
  Gomory: 144
  Lift-and-project: 3
  Cover: 2268
  Implied bound: 177
  Projected implied bound: 12
  Clique: 149
  MIR: 1790
  Mixing: 2
  StrongCG: 1486
  Flow cover: 7409
  GUB cover: 165
  Inf proof: 2
  Zero half: 701
  Mod-K: 9
  RLT: 2589
  Relax-and-lift: 371
  BQP: 2

Explored 615444 nodes (797942919 simplex iterations) in 86400.34 seconds (136375.11 work units)
Thread count was 32 (of 64 available processors)

Solution count 10: 8000 8001 8003 ... 8026

Time limit reached
Best objective 8.000000000000e+03, best bound 7.173000000000e+03, gap 10.3375%
Solved rc101_Random2 -> /project2/ssuen_1733/output/v3-balance-hours/rc101_Random2.pkl / .json
[Wed Dec 17 19:47:00 PST 2025] Finished run_single_instance for rc101_Random2
