==========================================
SLURM_JOB_ID = 5322919
SLURM_JOB_NODELIST = b22-23
TMPDIR = /tmp/SLURM_5322919
==========================================
Using Python:
Python 3.10.18
Checking core dependencies:
numpy: 2.2.6
gurobi: (12, 0, 3)
[Tue Dec 16 17:43:10 PST 2025] Starting run_single_instance on b22-23.hpc.usc.edu for rc101_Even
Set parameter TokenServer to value "hpc-licenses.hpcc.usc.edu"
Set parameter TimeLimit to value 86400
Set parameter Seed to value 42
Set parameter OutputFlag to value 1
Gurobi Optimizer version 12.0.3 build v12.0.3rc0 (linux64 - "Rocky Linux 8.10 (Green Obsidian)")

CPU model: AMD EPYC 7542 32-Core Processor, instruction set [SSE2|AVX|AVX2]
Thread count: 64 physical cores, 128 logical processors, using up to 32 threads

Non-default parameters:
TimeLimit  86400
Seed  42

Optimize a model with 703650 rows, 728000 columns and 7279600 nonzeros
Model fingerprint: 0x022e49f4
Variable types: 0 continuous, 728000 integer (727500 binary)
Coefficient statistics:
  Matrix range     [1e+00, 1e+03]
  Objective range  [1e+00, 1e+02]
  Bounds range     [1e+00, 5e+01]
  RHS range        [1e+00, 1e+03]
Presolve removed 679600 rows and 699956 columns
Presolve time: 2.09s
Presolved: 24050 rows, 28044 columns, 201250 nonzeros
Variable types: 0 continuous, 28044 integer (28000 binary)
Performing another presolve...
Presolve removed 400 rows and 300 columns
Presolve time: 0.38s
Deterministic concurrent LP optimizer: primal and dual simplex
Showing primal log only...


Root simplex log...

Iteration    Objective       Primal Inf.    Dual Inf.      Time
   13338    8.9251338e+03   0.000000e+00   6.608484e+05      5s
Concurrent spin time: 0.12s

Solved with dual simplex

Root simplex log...

Iteration    Objective       Primal Inf.    Dual Inf.      Time
   15965    5.0624587e+03   0.000000e+00   0.000000e+00      6s

Root relaxation: objective 5.062459e+03, 15965 iterations, 2.14 seconds (2.28 work units)
Total elapsed time = 6.40s (DegenMoves)

    Nodes    |    Current Node    |     Objective Bounds      |     Work
 Expl Unexpl |  Obj  Depth IntInf | Incumbent    BestBd   Gap | It/Node Time

     0     0 5062.45870    0  873          - 5062.45870      -     -    6s
H    0     0                    23350.000000 5062.45870  78.3%     -    7s
     0     0 5092.54521    0  961 23350.0000 5092.54521  78.2%     -    8s
H    0     0                    22640.000000 5092.89903  77.5%     -    8s
H    0     0                    22230.000000 5092.89903  77.1%     -    8s
H    0     0                    21588.000000 5092.89903  76.4%     -    8s
H    0     0                    21456.000000 5092.89903  76.3%     -    8s
H    0     0                    19663.000000 5092.89903  74.1%     -    8s
H    0     0                    19518.000000 5092.89903  73.9%     -    8s
H    0     0                    19486.000000 5092.89903  73.9%     -    8s
H    0     0                    19343.000000 5092.89903  73.7%     -    8s
H    0     0                    19326.000000 5092.89903  73.6%     -    8s
     0     0 5097.74614    0  977 19326.0000 5097.74614  73.6%     -    8s
     0     0 5097.79245    0  961 19326.0000 5097.79245  73.6%     -    8s
     0     0 5097.82371    0  951 19326.0000 5097.82371  73.6%     -    9s
     0     0 5097.82371    0  952 19326.0000 5097.82371  73.6%     -    9s
     0     0 5320.71819    0 1053 19326.0000 5320.71819  72.5%     -   11s
H    0     0                    19211.000000 5320.73985  72.3%     -   11s
H    0     0                    19199.000000 5320.73985  72.3%     -   11s
H    0     0                    19142.000000 5320.73985  72.2%     -   11s
H    0     0                    19141.000000 5320.73985  72.2%     -   11s
H    0     0                    19140.000000 5320.73985  72.2%     -   11s
H    0     0                    17937.000000 5320.73985  70.3%     -   11s
H    0     0                    17884.000000 5320.73985  70.2%     -   11s
H    0     0                    17866.000000 5320.73985  70.2%     -   11s
H    0     0                    16466.000000 5320.73985  67.7%     -   11s
H    0     0                    16432.000000 5320.73985  67.6%     -   11s
H    0     0                    16408.000000 5320.73985  67.6%     -   11s
H    0     0                    16166.000000 5320.73985  67.1%     -   11s
H    0     0                    16154.000000 5320.73985  67.1%     -   11s
H    0     0                    16126.000000 5320.73985  67.0%     -   11s
H    0     0                    16110.000000 5320.73985  67.0%     -   11s
H    0     0                    16090.000000 5320.73985  66.9%     -   11s
H    0     0                    16036.000000 5320.73985  66.8%     -   11s
     0     0 5329.34919    0  964 16036.0000 5329.34919  66.8%     -   11s
     0     0 5329.62502    0  977 16036.0000 5329.62502  66.8%     -   12s
     0     0 5329.63343    0  989 16036.0000 5329.63343  66.8%     -   12s
     0     0 5394.17316    0 1078 16036.0000 5394.17316  66.4%     -   14s
H    0     0                    15994.000000 5394.17919  66.3%     -   14s
H    0     0                    15871.000000 5394.17919  66.0%     -   14s
H    0     0                    15853.000000 5394.17919  66.0%     -   14s
H    0     0                    15820.000000 5394.17919  65.9%     -   15s
H    0     0                    15764.000000 5394.17919  65.8%     -   15s
H    0     0                    15762.000000 5394.17919  65.8%     -   15s
H    0     0                    15759.000000 5394.17919  65.8%     -   15s
H    0     0                    15756.000000 5394.17919  65.8%     -   15s
H    0     0                    15743.000000 5394.17919  65.7%     -   15s
     0     0 5395.93807    0 1068 15743.0000 5395.93807  65.7%     -   15s
     0     0 5395.96263    0 1111 15743.0000 5395.96263  65.7%     -   15s
     0     0 5426.85476    0 1188 15743.0000 5426.85476  65.5%     -   17s
H    0     0                    15714.000000 5426.85644  65.5%     -   18s
H    0     0                    15697.000000 5426.85644  65.4%     -   18s
H    0     0                    15523.000000 5426.85644  65.0%     -   18s
H    0     0                    15476.000000 5426.85644  64.9%     -   18s
H    0     0                    15044.000000 5426.85644  63.9%     -   18s
H    0     0                    15038.000000 5426.85644  63.9%     -   18s
H    0     0                    15035.000000 5426.85644  63.9%     -   18s
H    0     0                    15029.000000 5426.85644  63.9%     -   18s
     0     0 5427.10830    0 1222 15029.0000 5427.10830  63.9%     -   18s
     0     0 5427.12997    0 1183 15029.0000 5427.12997  63.9%     -   18s
     0     0 5469.54835    0 1173 15029.0000 5469.54835  63.6%     -   20s
H    0     0                    14915.000000 5469.75652  63.3%     -   20s
H    0     0                    14823.000000 5469.75652  63.1%     -   20s
H    0     0                    14337.000000 5469.75652  61.8%     -   20s
     0     0 5477.03311    0 1177 14337.0000 5477.03311  61.8%     -   21s
     0     0 5483.08418    0 1205 14337.0000 5483.08418  61.8%     -   22s
     0     0 5483.14130    0 1241 14337.0000 5483.14130  61.8%     -   22s
     0     0 5565.89056    0 1245 14337.0000 5565.89056  61.2%     -   24s
H    0     0                    14269.000000 5565.98922  61.0%     -   25s
H    0     0                    13454.000000 5565.98922  58.6%     -   25s
H    0     0                    13444.000000 5565.98922  58.6%     -   25s
H    0     0                    13389.000000 5565.98922  58.4%     -   25s
H    0     0                    13383.000000 5565.98922  58.4%     -   25s
H    0     0                    13379.000000 5565.98922  58.4%     -   25s
     0     0 5569.56207    0 1239 13379.0000 5569.56207  58.4%     -   27s
     0     0 5569.75543    0 1240 13379.0000 5569.75543  58.4%     -   27s
     0     0 5569.77698    0 1252 13379.0000 5569.77698  58.4%     -   27s
     0     0 5635.32076    0 1291 13379.0000 5635.32076  57.9%     -   30s
H    0     0                    13333.000000 5636.85207  57.7%     -   30s
H    0     0                    13302.000000 5636.85207  57.6%     -   30s
H    0     0                    13017.000000 5636.85207  56.7%     -   30s
H    0     0                    12945.000000 5636.85207  56.5%     -   30s
H    0     0                    12838.000000 5636.85207  56.1%     -   30s
H    0     0                    12824.000000 5636.85207  56.0%     -   30s
H    0     0                    12814.000000 5636.85207  56.0%     -   30s
H    0     0                    12797.000000 5636.85207  56.0%     -   30s
H    0     0                    12794.000000 5636.85207  55.9%     -   30s
H    0     0                    12785.000000 5636.85207  55.9%     -   30s
     0     0 5637.52339    0 1395 12785.0000 5637.52339  55.9%     -   31s
     0     0 5638.12742    0 1363 12785.0000 5638.12742  55.9%     -   32s
     0     0 5638.13833    0 1426 12785.0000 5638.13833  55.9%     -   32s
     0     0 5682.55842    0 1270 12785.0000 5682.55842  55.6%     -   35s
H    0     0                    12768.000000 5682.58360  55.5%     -   35s
H    0     0                    12535.000000 5682.58360  54.7%     -   35s
H    0     0                    12521.000000 5682.58360  54.6%     -   36s
H    0     0                    12502.000000 5682.58360  54.5%     -   36s
H    0     0                    12427.000000 5682.58360  54.3%     -   36s
H    0     0                    12181.000000 5682.58360  53.3%     -   36s
H    0     0                    11999.000000 5682.58360  52.6%     -   36s
H    0     0                    11884.000000 5682.58360  52.2%     -   36s
H    0     0                    11854.000000 5682.58360  52.1%     -   36s
H    0     0                    11802.000000 5682.58360  51.9%     -   36s
H    0     0                    11750.000000 5682.58360  51.6%     -   36s
H    0     0                    11697.000000 5682.58360  51.4%     -   36s
H    0     0                    11695.000000 5682.58360  51.4%     -   36s
H    0     0                    11679.000000 5682.58360  51.3%     -   36s
H    0     0                    11586.000000 5682.58360  51.0%     -   36s
H    0     0                    11578.000000 5682.58360  50.9%     -   36s
H    0     0                    11507.000000 5682.58360  50.6%     -   36s
H    0     0                    11395.000000 5682.58360  50.1%     -   36s
H    0     0                    11381.000000 5682.58360  50.1%     -   36s
     0     0 5683.76688    0 1351 11381.0000 5683.76688  50.1%     -   37s
     0     0 5683.96653    0 1346 11381.0000 5683.96653  50.1%     -   38s
     0     0 5683.98387    0 1301 11381.0000 5683.98387  50.1%     -   38s
     0     0 5705.16460    0 1280 11381.0000 5705.16460  49.9%     -   41s
H    0     0                    11327.000000 5705.43471  49.6%     -   41s
H    0     0                    11315.000000 5705.43471  49.6%     -   41s
H    0     0                    11304.000000 5705.43471  49.5%     -   41s
     0     0 5707.73697    0 1354 11304.0000 5707.73697  49.5%     -   41s
     0     0 5708.66020    0 1385 11304.0000 5708.66020  49.5%     -   42s
     0     0 5708.88249    0 1414 11304.0000 5708.88249  49.5%     -   42s
     0     0 5709.91381    0 1414 11304.0000 5709.91381  49.5%     -   43s
     0     0 5709.95828    0 1426 11304.0000 5709.95828  49.5%     -   43s
     0     0 5741.05376    0 1421 11304.0000 5741.05376  49.2%     -   45s
     0     0 5743.52923    0 1530 11304.0000 5743.52923  49.2%     -   46s
     0     0 5743.75042    0 1547 11304.0000 5743.75042  49.2%     -   47s
     0     0 5743.77175    0 1566 11304.0000 5743.77175  49.2%     -   47s
     0     0 5782.25546    0 1434 11304.0000 5782.25546  48.8%     -   50s
H    0     0                    11237.000000 5782.36541  48.5%     -   50s
H    0     0                    11230.000000 5782.36541  48.5%     -   50s
H    0     0                    11120.000000 5782.36541  48.0%     -   50s
H    0     0                    11119.000000 5782.36541  48.0%     -   50s
     0     0 5787.48524    0 1495 11119.0000 5787.48524  47.9%     -   52s
     0     0 5787.78749    0 1555 11119.0000 5787.78749  47.9%     -   52s
     0     0 5787.80363    0 1560 11119.0000 5787.80363  47.9%     -   52s
     0     0 5818.21765    0 1432 11119.0000 5818.21765  47.7%     -   55s
H    0     0                    11051.000000 5818.22005  47.4%     -   55s
H    0     0                    10579.000000 5818.22005  45.0%     -   56s
H    0     0                    10565.000000 5818.22005  44.9%     -   56s
H    0     0                    10563.000000 5818.22005  44.9%     -   56s
H    0     0                    10547.000000 5818.22005  44.8%     -   56s
     0     0 5822.26331    0 1442 10547.0000 5822.26331  44.8%     -   57s
     0     0 5822.63850    0 1543 10547.0000 5822.63850  44.8%     -   57s
     0     0 5822.74370    0 1523 10547.0000 5822.74370  44.8%     -   58s
H    0     0                    10446.000000 5886.36553  43.6%     -   61s
H    0     0                    10408.000000 5886.36553  43.4%     -   61s
H    0     0                    10396.000000 5886.36553  43.4%     -   61s
H    0     0                    10380.000000 5886.36553  43.3%     -   61s
H    0     0                    10368.000000 5886.36553  43.2%     -   61s
H    0     0                    10346.000000 5886.36553  43.1%     -   61s
H    0     0                    10328.000000 5886.36553  43.0%     -   61s
H    0     0                    10312.000000 5886.36553  42.9%     -   61s
     0     0 5886.36553    0 1373 10312.0000 5886.36553  42.9%     -   61s
H    0     0                    10290.000000 5887.35726  42.8%     -   61s
H    0     0                    10203.000000 5887.35726  42.3%     -   61s
H    0     0                    10076.000000 5887.35726  41.6%     -   61s
H    0     0                    10036.000000 5887.35726  41.3%     -   61s
H    0     0                    10033.000000 5887.35726  41.3%     -   61s
H    0     0                    10029.000000 5887.35726  41.3%     -   61s
H    0     0                    9894.0000000 5887.35726  40.5%     -   61s
H    0     0                    9886.0000000 5887.35726  40.4%     -   61s
H    0     0                    9836.0000000 5887.35726  40.1%     -   61s
H    0     0                    9835.0000000 5887.35726  40.1%     -   61s
H    0     0                    9820.0000000 5887.35726  40.0%     -   61s
H    0     0                    9819.0000000 5887.35726  40.0%     -   61s
H    0     0                    9807.0000000 5887.35726  40.0%     -   61s
H    0     0                    9792.0000000 5887.35726  39.9%     -   61s
H    0     0                    9791.0000000 5887.35726  39.9%     -   61s
     0     0 5890.16605    0 1426 9791.00000 5890.16605  39.8%     -   62s
     0     0 5890.70983    0 1379 9791.00000 5890.70983  39.8%     -   63s
     0     0 5891.01496    0 1406 9791.00000 5891.01496  39.8%     -   63s
     0     0 5891.01931    0 1423 9791.00000 5891.01931  39.8%     -   63s
     0     0 5925.50793    0 1405 9791.00000 5925.50793  39.5%     -   66s
H    0     0                    9787.0000000 5925.51507  39.5%     -   66s
H    0     0                    9608.0000000 5925.51507  38.3%     -   66s
H    0     0                    9583.0000000 5925.51507  38.2%     -   66s
H    0     0                    9582.0000000 5925.51507  38.2%     -   66s
H    0     0                    9561.0000000 5928.30118  38.0%     -   67s
H    0     0                    9515.0000000 5928.30118  37.7%     -   67s
H    0     0                    9513.0000000 5928.30118  37.7%     -   67s
     0     0 5928.30118    0 1436 9513.00000 5928.30118  37.7%     -   67s
     0     0 5928.65009    0 1502 9513.00000 5928.65009  37.7%     -   68s
     0     0 5928.68604    0 1523 9513.00000 5928.68604  37.7%     -   68s
     0     0 5953.62808    0 1496 9513.00000 5953.62808  37.4%     -   71s
H    0     0                    9491.0000000 5953.64144  37.3%     -   71s
H    0     0                    9485.0000000 5953.64144  37.2%     -   71s
H    0     0                    9467.0000000 5953.64144  37.1%     -   71s
H    0     0                    9457.0000000 5953.64144  37.0%     -   71s
     0     0 5955.75761    0 1532 9457.00000 5955.75761  37.0%     -   72s
H    0     0                    9421.0000000 5956.03846  36.8%     -   72s
     0     0 5956.03846    0 1516 9421.00000 5956.03846  36.8%     -   72s
H    0     0                    9411.0000000 5956.07092  36.7%     -   72s
H    0     0                    9405.0000000 5956.07092  36.7%     -   73s
H    0     0                    9397.0000000 5956.07092  36.6%     -   73s
     0     0 5956.07092    0 1531 9397.00000 5956.07092  36.6%     -   73s
H    0     0                    9388.0000000 5956.07092  36.6%     -   73s
H    0     0                    9380.0000000 5956.07092  36.5%     -   73s
H    0     0                    9362.0000000 5968.78322  36.2%     -   75s
H    0     0                    9249.0000000 5968.78322  35.5%     -   75s
     0     0 5968.78322    0 1495 9249.00000 5968.78322  35.5%     -   75s
H    0     0                    9241.0000000 5968.80772  35.4%     -   76s
H    0     0                    9234.0000000 5968.80772  35.4%     -   76s
H    0     0                    9186.0000000 5968.80772  35.0%     -   76s
H    0     0                    9178.0000000 5968.80772  35.0%     -   76s
H    0     0                    9176.0000000 5968.80772  35.0%     -   77s
H    0     0                    9172.0000000 5968.80772  34.9%     -   77s
H    0     0                    9166.0000000 5968.80772  34.9%     -   77s
H    0     0                    9119.0000000 5968.80772  34.5%     -   77s
H    0     0                    9101.0000000 5968.80772  34.4%     -   77s
H    0     0                    9083.0000000 5968.80772  34.3%     -   78s
H    0     0                    9065.0000000 5968.80772  34.2%     -   78s
H    0     0                    9046.0000000 5968.80772  34.0%     -   79s
H    0     0                    9023.0000000 5968.80772  33.8%     -   79s
H    0     0                    9014.0000000 5968.80772  33.8%     -   79s
H    0     0                    9013.0000000 5968.80772  33.8%     -   79s
     0     0 5970.77055    0 1516 9013.00000 5970.77055  33.8%     -   80s
     0     0 5971.09293    0 1442 9013.00000 5971.09293  33.8%     -   81s
     0     0 5971.11669    0 1443 9013.00000 5971.11669  33.7%     -   81s
H    0     0                    8957.0000000 5981.12139  33.2%     -   82s
     0     0 5981.12139    0 1462 8957.00000 5981.12139  33.2%     -   82s
H    0     0                    8948.0000000 5981.12277  33.2%     -   83s
H    0     0                    8908.0000000 5981.12277  32.9%     -   83s
H    0     0                    8903.0000000 5981.12277  32.8%     -   83s
     0     0 5981.77917    0 1500 8903.00000 5981.77917  32.8%     -   83s
     0     0 5981.81043    0 1530 8903.00000 5981.81043  32.8%     -   84s
     0     0 5988.60437    0 1516 8903.00000 5988.60437  32.7%     -   86s
H    0     0                    8891.0000000 5989.15469  32.6%     -   86s
H    0     0                    8883.0000000 5989.15469  32.6%     -   86s
H    0     0                    8844.0000000 5989.15469  32.3%     -   86s
H    0     0                    8802.0000000 5989.15469  32.0%     -   86s
H    0     0                    8740.0000000 5989.15469  31.5%     -   86s
H    0     0                    8735.0000000 5989.15469  31.4%     -   86s
H    0     0                    8725.0000000 5989.15469  31.4%     -   86s
     0     0 5989.15469    0 1494 8725.00000 5989.15469  31.4%     -   86s
     0     0 5989.34763    0 1571 8725.00000 5989.34763  31.4%     -   87s
H    0     0                    8655.0000000 5996.47850  30.7%     -   89s
H    0     0                    8654.0000000 5996.47850  30.7%     -   89s
H    0     0                    8653.0000000 5996.47850  30.7%     -   89s
H    0     0                    8640.0000000 5996.47850  30.6%     -   89s
H    0     0                    8627.0000000 5996.47850  30.5%     -   89s
H    0     0                    8626.0000000 5996.47850  30.5%     -   89s
     0     0 5996.47850    0 1539 8626.00000 5996.47850  30.5%     -   89s
     0     0 5998.42817    0 1532 8626.00000 5998.42817  30.5%     -   90s
     0     0 5998.47392    0 1589 8626.00000 5998.47392  30.5%     -   90s
H    0     0                    8624.0000000 5998.47392  30.4%     -   90s
H    0     0                    8620.0000000 6010.80406  30.3%     -   92s
H    0     0                    8617.0000000 6010.80406  30.2%     -   92s
     0     0 6010.80406    0 1502 8617.00000 6010.80406  30.2%     -   92s
     0     0 6012.26755    0 1550 8617.00000 6012.26755  30.2%     -   93s
     0     0 6012.50408    0 1566 8617.00000 6012.50408  30.2%     -   94s
     0     0 6017.13892    0 1605 8617.00000 6017.13892  30.2%     -   95s
     0     0 6017.48922    0 1559 8617.00000 6017.48922  30.2%     -   96s
     0     0 6017.71284    0 1550 8617.00000 6017.71284  30.2%     -   97s
H    0     0                    8615.0000000 6024.51205  30.1%     -   99s
     0     0 6024.51205    0 1569 8615.00000 6024.51205  30.1%     -   99s
     0     0 6025.61392    0 1612 8615.00000 6025.61392  30.1%     -  100s
     0     0 6025.75178    0 1624 8615.00000 6025.75178  30.1%     -  100s
     0     0 6030.48001    0 1593 8615.00000 6030.48001  30.0%     -  102s
     0     0 6031.26310    0 1601 8615.00000 6031.26310  30.0%     -  103s
     0     0 6031.32526    0 1632 8615.00000 6031.32526  30.0%     -  103s
     0     0 6037.65651    0 1582 8615.00000 6037.65651  29.9%     -  105s
     0     0 6038.90010    0 1598 8615.00000 6038.90010  29.9%     -  106s
     0     0 6039.08780    0 1547 8615.00000 6039.08780  29.9%     -  106s
     0     0 6043.06868    0 1624 8615.00000 6043.06868  29.9%     -  108s
     0     0 6043.46883    0 1626 8615.00000 6043.46883  29.8%     -  109s
     0     0 6043.52703    0 1629 8615.00000 6043.52703  29.8%     -  109s
H    0     0                    8606.0000000 6051.76748  29.7%     -  111s
H    0     0                    8602.0000000 6051.76748  29.6%     -  111s
H    0     0                    8600.0000000 6051.76748  29.6%     -  111s
H    0     0                    8596.0000000 6051.76748  29.6%     -  111s
H    0     0                    8586.0000000 6051.76748  29.5%     -  111s
H    0     0                    8582.0000000 6051.76748  29.5%     -  111s
     0     0 6051.76748    0 1608 8582.00000 6051.76748  29.5%     -  111s
     0     0 6052.07922    0 1638 8582.00000 6052.07922  29.5%     -  112s
     0     0 6055.04491    0 1531 8582.00000 6055.04491  29.4%     -  113s
     0     0 6056.98356    0 1586 8582.00000 6056.98356  29.4%     -  114s
     0     0 6057.00217    0 1588 8582.00000 6057.00217  29.4%     -  115s
     0     0 6058.31996    0 1624 8582.00000 6058.31996  29.4%     -  116s
     0     0 6058.68397    0 1623 8582.00000 6058.68397  29.4%     -  116s
     0     2 6058.68499    0 1610 8582.00000 6058.68499  29.4%     -  121s
     3     8 6060.16870    2 1588 8582.00000 6059.11120  29.4%  1832  131s
     7    14 6061.25354    3 1641 8582.00000 6061.25354  29.4%  3097  136s
    15    24 6063.06016    4 1618 8582.00000 6061.54884  29.4%  2706  141s
H   29    48                    8573.0000000 6063.06140  29.3%  2782  149s
H   36    48                    8569.0000000 6063.06185  29.2%  2491  149s
    53    80 6066.56445    6 1650 8569.00000 6063.58850  29.2%  2942  155s
    85   121 6070.98796    7 1762 8569.00000 6066.57702  29.2%  2742  161s
H   87   121                    8568.0000000 6066.57702  29.2%  2704  161s
H  100   121                    8567.0000000 6066.57702  29.2%  2499  161s
H  101   121                    8566.0000000 6066.57702  29.2%  2486  161s
H  117   121                    8558.0000000 6066.57702  29.1%  2300  161s
   126   223 6071.11709    8 1729 8558.00000 6066.57702  29.1%  2243  169s
   234   297 6072.54855   10 1712 8558.00000 6066.57702  29.1%  1611  179s
H  236   297                    8557.0000000 6066.57702  29.1%  1644  179s
H  256   297                    8554.0000000 6066.57702  29.1%  1621  179s
   308   374 6076.39715   11 1709 8554.00000 6066.57702  29.1%  1475  183s
   389   406 6083.68529   11 1762 8554.00000 6066.57702  29.1%  1329  186s
H  403   406                    8540.0000000 6066.57702  29.0%  1312  186s
   421   482 6076.90282   12 1734 8540.00000 6066.57702  29.0%  1290  192s
   499   547 6078.32655   14 1695 8540.00000 6066.57702  29.0%  1206  197s
   564   580 6080.50695   17 1713 8540.00000 6066.57702  29.0%  1184  232s
   597   612 6092.83591   17 1672 8540.00000 6066.57702  29.0%  1162  235s
H  599   612                    8527.0000000 6066.57702  28.9%  1158  236s
   629   688 6080.60379   18 1729 8527.00000 6066.57702  28.9%  1154  241s
H  714   720                    8518.0000000 6066.57702  28.8%  1123  243s
   737   798 6083.93839   21 1663 8518.00000 6066.57702  28.8%  1111  247s
   815   851 6237.39910   22 1644 8518.00000 6066.57702  28.8%  1081  250s
   868   919 6102.53630   23 1686 8518.00000 6066.57702  28.8%  1066  256s
H  944   951                    8507.0000000 6066.57702  28.7%  1052  258s
   970  1028 6189.26866   24 1591 8507.00000 6066.57702  28.7%  1051  262s
  1079  1108 6104.03299   26 1691 8507.00000 6066.57702  28.7%  1025  271s
  1127  1175 6104.07625   27 1711 8507.00000 6066.57702  28.7%  1020  276s
  1196  1254 6105.66939   30 1686 8507.00000 6066.57702  28.7%  1000  282s
H 1218  1254                    8506.0000000 6066.57702  28.7%   993  282s
  1277  1375 6106.26013   32 1692 8506.00000 6066.57702  28.7%   973  287s
  1398  1508 6107.30727   35 1579 8506.00000 6066.57702  28.7%   947  293s
  1531  1539 6112.41104   38 1615 8506.00000 6066.57702  28.7%   918  296s
H 1554  1539                    8504.0000000 6066.57702  28.7%   915  297s
  1564  1571 6112.59993   39 1657 8504.00000 6066.57702  28.7%   913  300s
  1628  1635 6118.65957   40 1687 8504.00000 6066.57702  28.7%   906  305s
H 1639  1635                    8494.0000000 6066.57702  28.6%   905  305s
  1660  1666 6114.51505   41 1679 8494.00000 6066.57702  28.6%   905  311s
H 1690  1666                    8480.0000000 6066.57702  28.5%   905  311s
  1692  1820 6116.83717   41 1743 8480.00000 6066.57702  28.5%   905  315s
  1878  1885 6115.46746   44 1619 8480.00000 6066.57702  28.5%   873  325s
  1953  1959 6116.77112   45 1685 8480.00000 6066.57702  28.5%   868  333s
  1995  2071 6117.25577   46 1544 8480.00000 6066.57702  28.5%   863  337s
  2107  2226 6117.75910   48 1677 8480.00000 6066.57702  28.5%   844  343s
  2262  2393 6119.69125   53 1709 8480.00000 6066.57702  28.5%   828  348s
  2435  2573 6121.90049   60 1649 8480.00000 6066.57702  28.5%   814  356s
  2617  2781 6125.53904   64 1710 8480.00000 6066.57702  28.5%   806  363s
  2825  3001 6139.11240   70 1678 8480.00000 6066.57702  28.5%   792  370s
  3045  3236 6141.48005   72 1700 8480.00000 6066.57702  28.5%   779  377s
  3280  3502 6141.56425   73 1622 8480.00000 6066.57702  28.5%   763  384s
  3546  3761 6144.26346   75 1651 8480.00000 6066.57702  28.5%   745  391s
  3805  4052 6144.55881   76 1661 8480.00000 6066.57702  28.5%   733  399s
  4098  4338 6147.68934   82 1661 8480.00000 6066.57702  28.5%   719  407s
  4384  4370 6151.58423   87 1580 8480.00000 6066.57702  28.5%   707  413s
H 4387  4370                    8478.0000000 6066.57702  28.4%   707  413s
  4416  4706 6153.94623   88 1616 8478.00000 6066.57702  28.4%   706  422s
H 4752  4836                    8476.0000000 6066.57702  28.4%   691  429s
H 4764  4836                    8471.0000000 6066.57702  28.4%   691  429s
  4882  5168 6191.78619   90 1535 8471.00000 6066.57702  28.4%   686  437s
  5214  5582 6157.44705   92 1565 8471.00000 6066.57702  28.4%   674  446s
  5642  6060 6167.53737   99 1586 8471.00000 6066.57702  28.4%   657  455s
  6150  6500 6171.03303  111 1678 8471.00000 6066.57702  28.4%   633  464s
  6590  6946 6182.09788  114 1621 8471.00000 6066.57702  28.4%   621  472s
  7061  7408 6174.43958  116 1643 8471.00000 6066.57702  28.4%   606  483s
  7548  7587 6181.90329  125 1638 8471.00000 6066.57702  28.4%   597  492s
H 7554  7587                    8467.0000000 6066.57702  28.4%   597  492s
H 7560  7587                    8466.0000000 6066.57702  28.3%   597  492s
H 7673  7587                    8460.0000000 6066.57702  28.3%   596  492s
H 7706  7572                    8439.0000000 6066.57702  28.1%   597  492s
H 7732  8071                    8433.0000000 6066.57702  28.1%   596  506s
H 8172  8071                    8432.0000000 6066.57702  28.1%   587  506s
H 8290  8519                    8422.0000000 6066.57702  28.0%   582  517s
H 8333  8513                    8418.0000000 6066.57702  27.9%   582  517s
  8786  8998 6192.32706  148 1648 8418.00000 6066.57702  27.9%   576  528s
  9277  9417 6196.21175  157 1721 8418.00000 6066.57702  27.9%   571  540s
H 9373  9416                    8417.0000000 6066.57702  27.9%   570  540s
  9704  9930 6201.06362  169 1722 8417.00000 6066.57702  27.9%   567  551s
 10232 10307 6217.31232  179 1722 8417.00000 6066.57702  27.9%   562  563s
 10611 10332 6220.04556  183 1656 8417.00000 6066.57702  27.9%   563  574s
 10650 10364 6233.97161  183 1543 8417.00000 6066.57702  27.9%   564  583s
H10670 10354                    8413.0000000 6066.57702  27.9%   564  583s
 10682 10887 6220.17269  184 1731 8413.00000 6066.57702  27.9%   564  601s
H10853 10848                    8399.0000000 6066.57702  27.8%   566  601s
 11217 11486 6227.00513  190 1758 8399.00000 6066.57702  27.8%   561  614s
H11482 11482                    8397.0000000 6066.57702  27.8%   560  614s
H11531 11463                    8389.0000000 6066.57702  27.7%   559  615s
 11871 12036 6238.38783  206 1722 8389.00000 6066.57702  27.7%   553  628s
H12074 12031                    8387.0000000 6066.57702  27.7%   555  628s
H12123 12025                    8385.0000000 6066.57702  27.6%   554  628s
H12164 12021                    8384.0000000 6066.57702  27.6%   553  628s
H12326 12016                    8383.0000000 6066.57702  27.6%   550  628s
 12474 12619 6259.58017  211 1674 8383.00000 6066.57702  27.6%   549  642s
H12613 12601                    8379.0000000 6066.57702  27.6%   548  642s
 13119 13382 6249.18623  221 1676 8379.00000 6076.42499  27.5%   543  655s
H13904 13608                    8375.0000000 6076.42499  27.4%   536  671s
H13939 13605                    8374.0000000 6076.42499  27.4%   536  671s
H13959 13604                    8373.0000000 6076.42499  27.4%   537  671s
 14141 13636 6320.75362  235 1612 8373.00000 6076.42499  27.4%   533  684s
 14173 13679 6256.52435  236 1700 8373.00000 6076.42499  27.4%   534  696s
 14216 14015 6256.61142  237 1687 8373.00000 6076.42499  27.4%   535  709s
 14555 14016 6378.50354  264 12461 8373.00000 6076.42499  27.4%   536  752s
 14557 14017 6617.79752  174  903 8373.00000 6076.42499  27.4%   536  757s
 14559 14019 6219.17504   20 1037 8373.00000 6076.42499  27.4%   536  760s
 14561 14020 6323.25158  206 1121 8373.00000 6076.42499  27.4%   536  765s
 14563 14021 7360.51037  146 1453 8373.00000 6076.42499  27.4%   536  771s
 14565 14023 6240.40619   77 1678 8373.00000 6076.42499  27.4%   536  778s
 14566 14023 7697.07843  501 1819 8373.00000 6085.75639  27.3%   536  782s
 14568 14025 6300.74935   88 1712 8373.00000 6094.60068  27.2%   536  785s
 14576 14030 6568.89893   31 1738 8373.00000 6095.69646  27.2%   536  790s
 14577 14031 8340.55366  487 1527 8373.00000 6166.13989  26.4%   536  796s
 14578 14031 6389.99301   34 1603 8373.00000 6200.86907  25.9%   536  801s
 14579 14032 7207.84515  442 1586 8373.00000 6230.27595  25.6%   536  806s
 14580 14033 6497.70876  131 1830 8373.00000 6248.33143  25.4%   536  810s
 14584 14035 6253.38038  140 1825 8373.00000 6253.38038  25.3%   535  815s
 14587 14037 6433.31487  119 1638 8373.00000 6315.18493  24.6%   535  825s
 14589 14039 6404.03440   42 1764 8373.00000 6332.88856  24.4%   535  834s
 14590 14039 6794.72918  277 1731 8373.00000 6334.66888  24.3%   535  835s
 14595 14043 7805.65725  537 1736 8373.00000 6389.86826  23.7%   535  848s
 14596 14043 6408.36358   17 1854 8373.00000 6408.36358  23.5%   535  854s
 14597 14044 6822.38040  342 1772 8373.00000 6410.25286  23.4%   535  856s
 14605 14049 7655.77071  520 1755 8373.00000 6410.97976  23.4%   535  861s
 14606 14050 7463.42118  546 1591 8373.00000 6448.13644  23.0%   535  869s
 14607 14051 6456.34196   14 1816 8373.00000 6456.34196  22.9%   535  874s
 14608 14051 7348.26003  416 1851 8373.00000 6457.85812  22.9%   535  876s
 14614 14055 7862.60126   98 1756 8373.00000 6459.06021  22.9%   534  881s
 14615 14056 7453.93236   82 1858 8373.00000 6488.04030  22.5%   534  891s
 14616 14057 6951.85655  266 2046 8373.00000 6493.46554  22.4%   534  896s
 14620 14059 7135.59749  173 2021 8373.00000 6495.45813  22.4%   534  900s
 14623 14061 6524.93932  152 2020 8373.00000 6524.93932  22.1%   534  910s
 14624 14062 8264.14122  335 2007 8373.00000 6531.30112  22.0%   534  915s
 14626 14063 6535.09606  277 2006 8373.00000 6533.92041  22.0%   534  920s
 14631 14067 7531.14428  402 1972 8373.00000 6560.41718  21.6%   534  933s
 14632 14067 6565.78270   26 1914 8373.00000 6565.78270  21.6%   534  937s
 14634 14069 8097.30076  107 1895 8373.00000 6567.88852  21.6%   534  941s
 14638 14071 6605.74982  167 1927 8373.00000 6605.74982  21.1%   533  954s
 14639 14072 6616.19417   26 1911 8373.00000 6616.19417  21.0%   533  958s
 14640 14073 6619.69136   57 1850 8373.00000 6619.69136  20.9%   533  962s
 14643 14075 6620.76210  120 1922 8373.00000 6620.76210  20.9%   533  965s
 14645 14076 6643.61545  117 2060 8373.00000 6643.61545  20.7%   533  977s
 14646 14077 6655.44879  109 1839 8373.00000 6655.44879  20.5%   533  981s
 14648 14078 7513.22272  211 1876 8373.00000 6657.02672  20.5%   533  985s
 14653 14081 6676.76257  306 1941 8373.00000 6676.76257  20.3%   533  997s
 14654 14082 8265.23265  338 1944 8373.00000 6680.29468  20.2%   533 1000s
 14657 14084 6682.15362  174 2083 8373.00000 6682.15362  20.2%   533 1005s
 14662 14087 6697.91370   14 1882 8373.00000 6697.91370  20.0%   533 1018s
 14663 14088 7360.51037  146 1829 8373.00000 6702.35969  20.0%   533 1021s
 14665 14089 6704.01282   77 1906 8373.00000 6704.01282  19.9%   532 1025s
 14671 14093 8365.73887  326 2053 8373.00000 6717.94877  19.8%   532 1035s
 14673 14095 6723.48006   55 2061 8373.00000 6723.48006  19.7%   532 1042s
 14675 14096 6724.19442   19 2013 8373.00000 6724.19442  19.7%   532 1045s
 14680 14099 6724.46921  131 1995 8373.00000 6724.46921  19.7%   532 1050s
 14681 14100 6741.71465  179 2047 8373.00000 6741.71465  19.5%   532 1058s
 14682 14101 6745.95462   12 2077 8373.00000 6745.95462  19.4%   532 1062s
 14683 14101 6747.15856  179 2117 8373.00000 6747.15856  19.4%   532 1065s
 14687 14104 6747.67374  119 2018 8373.00000 6747.67374  19.4%   532 1070s
 14688 14105 6770.26534   38 2038 8373.00000 6770.26534  19.1%   532 1078s
 14689 14105 6773.96526   42 2200 8373.00000 6773.96526  19.1%   532 1084s
 14690 14106 6794.72918  277 2155 8373.00000 6775.72368  19.1%   532 1087s
 14693 14108 6776.37653   59 2199 8373.00000 6776.37653  19.1%   531 1090s
 14697 14111 6822.38040  342 2272 8373.00000 6776.42211  19.1%   531 1095s
 14698 14111 6791.63707   48 2199 8373.00000 6791.63707  18.9%   531 1106s
 14699 14112 6796.04922  108 2381 8373.00000 6796.04922  18.8%   531 1110s
 14703 14115 7180.27613  300 2367 8373.00000 6797.61605  18.8%   531 1115s
 14705 14116 7655.77071  520 2362 8373.00000 6797.62459  18.8%   531 1120s
 14706 14117 7463.42118  546 2096 8373.00000 6810.42694  18.7%   531 1131s
 14707 14117 6812.61180   14 2145 8373.00000 6812.61180  18.6%   531 1136s
 14708 14118 7348.26003  416 2219 8373.00000 6814.05142  18.6%   531 1141s
 14715 14123 7453.93236   82 2291 8373.00000 6814.34533  18.6%   531 1145s
 14716 14123 6951.85655  266 2189 8373.00000 6822.92502  18.5%   531 1157s
 14717 14124 6824.20051   60 2147 8373.00000 6824.20051  18.5%   531 1161s
 14723 14128 6824.71573  152 2273 8373.00000 6824.71573  18.5%   530 1165s
 14724 14129 8264.14122  335 2185 8373.00000 6832.09452  18.4%   530 1171s
 14725 14129 6834.73725   12 2198 8373.00000 6834.73725  18.4%   530 1176s
H14727 13421                    8370.0000000 6835.64973  18.3%   530 1180s
 14732 13424 6844.45161   26 2016 8370.00000 6844.45161  18.2%   530 1191s
 14734 13425 8097.30076  107 2280 8370.00000 6847.57849  18.2%   530 1197s
 14737 13427 6848.14153  145 2237 8370.00000 6848.14153  18.2%   530 1200s
 14740 13429 6855.91173   57 2058 8370.00000 6855.91173  18.1%   530 1209s
 14741 13430 6857.82385  152 1995 8370.00000 6857.82385  18.1%   530 1212s
 14742 13431 6859.02616  181 1973 8370.00000 6859.02616  18.1%   530 1215s
 14752 13437 6859.38424  164 2051 8370.00000 6859.38424  18.0%   529 1220s
 14753 13438 6871.89847  306 2059 8370.00000 6871.89847  17.9%   529 1228s
 14754 13439 8265.23265  338 2091 8370.00000 6876.61245  17.8%   529 1234s
 14755 13439 6877.67176  264 2127 8370.00000 6877.67176  17.8%   529 1238s
 14758 13441 6878.04141  112 2181 8370.00000 6878.04141  17.8%   529 1240s
 14762 13444 6888.94304   14 2095 8370.00000 6888.94304  17.7%   529 1249s
H14762 12768                    8369.0000000 6891.73631  17.7%   529 1253s
 14764 12769 6892.45967  169 2123 8369.00000 6892.45967  17.6%   529 1255s
 14771 12774 8365.73887  326 2217 8369.00000 6893.02913  17.6%   529 1260s
H14771 12132                    8368.0000000 6900.57538  17.5%   529 1301s
H14771 11522                    8366.0000000 6900.57538  17.5%   529 1311s
 14773 11523 6903.23645   55 2221 8366.00000 6903.23645  17.5%   529 1320s
 14775 11525 6905.21715   19 2228 8366.00000 6905.21715  17.5%   528 1325s
 14781 11529 6916.04449  179 2391 8366.00000 6916.04449  17.3%   528 1338s
 14782 11529 6917.56298   12 2352 8366.00000 6917.56298  17.3%   528 1342s
 14785 11531 6918.26820   16 2429 8366.00000 6918.26820  17.3%   528 1345s
 14788 11533 6923.10015   38 2473 8366.00000 6923.10015  17.2%   528 1352s
 14789 11534 6924.63999   42 2445 8366.00000 6924.63999  17.2%   528 1356s
 14792 11536 8337.90260  125 2506 8366.00000 6925.16117  17.2%   528 1360s
 14798 11540 6931.31090   48 2463 8366.00000 6931.31090  17.1%   528 1370s
 14800 11541 6933.43432   68 2547 8366.00000 6933.43432  17.1%   528 1376s
 14805 11545 7655.77071  520 2675 8366.00000 6933.82795  17.1%   527 1380s
 14808 11547 7348.26003  416 2420 8366.00000 6939.44015  17.1%   527 1389s
 14809 11547 6941.50896   66 2512 8366.00000 6941.50896  17.0%   527 1395s
 14814 11551 7862.60126   98 2576 8366.00000 6942.35428  17.0%   527 1400s
 14816 11552 6951.85655  266 2517 8366.00000 6948.82062  16.9%   527 1408s
 14817 11553 6950.24272   60 2398 8366.00000 6950.24272  16.9%   527 1411s
 14819 11554 6951.28413  251 2571 8366.00000 6951.28413  16.9%   527 1416s
 14825 11558 6956.71855   12 2353 8366.00000 6956.71855  16.8%   527 1427s
 14826 11559 6957.87990  277 2451 8366.00000 6957.87990  16.8%   527 1430s
 14830 11561 6958.85430  203 2621 8366.00000 6958.85430  16.8%   527 1435s
 14834 11564 8097.30076  107 2561 8366.00000 6964.77577  16.7%   526 1445s
 14836 11565 6965.87625   52 2549 8366.00000 6965.87625  16.7%   526 1451s
 14842 11569 6966.12033  181 2644 8366.00000 6966.12033  16.7%   526 1455s
 14843 11570 6970.80815  120 2601 8366.00000 6970.80815  16.7%   526 1463s
 14844 11571 7211.16913  325 2603 8366.00000 6972.72046  16.7%   526 1468s
 14845 11571 6973.35606  117 2583 8366.00000 6973.35606  16.6%   526 1470s
 14850 11575 8265.54854  339 2894 8366.00000 6973.87987  16.6%   526 1475s
 14853 11577 6978.53236  306 2574 8366.00000 6978.53236  16.6%   526 1484s
 14854 11577 8265.23265  338 2604 8366.00000 6979.61017  16.6%   526 1487s
 14856 11579 7023.69966  270 2750 8366.00000 6980.08891  16.6%   526 1491s
 14864 11584 6984.78858  169 2707 8366.00000 6984.78858  16.5%   525 1503s
 14865 11585 6986.59850   77 2723 8366.00000 6986.59850  16.5%   525 1507s
 14867 11586 7371.69494  209 2740 8366.00000 6987.15526  16.5%   525 1510s
 14873 11590 6990.51234   55 2684 8366.00000 6990.51234  16.4%   525 1522s
 14874 11591 6991.74951   34 2634 8366.00000 6991.74951  16.4%   525 1525s
 14881 11595 6992.27760  179 2763 8366.00000 6992.27760  16.4%   525 1530s
 14882 11596 6995.54180   12 2757 8366.00000 6995.54180  16.4%   525 1536s
 14883 11597 6996.41974  179 2673 8366.00000 6996.41974  16.4%   525 1540s
 14890 11601 6996.99529  277 2587 8366.00000 6996.99529  16.4%   524 1545s
 14891 11602 8324.90139  590 2680 8366.00000 7000.62318  16.3%   524 1552s
 14892 11603 8337.90260  125 2733 8366.00000 7001.68219  16.3%   524 1556s
 14895 11605 7805.65725  537 2856 8366.00000 7002.40322  16.3%   524 1560s
 14900 11608 7005.95664   68 2727 8366.00000 7005.95664  16.3%   524 1569s
 14901 11609 7627.06667  510 2789 8366.00000 7007.27225  16.2%   524 1573s
 14902 11609 7007.45629   51 2664 8366.00000 7007.45629  16.2%   524 1575s
 14911 11615 7010.64596  187 2641 8366.00000 7010.64596  16.2%   524 1587s
 14912 11616 7011.75146   78 2679 8366.00000 7011.75146  16.2%   524 1592s
 14913 11617 7012.17924   95 2627 8366.00000 7012.17924  16.2%   524 1595s
 14921 11622 7412.58175  334 2552 8366.00000 7015.17715  16.1%   523 1606s
 14922 11623 7015.99513   28 2795 8366.00000 7015.99513  16.1%   523 1610s
 14926 11625 7016.56432  277 2810 8366.00000 7016.56432  16.1%   523 1615s
 14931 11629 7531.14428  402 2642 8366.00000 7019.47081  16.1%   523 1625s
 14933 11630 7059.99961  142 2889 8366.00000 7021.09602  16.1%   523 1631s
 14939 11634 7021.21463   26 2986 8366.00000 7021.21463  16.1%   523 1635s
 14940 11635 7024.67894   57 2733 8366.00000 7024.67894  16.0%   523 1645s
 14942 11636 7025.86871  181 2943 8366.00000 7025.86871  16.0%   523 1650s
 14948 11640 7513.22272  211 2796 8366.00000 7026.18218  16.0%   522 1655s
 14949 11641 8260.11343  327 2727 8366.00000 7030.00190  16.0%   522 1663s
 14950 11641 8265.54854  339 2791 8366.00000 7030.95046  16.0%   522 1667s
 14953 11643 7031.40062  306 2912 8366.00000 7031.40062  16.0%   522 1670s
 14959 11647 7033.02849   20 2943 8366.00000 7033.02849  15.9%   522 1679s
 14960 11648 7033.58067  139 2832 8366.00000 7033.58067  15.9%   522 1682s
 14963 11650 7360.51037  146 3108 8366.00000 7033.85399  15.9%   522 1685s
 14965 11651 7036.34177   77 3048 8366.00000 7036.34177  15.9%   522 1695s
 14967 11653 7371.69494  209 3018 8366.00000 7037.45509  15.9%   522 1701s
 14973 11657 7037.54298   55 3072 8366.00000 7037.54298  15.9%   521 1705s
 14974 11657 7038.91384   34 3229 8366.00000 7038.91384  15.9%   521 1710s
 14978 11660 7039.62341   34 3273 8366.00000 7039.62341  15.9%   521 1715s
 14984 11664 7040.85837  140 3168 8366.00000 7040.85837  15.8%   521 1722s
 14986 11665 7041.04575   49 3110 8366.00000 7041.04575  15.8%   521 1725s
 14990 11668 7042.72119  277 3007 8366.00000 7042.72119  15.8%   521 1731s
 14992 11669 8337.90260  125 3153 8366.00000 7043.40778  15.8%   521 1735s
 14998 11673 7045.29175   48 3151 8366.00000 7045.29175  15.8%   521 1743s
 14999 11674 7045.75578  108 3076 8366.00000 7045.75578  15.8%   521 1745s
 15005 11678 7655.77071  520 3169 8366.00000 7046.08820  15.8%   520 1750s
 15007 11679 7047.20625   14 2828 8366.00000 7047.20625  15.8%   520 1756s
 15015 11685 7453.93236   82 3057 8366.00000 7047.36587  15.8%   520 1760s
 15016 11685 7048.80735  266 2939 8366.00000 7048.80735  15.7%   520 1766s
 15018 11687 7049.28691  189 2924 8366.00000 7049.28691  15.7%   520 1770s
 15024 11691 8264.14122  335 3182 8366.00000 7051.14057  15.7%   520 1779s
 15025 11691 7051.83824   12 3174 8366.00000 7051.83824  15.7%   520 1782s
 15027 11693 7211.16913  325 3143 8366.00000 7052.19362  15.7%   520 1785s
 15033 11697 7059.99961  142 3125 8366.00000 7053.83421  15.7%   519 1794s
 15034 11697 8097.30076  107 3244 8366.00000 7054.53049  15.7%   519 1797s
 15037 11699 7054.63265  145 3240 8366.00000 7054.63265  15.7%   519 1800s
 15040 11701 7056.71714   57 3113 8366.00000 7056.71714  15.7%   519 1808s
 15041 11702 7057.69232  152 3103 8366.00000 7057.69232  15.6%   519 1812s
 15042 11703 7058.00046  181 3170 8366.00000 7058.00046  15.6%   519 1815s
 15046 11705 7058.56796  109 3212 8366.00000 7058.56796  15.6%   519 1820s
 15049 11707 8260.11343  327 3018 8366.00000 7059.56635  15.6%   519 1826s
 15051 11709 7060.18747   27 2959 8366.00000 7060.18747  15.6%   519 1830s
 15059 11714 7061.38864   20 2928 8366.00000 7061.38864  15.6%   518 1839s
 15060 11715 7061.88501  139 3081 8366.00000 7061.88501  15.6%   518 1842s
 15064 11717 7061.99110  169 3177 8366.00000 7061.99110  15.6%   518 1845s
 15065 11718 7063.17009   77 2842 8366.00000 7063.17009  15.6%   518 1850s
 15073 11723 7065.01649   55 2932 8366.00000 7065.01649  15.6%   518 1859s
 15074 11724 7065.23773   34 2795 8366.00000 7065.23773  15.5%   518 1861s
 15078 11727 7065.53775   34 3045 8366.00000 7065.53775  15.5%   518 1865s
 15081 11729 7067.03515  179 2809 8366.00000 7067.03515  15.5%   518 1872s
 15082 11729 7067.57234   12 2842 8366.00000 7067.57234  15.5%   518 1875s
 15089 11734 7067.84359   42 3035 8366.00000 7067.84359  15.5%   517 1880s
 15090 11735 7069.09447  277 2779 8366.00000 7069.09447  15.5%   517 1885s
 15094 11737 7714.65784  304 2980 8366.00000 7069.78022  15.5%   517 1890s
 15097 11739 7070.60032  342 2758 8366.00000 7070.60032  15.5%   517 1895s
 15100 11741 7071.13089   68 3028 8366.00000 7071.13089  15.5%   517 1900s
 15104 11744 7072.96884   24 3098 8366.00000 7072.96884  15.5%   517 1907s
 15105 11745 7655.77071  520 3207 8366.00000 7073.44834  15.5%   517 1910s
 15110 11748 7075.86286  113 2929 8366.00000 7075.86286  15.4%   517 1921s
 15111 11749 7076.71143  187 3152 8366.00000 7076.71143  15.4%   517 1925s
 15115 11751 7453.93236   82 3272 8366.00000 7077.24006  15.4%   517 1930s
 15123 11757 7078.92045  152 3144 8366.00000 7078.92045  15.4%   516 1937s
 15124 11757 8264.14122  335 3422 8366.00000 7079.40434  15.4%   516 1940s
 15130 11761 7079.68837  203 3361 8366.00000 7079.68837  15.4%   516 1945s
 15132 11763 7081.46176   26 3097 8366.00000 7081.46176  15.4%   516 1952s
 15133 11763 7081.94322  142 3067 8366.00000 7081.94322  15.3%   516 1955s
 15139 11767 7083.80680   26 3037 8366.00000 7083.80680  15.3%   516 1966s
 15141 11769 7084.32002  152 3121 8366.00000 7084.32002  15.3%   516 1970s
 15145 11771 7086.64162  117 3206 8366.00000 7086.64162  15.3%   516 1980s
 15148 11773 7513.22272  211 3292 8366.00000 7087.47538  15.3%   515 1985s
 15153 11777 7089.53785  306 3257 8366.00000 7089.53785  15.3%   515 1993s
 15154 11777 8265.23265  338 3245 8366.00000 7089.69217  15.3%   515 1995s
 15161 11782 7091.02970  206 3242 8366.00000 7091.02970  15.2%   515 2003s
 15162 11783 7091.18681   14 3189 8366.00000 7091.18681  15.2%   515 2005s
 15169 11787 7092.37000   13 3125 8366.00000 7092.37000  15.2%   515 2013s
 15170 11788 7092.85093  105 3260 8366.00000 7092.85093  15.2%   515 2015s
 15176 11792 7093.65430   31 3129 8366.00000 7093.65430  15.2%   515 2023s
 15177 11793 8340.55366  487 3214 8366.00000 7093.85383  15.2%   514 2025s
 15183 11797 7095.17572  179 3267 8366.00000 7095.17572  15.2%   514 2034s
 15184 11797 7095.99225  140 3254 8366.00000 7095.99225  15.2%   514 2037s
 15186 11799 7096.23026   49 3470 8366.00000 7096.23026  15.2%   514 2041s
 15190 11801 7096.54863  277 3486 8366.00000 7096.54863  15.2%   514 2046s
 15191 11802 8324.90139  590 3167 8366.00000 7097.52302  15.2%   514 2051s
 15193 11803 7098.20298   59 3128 8366.00000 7098.20298  15.2%   514 2056s
 15199 11807 7098.37337  108 3285 8366.00000 7098.37337  15.2%   514 2061s
 15200 11808 7099.70187   68 3254 8366.00000 7099.70187  15.1%   514 2066s
 15202 11809 7100.27267   51 3384 8366.00000 7100.27267  15.1%   514 2070s
 15206 11812 7463.42118  546 3142 8366.00000 7101.77721  15.1%   513 2077s
 15207 11813 7102.38835   14 3341 8366.00000 7102.38835  15.1%   513 2080s
 15212 11816 7102.78381   78 3461 8366.00000 7102.78381  15.1%   513 2085s
 15215 11818 7453.93236   82 3105 8366.00000 7104.21769  15.1%   513 2091s
 15217 11819 7104.92509   60 3065 8366.00000 7104.92509  15.1%   513 2097s
 15222 11823 7105.04649   28 3193 8366.00000 7105.04649  15.1%   513 2100s
 15225 11825 7106.36354   12 2907 8366.00000 7106.36354  15.1%   513 2107s
 15226 11825 7106.83899  277 3014 8366.00000 7106.83899  15.1%   513 2111s
 15229 11827 7107.12964  144 3200 8366.00000 7107.12964  15.0%   513 2116s
 15233 11830 7107.27006  142 3318 8366.00000 7107.27006  15.0%   513 2120s
 15235 11831 7108.74740  220 3133 8366.00000 7108.74740  15.0%   513 2126s
 15242 11836 7108.99999  181 3336 8366.00000 7108.99999  15.0%   512 2131s
 15243 11837 7110.28668  120 3400 8366.00000 7110.28668  15.0%   512 2136s
 15245 11838 7110.73771  117 3278 8366.00000 7110.73771  15.0%   512 2140s
 15249 11841 8260.11343  327 3112 8366.00000 7111.54845  15.0%   512 2146s
 15251 11842 7111.90723   27 3303 8366.00000 7111.90723  15.0%   512 2150s
 15256 11845 7113.44884  270 3231 8366.00000 7113.44884  15.0%   512 2158s
 15257 11846 7114.03316  174 3033 8366.00000 7114.03316  15.0%   512 2161s
 15264 11851 7114.22246  169 3414 8366.00000 7114.22246  15.0%   512 2166s
 15266 11852 7697.07843  501 3185 8366.00000 7114.96428  15.0%   511 2170s
 15272 11856 7426.71662  388 3153 8366.00000 7115.37240  14.9%   511 2176s
 15277 11859 8340.55366  487 3347 8366.00000 7115.56192  14.9%   511 2180s
 15280 11861 7116.20738  131 3275 8366.00000 7116.20738  14.9%   511 2185s
 15285 11865 7116.94919   16 3199 8366.00000 7116.94919  14.9%   511 2193s
 15286 11865 7117.21425   49 3255 8366.00000 7117.21425  14.9%   511 2196s
 15293 11870 7117.34623   59 3384 8366.00000 7117.34623  14.9%   511 2200s
 15295 11871 7805.65725  537 3286 8366.00000 7118.21924  14.9%   510 2206s
 15301 11875 7627.06667  510 3608 8366.00000 7118.33172  14.9%   510 2210s
 15302 11876 7119.04612   51 3314 8366.00000 7119.04612  14.9%   510 2215s
 15307 11879 7119.30732   14 3461 8366.00000 7119.30732  14.9%   510 2220s
 15311 11882 7119.86228  187 3186 8366.00000 7119.86228  14.9%   510 2226s
 15316 11885 7120.03179  266 3408 8366.00000 7120.03179  14.9%   510 2230s
 15319 11887 7120.60721  251 3304 8366.00000 7120.60721  14.9%   510 2236s
 15324 11891 8264.14122  335 3435 8366.00000 7120.67599  14.9%   510 2240s
 15326 11892 7121.45466  277 3515 8366.00000 7121.45466  14.9%   509 2245s
 15332 11896 7121.85001   26 3467 8366.00000 7121.85001  14.9%   509 2251s
 15338 11900 7122.00736  167 3583 8366.00000 7122.00736  14.9%   509 2255s
 15341 11902 7122.75726  152 3541 8366.00000 7122.75726  14.9%   509 2260s
 15346 11905 7123.16620  109 3322 8366.00000 7123.16620  14.9%   509 2266s
 15352 11909 7123.39850  164 3567 8366.00000 7123.39850  14.9%   509 2270s
 15355 11911 7123.93052  264 3552 8366.00000 7123.93052  14.8%   509 2275s
 15360 11915 7124.51222  139 3389 8366.00000 7124.51222  14.8%   508 2280s
 15364 11917 7124.83134  169 3493 8366.00000 7124.83134  14.8%   508 2285s
 15367 11919 7371.69494  209 3300 8366.00000 7125.55919  14.8%   508 2290s
 15373 11923 7126.48638   55 3265 8366.00000 7126.48638  14.8%   508 2298s
 15374 11924 7126.77108   34 3501 8366.00000 7126.77108  14.8%   508 2300s
 15381 11929 7126.98028  179 3589 8366.00000 7126.98028  14.8%   508 2305s
 15383 11930 7128.46518  179 3660 8366.00000 7128.46518  14.8%   508 2312s
 15385 11931 7128.68386   16 3683 8366.00000 7128.68386  14.8%   508 2315s
 15390 11935 7129.35635  277 3563 8366.00000 7129.35635  14.8%   507 2322s
 15391 11935 8324.90139  590 3615 8366.00000 7129.62277  14.8%   507 2326s
 15398 11940 7129.72343   48 3682 8366.00000 7129.72343  14.8%   507 2330s
 15403 11944 7180.27613  300  920 8366.00000 7131.03682  14.8%   572 2340s
 15406 11946 7463.42118  546 1102 8366.00000 7131.03682  14.8%   572 2347s
 15407 11947 7131.03682   14 1318 8366.00000 7131.03682  14.8%   572 2354s
 15408 11948 7348.26003  416 1484 8366.00000 7131.03682  14.8%   572 2362s
 15409 11948 7131.03682   66 1592 8366.00000 7131.03682  14.8%   572 2372s
 15410 11949 7131.03682  113 1730 8366.00000 7131.03682  14.8%   572 2385s
 15411 11950 7131.03682  187 1855 8366.00000 7131.03682  14.8%   572 2396s
 15412 11950 7131.05805   78 2049 8366.00000 7131.05805  14.8%   572 2410s
 15413 11951 7131.05925   95 2324 8366.00000 7131.05925  14.8%   572 2424s
 15414 11952 7862.60126   98 2270 8366.00000 7131.05925  14.8%   572 2438s
 15415 11952 7453.93236   82 2536 8366.00000 7131.05925  14.8%   572 2452s
 15416 11953 7131.05925  266 2766 8366.00000 7131.05925  14.8%   571 2469s
 15417 11954 7131.05925   60 2555 8366.00000 7131.05925  14.8%   571 2481s
 15418 11954 7131.05925  189 2902 8366.00000 7131.05925  14.8%   571 2490s
 15419 11955 7131.05925  251 3094 8366.00000 7131.05925  14.8%   571 2502s
 15420 11956 7135.59749  173 3131 8366.00000 7131.05925  14.8%   571 2511s
 15421 11956 7412.58175  334 3280 8366.00000 7131.05925  14.8%   571 2518s
 15422 11957 7131.05925   28 3320 8366.00000 7131.05925  14.8%   571 2523s
 15423 11958 7131.05925  152 3380 8366.00000 7131.05925  14.8%   571 2525s
 15426 11960 7131.08456  277 3246 8366.00000 7131.08456  14.8%   571 2530s
 15427 11960 7211.16913  325 3123 8366.00000 7133.15709  14.7%   571 2538s
 15428 11961 7133.83578   19 3165 8366.00000 7133.83578  14.7%   571 2541s
 15431 11963 7531.14428  402 3036 8366.00000 7134.25407  14.7%   571 2545s
 15434 11965 8097.30076  107 3156 8366.00000 7135.48443  14.7%   571 2554s
 15435 11966 7135.73055  220 3118 8366.00000 7135.73055  14.7%   571 2556s
 15440 11969 7135.99419   57 3068 8366.00000 7135.99419  14.7%   571 2560s
 15442 11970 7137.21744  181 3225 8366.00000 7137.21744  14.7%   571 2569s
 15443 11971 7137.42989  120 3399 8366.00000 7137.42989  14.7%   570 2572s
 15448 11974 7513.22272  211 3426 8366.00000 7137.50927  14.7%   570 2577s
 15449 11975 8260.11343  327 3446 8366.00000 7138.17045  14.7%   570 2582s
 15451 11976 7138.41133   27 3317 8366.00000 7138.41133  14.7%   570 2585s
 15456 11980 7139.08941  270 3296 8366.00000 7139.08941  14.7%   570 2599s
 15457 11980 7139.21772  174 3340 8366.00000 7139.21772  14.7%   570 2601s
 15460 11982 7139.23869  139 3398 8366.00000 7139.23869  14.7%   570 2605s
 15462 11984 7139.97095   14 3390 8366.00000 7139.97095  14.7%   570 2612s
 15466 11986 7697.07843  501 3508 8366.00000 7140.05746  14.7%   570 2617s
 15467 11987 7371.69494  209 3413 8366.00000 7140.47803  14.6%   570 2620s
 15471 11990 8365.73887  326 3379 8366.00000 7140.83044  14.6%   569 2625s
 15475 11992 7141.43352   19 3251 8366.00000 7141.43352  14.6%   569 2633s
 15476 11993 7141.68964   31 3376 8366.00000 7141.68964  14.6%   569 2635s
 15481 11996 7141.73692  179 3442 8366.00000 7141.73692  14.6%   569 2640s
 15483 11998 7142.54052  179 3330 8366.00000 7142.54052  14.6%   569 2647s
 15488 12001 7142.63781   38 3312 8366.00000 7142.63781  14.6%   569 2652s
 15489 12002 7143.39007   42 3430 8366.00000 7143.39007  14.6%   569 2656s
 15491 12003 8324.90139  590 3277 8366.00000 7143.66396  14.6%   569 2660s
 15495 12006 7805.65725  537 3261 8366.00000 7144.32033  14.6%   569 2678s
 15496 12006 7144.56444   17 3410 8366.00000 7144.56444  14.6%   569 2681s
 15500 12009 7144.62467   68 3314 8366.00000 7144.62467  14.6%   568 2686s
 15501 12010 7627.06667  510 3272 8366.00000 7145.51419  14.6%   568 2692s
 15503 12011 7180.27613  300 3224 8366.00000 7145.75819  14.6%   568 2695s
 15506 12013 7463.42118  546 3167 8366.00000 7146.21906  14.6%   568 2702s
 15507 12014 7146.43344   14 3201 8366.00000 7146.43344  14.6%   568 2705s
 15511 12016 7146.79835  187 3128 8366.00000 7146.79835  14.6%   568 2712s
 15513 12018 7147.01320   95 3246 8366.00000 7147.01320  14.6%   568 2715s
 15517 12020 7147.48383   60 3280 8366.00000 7147.48383  14.6%   568 2721s
 15521 12023 7412.58175  334 3296 8366.00000 7147.62900  14.6%   568 2726s
 15524 12025 8264.14122  335 3263 8366.00000 7147.81656  14.6%   568 2730s
 15528 12028 7148.07999   19 3266 8366.00000 7148.07999  14.6%   567 2735s
 15534 12032 8097.30076  107 3365 8366.00000 7148.17312  14.6%   567 2740s
 15537 12034 7148.64189  145 3386 8366.00000 7148.64189  14.6%   567 2745s
 15541 12036 7149.71679  152 3267 8366.00000 7149.71679  14.5%   567 2752s
 15543 12038 7149.89986  120 3334 8366.00000 7149.89986  14.5%   567 2755s
 15549 12042 8260.11343  327 3416 8366.00000 7150.88200  14.5%   567 2764s
 15550 12042 8265.54854  339 3420 8366.00000 7151.12621  14.5%   567 2766s
 15556 12046 7151.17688  270 3488 8366.00000 7151.17688  14.5%   566 2770s
 15558 12048 7152.18877  112 3361 8366.00000 7152.18877  14.5%   566 2775s
 15564 12052 7153.20025  169 3268 8366.00000 7153.20025  14.5%   566 2784s
 15565 12052 7153.40007   77 3316 8366.00000 7153.40007  14.5%   566 2786s
 15570 12056 7153.49137  105 3638 8366.00000 7153.49137  14.5%   566 2790s
H15570 11450                    8364.0000000 7154.37772  14.5%   566 2794s
 15572 11451 7426.71662  388 3585 8364.00000 7154.76533  14.5%   566 2797s
 15576 11454 7154.87093   31 3617 8364.00000 7154.87093  14.5%   566 2800s
 15580 11456 7156.51384  131 3368 8364.00000 7156.51384  14.4%   565 2807s
 15582 11458 7156.98093   12 3397 8364.00000 7156.98093  14.4%   565 2810s
 15591 11464 8324.90139  590 3336 8364.00000 7157.73832  14.4%   565 2818s
 15592 11464 8337.90260  125 3447 8364.00000 7158.05240  14.4%   565 2821s
 15597 11468 7158.14755  342 3481 8364.00000 7158.14755  14.4%   565 2825s
 15600 11470 7158.56172   68 3305 8364.00000 7158.56172  14.4%   565 2830s
 15604 11472 7159.35489   24 3091 8364.00000 7159.35489  14.4%   565 2837s
 15606 11474 7463.42118  546 3305 8364.00000 7159.58037  14.4%   565 2840s
 15611 11477 7160.37491  187 3129 8364.00000 7160.37491  14.4%   564 2847s
 15613 11478 7160.60295   95 3237 8364.00000 7160.60295  14.4%   564 2851s
 15618 11482 7161.10348  189 3132 8364.00000 7161.10348  14.4%   564 2857s
 15620 11483 7161.31641  173 3359 8364.00000 7161.31641  14.4%   564 2860s
 15625 11486 7162.03367   12 3258 8364.00000 7162.03367  14.4%   564 2867s
 15627 11488 7211.16913  325 3313 8364.00000 7162.35618  14.4%   564 2871s
 15632 11491 7163.25304   26 3317 8364.00000 7163.25304  14.4%   564 2878s
 15634 11492 8097.30076  107 3342 8364.00000 7163.37332  14.4%   564 2880s
 15640 11496 7163.83425   57 3456 8364.00000 7163.83425  14.3%   563 2886s
 15642 11498 7164.23523  181 3311 8364.00000 7164.23523  14.3%   563 2890s
 15648 11502 7513.22272  211 3380 8364.00000 7164.89817  14.3%   563 2896s
 15651 11504 7165.16710   27 3340 8364.00000 7165.16710  14.3%   563 2900s
 15654 11506 8265.23265  338 3241 8364.00000 7165.69759  14.3%   563 2905s
 15657 11508 7166.13135  174 3405 8364.00000 7166.13135  14.3%   563 2910s
 15663 11512 7360.51037  146 3076 8364.00000 7166.89023  14.3%   562 2916s
 15667 11514 7371.69494  209 3184 8364.00000 7167.27529  14.3%   562 2920s
 15670 11516 7167.84274  105 3374 8364.00000 7167.84274  14.3%   562 2925s
 15675 11520 7168.56592   19 3402 8364.00000 7168.56592  14.3%   562 2932s
 15677 11521 8340.55366  487 3419 8364.00000 7168.89518  14.3%   562 2935s
 15681 11524 7169.40348  179 3368 8364.00000 7169.40348  14.3%   562 2941s
 15685 11526 7169.75323   16 3523 8364.00000 7169.75323  14.3%   562 2945s
 15691 11530 8324.90139  590 3460 8364.00000 7170.37771  14.3%   561 2952s
 15693 11532 7170.64181   59 3491 8364.00000 7170.64181  14.3%   561 2955s
 15698 11535 7171.34525   48 3325 8364.00000 7171.34525  14.3%   561 2960s
 15703 11538 7180.27613  300 3224 8364.00000 7171.84437  14.3%   561 2967s
 15708 11542 7348.26003  416 3357 8364.00000 7171.97910  14.3%   561 2970s
 15710 11543 7172.77372  113 3511 8364.00000 7172.77372  14.2%   561 2976s
 15716 11547 7173.23552  266 3240 8364.00000 7173.23552  14.2%   561 2981s
 15720 11550 7173.39196  173 3392 8364.00000 7173.39196  14.2%   560 2985s
 15722 11551 7174.22395   28 3316 8364.00000 7174.22395  14.2%   560 2990s
H15728 10972                    8362.0000000 7174.60521  14.2%   560 3001s
H15728 10418                    8360.0000000 7174.60521  14.2%   560 3002s
 15730 10419 7174.74722  203 3569 8360.00000 7174.74722  14.2%   560 3005s
 15734 10422 8097.30076  107 3239 8360.00000 7175.40815  14.2%   560 3010s
 15741 10427 7176.25063  152 3391 8360.00000 7176.25063  14.2%   560 3017s
 15743 10428 7176.47908  120 3451 8360.00000 7176.47908  14.2%   560 3020s
 15748 10431 7513.22272  211 3534 8360.00000 7176.81121  14.2%   559 3025s
 15755 10436 7177.82690  264 3245 8360.00000 7177.82690  14.1%   559 3033s
 15756 10437 7177.99895  270 3274 8360.00000 7177.99895  14.1%   559 3035s
 15761 10440 7178.44486  206 3426 8360.00000 7178.44486  14.1%   559 3040s
 15767 10444 7371.69494  209 3452 8360.00000 7179.30147  14.1%   559 3048s
 15769 10445 7179.45716   13 3436 8360.00000 7179.45716  14.1%   559 3050s
 15774 10449 7180.54687   34 3326 8360.00000 7180.54687  14.1%   559 3055s
 15779 10452 7207.84515  442 3503 8360.00000 7180.74022  14.1%   558 3060s
 15782 10454 7181.19301   12 3374 8360.00000 7181.19301  14.1%   558 3065s
 15786 10457 7181.73945   49 3266 8360.00000 7181.73945  14.1%   558 3070s
 15792 10461 8337.90260  125 3414 8360.00000 7182.00851  14.1%   558 3075s
 15794 10462 7714.65784  304 3204 8360.00000 7183.08725  14.1%   558 3081s
 15801 10467 7627.06667  510 3221 8360.00000 7183.21231  14.1%   558 3085s
 15805 10469 7655.77071  520 3490 8360.00000 7183.64935  14.1%   557 3090s
 15810 10473 7184.28341  113 3360 8360.00000 7184.28341  14.1%   557 3096s
 15815 10476 7453.93236   82 3620 8360.00000 7184.46496  14.1%   557 3100s
 15817 10477 7185.62974   60 3407 8360.00000 7185.62974  14.0%   557 3106s
 15821 10480 7412.58175  334 3445 8360.00000 7185.71661  14.0%   557 3110s
 15826 10483 7186.24039  277 3561 8360.00000 7186.24039  14.0%   557 3115s
 15829 10485 7186.70801  144 3463 8360.00000 7186.70801  14.0%   557 3120s
 15835 10489 7187.04254  220 3586 8360.00000 7187.04254  14.0%   556 3125s
 15840 10493 7187.28272   57 3625 8360.00000 7187.28272  14.0%   556 3130s
 15847 10497 8083.01975  273 3634 8360.00000 7187.49453  14.0%   556 3135s
 15853 10501 7187.61997  306 3606 8360.00000 7187.61997  14.0%   556 3140s
 15859 10505 7187.83743   20 3624 8360.00000 7187.83743  14.0%   556 3145s
 15866 10510 7697.07843  501 3597 8360.00000 7188.19512  14.0%   555 3151s
 15870 10513 7188.40427  105 3583 8360.00000 7188.40427  14.0%   555 3155s
 15876 10517 7188.66265   31 3616 8360.00000 7188.66265  14.0%   555 3160s
 15883 10521 7188.78188  179 3629 8360.00000 7188.78188  14.0%   555 3165s
 15889 10525 7189.28663   42 3613 8360.00000 7189.28663  14.0%   554 3171s
 15895 10529 7805.65725  537 3622 8360.00000 7189.41045  14.0%   554 3175s
 15898 10531 7189.82404   48 3406 8360.00000 7189.82404  14.0%   554 3180s
 15903 10535 7190.53997  300 3629 8360.00000 7190.53997  14.0%   554 3187s
 15908 10538 7348.26003  416 3566 8360.00000 7190.66696  14.0%   554 3191s
 15909 10539 7191.51724   66 3313 8360.00000 7191.51724  14.0%   554 3195s
 15912 10541 7192.09124   78 3561 8360.00000 7192.09124  14.0%   554 3200s
 15920 10546 7192.63471  173 3551 8360.00000 7192.63471  14.0%   553 3215s
 15924 10549 8264.14122  335 3539 8360.00000 7193.04938  14.0%   553 3220s
 15927 10551 7211.16913  325 3598 8360.00000 7193.49028  14.0%   553 3226s
 15933 10555 7193.71543  142 3591 8360.00000 7193.71543  14.0%   553 3231s
 15937 10557 7194.05951  145 3474 8360.00000 7194.05951  13.9%   553 3235s
 15945 10563 7194.22389  117 3615 8360.00000 7194.22389  13.9%   553 3240s
 15949 10565 8260.11343  327 3597 8360.00000 7194.69669  13.9%   552 3245s
 15952 10567 7195.18720  164 3290 8360.00000 7195.18720  13.9%   552 3250s
 15955 10569 7195.81657  264 3481 8360.00000 7195.81657  13.9%   552 3256s
 15960 10573 7196.10653  139 3479 8360.00000 7196.10653  13.9%   552 3261s
 15965 10576 7196.44565   77 3324 8360.00000 7196.44565  13.9%   552 3266s
 15969 10579 7196.65085   13 3489 8360.00000 7196.65085  13.9%   552 3270s
 15976 10583 7197.02441   31 3455 8360.00000 7197.02441  13.9%   551 3275s
 15983 10588 7197.42509  179 3302 8360.00000 7197.42509  13.9%   551 3281s
 15986 10590 7197.85164   49 3374 8360.00000 7197.85164  13.9%   551 3285s
 15991 10593 8324.90139  590 3322 8360.00000 7198.27264  13.9%   551 3290s
 15997 10597 7199.30524  342 3338 8360.00000 7199.30524  13.9%   551 3296s
 16001 10600 7627.06667  510 3322 8360.00000 7199.62221  13.9%   551 3300s
 16005 10603 7655.77071  520 3288 8360.00000 7200.62689  13.9%   550 3307s
 16010 10606 7200.97984  113 3270 8360.00000 7200.97984  13.9%   550 3312s
 16011 10607 7201.34658  187 3343 8360.00000 7201.34658  13.9%   550 3315s
 16019 10612 7202.09304  251 3320 8360.00000 7202.09304  13.9%   550 3323s
 16020 10613 7202.37530  173 3124 8360.00000 7202.37530  13.8%   550 3326s
 16025 10616 7202.47939   12 3425 8360.00000 7202.47939  13.8%   550 3330s
 16027 10617 7211.16913  325 3434 8360.00000 7203.58779  13.8%   550 3336s
 16032 10621 7203.71471   26 3538 8360.00000 7203.71471  13.8%   550 3340s
 16034 10622 8097.30076  107 3605 8360.00000 7204.38789  13.8%   549 3346s
 16039 10625 7204.50537   26 3673 8360.00000 7204.50537  13.8%   549 3350s
 16041 10627 7205.28009  152 3659 8360.00000 7205.28009  13.8%   549 3355s
 16047 10631 8083.01975  273 3553 8360.00000 7206.50384  13.8%   549 3363s
 16048 10631 7513.22272  211 3635 8360.00000 7206.77478  13.8%   549 3366s
 16051 10633 7207.11388   27 3524 8360.00000 7207.11388  13.8%   549 3370s
 16056 10637 7207.59590  270 3541 8360.00000 7207.59590  13.8%   549 3375s
 16061 10640 7207.91565  206 3708 8360.00000 7207.91565  13.8%   549 3380s
 16064 10642 7208.75733  169 3590 8360.00000 7208.75733  13.8%   548 3385s
 16067 10644 7371.69494  209 3855 8360.00000 7209.08571  13.8%   548 3390s
 16071 10647 8360.00000  326 3685 8360.00000 7209.52783  13.8%   548 3395s
 16077 10651 8340.55366  487 3722 8360.00000 7209.78345  13.8%   548 3400s
 16081 10653 7210.01796  179 3651 8360.00000 7210.01796  13.8%   548 3405s
 16086 10657 7210.27490   49 3711 8360.00000 7210.27490  13.8%   548 3410s
 16092 10661 8337.90260  125 3718 8360.00000 7210.40627  13.8%   547 3415s
 16094 10662 7714.65784  304 3638 8360.00000 7210.49492  13.8%   547 3501s
 16095 10666 7210.49492   23 3619 8360.00000 7210.49492  13.8%   583 3577s
 16097 10669 7211.28726   24 3441 8360.00000 7210.49492  13.8%   584 3595s
 16101 10676 7211.49224   25 3482 8360.00000 7211.24727  13.7%   585 3638s
 16109 10681 7229.78114   26 3208 8360.00000 7211.49224  13.7%   589 3692s
 16117 10702 7235.66063   27 3217 8360.00000 7211.49224  13.7%   594 3788s
 16141 10726 7239.31056   28 3189 8360.00000 7211.94702  13.7%   624 3858s
H16159 10175                    8359.0000000 7211.94702  13.7%   629 3858s
H16161  9658                    8356.0000000 7211.94702  13.7%   630 3858s
 16173  9810 7241.41837   29 3050 8356.00000 7213.76532  13.7%   636 3910s
 16329  9837 7245.38074   34 3076 8356.00000 7213.76577  13.7%   649 3936s
 16408  9890 7248.94446   36 2979 8356.00000 7213.76577  13.7%   655 3965s
 16488  9894 7251.18736   38 3108 8356.00000 7213.76577  13.7%   662 3986s
 16518  9923 7255.91123   42 2999 8356.00000 7213.76577  13.7%   665 4010s
 16557  9941 7251.58612   39 2971 8356.00000 7213.76577  13.7%   669 4026s
 16588  9977 7253.11271   40 2858 8356.00000 7213.76577  13.7%   671 4046s
 16635 10016 7253.24316   41 2718 8356.00000 7213.76577  13.7%   673 4066s
 16689 10100 7253.44165   43 2913 8356.00000 7213.76577  13.7%   677 4085s
 16791 10093 7287.92546   45 2893 8356.00000 7213.76577  13.7%   680 4102s
 16818 10124 7296.32231   46 2911 8356.00000 7213.76577  13.7%   682 4120s
 16858 10142 7296.40308   47 2947 8356.00000 7213.76577  13.7%   684 4138s
 16890 10187 7260.42425   53 3011 8356.00000 7213.76577  13.7%   686 4156s
 16945 10217 7296.47456   48 2965 8356.00000 7213.76577  13.7%   688 4179s
 16994 10266 7296.70808   49 3176 8356.00000 7213.76577  13.7%   689 4199s
 17059 10293 7297.44137   50 2990 8356.00000 7213.76577  13.7%   691 4220s
 17108 10339 7297.55181   51 3066 8356.00000 7213.76577  13.7%   695 4243s
 17170 10396 7297.73156   52 3044 8356.00000 7213.76577  13.7%   698 4261s
 17248 10467 7297.98705   53 2972 8356.00000 7213.76577  13.7%   699 4281s
 17345 10555 7298.03140   54 2985 8356.00000 7213.76577  13.7%   704 4300s
 17465 10679 7298.14261   55 2967 8356.00000 7213.76577  13.7%   707 4324s
 17629 10656 7299.56351   59 2873 8356.00000 7213.76577  13.7%   710 4338s
 17661 10678 7300.53334   60 2759 8356.00000 7213.76577  13.7%   711 4359s
 17693 10698 7301.22751   61 2772 8356.00000 7213.76577  13.7%   712 4377s
 17724 10737 7301.34648   62 2786 8356.00000 7213.76577  13.7%   713 4402s
 17773 10792 7303.34881   63 2918 8356.00000 7213.76577  13.7%   718 4426s
 17845 10932 7303.38467   64 2871 8356.00000 7213.76577  13.7%   720 4448s
 18009 11005 7315.76964   69 2772 8356.00000 7213.76577  13.7%   724 4474s
 18136 11139 7321.44561   71 2731 8356.00000 7213.76577  13.7%   731 4499s
 18313 11222 7324.21953   79 2533 8356.00000 7213.76577  13.7%   736 4526s
 18455 11324 7327.14495   81 2702 8356.00000 7213.76577  13.7%   744 4554s
 18604 11306 7330.67229   86 2556 8356.00000 7213.76577  13.7%   752 4573s
 18636 11329 7330.89275   87 2558 8356.00000 7213.76577  13.7%   754 4595s
H18665 10827                    8354.0000000 7213.76577  13.6%   755 4595s
 18669 11064 7331.37982   88 2543 8354.00000 7213.76577  13.6%   755 4627s
 18907 11228 7338.03825   96 2466 8354.00000 7213.76577  13.6%   761 4658s
 19151 11414 7340.33042  105 2515 8354.00000 7213.76577  13.6%   765 4690s
 19420 11647 7356.05900  112 2345 8354.00000 7213.76577  13.6%   771 4718s
 19743 11755 7362.90740  122 2369 8354.00000 7213.76577  13.6%   774 4755s
H19760 11282                    8342.0000000 7213.76577  13.5%   775 4755s
 19960 11520 7437.69343  128 2164 8342.00000 7213.76577  13.5%   780 4788s
H20267 11006                    8340.0000000 7213.76577  13.5%   785 4814s
H20276 10582                    8334.0000000 7213.76577  13.4%   785 4814s
 20299 10840 7477.36681  134 2061 8334.00000 7213.76577  13.4%   785 4853s
H20588 10375                    8332.0000000 7213.76577  13.4%   788 4878s
H20589  9994                    8331.0000000 7213.76577  13.4%   788 4878s
 20620 10306 7485.48785  148 2017 8331.00000 7213.76577  13.4%   788 4916s
 20991 10529 7512.77505  151 2023 8331.00000 7214.01803  13.4%   791 4961s
 21381 10584 7532.96246  162 1978 8331.00000 7214.01803  13.4%   795 4995s
 21566 10899 7552.74344  168 1840 8331.00000 7214.01803  13.4%   798 5034s
 21974 11161 7628.84329  179 2018 8331.00000 7214.01803  13.4%   802 5077s
 22441 11356 7747.01821  184 1621 8331.00000 7214.01803  13.4%   804 5117s
 22804 11440 7845.83718  189 1680 8331.00000 7214.01803  13.4%   810 5153s
 23015 11445 7873.41757  196 1609 8331.00000 7214.01803  13.4%   813 5181s
 23090 11501 7873.77366  197 1587 8331.00000 7214.01803  13.4%   814 5217s
 23179 11712 7882.75241  198 1613 8331.00000 7214.01803  13.4%   817 5260s
 23420 11664 7926.64997  209 1575 8331.00000 7214.01803  13.4%   820 5292s
 23452 11708 7936.10265  210 1628 8331.00000 7214.01803  13.4%   821 5332s
 23507 11889 7936.10395  211 1615 8331.00000 7214.01803  13.4%   822 5376s
H23607 11495                    8330.0000000 7214.01803  13.4%   823 5376s
 23728 11929 7972.17871  230 1417 8330.00000 7214.01803  13.4%   824 5433s
 24269 12241 8113.63758  249 1158 8330.00000 7214.01803  13.4%   827 5488s
 24777 12562 8303.75722  300 1042 8330.00000 7214.01803  13.4%   831 5549s
 25290 12956 7225.56668   30 3306 8330.00000 7214.01803  13.4%   837 5609s
 25879 13282 7239.75110   38 3120 8330.00000 7214.01803  13.4%   841 5683s
 26424 13642 7296.29775   45 2612 8330.00000 7214.01803  13.4%   847 5748s
 27001 14045 7306.80900   49 2699 8330.00000 7214.01803  13.4%   853 5828s
 27599 14481 7349.82674   63 2716 8330.00000 7214.01803  13.4%   859 5900s
 28268 14511 7585.95199   72 2664 8330.00000 7214.01803  13.4%   864 5956s
 28521 15114 7629.63939   76 2810 8330.00000 7214.01803  13.4%   867 6024s
 29255 15691 7658.66853   91 2567 8330.00000 7214.01803  13.4%   868 6111s
 30145 15910 7727.46885  117 2693 8330.00000 7214.01803  13.4%   877 6170s
 30703 16317 7864.20187  132 2424 8330.00000 7214.01803  13.4%   881 6237s
 31382 16532 7918.95066  143 2260 8330.00000 7214.01803  13.4%   883 6303s
 31837 16984 7943.19595  158 2181 8330.00000 7214.01803  13.4%   890 6375s
 32441 17361 7967.93261  167 1972 8330.00000 7214.01803  13.4%   894 6442s
 33049 17671 8010.63858  189 2042 8330.00000 7214.01803  13.4%   896 6520s
 33580 18012 8047.86237  210 1705 8330.00000 7214.01803  13.4%   905 6598s
 34100 18514 8164.39221  228 1562 8330.00000 7214.01803  13.4%   914 6687s
 34794 19173 8250.77457  259 1479 8330.00000 7214.01803  13.4%   920 6774s
 35226 19029 7529.54724  289 1836 8330.00000 7214.01803  13.4%   922 6775s
 35710 18905 7224.44805   47 3005 8330.00000 7214.01803  13.4%   925 6840s
 35748 19534 7224.49522   48 3025 8330.00000 7214.01803  13.4%   925 6932s
 36462 20279 7238.77485   66 3061 8330.00000 7214.01803  13.4%   930 7034s
 37332 21410 7255.49167   89 3053 8330.00000 7214.01803  13.4%   937 7139s
 38514 21440 7281.37549  113 2999 8330.00000 7214.01803  13.4%   939 7210s
 38548 21526 7282.01892  114 3054 8330.00000 7214.01803  13.4%   940 7284s
 38634 22281 7283.46442  118 3119 8330.00000 7214.01803  13.4%   942 7392s
 39426 23345 7293.79553  145 2863 8330.00000 7214.01803  13.4%   944 7535s
 40527 24472 7325.20705  168 2759 8330.00000 7214.01803  13.4%   950 7657s
 41680 25705 7374.56153  200 2574 8330.00000 7214.01803  13.4%   955 7776s
 42945 25947 7409.11194  238 2635 8330.00000 7214.01803  13.4%   959 7886s
 43189 26705 7420.15207  251 2756 8330.00000 7214.01803  13.4%   959 8001s
H43216 26698                    8324.0000000 7214.01803  13.3%   959 8001s
 43968 27763 7452.07560  278 2430 8324.00000 7214.01803  13.3%   966 8145s
 45129 28874 7552.98480  320 2509 8324.00000 7214.01803  13.3%   968 8296s
 46310 30037 7642.01400  374 2118 8324.00000 7214.01803  13.3%   977 8444s
 47514 31365 7682.31941  434 1957 8324.00000 7214.01803  13.3%   985 8611s
 48848 31987 7741.64192  501 1796 8324.00000 7214.01803  13.3%   993 8809s
 49502 33266 7815.57472  517 1797 8324.00000 7214.01803  13.3%   996 8972s
 50813 34510 7930.55548  597 1714 8324.00000 7214.01803  13.3%  1004 9197s
 52079 34970 7986.59313  677 1494 8324.00000 7214.01803  13.3%  1010 9329s
 52577 36864 8009.06148  707 1421 8324.00000 7214.01803  13.3%  1012 9518s
 54487 37951 8126.05831  830 1533 8324.00000 7214.01803  13.3%  1017 9688s
H55120 37934                    8322.0000000 7214.01803  13.3%  1017 9688s
 55576 40138 8210.57578  993 1465 8322.00000 7214.01803  13.3%  1018 9881s
 57859 42148 7419.10406   43 2192 8322.00000 7214.01803  13.3%  1014 10098s
 59903 42149 7455.31984  193 12292 8322.00000 7214.01803  13.3%  1020 11075s
 59905 42150 7434.73488  103  901 8322.00000 7214.01803  13.3%  1020 11081s
 59907 42152 8288.44291  782  990 8322.00000 7214.01803  13.3%  1020 11085s
 59908 42152 7343.70193   40 1187 8322.00000 7214.01803  13.3%  1020 11090s
 59909 42153 7911.63359  274 1286 8322.00000 7214.01803  13.3%  1020 11097s
 59910 42154 7259.71766   72 1565 8322.00000 7214.01803  13.3%  1020 11107s
 59911 42154 7608.83173  362 1592 8322.00000 7214.01803  13.3%  1020 11118s
 59912 42155 7306.26582   39 1604 8322.00000 7214.01803  13.3%  1020 11130s
 59913 42156 8303.31611  220 1861 8322.00000 7214.01803  13.3%  1020 11146s
 59914 42156 7735.00414  381 1974 8322.00000 7214.01803  13.3%  1020 11158s
 59915 42157 7660.84976  436 2092 8322.00000 7214.01803  13.3%  1020 11171s
 59916 42158 8091.95231  447 2112 8322.00000 7214.01803  13.3%  1020 11183s
 59917 42158 7525.48602  106 2404 8322.00000 7214.01803  13.3%  1020 11194s
 59918 42159 7375.37577  127 2317 8322.00000 7214.01803  13.3%  1020 11206s
 59919 42160 7985.37032  358 2493 8322.00000 7229.26178  13.1%  1020 11216s
 59920 42160 7899.47231  273 2723 8322.00000 7240.38272  13.0%  1020 11227s
 59921 42161 7426.21071  104 2641 8322.00000 7245.94509  12.9%  1020 11235s
 59922 42162 7960.79219  545 2681 8322.00000 7250.47729  12.9%  1020 11242s
 59923 42162 7646.86677  267 2568 8322.00000 7252.04095  12.9%  1020 11246s
 59924 42163 7564.40314  115 2752 8322.00000 7253.10664  12.8%  1020 11250s
 59927 42165 7700.80246  445 2785 8322.00000 7253.98810  12.8%  1020 11255s
 59932 42168 7867.97178  139 2726 8322.00000 7259.32343  12.8%  1020 11268s
 59933 42169 7472.19535  192 2828 8322.00000 7260.60748  12.8%  1020 11273s
 59934 42170 7796.57422  397 2722 8322.00000 7261.05541  12.7%  1020 11275s
 59939 42173 7504.07809  327 2752 8322.00000 7261.66750  12.7%  1020 11280s
 59942 42175 7492.35799  141 2780 8322.00000 7261.67997  12.7%  1020 11306s
 59943 42176 7511.53003  244 2624 8322.00000 7268.31789  12.7%  1020 11315s
 59945 42177 7480.93718  272 2797 8322.00000 7270.93293  12.6%  1020 11321s
 59950 42180 7748.71900  409 2908 8322.00000 7271.18862  12.6%  1019 11347s
 59951 42181 7756.10844  259 2889 8322.00000 7275.33403  12.6%  1019 11356s
 59952 42182 7415.30272  275 3018 8322.00000 7277.25019  12.6%  1019 11361s
 59954 42183 7373.78309  151 3123 8322.00000 7277.95525  12.5%  1019 11366s
 59961 42188 7307.39420   59 3177 8322.00000 7278.14505  12.5%  1019 11391s
 59962 42188 7440.42688  136 2729 8322.00000 7281.44385  12.5%  1019 11398s
 59963 42189 7414.89485   52 2931 8322.00000 7282.50488  12.5%  1019 11402s
 59965 42190 7310.25086  106 2937 8322.00000 7283.10172  12.5%  1019 11406s
 59972 42195 7325.77591   98 3075 8322.00000 7283.21255  12.5%  1019 11435s
 59973 42196 7762.31727  447 2987 8322.00000 7285.63665  12.5%  1019 11445s
 59975 42197 7370.33545  118 3163 8322.00000 7287.50330  12.4%  1019 11452s
 59977 42198 7575.92385  204 3133 8322.00000 7287.87633  12.4%  1019 11455s
 59983 42202 8039.44877  397 3182 8322.00000 7287.93358  12.4%  1019 11482s
 59984 42203 8066.59345  205 2912 8322.00000 7290.23911  12.4%  1019 11487s
 59985 42204 7707.53800  481 2963 8322.00000 7290.85395  12.4%  1019 11490s
 59990 42207 7502.11084  305 3151 8322.00000 7291.07178  12.4%  1019 11518s
 59991 42208 8211.24190  997 2973 8322.00000 7294.16741  12.4%  1019 11525s
 59993 42209 7600.29339  270 3050 8322.00000 7295.10820  12.3%  1019 11531s
 59998 42212 7971.20138  618 3105 8322.00000 7295.30441  12.3%  1019 11558s
 59999 42213 7298.09310   36 2919 8322.00000 7298.09310  12.3%  1019 11566s
 60001 42214 7332.44840   93 3051 8322.00000 7298.86243  12.3%  1019 11571s
 60006 42218 8129.76591  738 3167 8322.00000 7298.98544  12.3%  1019 11597s
 60007 42218 8288.44291  782 2883 8322.00000 7301.27807  12.3%  1019 11603s
 60008 42219 7343.70193   40 3032 8322.00000 7301.85787  12.3%  1018 11607s
 60012 42222 7306.26582   39 3224 8322.00000 7302.08496  12.3%  1018 11610s
 60017 42225 7525.48602  106 3089 8322.00000 7302.10327  12.3%  1018 11635s
 60018 42226 7375.37577  127 3062 8322.00000 7304.19020  12.2%  1018 11641s
 60020 42227 7899.47231  273 3157 8322.00000 7305.16188  12.2%  1018 11646s
 60025 42230 8077.25701  386 3174 8322.00000 7305.25555  12.2%  1018 11674s
 60026 42231 8057.23551  602 3255 8322.00000 7308.42651  12.2%  1018 11684s
 60027 42232 7700.80246  445 3324 8322.00000 7309.51547  12.2%  1018 11687s
 60028 42232 7313.19252   61 3267 8322.00000 7309.74176  12.2%  1018 11690s
 60036 42238 7363.54623  126 3424 8322.00000 7309.91669  12.2%  1018 11722s
 60037 42238 8047.26148  174 3080 8322.00000 7311.79737  12.1%  1018 11731s
 60038 42239 8037.82595  745 3173 8322.00000 7312.39234  12.1%  1018 11737s
 60040 42240 7743.22609  386 3189 8322.00000 7312.65999  12.1%  1018 11741s
 60043 42242 7511.53003  244 3362 8322.00000 7312.78891  12.1%  1018 11745s
 60044 42243 7864.23922  109 3380 8322.00000 7312.79008  12.1%  1018 11781s
 60045 42244 7480.93718  272 3164 8322.00000 7314.73025  12.1%  1018 11789s
 60046 42244 7675.89889  405 3200 8322.00000 7315.47589  12.1%  1018 11792s
 60047 42245 7756.25984  526 3318 8322.00000 7315.98050  12.1%  1018 11795s
 60051 42248 7756.10844  259 3381 8322.00000 7316.26354  12.1%  1018 11800s
 60053 42249 7734.99954  357 3352 8322.00000 7316.26647  12.1%  1018 11827s
 60054 42250 7373.78309  151 3107 8322.00000 7318.19793  12.1%  1018 11832s
 60055 42250 7521.85692  241 3379 8322.00000 7318.88227  12.1%  1018 11836s
 60057 42252 7534.69861  289 3335 8322.00000 7319.72374  12.0%  1018 11840s
 60062 42255 7440.42688  136 3397 8322.00000 7319.82713  12.0%  1018 11868s
 60063 42256 7414.89485   52 3077 8322.00000 7322.57501  12.0%  1018 11875s
 60065 42257 7323.48241  106 3111 8322.00000 7323.48241  12.0%  1018 11881s
 60069 42260 7527.42610  276 3320 8322.00000 7323.90566  12.0%  1017 11885s
 60071 42261 7627.84177  402 3352 8322.00000 7323.90983  12.0%  1017 11909s
 60072 42262 7326.76145   98 3238 8322.00000 7326.76145  12.0%  1017 11916s
 60074 42263 7522.51042  364 3400 8322.00000 7327.70852  11.9%  1017 11921s
 60077 42265 7575.92385  204 3416 8322.00000 7327.82647  11.9%  1017 11945s
 60078 42266 7900.05261  126 3148 8322.00000 7329.54243  11.9%  1017 11957s
 60079 42266 8266.35231  693 3193 8322.00000 7329.92958  11.9%  1017 11960s
 60083 42269 8039.44877  397 3341 8322.00000 7330.42337  11.9%  1017 11965s
 60084 42270 8066.59345  205 3345 8322.00000 7330.42445  11.9%  1017 11988s
 60085 42270 7707.53800  481 3170 8322.00000 7331.55157  11.9%  1017 11992s
 60086 42271 7331.91198   65 3307 8322.00000 7331.91198  11.9%  1017 11995s
 60092 42275 7752.45899  119 3443 8322.00000 7332.34142  11.9%  1017 12021s
 60093 42276 7600.29339  270 3138 8322.00000 7333.48195  11.9%  1017 12026s
 60095 42277 7425.86400  238 3337 8322.00000 7334.33317  11.9%  1017 12031s
 60101 42281 7334.51024   93 3394 8322.00000 7334.51024  11.9%  1017 12057s
 60102 42282 7847.70011  374 3208 8322.00000 7336.17535  11.8%  1017 12062s
 60103 42282 7455.31984  193 3138 8322.00000 7336.66688  11.8%  1017 12065s
 60107 42285 8288.44291  782 3277 8322.00000 7337.18059  11.8%  1017 12070s
 60109 42286 7911.63359  274 3377 8322.00000 7337.18522  11.8%  1017 12093s
 60110 42287 7337.96618   72 3197 8322.00000 7337.96618  11.8%  1017 12098s
 60111 42288 7608.83173  362 3278 8322.00000 7338.40004  11.8%  1017 12100s
 60115 42290 7660.84976  436 3337 8322.00000 7338.64074  11.8%  1017 12127s
 60116 42291 8091.95231  447 3362 8322.00000 7339.73723  11.8%  1017 12132s
 60117 42292 7525.48602  106 3387 8322.00000 7340.40730  11.8%  1017 12136s
 60120 42294 7899.47231  273 3404 8322.00000 7340.69864  11.8%  1017 12140s
 60123 42296 7646.86677  267 3440 8322.00000 7340.71019  11.8%  1017 12163s
 60124 42296 7564.40314  115 3360 8322.00000 7341.55074  11.8%  1017 12243s
 60125 42297 8077.25701  386 3142 8322.00000 7341.78792  11.8%  1017 12250s
 60128 42299 7342.14570   61 3391 8322.00000 7342.14570  11.8%  1016 12255s
 60131 42301 7921.99355  183 3398 8322.00000 7342.16666  11.8%  1016 12279s
 60132 42302 7867.97178  139 3423 8322.00000 7343.23590  11.8%  1016 12284s
 60133 42302 7472.19535  192 3419 8322.00000 7343.55528  11.8%  1016 12286s
 60137 42305 8047.26148  174 3512 8322.00000 7343.82811  11.8%  1016 12290s
 60140 42307 7743.22609  386 3530 8322.00000 7343.83308  11.8%  1016 12315s
 60143 42309 7511.53003  244 3575 8322.00000 7344.24192  11.7%  1016 12320s
 60146 42311 7675.89889  405 3553 8322.00000 7344.25003  11.7%  1016 12344s
 60147 42312 7756.25984  526 3305 8322.00000 7345.28508  11.7%  1016 12347s
 60148 42312 7530.69504  319 3379 8322.00000 7345.52106  11.7%  1016 12350s
 60154 42316 7373.78309  151 3529 8322.00000 7345.77286  11.7%  1016 12374s
 60155 42317 7521.85692  241 3333 8322.00000 7347.05567  11.7%  1016 12379s
 60156 42318 7772.70984  123 3310 8322.00000 7347.48043  11.7%  1016 12381s
 60161 42321 7347.69214   59 3467 8322.00000 7347.69214  11.7%  1016 12407s
 60162 42322 7440.42688  136 3380 8322.00000 7349.22647  11.7%  1016 12412s
 60163 42322 7414.89485   52 3437 8322.00000 7349.77196  11.7%  1016 12416s
 60169 42326 7527.42610  276 3449 8322.00000 7349.99808  11.7%  1016 12420s
 60170 42327 7667.26156  408 3551 8322.00000 7349.99986  11.7%  1016 12441s
 60172 42328 7350.67242   98 3595 8322.00000 7350.67242  11.7%  1016 12446s
 60177 42332 7575.92385  204 3495 8322.00000 7350.84621  11.7%  1016 12470s
 60180 42334 7422.82199  152 3501 8322.00000 7351.52115  11.7%  1016 12475s
 60184 42336 8066.59345  205 3604 8322.00000 7351.55598  11.7%  1016 12499s
 60185 42337 7707.53800  481 3464 8322.00000 7351.60839  11.7%  1015 12500s
 60189 42340 7841.39158  537 3623 8322.00000 7351.73061  11.7%  1015 12526s
 60191 42341 8211.24190  997 3535 8322.00000 7352.30794  11.7%  1015 12531s
 60194 42343 8002.84134  617 3639 8322.00000 7352.36173  11.7%  1015 12553s
 60195 42344 7425.86400  238 3415 8322.00000 7352.68160  11.6%  1015 12555s
 60199 42346 7352.94471   36 3632 8322.00000 7352.94471  11.6%  1015 12580s
 60201 42348 7353.69543   93 3687 8322.00000 7353.69543  11.6%  1015 12586s
 60206 42351 8129.76591  738 3873 8322.00000 7353.90914  11.6%  1015 12614s
 60207 42352 8288.44291  782 3592 8322.00000 7354.49693  11.6%  1015 12616s
 60210 42354 7354.73841   72 3720 8322.00000 7354.73841  11.6%  1015 12620s
 60213 42356 8303.31611  220 3752 8322.00000 7354.74858  11.6%  1015 12645s
 60216 42358 8091.95231  447 3730 8322.00000 7355.39057  11.6%  1015 12650s
 60219 42360 7985.37032  358 3757 8322.00000 7355.41184  11.6%  1015 12673s
 60220 42360 7899.47231  273 3730 8322.00000 7355.67446  11.6%  1015 12675s
 60224 42363 7564.40314  115 3753 8322.00000 7355.77599  11.6%  1015 12699s
 60225 42364 8077.25701  386 3557 8322.00000 7355.97893  11.6%  1015 12701s
 60229 42366 7388.04367  268 3686 8322.00000 7356.03304  11.6%  1015 12726s
 60233 42369 7472.19535  192 3591 8322.00000 7356.24882  11.6%  1015 12730s
 60237 42372 8047.26148  174 3662 8322.00000 7356.25875  11.6%  1015 12752s
 60238 42372 8037.82595  745 3662 8322.00000 7356.50467  11.6%  1015 12755s
 60243 42376 7511.53003  244 3608 8322.00000 7356.67655  11.6%  1015 12780s
 60247 42378 7756.25984  526 3667 8322.00000 7357.18626  11.6%  1014 12785s
 60248 42379 7530.69504  319 3711 8322.00000 7357.18758  11.6%  1014 12807s
 60250 42380 7748.71900  409 3632 8322.00000 7357.33160  11.6%  1014 12810s
 60252 42382 7415.30272  275 3581 8322.00000 7357.34630  11.6%  1014 12833s
 60254 42383 7373.78309  151 3648 8322.00000 7357.51230  11.6%  1014 12835s
 60258 42386 7730.46726  134 3577 8322.00000 7357.56651  11.6%  1014 12860s
 60264 42390 7712.58441  198 3718 8322.00000 7357.85294  11.6%  1014 12887s
 60266 42391 7553.97079  423 3643 8322.00000 7358.36258  11.6%  1014 12891s
 60269 42393 7527.42610  276 3654 8322.00000 7358.39119  11.6%  1014 12915s
 60273 42396 7762.31727  447 3701 8322.00000 7358.87772  11.6%  1014 12920s
 60276 42398 7409.67864   57 3681 8322.00000 7358.88911  11.6%  1014 12942s
 60278 42399 7900.05261  126 3528 8322.00000 7359.39845  11.6%  1014 12945s
 60282 42402 7652.83676  145 3558 8322.00000 7359.44626  11.6%  1014 12968s
 60283 42402 8039.44877  397 3538 8322.00000 7360.09701  11.6%  1014 12972s
 60285 42404 7707.53800  481 3579 8322.00000 7360.42436  11.6%  1014 12975s
 60288 42406 7861.11667  518 3545 8322.00000 7360.45793  11.6%  1014 12999s
 60289 42406 7841.39158  537 3681 8322.00000 7360.85766  11.5%  1014 13002s
 60291 42408 8211.24190  997 3582 8322.00000 7361.08179  11.5%  1014 13005s
 60294 42410 8002.84134  617 3582 8322.00000 7361.10832  11.5%  1014 13028s
 60295 42410 7425.86400  238 3400 8322.00000 7361.36989  11.5%  1014 13031s
 60300 42414 8235.38028  535 3552 8322.00000 7361.50003  11.5%  1014 13056s
 60302 42415 7847.70011  374 3477 8322.00000 7362.20607  11.5%  1014 13060s
 60306 42418 8129.76591  738 3588 8322.00000 7362.35646  11.5%  1013 13083s
 60307 42418 8288.44291  782 3475 8322.00000 7362.75543  11.5%  1013 13086s
 60312 42422 7362.90261   39 3611 8322.00000 7362.90261  11.5%  1013 13112s
 60313 42422 8303.31611  220 3416 8322.00000 7363.24291  11.5%  1013 13115s
 60319 42426 7985.37032  358 3610 8322.00000 7363.38971  11.5%  1013 13142s
 60320 42427 7899.47231  273 3665 8322.00000 7363.67061  11.5%  1013 13145s
 60326 42431 8057.23551  602 3589 8322.00000 7363.84644  11.5%  1013 13170s
 60329 42433 7388.04367  268 3536 8322.00000 7364.61791  11.5%  1013 13175s
 60332 42435 7867.97178  139 3562 8322.00000 7364.63402  11.5%  1013 13197s
 60334 42436 7796.57422  397 3470 8322.00000 7364.89171  11.5%  1013 13200s
 60337 42438 8047.26148  174 3483 8322.00000 7364.92061  11.5%  1013 13225s
 60339 42440 7504.07809  327 3628 8322.00000 7365.53734  11.5%  1013 13230s
 60344 42443 7864.23922  109 3586 8322.00000 7365.67613  11.5%  1013 13256s
 60346 42444 7675.89889  405 3424 8322.00000 7367.04540  11.5%  1013 13263s
 60348 42446 7530.69504  319 3422 8322.00000 7367.18439  11.5%  1013 13265s
 60352 42448 7415.30272  275 3434 8322.00000 7367.19891  11.5%  1013 13288s
 60353 42449 7734.99954  357 3562 8322.00000 7367.34824  11.5%  1013 13290s
 60357 42452 7534.69861  289 3573 8322.00000 7367.46361  11.5%  1013 13316s
 60359 42453 7596.59541  335 3503 8322.00000 7368.46113  11.5%  1013 13321s
 60365 42457 7368.61089  106 3683 8322.00000 7368.61089  11.5%  1012 13349s
 60366 42458 7553.97079  423 3622 8322.00000 7369.07050  11.5%  1012 13352s
 60369 42460 7527.42610  276 3658 8322.00000 7369.21690  11.4%  1012 13376s
 60371 42461 7627.84177  402 3638 8322.00000 7369.68945  11.4%  1012 13380s
 60377 42465 7575.92385  204 3688 8322.00000 7369.77874  11.4%  1012 13406s
 60382 42468 7652.83676  145 3761 8322.00000 7369.96972  11.4%  1012 13432s
 60383 42469 8039.44877  397 3436 8322.00000 7370.52504  11.4%  1012 13435s
 60388 42472 7861.11667  518 3680 8322.00000 7370.64889  11.4%  1012 13461s
 60390 42474 7502.11084  305 3538 8322.00000 7371.26098  11.4%  1012 13465s
 60394 42476 8002.84134  617 3570 8322.00000 7371.38703  11.4%  1012 13490s
 60397 42478 7371.93786   53 3386 8322.00000 7371.93786  11.4%  1012 13495s
 60399 42480 7371.95209   36 3417 8322.00000 7371.95209  11.4%  1012 13519s
 60400 42480 8235.38028  535 3484 8322.00000 7372.13091  11.4%  1012 13520s
 60404 42483 7479.73700  172 3738 8322.00000 7372.41854  11.4%  1012 13525s
 60406 42484 8129.76591  738 3747 8322.00000 7372.42681  11.4%  1012 13549s
 60407 42485 8288.44291  782 3390 8322.00000 7373.31427  11.4%  1012 13552s
 60408 42486 7373.51436   40 3592 8322.00000 7373.51436  11.4%  1012 13555s
 60411 42488 7608.83173  362 3628 8322.00000 7373.56905  11.4%  1012 13578s
 60412 42488 7374.27893   39 3437 8322.00000 7374.27893  11.4%  1012 13582s
 60413 42489 8303.31611  220 3632 8322.00000 7374.49837  11.4%  1012 13585s
 60417 42492 7525.48602  106 3675 8322.00000 7374.57835  11.4%  1012 13610s
 60420 42494 7899.47231  273 3575 8322.00000 7375.03028  11.4%  1012 13615s
 60423 42496 7646.86677  267 3636 8322.00000 7375.04162  11.4%  1011 13640s
 60425 42497 8077.25701  386 3280 8322.00000 7376.13191  11.4%  1011 13646s
 60429 42500 7388.04367  268 3458 8322.00000 7376.28904  11.4%  1011 13672s
 60430 42500 7377.01987  120 3338 8322.00000 7377.01987  11.4%  1011 13676s
 60433 42502 7472.19535  192 3607 8322.00000 7377.26407  11.4%  1011 13680s
 60435 42504 7762.49085  380 3607 8322.00000 7377.27211  11.4%  1011 13705s
 60437 42505 8047.26148  174 3381 8322.00000 7378.30016  11.3%  1011 13711s
 60441 42508 7378.40323   86 3536 8322.00000 7378.40323  11.3%  1011 13736s
 60443 42509 7511.53003  244 3491 8322.00000 7379.15324  11.3%  1011 13741s
 60447 42512 7756.25984  526 3569 8322.00000 7379.24687  11.3%  1011 13768s
 60448 42512 7530.69504  319 3318 8322.00000 7379.91375  11.3%  1011 13771s
 60451 42514 7756.10844  259 3449 8322.00000 7380.14187  11.3%  1011 13775s
 60456 42518 7772.70984  123 3584 8322.00000 7380.16830  11.3%  1011 13801s
 60459 42520 7596.59541  335 3619 8322.00000 7380.45710  11.3%  1011 13805s
 60462 42522 7440.42688  136 3776 8322.00000 7380.47500  11.3%  1011 13830s
 60464 42523 7712.58441  198 3427 8322.00000 7381.12863  11.3%  1011 13835s
 60469 42526 7527.42610  276 3677 8322.00000 7381.40145  11.3%  1011 13863s
 60470 42527 7667.26156  408 3575 8322.00000 7382.01344  11.3%  1011 13866s
 60474 42530 7522.51042  364 3630 8322.00000 7382.30593  11.3%  1011 13870s
 60476 42531 7409.67864   57 3759 8322.00000 7382.31125  11.3%  1011 13894s
 60477 42532 7575.92385  204 3719 8322.00000 7382.62841  11.3%  1011 13896s
 60481 42534 7722.95920  102 3705 8322.00000 7382.72134  11.3%  1011 13920s
 60485 42537 7707.53800  481 3514 8322.00000 7383.05838  11.3%  1010 13925s
 60487 42538 7442.55395  138 3614 8322.00000 7383.06853  11.3%  1010 13950s
 60491 42541 8211.24190  997 3732 8322.00000 7383.37116  11.3%  1010 13955s
 60494 42543 8002.84134  617 3782 8322.00000 7383.38245  11.3%  1010 13977s
 60495 42544 7425.86400  238 3619 8322.00000 7383.70116  11.3%  1010 13980s
 60500 42547 8235.38028  535 3642 8322.00000 7384.02599  11.3%  1010 14007s
 60501 42548 7384.46704   93 3473 8322.00000 7384.46704  11.3%  1010 14010s
 60507 42552 8288.44291  782 3800 8322.00000 7384.73350  11.3%  1010 14037s
 60508 42552 7385.02265   40 3735 8322.00000 7385.02265  11.3%  1010 14041s
 60514 42556 7735.00414  381 3804 8322.00000 7385.21816  11.3%  1010 14066s
 60515 42557 7660.84976  436 3600 8322.00000 7385.68335  11.3%  1010 14071s
 60519 42560 7985.37032  358 3702 8322.00000 7385.84885  11.2%  1010 14075s
 60523 42562 7646.86677  267 3756 8322.00000 7385.87266  11.2%  1010 14099s
 60524 42563 7564.40314  115 3644 8322.00000 7386.24106  11.2%  1010 14102s
 60528 42566 7386.36463   61 3764 8322.00000 7386.36463  11.2%  1010 14129s
 60529 42566 7388.04367  268 3550 8322.00000 7386.66442  11.2%  1010 14133s
 60531 42568 7921.99355  183 3723 8322.00000 7386.97051  11.2%  1010 14136s
 60534 42570 7796.57422  397 3814 8322.00000 7387.07059  11.2%  1010 14160s
 60540 42574 7743.22609  386 3694 8322.00000 7387.29299  11.2%  1010 14188s
 60541 42574 7387.58641   86 3602 8322.00000 7387.58641  11.2%  1010 14198s
 60542 42575 7492.35799  141 3703 8322.00000 7387.69985  11.2%  1010 14200s
 60544 42576 7864.23922  109 3750 8322.00000 7387.72507  11.2%  1009 14223s
 60545 42577 7480.93718  272 3526 8322.00000 7387.86760  11.2%  1009 14225s
 60550 42580 7748.71900  409 3729 8322.00000 7388.01225  11.2%  1009 14252s
 60551 42581 7756.10844  259 3682 8322.00000 7388.67532  11.2%  1009 14255s
 60556 42584 7772.70984  123 3585 8322.00000 7388.83004  11.2%  1009 14281s
 60558 42586 7730.46726  134 3695 8322.00000 7389.23128  11.2%  1009 14285s
 60561 42588 7389.25637   59 3813 8322.00000 7389.25637  11.2%  1009 14309s
 60562 42588 7440.42688  136 3654 8322.00000 7389.35844  11.2%  1009 14310s
 60567 42592 7519.18182  148 3815 8322.00000 7389.41626  11.2%  1009 14336s
 60569 42593 7527.42610  276 3733 8322.00000 7389.64476  11.2%  1009 14340s
 60573 42596 7762.31727  447 3919 8322.00000 7389.67183  11.2%  1009 14363s
 60575 42597 7389.91432  118 3887 8322.00000 7389.91432  11.2%  1009 14366s
 60579 42600 8266.35231  693 3901 8322.00000 7389.98213  11.2%  1009 14391s
 60584 42603 8066.59345  205 4065 8322.00000 7390.05480  11.2%  1009 14418s
 60585 42604 7707.53800  481 3928 8322.00000 7390.16816  11.2%  1009 14421s
 60590 42607 7502.11084  305 4020 8322.00000 7390.25281  11.2%  1009 14446s
 60596 42611 7700.94263  217 3835 8322.00000 7390.39066  11.2%  1009 14471s
 60601 42615 7390.53614   93  905 8322.00000 7390.53614  11.2%  1019 14479s
 60602 42616 7847.70011  374  948 8322.00000 7390.53614  11.2%  1019 14481s
 60604 42617 7479.73700  172 1181 8322.00000 7390.53614  11.2%  1019 14486s
 60605 42618 7434.73488  103 1295 8322.00000 7390.53614  11.2%  1019 14492s
 60606 42619 8129.76591  738 1575 8322.00000 7390.53614  11.2%  1019 14500s
 60607 42619 8288.44291  782 1426 8322.00000 7390.53614  11.2%  1019 14509s
 60608 42620 7390.53614   40 1632 8322.00000 7390.53614  11.2%  1019 14520s
 60609 42621 7911.63359  274 1806 8322.00000 7390.53614  11.2%  1019 14532s
 60610 42621 7390.53614   72 2028 8322.00000 7390.53614  11.2%  1019 14544s
 60611 42622 7608.83173  362 2133 8322.00000 7390.53614  11.2%  1019 14558s
 60612 42623 7390.53614   39 2252 8322.00000 7390.53614  11.2%  1019 14572s
 60613 42623 8303.31611  220 2472 8322.00000 7390.53614  11.2%  1019 14586s
 60614 42624 7735.00414  381 2627 8322.00000 7390.53614  11.2%  1019 14601s
 60615 42625 7660.84976  436 2852 8322.00000 7390.53614  11.2%  1019 14616s
 60616 42625 8091.95231  447 3013 8322.00000 7390.53614  11.2%  1019 14632s
 60617 42626 7525.48602  106 3223 8322.00000 7390.53614  11.2%  1019 14644s
 60618 42627 7390.53614  127 3144 8322.00000 7390.53614  11.2%  1019 14657s
 60619 42627 7985.37032  358 3495 8322.00000 7390.53614  11.2%  1019 14666s
 60620 42628 7899.47231  273 3575 8322.00000 7390.53614  11.2%  1019 14675s
 60621 42629 7426.21071  104 3650 8322.00000 7390.53614  11.2%  1019 14683s
 60622 42629 7960.79219  545 3829 8322.00000 7390.53614  11.2%  1019 14688s
 60623 42630 7646.86677  267 3690 8322.00000 7390.53614  11.2%  1019 14691s
 60627 42633 7700.80246  445 3907 8322.00000 7390.53614  11.2%  1019 14695s
 60629 42634 7391.22232  268 3707 8322.00000 7391.22232  11.2%  1019 14702s
 60633 42637 7472.19535  192 3822 8322.00000 7391.30993  11.2%  1019 14729s
 60634 42637 7796.57422  397 3621 8322.00000 7392.21369  11.2%  1019 14734s
 60635 42638 7762.49085  380 3579 8322.00000 7392.36140  11.2%  1019 14735s
 60638 42640 8037.82595  745 3656 8322.00000 7392.39331  11.2%  1019 14771s
 60639 42641 7504.07809  327 3495 8322.00000 7392.79574  11.2%  1019 14775s
 60642 42643 7492.35799  141 3726 8322.00000 7393.04376  11.2%  1019 14780s
 60644 42644 7864.23922  109 3705 8322.00000 7393.04824  11.2%  1019 14806s
 60645 42645 7480.93718  272 3603 8322.00000 7393.44662  11.2%  1019 14810s
 60650 42648 7748.71900  409 3579 8322.00000 7393.57904  11.2%  1019 14838s
 60651 42649 7756.10844  259 3529 8322.00000 7393.84587  11.2%  1019 14845s
 60655 42651 7521.85692  241 3610 8322.00000 7393.93379  11.2%  1019 14872s
 60657 42653 7534.69861  289 3672 8322.00000 7394.21145  11.1%  1019 14875s
 60662 42656 7440.42688  136 3656 8322.00000 7394.25947  11.1%  1018 14904s
 60663 42657 7414.89485   52 3733 8322.00000 7394.52503  11.1%  1018 14907s
 60668 42660 7432.02064  183 3664 8322.00000 7394.67048  11.1%  1018 14910s
 60670 42661 7667.26156  408 3639 8322.00000 7394.67554  11.1%  1018 14934s
 60671 42662 7627.84177  402 3620 8322.00000 7394.86376  11.1%  1018 14936s
 60676 42665 7409.67864   57 3834 8322.00000 7394.98136  11.1%  1018 14940s
 60677 42666 7575.92385  204 3834 8322.00000 7394.98137  11.1%  1018 14963s
 60678 42667 7900.05261  126 3619 8322.00000 7395.43776  11.1%  1018 14967s
 60681 42669 7722.95920  102 3672 8322.00000 7395.62363  11.1%  1018 14970s
 60682 42669 7652.83676  145 3645 8322.00000 7395.62551  11.1%  1018 14995s
 60686 42672 7395.94350   65 3755 8322.00000 7395.94350  11.1%  1018 15000s
 60687 42673 7442.55395  138 3808 8322.00000 7395.94365  11.1%  1018 15025s
 60688 42673 7861.11667  518 3742 8322.00000 7396.59036  11.1%  1018 15033s
 60690 42675 7502.11084  305 3676 8322.00000 7396.71725  11.1%  1018 15035s
 60694 42677 8002.84134  617 3672 8322.00000 7396.73064  11.1%  1018 15059s
 60695 42678 7425.86400  238 3615 8322.00000 7397.31595  11.1%  1018 15063s
 60696 42679 7700.94263  217 3731 8322.00000 7397.44225  11.1%  1018 15065s
 60699 42681 7397.47545   36 3743 8322.00000 7397.47545  11.1%  1018 15090s
 60701 42682 7398.11822   93 3668 8322.00000 7398.11822  11.1%  1018 15095s
 60705 42685 7434.73488  103 3700 8322.00000 7398.15669  11.1%  1018 15122s
 60707 42686 8288.44291  782 3638 8322.00000 7398.53113  11.1%  1018 15126s
 60711 42689 7608.83173  362 3493 8322.00000 7398.56040  11.1%  1018 15151s
 60712 42689 7399.03433   39 3318 8322.00000 7399.03433  11.1%  1018 15155s
 60718 42693 7399.23450  127 3483 8322.00000 7399.23450  11.1%  1018 15182s
 60721 42695 7426.21071  104 3432 8322.00000 7399.44847  11.1%  1017 15206s
 60722 42696 7960.79219  545 3493 8322.00000 7399.73995  11.1%  1017 15216s
 60727 42699 7700.80246  445 3713 8322.00000 7399.85488  11.1%  1017 15242s
 60729 42701 7400.13936  268 3650 8322.00000 7400.13936  11.1%  1017 15245s
 60731 42702 7921.99355  183 3715 8322.00000 7400.16116  11.1%  1017 15268s
 60732 42703 7867.97178  139 3619 8322.00000 7400.49521  11.1%  1017 15271s
 60737 42706 8047.26148  174 3606 8322.00000 7400.61528  11.1%  1017 15296s
 60739 42707 7504.07809  327 3718 8322.00000 7401.11765  11.1%  1017 15300s
 60743 42710 7511.53003  244 3719 8322.00000 7401.17599  11.1%  1017 15324s
 60744 42711 7864.23922  109 3794 8322.00000 7401.30582  11.1%  1017 15326s
 60748 42713 7530.69504  319 3698 8322.00000 7401.34550  11.1%  1017 15350s
 60753 42717 7734.99954  357 3820 8322.00000 7401.59300  11.1%  1017 15376s
 60754 42717 7401.70866  151 3619 8322.00000 7401.70866  11.1%  1017 15478s
 60755 42718 7521.85692  241 3717 8322.00000 7401.77778  11.1%  1017 15483s
 60760 42721 7796.66834  458 3662 8322.00000 7401.81709  11.1%  1017 15485s
 60761 42722 7401.81784   59 3683 8322.00000 7401.81784  11.1%  1017 15510s
 60763 42723 7414.89485   52 3744 8322.00000 7402.40231  11.1%  1017 15516s
 60770 42728 7667.26156  408 3832 8322.00000 7402.49348  11.0%  1017 15541s
 60773 42730 7762.31727  447 3894 8322.00000 7402.80517  11.0%  1017 15545s
 60776 42732 7409.67864   57 3835 8322.00000 7402.82237  11.0%  1017 15566s
 60780 42735 7422.82199  152 3778 8322.00000 7403.04569  11.0%  1016 15570s
 60784 42737 8066.59345  205 3897 8322.00000 7403.07102  11.0%  1016 15593s
 60785 42738 7707.53800  481 3782 8322.00000 7403.36417  11.0%  1016 15595s
 60789 42741 7841.39158  537 3750 8322.00000 7403.47688  11.0%  1016 15621s
 60791 42742 8211.24190  997 3715 8322.00000 7404.01405  11.0%  1016 15625s
 60795 42745 7425.86400  238 3717 8322.00000 7404.08179  11.0%  1016 15653s
 60796 42745 7700.94263  217 3569 8322.00000 7404.46101  11.0%  1016 15655s
 60800 42748 8235.38028  535 3845 8322.00000 7404.66721  11.0%  1016 15681s
 60803 42750 7455.31984  193 3653 8322.00000 7404.71257  11.0%  1016 15704s
 60804 42751 7479.73700  172 3711 8322.00000 7404.82795  11.0%  1016 15705s
 60808 42753 7404.89992   40 3759 8322.00000 7404.89992  11.0%  1016 15732s
 60810 42755 7405.18084   72 3809 8322.00000 7405.18084  11.0%  1016 15735s
 60815 42758 7660.84976  436 3775 8322.00000 7405.22384  11.0%  1016 15761s
 60816 42759 8091.95231  447 3612 8322.00000 7405.79167  11.0%  1016 15765s
 60821 42762 7426.21071  104 3800 8322.00000 7406.10632  11.0%  1016 15792s
 60822 42763 7960.79219  545 3771 8322.00000 7406.47590  11.0%  1016 15796s
 60825 42765 8077.25701  386 3630 8322.00000 7406.66083  11.0%  1016 15800s
 60826 42765 8057.23551  602 3660 8322.00000 7406.66191  11.0%  1016 15822s
 60828 42767 7406.94870   61 3672 8322.00000 7406.94870  11.0%  1016 15825s
 60831 42769 7921.99355  183 3771 8322.00000 7406.97364  11.0%  1016 15849s
 60832 42769 7867.97178  139 3690 8322.00000 7407.39647  11.0%  1016 15852s
 60834 42771 7796.57422  397 3928 8322.00000 7407.53303  11.0%  1016 15855s
 60837 42773 8047.26148  174 3906 8322.00000 7407.56428  11.0%  1016 15880s
 60843 42777 7511.53003  244 3647 8322.00000 7407.76495  11.0%  1015 15885s
 60844 42777 7864.23922  109 3698 8322.00000 7407.76547  11.0%  1015 15907s
 60846 42779 7675.89889  405 3748 8322.00000 7408.07610  11.0%  1015 15910s
 60849 42781 7740.68281  334 3760 8322.00000 7408.09133  11.0%  1015 15935s
 60853 42783 7734.99954  357 3748 8322.00000 7408.19092  11.0%  1015 15960s
 60858 42787 7730.46726  134 3747 8322.00000 7408.38479  11.0%  1015 15987s
 60860 42788 7796.66834  458 3592 8322.00000 7408.80234  11.0%  1015 15990s
 60863 42790 7414.89485   52 3638 8322.00000 7408.82354  11.0%  1015 16013s
 60864 42791 7712.58441  198 3838 8322.00000 7409.07530  11.0%  1015 16015s
 60869 42794 7527.42610  276 3755 8322.00000 7409.21643  11.0%  1015 16041s
 60872 42796 7409.32656   98 3821 8322.00000 7409.32656  11.0%  1015 16068s
 60873 42797 7762.31727  447 3623 8322.00000 7409.60493  11.0%  1015 16071s
 60878 42800 7900.05261  126 3817 8322.00000 7409.83972  11.0%  1015 16098s
 60879 42801 8266.35231  693 3604 8322.00000 7410.33721  11.0%  1015 16101s
 60882 42803 7652.83676  145 3681 8322.00000 7410.57775  11.0%  1015 16105s
 60885 42805 7707.53800  481 3873 8322.00000 7410.59883  11.0%  1015 16130s
 60887 42806 7442.55395  138 3688 8322.00000 7411.44613  10.9%  1015 16135s
 60892 42809 7752.45899  119 3810 8322.00000 7411.57441  10.9%  1015 16161s
 60895 42811 7425.86400  238 3871 8322.00000 7411.80593  10.9%  1015 16165s
 60896 42812 7700.94263  217 3840 8322.00000 7411.80778  10.9%  1015 16188s
 60897 42813 7412.31609   53 3826 8322.00000 7412.31609  10.9%  1015 16191s
 60900 42815 8235.38028  535 3661 8322.00000 7412.53307  10.9%  1014 16195s
 60903 42817 7455.31984  193 3812 8322.00000 7412.54815  10.9%  1014 16220s
 60907 42819 8288.44291  782 3638 8322.00000 7412.96833  10.9%  1014 16225s
 60909 42821 7911.63359  274 3777 8322.00000 7412.97212  10.9%  1014 16247s
 60911 42822 7608.83173  362 3660 8322.00000 7413.16353  10.9%  1014 16251s
 60915 42825 7660.84976  436 3696 8322.00000 7413.21234  10.9%  1014 16275s
 60917 42826 7525.48602  106 3746 8322.00000 7413.76823  10.9%  1014 16280s
 60922 42829 7960.79219  545 3865 8322.00000 7413.90403  10.9%  1014 16309s
 60923 42830 7646.86677  267 3701 8322.00000 7414.00727  10.9%  1014 16311s
 60927 42833 7700.80246  445 3802 8322.00000 7414.08139  10.9%  1014 16336s
 60932 42836 7867.97178  139 3756 8322.00000 7414.28932  10.9%  1014 16340s
 60933 42837 7472.19535  192 3726 8322.00000 7414.28999  10.9%  1014 16364s
 60934 42837 7796.57422  397 3753 8322.00000 7414.39984  10.9%  1014 16366s
 60940 42841 7743.22609  386 3788 8322.00000 7414.48006  10.9%  1014 16392s
 60941 42842 7414.66628   86 3785 8322.00000 7414.66628  10.9%  1014 16395s
 60946 42845 7675.89889  405 3921 8322.00000 7414.73914  10.9%  1014 16419s
 60947 42846 7756.25984  526 3729 8322.00000 7415.26409  10.9%  1014 16423s
 60948 42847 7530.69504  319 3759 8322.00000 7415.45627  10.9%  1014 16426s
 60953 42850 7734.99954  357 3819 8322.00000 7415.53453  10.9%  1014 16451s
 60955 42851 7521.85692  241 3851 8322.00000 7415.79194  10.9%  1014 16455s
 60958 42853 7730.46726  134 3891 8322.00000 7415.82280  10.9%  1014 16479s
 60959 42854 7596.59541  335 3828 8322.00000 7415.98207  10.9%  1013 16480s
 60962 42856 7440.42688  136 3784 8322.00000 7416.05464  10.9%  1013 16505s
 60966 42859 7553.97079  423 3794 8322.00000 7416.15920  10.9%  1013 16529s
 60967 42859 7519.18182  148 3810 8322.00000 7416.26823  10.9%  1013 16531s
 60970 42861 7667.26156  408 3808 8322.00000 7416.29814  10.9%  1013 16555s
 60974 42864 7522.51042  364 3837 8322.00000 7416.41975  10.9%  1013 16580s
 60980 42868 7422.82199  152 3737 8322.00000 7416.54470  10.9%  1013 16606s
 60983 42870 8039.44877  397 3702 8322.00000 7416.77440  10.9%  1013 16610s
 60987 42873 7442.55395  138 3766 8322.00000 7416.79229  10.9%  1013 16634s
 60988 42873 7861.11667  518 3705 8322.00000 7416.84306  10.9%  1013 16636s
 60991 42875 8211.24190  997 3641 8322.00000 7416.88982  10.9%  1013 16660s
 60994 42877 8002.84134  617 3748 8322.00000 7416.92406  10.9%  1013 16684s
 60995 42878 7425.86400  238 3731 8322.00000 7417.08954  10.9%  1013 16686s
 60999 42881 7417.22987   36 3868 8322.00000 7417.22987  10.9%  1013 16690s
 61001 42882 7417.23295   93 3809 8322.00000 7417.23295  10.9%  1013 16714s
 61002 42883 7847.70011  374 3863 8322.00000 7417.28660  10.9%  1013 16715s
 61006 42885 8129.76591  738 3790 8322.00000 7417.36798  10.9%  1013 16740s
 61009 42887 7911.63359  274 3727 8322.00000 7417.40131  10.9%  1013 16764s
 61010 42888 7417.58921   72 3809 8322.00000 7417.58921  10.9%  1013 16766s
 61015 42891 7660.84976  436 3762 8322.00000 7417.70795  10.9%  1013 16793s
 61016 42892 8091.95231  447 3620 8322.00000 7417.90285  10.9%  1013 16795s
 61021 42895 7426.21071  104 3785 8322.00000 7418.05609  10.9%  1012 16822s
 61025 42898 8077.25701  386 3690 8322.00000 7418.13662  10.9%  1012 16847s
 61026 42899 8057.23551  602 3599 8322.00000 7418.47669  10.9%  1012 16850s
 61030 42901 7418.69343  120 3658 8322.00000 7418.69343  10.9%  1012 16855s
 61031 42902 7921.99355  183 3684 8322.00000 7418.69522  10.9%  1012 16878s
 61032 42903 7867.97178  139 3720 8322.00000 7419.19578  10.8%  1012 16881s
 61036 42905 7419.39411  126 3746 8322.00000 7419.39411  10.8%  1012 16906s
 61038 42907 8037.82595  745 3882 8322.00000 7420.01408  10.8%  1012 16911s
 61041 42909 7420.04244   86 3775 8322.00000 7420.04244  10.8%  1012 16934s
 61042 42909 7492.35799  141 3645 8322.00000 7420.37417  10.8%  1012 16937s
 61046 42912 7675.89889  405 3746 8322.00000 7420.46810  10.8%  1012 16963s
 61047 42913 7756.25984  526 3656 8322.00000 7420.58905  10.8%  1012 16965s
 61052 42916 7420.71454  275 3871 8322.00000 7420.71454  10.8%  1012 16992s
 61054 42917 7421.04206  151 3589 8322.00000 7421.04206  10.8%  1012 16996s
 61059 42921 7596.59541  335 3924 8322.00000 7421.18068  10.8%  1012 17023s
 61060 42921 7796.66834  458 3760 8322.00000 7421.38215  10.8%  1012 17025s
 61064 42924 7712.58441  198 3679 8322.00000 7421.49334  10.8%  1012 17051s
 61066 42925 7553.97079  423 3765 8322.00000 7421.71024  10.8%  1012 17055s
 61071 42929 7627.84177  402 3749 8322.00000 7421.76806  10.8%  1012 17081s
 61073 42930 7762.31727  447 3712 8322.00000 7421.95921  10.8%  1012 17085s
 61077 42933 7575.92385  204 3815 8322.00000 7421.98098  10.8%  1012 17109s
 61078 42933 7900.05261  126 3575 8322.00000 7422.20387  10.8%  1012 17111s
 61082 42936 7652.83676  145 3673 8322.00000 7422.38120  10.8%  1011 17137s
 61084 42937 8066.59345  205 3659 8322.00000 7422.62111  10.8%  1011 17140s
 61087 42939 7442.55395  138 3653 8322.00000 7422.65091  10.8%  1011 17165s
 61092 42943 7752.45899  119 3679 8322.00000 7422.76751  10.8%  1011 17191s
 61094 42944 8002.84134  617 3608 8322.00000 7423.12789  10.8%  1011 17195s
 61099 42947 7423.17676   36 3687 8322.00000 7423.17676  10.8%  1011 17220s
 61105 42951 7434.73488  103 3804 8322.00000 7423.32045  10.8%  1011 17247s
 61107 42953 8288.44291  782 3764 8322.00000 7423.51129  10.8%  1011 17250s
 61111 42955 7608.83173  362 3715 8322.00000 7423.55708  10.8%  1011 17274s
 61112 42956 7423.58989   39 3723 8322.00000 7423.58989  10.8%  1011 17275s
 61115 42958 7660.84976  436 3844 8322.00000 7423.62608  10.8%  1011 17298s
 61116 42959 8091.95231  447 3640 8322.00000 7423.73044  10.8%  1011 17300s
 61122 42963 7960.79219  545 3852 8322.00000 7423.80673  10.8%  1011 17327s
 61124 42964 7564.40314  115 3714 8322.00000 7423.94808  10.8%  1011 17330s
 61127 42966 7700.80246  445 3826 8322.00000 7423.96405  10.8%  1011 17354s
 61128 42967 7424.30599   61 3759 8322.00000 7424.30599  10.8%  1011 17357s
 61131 42969 7921.99355  183 3808 8322.00000 7424.45741  10.8%  1011 17360s
 61134 42971 7796.57422  397 3827 8322.00000 7424.46640  10.8%  1011 17385s
 61139 42974 7504.07809  327 3796 8322.00000 7424.77033  10.8%  1011 17390s
 61141 42975 7424.77441   86 3834 8322.00000 7424.77441  10.8%  1010 17413s
 61142 42976 7492.35799  141 3732 8322.00000 7424.94177  10.8%  1010 17415s
 61146 42979 7675.89889  405 3936 8322.00000 7425.01343  10.8%  1010 17440s
 61151 42982 7756.10844  259 3813 8322.00000 7425.10170  10.8%  1010 17466s
 61153 42983 7734.99954  357 3626 8322.00000 7425.51091  10.8%  1010 17470s
 61157 42986 7534.69861  289 3856 8322.00000 7425.63259  10.8%  1010 17497s
 61160 42988 7796.66834  458 3652 8322.00000 7425.92026  10.8%  1010 17500s
 61163 42990 7425.93217   52 3709 8322.00000 7425.93217  10.8%  1010 17525s
 61166 42992 7553.97079  423 3751 8322.00000 7426.12958  10.8%  1010 17530s
 61169 42994 7527.42610  276 3770 8322.00000 7426.13879  10.8%  1010 17553s
 61170 42995 7667.26156  408 3706 8322.00000 7426.37053  10.8%  1010 17555s
 61174 42997 7522.51042  364 3840 8322.00000 7426.46400  10.8%  1010 17583s
 61177 42999 7575.92385  204 3779 8322.00000 7426.48374  10.8%  1010 17608s
 61178 43000 7900.05261  126 3694 8322.00000 7426.62637  10.8%  1010 17611s
 61179 43001 8266.35231  693 3694 8322.00000 7426.62751  10.8%  1010 17720s
 61180 43004 7426.62751   43 3675 8322.00000 7426.62751  10.8%  1017 17729s
 61182 43008 7426.72671   44 3699 8322.00000 7426.62751  10.8%  1017 17750s
 61186 43014 7426.81912   45 3691 8322.00000 7426.73191  10.8%  1017 17775s
 61194 43028 7426.96567   46 3709 8322.00000 7426.81912  10.8%  1018 17806s
 61210 43038 7433.53444   47 3538 8322.00000 7426.96567  10.8%  1020 17859s
 61226 43065 7450.50508   48 3422 8322.00000 7426.96567  10.8%  1021 17908s
 61258 43201 7451.81548   49 3192 8322.00000 7426.96567  10.8%  1024 17949s
 61405 43184 7455.75681   54 3239 8322.00000 7426.96567  10.8%  1026 17964s
 61437 43242 7457.78249   55 3214 8322.00000 7426.96567  10.8%  1027 17985s
 61505 43250 7471.40714   54 3224 8322.00000 7426.96567  10.8%  1027 18003s
 61536 43280 7458.14769   56 3291 8322.00000 7426.96567  10.8%  1027 18021s
 61576 43297 7459.38244   58 3292 8322.00000 7426.96567  10.8%  1028 18037s
 61607 43322 7463.85138   59 3187 8322.00000 7426.96567  10.8%  1028 18053s
 61642 43339 7459.46200   59 3364 8322.00000 7426.96567  10.8%  1028 18069s
 61671 43382 7460.56968   60 3186 8322.00000 7426.96567  10.8%  1028 18089s
 61723 43430 7461.22088   61 3381 8322.00000 7426.96567  10.8%  1028 18106s
 61789 43440 7461.37318   62 3186 8322.00000 7426.96567  10.8%  1029 18147s
 61821 43464 7461.56159   63 3164 8322.00000 7426.96567  10.8%  1029 18208s
 61855 43486 7462.68830   65 3201 8322.00000 7426.96567  10.8%  1029 18226s
 61889 43516 7463.39832   66 3347 8322.00000 7426.96567  10.8%  1029 18240s
 61930 43548 7463.97875   67 3191 8322.00000 7426.96567  10.8%  1029 18260s
 61976 43579 7466.08938   70 3274 8322.00000 7426.96567  10.8%  1030 18279s
 62022 43611 7470.48932   75 3381 8322.00000 7426.96567  10.8%  1030 18324s
 62069 43653 7469.49632   76 3341 8322.00000 7426.96567  10.8%  1030 18345s
 62127 43689 7472.73697   78 3227 8322.00000 7426.96567  10.8%  1031 18388s
 62182 43709 7474.38399   83 3202 8322.00000 7426.96567  10.8%  1031 18415s
 62221 43750 7476.19112   83 3072 8322.00000 7426.96567  10.8%  1031 18440s
 62275 43793 7474.44976   84 3175 8322.00000 7426.96567  10.8%  1031 18466s
 62336 43835 7479.38035   86 3123 8322.00000 7426.96567  10.8%  1032 18507s
 62398 43859 7479.28973   87 3197 8322.00000 7426.96567  10.8%  1032 18554s
 62443 43902 7479.95121   87 3127 8322.00000 7426.96567  10.8%  1032 18588s
 62501 43949 7482.05787   90 3164 8322.00000 7426.96567  10.8%  1033 18630s
 62567 43998 7486.23793   92 3137 8322.00000 7426.96567  10.8%  1034 18654s
 62638 44030 7487.27612   93 3192 8322.00000 7426.96567  10.8%  1034 18677s
 62694 44078 7495.40651   98 3094 8322.00000 7426.96567  10.8%  1034 18719s
 62760 44123 7520.60200   97 3013 8322.00000 7426.96567  10.8%  1035 18788s
 62827 44190 7497.97292   99 3122 8322.00000 7426.96567  10.8%  1036 18869s
 62917 44231 7499.04693  105 3020 8322.00000 7426.96567  10.8%  1036 18944s
 62988 44296 7499.78841  107 3039 8322.00000 7426.96567  10.8%  1036 19020s
 63080 44359 7502.65130  112 3067 8322.00000 7426.96567  10.8%  1037 19083s
 63174 44443 7505.72891  120 3037 8322.00000 7426.96567  10.8%  1037 19159s
 63291 44500 7506.93448  127 2876 8322.00000 7426.96567  10.8%  1037 19221s
 63387 44568 7513.29719  125 2940 8322.00000 7426.96567  10.8%  1038 19260s
 63491 44627 7525.81228  134 3045 8322.00000 7426.96567  10.8%  1038 19299s
 63603 44700 7514.64106  132 2904 8322.00000 7426.96567  10.8%  1038 19340s
 63717 44790 7514.39061  136 3018 8322.00000 7426.96567  10.8%  1039 19387s
 63845 44868 7522.29520  146 2847 8322.00000 7426.96567  10.8%  1039 19480s
 63967 44951 7524.16212  148 2786 8322.00000 7426.96567  10.8%  1039 19519s
 64093 45058 7560.99770  150 2860 8322.00000 7426.96567  10.8%  1040 19612s
 64244 45136 7528.46031  153 2879 8322.00000 7426.96567  10.8%  1040 19685s
 64403 45214 7532.54753  154 2862 8322.00000 7426.96567  10.8%  1040 19759s
 64550 45321 7539.64185  154 2764 8322.00000 7426.96567  10.8%  1041 19838s
 64739 45569 7541.56744  158 2857 8322.00000 7426.96567  10.8%  1041 19892s
 65060 45820 7547.46999  164 2924 8322.00000 7426.96567  10.8%  1041 19951s
 65440 45882 7557.30696  174 2707 8322.00000 7426.96567  10.8%  1041 19996s
 65637 46312 7556.67502  175 2732 8322.00000 7426.96567  10.8%  1041 20059s
 66136 46631 7566.96275  179 2612 8322.00000 7426.96567  10.8%  1041 20121s
 66622 47015 7568.76825  187 2782 8322.00000 7426.96567  10.8%  1042 20190s
 67168 47508 7577.30757  196 2712 8322.00000 7426.96567  10.8%  1041 20252s
 67847 47619 7591.84497  202 2666 8322.00000 7426.96567  10.8%  1040 20304s
 68190 47577 7588.01816  211 2784 8322.00000 7426.96567  10.8%  1040 20353s
 68266 48219 7588.01816  212 2785 8322.00000 7426.96567  10.8%  1041 20420s
 68958 48557 7594.66597  232 2750 8322.00000 7426.96567  10.8%  1039 20495s
 69614 48516 7627.10296  234 2561 8322.00000 7427.50265  10.7%  1040 20559s
 69792 48569 7617.93150  237 2486 8322.00000 7427.50265  10.7%  1041 20612s
 69916 48657 7653.63610  237 2560 8322.00000 7427.50265  10.7%  1040 20663s
 70048 48877 7625.70529  239 2510 8322.00000 7427.50265  10.7%  1039 20730s
 70385 49505 7610.04290  239 2570 8322.00000 7427.50265  10.7%  1039 20811s
 71168 49859 7612.50196  240 2731 8322.00000 7427.50265  10.7%  1038 20904s
 71853 50397 7628.90884  242 2747 8322.00000 7427.50265  10.7%  1039 20995s
 72667 50394 7631.80563  247 2800 8322.00000 7427.50265  10.7%  1038 21066s
 72938 51005 7636.89983  256 2785 8322.00000 7427.50265  10.7%  1040 21165s
 73696 51469 7653.20067  257 2768 8322.00000 7427.50265  10.7%  1041 21254s
 74421 52004 7640.73877  265 2770 8322.00000 7427.50265  10.7%  1043 21361s
 75231 52549 7646.08239  268 2734 8322.00000 7427.50265  10.7%  1045 21473s
 76133 52709 7663.97441  284 2499 8322.00000 7427.50265  10.7%  1046 21563s
 76622 53425 7653.21585  298 2641 8322.00000 7427.50265  10.7%  1047 21671s
 77505 54228 7718.58638  311 2485 8322.00000 7427.50265  10.7%  1049 21781s
 78650 54312 7665.45055  331 2246 8322.00000 7427.50265  10.7%  1049 21885s
 79174 55103 7665.54833  333 2414 8322.00000 7427.50265  10.7%  1051 22000s
 80208 55875 7671.90886  346 2616 8322.00000 7427.50265  10.7%  1052 22129s
 81311 55507 8293.01643  254 1707 8322.00000 7427.50265  10.7%  1053 22130s
 81367 56115 7675.43821  358 2398 8322.00000 7427.50265  10.7%  1052 22235s
 82038 56928 7681.11466  367 2231 8322.00000 7427.50265  10.7%  1054 22367s
 83193 57495 7684.32812  381 2306 8322.00000 7427.50265  10.7%  1054 22511s
 84167 57946 7697.34948  388 1810 8322.00000 7427.50265  10.7%  1057 22650s
 85008 58726 7693.54984  393 2301 8322.00000 7427.50265  10.7%  1059 22803s
 86082 59630 7704.16268  408 2157 8322.00000 7427.50265  10.7%  1062 22953s
 87344 59885 7709.78326  435 2058 8322.00000 7427.50265  10.7%  1064 23075s
 88030 60838 7711.18290  437 2116 8322.00000 7427.50265  10.7%  1063 23221s
 89324 61191 7717.78016  442 2013 8322.00000 7427.50265  10.7%  1064 23376s
 90167 62807 7722.02674  453 1862 8322.00000 7427.50265  10.7%  1066 23634s
 92304 63530 7738.58182  481 1814 8322.00000 7427.50265  10.7%  1069 23832s
 93743 64896 7804.51366  491 1905 8322.00000 7427.50265  10.7%  1074 24040s
 95637 65571 7776.58895  523 1597 8322.00000 7427.50265  10.7%  1076 24214s
 97036 66690 7785.11369  527 1631 8322.00000 7427.50265  10.7%  1077 24413s
 98681 66956 7819.15896  550 1553 8322.00000 7427.50265  10.7%  1080 24652s
 99520 68760 7803.83996  569 1538 8322.00000 7427.50265  10.7%  1082 24867s
 101610 69835 7825.41271  594 1603 8322.00000 7427.50265  10.7%  1082 25081s
 103412 71671 infeasible  639      8322.00000 7427.50265  10.7%  1081 25297s
 105940 72541 7845.45014  692 1382 8322.00000 7427.50265  10.7%  1079 25516s
 107765 73744 7878.22560  713 1390 8322.00000 7428.22425  10.7%  1079 25746s
 109641 74205 7970.71294  740 1362 8322.00000 7428.22425  10.7%  1083 26047s
 110729 76122 7929.26541  769 1206 8322.00000 7428.22425  10.7%  1087 26301s
 113019 75836 7959.70359  812 1214 8322.00000 7428.22425  10.7%  1090 26508s
 113500 78212 8004.85874  816 1230 8322.00000 7428.22425  10.7%  1090 26779s
 116101 80311 8068.80918  844 1224 8322.00000 7428.22425  10.7%  1090 27076s
 119135 82822 8115.89959  931 1249 8322.00000 7428.22425  10.7%  1090 27420s
 122840 83285 8169.83023 1021 1164 8322.00000 7428.22425  10.7%  1090 27640s
 124575 84877 8178.74320 1051 1093 8322.00000 7429.53614  10.7%  1092 27967s
 126884 84648 7447.00767   63 3419 8322.00000 7430.29583  10.7%  1092 28183s
 127451 87689 7459.78114   82 3356 8322.00000 7430.29583  10.7%  1093 28523s
 130854 89951 7569.32980  148 2846 8322.00000 7430.29583  10.7%  1092 28843s
 134314 92261 7696.02262  238 2586 8322.00000 7430.29583  10.7%  1091 29165s
 137880 94649 7807.91170  355 2445 8322.00000 7430.29583  10.7%  1088 29450s
 141566 95468 8053.97244  490 2235 8322.00000 7430.29583  10.7%  1079 29773s
 143710 98920 8154.46516  573 2055 8322.00000 7430.29583  10.7%  1076 30089s
 148045 102917 8298.26258  780 1787 8322.00000 7430.29583  10.7%  1068 30492s
 153794 101033 7525.64988  128 2701 8322.00000 7430.29583  10.7%  1059 30689s
 153826 101504 7539.69295  128 2793 8322.00000 7430.29583  10.7%  1059 30927s
 154347 102850 7526.26879  129 2728 8322.00000 7430.29583  10.7%  1060 31184s
 155868 105446 7526.79941  130 2834 8322.00000 7430.29583  10.7%  1060 31539s
 159087 108002 7547.29200  145 2760 8322.00000 7430.29583  10.7%  1057 31898s
 162944 107491 7590.13833  220 2219 8322.00000 7430.29583  10.7%  1056 32154s
 163757 110960 7598.43920  243 2387 8322.00000 7430.29583  10.7%  1056 32516s
 167694 113014 7642.32685  338 1973 8322.00000 7430.29583  10.7%  1055 32854s
 171325 114626 7678.85589  403 2095 8322.00000 7430.57062  10.7%  1055 33185s
 174270 117011 7733.43037  484 1979 8322.00000 7430.57062  10.7%  1056 33528s
 177852 121013 7768.57766  587 1842 8322.00000 7430.57062  10.7%  1055 33935s
 183193 121951 7847.91231  731 1475 8322.00000 7430.57062  10.7%  1049 34187s
 186072 123803 7910.74402  794 1396 8322.00000 7430.57062  10.7%  1047 34461s
 189079 123170 8065.79819  850 1407 8322.00000 7430.57062  10.7%  1047 34653s
 189469 126414 8113.72772  851 1418 8322.00000 7430.57062  10.7%  1047 34957s
 193218 129338 8182.92833  936 1259 8322.00000 7432.57023  10.7%  1045 35254s
 196342 129338 8086.07622 1004 1400 8322.00000 7434.52630  10.7%  1044 35255s
 196666 132679 7477.01198   65 3010 8322.00000 7434.52630  10.7%  1043 35537s
 200122 136268 7813.51736  117 2414 8322.00000 7434.52630  10.7%  1041 35821s
 204005 139054 8227.29363  244 1652 8322.00000 7434.52630  10.7%  1037 36108s
 207059 139086 7477.48368   59 2907 8322.00000 7434.52630  10.7%  1034 36432s
/var/spool/slurm/d/job5322919/slurm_script: line 99: 2971667 Killed                  "$ENV_PY" -m src.experiments.run_single_instance --project-root "$PROJECT_ROOT" --output-root "$OUTPUT_ROOT" --instance "$INSTANCE" --event-type "$EVENT_TYPE" --gurobi-output "$GUROBI_OUTPUT" "${EXTRA_ARGS[@]}"
[Wed Dec 17 04:26:06 PST 2025] Finished run_single_instance for rc101_Even
[2025-12-17T04:26:06.075] error: Detected 1 oom_kill event in StepId=5322919.batch. Some of the step tasks have been OOM Killed.
