==========================================
SLURM_JOB_ID = 5322913
SLURM_JOB_NODELIST = b22-12
TMPDIR = /tmp/SLURM_5322913
==========================================
Using Python:
Python 3.10.18
Checking core dependencies:
numpy: 2.2.6
gurobi: (12, 0, 3)
[Tue Dec 16 16:13:17 PST 2025] Starting run_single_instance on b22-12.hpc.usc.edu for c201_Random2
Set parameter TokenServer to value "hpc-licenses.hpcc.usc.edu"
Set parameter TimeLimit to value 86400
Set parameter Seed to value 42
Set parameter OutputFlag to value 1
Gurobi Optimizer version 12.0.3 build v12.0.3rc0 (linux64 - "Rocky Linux 8.10 (Green Obsidian)")

CPU model: AMD EPYC 7542 32-Core Processor, instruction set [SSE2|AVX|AVX2]
Thread count: 64 physical cores, 128 logical processors, using up to 32 threads

Non-default parameters:
TimeLimit  86400
Seed  42

Optimize a model with 703650 rows, 728000 columns and 7279600 nonzeros
Model fingerprint: 0xa7dbb1f6
Variable types: 0 continuous, 728000 integer (727500 binary)
Coefficient statistics:
  Matrix range     [1e+00, 1e+03]
  Objective range  [2e+00, 1e+02]
  Bounds range     [1e+00, 5e+01]
  RHS range        [1e+00, 1e+03]
Presolve removed 678400 rows and 698753 columns
Presolve time: 4.18s
Presolved: 25250 rows, 29247 columns, 214450 nonzeros
Variable types: 0 continuous, 29247 integer (29200 binary)
Performing another presolve...
Presolve removed 600 rows and 150 columns
Presolve time: 0.47s
Deterministic concurrent LP optimizer: primal and dual simplex
Showing primal log only...


Root simplex log...

Iteration    Objective       Primal Inf.    Dual Inf.      Time
       0    5.9240000e+03   2.293750e+02   8.331569e+09      7s
   29451    7.1330329e+03   0.000000e+00   1.188316e+06     10s
Concurrent spin time: 0.13s

Solved with dual simplex

Root simplex log...

Iteration    Objective       Primal Inf.    Dual Inf.      Time
   18111    4.6458053e+03   0.000000e+00   0.000000e+00     11s

Root relaxation: objective 4.645805e+03, 18111 iterations, 3.73 seconds (4.20 work units)
Total elapsed time = 10.70s (DegenMoves)

    Nodes    |    Current Node    |     Objective Bounds      |     Work
 Expl Unexpl |  Obj  Depth IntInf | Incumbent    BestBd   Gap | It/Node Time

     0     0 4645.80527    0  886          - 4645.80527      -     -   11s
     0     0 4708.24132    0  949          - 4708.24132      -     -   13s
     0     0 4708.24132    0  957          - 4708.24132      -     -   14s
     0     0 4708.24132    0  956          - 4708.24132      -     -   14s
     0     0 4708.24132    0  960          - 4708.24132      -     -   14s
     0     0 4747.59742    0 1079          - 4747.59742      -     -   16s
     0     0 4754.05125    0 1068          - 4754.05125      -     -   17s
     0     0 4754.14646    0 1107          - 4754.14646      -     -   17s
     0     0 4754.14651    0 1109          - 4754.14651      -     -   17s
     0     0 4855.67113    0 1097          - 4855.67113      -     -   22s
     0     0 4867.02913    0 1160          - 4867.02913      -     -   23s
     0     0 4867.52235    0 1176          - 4867.52235      -     -   24s
     0     0 4867.54851    0 1144          - 4867.54851      -     -   24s
     0     0 4941.34688    0 1335          - 4941.34688      -     -   30s
     0     0 4955.61761    0 1374          - 4955.61761      -     -   32s
     0     0 4962.79064    0 1334          - 4962.79064      -     -   34s
     0     0 4969.08785    0 1364          - 4969.08785      -     -   35s
     0     0 4969.10490    0 1373          - 4969.10490      -     -   35s
     0     0 5064.35421    0 1287          - 5064.35421      -     -   40s
     0     0 5072.89385    0 1380          - 5072.89385      -     -   42s
     0     0 5074.71362    0 1446          - 5074.71362      -     -   42s
     0     0 5074.87655    0 1455          - 5074.87655      -     -   43s
     0     0 5074.90112    0 1445          - 5074.90112      -     -   43s
     0     0 5125.20398    0 1376          - 5125.20398      -     -   48s
     0     0 5129.59998    0 1415          - 5129.59998      -     -   50s
     0     0 5130.47039    0 1583          - 5130.47039      -     -   51s
     0     0 5130.67683    0 1540          - 5130.67683      -     -   52s
     0     0 5130.73918    0 1555          - 5130.73918      -     -   52s
     0     0 5165.47105    0 1534          - 5165.47105      -     -   57s
     0     0 5169.41276    0 1529          - 5169.41276      -     -   59s
     0     0 5170.04475    0 1591          - 5170.04475      -     -   60s
     0     0 5170.12773    0 1585          - 5170.12773      -     -   60s
     0     0 5213.49273    0 1563          - 5213.49273      -     -   66s
     0     0 5216.88346    0 1659          - 5216.88346      -     -   68s
     0     0 5217.52443    0 1714          - 5217.52443      -     -   69s
     0     0 5217.74672    0 1713          - 5217.74672      -     -   70s
     0     0 5217.76900    0 1720          - 5217.76900      -     -   70s
     0     0 5245.07265    0 1648          - 5245.07265      -     -   74s
     0     0 5247.97773    0 1559          - 5247.97773      -     -   76s
     0     0 5249.00021    0 1546          - 5249.00021      -     -   77s
     0     0 5249.02015    0 1657          - 5249.02015      -     -   77s
     0     0 5280.73204    0 1685          - 5280.73204      -     -   82s
     0     0 5284.20621    0 1625          - 5284.20621      -     -   84s
     0     0 5285.02513    0 1733          - 5285.02513      -     -   85s
     0     0 5285.05013    0 1705          - 5285.05013      -     -   86s
     0     0 5305.93165    0 1680          - 5305.93165      -     -   88s
     0     0 5308.18933    0 1847          - 5308.18933      -     -   90s
     0     0 5308.58272    0 1838          - 5308.58272      -     -   91s
     0     0 5308.69360    0 1800          - 5308.69360      -     -   92s
     0     0 5327.32867    0 1657          - 5327.32867      -     -   95s
     0     0 5328.80562    0 1699          - 5328.80562      -     -   97s
     0     0 5329.18080    0 1785          - 5329.18080      -     -   98s
     0     0 5329.59027    0 1799          - 5329.59027      -     -   98s
     0     0 5329.61447    0 1833          - 5329.61447      -     -   99s
     0     0 5339.40950    0 1752          - 5339.40950      -     -  102s
     0     0 5340.69650    0 1738          - 5340.69650      -     -  104s
     0     0 5340.98898    0 1795          - 5340.98898      -     -  104s
     0     0 5341.03121    0 1798          - 5341.03121      -     -  105s
     0     0 5347.66839    0 1594          - 5347.66839      -     -  107s
     0     0 5348.21593    0 1755          - 5348.21593      -     -  109s
     0     0 5348.27600    0 1792          - 5348.27600      -     -  109s
     0     0 5358.20329    0 1816          - 5358.20329      -     -  113s
     0     0 5358.79143    0 1786          - 5358.79143      -     -  114s
     0     0 5358.83970    0 1776          - 5358.83970      -     -  115s
     0     0 5365.57431    0 1693          - 5365.57431      -     -  118s
     0     0 5366.63807    0 1816          - 5366.63807      -     -  120s
     0     0 5366.88062    0 1739          - 5366.88062      -     -  121s
     0     0 5366.90836    0 1813          - 5366.90836      -     -  121s
     0     0 5374.69853    0 1771          - 5374.69853      -     -  124s
     0     0 5375.46381    0 1826          - 5375.46381      -     -  125s
     0     0 5375.64631    0 1745          - 5375.64631      -     -  125s
     0     0 5381.25775    0 1863          - 5381.25775      -     -  128s
     0     0 5381.51857    0 1876          - 5381.51857      -     -  129s
     0     0 5381.59231    0 1854          - 5381.59231      -     -  129s
     0     0 5383.65702    0 1811          - 5383.65702      -     -  130s
     0     0 5383.98060    0 1809          - 5383.98060      -     -  131s
     0     0 5384.03332    0 1834          - 5384.03332      -     -  132s
     0     0 5386.32662    0 1810          - 5386.32662      -     -  133s
     0     0 5386.50439    0 1867          - 5386.50439      -     -  134s
     0     0 5388.52342    0 1768          - 5388.52342      -     -  136s
     0     0 5388.91097    0 1800          - 5388.91097      -     -  136s
     0     0 5388.95104    0 1864          - 5388.95104      -     -  137s
     0     0 5389.92037    0 1782          - 5389.92037      -     -  138s
     0     0 5390.07896    0 1838          - 5390.07896      -     -  139s
     0     0 5391.80754    0 1767          - 5391.80754      -     -  140s
     0     0 5391.80937    0 1750          - 5391.80937      -     -  141s
     0     2 5391.81371    0 1742          - 5391.81371      -     -  147s
     1     5 5393.01761    1 1739          - 5392.24736      -  1342  154s
     3     8 5394.08620    2 1656          - 5393.03276      -  3196  159s
     7    16 5397.44920    3 1752          - 5395.08620      -  2679  168s
    15    32 5398.30359    4 1708          - 5397.60471      -  2980  173s
    31    64 5398.66402    5 1747          - 5398.31007      -  2797  179s
    63    96 5399.25374    6 1727          - 5399.25374      -  2389  181s
    95   160 5400.19116    7 1704          - 5399.26974      -  1848  203s
   159   281 5405.17405    9 1703          - 5399.26974      -  1448  208s
   280   381 5406.67405   10 1700          - 5399.26974      -  1107  212s
   380   450 5410.31223   15 1646          - 5399.26974      -   974  221s
   449   519 5412.34505   16 1643          - 5399.26974      -   960  228s
   518   600 5413.68480   19 1645          - 5399.26974      -   955  236s
   601   667 5415.04376   22 1700          - 5399.26974      -   938  241s
   670   737 5415.52790   24 1717          - 5399.26974      -   939  247s
   740   798 5578.37507   23 1557          - 5399.26974      -   959  256s
   801   865 5422.20090   25 1802          - 5399.26974      -   974  265s
   868   929 5416.48957   26 1661          - 5399.26974      -   979  271s
   934   998 5420.35227   28 1728          - 5399.26974      -   987  278s
  1003  1054 5460.84211   29 1649          - 5399.26974      -  1018  283s
  1059  1122 5425.15611   30 1742          - 5399.26974      -  1055  290s
  1127  1203 5426.94134   32 1724          - 5399.26974      -  1060  295s
  1208  1292 5427.24398   35 1716          - 5399.26974      -  1047  302s
  1297  1379 5497.09810   37 1652          - 5399.26974      -  1046  312s
  1386  1487 5429.29492   38 1725          - 5399.26974      -  1049  319s
  1445  1487 5570.55555   34 1556          - 5399.26974      -  1035  320s
  1494  1576 5433.14806   41 1708          - 5399.26974      -  1032  325s
  1585  1672 5439.98547   42 1741          - 5399.26974      -  1031  331s
  1683  1764 5433.71037   42 1665          - 5399.26974      -  1027  337s
  1783  1842 5438.20747   44 1641          - 5399.26974      -  1028  345s
  1891  1913 5440.86357   47 1682          - 5399.26974      -  1037  351s
  1972  2000 5442.22634   48 1654          - 5399.26974      -  1058  358s
  2063  2099 5443.90241   54 1629          - 5399.26974      -  1085  364s
  2164  2225 5446.54101   58 1561          - 5399.26974      -  1092  371s
  2292  2370 5447.97408   61 1633          - 5399.26974      -  1089  379s
  2437  2522 5448.34729   64 1594          - 5399.26974      -  1081  386s
  2589  2725 5450.23328   71 1590          - 5399.26974      -  1072  392s
  2792  2924 5454.81958   76 1563          - 5399.26974      -  1044  402s
  2991  3125 5457.92118   80 1637          - 5399.26974      -  1023  409s
  3192  3330 5716.38891   81 1465          - 5399.26974      -  1008  415s
  3397  3622 5460.92699   81 1609          - 5399.26974      -   991  422s
  3697  3870 5469.31821   91 1541          - 5399.26974      -   954  430s
  3961  4132 5474.74720   94 1480          - 5399.26974      -   934  438s
  4225  4441 5476.60073  100 1576          - 5399.26974      -   917  448s
  4540  4746 5478.38061  101 1537          - 5399.26974      -   894  457s
  4855  5105 5482.66066  106 1516          - 5399.26974      -   874  464s
  5234  5484 5483.17478  107 1528          - 5399.26974      -   847  474s
  5615  5826 5485.74634  114 1482          - 5399.26974      -   825  483s
  5963  6133 5492.57931  126 1470          - 5399.26974      -   812  506s
  6276  6541 5499.86224  131 1509          - 5399.26974      -   805  516s
  6700  6847 5511.69821  138 1510          - 5399.26974      -   788  526s
  7030  7174 5520.14012  142 1466          - 5399.26974      -   786  537s
  7378  7600 5532.99552  143 1456          - 5399.26974      -   785  550s
  7818  8070 5536.96327  151 1545          - 5399.26974      -   775  561s
  8300  8573 5543.78432  160 1511          - 5399.26974      -   763  571s
  8863  9058 5550.39713  176 1530          - 5399.26974      -   746  584s
  9419  9556 5556.98605  178 1547          - 5399.26974      -   734  596s
  9961  9873 5573.32931  193 1465          - 5399.26974      -   725  626s
 10308 10455 5570.88456  200 1395          - 5399.26974      -   724  640s
 10942 10934 5580.71414  227 1455          - 5399.26974      -   712  654s
 11480 11529 5584.31302  230 1589          - 5399.26974      -   710  668s
 12148 12048 infeasible  251               - 5399.26974      -   700  686s
 12808 12583 5605.89814  265 1481          - 5399.26974      -   693  703s
 13471 13111 5808.39693  286 1527          - 5399.26974      -   688  724s
 14097 13638 5827.30725  328 1522          - 5399.26974      -   686  742s
 14731 13639 5854.97312  171 13166          - 5399.26974      -   685  784s
 14733 13640 7199.89139  481  901          - 5399.26974      -   685  793s
 14734 13641 5805.40384   22 1043          - 5399.26974      -   685  795s
 14736 13642 6031.14788  236 1323          - 5399.26974      -   685  802s
 14737 13643 6049.90988  125 1470          - 5399.26974      -   685  807s
 14738 13644 5802.21631  167 1471          - 5399.26974      -   685  812s
 14739 13644 5892.60059  209 1534          - 5399.26974      -   685  817s
 14740 13645 5587.47171   14 1655          - 5399.26974      -   685  821s
 14742 13646 5730.63150   91 1666          - 5399.26974      -   685  828s
 14743 13647 5664.00228   12 1703          - 5399.26974      -   685  831s
 14745 13648 6175.79276  102 1783          - 5399.26974      -   684  835s
 14748 13650 6123.16948  144 1871          - 5400.50807      -   684  840s
 14756 13656 6035.61420  160 1717          - 5488.10639      -   684  853s
 14757 13656 5779.15227  110 1649          - 5532.27472      -   684  860s
 14758 13657 5836.99783  151 1645          - 5543.18628      -   684  865s
 14761 13659 5762.99639  132 1748          - 5547.94641      -   684  870s
 14767 13663 5948.37671  303 1709          - 5615.77808      -   683  885s
 14768 13664 5659.24427   73 1879          - 5632.71976      -   683  890s
 14770 13665 5690.69569   50 1962          - 5638.06763      -   683  896s
 14775 13668 5727.33257   86 1885          - 5639.46586      -   683  900s
 14780 13672 6408.18154  182 1842          - 5702.60137      -   683  913s
 14781 13672 6190.87031  285 1884          - 5713.63141      -   683  919s
 14782 13673 5838.38868  176 1967          - 5716.56256      -   683  922s
 14784 13674 5717.38220  139 2059          - 5717.38220      -   683  925s
 14788 13677 6801.94106  310 2016          - 5775.51050      -   682  939s
 14789 13678 5817.19031  176 2132          - 5787.74214      -   682  946s
 14790 13678 6021.38300  268 2007          - 5790.16330      -   682  950s
 14796 13682 6063.05611  186 2158          - 5791.08278      -   682  956s
 14797 13683 5834.64792   34 1970          - 5834.64792      -   682  966s
 14798 13684 5846.50390   35 2090          - 5846.50390      -   682  973s
 14799 13684 6157.24033  233 1927          - 5849.96380      -   682  976s
 14804 13688 5850.56895  135 1988          - 5850.56895      -   682  980s
 14806 13689 5901.00534   34 1969          - 5901.00534      -   682  994s
 14807 13690 5911.25048   30 2097          - 5911.25048      -   682 1001s
 14808 13690 6795.67262  488 2085          - 5914.12250      -   682 1005s
 14811 13692 5915.88927  147 1989          - 5915.88927      -   681 1010s
 14815 13695 7163.41773  467 1877          - 5954.36431      -   681 1022s
 14816 13696 6007.65263  183 1954          - 5964.14736      -   681 1029s
 14817 13696 6061.89001  125 2047          - 5967.39011      -   681 1033s
 14818 13697 6706.89357  428 2055          - 5968.49000      -   681 1036s
 14823 13700 6088.91590  229 1979          - 5969.02917      -   681 1041s
 14824 13701 6328.50227  308 2085          - 6006.57579      -   681 1055s
 14825 13702 6014.04846   33 2011          - 6014.04846      -   681 1063s
 14826 13702 6124.25296  165 2137          - 6017.45906      -   681 1068s
 14827 13703 6018.25725   45 2166          - 6018.25725      -   681 1070s
 14832 13706 6018.61146  159 2243          - 6018.61146      -   680 1076s
 14833 13707 7199.89139  481 2092          - 6045.28491      -   680 1086s
 14834 13708 6055.42155   22 2284          - 6055.42155      -   680 1096s
 14835 13708 6057.89426   58 2177          - 6057.89426      -   680 1100s
 14840 13712 6058.65956   14 2317          - 6058.65956      -   680 1107s
 14841 13712 6357.13747  315 2166          - 6085.51313      -   680 1118s
 14842 13713 6089.88870   91 2299          - 6089.88870      -   680 1124s
 14843 13714 6091.62633   12 2391          - 6091.62633      -   680 1127s
 14846 13716 6092.07042   43 2392          - 6092.07042      -   680 1130s
 14850 13718 6114.67419  110 2276          - 6114.67419      -   680 1145s
 14851 13719 6120.96677   92 2246          - 6120.96677      -   680 1153s
 14852 13720 6122.11738  100 2327          - 6122.11738      -   680 1155s
 14859 13724 6140.54915  146 2399          - 6122.55509      -   679 1160s
 14861 13726 6140.04514  132 2138          - 6140.04514      -   679 1173s
 14862 13726 6145.99969  202 2206          - 6145.99969      -   679 1180s
 14864 13728 6147.89742  177 2191          - 6147.89742      -   679 1185s
 14870 13732 6148.02382   50 2232          - 6148.02382      -   679 1190s
 14871 13732 6167.79488  128 2225          - 6167.79488      -   679 1201s
 14872 13733 6332.97401  292 2283          - 6172.90310      -   679 1209s
 14873 13734 6174.32509   62 2289          - 6174.32509      -   679 1212s
 14875 13735 6174.63150   86 2338          - 6174.63150      -   678 1215s
 14880 13738 6408.18154  182 2236          - 6190.04687      -   678 1230s
 14881 13739 6194.72837  285 2316          - 6194.72837      -   678 1236s
 14883 13740 6196.26970  173 2311          - 6196.26970      -   678 1241s
 14888 13744 6801.94106  310 2389          - 6196.51100      -   678 1248s
 14889 13744 6209.91975  176 2487          - 6209.91975      -   678 1260s
 14890 13745 6213.00842  268 2467          - 6213.00842      -   678 1267s
 14892 13746 6213.84599  202 2459          - 6213.84599      -   678 1270s
 14896 13749 6213.92723  186 2493          - 6213.92723      -   678 1277s
 14897 13750 6230.08139   34 2226          - 6230.08139      -   677 1289s
 14898 13750 6236.05852   35 2401          - 6236.05852      -   677 1296s
 14899 13751 6237.83324  233 2322          - 6237.83324      -   677 1300s
 14903 13754 6400.69861  263 2399          - 6239.43192      -   677 1305s
 14909 13758 6253.59478  113 2429          - 6253.59478      -   677 1318s
 14910 13758 6257.82380  147 2389          - 6257.82380      -   677 1325s
 14912 13760 6366.62078  273 2511          - 6259.82246      -   677 1331s
 14918 13764 6706.89357  428 2259          - 6275.11079      -   677 1343s
 14919 13764 6278.24042   29 2411          - 6278.24042      -   676 1348s
 14920 13765 6279.70725   70 2489          - 6279.70725      -   676 1351s
 14923 13767 6280.64367  229 2386          - 6280.64367      -   676 1355s
 14930 13772 6291.78889   91 2189          - 6291.78889      -   676 1367s
 14931 13772 6294.39788  171 2428          - 6294.39788      -   676 1372s
 14933 13774 7199.89139  481 2374          - 6295.35856      -   676 1375s
 14939 13778 6304.20768  209 2421          - 6304.20768      -   676 1386s
 14940 13778 6306.85761   14 2429          - 6306.85761      -   676 1390s
 14945 13782 6307.81444  102 2491          - 6307.81444      -   675 1395s
 14947 13783 6626.53122  456 2324          - 6315.71665      -   675 1404s
 14948 13784 6317.82670  144 2511          - 6317.82670      -   675 1409s
 14949 13784 6318.52235  211 2443          - 6318.52235      -   675 1411s
 14954 13788 6319.00284   20 2417          - 6319.00284      -   675 1416s
 14955 13788 6329.87980   53 2459          - 6329.87980      -   675 1425s
 14956 13789 6333.14768  160 2723          - 6333.14768      -   675 1431s
 14958 13790 6334.34170  151 2732          - 6334.34170      -   675 1436s
 14963 13794 6334.70460  191 2739          - 6334.70460      -   675 1440s
 14965 13795 6342.67488  271 2596          - 6342.67488      -   674 1450s
 14966 13796 6345.80450  112 2651          - 6345.80450      -   674 1457s
 14967 13796 6347.22352  303 2764          - 6347.22352      -   674 1461s
 14969 13798 6348.01091   23 2677          - 6348.01091      -   674 1465s
 14974 13801 6357.26274  221 2508          - 6357.26274      -   674 1479s
 14975 13802 6359.33815   86 2633          - 6359.33815      -   674 1484s
 14976 13802 6360.00755  237 2662          - 6360.00755      -   674 1487s
 14978 13804 6360.27777  176 2761          - 6360.27777      -   674 1490s
 14985 13808 6371.15900   24 2621          - 6371.15900      -   674 1506s
 14986 13809 6402.42189  178 2635          - 6372.81002      -   673 1511s
 14988 13810 6801.94106  310 2593          - 6373.85813      -   673 1515s
 14997 13816 6373.95733   34 2700          - 6373.95733      -   673 1520s
 14998 13817 6379.09116   35 2469          - 6379.09116      -   673 1528s
 14999 13818 6380.15261  233 2514          - 6380.15261      -   673 1533s
 15000 13818 6380.48218  146 2602          - 6380.48218      -   673 1535s
 15007 13823 6392.12698   30 2719          - 6392.12698      -   673 1552s
 15008 13824 6795.67262  488 2807          - 6394.79710      -   672 1558s
 15009 13824 6395.33889  113 2837          - 6395.33889      -   672 1560s
 15014 13828 6395.65845  234 2999          - 6395.65845      -   672 1565s
 15015 13828 7163.41773  467 2843          - 6402.17663      -   672 1575s
 15016 13829 6404.35990  183 2900          - 6404.35990      -   672 1580s
 15018 13830 6706.89357  428 2823          - 6405.61378      -   672 1585s
 15024 13834 6405.76836  308 2940          - 6405.76836      -   672 1590s
 15025 13835 6415.41166   33 2720          - 6415.41166      -   672 1601s
 15026 13836 6418.21067  165 2770          - 6418.21067      -   672 1608s
 15027 13836 6419.66201   45 2819          - 6419.66201      -   672 1613s
 15028 13837 6420.23785   87 2982          - 6420.23785      -   672 1616s
 15032 13840 6420.52733  159 3068          - 6420.52733      -   671 1620s
 15038 13844 6427.53665  167 2914          - 6427.53665      -   671 1633s
 15039 13844 6429.52414  209 2832          - 6429.52414      -   671 1639s
 15040 13845 6430.07298   14 2866          - 6430.07298      -   671 1643s
 15042 13846 6430.38334   91 2851          - 6430.38334      -   671 1645s
 15048 13850 6436.25175  144 2863          - 6436.25175      -   671 1658s
 15049 13851 6437.77452  211 2778          - 6437.77452      -   671 1662s
 15050 13852 6438.67373  110 2974          - 6438.67373      -   671 1666s
 15054 13854 6439.09664   20 3013          - 6439.09664      -   670 1670s
 15059 13858 6447.09890  146 2725          - 6447.09890      -   670 1683s
 15060 13858 6448.93503   74 2916          - 6448.93503      -   670 1688s
 15061 13859 6449.42610  132 3121          - 6449.42610      -   670 1691s
 15065 13862 6449.65643  271 3086          - 6449.65643      -   670 1695s
 15070 13865 6456.66895   50 2919          - 6456.66895      -   670 1707s
 15071 13866 6459.48506  128 2848          - 6459.48506      -   670 1715s
 15072 13866 6460.87251  292 2955          - 6460.87251      -   670 1720s
 15075 13868 6461.71536   86 3072          - 6461.71536      -   669 1725s
 15078 13870 6469.91461  176 2785          - 6469.91461      -   669 1737s
 15079 13871 6471.70472  331 2846          - 6471.70472      -   669 1743s
 15080 13872 6472.49434  182 2811          - 6472.49434      -   669 1746s
 15083 13874 6472.86715  173 2948          - 6472.86715      -   669 1750s
 15088 13877 6801.94106  310 2890          - 6481.32981      -   669 1763s
 15089 13878 6484.25565  176 2736          - 6484.25565      -   669 1770s
 15091 13879 6485.27259  424 2852          - 6485.27259      -   669 1775s
 15096 13882 6491.87703  186 2648          - 6491.87703      -   669 1788s
 15097 13883 6492.98969   34 3005          - 6492.98969      -   669 1792s
 15098 13884 6493.50777   35 2918          - 6493.50777      -   668 1795s
 15105 13888 6498.67704  154 2958          - 6498.67704      -   668 1807s
 15106 13889 6499.75672   34 2935          - 6499.75672      -   668 1811s
 15107 13890 6500.62858   30 2914          - 6500.62858      -   668 1815s
 15111 13892 6501.26720  147 2845          - 6501.26720      -   668 1820s
 15116 13896 6507.43578  183 2872          - 6507.43578      -   668 1832s
 15117 13896 6509.47215  125 2867          - 6509.47215      -   668 1838s
 15118 13897 6706.89357  428 2999          - 6510.96563      -   668 1842s
 15119 13898 6511.30559   29 2991          - 6511.30559      -   668 1845s
 15125 13902 6521.75518   33 2805          - 6521.75518      -   667 1863s
 15126 13902 6523.05394  165 2951          - 6523.05394      -   667 1868s
 15127 13903 6524.23455   45 3018          - 6524.23455      -   667 1872s
 15129 13904 6524.74951  126 3006          - 6524.74951      -   667 1876s
 15135 13908 6530.98803   58 2826          - 6530.98803      -   667 1888s
 15136 13909 6532.94128  236 2918          - 6532.94128      -   667 1894s
 15137 13910 6533.78601  125 2969          - 6533.78601      -   667 1897s
 15139 13911 6533.98669  209 2963          - 6533.98669      -   667 1900s
 15144 13914 6539.81470   20 2812          - 6539.81470      -   666 1912s
 15145 13915 6541.25401  102 2979          - 6541.25401      -   666 1918s
 15146 13916 6541.81296   43 2955          - 6541.81296      -   666 1921s
 15151 13919 6542.01071   92 2999          - 6542.01071      -   666 1925s
 15154 13921 6546.73639   20 2927          - 6546.73639      -   666 1935s
 15156 13922 6548.22755  160 2999          - 6548.22755      -   666 1941s
 15159 13924 6548.67443  146 3114          - 6548.67443      -   666 1945s
 15164 13928 6555.20948  177 2971          - 6555.20948      -   666 1958s
 15165 13928 6557.25079  271 3084          - 6557.25079      -   666 1965s
 15167 13930 6558.45891  303 3244          - 6558.45891      -   665 1971s
 15172 13933 6558.65579  292 3177          - 6558.65579      -   665 1975s
 15175 13935 6563.06233   86 2890          - 6563.06233      -   665 1985s
 15176 13936 6564.60321  237 3041          - 6564.60321      -   665 1990s
 15178 13937 6565.31267  176 3128          - 6565.31267      -   665 1995s
 15185 13942 6570.80784   24 3083          - 6570.80784      -   665 2008s
 15186 13942 6572.66237  178 3300          - 6572.66237      -   665 2014s
 15187 13943 6573.13699  194 3113          - 6573.13699      -   665 2017s
 15189 13944 6573.44142  176 3372          - 6573.44142      -   664 2020s
 15194 13948 6577.06284   36 3150          - 6577.06284      -   664 2030s
 15196 13949 6578.79126  186 3444          - 6578.79126      -   664 2037s
 15200 13952 6579.00225  146 3495          - 6579.00225      -   664 2040s
 15203 13954 6584.80085  263 3129          - 6584.80085      -   664 2051s
 15204 13954 6586.25806  135 3239          - 6586.25806      -   664 2057s
 15205 13955 6586.74607  154 3283          - 6586.74607      -   664 2060s
 15212 13960 6586.89545  273 3242          - 6586.89545      -   663 2065s
 15213 13960 6590.62479  239 3045          - 6590.62479      -   663 2075s
 15214 13961 6591.64035  234 3099          - 6591.64035      -   663 2080s
 15216 13962 6592.65994  183 3109          - 6592.65994      -   663 2086s
 15223 13967 6592.73791  229 3304          - 6592.73791      -   663 2090s
 15224 13968 6598.14271  308 3107          - 6598.14271      -   663 2101s
 15225 13968 6599.61448   33 3099          - 6599.61448      -   663 2107s
 15226 13969 6600.05770  165 3260          - 6600.05770      -   663 2110s
 15228 13970 6600.71051   87 3346          - 6600.71051      -   663 2115s
 15234 13974 6604.37333   22 3132          - 6604.37333      -   663 2126s
 15235 13975 6605.56929   58 3199          - 6605.56929      -   662 2131s
 15237 13976 6606.45491  125 3334          - 6606.45491      -   662 2137s
 15241 13979 6606.55478  315 3400          - 6606.55478      -   662 2140s
 15242 13980 6610.32388   91 3108          - 6610.32388      -   662 2148s
 15243 13980 6611.25395   12 3142          - 6611.25395      -   662 2153s
 15244 13981 6611.54103   20 3255          - 6611.54103      -   662 2156s
 15247 13983 6626.53122  456 3348          - 6611.76340      -   662 2160s
 15251 13986 6616.53829   92 3094          - 6616.53829      -   662 2172s
 15252 13986 6618.04325  100 3119          - 6618.04325      -   662 2177s
 15253 13987 6618.51743   96 3297          - 6618.51743      -   662 2180s
 15256 13989 6618.92389  160 3439          - 6618.92389      -   662 2185s
H15260 13283                    10901.000000 6625.61234  39.2%   661 2200s
H15260 12610                    10898.000000 6625.61234  39.2%   661 2200s
H15260 11971                    10897.000000 6625.61234  39.2%   661 2200s
H15260 11363                    10862.000000 6625.61234  39.0%   661 2200s
H15260 10786                    10861.000000 6625.61234  39.0%   661 2200s
H15260 10238                    10816.000000 6625.61234  38.7%   661 2200s
H15260  9718                    10810.000000 6625.61267  38.7%   661 2201s
H15260  9223                    10700.000000 6625.61267  38.1%   661 2201s
H15260  8753                    10593.000000 6625.61267  37.5%   661 2201s
H15260  8306                    10573.000000 6625.61267  37.3%   661 2201s
H15260  7882                    10564.000000 6625.61267  37.3%   661 2201s
H15260  7479                    10540.000000 6625.61267  37.1%   661 2202s
H15260  7097                    10449.000000 6625.61267  36.6%   661 2202s
H15260  6733                    10434.000000 6625.61267  36.5%   661 2202s
H15260  6387                    10377.000000 6625.61267  36.2%   661 2202s
H15260  6059                    10361.000000 6625.61267  36.1%   661 2203s
H15260  5747                    10356.000000 6625.61267  36.0%   661 2203s
H15260  5451                    10309.000000 6625.61267  35.7%   661 2203s
H15260  5170                    10301.000000 6625.61267  35.7%   661 2203s
H15260  4903                    10287.000000 6625.61267  35.6%   661 2203s
H15260  4649                    10201.000000 6625.61267  35.0%   661 2203s
H15260  4407                    10147.000000 6625.61267  34.7%   661 2203s
H15260  4178                    10140.000000 6625.61267  34.7%   661 2204s
H15260  3960                    10122.000000 6625.61267  34.5%   661 2204s
H15260  3754                    10118.000000 6625.61267  34.5%   661 2204s
H15260  3557                    10107.000000 6625.61267  34.4%   661 2204s
H15260  3370                    10104.000000 6625.61267  34.4%   661 2204s
H15260  3193                    10085.000000 6625.61267  34.3%   661 2204s
H15260  3025                    9987.0000000 6625.61267  33.7%   661 2204s
H15260  2865                    9946.0000000 6625.61267  33.4%   661 2204s
 15262  2866 6627.66437  202 3165 9946.00000 6627.66437  33.4%   661 2211s
 15263  2867 6628.84961  191 3317 9946.00000 6628.84961  33.4%   661 2216s
 15264  2867 6629.57513  177 3305 9946.00000 6629.57513  33.3%   661 2221s
 15267  2869 6629.91213  303 3377 9946.00000 6629.91213  33.3%   661 2225s
H15273  2720                    9935.0000000 6637.13719  33.2%   661 2243s
H15273  2575                    9925.0000000 6637.13719  33.1%   661 2243s
H15273  2437                    9888.0000000 6637.13719  32.9%   661 2243s
H15273  2306                    9876.0000000 6637.13719  32.8%   661 2243s
 15275  2308 6640.40637   86 3355 9876.00000 6640.40637  32.8%   661 2252s
 15276  2308 6641.32614  237 3431 9876.00000 6641.32614  32.8%   661 2256s
 15278  2310 6641.86920  176 3466 9876.00000 6641.86920  32.7%   661 2261s
 15284  2314 6641.98545  139 3501 9876.00000 6641.98545  32.7%   660 2266s
H15284  2189                    9799.0000000 6648.46683  32.2%   660 2279s
H15284  2070                    9783.0000000 6648.46683  32.0%   660 2279s
 15286  2071 6650.15983  178 3361 9783.00000 6650.15983  32.0%   660 2286s
 15287  2072 6651.36114  194 3446 9783.00000 6651.36114  32.0%   660 2291s
 15289  2073 6651.77725  176 3502 9783.00000 6651.77725  32.0%   660 2295s
 15294  2076 6651.89316   36 3720 9783.00000 6651.89316  32.0%   660 2300s
H15294  1963                    9779.0000000 6656.51977  31.9%   660 2313s
H15294  1856                    9770.0000000 6656.51977  31.9%   660 2313s
 15296  1858 6657.34276  186 3459 9770.00000 6657.34276  31.9%   660 2319s
 15297  1858 6657.79689   34 3489 9770.00000 6657.79689  31.9%   660 2323s
 15298  1859 6657.97596   35 3592 9770.00000 6657.97596  31.9%   660 2325s
 15304  1863 6658.15376  135 3640 9770.00000 6658.15376  31.9%   659 2331s
H15304  1760                    9744.0000000 6662.78876  31.6%   659 2342s
H15304  1662                    9741.0000000 6662.78876  31.6%   659 2342s
 15306  1663 6664.05401   34 3340 9741.00000 6664.05401  31.6%   659 2347s
 15307  1664 6664.68888   30 3422 9741.00000 6664.68888  31.6%   659 2351s
 15309  1665 6665.02610  113 3511 9741.00000 6665.02610  31.6%   659 2355s
H15313  1575                    9638.0000000 6670.19356  30.8%   659 2369s
H15313  1487                    9629.0000000 6670.19356  30.7%   659 2369s
 15315  1488 7163.41773  467 3676 9629.00000 6671.36120  30.7%   659 2375s
 15317  1490 6672.57014  125 3645 9629.00000 6672.57014  30.7%   659 2383s
 15318  1490 6706.89357  428 3820 9629.00000 6672.77038  30.7%   659 2385s
 15323  1494 6672.87220  229 3853 9629.00000 6672.87220  30.7%   659 2390s
H15323  1409                    9627.0000000 6677.09564  30.6%   659 2403s
H15323  1329                    9620.0000000 6677.09564  30.6%   659 2405s
H15323  1252                    9611.0000000 6677.09564  30.5%   659 2405s
H15323  1180                    9559.0000000 6677.09564  30.1%   659 2405s
H15323  1111                    9558.0000000 6677.09564  30.1%   659 2405s
H15323  1046                    9550.0000000 6677.09564  30.1%   659 2405s
H15323   984                    9504.0000000 6677.09564  29.7%   659 2405s
H15323   924                    9499.0000000 6677.09564  29.7%   659 2407s
H15323   868                    9496.0000000 6677.09564  29.7%   659 2407s
 15325   869 6678.28625   33 3454 9496.00000 6678.28625  29.7%   659 2413s
 15326   870 6678.82429  165 3523 9496.00000 6678.82429  29.7%   659 2417s
 15327   870 6679.01065   45 3472 9496.00000 6679.01065  29.7%   658 2420s
 15333   874 7199.89139  481 3620 9496.00000 6679.19645  29.7%   658 2426s
H15333   821                    9488.0000000 6684.44676  29.5%   658 2438s
H15333   769                    9484.0000000 6684.44676  29.5%   658 2438s
 15335   771 6685.93662   58 3226 9484.00000 6685.93662  29.5%   658 2443s
 15336   771 6686.42541  236 3471 9484.00000 6686.42541  29.5%   658 2447s
 15338   773 6686.68698  167 3489 9484.00000 6686.68698  29.5%   658 2450s
H15343   727                    9483.0000000 6691.04868  29.4%   658 2463s
H15343   681                    9453.0000000 6691.04868  29.2%   658 2463s
H15343   637                    9440.0000000 6691.04868  29.1%   658 2463s
H15343   595                    9421.0000000 6691.04868  29.0%   658 2463s
H15344   556                    9359.0000000 6692.25431  28.5%   658 2470s
H15344   518                    9358.0000000 6692.25431  28.5%   658 2470s
H15344   481                    9357.0000000 6692.25431  28.5%   658 2470s
H15344   447                    9349.0000000 6692.25431  28.4%   658 2470s
H15345   414                    9338.0000000 6692.78662  28.3%   658 2474s
H15345   383                    9316.0000000 6692.78662  28.2%   658 2474s
 15347   385 6692.86818  456 3425 9316.00000 6692.86818  28.2%   658 2476s
H15352   359                    9282.0000000 6692.93405  27.9%   657 2481s
H15353   331                    9278.0000000 6696.99187  27.8%   657 2492s
H15353   304                    9273.0000000 6696.99187  27.8%   657 2492s
H15353   279                    9264.0000000 6696.99187  27.7%   657 2492s
H15353   254                    9206.0000000 6696.99187  27.3%   657 2492s
H15353   231                    9202.0000000 6696.99187  27.2%   657 2492s
H15353   209                    9201.0000000 6696.99187  27.2%   657 2492s
H15353   189                    9199.0000000 6696.99187  27.2%   657 2492s
H15353   169                    9194.0000000 6696.99187  27.2%   657 2492s
 15355   170 6697.58973   53 3167 9194.00000 6697.58973  27.2%   657 2496s
 15357   171 6697.86199  110 3312 9194.00000 6697.86199  27.1%   657 2500s
 15361   174 6701.92420  132 3208 9194.00000 6701.92420  27.1%   657 2513s
 15362   175 6703.11403  202 3276 9194.00000 6703.11403  27.1%   657 2518s
 15363   175 6703.79622  191 3379 9194.00000 6703.79622  27.1%   657 2522s
 15365   177 6704.09229  271 3511 9194.00000 6704.09229  27.1%   657 2526s
 15372   181 6704.14253  292 3533 9194.00000 6704.14253  27.1%   657 2530s
 15373   182 6707.29646   62 3333 9194.00000 6707.29646  27.0%   657 2540s
 15374   183 6708.69759  221 3315 9194.00000 6708.69759  27.0%   656 2545s
 15375   183 6709.47784   86 3645 9194.00000 6709.47784  27.0%   656 2551s
 15377   185 6710.00086  217 3624 9194.00000 6710.00086  27.0%   656 2556s
 15380   187 6710.15307  182 3730 9194.00000 6710.15307  27.0%   656 2560s
H15385   169                    9193.0000000 6713.10522  27.0%   656 2575s
H15385   150                    9185.0000000 6713.10522  26.9%   656 2576s
H15385   132                    9181.0000000 6713.10522  26.9%   656 2576s
H15385   114                    9173.0000000 6713.10522  26.8%   656 2577s
H15385    97                    9125.0000000 6713.10522  26.4%   656 2579s
H15385    82                    9123.0000000 6713.10522  26.4%   656 2579s
H15385    67                    9110.0000000 6713.10522  26.3%   656 2581s
H15385    52                    9106.0000000 6713.10522  26.3%   656 2581s
 15387    53 6713.96813  194 3558 9106.00000 6713.96813  26.3%   656 2586s
 15388    54 6801.94106  310 3606 9106.00000 6714.33857  26.3%   656 2590s
 15391    56 6714.66046  424 3714 9106.00000 6714.66046  26.3%   656 2595s
H15396    45                    9082.0000000 6720.37794  26.0%   656 2609s
 15398    47 6721.81928   35 3448 9082.00000 6721.81928  26.0%   655 2615s
 15400    48 6722.57090  146 3549 9082.00000 6722.57090  26.0%   655 2621s
 15406    52 6722.71541   34 3693 9082.00000 6722.71541  26.0%   655 2625s
H15407    39                    9067.0000000 6725.49692  25.8%   655 2635s
H15407    26                    9044.0000000 6725.49692  25.6%   655 2635s
H15407    14                    9043.0000000 6725.49692  25.6%   655 2635s
H15407     2                    9033.0000000 6725.49692  25.5%   655 2635s
 15409     3 6726.45110  113 3445 9033.00000 6726.45110  25.5%   655 2641s
 15411     4 6726.87363  147 3527 9033.00000 6726.87363  25.5%   655 2646s
 15417     8 6726.99699  125 3678 9033.00000 6726.99699  25.5%   655 2650s
H15419     0                    9025.0000000 6729.87929  25.4%   655 2661s
 15421     0 6730.99817  178 3580 9025.00000 6730.99817  25.4%   654 2665s
 15423     0 6731.80483  229 3716 9025.00000 6731.80483  25.4%   654 2672s
 15424     1 6731.95215  308 3729 9025.00000 6731.95215  25.4%   654 2675s
 15430     5 6732.10351   91 3773 9025.00000 6732.10351  25.4%   654 2680s
H15433     0                    9023.0000000 6735.35116  25.4%   654 2700s
H15433     0                    9019.0000000 6735.35116  25.3%   654 2700s
H15433     0                    9018.0000000 6735.35116  25.3%   654 2702s
H15433     0                    9017.0000000 6735.35116  25.3%   654 2703s
H15433     0                    9016.0000000 6735.35116  25.3%   654 2703s
 15435     0 6736.68673   58 3704 9016.00000 6736.68673  25.3%   654 2711s
 15437     0 6737.14169  125 3755 9016.00000 6737.14169  25.3%   654 2715s
H15442     0                    9014.0000000 6740.30638  25.2%   654 2730s
H15442     0                    8999.0000000 6740.31712  25.1%   654 2730s
H15442     0                    8988.0000000 6740.31712  25.0%   654 2730s
H15442     0                    8976.0000000 6740.31712  24.9%   654 2730s
 15444     0 6741.31481   20 3537 8976.00000 6741.31481  24.9%   653 2736s
 15446     0 6741.74214   43 3665 8976.00000 6741.74214  24.9%   653 2740s
H15451     0                    8970.0000000 6744.89680  24.8%   653 2752s
H15451     0                    8964.0000000 6744.89680  24.8%   653 2753s
H15451     0                    8962.0000000 6744.89680  24.7%   653 2753s
H15451     0                    8956.0000000 6744.89680  24.7%   653 2753s
 15453     0 6745.79136   96 3504 8956.00000 6745.79136  24.7%   653 2758s
 15454     0 6746.00046   20 3601 8956.00000 6746.00046  24.7%   653 2760s
 15457     0 6746.28104  110 3646 8956.00000 6746.28104  24.7%   653 2766s
 15467     0 6746.30522  303 3716 8956.00000 6746.30522  24.7%   653 2770s
H15467     0                    8951.0000000 6748.58476  24.6%   653 2779s
 15469     0 6749.43655   23 3583 8951.00000 6749.43655  24.6%   652 2784s
 15470     0 6749.69665   50 3764 8951.00000 6749.69665  24.6%   652 2786s
 15475     0 6749.84842   86 4059 8951.00000 6749.84842  24.6%   652 2790s
H15477     0                    8939.0000000 6751.61738  24.5%   652 2806s
H15477     0                    8935.0000000 6751.61738  24.4%   652 2818s
H15477     0                    8932.0000000 6751.61738  24.4%   652 2872s
H15477     0                    8926.0000000 6751.61738  24.4%   652 2881s
H15477     0                    8917.0000000 6751.61738  24.3%   652 2894s
 15478     0 6751.61738  176 3857 8917.00000 6751.61738  24.3%   652 2898s
 15479     0 6752.35756  331 3976 8917.00000 6752.35756  24.3%   652 2903s
 15480     0 6753.11419  182 3945 8917.00000 6753.11419  24.3%   652 2907s
 15482     0 6753.28186  176 4053 8917.00000 6753.28186  24.3%   652 2911s
H15488     0                    8915.0000000 6755.40195  24.2%   652 2923s
 15490     0 6756.07631  268 3660 8915.00000 6756.07631  24.2%   652 2927s
 15491     0 6756.31460  424 3960 8915.00000 6756.31460  24.2%   652 2930s
 15497     0 6756.49047   34 4136 8915.00000 6756.49047  24.2%   651 2936s
 15498     0 6758.87845   35 3796 8915.00000 6758.87845  24.2%   651 2944s
 15499     0 6759.46093  233 3782 8915.00000 6759.46093  24.2%   651 2949s
 15500     0 6759.83193  146 3723 8915.00000 6759.83193  24.2%   651 2952s
 15502     0 6759.99679  173 3922 8915.00000 6759.99679  24.2%   651 2955s
 15506     0 6762.89593   34 3670 8915.00000 6762.89593  24.1%   651 2968s
 15507     0 6763.48026   30 3570 8915.00000 6763.48026  24.1%   651 2971s
 15509     0 6763.77182  113 3695 8915.00000 6763.77182  24.1%   651 2976s
 15513     0 6763.83830  239 3724 8915.00000 6763.83830  24.1%   651 2980s
 15517     0 6766.24050  125 3722 8915.00000 6766.24050  24.1%   650 2992s
 15518     0 6766.82402  428 3658 8915.00000 6766.82402  24.1%   650 2997s
 15519     0 6767.25516   29 3779 8915.00000 6767.25516  24.1%   650 3001s
 15521     0 6767.51638  178 3818 8915.00000 6767.51638  24.1%   650 3006s
 15527     0 6767.54620   45 3963 8915.00000 6767.54620  24.1%   650 3010s
 15528     0 6769.63562   87 3754 8915.00000 6769.63562  24.1%   650 3019s
 15529     0 6770.50266  126 3817 8915.00000 6770.50266  24.1%   650 3025s
 15531     0 6770.84075  171 4034 8915.00000 6770.84075  24.1%   650 3030s
 15537     0 6770.92787  125 4043 8915.00000 6770.92787  24.1%   650 3035s
 15538     0 6773.44842  167 3989 8915.00000 6773.44842  24.0%   650 3046s
 15539     0 6774.10768  209 3870 8915.00000 6774.10768  24.0%   650 3051s
 15540     0 6774.48488   14 4031 8915.00000 6774.48488  24.0%   649 3055s
 15543     0 6774.78699   12 4100 8915.00000 6774.78699  24.0%   649 3060s
 15547     0 6778.02118  456 3659 8915.00000 6778.02118  24.0%   649 3073s
 15548     0 6778.76401  144 3768 8915.00000 6778.76401  24.0%   649 3078s
 15549     0 6779.10129  211 3763 8915.00000 6779.10129  24.0%   649 3082s
 15550     0 6779.34375  110 3994 8915.00000 6779.34375  24.0%   649 3086s
 15555     0 6779.43149   53 4107 8915.00000 6779.43149  24.0%   649 3090s
 15557     0 6781.33572  110 3812 8915.00000 6781.33572  23.9%   649 3101s
 15559     0 6781.76932  146 3842 8915.00000 6781.76932  23.9%   649 3106s
 15562     0 6781.89568  202 3889 8915.00000 6781.89568  23.9%   649 3110s
H15565     0                    8910.0000000 6783.43220  23.9%   648 3122s
 15567     0 6784.13583  303 4045 8910.00000 6784.13583  23.9%   648 3127s
 15568     0 6784.30359   73 4018 8910.00000 6784.30359  23.9%   648 3130s
 15577     0 6784.43084  217 4206 8910.00000 6784.43084  23.9%   648 3136s
 15578     0 6786.29022  176 3768 8910.00000 6786.29022  23.8%   648 3144s
 15579     0 6786.87482  331 3921 8910.00000 6786.87482  23.8%   648 3149s
 15580     0 6787.02782  182 4062 8910.00000 6787.02782  23.8%   648 3152s
 15582     0 6787.16651  176 4022 8910.00000 6787.16651  23.8%   648 3156s
 15588     0 6801.94106  310 3862 8910.00000 6788.91528  23.8%   647 3168s
 15589     0 6789.81327  176 3910 8910.00000 6789.81327  23.8%   647 3174s
 15590     0 6790.16129  268 3913 8910.00000 6790.16129  23.8%   647 3178s
 15591     0 6790.24436  424 3894 8910.00000 6790.24436  23.8%   647 3180s
 15598     0 6790.30972   35 4094 8910.00000 6790.30972  23.8%   647 3186s
 15599     0 6791.61324  233 3893 8910.00000 6791.61324  23.8%   647 3195s
 15601     0 6792.38158  133 3936 8910.00000 6792.38158  23.8%   647 3202s
 15604     0 6792.45332  135 4022 8910.00000 6792.45332  23.8%   647 3205s
H15607     0                    8901.0000000 6793.25968  23.7%   647 3213s
 15609     0 6793.66491  113 3988 8901.00000 6793.66491  23.7%   647 3218s
 15610     0 6793.75697  147 3959 8901.00000 6793.75697  23.7%   647 3220s
 15616     0 6794.78183  183 3931 8901.00000 6794.78183  23.7%   646 3231s
 15617     0 6795.40864  125 3906 8901.00000 6795.40864  23.7%   646 3236s
 15619     0 6795.85664   29 4115 8901.00000 6795.85664  23.7%   646 3242s
 15622     0 6795.98636   53 4114 8901.00000 6795.98636  23.6%   646 3245s
 15626     0 6797.27950  165 3975 8901.00000 6797.27950  23.6%   646 3255s
 15628     0 6797.87763   87 4205 8901.00000 6797.87763  23.6%   646 3261s
 15630     0 6798.06321   91 4279 8901.00000 6798.06321  23.6%   646 3265s
 15636     0 6799.45102  236 4013 8901.00000 6799.45102  23.6%   645 3277s
 15637     0 6799.89093  125 4019 8901.00000 6799.89093  23.6%   645 3281s
 15639     0 6800.63843  209 4010 8901.00000 6800.63843  23.6%   645 3286s
 15642     0 6800.81429   91 4138 8901.00000 6800.81429  23.6%   645 3290s
 15645     0 6803.08963  102 4123 8901.00000 6803.08963  23.6%   645 3303s
 15646     0 6803.57065   43 3955 8901.00000 6803.57065  23.6%   645 3308s
 15648     0 6803.69313  144 4192 8901.00000 6803.69313  23.6%   645 3311s
 15653     0 6803.74190   96 4421 8901.00000 6803.74190  23.6%   645 3315s
 15654     0 6805.11651   20 4168 8901.00000 6805.11651  23.5%   645 3322s
 15655     0 6805.90515   53 4115 8901.00000 6805.90515  23.5%   645 3328s
 15656     0 6806.13432  160 4151 8901.00000 6806.13432  23.5%   645 3331s
 15658     0 6806.28014  151 4173 8901.00000 6806.28014  23.5%   645 3335s
 15665     0 6807.48066  271 3954 8901.00000 6807.48066  23.5%   644 3346s
 15667     0 6807.93428  303 3983 8901.00000 6807.93428  23.5%   644 3352s
 15669     0 6808.03464   23 4011 8901.00000 6808.03464  23.5%   644 3355s
 15673     0 6809.78087   62 4067 8901.00000 6809.78087  23.5%   644 3367s
 15674     0 6810.70087  221 4129 8901.00000 6810.70087  23.5%   644 3374s
 15675     0 6811.02797   86 4127 8901.00000 6811.02797  23.5%   644 3379s
 15676     0 6811.24195  237 4093 8901.00000 6811.24195  23.5%   644 3382s
 15678     0 6811.33413  176 4150 8901.00000 6811.33413  23.5%   644 3385s
 15686     0 6811.39224  178 4372 8901.00000 6811.39224  23.5%   643 3391s
 15687     0 6813.37435  194 4137 8901.00000 6813.37435  23.5%   643 3401s
 15688     0 6814.45402  310 4061 8901.00000 6814.45402  23.4%   643 3410s
 15690     0 6814.90255  268 4168 8901.00000 6814.90255  23.4%   643 3416s
 15693     0 6815.03697   34 4245 8901.00000 6815.03697  23.4%   643 3420s
 15696     0 6817.55914  186 3682 8901.00000 6817.55914  23.4%   643 3433s
 15697     0 6818.24153   34 3994 8901.00000 6818.24153  23.4%   643 3438s
 15698     0 6818.61566   35 3883 8901.00000 6818.61566  23.4%   643 3443s
 15700     0 6818.73412  146 3996 8901.00000 6818.73412  23.4%   643 3445s
 15707     0 6818.76405   30 4110 8901.00000 6818.76405  23.4%   643 3450s
 15708     0 6820.91244  488 4011 8901.00000 6820.91244  23.4%   643 3461s
 15709     0 6821.65693  113 4146 8901.00000 6821.65693  23.4%   642 3467s
 15710     0 6822.00802  147 4161 8901.00000 6822.00802  23.4%   642 3471s
 15712     0 6822.22306  273 4351 8901.00000 6822.22306  23.4%   642 3476s
 15719     4 6822.26035   29 4467 8901.00000 6822.26035  23.4%   642 3481s
 15720     4 6823.91064   70 4116 8901.00000 6823.91064  23.3%   642 3491s
 15721     5 6824.26849  178 4329 8901.00000 6824.26849  23.3%   642 3496s
 15723     6 6824.52539  229 4371 8901.00000 6824.52539  23.3%   642 3500s
 15728    10 6824.56472   87 4433 8901.00000 6824.56472  23.3%   642 3505s
 15729    10 6826.10485  126 4094 8901.00000 6826.10485  23.3%   642 3516s
 15730    11 6826.67803   91 4319 8901.00000 6826.67803  23.3%   642 3521s
 15732    12 6826.94276  159 4364 8901.00000 6826.94276  23.3%   642 3527s
 15734    14 6827.05587   22 4492 8901.00000 6827.05587  23.3%   641 3530s
 15740    18 6827.11639   14 4483 8901.00000 6827.11639  23.3%   641 3535s
 15741    18 6828.35139  315 4366 8901.00000 6828.35139  23.3%   641 3543s
 15745    22 6828.35139  102  917 8901.00000 6828.35139  23.3%   751 3554s
 15746    23 6828.35139   43 1066 8901.00000 6828.35139  23.3%   751 3557s
 15747    24 6828.35139  456 1160 8901.00000 6828.35139  23.3%   751 3561s
 15748    24 6828.35139  144 1381 8901.00000 6828.35139  23.3%   751 3568s
H15748    22                    8899.0000000 6828.35139  23.3%   751 3577s
 15750    24 6828.35139  110 1560 8899.00000 6828.35139  23.3%   751 3588s
 15751    24 6828.35139   92 1707 8899.00000 6828.35139  23.3%   751 3601s
H15751    23                    8898.0000000 6828.35139  23.3%   751 3616s
H15751    21                    8893.0000000 6828.35139  23.2%   751 3616s
H15752    21                    8877.0000000 6828.35139  23.1%   751 3632s
 15754    22 6828.35139   20 2016 8877.00000 6828.35139  23.1%   750 3651s
 15755    23 6828.40313   53 2264 8877.00000 6828.40313  23.1%   750 3668s
 15756    24 6828.40612  160 2424 8877.00000 6828.40612  23.1%   750 3686s
 15757    24 6828.48620  110 2833 8877.00000 6828.48620  23.1%   750 3706s
 15758    25 6828.48620  151 2983 8877.00000 6828.48620  23.1%   750 3725s
 15759    26 6828.48620  146 3251 8877.00000 6828.48620  23.1%   750 3745s
H15759    25                    8876.0000000 6828.48620  23.1%   750 3764s
 15761    26 6828.48620  132 3770 8876.00000 6828.48620  23.1%   750 3781s
 15762    27 6828.48620  202 3829 8876.00000 6828.48620  23.1%   750 3793s
 15763    27 6828.48620  191 3894 8876.00000 6828.48620  23.1%   750 3802s
 15764    28 6828.48620  177 3826 8876.00000 6828.48620  23.1%   750 3811s
 15765    29 6828.48620  271 4122 8876.00000 6828.48620  23.1%   750 3816s
 15767    30 6828.48620  303 4189 8876.00000 6828.48620  23.1%   750 3821s
 15772    33 6828.48935  292 4165 8876.00000 6828.48935  23.1%   750 3828s
 15773    34 6832.83920   62 3890 8876.00000 6832.83920  23.0%   750 3841s
 15774    35 6833.66686  221 3850 8876.00000 6833.66686  23.0%   749 3846s
 15776    36 6834.02814  237 3805 8876.00000 6834.02814  23.0%   749 3851s
 15779    38 6834.04906  331 3716 8876.00000 6834.04906  23.0%   749 3855s
 15780    39 6837.25100  182 3626 8876.00000 6837.25100  23.0%   749 3867s
 15781    39 6838.04240  285 3761 8876.00000 6838.04240  23.0%   749 3873s
 15782    40 6838.31854  176 3819 8876.00000 6838.31854  23.0%   749 3876s
 15787    43 6838.43260  194 3829 8876.00000 6838.43260  23.0%   749 3882s
 15788    44 6841.87367  310 3675 8876.00000 6841.87367  22.9%   749 3894s
 15789    45 6842.73346  176 3801 8876.00000 6842.73346  22.9%   749 3900s
 15794    48 6843.03630   36 3983 8876.00000 6843.03630  22.9%   749 3905s
 15796    49 6845.46091  186 3882 8876.00000 6845.46091  22.9%   748 3918s
 15797    50 6846.07784   34 4048 8876.00000 6846.07784  22.9%   748 3924s
 15798    51 6846.16518   35 4178 8876.00000 6846.16518  22.9%   748 3926s
 15801    53 6846.20906  133 4152 8876.00000 6846.20906  22.9%   748 3931s
H15801    49                    8873.0000000 6848.49309  22.8%   748 3947s
H15801    46                    8858.0000000 6848.49309  22.7%   748 3947s
H15801    42                    8855.0000000 6848.49309  22.7%   748 3947s
H15801    39                    8853.0000000 6848.49309  22.6%   748 3948s
H15801    36                    8850.0000000 6848.49309  22.6%   748 3948s
H15801    34                    8849.0000000 6848.49309  22.6%   748 3949s
H15801    31                    8839.0000000 6848.49309  22.5%   748 3949s
 15803    32 6849.03726  263 3905 8839.00000 6849.03726  22.5%   748 3954s
 15804    33 6849.09540  135 3926 8839.00000 6849.09540  22.5%   748 3956s
 15807    35 6849.10169   30 4014 8839.00000 6849.10169  22.5%   748 3960s
 15808    35 6851.69523  488 3460 8839.00000 6851.69523  22.5%   748 3970s
 15809    36 6852.37885  113 3709 8839.00000 6852.37885  22.5%   748 3976s
 15811    37 6852.68234  147 3706 8839.00000 6852.68234  22.5%   748 3980s
 15814    39 6852.71666  234 3666 8839.00000 6852.71666  22.5%   748 3985s
 15815    40 7163.41773  467 3683 8839.00000 6854.81156  22.4%   748 4003s
 15816    41 6855.40480  183 3609 8839.00000 6855.40480  22.4%   747 4009s
 15817    41 6855.55841  125 3508 8839.00000 6855.55841  22.4%   747 4011s
 15821    44 6855.64936  178 3672 8839.00000 6855.64936  22.4%   747 4017s
 15822    45 6857.40415   53 3679 8839.00000 6857.40415  22.4%   747 4026s
 15823    45 6858.00327  229 3876 8839.00000 6858.00327  22.4%   747 4030s
 15827    48 6858.19947   45 3866 8839.00000 6858.19947  22.4%   747 4035s
 15829    49 6860.08961  126 3858 8839.00000 6860.08961  22.4%   747 4046s
 15830    50 6860.77290   91 3549 8839.00000 6860.77290  22.4%   747 4052s
 15832    51 6860.99834  159 3702 8839.00000 6860.99834  22.4%   747 4055s
 15838    55 6861.04434  167 3782 8839.00000 6861.04434  22.4%   746 4062s
 15839    56 6863.70610  209 3535 8839.00000 6863.70610  22.3%   746 4071s
 15840    57 6864.59711   14 3699 8839.00000 6864.59711  22.3%   746 4078s
 15841    57 6864.76325  315 3663 8839.00000 6864.76325  22.3%   746 4081s
 15846    61 6864.89423   43 3910 8839.00000 6864.89423  22.3%   746 4088s
 15847    61 6867.89296  456 3522 8839.00000 6867.89296  22.3%   746 4097s
 15848    62 6868.71796  144 3677 8839.00000 6868.71796  22.3%   746 4102s
 15849    63 6868.96178  211 3733 8839.00000 6868.96178  22.3%   746 4106s
 15851    64 6869.06663   92 3827 8839.00000 6869.06663  22.3%   746 4110s
 15856    67 6869.09927  160 3900 8839.00000 6869.09927  22.3%   746 4115s
 15857    68 6870.58399  110 3875 8839.00000 6870.58399  22.3%   746 4124s
 15858    69 6871.05136  151 3827 8839.00000 6871.05136  22.3%   745 4129s
 15859    69 6871.17447  146 3885 8839.00000 6871.17447  22.3%   745 4132s
 15862    71 6871.25260  202 3925 8839.00000 6871.25260  22.3%   745 4135s
H15864    67                    8838.0000000 6873.02357  22.2%   745 4147s
 15866    68 6873.34192  112 3979 8838.00000 6873.34192  22.2%   745 4151s
 15869    70 6873.51558   23 4063 8838.00000 6873.51558  22.2%   745 4155s
 15873    73 6873.53426   62 4022 8838.00000 6873.53426  22.2%   745 4160s
 15874    73 6874.86898  221 3764 8838.00000 6874.86898  22.2%   745 4167s
 15875    74 6875.25670   86 3738 8838.00000 6875.25670  22.2%   745 4172s
 15876    75 6875.42093  237 3871 8838.00000 6875.42093  22.2%   745 4175s
 15880    77 6875.48569  182 3963 8838.00000 6875.48569  22.2%   744 4184s
H15880    71                    8824.0000000 6878.20063  22.1%   744 4194s
H15880    65                    8797.0000000 6878.20063  21.8%   744 4194s
H15880    60                    8796.0000000 6878.20063  21.8%   744 4194s
 15881    61 6878.20063  285 3486 8796.00000 6878.20063  21.8%   744 4195s
 15882    62 6879.19869  176 3517 8796.00000 6879.19869  21.8%   744 4201s
 15884    63 6879.43074  139 3597 8796.00000 6879.43074  21.8%   744 4205s
 15888    66 6879.47739  310 3636 8796.00000 6879.47739  21.8%   744 4212s
 15889    66 6882.04322  176 3697 8796.00000 6882.04322  21.8%   744 4222s
 15890    67 6882.80307  268 3719 8796.00000 6882.80307  21.8%   744 4227s
 15892    68 6883.00525  202 3656 8796.00000 6883.00525  21.7%   744 4230s
H15894    64                    8792.0000000 6884.65619  21.7%   744 4241s
 15896    65 6885.26007  186 3563 8792.00000 6885.26007  21.7%   744 4245s
 15899    67 6885.46510  233 3759 8792.00000 6885.46510  21.7%   744 4250s
 15902    69 6887.53645  173 3637 8792.00000 6887.53645  21.7%   743 4261s
 15903    70 6888.31617  263 3627 8792.00000 6888.31617  21.7%   743 4267s
 15904    70 6888.54763  135 3742 8792.00000 6888.54763  21.6%   743 4270s
 15909    74 6888.65382  113 3926 8792.00000 6888.65382  21.6%   743 4275s
H15909    67                    8784.0000000 6890.98175  21.6%   743 4286s
H15909    61                    8778.0000000 6890.98175  21.5%   743 4286s
 15911    62 6892.08427  147 3931 8778.00000 6892.08427  21.5%   743 4294s
 15912    63 6892.44862  273 3832 8778.00000 6892.44862  21.5%   743 4298s
 15913    63 6892.56643  239 3879 8778.00000 6892.56643  21.5%   743 4300s
 15919    67 6892.66236   29 4039 8778.00000 6892.66236  21.5%   743 4305s
 15920    68 6894.19806   70 3649 8778.00000 6894.19806  21.5%   743 4314s
 15921    69 6895.17077  178 3850 8778.00000 6895.17077  21.4%   743 4320s
 15923    70 6895.78959  229 3932 8778.00000 6895.78959  21.4%   742 4327s
 15926    72 6895.87760  165 3972 8778.00000 6895.87760  21.4%   742 4330s
H15928    66                    8776.0000000 6897.11172  21.4%   742 4340s
 15930    68 6897.65625   91 3729 8776.00000 6897.65625  21.4%   742 4346s
 15932    69 6897.90781  159 3993 8776.00000 6897.90781  21.4%   742 4351s
 15937    72 6897.96883  125 3965 8776.00000 6897.96883  21.4%   742 4357s
H15937    65                    8770.0000000 6900.22905  21.3%   742 4369s
 15939    67 6901.11751  209 3800 8770.00000 6901.11751  21.3%   742 4378s
 15940    67 6901.47548   14 3919 8770.00000 6901.47548  21.3%   742 4383s
 15941    68 6901.54105  315 3859 8770.00000 6901.54105  21.3%   742 4385s
 15946    71 6901.58522   43 4007 8770.00000 6901.58522  21.3%   741 4391s
H15946    64                    8765.0000000 6903.53505  21.2%   741 4402s
 15948    66 6904.52082  144 3878 8765.00000 6904.52082  21.2%   741 4411s
 15949    66 6904.66366  211 3920 8765.00000 6904.66366  21.2%   741 4415s
 15953    69 6904.75522   96 4029 8765.00000 6904.75522  21.2%   741 4420s
 15956    71 6906.49754  160 3663 8765.00000 6906.49754  21.2%   741 4433s
 15957    72 6907.09106  110 3766 8765.00000 6907.09106  21.2%   741 4438s
 15958    72 6907.35784  151 3835 8765.00000 6907.35784  21.2%   741 4442s
 15961    74 6907.47453  132 3906 8765.00000 6907.47453  21.2%   741 4445s
 15967    78 6909.14632  303 3648 8765.00000 6909.14632  21.2%   740 4457s
 15968    79 6909.62821   73 3837 8765.00000 6909.62821  21.2%   740 4462s
 15970    80 6909.72069   50 3896 8765.00000 6909.72069  21.2%   740 4466s
 15976    84 6910.77152  237 3938 8765.00000 6910.77152  21.2%   740 4477s
 15977    85 6911.18725  217 4021 8765.00000 6911.18725  21.2%   740 4482s
 15979    86 6911.36868  331 3957 8765.00000 6911.36868  21.1%   740 4485s
H15985    82                    8763.0000000 6912.70767  21.1%   740 4498s
H15985    74                    8762.0000000 6912.70767  21.1%   740 4499s
 15987    76 6913.38820  194 3855 8762.00000 6913.38820  21.1%   739 4505s
 15991    78 6913.61337  424 3937 8762.00000 6913.61337  21.1%   739 4510s
 15995    81 6914.34363  367 4030 8762.00000 6914.34363  21.1%   739 4519s
 15996    82 6914.67023  186 4064 8762.00000 6914.67023  21.1%   739 4523s
 15997    82 6914.79990   34 4047 8762.00000 6914.79990  21.1%   739 4525s
 16002    86 6914.87905  173 4223 8762.00000 6914.87905  21.1%   739 4530s
H16002    77                    8761.0000000 6915.81801  21.1%   739 4538s
H16002    69                    8756.0000000 6915.81801  21.0%   739 4538s
H16002    61                    8753.0000000 6915.81801  21.0%   739 4539s
H16002    54                    8751.0000000 6915.81801  21.0%   739 4539s
H16002    47                    8747.0000000 6915.81801  20.9%   739 4539s
H16002    40                    8745.0000000 6915.81801  20.9%   739 4539s
 16003    40 6915.81801  263 4094 8745.00000 6915.81801  20.9%   739 4540s
 16004    41 6916.25199  135 4052 8745.00000 6916.25199  20.9%   739 4545s
 16006    42 6916.56966   34 4077 8745.00000 6916.56966  20.9%   739 4551s
 16011    46 6916.63046  147 4211 8745.00000 6916.63046  20.9%   738 4556s
H16011    39                    8738.0000000 6917.66989  20.8%   738 4563s
 16013    40 6918.06351  239 4095 8738.00000 6918.06351  20.8%   738 4568s
 16014    41 6918.37026  234 4070 8738.00000 6918.37026  20.8%   738 4572s
 16015    41 7163.41773  467 4198 8738.00000 6918.47297  20.8%   738 4575s
 16021    45 6918.57058  178 4356 8738.00000 6918.57058  20.8%   738 4581s
H16021    38                    8736.0000000 6919.74006  20.8%   738 4589s
H16021    32                    8730.0000000 6919.74006  20.7%   738 4590s
H16021    25                    8726.0000000 6919.74006  20.7%   738 4590s
H16021    19                    8721.0000000 6919.74006  20.7%   738 4590s
 16023    21 6920.12706  229 3973 8721.00000 6920.12706  20.6%   738 4595s
 16027    23 6920.30259   45 4091 8721.00000 6920.30259  20.6%   738 4600s
 16029    25 6921.39973  126 3873 8721.00000 6921.39973  20.6%   738 4609s
 16030    25 6921.87201   91 3831 8721.00000 6921.87201  20.6%   738 4615s
 16033    27 7199.89139  481 3922 8721.00000 6922.03137  20.6%   737 4620s
H16037    24                    8720.0000000 6923.67286  20.6%   737 4633s
H16037    18                    8713.0000000 6923.67286  20.5%   737 4634s
H16037    12                    8706.0000000 6923.67286  20.5%   737 4635s
 16038    13 6923.67286  167 3775 8706.00000 6923.67286  20.5%   737 4641s
 16039    13 6924.21505  209 4032 8706.00000 6924.21505  20.5%   737 4646s
 16041    15 6924.60938  315 3956 8706.00000 6924.60938  20.5%   737 4652s
 16046    18 6924.65145   43 4095 8706.00000 6924.65145  20.5%   737 4656s
 16047    19 6925.84227  456 3766 8706.00000 6925.84227  20.4%   737 4662s
 16048    19 6926.60251  144 3821 8706.00000 6926.60251  20.4%   737 4667s
 16049    20 6926.78207  211 3762 8706.00000 6926.78207  20.4%   737 4670s
 16054    23 6926.93134   20 3861 8706.00000 6926.93134  20.4%   736 4675s
 16059    27 6928.11153  146 3637 8706.00000 6928.11153  20.4%   736 4686s
 16060    27 6928.81773   74 3815 8706.00000 6928.81773  20.4%   736 4692s
 16061    28 6929.17901  132 4009 8706.00000 6929.17901  20.4%   736 4696s
 16063    29 6929.34976  191 4004 8706.00000 6929.34976  20.4%   736 4701s
 16068    33 6929.43030   73 4157 8706.00000 6929.43030  20.4%   736 4705s
 16069    33 6931.43467   23 3809 8706.00000 6931.43467  20.4%   736 4718s
 16070    34 6932.19897   50 3853 8706.00000 6932.19897  20.4%   736 4724s
 16071    35 6932.39736  128 4080 8706.00000 6932.39736  20.4%   736 4727s
 16073    36 6932.51475   62 4055 8706.00000 6932.51475  20.4%   736 4730s
 16079    40 6932.55084  331 4133 8706.00000 6932.55084  20.4%   735 4735s
 16080    41 6933.79976  182 3739 8706.00000 6933.79976  20.4%   735 4742s
 16081    41 6934.50554  285 3964 8706.00000 6934.50554  20.3%   735 4748s
 16082    42 6934.73949  176 3832 8706.00000 6934.73949  20.3%   735 4751s
 16084    43 6934.86347  139 3930 8706.00000 6934.86347  20.3%   735 4755s
H16088    38                    8704.0000000 6936.21510  20.3%   735 4769s
 16090    39 6936.67206  268 4009 8704.00000 6936.67206  20.3%   735 4774s
 16091    40 6936.78996  424 4036 8704.00000 6936.78996  20.3%   735 4777s
 16093    41 6936.92649   34 4114 8704.00000 6936.92649  20.3%   735 4780s
H16096    35                    8697.0000000 6938.56498  20.2%   734 4795s
H16096    27                    8696.0000000 6938.56498  20.2%   734 4796s
H16096    20                    8695.0000000 6938.56498  20.2%   734 4796s
H16096    13                    8693.0000000 6938.56498  20.2%   734 4797s
 16098    15 6939.12905   35 3848 8693.00000 6939.12905  20.2%   734 4802s
 16099    15 6939.34821  233 3918 8693.00000 6939.34821  20.2%   734 4806s
 16104    19 6939.43807  135 3916 8693.00000 6939.43807  20.2%   734 4810s
H16108    14                    8688.0000000 6940.47677  20.1%   734 4821s
 16111    16 6940.80048  147 3882 8688.00000 6940.80048  20.1%   734 4827s
 16116    20 6940.83595  183 4046 8688.00000 6940.83595  20.1%   734 4831s
 16117    20 6941.61154  125 3910 8688.00000 6941.61154  20.1%   734 4838s
 16118    21 6941.90737  428 3875 8688.00000 6941.90737  20.1%   733 4842s
 16119    22 6941.96951   29 3929 8688.00000 6941.96951  20.1%   733 4845s
 16124    25 6942.04123  308 4022 8688.00000 6942.04123  20.1%   733 4850s
H16127    19                    8684.0000000 6943.62321  20.0%   733 4862s
 16129    20 6944.21410  126 3671 8684.00000 6944.21410  20.0%   733 4867s
 16130    21 6944.43006   91 3845 8684.00000 6944.43006  20.0%   733 4871s
 16133    23 7199.89139  481 4015 8684.00000 6944.57977  20.0%   733 4875s
 16136    25 6945.51217  236 3747 8684.00000 6945.51217  20.0%   733 5136s
 16137    26 6946.12113  125 3998 8684.00000 6946.12113  20.0%   733 5179s
 16138    26 6946.23693  167 3998 8684.00000 6946.23693  20.0%   733 5181s
 16141    28 6946.37589  315 4118 8684.00000 6946.37589  20.0%   732 5185s
 16145    31 6948.36346  102 3845 8684.00000 6948.36346  20.0%   732 5199s
 16146    32 6948.91780   43 3915 8684.00000 6948.91780  20.0%   732 5206s
 16148    33 6949.12920  144 3903 8684.00000 6949.12920  20.0%   732 5211s
 16152    36 6949.16301  100 4000 8684.00000 6949.16301  20.0%   732 5215s
 16153    36 6951.41454   96 3760 8684.00000 6951.41454  20.0%   732 5223s
 16154    37 6952.26334   20 3777 8684.00000 6952.26334  19.9%   732 5230s
 16155    38 6952.79746   53 3895 8684.00000 6952.79746  19.9%   732 5236s
 16157    39 6953.20418  110 3901 8684.00000 6953.20418  19.9%   732 5242s
 16160    41 6953.26052   74 4030 8684.00000 6953.26052  19.9%   732 5245s
 16163    43 6954.37372  191 3833 8684.00000 6954.37372  19.9%   731 5255s
 16165    44 6954.84200  271 3958 8684.00000 6954.84200  19.9%   731 5261s
 16169    47 6954.89395   23 3881 8684.00000 6954.89395  19.9%   731 5265s
 16170    48 6956.14685   50 4007 8684.00000 6956.14685  19.9%   731 5275s
 16171    48 6956.74418  128 4002 8684.00000 6956.74418  19.9%   731 5282s
 16172    49 6956.87700  292 4046 8684.00000 6956.87700  19.9%   731 5285s
 16177    52 6956.98545  217 4177 8684.00000 6956.98545  19.9%   731 5290s
 16179    54 6958.40512  331 3915 8684.00000 6958.40512  19.9%   731 5301s
 16180    54 6958.99189  182 4064 8684.00000 6958.99189  19.9%   731 5307s
 16181    55 6959.20637  285 4075 8684.00000 6959.20637  19.9%   731 5310s
 16183    56 6959.40862  173 4134 8684.00000 6959.40862  19.9%   731 5315s
 16186    58 6960.59310  178 3859 8684.00000 6960.59310  19.8%   730 5326s
 16187    59 6960.85807  194 3895 8684.00000 6960.85807  19.8%   730 5330s
 16190    61 6961.02286  268 3957 8684.00000 6961.02286  19.8%   730 5336s
 16195    64 6961.64232  367 3856 8684.00000 6961.64232  19.8%   730 5346s
 16196    65 6961.98918  186 3946 8684.00000 6961.98918  19.8%   730 5350s
 16199    67 6962.12624  233 4066 8684.00000 6962.12624  19.8%   730 5355s
 16205    71 6963.35037  154 3774 8684.00000 6963.35037  19.8%   730 5366s
 16206    72 6963.85384   34 3782 8684.00000 6963.85384  19.8%   729 5372s
 16207    72 6964.04619   30 4013 8684.00000 6964.04619  19.8%   729 5375s
 16210    74 6964.25879  147 3986 8684.00000 6964.25879  19.8%   729 5380s
 16214    77 6965.39305  234 4154 8684.00000 6965.39305  19.8%   729 5391s
 16215    78 7163.41773  467 4056 8684.00000 6965.72522  19.8%   729 5396s
 16217    79 6965.90751  125 4266 8684.00000 6965.90751  19.8%   729 5401s
 16222    82 6965.94790   53 4261 8684.00000 6965.94790  19.8%   729 5406s
 16223    83 6967.51839  229 4118 8684.00000 6967.51839  19.8%   729 5418s
 16224    84 6968.07826  308 3883 8684.00000 6968.07826  19.8%   729 5424s
 16225    84 6968.24664   33 3963 8684.00000 6968.24664  19.8%   729 5428s
 16226    85 6968.32651  165 3986 8684.00000 6968.32651  19.8%   729 5430s
 16232    89 6968.38409  159 4241 8684.00000 6968.38409  19.8%   728 5436s
 16233    90 7199.89139  481 4096 8684.00000 6968.73817  19.8%   728 5440s
 16235    91 6969.05433   58 4165 8684.00000 6969.05433  19.7%   728 5446s
 16239    94 6969.13181  209 4143 8684.00000 6969.13181  19.7%   728 5451s
 16240    94 6969.48285   14 4082 8684.00000 6969.48285  19.7%   728 5455s
 16242    96 6969.86986   91 4214 8684.00000 6969.86986  19.7%   728 5461s
 16246    98 6969.93592   43 4279 8684.00000 6969.93592  19.7%   728 5465s
 16249   100 6971.05381  211 3996 8684.00000 6971.05381  19.7%   728 5476s
 16250   101 6971.80665  110 4116 8684.00000 6971.80665  19.7%   728 5481s
 16252   102 6972.09425  100 4289 8684.00000 6972.09425  19.7%   727 5485s
 16257   106 6972.16461  110 4373 8684.00000 6972.16461  19.7%   727 5490s
 16258   106 6973.16082  151 3995 8684.00000 6973.16082  19.7%   727 5497s
 16259   107 6973.51190  146 4116 8684.00000 6973.51190  19.7%   727 5501s
 16261   108 6973.72086  132 4203 8684.00000 6973.72086  19.7%   727 5506s
 16267   112 6973.75331  303 4272 8684.00000 6973.75331  19.7%   727 5510s
 16270   114 6974.79688   50 4079 8684.00000 6974.79688  19.7%   727 5519s
 16271   115 6975.27833  128 4362 8684.00000 6975.27833  19.7%   727 5525s
 16273   116 6975.50651   62 4220 8684.00000 6975.50651  19.7%   726 5530s
 16278   120 6976.36396  176 4166 8684.00000 6976.36396  19.7%   726 5541s
 16279   120 6976.57733  331 4156 8684.00000 6976.57733  19.7%   726 5545s
 16285   124 6976.70113   24 4378 8684.00000 6976.70113  19.7%   726 5551s
 16286   125 6977.54892  178 4015 8684.00000 6977.54892  19.7%   726 5557s
 16287   126 6977.98167  194 3949 8684.00000 6977.98167  19.6%   726 5561s
 16288   126 6978.22277  310 4055 8684.00000 6978.22277  19.6%   726 5565s
 16292   129 6978.37195  202 4133 8684.00000 6978.37195  19.6%   726 5570s
 16295   131 6979.07702  367 4067 8684.00000 6979.07702  19.6%   726 5578s
 16296   132 6979.36451  186 4089 8684.00000 6979.36451  19.6%   725 5582s
 16298   133 6979.48950   35 4095 8684.00000 6979.48950  19.6%   725 5586s
 16302   136 6979.50960  173 4216 8684.00000 6979.50960  19.6%   725 5590s
 16303   136 6980.27567  263 4151 8684.00000 6980.27567  19.6%   725 5596s
 16305   138 6980.62418  154 4192 8684.00000 6980.62418  19.6%   725 5602s
 16307   139 6980.70020   30 4327 8684.00000 6980.70020  19.6%   725 5605s
 16310   141 6981.02551  147 4258 8684.00000 6981.02551  19.6%   725 5612s
 16312   142 6981.20249  273 4206 8684.00000 6981.20249  19.6%   725 5616s
 16318   146 6981.27418  428 4322 8684.00000 6981.27418  19.6%   724 5620s
 16320   148 6982.00623   70 3955 8684.00000 6982.00623  19.6%   724 5628s
 16321   148 6982.28377  178 4092 8684.00000 6982.28377  19.6%   724 5632s
 16322   149 6982.37332   53 4229 8684.00000 6982.37332  19.6%   724 5635s
 16326   152 6982.46339  165 4232 8684.00000 6982.46339  19.6%   724 5640s
 16327   152 6982.87896   45 4194 8684.00000 6982.87896  19.6%   724 5645s
 16329   154 6983.37933  126 4409 8684.00000 6983.37933  19.6%   724 5652s
 16330   154 6983.60211   91 4435 8684.00000 6983.60211  19.6%   724 5655s
 16335   158 6983.66020   58 4508 8684.00000 6983.66020  19.6%   724 5661s
 16336   158 6984.29972  236 4162 8684.00000 6984.29972  19.6%   724 5667s
 16337   159 6984.44734  125 4279 8684.00000 6984.44734  19.6%   724 5670s
 16341   162 6984.54949  315 4418 8684.00000 6984.54949  19.6%   723 5675s
 16343   163 6985.25696   12 4140 8684.00000 6985.25696  19.6%   723 5682s
 16344   164 6985.75885   20 4366 8684.00000 6985.75885  19.6%   723 5688s
 16345   164 6985.92981  102 4321 8684.00000 6985.92981  19.6%   723 5691s
 16348   166 6985.99539  144 4333 8684.00000 6985.99539  19.6%   723 5695s
 16351   168 6986.88075   92 4277 8684.00000 6986.88075  19.5%   723 5705s
 16353   170 6987.18366   96 4526 8684.00000 6987.18366  19.5%   723 5710s
 16358   173 6987.57158  151 4393 8684.00000 6987.57158  19.5%   723 5718s
 16359   174 6987.72466  146 4494 8684.00000 6987.72466  19.5%   723 5721s
 16364   177 6987.76921  177 4503 8684.00000 6987.76921  19.5%   722 5726s
 16365   178 6988.22928  271 4366 8684.00000 6988.22928  19.5%   722 5732s
 16366   178 6988.37414  112 4365 8684.00000 6988.37414  19.5%   722 5736s
 16370   181 6988.44883   50 4526 8684.00000 6988.44883  19.5%   722 5740s
 16373   183 6989.38973   62 4199 8684.00000 6989.38973  19.5%   722 5750s
 16375   184 6989.82431   86 4231 8684.00000 6989.82431  19.5%   722 5757s
 16377   186 6989.90496  217 4247 8684.00000 6989.90496  19.5%   722 5760s
 16381   188 6990.48890  285 3848 8684.00000 6990.48890  19.5%   722 5769s
 16382   189 6990.69840  176 3988 8684.00000 6990.69840  19.5%   722 5773s
 16384   190 6990.76452  139 4081 8684.00000 6990.76452  19.5%   722 5775s
 16388   193 6991.13996  310 4187 8684.00000 6991.13996  19.5%   721 5784s
 16389   194 6991.46584  176 4247 8684.00000 6991.46584  19.5%   721 5787s
 16391   195 6991.52645  424 4287 8684.00000 6991.52645  19.5%   721 5790s
 16396   198 6991.92809  186 4296 8684.00000 6991.92809  19.5%   721 5800s
 16398   200 6992.19806   35 4225 8684.00000 6992.19806  19.5%   721 5805s
 16402   202 6992.23710  173 4320 8684.00000 6992.23710  19.5%   721 5810s
 16403   203 6992.86002  263 4271 8684.00000 6992.86002  19.5%   721 5817s
 16404   204 6993.03934  135 4133 8684.00000 6993.03934  19.5%   721 5821s
 16407   206 6993.15039   30 4315 8684.00000 6993.15039  19.5%   721 5825s
 16411   208 6993.77287  147 4115 8684.00000 6993.77287  19.5%   720 5836s
 16413   210 6993.93186  239 4099 8684.00000 6993.93186  19.5%   720 5840s
 16419   214 6993.95912   29 4332 8684.00000 6993.95912  19.5%   720 5845s
 16422   216 6994.41939   53 4320 8684.00000 6994.41939  19.5%   720 5852s
 16423   216 6994.57320  229 4229 8684.00000 6994.57320  19.5%   720 5856s
 16426   218 6994.65852  165 4370 8684.00000 6994.65852  19.5%   720 5860s
 16429   220 6995.23809  126 4167 8684.00000 6995.23809  19.4%   720 5868s
 16430   221 6995.40926   91 4386 8684.00000 6995.40926  19.4%   720 5871s
 16436   225 6995.46143  236 4468 8684.00000 6995.46143  19.4%   719 5875s
 16438   226 6996.09101  167 4068 8684.00000 6996.09101  19.4%   719 5883s
 16439   227 6996.29486  209 4275 8684.00000 6996.29486  19.4%   719 5886s
 16441   228 6996.45359  315 4319 8684.00000 6996.45359  19.4%   719 5891s
 16446   232 6996.50162   43 4433 8684.00000 6996.50162  19.4%   719 5895s
 16449   234 6997.39125  211 4237 8684.00000 6997.39125  19.4%   719 5907s
 16450   234 6997.63243  110 4468 8684.00000 6997.63243  19.4%   719 5911s
 16452   236 6997.74731  100 4327 8684.00000 6997.74731  19.4%   719 5916s
 16457   239 6997.77778  110 4536 8684.00000 6997.77778  19.4%   718 5920s
 16458   240 6998.28221  151 4378 8684.00000 6998.28221  19.4%   718 5926s
 16459   240 6998.49865  146 4503 8684.00000 6998.49865  19.4%   718 5930s
 16462   242 6998.66612  202 4638 8684.00000 6998.66612  19.4%   718 5935s
 16466   245 6999.31847  112 4363 8684.00000 6999.31847  19.4%   718 5945s
 16468   246 6999.61354   73 4515 8684.00000 6999.61354  19.4%   718 5951s
 16473   250 6999.66538   62 4579 8684.00000 6999.66538  19.4%   718 5955s
 16476   252 7000.23352  237 4373 8684.00000 7000.23352  19.4%   718 5963s
 16477   252 7000.47936  217 4482 8684.00000 7000.47936  19.4%   717 5968s
 16479   254 7000.52044  331 4486 8684.00000 7000.52044  19.4%   717 5970s
 16483   256 7000.89265  173 4340 8684.00000 7000.89265  19.4%   717 5977s
 16484   257 7001.06939  139 4325 8684.00000 7001.06939  19.4%   717 5980s
 16488   260 7001.20698  310 4502 8684.00000 7001.20698  19.4%   717 5985s
 16490   261 7001.52815  268 4387 8684.00000 7001.52815  19.4%   717 5992s
 16491   262 7001.66305  424 4400 8684.00000 7001.66305  19.4%   717 5995s
 16495   264 7001.76927  367 4616 8684.00000 7001.76927  19.4%   717 6000s
 16499   267 7001.98574  233 4388 8684.00000 7001.98574  19.4%   717 6006s
 16501   268 7002.21225  133 4516 8684.00000 7002.21225  19.4%   716 6010s
 16505   271 7002.35383  154 4468 8684.00000 7002.35383  19.4%   716 6016s
 16508   273 7002.43430  488 4582 8684.00000 7002.43430  19.4%   716 6020s
 16511   275 7002.64216  147 4500 8684.00000 7002.64216  19.4%   716 6027s
 16513   276 7002.77337  239 4537 8684.00000 7002.77337  19.4%   716 6031s
 16516   278 7003.03505  183 4284 8684.00000 7003.03505  19.4%   716 6037s
 16518   280 7003.11997  428 4362 8684.00000 7003.11997  19.4%   716 6040s
 16524   284 7003.15724  308 4549 8684.00000 7003.15724  19.4%   715 6045s
 16526   285 7003.81533  165 4549 8684.00000 7003.81533  19.3%   715 6053s
 16528   286 7003.85238   87 4527 8684.00000 7003.85238  19.3%   715 6055s
 16533   290 7199.89139  481 4498 8684.00000 7004.27824  19.3%   715 6064s
 16534   290 7004.36768   22 4548 8684.00000 7004.36768  19.3%   715 6066s
 16537   292 7004.52052  125 4481 8684.00000 7004.52052  19.3%   715 6070s
 16542   296 7004.70542   91 4389 8684.00000 7004.70542  19.3%   715 6077s
 16544   297 7004.86084   20 4413 8684.00000 7004.86084  19.3%   715 6081s
 16547   299 7005.17337  456 4432 8684.00000 7005.17337  19.3%   714 6089s
 16548   300 7005.25279  144 4399 8684.00000 7005.25279  19.3%   714 6091s
 16550   301 7005.34835  110 4392 8684.00000 7005.34835  19.3%   714 6095s
 16555   304 7005.37645   53 4530 8684.00000 7005.37645  19.3%   714 6100s
 16556   305 7006.06104  160 4141 8684.00000 7006.06104  19.3%   714 6107s
 16557   306 7006.45753  110 4151 8684.00000 7006.45753  19.3%   714 6112s
 16559   307 7006.56659  146 4502 8684.00000 7006.56659  19.3%   714 6116s
 16563   310 7006.88611  191 4377 8684.00000 7006.88611  19.3%   714 6123s
 16564   310 7007.04784  177 4390 8684.00000 7007.04784  19.3%   714 6125s
 16570   314 7007.13172   50 4618 8684.00000 7007.13172  19.3%   713 6131s
 16571   315 7007.41146  128 4181 8684.00000 7007.41146  19.3%   713 6136s
 16574   317 7007.53178  221 4473 8684.00000 7007.53178  19.3%   713 6140s
 16577   319 7007.70982  217 4406 8684.00000 7007.70982  19.3%   713 6146s
 16579   320 7008.00689  331 4291 8684.00000 7008.00689  19.3%   713 6150s
 16583   323 7008.42350  173 4294 8684.00000 7008.42350  19.3%   713 6158s
 16584   324 7008.57332  139 4410 8684.00000 7008.57332  19.3%   713 6161s
 16589   327 7008.63915  176 4493 8684.00000 7008.63915  19.3%   713 6167s
 16594   331 7008.66855   36  917 8684.00000 7008.66855  19.3%   797 6178s
 16595   332 7008.66855  367  994 8684.00000 7008.66855  19.3%   797 6180s
 16596   333 7008.66855  186 1227 8684.00000 7008.66855  19.3%   797 6186s
 16597   333 7008.66855   34 1374 8684.00000 7008.66855  19.3%   797 6195s
 16598   334 7008.66855   35 1310 8684.00000 7008.66855  19.3%   797 6206s
 16599   335 7008.66855  233 1523 8684.00000 7008.66855  19.3%   797 6218s
 16600   335 7008.66855  146 1563 8684.00000 7008.66855  19.3%   797 6231s
 16601   336 7008.66855  133 1736 8684.00000 7008.66855  19.3%   797 6249s
 16602   337 7008.66855  173 1944 8684.00000 7008.66855  19.3%   797 6268s
 16603   337 7008.66855  263 2123 8684.00000 7008.66855  19.3%   797 6285s
 16604   338 7008.66855  135 2470 8684.00000 7008.66855  19.3%   797 6304s
 16605   339 7008.66855  154 2424 8684.00000 7008.66855  19.3%   797 6325s
 16606   339 7008.66855   34 2524 8684.00000 7008.66855  19.3%   797 6348s
 16607   340 7008.66855   30 2861 8684.00000 7008.66855  19.3%   797 6369s
 16608   341 7008.67602  488 3041 8684.00000 7008.67602  19.3%   797 6390s
 16609   341 7008.67602  113 3180 8684.00000 7008.67602  19.3%   797 6411s
 16610   342 7008.67602  147 3550 8684.00000 7008.67602  19.3%   796 6429s
 16611   343 7008.67602  147 3469 8684.00000 7008.67602  19.3%   796 6445s
 16612   343 7008.67602  273 3516 8684.00000 7008.67602  19.3%   796 6459s
 16613   344 7008.67602  239 3633 8684.00000 7008.67602  19.3%   796 6471s
 16614   345 7008.67602  234 3824 8684.00000 7008.67602  19.3%   796 6480s
 16615   345 7163.41773  467 3824 8684.00000 7008.67602  19.3%   796 6486s
 16617   347 7008.67602  125 4123 8684.00000 7008.67602  19.3%   796 6491s
 16622   350 7008.67602   53 4187 8684.00000 7008.67602  19.3%   796 6495s
 16625   352 7009.36750   33 3854 8684.00000 7009.36750  19.3%   796 6505s
 16626   353 7009.74552  165 3840 8684.00000 7009.74552  19.3%   796 6510s
 16631   356 7009.85725  171 3892 8684.00000 7009.85725  19.3%   795 6517s
 16632   357 7010.46923  159 3829 8684.00000 7010.46923  19.3%   795 6523s
 16633   357 7199.89139  481 3982 8684.00000 7010.69678  19.3%   795 6526s
 16636   359 7010.78807  236 4063 8684.00000 7010.78807  19.3%   795 6530s
 16639   361 7011.28094  209 3965 8684.00000 7011.28094  19.3%   795 6538s
 16641   363 7011.36518  315 3939 8684.00000 7011.36518  19.3%   795 6540s
 16645   365 7011.37244  102 3966 8684.00000 7011.37244  19.3%   795 6545s
 16647   367 7012.14019  456 3978 8684.00000 7012.14019  19.3%   795 6553s
 16648   367 7012.23088  144 4081 8684.00000 7012.23088  19.3%   795 6555s
 16653   371 7012.25301   96 4091 8684.00000 7012.25301  19.3%   794 6560s
H16653   351                    8682.0000000 7012.56692  19.2%   794 6573s
 16655   352 7012.64814   53 4209 8682.00000 7012.64814  19.2%   794 6576s
 16659   355 7012.67760  146 4292 8682.00000 7012.67760  19.2%   794 6581s
 16660   355 7013.22053   74 4062 8682.00000 7013.22053  19.2%   794 6585s
 16662   357 7013.42685  202 4169 8682.00000 7013.42685  19.2%   794 6590s
 16666   359 7013.45001  112 4206 8682.00000 7013.45001  19.2%   794 6595s
 16667   360 7013.84745  303 4097 8682.00000 7013.84745  19.2%   794 6608s
 16668   361 7013.98288   73 4020 8682.00000 7013.98288  19.2%   794 6611s
 16672   363 7014.01711  292 4103 8682.00000 7014.01711  19.2%   794 6616s
 16673   364 7014.36966   62 3977 8682.00000 7014.36966  19.2%   793 6621s
 16678   367 7014.43889  176 4040 8682.00000 7014.43889  19.2%   793 6628s
 16679   368 7014.75645  331 4049 8682.00000 7014.75645  19.2%   793 6633s
 16681   369 7014.90096  285 4233 8682.00000 7014.90096  19.2%   793 6635s
 16685   372 7014.91025   24 4263 8682.00000 7014.91025  19.2%   793 6640s
 16687   373 7015.38825  194 4065 8682.00000 7015.38825  19.2%   793 6647s
 16691   376 7015.41838  424 4194 8682.00000 7015.41838  19.2%   793 6652s
 16692   377 7015.88065  202 4168 8682.00000 7015.88065  19.2%   793 6657s
 16694   378 7016.02200   36 4358 8682.00000 7016.02200  19.2%   792 6661s
 16697   380 7016.02984   34 4418 8682.00000 7016.02984  19.2%   792 6665s
 16699   381 7016.57733  233 4147 8682.00000 7016.57733  19.2%   792 6672s
 16702   383 7016.62405  173 4275 8682.00000 7016.62405  19.2%   792 6675s
 16705   385 7017.39486  154 4005 8682.00000 7017.39486  19.2%   792 6685s
H16705   364                    8679.0000000 7017.63450  19.1%   792 6688s
 16707   366 7017.71875   30 4127 8679.00000 7017.71875  19.1%   792 6691s
 16711   368 7017.74740  147 4221 8679.00000 7017.74740  19.1%   792 6696s
 16712   369 7018.28069  273 4273 8679.00000 7018.28069  19.1%   792 6701s
 16714   370 7018.49417  234 4300 8679.00000 7018.49417  19.1%   792 6706s
 16719   374 7018.53166   29 4243 8679.00000 7018.53166  19.1%   791 6714s
 16720   374 7019.51777   70 4047 8679.00000 7019.51777  19.1%   791 6720s
 16722   376 7019.73835   53 4176 8679.00000 7019.73835  19.1%   791 6725s
 16725   378 7019.75143   33 4173 8679.00000 7019.75143  19.1%   791 6731s
H16725   357                    8677.0000000 7020.04790  19.1%   791 6735s
 16729   359 7020.31466  126 4106 8677.00000 7020.31466  19.1%   791 6740s
 16732   361 7020.93409  159 3982 8677.00000 7020.93409  19.1%   791 6748s
 16733   362 7199.89139  481 4103 8677.00000 7021.00421  19.1%   791 6750s
 16737   365 7021.81089  125 4051 8677.00000 7021.81089  19.1%   790 6760s
 16739   366 7022.19645  209 3968 8677.00000 7022.19645  19.1%   790 6765s
 16747   371 7022.26100  456 4109 8677.00000 7022.26100  19.1%   790 6771s
 16748   372 7022.67894  144 4071 8677.00000 7022.67894  19.1%   790 6777s
 16750   373 7022.88577  110 4036 8677.00000 7022.88577  19.1%   790 6781s
 16756   377 7022.94781  160 4199 8677.00000 7022.94781  19.1%   790 6786s
 16757   378 7023.41743  110 3958 8677.00000 7023.41743  19.1%   789 6792s
 16758   379 7023.46651  151 4022 8677.00000 7023.46651  19.1%   789 6795s
 16763   382 7023.88279  191 3909 8677.00000 7023.88279  19.1%   789 6804s
 16764   383 7024.07654  177 4018 8677.00000 7024.07654  19.0%   789 6808s
 16765   383 7024.16027  271 4112 8677.00000 7024.16027  19.0%   789 6810s
 16770   387 7024.24715   50 4179 8677.00000 7024.24715  19.0%   789 6816s
 16771   387 7024.99612  128 4120 8677.00000 7024.99612  19.0%   789 6822s
 16773   389 7025.26673   62 4129 8677.00000 7025.26673  19.0%   789 6826s
 16775   390 7025.37573   86 4210 8677.00000 7025.37573  19.0%   789 6830s
H16780   370                    8676.0000000 7026.16737  19.0%   788 6841s
 16782   372 7026.44302  176 4231 8676.00000 7026.44302  19.0%   788 6845s
 16787   375 7026.53776  194 4250 8676.00000 7026.53776  19.0%   788 6850s
 16789   376 7027.51024  176 3896 8676.00000 7027.51024  19.0%   788 6858s
 16790   377 7027.83081  268 3951 8676.00000 7027.83081  19.0%   788 6861s
 16793   379 7027.97026   34 4000 8676.00000 7027.97026  19.0%   788 6865s
 16795   380 7028.43386  367 4157 8676.00000 7028.43386  19.0%   788 6874s
 16796   381 7028.61080  186 4265 8676.00000 7028.61080  19.0%   788 6877s
 16798   382 7028.69312   35 4259 8676.00000 7028.69312  19.0%   788 6880s
H16801   361                    8674.0000000 7029.27881  19.0%   787 6887s
 16803   363 7029.51189  263 4248 8674.00000 7029.51189  19.0%   787 6891s
 16808   366 7029.63269  488 4320 8674.00000 7029.63269  19.0%   787 6895s
H16810   345                    8666.0000000 7030.18506  18.9%   787 6903s
 16812   347 7030.35518  273 4293 8666.00000 7030.35518  18.9%   787 6908s
 16813   347 7030.48920  239 4346 8666.00000 7030.48920  18.9%   787 6911s
 16816   349 7030.53880  183 4331 8666.00000 7030.53880  18.9%   787 6916s
 16817   350 7030.97572  125 4180 8666.00000 7030.97572  18.9%   787 6922s
 16819   351 7031.10904   29 4164 8666.00000 7031.10904  18.9%   787 6925s
 16823   354 7031.12390  229 4298 8666.00000 7031.12390  18.9%   786 6930s
 16824   355 7031.49811  308 4291 8666.00000 7031.49811  18.9%   786 6935s
 16828   357 7031.62497   87 4346 8666.00000 7031.62497  18.9%   786 6940s
 16832   360 7031.90280  159 4276 8666.00000 7031.90280  18.9%   786 6947s
 16833   361 7199.89139  481 4307 8666.00000 7032.05468  18.9%   786 6950s
 16837   363 7032.13030  125 4364 8666.00000 7032.13030  18.9%   786 6955s
 16838   364 7032.66440  167 4232 8666.00000 7032.66440  18.8%   786 6961s
 16840   365 7032.80140   14 4331 8666.00000 7032.80140  18.8%   786 6965s
 16844   368 7032.82574   20 4466 8666.00000 7032.82574  18.8%   785 6970s
 16846   369 7033.23665   43 4358 8666.00000 7033.23665  18.8%   785 6978s
 16848   371 7033.29082  144 4349 8666.00000 7033.29082  18.8%   785 6980s
H16850   349                    8664.0000000 7033.47598  18.8%   785 7143s
H16850   327                    8662.0000000 7033.47598  18.8%   785 7153s
H16850   307                    8659.0000000 7033.47598  18.8%   785 7153s
 16851   308 7033.47598   92 4530 8659.00000 7033.47598  18.8%   785 7172s
 16852   308 7033.62761  100 4362 8659.00000 7033.62761  18.8%   785 7206s
 16857   312 7033.68282  110 4549 8659.00000 7033.68282  18.8%   785 7211s
 16858   312 7034.28584  151 4095 8659.00000 7034.28584  18.8%   785 7218s
 16859   313 7034.46466  146 4370 8659.00000 7034.46466  18.8%   785 7221s
 16865   317 7034.56220  271 4467 8659.00000 7034.56220  18.8%   784 7226s
 16866   318 7034.81910  112 4486 8659.00000 7034.81910  18.8%   784 7230s
 16871   321 7034.96425  128 4426 8659.00000 7034.96425  18.8%   784 7235s
 16875   324 7035.05555   86 4438 8659.00000 7035.05555  18.8%   784 7240s
 16879   326 7035.18216  331 4421 8659.00000 7035.18216  18.8%   784 7245s
 16885   330 7035.25176   24 4513 8659.00000 7035.25176  18.8%   784 7251s
 16888   332 7035.45552  310 4343 8659.00000 7035.45552  18.7%   783 7255s
 16893   336 7035.58216   34 4236 8659.00000 7035.58216  18.7%   783 7260s
 16899   340 7035.67031  233 4476 8659.00000 7035.67031  18.7%   783 7266s
 16901   341 7035.96637  133 4332 8659.00000 7035.96637  18.7%   783 7271s
 16905   344 7036.00133  154 4415 8659.00000 7036.00133  18.7%   783 7275s
 16910   347 7036.13351  147 4362 8659.00000 7036.13351  18.7%   782 7281s
 16912   348 7036.41051  273 4353 8659.00000 7036.41051  18.7%   782 7286s
 16915   350 7163.41773  467 4456 8659.00000 7036.50939  18.7%   782 7290s
 16918   352 7036.87321  428 4286 8659.00000 7036.87321  18.7%   782 7296s
 16921   354 7036.97299  178 4365 8659.00000 7036.97299  18.7%   782 7300s
 16924   356 7037.36891  308 4174 8659.00000 7037.36891  18.7%   782 7306s
 16928   359 7037.48187   87 4385 8659.00000 7037.48187  18.7%   782 7311s
 16929   360 7037.88988  126 4059 8659.00000 7037.88988  18.7%   781 7315s
 16932   362 7038.07139  159 4216 8659.00000 7038.07139  18.7%   781 7320s
 16936   364 7038.39011  236 4092 8659.00000 7038.39011  18.7%   781 7326s
 16938   366 7038.52836  167 4178 8659.00000 7038.52836  18.7%   781 7330s
 16944   370 7038.63599   20 4181 8659.00000 7038.63599  18.7%   781 7335s
 16949   373 7038.72858  211 4196 8659.00000 7038.72858  18.7%   781 7341s
 16955   377 7038.77456   53 4182 8659.00000 7038.77456  18.7%   780 7346s
 16957   378 7039.00419  110 4317 8659.00000 7039.00419  18.7%   780 7350s
 16961   381 7039.05965  132 4342 8659.00000 7039.05965  18.7%   780 7355s
 16967   385 7039.13161  303 4350 8659.00000 7039.13161  18.7%   780 7361s
 16970   387 7039.27832   50 4230 8659.00000 7039.27832  18.7%   780 7365s
 16976   391 7039.30409  237 4276 8659.00000 7039.30409  18.7%   779 7371s
 16981   394 7039.32376  285 4280 8659.00000 7039.32376  18.7%   779 7375s
 16985   397 7039.48909   24 4259 8659.00000 7039.48909  18.7%   779 7380s
 16989   400 7039.68843  176 4283 8659.00000 7039.68843  18.7%   779 7386s
 16992   402 7039.83115  202 4218 8659.00000 7039.83115  18.7%   779 7390s
 16995   404 7040.04236  367 4185 8659.00000 7040.04236  18.7%   778 7395s
 16999   406 7040.18990  233 4279 8659.00000 7040.18990  18.7%   778 7400s
 17003   409 7040.28577  263 4338 8659.00000 7040.28577  18.7%   778 7405s
 17010   414 7040.33413  147 4350 8659.00000 7040.33413  18.7%   778 7411s
 17014   416 7040.41608  234 4349 8659.00000 7040.41608  18.7%   778 7415s
 17020   420 7040.45646   70 4398 8659.00000 7040.45646  18.7%   777 7421s
 17024   423 7040.56619  308 4371 8659.00000 7040.56619  18.7%   777 7425s
 17028   426 7040.70685   87 4213 8659.00000 7040.70685  18.7%   777 7431s
 17033   429 7199.89139  481 4240 8659.00000 7040.73478  18.7%   777 7435s
 17037   432 7040.86025  125 4286 8659.00000 7040.86025  18.7%   777 7441s
 17041   434 7040.95253  315 4309 8659.00000 7040.95253  18.7%   776 7445s
 17045   437 7040.99223  102 4311 8659.00000 7040.99223  18.7%   776 7450s
 17049   440 7041.08082  211 4141 8659.00000 7041.08082  18.7%   776 7455s
 17053   442 7041.70925   96 4001 8659.00000 7041.70925  18.7%   776 7463s
 17054   443 7041.98638   20 4111 8659.00000 7041.98638  18.7%   776 7467s
 17055   444 7042.13766   53 4078 8659.00000 7042.13766  18.7%   776 7471s
 17059   446 7042.22373  146 4104 8659.00000 7042.22373  18.7%   776 7475s
 17064   450 7042.76569  177 4145 8659.00000 7042.76569  18.7%   775 7483s
 17065   450 7042.89439  271 4309 8659.00000 7042.89439  18.7%   775 7487s
 17068   452 7042.96972   73 4345 8659.00000 7042.96972  18.7%   775 7490s
 17072   455 7043.28451  292 4308 8659.00000 7043.28451  18.7%   775 7496s
 17074   456 7043.38050  221 4478 8659.00000 7043.38050  18.7%   775 7500s
 17079   460 7043.66349  331 4327 8659.00000 7043.66349  18.7%   775 7508s
 17080   460 7043.75434  182 4254 8659.00000 7043.75434  18.7%   775 7510s
 17085   464 7043.88371   24 4377 8659.00000 7043.88371  18.7%   774 7515s
 17090   467 7044.16750  268 4422 8659.00000 7044.16750  18.6%   774 7523s
 17091   468 7044.20190  424 4350 8659.00000 7044.20190  18.6%   774 7525s
 17095   470 7044.43598  367 4404 8659.00000 7044.43598  18.6%   774 7531s
 17099   473 7044.49065  233 4468 8659.00000 7044.49065  18.6%   774 7536s
 17101   474 7045.04075  133 4304 8659.00000 7045.04075  18.6%   774 7542s
 17103   476 7045.08968  263 4358 8659.00000 7045.08968  18.6%   774 7545s
 17107   478 7045.27992   30 4283 8659.00000 7045.27992  18.6%   773 7551s
 17110   480 7045.36670  147 4377 8659.00000 7045.36670  18.6%   773 7555s
 17114   483 7045.81617  234 4130 8659.00000 7045.81617  18.6%   773 7562s
 17115   484 7163.41773  467 4188 8659.00000 7046.01472  18.6%   773 7565s
 17120   487 7046.08091   70 4296 8659.00000 7046.08091  18.6%   773 7571s
 17121   488 7046.72443  178 4144 8659.00000 7046.72443  18.6%   773 7576s
 17122   488 7047.03032   53 4187 8659.00000 7047.03032  18.6%   773 7580s
 17126   491 7047.17905  165 4237 8659.00000 7047.17905  18.6%   772 7585s
 17134   496 7047.20577   22 4283 8659.00000 7047.20577  18.6%   772 7590s
 17135   497 7047.76887   58 4018 8659.00000 7047.76887  18.6%   772 7595s
 17137   498 7048.01187  125 4181 8659.00000 7048.01187  18.6%   772 7600s
 17143   502 7048.07609   12 4374 8659.00000 7048.07609  18.6%   772 7605s
 17144   503 7048.54488   20 4040 8659.00000 7048.54488  18.6%   772 7611s
 17146   504 7048.78330   43 4321 8659.00000 7048.78330  18.6%   772 7616s
 17150   507 7048.88263  110 4312 8659.00000 7048.88263  18.6%   771 7620s
 17152   508 7049.18587  100 4288 8659.00000 7049.18587  18.6%   771 7626s
 17154   510 7049.37859   20 4336 8659.00000 7049.37859  18.6%   771 7631s
 17158   512 7049.44549  151 4343 8659.00000 7049.44549  18.6%   771 7636s
 17159   513 7049.69005  146 4301 8659.00000 7049.69005  18.6%   771 7640s
 17162   515 7049.92452  202 4429 8659.00000 7049.92452  18.6%   771 7645s
 17166   518 7050.17095  112 4409 8659.00000 7050.17095  18.6%   771 7652s
 17168   519 7050.29191   73 4485 8659.00000 7050.29191  18.6%   771 7655s
 17172   522 7050.73620  292 4337 8659.00000 7050.73620  18.6%   770 7664s
 17173   522 7051.17965   62 4346 8659.00000 7051.17965  18.6%   770 7668s
 17174   523 7051.24324  221 4412 8659.00000 7051.24324  18.6%   770 7670s
 17180   527 7051.29310  182 4447 8659.00000 7051.29310  18.6%   770 7675s
 17182   528 7051.51763  176 4397 8659.00000 7051.51763  18.6%   770 7680s
 17187   532 7051.77766  194 4225 8659.00000 7051.77766  18.6%   770 7688s
 17188   532 7051.85230  310 4487 8659.00000 7051.85230  18.6%   770 7690s
 17193   536 7051.91440   34 4505 8659.00000 7051.91440  18.6%   769 7695s
 17194   536 7052.23982   36 4207 8659.00000 7052.23982  18.6%   769 7700s
 17199   540 7052.37248  233 4333 8659.00000 7052.37248  18.6%   769 7706s
 17201   541 7052.59472  133 4219 8659.00000 7052.59472  18.6%   769 7711s
 17206   544 7052.62915   34 4359 8659.00000 7052.62915  18.6%   769 7716s
 17208   546 7053.04103  488 4457 8659.00000 7053.04103  18.5%   769 7722s
 17210   547 7053.08716  147 4483 8659.00000 7053.08716  18.5%   769 7725s
 17215   550 7163.41773  467 4270 8659.00000 7053.27963  18.5%   768 7732s
 17218   552 7053.37281  428 4416 8659.00000 7053.37281  18.5%   768 7735s
 17222   555 7053.57621   53 4379 8659.00000 7053.57621  18.5%   768 7741s
 17226   558 7053.60800  165 4532 8659.00000 7053.60800  18.5%   768 7745s
 17231   561 7053.77574  171 4552 8659.00000 7053.77574  18.5%   768 7751s
 17233   562 7199.89139  481 4369 8659.00000 7053.98758  18.5%   768 7755s
 17237   565 7054.33690  125 4270 8659.00000 7054.33690  18.5%   768 7763s
 17238   566 7054.53399  167 4339 8659.00000 7054.53399  18.5%   767 7766s
 17241   568 7054.63174  315 4442 8659.00000 7054.63174  18.5%   767 7770s
 17246   571 7055.00073   43 4409 8659.00000 7055.00073  18.5%   767 7778s
 17247   572 7055.16550  456 4381 8659.00000 7055.16550  18.5%   767 7781s
 17250   574 7055.36934  110 4639 8659.00000 7055.36934  18.5%   767 7786s
 17255   577 7055.40941   53 4560 8659.00000 7055.40941  18.5%   767 7791s
 17256   578 7055.75734  160 4461 8659.00000 7055.75734  18.5%   767 7795s
 17262   582 7055.96002  202 4597 8659.00000 7055.96002  18.5%   766 7800s
 17265   584 7056.11993  271 4544 8659.00000 7056.11993  18.5%   766 7805s
 17271   588 7056.57744  128 4565 8659.00000 7056.57744  18.5%   766 7813s
 17272   588 7056.67443  292 4574 8659.00000 7056.67443  18.5%   766 7816s
 17275   590 7056.74384   86 4507 8659.00000 7056.74384  18.5%   766 7820s
 17278   592 7057.21548  176 4521 8659.00000 7057.21548  18.5%   766 7827s
 17280   594 7057.41340  182 4543 8659.00000 7057.41340  18.5%   766 7831s
 17286   598 7057.44611  178 4707 8659.00000 7057.44611  18.5%   765 7835s
 17291   601 7057.60617  424 4657 8659.00000 7057.60617  18.5%   765 7840s
 17296   606 7057.74185  186 13166 8659.00000 7057.74185  18.5%   812 7845s
 17298   607 7057.74185   35  917 8659.00000 7057.74185  18.5%   812 7854s
 17299   608 7057.74185  233  994 8659.00000 7057.74185  18.5%   811 7857s
 17300   609 7057.74185  146 1283 8659.00000 7057.74185  18.5%   811 7862s
 17301   609 7057.74185  133 1358 8659.00000 7057.74185  18.5%   811 7872s
 17302   610 7057.74185  173 1357 8659.00000 7057.74185  18.5%   811 7882s
 17303   611 7057.74185  263 1588 8659.00000 7057.74185  18.5%   811 7892s
 17304   611 7057.74185  135 1523 8659.00000 7057.74185  18.5%   811 7904s
 17305   612 7057.74185  154 1816 8659.00000 7057.74185  18.5%   811 7919s
 17306   613 7057.74185   34 1815 8659.00000 7057.74185  18.5%   811 7937s
 17307   613 7057.74185   30 2006 8659.00000 7057.74185  18.5%   811 7956s
 17308   614 7057.74185  488 2322 8659.00000 7057.74185  18.5%   811 7976s
 17309   615 7057.74502  113 2326 8659.00000 7057.74502  18.5%   811 7995s
 17310   615 7057.74502  147 2754 8659.00000 7057.74502  18.5%   811 8016s
 17311   616 7057.77756  147 2999 8659.00000 7057.77756  18.5%   811 8038s
 17312   617 7057.77756  273 3131 8659.00000 7057.77756  18.5%   811 8060s
 17313   617 7057.77756  239 3506 8659.00000 7057.77756  18.5%   811 8080s
 17314   618 7057.77756  234 3664 8659.00000 7057.77756  18.5%   811 8100s
 17315   619 7163.41773  467 3705 8659.00000 7057.77756  18.5%   811 8117s
 17316   619 7057.77756  183 3989 8659.00000 7057.77756  18.5%   811 8130s
 17317   620 7057.77756  125 4103 8659.00000 7057.77756  18.5%   811 8141s
 17318   621 7057.77756  428 4153 8659.00000 7057.77756  18.5%   811 8149s
 17319   621 7057.77756   29 4245 8659.00000 7057.77756  18.5%   811 8157s
 17320   622 7057.77756   70 4358 8659.00000 7057.77756  18.5%   810 8161s
 17322   623 7057.77756   53 4387 8659.00000 7057.77756  18.5%   810 8165s
 17326   626 7057.77756  165 4489 8659.00000 7057.77756  18.5%   810 8170s
 17327   627 7058.28381   45 4336 8659.00000 7058.28381  18.5%   810 8175s
 17330   629 7058.35245   91 4379 8659.00000 7058.35245  18.5%   810 8180s
 17332   630 7058.68355  159 4360 8659.00000 7058.68355  18.5%   810 8185s
 17337   633 7058.71448  125 4349 8659.00000 7058.71448  18.5%   810 8191s
 17339   635 7059.00957  209 4404 8659.00000 7059.00957  18.5%   810 8196s
 17345   639 7059.03384  102 4481 8659.00000 7059.03384  18.5%   809 8202s
 17346   639 7059.28618   43 4485 8659.00000 7059.28618  18.5%   809 8206s
 17351   643 7059.37393   92 4548 8659.00000 7059.37393  18.5%   809 8213s
 17352   643 7059.50349  100 4477 8659.00000 7059.50349  18.5%   809 8224s
 17353   644 7059.52882   96 4461 8659.00000 7059.52882  18.5%   809 8225s
 17356   646 7059.53836  160 4523 8659.00000 7059.53836  18.5%   809 8231s
 17360   649 7059.60911   74 4469 8659.00000 7059.60911  18.5%   809 8235s
 17364   651 7059.62161  177 4555 8659.00000 7059.62161  18.5%   808 8241s
 17367   653 7059.70622  303 4583 8659.00000 7059.70622  18.5%   808 8245s
 17369   655 7059.70742   23 4645 8659.00000 7059.70742  18.5%   808 8250s
 17373   657 7059.80563   62 4540 8659.00000 7059.80563  18.5%   808 8259s
 17374   658 7059.98247  221 4455 8659.00000 7059.98247  18.5%   808 8262s
 17377   660 7060.02859  217 4635 8659.00000 7060.02859  18.5%   808 8265s
 17379   661 7060.09952  331 4514 8659.00000 7060.09952  18.5%   808 8270s
 17381   663 7060.11499  285 4503 8659.00000 7060.11499  18.5%   808 8275s
 17382   663 7060.23400  176 4390 8659.00000 7060.23400  18.5%   808 8285s
 17384   665 7060.37271  139 4450 8659.00000 7060.37271  18.5%   808 8290s
 17387   667 7060.39307  194 4496 8659.00000 7060.39307  18.5%   807 8296s
 17390   669 7060.58836  268 4408 8659.00000 7060.58836  18.5%   807 8301s
 17392   670 7060.59469  202 4401 8659.00000 7060.59469  18.5%   807 8305s
 17396   673 7060.76382  186 4456 8659.00000 7060.76382  18.5%   807 8310s
 17398   674 7060.89544   35 4466 8659.00000 7060.89544  18.5%   807 8317s
 17401   676 7060.96066  133 4425 8659.00000 7060.96066  18.5%   807 8320s
 17404   678 7060.96413  135 4486 8659.00000 7060.96413  18.5%   807 8325s
 17406   679 7061.51664   34 4235 8659.00000 7061.51664  18.4%   806 8332s
 17409   681 7061.58085  113 4385 8659.00000 7061.58085  18.4%   806 8335s
 17411   683 7061.58705  147 4334 8659.00000 7061.58705  18.4%   806 8340s
 17412   683 7062.28516  273 4288 8659.00000 7062.28516  18.4%   806 8346s
 17413   684 7062.47159  239 4337 8659.00000 7062.47159  18.4%   806 8350s
 17420   689 7062.57074   70 4353 8659.00000 7062.57074  18.4%   806 8355s
 17423   691 7062.94812  229 4226 8659.00000 7062.94812  18.4%   806 8361s
 17425   692 7063.11687   33 4329 8659.00000 7063.11687  18.4%   806 8365s
 17431   696 7063.59152  171 4538 8659.00000 7063.59152  18.4%   805 8374s
 17432   697 7063.70407  159 4485 8659.00000 7063.70407  18.4%   805 8376s
 17437   700 7063.73855  125 4593 8659.00000 7063.73855  18.4%   805 8380s
 17439   701 7064.17717  209 4485 8659.00000 7064.17717  18.4%   805 8386s
 17443   704 7064.25019   12 4387 8659.00000 7064.25019  18.4%   805 8390s
 17446   706 7064.39971   43 4400 8659.00000 7064.39971  18.4%   805 8396s
 17450   709 7064.64727  110 4377 8659.00000 7064.64727  18.4%   804 8402s
 17453   711 7064.73560   96 4537 8659.00000 7064.73560  18.4%   804 8405s
 17456   713 7065.06914  160 4297 8659.00000 7065.06914  18.4%   804 8411s
 17458   714 7065.35912  151 4477 8659.00000 7065.35912  18.4%   804 8415s
 17463   717 7066.09930  191 4337 8659.00000 7066.09930  18.4%   804 8425s
 17465   719 7066.43239  271 4259 8659.00000 7066.43239  18.4%   804 8430s
 17470   722 7066.89342   50 4394 8659.00000 7066.89342  18.4%   804 8439s
 17471   723 7067.02168  128 4576 8659.00000 7067.02168  18.4%   803 8441s
 17474   725 7067.10015  221 4568 8659.00000 7067.10015  18.4%   803 8445s
 17478   727 7067.22356  176 4593 8659.00000 7067.22356  18.4%   803 8450s
 17483   731 7067.33375  173 4445 8659.00000 7067.33375  18.4%   803 8456s
 17484   731 7067.57914  139 4435 8659.00000 7067.57914  18.4%   803 8460s
 17490   735 7067.68932  268 4542 8659.00000 7067.68932  18.4%   803 8466s
 17491   736 7068.19327  424 4447 8659.00000 7068.19327  18.4%   803 8471s
 17493   737 7068.35508   34 4429 8659.00000 7068.35508  18.4%   802 8475s
 17497   740 7068.52214   34 4438 8659.00000 7068.52214  18.4%   802 8482s
 17500   742 7068.60677  146 4452 8659.00000 7068.60677  18.4%   802 8485s
H17504   704                    8658.0000000 7069.04149  18.4%   802 8499s
H17504   665                    8655.0000000 7069.04149  18.3%   802 8499s
H17504   628                    8654.0000000 7069.04149  18.3%   802 8505s
 17506   629 7069.16318   34 4310 8654.00000 7069.16318  18.3%   802 8510s
 17513   634 7069.23139  239 4463 8654.00000 7069.23139  18.3%   802 8515s
 17514   634 7069.52563  234 4152 8654.00000 7069.52563  18.3%   802 8520s
 17518   637 7069.68571  428 4413 8654.00000 7069.68571  18.3%   801 8525s
 17520   638 7069.95305   70 4394 8654.00000 7069.95305  18.3%   801 8531s
 17521   639 7070.24023  178 4453 8654.00000 7070.24023  18.3%   801 8536s
 17524   641 7070.38635  308 4456 8654.00000 7070.38635  18.3%   801 8540s
 17529   644 7070.48813  126 4501 8654.00000 7070.48813  18.3%   801 8546s
 17534   648 7070.52010   22 4605 8654.00000 7070.52010  18.3%   801 8550s
 17536   649 7071.00503  236 4526 8654.00000 7071.00503  18.3%   801 8558s
 17537   650 7071.09807  125 4629 8654.00000 7071.09807  18.3%   800 8560s
 17542   653 7071.12153   91 4806 8654.00000 7071.12153  18.3%   800 8565s
 17544   654 7071.50087   20 4643 8654.00000 7071.50087  18.3%   800 8572s
 17548   657 7071.74988  144 4416 8654.00000 7071.74988  18.3%   800 8578s
 17549   658 7071.83585  211 4596 8654.00000 7071.83585  18.3%   800 8580s
 17554   661 7071.90224   20 4607 8654.00000 7071.90224  18.3%   800 8585s
 17558   664 7072.00003  151 4679 8654.00000 7072.00003  18.3%   800 8590s
 17560   665 7072.16839   74 4678 8654.00000 7072.16839  18.3%   799 8595s
 17563   667 7072.34605  191 4567 8654.00000 7072.34605  18.3%   799 8601s
 17565   668 7072.51701  271 4589 8654.00000 7072.51701  18.3%   799 8606s
 17570   672 7072.78238   50 4486 8654.00000 7072.78238  18.3%   799 8614s
 17571   672 7072.87057  128 4569 8654.00000 7072.87057  18.3%   799 8616s
 17577   676 7072.90788  217 4671 8654.00000 7072.90788  18.3%   799 8621s
 17579   678 7073.18308  331 4480 8654.00000 7073.18308  18.3%   799 8626s
 17582   680 7073.23761  176 4650 8654.00000 7073.23761  18.3%   798 8630s
 17587   683 7073.49236  194 4550 8654.00000 7073.49236  18.3%   798 8636s
 17592   686 7073.57863  202 4679 8654.00000 7073.57863  18.3%   798 8642s
 17593   687 7073.71407   34 4570 8654.00000 7073.71407  18.3%   798 8645s
 17598   690 7073.83114   35 4685 8654.00000 7073.83114  18.3%   798 8651s
 17599   691 7074.14784  233 4553 8654.00000 7074.14784  18.3%   798 8656s
 17601   692 7074.34048  133 4658 8654.00000 7074.34048  18.3%   798 8661s
 17604   694 7074.35669  135 4724 8654.00000 7074.35669  18.3%   797 8665s
 17608   697 7074.49567  488 4769 8654.00000 7074.49567  18.3%   797 8670s
 17610   698 7074.72345  147 4762 8654.00000 7074.72345  18.2%   797 8675s
 17614   701 7074.80817  234 4893 8654.00000 7074.80817  18.2%   797 8681s
 17615   702 7163.41773  467 4758 8654.00000 7075.00161  18.2%   797 8685s
 17619   704 7075.09637   29 4874 8654.00000 7075.09637  18.2%   797 8691s
 17620   705 7075.51566   70 4582 8654.00000 7075.51566  18.2%   797 8696s
 17622   706 7075.68768   53 4642 8654.00000 7075.68768  18.2%   797 8700s
 17626   709 7076.13778  165 4517 8654.00000 7076.13778  18.2%   796 8708s
 17628   710 7076.18943   87 4791 8654.00000 7076.18943  18.2%   796 8710s
 17631   712 7076.39105  171 4551 8654.00000 7076.39105  18.2%   796 8716s
 17634   714 7076.46647   22 4873 8654.00000 7076.46647  18.2%   796 8721s
 17636   716 7076.73426  236 4718 8654.00000 7076.73426  18.2%   796 8726s
 17640   718 7076.74864   14 4709 8654.00000 7076.74864  18.2%   796 8730s
 17642   720 7077.19890   91 4538 8654.00000 7077.19890  18.2%   796 8737s
 17644   721 7077.25597   20 4665 8654.00000 7077.25597  18.2%   796 8740s
 17648   724 7077.36342  144 4481 8654.00000 7077.36342  18.2%   795 8746s
 17653   727 7077.44939   96 4595 8654.00000 7077.44939  18.2%   795 8752s
 17654   728 7077.75355   20 4510 8654.00000 7077.75355  18.2%   795 8756s
 17658   730 7077.81437  151 4736 8654.00000 7077.81437  18.2%   795 8760s
 17661   732 7077.90831  132 4631 8654.00000 7077.90831  18.2%   795 8766s
 17667   736 7077.92449  303 4648 8654.00000 7077.92449  18.2%   795 8770s
 17671   739 7078.01786  128 4700 8654.00000 7078.01786  18.2%   794 8776s
 17674   741 7078.14634  221 4596 8654.00000 7078.14634  18.2%   794 8780s
 17677   743 7078.27653  217 4641 8654.00000 7078.27653  18.2%   794 8786s
 17683   747 7078.31504  173 4729 8654.00000 7078.31504  18.2%   794 8790s
 17690   752 7078.39693  268 4698 8654.00000 7078.39693  18.2%   794 8796s
 17696   756 7078.44902  186 4555 8654.00000 7078.44902  18.2%   793 8801s
 17700   758 7078.49012  146 4536 8654.00000 7078.49012  18.2%   793 8806s
 17704   761 7078.52502  135 4519 8654.00000 7078.52502  18.2%   793 8810s
 17709   764 7078.56272  113 4639 8654.00000 7078.56272  18.2%   793 8815s
 17714   768 7078.72472  234 4602 8654.00000 7078.72472  18.2%   792 8823s
 17716   769 7078.77161  183 4564 8654.00000 7078.77161  18.2%   792 8825s
 17720   772 7078.89113   70 4577 8654.00000 7078.89113  18.2%   792 8830s
 17725   775 7079.01261   33 4519 8654.00000 7079.01261  18.2%   792 8836s
 17728   777 7079.09905   87 4576 8654.00000 7079.09905  18.2%   792 8840s
 17732   780 7079.25701  159 4432 8654.00000 7079.25701  18.2%   792 8846s
 17735   782 7079.29388   58 4498 8654.00000 7079.29388  18.2%   792 8850s
 17739   784 7079.33621  209 4554 8654.00000 7079.33621  18.2%   791 8855s
 17744   788 7079.39177   20 4551 8654.00000 7079.39177  18.2%   791 8860s
 17747   790 7079.55112  456 4437 8654.00000 7079.55112  18.2%   791 8865s
 17752   793 7079.60001  100 4517 8654.00000 7079.60001  18.2%   791 8870s
 17756   796 7079.63004  160 4602 8654.00000 7079.63004  18.2%   791 8875s
 17761   799 7079.72446  132 4546 8654.00000 7079.72446  18.2%   790 8881s
 17765   802 7079.77952  271 4524 8654.00000 7079.77952  18.2%   790 8885s
 17766   802 7079.77982  112 4473 8654.00000 7079.77982  18.2%   790 8897s
 17767   803 7079.77982  303 4473 8654.00000 7079.77982  18.2%   790 8900s
 17773   807 7079.88043   62 4427 8654.00000 7079.88043  18.2%   790 8906s
 17778   810 7079.88520  176 4456 8654.00000 7079.88520  18.2%   790 8911s
 17780   812 7079.89430  182 4427 8654.00000 7079.89430  18.2%   790 8915s
 17781   812 7079.89433  285 4427 8654.00000 7079.89433  18.2%   789 9012s
 17782   816 7080.01450   61 4264 8654.00000 7079.89433  18.2%   822 9052s
 17784   819 7080.02071   62 4347 8654.00000 7080.01450  18.2%   822 9097s
 17788   826 7080.03069   63 4396 8654.00000 7080.02071  18.2%   825 9138s
 17796   839 7080.69216   64 4491 8654.00000 7080.03242  18.2%   828 9204s
 17812   850 7081.84441   65 4436 8654.00000 7080.69226  18.2%   838 9290s
 17828   871 7092.13966   66 4253 8654.00000 7080.69226  18.2%   846 9358s
H17831   822                    8653.0000000 7080.69226  18.2%   847 9358s
H17834   774                    8634.0000000 7080.69226  18.0%   848 9358s
 17854   905 7083.97485   67 4495 8634.00000 7080.69226  18.0%   855 9428s
 17992   889 7094.45951   72 4120 8634.00000 7080.69226  18.0%   864 9454s
H17994   844                    8633.0000000 7080.69226  18.0%   865 9454s
H18001   801                    8630.0000000 7080.69226  18.0%   865 9454s
 18022   896 7086.78852   72 3999 8630.00000 7080.69226  18.0%   866 9487s
 18124   890 7087.19360   76 3992 8630.00000 7080.69226  18.0%   869 9508s
 18152   913 7087.45240   77 4038 8630.00000 7080.69226  18.0%   869 9535s
 18184   931 7087.60618   78 3963 8630.00000 7080.69226  18.0%   871 9560s
 18213   951 7092.37213   79 3835 8630.00000 7080.69226  18.0%   872 9586s
 18243   972 7093.09401   80 3667 8630.00000 7080.69226  18.0%   874 9610s
 18274   989 7093.14048   81 3706 8630.00000 7080.69226  18.0%   875 9637s
 18301  1011 7093.38579   82 3825 8630.00000 7080.69226  18.0%   876 9659s
 18332  1031 7097.42265   85 4188 8630.00000 7080.69226  18.0%   877 9685s
 18362  1062 7093.73332   83 3782 8630.00000 7080.69226  18.0%   878 9709s
 18403  1076 7093.92139   84 3777 8630.00000 7080.69226  18.0%   879 9732s
 18431  1100 7094.30115   85 3788 8630.00000 7080.69226  18.0%   880 9754s
H18435  1058                    8629.0000000 7080.69226  17.9%   880 9754s
 18464  1078 7094.91856   86 3836 8629.00000 7080.69226  17.9%   881 9776s
 18493  1109 7095.20177   87 3860 8629.00000 7080.69226  17.9%   882 9798s
 18534  1124 7095.24894   88 3903 8629.00000 7080.69226  17.9%   882 9826s
 18563  1186 7095.42208   89 3842 8629.00000 7080.69226  17.9%   883 9851s
 18634  1285 7095.53339   90 3837 8629.00000 7080.69226  17.9%   884 9878s
 18757  1389 7096.33797   96 3857 8629.00000 7080.69226  17.9%   888 9908s
 18902  1373 7096.92808  103 3683 8629.00000 7080.69226  17.9%   891 9929s
 18934  1460 7096.94186  104 3682 8629.00000 7080.69226  17.9%   892 9955s
 19032  1578 7097.00967  105 3585 8629.00000 7080.69226  17.9%   894 9992s
 19183  1694 7102.24753  110 3569 8629.00000 7080.69226  17.9%   895 10025s
 19351  1772 7102.48669  111 3685 8629.00000 7080.69226  17.9%   898 10061s
 19485  1876 7104.12525  115 3645 8629.00000 7080.69226  17.9%   903 10096s
 19634  1882 7104.86686  119 3651 8629.00000 7080.69226  17.9%   907 10122s
 19664  1927 7105.01692  120 3623 8629.00000 7080.69226  17.9%   908 10148s
 19709  2004 7105.13017  121 3580 8629.00000 7080.69226  17.9%   909 10176s
H19774  2004                    8627.0000000 7080.69226  17.9%   911 10176s
 19786  2184 7105.52398  124 3747 8627.00000 7080.69226  17.9%   911 10224s
 19966  2357 7113.56469  131 3596 8627.00000 7080.69226  17.9%   914 10263s
 20139  2553 7114.07028  134 3595 8627.00000 7080.69226  17.9%   917 10306s
 20335  2799 7121.73759  142 3715 8627.00000 7080.69226  17.9%   921 10350s
 20581  3025 7133.70223  150 3543 8627.00000 7080.69226  17.9%   924 10396s
 20807  3202 7137.16432  157 3736 8627.00000 7080.69226  17.9%   929 10442s
 20986  3340 7138.37820  164 3552 8627.00000 7080.69226  17.9%   934 10492s
 21124  3487 7139.47145  170 3521 8627.00000 7080.69226  17.9%   939 10546s
 21271  3660 7140.86353  183 3591 8627.00000 7080.69226  17.9%   944 10598s
 21444  3883 7147.94308  190 3650 8627.00000 7080.69226  17.9%   950 10653s
 21667  4128 7156.64786  198 3328 8627.00000 7080.69226  17.9%   955 10710s
 21912  4160 7180.16215  202 3445 8627.00000 7080.69226  17.9%   962 10741s
 21944  4216 7182.83255  203 3320 8627.00000 7080.69226  17.9%   963 10790s
 22000  4444 7183.00935  204 3418 8627.00000 7080.69226  17.9%   966 10839s
 22228  4727 7187.88554  209 3401 8627.00000 7080.69226  17.9%   970 10908s
 22513  5045 7222.53014  215 3086 8627.00000 7080.69226  17.9%   976 10971s
 22833  5270 7243.25594  221 3071 8627.00000 7080.69226  17.9%   983 11042s
 23073  5511 7251.68387  229 3015 8627.00000 7080.69226  17.9%   988 11123s
 23314  5818 7289.82077  232 3006 8627.00000 7080.69226  17.9%  1000 11201s
 23623  6195 7303.14213  242 2913 8627.00000 7080.69226  17.9%  1009 11277s
 24000  6227 7378.51260  255 2524 8627.00000 7080.69226  17.9%  1019 11321s
H24003  6227                    8623.0000000 7080.69226  17.9%  1019 11321s
H24010  6226                    8617.0000000 7080.69226  17.8%  1019 11321s
 24032  6514 7383.15212  256 2512 8617.00000 7080.69226  17.8%  1020 11402s
 24322  6554 7420.93986  272 2637 8617.00000 7080.69226  17.8%  1033 11458s
 24362  6885 7502.84849  273 2712 8617.00000 7080.69226  17.8%  1037 11543s
 24716  7293 7516.84825  282 2427 8617.00000 7080.69226  17.8%  1045 11630s
 25126  7817 7561.02466  298 2531 8617.00000 7080.69226  17.8%  1056 11718s
 25654  8386 7665.34339  305 2466 8617.00000 7080.69226  17.8%  1064 11810s
 26233  9129 7811.70875  332 2229 8617.00000 7080.69226  17.8%  1073 11905s
 26978  9289 7847.15946  375 2083 8617.00000 7080.69226  17.8%  1075 11966s
 27138  9864 7850.85289  382 2071 8617.00000 7080.69226  17.8%  1074 12065s
 27747 10315 7886.63704  410 2016 8617.00000 7080.69226  17.8%  1077 12152s
H27791 10314                    8616.0000000 7080.69226  17.8%  1077 12152s
H27933 10302                    8601.0000000 7080.69226  17.7%  1079 12152s
 28257 11032 7945.61606  446 1633 8601.00000 7080.69226  17.7%  1078 12265s
 29094 11841 7996.00635  512 1389 8601.00000 7080.69226  17.7%  1081 12428s
 30002 12302 8076.34613  576 1447 8601.00000 7080.69226  17.7%  1088 12529s
 30504 12748 8156.49387  625 1123 8601.00000 7080.69226  17.7%  1095 12629s
H30954 12803                    8583.0000000 7080.69226  17.5%  1100 12691s
 31096 13173 8471.15628  687  891 8583.00000 7080.69226  17.5%  1100 12783s
H31186 13157                    8581.0000000 7080.69226  17.5%  1098 12783s
H31223 13144                    8579.0000000 7080.69226  17.5%  1098 12783s
 31514 13761 8032.72242  482 2293 8579.00000 7080.69226  17.5%  1100 12916s
 32168 14267 7203.17360  193 3719 8579.00000 7080.69226  17.5%  1110 13055s
 32771 14730 7211.91808  198 3467 8579.00000 7080.69226  17.5%  1121 13193s
 33270 15309 7217.89482  212 3509 8579.00000 7080.69226  17.5%  1139 13337s
 33917 15926 7288.37816  219 3223 8579.00000 7080.69226  17.5%  1153 13494s
 34573 16332 7308.82175  244 3063 8579.00000 7080.69226  17.5%  1167 13626s
H34939 16307                    8575.0000000 7080.69226  17.4%  1175 13627s
 35001 17052 7369.29169  252 2723 8575.00000 7080.69226  17.4%  1175 13788s
 35754 17769 7444.30039  270 2905 8575.00000 7080.69226  17.4%  1190 13958s
 36532 18591 7487.99317  306 2631 8575.00000 7080.69226  17.4%  1206 14133s
 37360 19180 7534.00868  340 2500 8575.00000 7080.69226  17.4%  1219 14289s
 37965 19212 7607.55099  361 2443 8575.00000 7080.69226  17.4%  1229 14392s
H37968 19199                    8574.0000000 7080.69226  17.4%  1229 14392s
H37971 19180                    8573.0000000 7080.69226  17.4%  1229 14392s
 37997 19843 7607.61177  362 2430 8573.00000 7080.69226  17.4%  1229 14555s
 38671 21083 7694.43383  384 2321 8573.00000 7080.69226  17.4%  1236 14759s
 39945 21454 7775.15109  413 2351 8573.00000 7080.69226  17.4%  1245 14924s
 40329 22499 7811.67781  429 2319 8573.00000 7080.69226  17.4%  1252 15135s
 41686 23588 7987.19429  473 2302 8573.00000 7080.69226  17.4%  1254 15372s
 42817 24309 8454.48860  551 1988 8573.00000 7080.69226  17.4%  1270 15589s
 43677 25279 7197.80074  190 3533 8573.00000 7080.69226  17.4%  1286 15850s
 44770 26122 7207.89629  204 3168 8573.00000 7080.69226  17.4%  1301 16128s
 45715 27245 7457.92688  221 2725 8573.00000 7080.69226  17.4%  1326 16392s
 46840 27706 7986.80128  257 2435 8573.00000 7080.69226  17.4%  1347 16668s
 47305 27859 8006.82171  273 2373 8573.00000 7080.69226  17.4%  1363 16901s
 47460 27893 8007.92944  274 2349 8573.00000 7080.69226  17.4%  1373 17085s
H47467 27870                    8572.0000000 7080.69226  17.4%  1373 17085s
 47494 29304 8009.91743  275 2302 8572.00000 7080.69226  17.4%  1374 17382s
 48998 30856 8565.58255  362 1332 8572.00000 7080.69226  17.4%  1382 17683s
 50652 32259 7216.13668  109 2886 8572.00000 7080.69226  17.4%  1394 17967s
H51640 32242                    8571.0000000 7080.69226  17.4%  1399 17967s
H51947 32224                    8570.0000000 7080.69226  17.4%  1401 17967s
 52160 33819 7264.38511  153 3034 8570.00000 7080.69226  17.4%  1401 18299s
 53874 35517 7313.08628  214 3193 8570.00000 7083.98431  17.3%  1411 18617s
 55686 36398 7344.50817  287 3073 8570.00000 7083.98431  17.3%  1416 18898s
 56589 38213 7361.23991  300 2636 8570.00000 7083.98431  17.3%  1421 19261s
 58514 38214 8486.33719  465 13071 8570.00000 7083.98431  17.3%  1432 20568s
 58516 38215 7325.65154  232  906 8570.00000 7083.98431  17.3%  1432 20576s
 58518 38217 7342.32914  427 1086 8570.00000 7083.98431  17.3%  1432 20584s
 58519 38217 7821.47293  405 1277 8570.00000 7083.98431  17.3%  1432 20594s
 58520 38218 7260.78415  337 1423 8570.00000 7083.98431  17.3%  1432 20605s
 58521 38219 7775.88237  319 1560 8570.00000 7083.98431  17.3%  1432 20617s
 58522 38219 7791.52518  458 1647 8570.00000 7083.98431  17.3%  1432 20631s
 58523 38220 7614.88061  372 1757 8570.00000 7083.98431  17.3%  1432 20651s
 58524 38221 7269.16667  209 1912 8570.00000 7083.98431  17.3%  1432 20672s
 58525 38221 7747.93323  172 2029 8570.00000 7083.98431  17.3%  1431 20693s
 58526 38222 7773.96346  392 2355 8570.00000 7083.98431  17.3%  1431 20718s
 58527 38223 7920.31456  501 2459 8570.00000 7083.98431  17.3%  1431 20744s
 58528 38223 7184.49915  139 2662 8570.00000 7083.98431  17.3%  1431 20768s
 58529 38224 8512.99276  764 2888 8570.00000 7083.98431  17.3%  1431 20792s
 58530 38225 7131.06814  173 2986 8570.00000 7083.98431  17.3%  1431 20817s
 58531 38225 8121.69487  216 3286 8570.00000 7083.98431  17.3%  1431 20838s
 58532 38226 7096.25855   70 3364 8570.00000 7085.96490  17.3%  1431 20857s
 58533 38227 7604.17395  442 3607 8570.00000 7094.45689  17.2%  1431 20874s
 58534 38227 7107.36985  128 3830 8570.00000 7099.70978  17.2%  1431 20888s
 58535 38228 8464.90188  720 3897 8570.00000 7102.05595  17.1%  1431 20899s
 58536 38229 7527.31175  337 3720 8570.00000 7103.80696  17.1%  1431 20909s
 58537 38229 7923.09857  222 4035 8570.00000 7104.77900  17.1%  1431 20917s
 58538 38230 7977.75417  215 3884 8570.00000 7105.17960  17.1%  1431 20921s
 58539 38231 7502.76077  293 4025 8570.00000 7105.48690  17.1%  1431 20925s
 58543 38233 8528.18598  722 3958 8570.00000 7105.66815  17.1%  1431 20930s
 58546 38235 7316.13966  339 3872 8570.00000 7117.03511  17.0%  1431 20957s
 58547 38236 7394.02133  266 3814 8570.00000 7121.58274  16.9%  1431 20972s
 58548 38237 7214.17556   84 4098 8570.00000 7124.02549  16.9%  1431 20983s
 58549 38237 7537.20083  310 3885 8570.00000 7125.18784  16.9%  1431 20991s
 58550 38238 7340.96197  152 4107 8570.00000 7125.76278  16.9%  1431 20995s
 58552 38239 7287.88576   84 4000 8570.00000 7126.10258  16.8%  1431 21000s
 58557 38243 7143.52724  219 4009 8570.00000 7126.15435  16.8%  1431 21035s
 58558 38243 7582.64167  171 3892 8570.00000 7131.82490  16.8%  1431 21049s
 58559 38244 7133.61784   96 3773 8570.00000 7133.61784  16.8%  1431 21060s
 58560 38245 7475.31076  336 3734 8570.00000 7134.15873  16.8%  1431 21065s
 58563 38247 7151.52530   87 3982 8570.00000 7134.34881  16.8%  1431 21070s
 58570 38251 7372.25015  343 4048 8570.00000 7134.37799  16.8%  1430 21111s
 58571 38252 7591.48094  182 3592 8570.00000 7137.69156  16.7%  1430 21124s
 58572 38253 7847.51978  309 3614 8570.00000 7138.78933  16.7%  1430 21133s
 58573 38253 7640.39942  452 3946 8570.00000 7139.37193  16.7%  1430 21140s
 58575 38255 7139.75608   91 3882 8570.00000 7139.75608  16.7%  1430 21145s
 58580 38258 8472.74185  488 3846 8570.00000 7139.80584  16.7%  1430 21178s
 58581 38259 7152.70294   95 3628 8570.00000 7142.56923  16.7%  1430 21189s
 58582 38259 7233.29461  371 3747 8570.00000 7143.65636  16.6%  1430 21196s
 58583 38260 7342.42978  252 3535 8570.00000 7144.38437  16.6%  1430 21202s
 58585 38261 8282.99825  601 3601 8570.00000 7144.73116  16.6%  1430 21206s
 58588 38263 7154.13412   88 3719 8570.00000 7144.75171  16.6%  1430 21238s
 58589 38264 8138.92527  357 3557 8570.00000 7147.06406  16.6%  1430 21258s
 58590 38265 8529.80900  649 3788 8570.00000 7147.76877  16.6%  1430 21265s
 58592 38266 8532.47153  592 3604 8570.00000 7148.12884  16.6%  1430 21272s
 58595 38268 8545.21291  738 3686 8570.00000 7148.20261  16.6%  1430 21275s
 58599 38271 7838.77572  401 3685 8570.00000 7148.21280  16.6%  1430 21309s
 58600 38271 7811.27918  429 3554 8570.00000 7151.52922  16.6%  1430 21323s
 58601 38272 7159.61302  167 3680 8570.00000 7152.57453  16.5%  1430 21330s
 58603 38273 7235.30703  377 3645 8570.00000 7152.89117  16.5%  1430 21336s
 58607 38276 7980.87848  217 3667 8570.00000 7152.96896  16.5%  1429 21340s
 58609 38277 7657.70047  398 3767 8570.00000 7152.97224  16.5%  1429 21369s
 58610 38278 7983.19862  470 3813 8570.00000 7155.74280  16.5%  1429 21382s
 58611 38279 8023.05592  136 3777 8570.00000 7156.75571  16.5%  1429 21389s
 58612 38279 7225.68124  153 3703 8570.00000 7157.11875  16.5%  1429 21394s
 58613 38280 7266.11064   85 3785 8570.00000 7157.23304  16.5%  1429 21396s
 58617 38283 7181.99571  101 3870 8570.00000 7157.33550  16.5%  1429 21400s
 58620 38285 7260.78415  337 3915 8570.00000 7157.34077  16.5%  1429 21432s
 58621 38285 7775.88237  319 3799 8570.00000 7160.08921  16.5%  1429 21445s
 58622 38286 7791.52518  458 3812 8570.00000 7161.00404  16.4%  1429 21452s
 58623 38287 7614.88061  372 3844 8570.00000 7161.49433  16.4%  1429 21457s
 58624 38287 7269.16667  209 3842 8570.00000 7161.84648  16.4%  1429 21461s
 58628 38290 7184.49915  139 3864 8570.00000 7161.96736  16.4%  1429 21465s
 58629 38291 8512.99276  764 3918 8570.00000 7161.96807  16.4%  1429 21494s
 58630 38291 7164.04905  173 3664 8570.00000 7164.04905  16.4%  1429 21503s
 58631 38292 8121.69487  216 3817 8570.00000 7164.93794  16.4%  1429 21510s
 58633 38293 7604.17395  442 3807 8570.00000 7165.24661  16.4%  1429 21516s
 58639 38297 7502.76077  293 3831 8570.00000 7165.28873  16.4%  1429 21551s
 58640 38298 7672.47179  408 3586 8570.00000 7167.38380  16.4%  1429 21559s
 58641 38299 8332.05615  651 3638 8570.00000 7168.37420  16.4%  1429 21565s
 58642 38299 7291.05838  345 3772 8570.00000 7168.74519  16.4%  1429 21570s
 58644 38301 7214.47043   91 3780 8570.00000 7169.06412  16.3%  1429 21575s
 58648 38303 7214.17556   84 3859 8570.00000 7169.11200  16.3%  1428 21610s
 58649 38304 7537.20083  310 3694 8570.00000 7170.82096  16.3%  1428 21630s
 58650 38305 7340.96197  152 3580 8570.00000 7171.48735  16.3%  1428 21636s
 58651 38305 7171.69718  144 3699 8570.00000 7171.69718  16.3%  1428 21640s
 58656 38309 7284.73848  253 4033 8570.00000 7171.81814  16.3%  1428 21675s
 58657 38309 7172.57534  219 3865 8570.00000 7172.57534  16.3%  1428 21683s
 58658 38310 7582.64167  171 3604 8570.00000 7172.90391  16.3%  1428 21686s
 58660 38311 7475.31076  336 3702 8570.00000 7173.07519  16.3%  1428 21690s
 58663 38313 7173.08923   87 3857 8570.00000 7173.08923  16.3%  1428 21724s
 58664 38314 7325.18351  213 3904 8570.00000 7175.02077  16.3%  1428 21735s
 58665 38315 8051.31388  205 3900 8570.00000 7176.13402  16.3%  1428 21742s
 58666 38315 8451.35522  804 3845 8570.00000 7176.64005  16.3%  1428 21748s
 58667 38316 7682.39197  183 3976 8570.00000 7176.86280  16.3%  1428 21751s
 58672 38319 7847.51978  309 4092 8570.00000 7176.94447  16.3%  1428 21755s
 58676 38322 7222.61136  216 4086 8570.00000 7176.98387  16.3%  1428 21789s
 58677 38323 7816.06814  352 3855 8570.00000 7178.79566  16.2%  1428 21799s
 58678 38323 7179.38857  103 3826 8570.00000 7179.38857  16.2%  1428 21804s
 58679 38324 8512.68504  543 3965 8570.00000 7179.58547  16.2%  1428 21807s
 58682 38326 7233.29461  371 3951 8570.00000 7179.68458  16.2%  1428 21810s
 58684 38327 7179.68948   93 3941 8570.00000 7179.68948  16.2%  1428 21847s
 58685 38328 8282.99825  601 3704 8570.00000 7183.54405  16.2%  1428 21862s
 58686 38329 8114.76166  459 3776 8570.00000 7184.36626  16.2%  1428 21868s
 58687 38329 8370.71708  359 3916 8570.00000 7184.72427  16.2%  1428 21872s
 58688 38330 7184.88316   88 3726 8570.00000 7184.88316  16.2%  1428 21875s
 58693 38333 7375.35461  190 4052 8570.00000 7185.03318  16.2%  1427 21912s
 58694 38334 7206.03974  174 3929 8570.00000 7186.75032  16.1%  1427 21923s
 58695 38335 8545.21291  738 3844 8570.00000 7187.24858  16.1%  1427 21928s
 58696 38335 7797.27110  544 3910 8570.00000 7187.42936  16.1%  1427 21931s
 58699 38337 7838.77572  401 3861 8570.00000 7187.59528  16.1%  1427 21935s
 58702 38339 8361.08919  528 3969 8570.00000 7187.62483  16.1%  1427 21965s
 58703 38340 7235.30703  377 3880 8570.00000 7190.10584  16.1%  1427 21990s
 58704 38341 7808.47075  439 4099 8570.00000 7190.74745  16.1%  1427 21999s
 58705 38341 8541.15924  402 4205 8570.00000 7191.04064  16.1%  1427 22002s
 58707 38343 7980.87848  217 4246 8570.00000 7191.15145  16.1%  1427 22005s
 58713 38347 7266.11064   85 4297 8570.00000 7191.19534  16.1%  1427 22037s
 58714 38347 8486.33719  465 3927 8570.00000 7193.66829  16.1%  1427 22049s
 58715 38348 8294.99388  154 4133 8570.00000 7194.33933  16.1%  1427 22054s
 58716 38349 7325.65154  232 4120 8570.00000 7194.60715  16.0%  1427 22058s
 58717 38349 7194.72355  101 4073 8570.00000 7194.72355  16.0%  1427 22061s
 58721 38352 7775.88237  319 4329 8570.00000 7194.80504  16.0%  1427 22065s
 58724 38354 7269.16667  209 4479 8570.00000 7194.82528  16.0%  1427 22095s
 58725 38355 7747.93323  172 4268 8570.00000 7196.53776  16.0%  1427 22107s
 58726 38355 7773.96346  392 3965 8570.00000 7197.58828  16.0%  1427 22114s
 58727 38356 7920.31456  501 4128 8570.00000 7198.05048  16.0%  1427 22120s
 58731 38359 8121.69487  216 4159 8570.00000 7198.19023  16.0%  1426 22125s
 58734 38361 7198.20069  128 4185 8570.00000 7198.20069  16.0%  1426 22157s
 58735 38361 8464.90188  720 3956 8570.00000 7199.50544  16.0%  1426 22167s
 58736 38362 7527.31175  337 4291 8570.00000 7199.83769  16.0%  1426 22171s
 58739 38364 7502.76077  293 4290 8570.00000 7199.95437  16.0%  1426 22175s
 58743 38367 8528.18598  722 4314 8570.00000 7199.96642  16.0%  1426 22206s
 58744 38367 7214.47043   91 4073 8570.00000 7201.08358  16.0%  1426 22215s
 58745 38368 7616.71164  380 3885 8570.00000 7201.42303  16.0%  1426 22220s
 58747 38369 7394.02133  266 4291 8570.00000 7201.61407  16.0%  1426 22225s
 58751 38372 7201.65126  144 4402 8570.00000 7201.65126  16.0%  1426 22256s
 58752 38373 7287.88576   84 4090 8570.00000 7202.98338  16.0%  1426 22265s
 58753 38373 8426.29937  329 4239 8570.00000 7203.66642  15.9%  1426 22270s
 58754 38374 7326.19946  207 4194 8570.00000 7203.96355  15.9%  1426 22276s
 58757 38376 7204.09852  219 4121 8570.00000 7204.09852  15.9%  1426 22280s
 58761 38379 7265.81410  209 4249 8570.00000 7204.12346  15.9%  1426 22312s
 58762 38379 7940.31476  453 4133 8570.00000 7205.35420  15.9%  1426 22549s
 58763 38380 7205.83390   87 4167 8570.00000 7205.83390  15.9%  1426 22587s
 58764 38381 7325.18351  213 4230 8570.00000 7206.05213  15.9%  1426 22590s
 58767 38383 7682.39197  183 4269 8570.00000 7206.18866  15.9%  1426 22595s
 58772 38386 7847.51978  309 4487 8570.00000 7206.21296  15.9%  1425 22630s
 58773 38387 7640.39942  452 3875 8570.00000 7208.92346  15.9%  1425 22645s
 58774 38387 7281.28208  227 3961 8570.00000 7210.22107  15.9%  1425 22654s
 58775 38388 7210.60431   91 4137 8570.00000 7210.60431  15.9%  1425 22659s
 58776 38389 7222.61136  216 4210 8570.00000 7210.82353  15.9%  1425 22663s
 58777 38389 7816.06814  352 4116 8570.00000 7211.00432  15.9%  1425 22667s
 58779 38391 8512.68504  543 4233 8570.00000 7211.12480  15.9%  1425 22670s
 58786 38395 8114.76166  459 4278 8570.00000 7211.15897  15.9%  1425 22703s
 58787 38396 8370.71708  359 4091 8570.00000 7212.62778  15.8%  1425 22711s
 58788 38397 7213.32029   88 4047 8570.00000 7213.32029  15.8%  1425 22717s
 58789 38397 8138.92527  357 4057 8570.00000 7213.58890  15.8%  1425 22721s
 58791 38399 7956.38286  560 4098 8570.00000 7213.75087  15.8%  1425 22725s
 58795 38401 8545.21291  738 4121 8570.00000 7213.78618  15.8%  1425 22757s
 58796 38402 7797.27110  544 4110 8570.00000 7215.17816  15.8%  1425 22767s
 58797 38403 7215.84595  122 4099 8570.00000 7215.84595  15.8%  1425 22773s
 58798 38403 7509.97268  280 4204 8570.00000 7216.09048  15.8%  1425 22776s
 58802 38406 8361.08919  528 4234 8570.00000 7216.19418  15.8%  1425 22780s
 58804 38407 7808.47075  439 4284 8570.00000 7216.20472  15.8%  1425 22812s
 58805 38408 8541.15924  402 4040 8570.00000 7217.91863  15.8%  1425 22822s
 58806 38409 7855.76786  297 4128 8570.00000 7218.42679  15.8%  1425 22828s
 58807 38409 7980.87848  217 4014 8570.00000 7218.64778  15.8%  1425 22832s
 58809 38411 7657.70047  398 4097 8570.00000 7218.76433  15.8%  1425 22835s
 58815 38415 8294.99388  154 4139 8570.00000 7218.77773  15.8%  1424 22868s
 58816 38415 7325.65154  232 3914 8570.00000 7219.58884  15.8%  1424 22876s
 58817 38416 7220.08611  101 4073 8570.00000 7220.08611  15.8%  1424 22882s
 58818 38417 7342.32914  427 4133 8570.00000 7220.25019  15.7%  1424 22885s
 58822 38419 7791.52518  458 4253 8570.00000 7220.39389  15.7%  1424 22890s
 58823 38420 7614.88061  372 4301 8570.00000 7220.39440  15.7%  1424 22918s
 58824 38421 7269.16667  209 4280 8570.00000 7221.44704  15.7%  1424 22926s
 58825 38421 7747.93323  172 3960 8570.00000 7221.85295  15.7%  1424 22931s
 58827 38423 7920.31456  501 4106 8570.00000 7222.15040  15.7%  1424 22936s
 58831 38425 8121.69487  216 4215 8570.00000 7222.22162  15.7%  1424 22940s
 58832 38426 7222.22289   70 4164 8570.00000 7222.22289  15.7%  1424 22967s
 58833 38427 7604.17395  442 4118 8570.00000 7222.91071  15.7%  1424 22973s
 58834 38427 7223.61272  128 4057 8570.00000 7223.61272  15.7%  1424 22978s
 58835 38428 8464.90188  720 4053 8570.00000 7223.88134  15.7%  1424 22983s
 58836 38429 7527.31175  337 4184 8570.00000 7223.97960  15.7%  1424 22985s
 58843 38433 8528.18598  722 4232 8570.00000 7224.08697  15.7%  1424 23019s
 58844 38434 7226.70833   91 3984 8570.00000 7226.70833  15.7%  1424 23031s
 58845 38435 7616.71164  380 3781 8570.00000 7227.76873  15.7%  1424 23038s
 58846 38435 7316.13966  339 4003 8570.00000 7228.04799  15.7%  1424 23042s
 58848 38437 7228.28478   84 4260 8570.00000 7228.28478  15.7%  1424 23046s
 58853 38440 8426.29937  329 4195 8570.00000 7228.34461  15.7%  1423 23050s
 58854 38441 7326.19946  207 4218 8570.00000 7228.34528  15.7%  1423 23081s
 58855 38441 8391.43401  530 4098 8570.00000 7229.90857  15.6%  1423 23091s
 58856 38442 7284.73848  253 4142 8570.00000 7230.61592  15.6%  1423 23098s
 58857 38443 7230.80375  219 4236 8570.00000 7230.80375  15.6%  1423 23101s
 58860 38445 7475.31076  336 4244 8570.00000 7230.95343  15.6%  1423 23105s
 58862 38446 7940.31476  453 4259 8570.00000 7230.96034  15.6%  1423 23136s
 58863 38447 7232.08907   87 4233 8570.00000 7232.08907  15.6%  1423 23145s
 58865 38448 8051.31388  205 4182 8570.00000 7232.60843  15.6%  1423 23152s
 58869 38451 8013.93093  358 4281 8570.00000 7232.67072  15.6%  1423 23155s
 58870 38451 7372.25015  343 4344 8570.00000 7232.67154  15.6%  1423 23183s
 58871 38452 7591.48094  182 4161 8570.00000 7233.12069  15.6%  1423 23188s
 58872 38453 7847.51978  309 4260 8570.00000 7233.32881  15.6%  1423 23191s
 58877 38456 7816.06814  352 4367 8570.00000 7233.40289  15.6%  1423 23195s
 58879 38457 8512.68504  543 4311 8570.00000 7233.40539  15.6%  1423 23223s
 58880 38458 8472.74185  488 4300 8570.00000 7234.04236  15.6%  1423 23227s
 58881 38459 7234.25605   95 4349 8570.00000 7234.25605  15.6%  1423 23231s
 58883 38460 7342.42978  252 4301 8570.00000 7234.65843  15.6%  1423 23237s
 58886 38462 8114.76166  459 4360 8570.00000 7234.75230  15.6%  1423 23240s
 58893 38467 7375.35461  190 4376 8570.00000 7234.77170  15.6%  1423 23275s
 58894 38467 7235.82003  174 4119 8570.00000 7235.82003  15.6%  1423 23282s
 58895 38468 8545.21291  738 4181 8570.00000 7236.47607  15.6%  1422 23288s
 58896 38469 7797.27110  544 4224 8570.00000 7236.61031  15.6%  1422 23291s
 58901 38472 7236.67826  167 4336 8570.00000 7236.67826  15.6%  1422 23324s
 58902 38473 8361.08919  528 4172 8570.00000 7237.83013  15.5%  1422 23332s
 58903 38473 7238.31558  377 4140 8570.00000 7238.31558  15.5%  1422 23337s
 58904 38474 7808.47075  439 4219 8570.00000 7238.44997  15.5%  1422 23340s
 58909 38477 7657.70047  398 4221 8570.00000 7238.50539  15.5%  1422 23374s
 58910 38478 7983.19862  470 4241 8570.00000 7238.89820  15.5%  1422 23378s
 58911 38479 8023.05592  136 4173 8570.00000 7239.08407  15.5%  1422 23381s
 58914 38481 8486.33719  465 4325 8570.00000 7239.18580  15.5%  1422 23385s
 58917 38483 7239.20453  101 4341 8570.00000 7239.20453  15.5%  1422 23416s
 58918 38483 7342.32914  427 4131 8570.00000 7239.91208  15.5%  1422 23422s
 58919 38484 7821.47293  405 4221 8570.00000 7240.11744  15.5%  1422 23426s
 58923 38487 7614.88061  372 4323 8570.00000 7240.25242  15.5%  1422 23430s
 58926 38489 7773.96346  392 4306 8570.00000 7240.26872  15.5%  1422 23463s
 58927 38489 7920.31456  501 4156 8570.00000 7240.70804  15.5%  1422 23469s
 58928 38490 7240.83049  139 4140 8570.00000 7240.83049  15.5%  1422 23471s
 58932 38493 7240.94680   70 4198 8570.00000 7240.94680  15.5%  1422 23508s
 58933 38493 7604.17395  442 4042 8570.00000 7241.45220  15.5%  1422 23513s
 58934 38494 7241.59304  128 4120 8570.00000 7241.59304  15.5%  1422 23516s
 58937 38496 7923.09857  222 4325 8570.00000 7241.68534  15.5%  1421 23520s
 58939 38497 7502.76077  293 4323 8570.00000 7241.68943  15.5%  1421 23552s
 58940 38498 7672.47179  408 4206 8570.00000 7243.23287  15.5%  1421 23560s
 58942 38499 7291.05838  345 4139 8570.00000 7243.74303  15.5%  1421 23567s
 58944 38501 7243.79533   91 4191 8570.00000 7243.79533  15.5%  1421 23570s
 58948 38503 7243.80852   84 4193 8570.00000 7243.80852  15.5%  1421 23602s
 58949 38504 7537.20083  310 4303 8570.00000 7244.57090  15.5%  1421 23608s
 58950 38505 7340.96197  152 4261 8570.00000 7244.81174  15.5%  1421 23612s
 58954 38507 7326.19946  207 4344 8570.00000 7244.85465  15.5%  1421 23647s
 58955 38508 8391.43401  530 4183 8570.00000 7245.52604  15.5%  1421 23654s
 58956 38509 7284.73848  253 4018 8570.00000 7245.83445  15.5%  1421 23658s
 58957 38509 7245.95631  219 4197 8570.00000 7245.95631  15.4%  1421 23661s
 58960 38511 7475.31076  336 4228 8570.00000 7246.07710  15.4%  1421 23665s
 58964 38514 7325.18351  213 4276 8570.00000 7246.10747  15.4%  1421 23700s
 58965 38515 8051.31388  205 4226 8570.00000 7246.68077  15.4%  1421 23706s
 58966 38515 8451.35522  804 4409 8570.00000 7247.02793  15.4%  1421 23711s
 58968 38517 7247.18977  164 4417 8570.00000 7247.18977  15.4%  1421 23715s
 58974 38521 7281.28208  227 4447 8570.00000 7247.25095  15.4%  1421 23751s
 58975 38521 7247.64552   91 4273 8570.00000 7247.64552  15.4%  1421 23755s
 58977 38523 7816.06814  352 4343 8570.00000 7247.94958  15.4%  1421 23761s
 58981 38525 7248.03906   95 4228 8570.00000 7248.03906  15.4%  1420 23765s
 58983 38527 7342.42978  252 4308 8570.00000 7248.04603  15.4%  1420 23795s
 58984 38527 7249.00930   93 4255 8570.00000 7249.00930  15.4%  1420 23802s
 58985 38528 8282.99825  601 4200 8570.00000 7249.31669  15.4%  1420 23807s
 58986 38529 8114.76166  459 4354 8570.00000 7249.48476  15.4%  1420 23811s
 58988 38530 7249.59804   88 4509 8570.00000 7249.59804  15.4%  1420 23815s
 58993 38533 7375.35461  190 4478 8570.00000 7249.63640  15.4%  1420 23849s
 58994 38534 7250.28245  174 4446 8570.00000 7250.28245  15.4%  1420 23854s
 58995 38535 8545.21291  738 4199 8570.00000 7250.44177  15.4%  1420 23857s
 58997 38536 7250.52334  122 4264 8570.00000 7250.52334  15.4%  1420 23860s
 59001 38539 7250.54154  167 4393 8570.00000 7250.54154  15.4%  1420 23892s
 59002 38539 8361.08919  528 4402 8570.00000 7251.09919  15.4%  1420 23897s
 59003 38540 7251.26435  377 4394 8570.00000 7251.26435  15.4%  1420 23900s
 59006 38542 7855.76786  297 4430 8570.00000 7251.36003  15.4%  1420 23905s
 59008 38543 8523.15717  652 4499 8570.00000 7251.36416  15.4%  1420 23936s
 59009 38544 7657.70047  398 4420 8570.00000 7251.76796  15.4%  1420 23941s
 59010 38545 7983.19862  470 4409 8570.00000 7251.92265  15.4%  1420 23945s
 59014 38547 8486.33719  465 4393 8570.00000 7251.98802  15.4%  1420 23980s
 59016 38549 7325.65154  232 4486 8570.00000 7252.24317  15.4%  1420 23986s
 59019 38551 7821.47293  405 4626 8570.00000 7252.27230  15.4%  1419 24019s
 59020 38551 7260.78415  337 4405 8570.00000 7252.61155  15.4%  1419 24024s
 59021 38552 7775.88237  319 4474 8570.00000 7252.75224  15.4%  1419 24027s
 59022 38553 7791.52518  458 4457 8570.00000 7252.84741  15.4%  1419 24030s
 59025 38555 7747.93323  172 4480 8570.00000 7252.95826  15.4%  1419 24035s
 59028 38557 7252.96579  139 4568 8570.00000 7252.96579  15.4%  1419 24066s
 59030 38558 7253.11527  173 4498 8570.00000 7253.11527  15.4%  1419 24071s
 59032 38559 7253.13599   70 4522 8570.00000 7253.13599  15.4%  1419 24103s
 59033 38560 7604.17395  442 4344 8570.00000 7253.56740  15.4%  1419 24109s
 59034 38561 7253.69080  128 4328 8570.00000 7253.69080  15.4%  1419 24112s
 59037 38563 7923.09857  222 4463 8570.00000 7253.75981  15.4%  1419 24115s
 59038 38563 7977.75417  215 4489 8570.00000 7253.76045  15.4%  1419 24149s
 59039 38564 7502.76077  293 4376 8570.00000 7254.23745  15.4%  1419 24154s
 59040 38565 7672.47179  408 4324 8570.00000 7254.53516  15.3%  1419 24158s
 59041 38565 8332.05615  651 4549 8570.00000 7254.64311  15.3%  1419 24161s
 59046 38569 7316.13966  339 4530 8570.00000 7254.70013  15.3%  1419 24165s
 59047 38569 7394.02133  266 4533 8570.00000 7254.70072  15.3%  1419 24196s
 59048 38570 7255.05961   84 4231 8570.00000 7255.05961  15.3%  1419 24201s
 59049 38571 7537.20083  310 4350 8570.00000 7255.22703  15.3%  1419 24205s
 59054 38574 7326.19946  207 4475 8570.00000 7255.30139  15.3%  1419 24240s
 59055 38575 8391.43401  530 4223 8570.00000 7255.84873  15.3%  1419 24245s
 59057 38576 7256.15231  219 4238 8570.00000 7256.15231  15.3%  1419 24250s
 59061 38579 7265.81410  209 4454 8570.00000 7256.18474  15.3%  1418 24282s
 59062 38579 7940.31476  453 4385 8570.00000 7256.43149  15.3%  1418 24286s
 59064 38581 7325.18351  213 4377 8570.00000 7256.59739  15.3%  1418 24290s
 59069 38584 8013.93093  358 4448 8570.00000 7256.65390  15.3%  1418 24323s
 59070 38585 7372.25015  343 4339 8570.00000 7256.94912  15.3%  1418 24327s
 59071 38585 7591.48094  182 4313 8570.00000 7257.17299  15.3%  1418 24331s
 59074 38587 7281.28208  227 4514 8570.00000 7257.22337  15.3%  1418 24365s
 59075 38588 7257.46449   91 4481 8570.00000 7257.46449  15.3%  1418 24370s
 59078 38590 7257.62310  103 4530 8570.00000 7257.62310  15.3%  1418 24375s
 59084 38594 7257.66132   93 4660 8570.00000 7257.66132  15.3%  1418 24410s
 59087 38596 8370.71708  359 4453 8570.00000 7257.92156  15.3%  1418 24415s
 59089 38597 8138.92527  357 4419 8570.00000 7257.92755  15.3%  1418 24445s
 59091 38599 7956.38286  560 4385 8570.00000 7258.29864  15.3%  1418 24452s
 59093 38600 7375.35461  190 4526 8570.00000 7258.38288  15.3%  1418 24455s
 59098 38603 7509.97268  280 4620 8570.00000 7258.40212  15.3%  1418 24490s
 59100 38605 7811.27918  429 4444 8570.00000 7258.94771  15.3%  1418 24497s
 59101 38605 7259.06487  167 4377 8570.00000 7259.06487  15.3%  1418 24500s
 59107 38609 7980.87848  217 4616 8570.00000 7259.18042  15.3%  1417 24505s
 59108 38610 8523.15717  652 4513 8570.00000 7259.18142  15.3%  1417 24539s
 59109 38611 7657.70047  398 4420 8570.00000 7259.55315  15.3%  1417 24544s
 59110 38611 7983.19862  470 4410 8570.00000 7259.70136  15.3%  1417 24546s
 59113 38613 7266.11064   85 4590 8570.00000 7259.78913  15.3%  1417 24550s
 59115 38615 8294.99388  154 4526 8570.00000 7259.80003  15.3%  1417 24582s
 59116 38615 7325.65154  232 4480 8570.00000 7260.03758  15.3%  1417 24586s
 59119 38617 7821.47293  405 4515 8570.00000 7260.19134  15.3%  1417 24590s
 59121 38619 7775.88237  319 4576 8570.00000 7260.20228  15.3%  1417 24618s
 59122 38619 7791.52518  458 4315 8570.00000 7260.68029  15.3%  1417 24623s
 59123 38620 7614.88061  372 4369 8570.00000 7260.83540  15.3%  1417 24626s
 59126 38622 7773.96346  392 4529 8570.00000 7260.95260  15.3%  1417 24630s
 59129 38624 8512.99276  764 4582 8570.00000 7260.96092  15.3%  1417 24662s
 59130 38625 7261.27728  173 4361 8570.00000 7261.27728  15.3%  1417 24666s
 59132 38626 7261.43055   70 4372 8570.00000 7261.43055  15.3%  1417 24670s
 59135 38628 8464.90188  720 4503 8570.00000 7261.45304  15.3%  1417 24702s
 59136 38629 7527.31175  337 4166 8570.00000 7262.39947  15.3%  1417 24709s
 59137 38629 7923.09857  222 4328 8570.00000 7262.92056  15.3%  1417 24714s
 59138 38630 7977.75417  215 4364 8570.00000 7263.09410  15.2%  1417 24717s
 59139 38631 7502.76077  293 4202 8570.00000 7263.20191  15.2%  1417 24720s
 59144 38634 7263.29428   91 4482 8570.00000 7263.29428  15.2%  1416 24756s
 59146 38635 7316.13966  339 4403 8570.00000 7263.46177  15.2%  1416 24760s
 59153 38640 8426.29937  329 4572 8570.00000 7263.52317  15.2%  1416 24797s
 59154 38641 7326.19946  207 4331 8570.00000 7263.70358  15.2%  1416 24800s
 59158 38643 7582.64167  171 4607 8570.00000 7263.78614  15.2%  1416 24833s
 59159 38644 7264.14306   96 4479 8570.00000 7264.14306  15.2%  1416 24837s
 59161 38645 7265.81410  209 4405 8570.00000 7264.28500  15.2%  1416 24840s
 59166 38649 8451.35522  804 4592 8570.00000 7264.34206  15.2%  1416 24874s
 59167 38649 7682.39197  183 4649 8570.00000 7264.74841  15.2%  1416 24879s
 59168 38650 7264.97454  164 4525 8570.00000 7264.97454  15.2%  1416 24882s
 59170 38651 7372.25015  343 4555 8570.00000 7265.04462  15.2%  1416 24885s
 59174 38654 7281.28208  227 4590 8570.00000 7265.05460  15.2%  1416 24917s
 59175 38655 7265.48221   91 4453 8570.00000 7265.48221  15.2%  1416 24921s
 59176 38655 7265.74153  216 4406 8570.00000 7265.74153  15.2%  1416 24925s
 59180 38658 8472.74185  488 4588 8570.00000 7265.89539  15.2%  1416 24930s
 59183 38660 7342.42978  252 4556 8570.00000 7265.91399  15.2%  1416 24961s
 59184 38661 7266.33043   93 4404 8570.00000 7266.33043  15.2%  1416 24965s
 59187 38663 8370.71708  359 4594 8570.00000 7266.50532  15.2%  1415 24970s
 59191 38665 7956.38286  560 4624 8570.00000 7266.51579  15.2%  1415 25003s
 59192 38666 8532.47153  592 4466 8570.00000 7266.78736  15.2%  1415 25008s
 59193 38667 7375.35461  190 4307 8570.00000 7267.04775  15.2%  1415 25011s
 59197 38669 7267.12681  122 4482 8570.00000 7267.12681  15.2%  1415 25015s
 59198 38670 7509.97268  280 4461 8570.00000 7267.12753  15.2%  1415 25044s
 59199 38671 7838.77572  401 4290 8570.00000 7268.00721  15.2%  1415 25051s
 59200 38671 7811.27918  429 4209 8570.00000 7268.34884  15.2%  1415 25055s
 59203 38673 7268.54368  377 4407 8570.00000 7268.54368  15.2%  1415 25060s
 59206 38675 7855.76786  297 4491 8570.00000 7268.58213  15.2%  1415 25092s
 59207 38676 7980.87848  217 4438 8570.00000 7269.04129  15.2%  1415 25096s
 59208 38677 8523.15717  652 4408 8570.00000 7269.22732  15.2%  1415 25100s
 59212 38679 7269.42263  153 4431 8570.00000 7269.42263  15.2%  1415 25105s
 59215 38681 8294.99388  154 4454 8570.00000 7269.43830  15.2%  1415 25139s
 59216 38682 7325.65154  232 4567 8570.00000 7269.61941  15.2%  1415 25143s
 59217 38683 7269.69717  101 4462 8570.00000 7269.69717  15.2%  1415 25145s
 59221 38685 7775.88237  319 4443 8570.00000 7269.73354  15.2%  1415 25179s
 59222 38686 7791.52518  458 4562 8570.00000 7269.88209  15.2%  1415 25182s
 59224 38687 7270.00130  209 4629 8570.00000 7270.00130  15.2%  1415 25185s
 59226 38689 7773.96346  392 4671 8570.00000 7270.00671  15.2%  1415 25222s
 59228 38690 7270.12544  139 4513 8570.00000 7270.12544  15.2%  1414 25225s
 59233 38693 7604.17395  442 4573 8570.00000 7270.18419  15.2%  1414 25261s
 59234 38694 7270.74046  128 4547 8570.00000 7270.74046  15.2%  1414 25265s
 59239 38697 7502.76077  293 4521 8570.00000 7270.87375  15.2%  1414 25270s
 59240 38698 7672.47179  408 4506 8570.00000 7270.87467  15.2%  1414 25302s
 59242 38699 7291.05838  345 4413 8570.00000 7271.02465  15.2%  1414 25305s
 59247 38703 7394.02133  266 4518 8570.00000 7271.07247  15.2%  1414 25340s
 59248 38703 7271.66089   84 4345 8570.00000 7271.66089  15.1%  1414 25345s
 59250 38705 7340.96197  152 4553 8570.00000 7271.89933  15.1%  1414 25351s
 59254 38707 7326.19946  207 4529 8570.00000 7271.96861  15.1%  1414 25355s
 59255 38708 8391.43401  530 4551 8570.00000 7271.96931  15.1%  1414 25389s
 59256 38709 7284.73848  253 4457 8570.00000 7272.35175  15.1%  1414 25394s
 59257 38709 7272.49317  219 4353 8570.00000 7272.49317  15.1%  1414 25397s
 59259 38711 7272.58702   96 4493 8570.00000 7272.58702  15.1%  1414 25401s
 59263 38713 7272.60808   87 4521 8570.00000 7272.60808  15.1%  1414 25432s
 59264 38714 7325.18351  213 4387 8570.00000 7272.83804  15.1%  1414 25436s
 59266 38715 8451.35522  804 4473 8570.00000 7272.99389  15.1%  1414 25440s
 59270 38718 7372.25015  343 4612 8570.00000 7273.02451  15.1%  1413 25474s
 59271 38719 7591.48094  182 4441 8570.00000 7273.21246  15.1%  1413 25477s
 59272 38719 7847.51978  309 4414 8570.00000 7273.31710  15.1%  1413 25480s
 59277 38723 7816.06814  352 4493 8570.00000 7273.39692  15.1%  1413 25514s
 59278 38723 7273.84910  103 4469 8570.00000 7273.84910  15.1%  1413 25519s
 59279 38724 8512.68504  543 4623 8570.00000 7274.05323  15.1%  1413 25523s
 59280 38725 8472.74185  488 4708 8570.00000 7274.12239  15.1%  1413 25526s
 59285 38728 8282.99825  601 4671 8570.00000 7274.18091  15.1%  1413 25530s
 59286 38729 8114.76166  459 4713 8570.00000 7274.18215  15.1%  1413 25562s
 59288 38730 7274.34056   88 4505 8570.00000 7274.34056  15.1%  1413 25566s
 59292 38733 8532.47153  592 4566 8570.00000 7274.38194  15.1%  1413 25570s
 59294 38734 7274.38446  174 4653 8570.00000 7274.38446  15.1%  1413 25603s
 59295 38735 8545.21291  738 4590 8570.00000 7274.63343  15.1%  1413 25606s
 59297 38736 7274.78642  122 4482 8570.00000 7274.78642  15.1%  1413 25610s
 59300 38738 7811.27918  429 4476 8570.00000 7274.80031  15.1%  1413 25641s
 59301 38739 7275.07832  167 4425 8570.00000 7275.07832  15.1%  1413 25646s
 59303 38740 7275.35240  377 4348 8570.00000 7275.35240  15.1%  1413 25652s
 59305 38741 8541.15924  402 4449 8570.00000 7275.46875  15.1%  1413 25655s
 59308 38743 8523.15717  652 4497 8570.00000 7275.47890  15.1%  1413 25687s
 59309 38744 7657.70047  398 4440 8570.00000 7275.86645  15.1%  1413 25691s
 59311 38745 8023.05592  136 4391 8570.00000 7275.99455  15.1%  1413 25695s
 59315 38748 8294.99388  154 4467 8570.00000 7276.03963  15.1%  1412 25729s
 59316 38749 7325.65154  232 4305 8570.00000 7276.45528  15.1%  1412 25734s
 59317 38749 7276.61838  101 4261 8570.00000 7276.61838  15.1%  1412 25737s
 59319 38751 7821.47293  405 4422 8570.00000 7276.69533  15.1%  1412 25740s
 59324 38754 7276.72422  209 4396 8570.00000 7276.72422  15.1%  1412 25777s
 59325 38755 7747.93323  172 4263 8570.00000 7277.28098  15.1%  1412 25783s
 59326 38755 7773.96346  392 4244 8570.00000 7277.48956  15.1%  1412 25787s
 59328 38757 7277.55305  139 4365 8570.00000 7277.55305  15.1%  1412 25790s
 59332 38759 7277.59332   70 4472 8570.00000 7277.59332  15.1%  1412 25825s
 59333 38760 7604.17395  442 4359 8570.00000 7278.36626  15.1%  1412 25831s
 59335 38761 8464.90188  720 4458 8570.00000 7278.58942  15.1%  1412 25836s
 59341 38765 8332.05615  651 4489 8570.00000 7278.62543  15.1%  1412 25873s
 59342 38766 7291.05838  345 4319 8570.00000 7279.14339  15.1%  1412 25879s
 59343 38767 8528.18598  722 4527 8570.00000 7279.31763  15.1%  1412 25882s
 59345 38768 7616.71164  380 4578 8570.00000 7279.37707  15.1%  1412 25885s
 59348 38770 7279.38550   84 4496 8570.00000 7279.38550  15.1%  1412 25917s
 59349 38771 7537.20083  310 4382 8570.00000 7279.71111  15.1%  1412 25922s
 59350 38771 7340.96197  152 4480 8570.00000 7279.81911  15.1%  1412 25925s
 59356 38775 7284.73848  253 4453 8570.00000 7279.87395  15.1%  1411 25959s
 59357 38776 7280.27675  219 4289 8570.00000 7280.27675  15.0%  1411 25963s
 59358 38777 7582.64167  171 4397 8570.00000 7280.41050  15.0%  1411 25966s
 59362 38779 7940.31476  453 4465 8570.00000 7280.50213  15.0%  1411 26003s
 59363 38780 7280.94596   87 4217 8570.00000 7280.94596  15.0%  1411 26008s
 59364 38781 7325.18351  213 4279 8570.00000 7281.07708  15.0%  1411 26011s
 59369 38784 8013.93093  358 4354 8570.00000 7281.12584  15.0%  1411 26046s
 59370 38785 7372.25015  343 4238 8570.00000 7281.71070  15.0%  1411 26051s
 59374 38788 7281.71070  227  901 8570.00000 7281.71070  15.0%  1433 26060s
 59376 38790 7281.71070  216 1179 8570.00000 7281.71070  15.0%  1433 26069s
 59377 38790 7816.06814  352 1296 8570.00000 7281.71070  15.0%  1433 26078s
 59378 38791 7281.71070  103 1428 8570.00000 7281.71070  15.0%  1433 26087s
 59379 38792 8512.68504  543 1480 8570.00000 7281.71070  15.0%  1433 26099s
 59380 38792 8472.74185  488 1530 8570.00000 7281.71070  15.0%  1433 26111s
 59381 38793 7281.71070   95 1565 8570.00000 7281.71070  15.0%  1433 26129s
 59382 38794 7281.71070  371 1905 8570.00000 7281.71070  15.0%  1433 26148s
 59383 38794 7342.42978  252 2125 8570.00000 7281.71070  15.0%  1433 26168s
 59384 38795 7281.71070   93 2254 8570.00000 7281.71070  15.0%  1433 26192s
 59385 38796 8282.99825  601 2350 8570.00000 7281.71070  15.0%  1433 26217s
 59386 38796 8114.76166  459 2678 8570.00000 7281.71070  15.0%  1433 26241s
 59387 38797 8370.71708  359 2952 8570.00000 7281.71070  15.0%  1433 26268s
 59388 38798 7281.71070   88 3148 8570.00000 7281.71070  15.0%  1433 26293s
 59389 38798 8138.92527  357 3169 8570.00000 7281.71070  15.0%  1433 26319s
 59390 38799 8529.80900  649 3572 8570.00000 7281.71070  15.0%  1432 26341s
 59391 38800 7956.38286  560 3399 8570.00000 7281.71070  15.0%  1432 26359s
 59392 38800 8532.47153  592 3643 8570.00000 7281.71070  15.0%  1432 26376s
 59393 38801 7375.35461  190 3706 8570.00000 7281.71070  15.0%  1432 26393s
 59394 38802 7281.71070  174 3741 8570.00000 7281.71070  15.0%  1432 26407s
 59395 38802 8545.21291  738 3941 8570.00000 7281.71070  15.0%  1432 26416s
 59396 38803 7797.27110  544 4102 8570.00000 7281.71070  15.0%  1432 26424s
 59397 38804 7281.71070  122 3961 8570.00000 7281.71070  15.0%  1432 26429s
 59398 38804 7509.97268  280 4000 8570.00000 7281.71070  15.0%  1432 26433s
 59399 38805 7838.77572  401 3987 8570.00000 7281.71070  15.0%  1432 26435s
 59404 38808 7808.47075  439 4020 8570.00000 7281.78284  15.0%  1432 26443s
 59405 38809 8541.15924  402 4076 8570.00000 7282.27436  15.0%  1432 26449s
 59406 38810 7855.76786  297 4138 8570.00000 7282.35708  15.0%  1432 26452s
 59410 38812 7983.19862  470 4083 8570.00000 7282.38494  15.0%  1432 26491s
 59411 38813 8023.05592  136 4033 8570.00000 7283.03308  15.0%  1432 26498s
 59412 38814 7283.20465  153 4128 8570.00000 7283.20465  15.0%  1432 26502s
 59416 38816 7325.65154  232 4327 8570.00000 7283.23650  15.0%  1432 26537s
 59417 38817 7283.68808  101 4127 8570.00000 7283.68808  15.0%  1432 26543s
 59418 38818 7342.32914  427 4076 8570.00000 7283.88088  15.0%  1432 26546s
 59421 38820 7775.88237  319 4112 8570.00000 7283.94657  15.0%  1432 26580s
 59422 38820 7791.52518  458 4155 8570.00000 7284.64129  15.0%  1432 26588s
 59423 38821 7614.88061  372 4211 8570.00000 7284.87817  15.0%  1432 26592s
 59426 38823 7773.96346  392 4405 8570.00000 7284.93501  15.0%  1432 26595s
 59428 38824 7284.93782  139 4328 8570.00000 7284.93782  15.0%  1432 26626s
 59429 38825 8512.99276  764 4312 8570.00000 7285.83253  15.0%  1432 26641s
 59430 38826 7286.34592  173 4444 8570.00000 7286.34592  15.0%  1432 26648s
 59431 38826 8121.69487  216 4412 8570.00000 7286.49107  15.0%  1431 26652s
 59433 38828 7604.17395  442 4349 8570.00000 7286.57351  15.0%  1431 26656s
 59437 38830 7923.09857  222 4416 8570.00000 7286.58339  15.0%  1431 26689s
 59438 38831 7977.75417  215 4234 8570.00000 7287.06949  15.0%  1431 26697s
 59439 38832 7502.76077  293 4280 8570.00000 7287.27266  15.0%  1431 26701s
 59444 38835 7287.36641   91 4329 8570.00000 7287.36641  15.0%  1431 26705s
 59446 38836 7316.13966  339 4378 8570.00000 7287.37406  15.0%  1431 26740s
 59447 38837 7394.02133  266 4463 8570.00000 7287.72323  15.0%  1431 26746s
 59449 38838 7537.20083  310 4479 8570.00000 7287.89728  15.0%  1431 26750s
 59453 38841 8426.29937  329 4573 8570.00000 7287.94043  15.0%  1431 26787s
 59454 38842 7326.19946  207 4337 8570.00000 7288.84676  14.9%  1431 26795s
 59456 38843 7289.22489  253 4358 8570.00000 7289.22489  14.9%  1431 26801s
 59460 38846 7475.31076  336 4446 8570.00000 7289.27328  14.9%  1431 26836s
 59461 38846 7290.45319  209 4204 8570.00000 7290.45319  14.9%  1431 26844s
 59462 38847 7940.31476  453 4405 8570.00000 7290.63689  14.9%  1431 26847s
 59464 38848 7325.18351  213 4460 8570.00000 7290.73880  14.9%  1431 26850s
 59466 38850 8451.35522  804 4401 8570.00000 7290.74403  14.9%  1431 26883s
 59467 38850 7682.39197  183 4175 8570.00000 7291.82799  14.9%  1431 26892s
 59468 38851 7292.06400  164 4294 8570.00000 7292.06400  14.9%  1431 26896s
 59470 38852 7372.25015  343 4518 8570.00000 7292.21640  14.9%  1431 26901s
 59474 38855 7292.28176  227 4429 8570.00000 7292.28176  14.9%  1430 26905s
 59476 38856 7292.28475  216 4432 8570.00000 7292.28475  14.9%  1430 26939s
 59477 38857 7816.06814  352 4414 8570.00000 7292.64360  14.9%  1430 26952s
 59479 38858 8512.68504  543 4436 8570.00000 7292.70485  14.9%  1430 26955s
 59483 38861 7342.42978  252 4563 8570.00000 7292.71724  14.9%  1430 26990s
 59484 38862 7293.29603   93 4270 8570.00000 7293.29603  14.9%  1430 26995s
 59486 38863 8114.76166  459 4077 8570.00000 7293.55934  14.9%  1430 27001s
 59491 38866 7956.38286  560 4221 8570.00000 7293.61125  14.9%  1430 27037s
 59492 38867 8532.47153  592 4193 8570.00000 7294.19759  14.9%  1430 27043s
 59493 38868 7375.35461  190 4440 8570.00000 7294.52135  14.9%  1430 27048s
 59494 38868 7294.64425  174 4371 8570.00000 7294.64425  14.9%  1430 27050s
 59499 38872 7838.77572  401 4430 8570.00000 7294.74276  14.9%  1430 27055s
 59500 38872 7811.27918  429 4508 8570.00000 7294.74377  14.9%  1430 27088s
 59501 38873 7295.19763  167 4485 8570.00000 7295.19763  14.9%  1430 27096s
 59503 38874 7295.35708  377 4528 8570.00000 7295.35708  14.9%  1430 27100s
 59508 38878 8523.15717  652 4516 8570.00000 7295.37911  14.9%  1430 27139s
 59509 38878 7657.70047  398 4446 8570.00000 7295.85621  14.9%  1430 27146s
 59510 38879 7983.19862  470 4503 8570.00000 7296.03095  14.9%  1430 27150s
 59514 38882 8486.33719  465 4352 8570.00000 7296.11371  14.9%  1429 27155s
 59516 38883 7325.65154  232 4521 8570.00000 7296.11780  14.9%  1429 27188s
 59517 38884 7296.42628  101 4237 8570.00000 7296.42628  14.9%  1429 27194s
 59518 38884 7342.32914  427 4323 8570.00000 7296.63483  14.9%  1429 27198s
 59519 38885 7821.47293  405 4462 8570.00000 7296.68271  14.9%  1429 27200s
 59522 38887 7791.52518  458 4483 8570.00000 7296.70481  14.9%  1429 27234s
 59523 38888 7614.88061  372 4191 8570.00000 7296.88840  14.9%  1429 27255s
 59524 38888 7297.19032  209 4324 8570.00000 7297.19032  14.9%  1429 27263s
 59525 38889 7747.93323  172 4544 8570.00000 7297.24362  14.9%  1429 27265s
 59530 38892 7297.27222  173 4455 8570.00000 7297.27222  14.9%  1429 27301s
 59531 38893 8121.69487  216 4308 8570.00000 7297.62671  14.8%  1429 27305s
 59534 38895 7297.86418  128 4440 8570.00000 7297.86418  14.8%  1429 27310s
 59538 38898 7977.75417  215 4573 8570.00000 7297.87794  14.8%  1429 27343s
 59539 38898 7502.76077  293 4464 8570.00000 7298.24807  14.8%  1429 27348s
 59540 38899 7672.47179  408 4368 8570.00000 7298.37572  14.8%  1429 27351s
 59543 38901 8528.18598  722 4493 8570.00000 7298.43008  14.8%  1429 27385s
 59545 38902 7616.71164  380 4460 8570.00000 7298.83041  14.8%  1429 27390s
 59549 38905 7537.20083  310 4446 8570.00000 7298.85226  14.8%  1429 27425s
 59550 38906 7340.96197  152 4305 8570.00000 7299.06950  14.8%  1429 27431s
 59552 38907 7299.22931   84 4542 8570.00000 7299.22931  14.8%  1429 27436s
 59555 38909 8391.43401  530 4455 8570.00000 7299.24455  14.8%  1429 27469s
 59556 38910 7299.94474  253 4412 8570.00000 7299.94474  14.8%  1428 27476s
 59557 38910 7300.16174  219 4507 8570.00000 7300.16174  14.8%  1428 27481s
 59560 38912 7475.31076  336 4552 8570.00000 7300.23966  14.8%  1428 27485s
 59562 38914 7940.31476  453 4567 8570.00000 7300.24320  14.8%  1428 27516s
 59563 38914 7301.15245   87 4387 8570.00000 7301.15245  14.8%  1428 27750s
 59564 38915 7325.18351  213 4339 8570.00000 7301.60920  14.8%  1428 27795s
 59568 38918 7301.76151  164 4472 8570.00000 7301.76151  14.8%  1428 27800s
 59572 38920 7847.51978  309 4639 8570.00000 7301.77476  14.8%  1428 27832s
 59573 38921 7640.39942  452 4312 8570.00000 7302.25010  14.8%  1428 27838s
 59574 38922 7302.41190  227 4336 8570.00000 7302.41190  14.8%  1428 27841s
 59576 38923 7302.50928  216 4377 8570.00000 7302.50928  14.8%  1428 27845s
 59582 38927 7302.54960  371 4439 8570.00000 7302.54960  14.8%  1428 27882s
 59583 38928 7342.42978  252 4419 8570.00000 7302.98434  14.8%  1428 27886s
 59585 38929 8282.99825  601 4479 8570.00000 7303.17711  14.8%  1428 27890s
 59589 38932 8138.92527  357 4515 8570.00000 7303.20082  14.8%  1428 27922s
 59590 38932 8529.80900  649 4436 8570.00000 7303.50669  14.8%  1428 27927s
 59591 38933 7956.38286  560 4466 8570.00000 7303.67769  14.8%  1428 27930s
 59595 38936 8545.21291  738 4404 8570.00000 7303.80870  14.8%  1428 27935s
 59596 38936 7797.27110  544 4426 8570.00000 7303.81010  14.8%  1428 27967s
 59597 38937 7304.04631  122 4317 8570.00000 7304.04631  14.8%  1428 27971s
 59599 38938 7838.77572  401 4416 8570.00000 7304.29159  14.8%  1427 27976s
 59604 38942 7808.47075  439 4400 8570.00000 7304.32806  14.8%  1427 28010s
 59605 38942 8541.15924  402 4344 8570.00000 7304.96536  14.8%  1427 28016s
 59607 38944 7980.87848  217 4408 8570.00000 7305.12391  14.8%  1427 28020s
 59611 38946 8023.05592  136 4518 8570.00000 7305.14403  14.8%  1427 28054s
 59612 38947 7305.42321  153 4234 8570.00000 7305.42321  14.8%  1427 28059s
 59613 38948 7305.56704   85 4234 8570.00000 7305.56704  14.8%  1427 28062s
 59617 38950 7305.61842  101 4297 8570.00000 7305.61842  14.8%  1427 28093s
 59618 38951 7342.32914  427 4305 8570.00000 7305.85324  14.8%  1427 28097s
 59620 38952 7305.93727  337 4428 8570.00000 7305.93727  14.7%  1427 28100s
 59622 38954 7791.52518  458 4413 8570.00000 7305.94050  14.7%  1427 28129s
 59623 38954 7614.88061  372 4371 8570.00000 7306.13346  14.7%  1427 28132s
 59625 38956 7747.93323  172 4290 8570.00000 7306.28605  14.7%  1427 28136s
 59629 38958 8512.99276  764 4431 8570.00000 7306.33602  14.7%  1427 28171s
 59631 38960 8121.69487  216 4199 8570.00000 7306.62115  14.7%  1427 28175s
 59636 38963 7527.31175  337 4232 8570.00000 7306.66632  14.7%  1427 28209s
 59637 38964 7923.09857  222 4283 8570.00000 7306.85185  14.7%  1427 28211s
 59640 38966 7672.47179  408 4452 8570.00000 7306.87780  14.7%  1426 28245s
 59642 38967 7307.10956  345 4285 8570.00000 7307.10956  14.7%  1426 28250s
 59646 38970 7316.13966  339 4326 8570.00000 7307.13648  14.7%  1426 28283s
 59647 38970 7394.02133  266 4324 8570.00000 7307.25592  14.7%  1426 28285s
 59650 38972 7340.96197  152 4555 8570.00000 7307.51353  14.7%  1426 28291s
 59655 38976 8391.43401  530 4451 8570.00000 7307.55888  14.7%  1426 28324s
 59656 38976 7307.74831  253 4150 8570.00000 7307.74831  14.7%  1426 28327s
 59658 38978 7582.64167  171 4433 8570.00000 7307.90211  14.7%  1426 28330s
 59662 38980 7940.31476  453 4566 8570.00000 7307.94266  14.7%  1426 28364s
 59663 38981 7308.41006   87 4068 8570.00000 7308.41006  14.7%  1426 28370s
 59665 38982 8051.31388  205 4255 8570.00000 7308.68420  14.7%  1426 28375s
 59668 38984 7308.70618  164 4150 8570.00000 7308.70618  14.7%  1426 28408s
 59669 38985 8013.93093  358 4154 8570.00000 7309.46332  14.7%  1426 28414s
 59670 38986 7372.25015  343 4234 8570.00000 7309.75113  14.7%  1426 28419s
 59671 38986 7591.48094  182 4202 8570.00000 7309.87840  14.7%  1426 28422s
 59673 38988 7640.39942  452 4216 8570.00000 7309.95988  14.7%  1426 28425s
 59676 38990 7309.97420  216 4175 8570.00000 7309.97420  14.7%  1426 28456s
 59677 38990 7816.06814  352 4123 8570.00000 7310.46529  14.7%  1426 28462s
 59678 38991 7310.67226  103 4135 8570.00000 7310.67226  14.7%  1426 28465s
 59680 38992 8472.74185  488 4131 8570.00000 7310.80004  14.7%  1426 28470s
 59685 38996 8282.99825  601 4214 8570.00000 7310.83573  14.7%  1425 28503s
 59686 38996 8114.76166  459 4172 8570.00000 7311.01273  14.7%  1425 28507s
 59689 38998 8138.92527  357 4304 8570.00000 7311.14476  14.7%  1425 28510s
 59693 39001 7375.35461  190 4327 8570.00000 7311.15842  14.7%  1425 28540s
 59695 39002 8545.21291  738 4265 8570.00000 7311.45489  14.7%  1425 28545s
 59698 39004 7509.97268  280 4221 8570.00000 7311.48288  14.7%  1425 28574s
 59699 39005 7838.77572  401 4243 8570.00000 7311.62725  14.7%  1425 28577s
 59700 39006 7811.27918  429 4111 8570.00000 7311.87764  14.7%  1425 28580s
 59706 39010 7855.76786  297 4227 8570.00000 7312.00521  14.7%  1425 28616s
 59707 39010 7980.87848  217 4075 8570.00000 7312.38157  14.7%  1425 28620s
 59709 39012 7657.70047  398 4399 8570.00000 7312.75038  14.7%  1425 28626s
 59714 39015 8486.33719  465 4349 8570.00000 7312.78141  14.7%  1425 28659s
 59715 39016 8294.99388  154 4423 8570.00000 7312.88473  14.7%  1425 28661s
 59719 39018 7821.47293  405 4392 8570.00000 7312.95608  14.7%  1425 28693s
 59720 39019 7313.15389  337 4321 8570.00000 7313.15389  14.7%  1425 28696s
 59723 39021 7614.88061  372 4391 8570.00000 7313.26640  14.7%  1424 28700s
 59725 39022 7747.93323  172 4457 8570.00000 7313.26967  14.7%  1424 28732s
 59726 39023 7773.96346  392 4308 8570.00000 7313.52363  14.7%  1424 28736s
 59730 39026 7313.58056  173 4441 8570.00000 7313.58056  14.7%  1424 28740s
 59732 39027 7313.58410   70 4438 8570.00000 7313.58410  14.7%  1424 28772s
 59733 39028 7604.17395  442 4167 8570.00000 7313.97377  14.7%  1424 28777s
 59734 39028 7314.31384  128 4192 8570.00000 7314.31384  14.7%  1424 28782s
 59736 39030 7527.31175  337 4244 8570.00000 7314.47943  14.7%  1424 28785s
 59739 39032 7502.76077  293 4385 8570.00000 7314.49363  14.7%  1424 28817s
 59740 39032 7672.47179  408 4363 8570.00000 7314.69650  14.6%  1424 28821s
 59744 39035 7314.79279   91 4205 8570.00000 7314.79279  14.6%  1424 28825s
 59745 39036 7616.71164  380 4330 8570.00000 7314.79314  14.6%  1424 28854s
 59746 39036 7316.13966  339 4370 8570.00000 7315.14810  14.6%  1424 28858s
 59747 39037 7394.02133  266 4086 8570.00000 7315.55726  14.6%  1424 28862s
 59749 39038 7537.20083  310 4354 8570.00000 7315.73538  14.6%  1424 28865s
 59751 39040 7315.74410  144 4328 8570.00000 7315.74410  14.6%  1424 28896s
 59755 39042 8391.43401  530 4330 8570.00000 7315.87144  14.6%  1424 28932s
 59756 39043 7316.36307  253 4250 8570.00000 7316.36307  14.6%  1424 28936s
 59757 39044 7316.57613  219 4396 8570.00000 7316.57613  14.6%  1424 28940s
 59762 39047 7940.31476  453 4557 8570.00000 7316.67364  14.6%  1424 28975s
 59764 39048 7325.18351  213 4593 8570.00000 7316.84818  14.6%  1424 28980s
 59768 39051 7316.88730  164 4793 8570.00000 7316.88730  14.6%  1423 29013s
 59769 39052 8013.93093  358 4569 8570.00000 7317.05798  14.6%  1423 29016s
 59771 39053 7591.48094  182 4466 8570.00000 7317.14870  14.6%  1423 29020s
 59775 39056 7317.18816   91 4769 8570.00000 7317.18816  14.6%  1423 29053s
 59776 39056 7317.28839  216 4794 8570.00000 7317.28839  14.6%  1423 29056s
 59780 39059 8472.74185  488 4644 8570.00000 7317.38308  14.6%  1423 29060s
 59782 39060 7317.38714  371 4607 8570.00000 7317.38714  14.6%  1423 29090s
 59784 39062 7317.66863   93 4657 8570.00000 7317.66863  14.6%  1423 29096s
 59787 39064 8370.71708  359 4581 8570.00000 7317.68730  14.6%  1423 29129s
 59788 39064 7317.88659   88 4644 8570.00000 7317.88659  14.6%  1423 29133s
 59789 39065 8138.92527  357 4449 8570.00000 7317.92921  14.6%  1423 29135s
 59791 39066 7956.38286  560 4633 8570.00000 7317.94263  14.6%  1423 29169s
 59792 39067 8532.47153  592 4589 8570.00000 7318.12792  14.6%  1423 29172s
 59795 39069 8545.21291  738 4680 8570.00000 7318.16881  14.6%  1423 29175s
 59796 39070 7797.27110  544 4744 8570.00000 7318.16927  14.6%  1423 29207s
 59799 39072 7838.77572  401 4776 8570.00000 7318.21867  14.6%  1423 29210s
 59802 39074 8361.08919  528 4758 8570.00000 7318.22330  14.6%  1423 29241s
 59805 39076 8541.15924  402 4808 8570.00000 7318.31799  14.6%  1423 29245s
 59807 39077 7980.87848  217 4747 8570.00000 7318.32273  14.6%  1422 29278s
 59808 39078 8523.15717  652 4632 8570.00000 7318.36781  14.6%  1422 29280s
 59811 39080 8023.05592  136 4701 8570.00000 7318.44481  14.6%  1422 29314s
 59812 39080 7318.49523  153 4648 8570.00000 7318.49523  14.6%  1422 29315s
 59816 39083 7325.65154  232 4817 8570.00000 7318.56134  14.6%  1422 29349s
 59817 39084 7318.62076  101 4788 8570.00000 7318.62076  14.6%  1422 29352s
 59819 39085 7821.47293  405 4766 8570.00000 7318.69429  14.6%  1422 29355s
 59822 39087 7791.52518  458 4867 8570.00000 7318.70290  14.6%  1422 29388s
 59823 39088 7614.88061  372 4661 8570.00000 7318.73383  14.6%  1422 29390s
 59827 39090 7920.31456  501 4598 8570.00000 7318.77752  14.6%  1422 29423s
 59828 39091 7318.83786  139 4579 8570.00000 7318.83786  14.6%  1422 29426s
 59833 39094 7604.17395  442 4679 8570.00000 7318.85772  14.6%  1422 29462s
 59835 39096 8464.90188  720 4604 8570.00000 7318.94747  14.6%  1422 29466s
 59838 39098 7977.75417  215 4685 8570.00000 7318.95936  14.6%  1422 29497s
 59839 39098 7502.76077  293 4480 8570.00000 7319.40747  14.6%  1422 29502s
 59840 39099 7672.47179  408 4583 8570.00000 7319.55698  14.6%  1422 29506s
 59842 39100 7319.65616  345 4730 8570.00000 7319.65616  14.6%  1422 29510s
 59844 39102 7319.66528   91 4650 8570.00000 7319.66528  14.6%  1422 29542s
 59845 39102 7616.71164  380 4745 8570.00000 7320.05238  14.6%  1422 29546s
 59846 39103 7320.25929  339 4645 8570.00000 7320.25929  14.6%  1422 29550s
 59851 39106 7320.35149  144 4619 8570.00000 7320.35149  14.6%  1421 29555s
 59854 39108 7326.19946  207 4633 8570.00000 7320.35934  14.6%  1421 29587s
 59855 39109 8391.43401  530 4425 8570.00000 7320.58030  14.6%  1421 29591s
 59857 39110 7320.69167  219 4644 8570.00000 7320.69167  14.6%  1421 29595s
 59862 39114 7940.31476  453 4662 8570.00000 7320.72246  14.6%  1421 29630s
 59867 39117 7682.39197  183 4896 8570.00000 7320.83663  14.6%  1421 29665s
 59869 39118 8013.93093  358 4610 8570.00000 7321.22129  14.6%  1421 29672s
 59872 39120 7847.51978  309 4674 8570.00000 7321.29753  14.6%  1421 29675s
 59874 39122 7321.30017  227 4682 8570.00000 7321.30017  14.6%  1421 29707s
 59876 39123 7321.43713  216 4819 8570.00000 7321.43713  14.6%  1421 29711s
 59881 39126 7321.47393   95 4805 8570.00000 7321.47393  14.6%  1421 29748s
 59882 39127 7321.85641  371 4605 8570.00000 7321.85641  14.6%  1421 29753s
 59883 39128 7342.42978  252 4728 8570.00000 7321.93369  14.6%  1421 29756s
 59887 39130 8370.71708  359 4798 8570.00000 7322.00035  14.6%  1421 29760s
 59889 39132 8138.92527  357 4790 8570.00000 7322.00402  14.6%  1421 29791s
 59890 39132 8529.80900  649 4739 8570.00000 7322.21770  14.6%  1421 29795s
 59894 39135 7322.27354  174 4787 8570.00000 7322.27354  14.6%  1420 29828s
 59895 39136 8545.21291  738 4591 8570.00000 7322.40427  14.6%  1420 29832s
 59897 39137 7322.50224  122 4640 8570.00000 7322.50224  14.6%  1420 29835s
 59899 39138 7838.77572  401 4782 8570.00000 7322.51229  14.6%  1420 29868s
 59900 39139 7811.27918  429 4648 8570.00000 7322.97153  14.6%  1420 29873s
 59901 39140 7323.10643  167 4701 8570.00000 7323.10643  14.5%  1420 29876s
 59904 39142 7808.47075  439 4831 8570.00000 7323.19230  14.5%  1420 29880s
 59907 39144 7980.87848  217 4844 8570.00000 7323.20662  14.5%  1420 29914s
 59908 39144 8523.15717  652 4743 8570.00000 7323.40278  14.5%  1420 29916s
 59911 39146 8023.05592  136 4881 8570.00000 7323.48422  14.5%  1420 29920s
 59913 39148 7323.48815   85 4903 8570.00000 7323.48815  14.5%  1420 29953s
 59914 39148 8486.33719  465 4798 8570.00000 7323.53769  14.5%  1420 29955s
 59919 39152 7821.47293  405 4773 8570.00000 7323.55505  14.5%  1420 29991s
 59920 39152 7323.83505  337 4531 8570.00000 7323.83505  14.5%  1420 29996s
 59922 39154 7791.52518  458 4630 8570.00000 7324.04894  14.5%  1420 30001s
 59925 39156 7747.93323  172 4668 8570.00000 7324.06201  14.5%  1420 30034s
 59926 39156 7773.96346  392 4529 8570.00000 7324.15187  14.5%  1420 30036s
 59929 39158 8512.99276  764 4680 8570.00000 7324.22791  14.5%  1420 30040s
 59931 39160 8121.69487  216 4623 8570.00000 7324.23331  14.5%  1420 30073s
 59932 39160 7324.60702   70 4451 8570.00000 7324.60702  14.5%  1420 30077s
 59933 39161 7604.17395  442 4639 8570.00000 7324.85369  14.5%  1419 30081s
 59938 39164 7977.75417  215 4646 8570.00000 7324.93218  14.5%  1419 30085s
 59939 39165 7502.76077  293 4664 8570.00000 7324.93281  14.5%  1419 30117s
 59940 39166 7672.47179  408 4652 8570.00000 7325.18066  14.5%  1419 30121s
 59945 39169 7616.71164  380 4655 8570.00000 7325.25647  14.5%  1419 30156s
 59946 39170 7325.50600  339 4495 8570.00000 7325.50600  14.5%  1419 30160s
 59948 39171 7325.65721   84 4612 8570.00000 7325.65721  14.5%  1419 30165s
 59951 39173 7325.67303  144 4722 8570.00000 7325.67303  14.5%  1419 30197s
 59952 39174 7325.96581   84 4412 8570.00000 7325.96581  14.5%  1419 30201s
 59954 39175 7326.19946  207 4495 8570.00000 7326.08066  14.5%  1419 30205s
 59957 39177 7326.11334  219 4617 8570.00000 7326.11334  14.5%  1419 30240s
 59958 39178 7582.64167  171 4573 8570.00000 7326.41678  14.5%  1419 30245s
 59960 39179 7475.31076  336 4681 8570.00000 7326.57363  14.5%  1419 30250s
 59966 39183 8451.35522  804 4742 8570.00000 7326.61534  14.5%  1419 30283s
 59967 39184 7682.39197  183 4530 8570.00000 7326.87857  14.5%  1419 30287s
 59968 39184 7326.99759  164 4527 8570.00000 7326.99759  14.5%  1419 30290s
 59974 39188 7327.05341  227 4762 8570.00000 7327.05341  14.5%  1419 30324s
 59975 39189 7327.18779   91 4500 8570.00000 7327.18779  14.5%  1419 30327s
 59977 39190 7816.06814  352 4724 8570.00000 7327.24963  14.5%  1418 30330s
 59980 39192 8472.74185  488 4786 8570.00000 7327.26236  14.5%  1418 30364s
 59981 39193 7327.46626   95 4641 8570.00000 7327.46626  14.5%  1418 30368s
 59982 39194 7327.52502  371 4612 8570.00000 7327.52502  14.5%  1418 30370s
 59986 39196 8114.76166  459 4728 8570.00000 7327.62169  14.5%  1418 30405s
 59989 39198 8138.92527  357 4685 8570.00000 7327.74908  14.5%  1418 30410s
 59991 39200 7956.38286  560 4760 8570.00000 7327.75253  14.5%  1418 30441s
 59993 39201 7375.35461  190 4584 8570.00000 7327.96469  14.5%  1418 30446s
 59997 39204 7328.06511  122 4702 8570.00000 7328.06511  14.5%  1418 30480s
 59999 39205 7838.77572  401 4598 8570.00000 7328.35991  14.5%  1418 30486s
 60002 39207 8361.08919  528 4583 8570.00000 7328.38555  14.5%  1418 30520s
 60006 39210 7855.76786  297 4621 8570.00000 7328.53525  14.5%  1418 30525s
 60007 39210 7980.87848  217 4629 8570.00000 7328.53591  14.5%  1418 30555s
 60012 39214 7328.60025  153 4693 8570.00000 7328.60025  14.5%  1418 30590s
 60014 39215 8486.33719  465 4549 8570.00000 7328.98477  14.5%  1418 30595s
 60017 39217 7328.99905  101 4596 8570.00000 7328.99905  14.5%  1418 30627s
 60019 39218 7821.47293  405 4664 8570.00000 7329.03013  14.5%  1417 30659s
 60020 39219 7329.03582  337 4633 8570.00000 7329.03582  14.5%  1417 30660s
 60023 39221 7614.88061  372 4654 8570.00000 7329.04098  14.5%  1417 30691s
 60025 39222 7747.93323  172 4651 8570.00000 7329.04188  14.5%  1417 30721s
 60029 39225 8512.99276  764 4641 8570.00000 7329.05657  14.5%  1417 30752s
 60033 39228 7604.17395  442 4697 8570.00000 7329.08595  14.5%  1417 30787s
 60034 39228 7329.09700  128 4581 8570.00000 7329.09700  14.5%  1417 30790s
 60035 39229 8464.90188  720 4581 8570.00000 7329.09712  14.5%  1417 30932s
 60036 39233 7329.15852   91 4492 8570.00000 7329.10449  14.5%  1431 31006s
 60038 39236 7329.23042   92 4319 8570.00000 7329.15864  14.5%  1431 31071s
 60042 39243 7330.93208   93 4393 8570.00000 7329.23052  14.5%  1432 31144s
 60050 39256 7332.28507   94 4125 8570.00000 7330.93238  14.5%  1434 31211s
 60066 39264 7339.50603   95 4023 8570.00000 7332.28507  14.4%  1438 31378s
 60081 39287 7340.67232   96 4344 8570.00000 7332.28507  14.4%  1442 31493s
 60109 39420 7342.02057   97 4172 8570.00000 7333.12831  14.4%  1448 31605s
 60254 39406 7342.70839  102 4172 8570.00000 7334.35806  14.4%  1456 31644s
 60288 39456 7350.41530  102 4092 8570.00000 7334.35806  14.4%  1458 31684s
 60349 39466 7343.22445  103 3987 8570.00000 7334.35806  14.4%  1459 31714s
 60380 39493 7343.43719  104 4009 8570.00000 7334.35806  14.4%  1460 31744s
 60417 39512 7344.44295  109 4150 8570.00000 7334.35806  14.4%  1460 31774s
 60448 39535 7344.90889  110 4044 8570.00000 7334.35806  14.4%  1460 31805s
 60482 39553 7345.46025  111 3841 8570.00000 7334.35806  14.4%  1461 31836s
 60511 39597 7346.12253  112 4053 8570.00000 7334.35806  14.4%  1461 31870s
 60565 39646 7378.72654  114 3569 8570.00000 7334.35806  14.4%  1462 31904s
 60632 39652 7347.18050  113 4009 8570.00000 7334.35806  14.4%  1463 31936s
 60660 39690 7346.32440  112 3790 8570.00000 7334.35806  14.4%  1463 31966s
 60707 39721 7347.73841  114 4042 8570.00000 7334.35806  14.4%  1464 31998s
 60754 39763 7348.94789  116 4079 8570.00000 7334.35806  14.4%  1465 32030s
 60812 39802 7349.86259  121 3869 8570.00000 7334.35806  14.4%  1465 32062s
 60870 39843 7350.64205  126 3980 8570.00000 7334.35806  14.4%  1465 32093s
 60930 39876 7351.26570  129 3988 8570.00000 7334.35806  14.4%  1465 32130s
 60983 39889 7352.70436  133 3978 8570.00000 7334.35806  14.4%  1466 32159s
 61014 39920 7386.37417  125 3314 8570.00000 7334.35806  14.4%  1467 32192s
 61055 39936 7362.00317  131 3723 8570.00000 7334.35806  14.4%  1468 32224s
 61085 39967 7354.39775  134 3855 8570.00000 7334.35806  14.4%  1468 32267s
 61126 40021 7353.90190  134 3922 8570.00000 7334.35806  14.4%  1469 32307s
 61194 40093 7359.22013  135 3990 8570.00000 7334.35806  14.4%  1471 32347s
 61288 40174 7358.73442  135 4156 8570.00000 7334.35806  14.4%  1472 32395s
 61401 40262 7408.88902  144 3218 8570.00000 7334.35806  14.4%  1474 32442s
 61526 40360 7359.27231  136 4108 8570.00000 7334.35806  14.4%  1474 32497s
 61666 40457 7363.33630  137 3821 8570.00000 7334.35806  14.4%  1476 32551s
 61810 40555 7361.25078  137 4073 8570.00000 7334.35806  14.4%  1478 32814s
 61956 40686 7364.01255  140 3948 8570.00000 7334.35806  14.4%  1479 32877s
 62138 40824 7366.31272  145 3866 8570.00000 7334.35806  14.4%  1480 32953s
 62337 40789 7367.16862  148 4085 8570.00000 7334.35806  14.4%  1483 32997s
 62368 40841 7367.22774  149 3997 8570.00000 7334.35806  14.4%  1483 33036s
 62433 41007 7368.53867  150 3992 8570.00000 7334.35806  14.4%  1484 33105s
 62622 41153 7369.64283  153 3978 8570.00000 7334.35806  14.4%  1485 33174s
 62831 41296 7384.99294  155 3895 8570.00000 7334.35806  14.4%  1488 33250s
 63044 41471 7425.81219  154 3826 8570.00000 7334.35806  14.4%  1491 33332s
 63290 41688 7385.25345  156 3940 8570.00000 7334.35806  14.4%  1494 33412s
 63593 41856 7389.17533  164 3770 8570.00000 7334.35806  14.4%  1496 33497s
 63874 42061 7415.11398  162 3866 8570.00000 7334.35806  14.4%  1498 33585s
 64187 42222 7577.40209  240 2977 8570.00000 7334.35806  14.4%  1500 33674s
 64472 42272 7471.56034  166 3259 8570.00000 7334.35806  14.4%  1503 33764s
 64617 42260 7396.19770  167 3932 8570.00000 7334.35806  14.4%  1504 33814s
 64653 42407 7396.44051  168 3926 8570.00000 7334.35806  14.4%  1505 33885s
 64813 42385 7654.98831  260 3223 8570.00000 7334.35806  14.4%  1507 33954s
 64845 42491 7655.18324  261 3209 8570.00000 7334.35806  14.4%  1507 34028s
 64961 42804 7424.72575  170 3674 8570.00000 7334.35806  14.4%  1507 34130s
 65357 43098 7416.49873  173 3836 8570.00000 7334.35806  14.4%  1507 34237s
 65829 43263 7420.54388  182 3813 8570.00000 7334.35806  14.4%  1508 34393s
 66231 43491 7741.18769  315 2766 8570.00000 7334.35806  14.4%  1511 34541s
 66609 43498 7496.61018  181 3464 8570.00000 7334.35806  14.4%  1516 34641s
 66742 43725 7424.10718  187 3819 8570.00000 7334.35806  14.4%  1519 34743s
 67014 43999 7424.40732  188 3657 8570.00000 7334.35806  14.4%  1522 34868s
 67378 44422 7426.71164  191 3901 8570.00000 7334.35806  14.4%  1525 34995s
 67933 44753 7429.23138  202 3893 8570.00000 7334.35806  14.4%  1526 35139s
 68501 45002 7441.43963  206 3810 8570.00000 7334.35806  14.4%  1529 35275s
 68951 45214 7432.37052  209 3901 8570.00000 7334.35806  14.4%  1532 35405s
 69370 45252 7440.03716  212 3906 8570.00000 7334.35806  14.4%  1536 35513s
 69608 45638 7437.78118  212 3833 8570.00000 7334.45693  14.4%  1535 35758s
 70164 45851 7443.13930  214 3980 8570.00000 7334.45693  14.4%  1539 35937s
 70647 46219 7498.97486  212 3488 8570.00000 7334.45693  14.4%  1545 36123s
 71215 46485 7443.65723  215 3925 8570.00000 7334.45693  14.4%  1552 36305s
 71757 46672 7464.65423  221 3889 8570.00000 7334.45693  14.4%  1558 36507s
 72138 46812 7502.77095  225 3558 8570.00000 7334.45693  14.4%  1569 36729s
 72405 46755 7510.87143  223 3645 8570.00000 7334.45693  14.4%  1577 36972s
 72437 46776 7468.55817  225 3830 8570.00000 7334.45693  14.4%  1578 37179s
 72469 46797 7469.12452  226 4038 8570.00000 7334.45693  14.4%  1580 37433s
 72501 46818 7496.87691  198 3132 8570.00000 7334.45693  14.4%  1581 37697s
 72532 46839 7496.46698  227 3646 8570.00000 7334.45693  14.4%  1583 37887s
 72564 46861 7549.72031  226 3276 8570.00000 7334.45693  14.4%  1584 38174s
H72596 44905                    8566.0000000 7334.45693  14.4%  1585 38452s
 72628 45300 7490.90552  227 3654 8566.00000 7334.45693  14.4%  1586 38646s
 73034 45831 7493.26344  229 3713 8566.00000 7334.45693  14.4%  1593 38878s
 73742 46156 7583.84152  232 3525 8566.00000 7334.45693  14.4%  1603 39182s
H73806 44255                    8565.0000000 7334.45693  14.4%  1606 39182s
 74303 44856 7512.08327  235 3639 8565.00000 7334.45693  14.4%  1610 39437s
 75104 45383 7519.45752  248 3857 8565.00000 7334.45693  14.4%  1621 39660s
 75898 46084 7614.12433  244 3543 8565.00000 7334.45693  14.4%  1627 39921s
 76926 46486 7532.56645  248 3940 8565.00000 7334.45693  14.4%  1634 40199s
 77787 46975 7589.88590  251 3576 8565.00000 7334.45693  14.4%  1643 40482s
 78624 47451 7524.61564  256 3912 8565.00000 7334.45693  14.4%  1653 40749s
 79413 48084 7594.84841  258 3477 8565.00000 7334.45693  14.4%  1663 41062s
 80402 48512 7536.74463  270 3955 8565.00000 7334.45693  14.4%  1674 41363s
 81178 49095 7546.50449  275 3798 8565.00000 7334.45693  14.4%  1686 41674s
 82055 49875 7546.80050  276 3774 8565.00000 7334.45693  14.4%  1695 42027s
 83194 50156 7561.85618  278 3394 8565.00000 7334.45693  14.4%  1705 42339s
 83855 51182 7611.77365  279 3140 8565.00000 7334.45693  14.4%  1716 42692s
 85138 51620 7578.76175  284 3720 8565.00000 7334.45693  14.4%  1725 43017s
 86043 52581 7579.33291  285 3664 8565.00000 7334.45693  14.4%  1732 43433s
 87375 52356 7614.36725  295 3203 8565.00000 7334.45693  14.4%  1742 43736s
 87631 56470 7594.08181  296 3654 8565.00000 7334.45693  14.4%  1744 45697s
 91902 57404 7645.22257  349 3209 8565.00000 7334.45693  14.4%  1811 46327s
 94382 57641 7695.53829  356 3056 8565.00000 7334.45693  14.4%  1821 46814s
 95618 58587 7696.82911  360 3248 8565.00000 7334.45693  14.4%  1832 47379s
 97044 59796 7742.16810  375 3162 8565.00000 7334.45693  14.4%  1856 47917s
 98804 61291 7768.55668  378 3171 8565.00000 7334.45693  14.4%  1870 48531s
 101050 61106 7780.38998  386 3306 8565.00000 7334.45693  14.4%  1881 48970s
 101667 61912 7787.53068  392 3288 8565.00000 7334.45693  14.4%  1891 49629s
 102733 63976 7841.46579  407 3266 8565.00000 7334.45693  14.4%  1905 50286s
 105311 65385 7857.88361  423 3271 8565.00000 7334.45693  14.4%  1911 51015s
 107685 65405 7870.35210  437 3096 8565.00000 7334.45693  14.4%  1923 51498s
 108550 67352 7884.60218  448 3030 8565.00000 7334.45693  14.4%  1926 52301s
 110877 68778 7909.60846  459 3062 8565.00000 7334.45693  14.4%  1936 53004s
 113258 70694 7955.30826  484 3097 8565.00000 7334.45693  14.4%  1945 53787s
 116135 70694 8013.27660  510 3143 8565.00000 7334.45693  14.4%  1953 54372s
 117182 72895 8027.28064  516 3115 8565.00000 7334.45693  14.4%  1957 55342s
 119784 74131 8100.57043  550 2936 8565.00000 7334.45693  14.4%  1979 56206s
 122051 76126 8134.17592  564 2827 8565.00000 7334.45693  14.4%  1996 57195s
 124907 76842 8427.69929  616 2854 8565.00000 7334.45693  14.4%  2016 57966s
H126188 74619                    8564.0000000 7334.45693  14.4%  2024 57966s
 126621 77641 8228.29792  632 3038 8564.00000 7334.45693  14.4%  2022 59038s
 129853 79123 8291.08328  673 2707 8564.00000 7334.45693  14.4%  2035 60081s
 132526 80770 8446.28335  733 2573 8564.00000 7334.45693  14.4%  2056 61396s
 135326 82658 7442.38938  111 3543 8564.00000 7334.45693  14.4%  2078 62548s
 138211 84260 7628.31573  242 3174 8564.00000 7334.45693  14.4%  2100 63709s
 140853 87123 7747.37305  375 2808 8564.00000 7334.45693  14.4%  2115 64991s
 144844 89652 8347.80924  649 2791 8564.00000 7334.45693  14.4%  2130 66278s
 148965 88311 7720.43656  197 2762 8564.00000 7334.45693  14.4%  2146 67191s
H148979 86448                    8559.0000000 7334.45693  14.3%  2146 67191s
/var/spool/slurm/d/job5322913/slurm_script: line 99: 1858278 Killed                  "$ENV_PY" -m src.experiments.run_single_instance --project-root "$PROJECT_ROOT" --output-root "$OUTPUT_ROOT" --instance "$INSTANCE" --event-type "$EVENT_TYPE" --gurobi-output "$GUROBI_OUTPUT" "${EXTRA_ARGS[@]}"
[Wed Dec 17 12:09:14 PST 2025] Finished run_single_instance for c201_Random2
[2025-12-17T12:09:14.413] error: Detected 1 oom_kill event in StepId=5322913.batch. Some of the step tasks have been OOM Killed.
